x/c,y/c,z/c,p_kinematic_m2_s2,p_physical_Pa,Cp,surface_area_m2
8.231375735097876e-06,-0.033333333830038704,0.0002936695042687158,97081.8359375,118925.24902343751,101.09832182948247,8.813545385968984e-05
8.231375735097876e-06,0.033333333830038704,-0.0002936695042687158,97380.4921875,119291.1029296875,101.40933413561896,8.813545385968984e-05
1.646275147019575e-05,-0.033333333830038704,-0.0005873390085374316,97380.4921875,119291.1029296875,101.40933413561896,8.813545385968984e-05
1.646275147019575e-05,0.033333333830038704,0.0005873390085374316,97081.8359375,118925.24902343751,101.09832182948247,8.813545385968984e-05
4.9819153597733625e-05,-0.033333333830038704,0.0011784559270987909,96784.1171875,118560.54355468751,100.78828580975218,8.955200192544868e-05
4.9819153597733625e-05,0.033333333830038704,-0.0011784559270987909,97689.21875,119669.29296875001,101.7308333849021,8.955200192544868e-05
7.494417999017362e-05,-0.033333333830038704,-0.0014759033413914342,97689.21875,119669.29296875001,101.7308333849021,8.955200192544868e-05
7.494417999017362e-05,0.033333333830038704,0.0014759033413914342,96784.1171875,118560.54355468751,100.78828580975218,8.955200192544868e-05
0.00014283973238586137,-0.033333333830038704,0.0020736296816418567,96498.171875,118210.26054687501,100.49051032013982,9.099290005797257e-05
0.00014283973238586137,0.033333333830038704,-0.0020736296816418567,98013.59375,120066.65234375001,102.0686284814488,9.099290005797257e-05
0.00018561025838910913,-0.033333333830038704,-0.002373908607599636,98013.59375,120066.65234375001,102.0686284814488,9.099290005797257e-05
0.00018561025838910913,0.033333333830038704,0.002373908607599636,96498.171875,118210.26054687501,100.49051032013982,9.099290005797257e-05
0.00028930153348483145,-0.033333333830038704,0.002976303920149803,96223.03125,117873.21328125,100.20398653135895,9.245922690222986e-05
0.00028930153348483145,0.033333333830038704,-0.002976303920149803,98337.203125,120463.07382812501,102.40562627743043,9.245922690222986e-05
0.00035022228257730603,-0.033333333830038704,-0.0032784203067421913,98337.203125,120463.07382812501,102.40562627743043,9.245922690222986e-05
0.00035022228257730603,0.033333333830038704,0.0032784203067421913,96223.03125,117873.21328125,100.20398653135895,9.245922690222986e-05
0.0004905131451475123,-0.033333333830038704,0.0038834870792925358,95979.09375,117574.38984375,99.94995680846458,9.395248733783485e-05
0.0004905131451475123,0.033333333830038704,-0.0038834870792925358,98653.828125,120850.93945312501,102.73535073968583,9.395248733783485e-05
0.0005698832586252441,-0.033333333830038704,-0.004186437465250492,98653.828125,120850.93945312501,102.73535073968583,9.395248733783485e-05
0.0005698832586252441,0.033333333830038704,0.004186437465250492,95979.09375,117574.38984375,99.94995680846458,9.395248733783485e-05
0.0007470539615799984,-0.033333333830038704,0.004792190156877041,95772.3984375,117321.18808593751,99.73471006305668,9.546139281096362e-05
0.0007470539615799984,0.033333333830038704,-0.004792190156877041,98958.625,121224.315625,103.05275772178297,9.546139281096362e-05
0.0008448545510570208,-0.033333333830038704,-0.005094992462545633,98958.625,121224.315625,103.05275772178297,9.546139281096362e-05
0.0008448545510570208,0.033333333830038704,0.005094992462545633,95772.3984375,117321.18808593751,99.73471006305668,9.546139281096362e-05
0.0010588427539914846,-0.033333333830038704,0.00569950882345438,95595.4140625,117104.3822265625,99.5504034610054,9.699373288470411e-05
0.0010588427539914846,0.033333333830038704,-0.00569950882345438,99246.765625,121577.28789062501,103.35281934872987,9.699373288470411e-05
0.001175030367448926,-0.033333333830038704,-0.006001222878694534,99246.765625,121577.28789062501,103.35281934872987,9.699373288470411e-05
0.001175030367448926,0.033333333830038704,0.006001222878694534,95595.4140625,117104.3822265625,99.5504034610054,9.699373288470411e-05
0.0014254531512657802,-0.033333333830038704,0.006602887995541096,95453.1015625,116930.04941406251,99.4022031845436,9.8585369697901e-05
0.0014254531512657802,0.033333333830038704,-0.006602887995541096,99514.3359375,121905.06152343751,103.63145962478063,9.8585369697901e-05
0.0015596883216251929,-0.033333333830038704,-0.006902839057147503,99514.3359375,121905.06152343751,103.63145962478063,9.8585369697901e-05
0.0015596883216251929,0.033333333830038704,0.006902839057147503,95453.1015625,116930.04941406251,99.4022031845436,9.8585369697901e-05
0.0018456520823140938,-0.033333333830038704,0.007500135650237401,95343.234375,116795.462109375,99.2877905534565,0.00010014606341931807
0.0018456520823140938,0.033333333830038704,-0.007500135650237401,99758.9609375,122204.72714843751,103.88620529103954,0.00010014606341931807
0.001997380672643582,-0.033333333830038704,-0.007797481181720893,99758.9609375,122204.72714843751,103.88620529103954,0.00010014606341931807
0.001997380672643582,0.033333333830038704,0.007797481181720893,95343.234375,116795.462109375,99.2877905534565,0.00010014606341931807
0.0023179006141920886,-0.033333333830038704,0.008388985258837542,95265.859375,116700.67773437501,99.20721438206444,0.00010174369576484392
0.0023179006141920886,0.033333333830038704,-0.008388985258837542,99979.4765625,122474.8587890625,104.1158441252189,0.00010174369576484392
0.0024866919654111066,-0.033333333830038704,-0.008683143804470697,99979.4765625,122474.8587890625,104.1158441252189,0.00010174369576484392
0.0024866919654111066,0.033333333830038704,0.008683143804470697,95265.859375,116700.67773437501,99.20721438206444,0.00010174369576484392
0.002840693031127254,-0.033333333830038704,0.009268050702909628,95219.796875,116644.251171875,99.1592461766396,0.0001034183358454892
0.002840693031127254,0.033333333830038704,-0.009268050702909628,100175.25,122714.68125000001,104.31971713399452,0.0001034183358454892
0.0030259027456243834,-0.033333333830038704,-0.009558799055715403,100175.25,122714.68125000001,104.31971713399452,0.0001034183358454892
0.0030259027456243834,0.033333333830038704,0.009558799055715403,95219.796875,116644.251171875,99.1592461766396,0.0001034183358454892
0.003412029085059961,-0.033333333830038704,0.010136269653836886,95200.5703125,116620.6986328125,99.13922416959235,0.00010503305470648787
0.003412029085059961,0.033333333830038704,-0.010136269653836886,100347.53125,122925.72578125,104.49912603257467,0.00010503305470648787
0.003612945709998409,-0.033333333830038704,-0.010422991899152597,100347.53125,122925.72578125,104.49912603257467,0.00010503305470648787
0.003612945709998409,0.033333333830038704,0.010422991899152597,95200.5703125,116620.6986328125,99.13922416959235,0.00010503305470648787
0.004029898749043544,-0.033333333830038704,0.010992424562573433,95207.3125,116628.95781250001,99.14624529599698,0.00010674138131405246
0.004029898749043544,0.033333333830038704,-0.010992424562573433,100497.421875,123109.34179687501,104.65521795748664,0.00010674138131405246
0.004245935163150231,-0.033333333830038704,-0.011275134980678558,100497.421875,123109.34179687501,104.65521795748664,0.00010674138131405246
0.004245935163150231,0.033333333830038704,0.011275134980678558,95207.3125,116628.95781250001,99.14624529599698,0.00010674138131405246
0.004692575273414453,-0.033333333830038704,0.011836310538152853,95235.9765625,116664.07128906251,99.17609525286667,0.00010846603716328668
0.004692575273414453,0.033333333830038704,-0.011836310538152853,100627.1875,123268.30468750001,104.79035226754542,0.00010846603716328668
0.004923178969571988,-0.033333333830038704,-0.012114775677522024,100627.1875,123268.30468750001,104.79035226754542,0.00010846603716328668
0.004923178969571988,0.033333333830038704,0.012114775677522024,95235.9765625,116664.07128906251,99.17609525286667,0.00010846603716328668
0.005398189959426721,-0.033333333830038704,0.012667382135987282,95280.3515625,116718.43066406251,99.22230614276035,0.00011018146525677865
0.005398189959426721,0.033333333830038704,-0.012667382135987282,100738.1875,123404.2796875,104.90594457804,0.00011018146525677865
0.0056425972531239195,-0.033333333830038704,-0.01294152345508337,100738.1875,123404.2796875,104.90594457804,0.00011018146525677865
0.0056425972531239195,0.033333333830038704,0.01294152345508337,95280.3515625,116718.43066406251,99.22230614276035,0.00011018146525677865
0.0061447892027596636,-0.033333333830038704,0.013485553053518137,95335.984375,116786.58085937501,99.28024060524852,0.00011196577811174759
0.0061447892027596636,0.033333333830038704,-0.013485553053518137,100832.1875,123519.42968750001,105.0038335617021,0.00011196577811174759
0.006402573858698209,-0.033333333830038704,-0.013755441332856813,100832.1875,123519.42968750001,105.0038335617021,0.00011196577811174759
0.006402573858698209,0.033333333830038704,0.013755441332856813,95335.984375,116786.58085937501,99.28024060524852,0.00011196577811174759
0.006931034382432699,-0.033333333830038704,0.01429095615943273,95400.6328125,116865.77519531251,99.34756368867636,0.00011377196625771564
0.006931034382432699,0.033333333830038704,-0.01429095615943273,100911.109375,123616.10898437501,105.0860206056644,0.00011377196625771564
0.007201710250228643,-0.033333333830038704,-0.014556582706669966,100911.109375,123616.10898437501,105.0860206056644,0.00011377196625771564
0.007201710250228643,0.033333333830038704,0.014556582706669966,95400.6328125,116865.77519531251,99.34756368867636,0.00011377196625771564
0.007755392541488011,-0.033333333830038704,0.015083641124268373,95475.8828125,116957.9564453125,99.42592694421435,0.00011558344893943053
0.007755392541488011,0.033333333830038704,-0.015083641124268373,100976.671875,123696.423046875,105.15429556833828,0.00011558344893943053
0.008038398964951435,-0.033333333830038704,-0.015345072994629541,100976.671875,123696.423046875,105.15429556833828,0.00011558344893943053
0.008038398964951435,0.033333333830038704,0.015345072994629541,95475.8828125,116957.9564453125,99.42592694421435,0.00011558344893943053
0.008616385670999685,-0.033333333830038704,0.01586387741068999,95556.15625,117056.29140625,99.5095214677456,0.00011744300705652443
0.008616385670999685,0.033333333830038704,-0.01586387741068999,101030.5234375,123762.39121093751,105.21037508665468,0.00011744300705652443
0.008911365953584513,-0.033333333830038704,-0.016121249956389267,101030.5234375,123762.39121093751,105.21037508665468,0.00011744300705652443
0.008911365953584513,0.033333333830038704,0.016121249956389267,95556.15625,117056.29140625,99.5095214677456,0.00011744300705652443
0.009512955943743387,-0.033333333830038704,0.01663205213844776,95636.1953125,117154.3392578125,99.5928719196753,0.00011933670360440248
0.009512955943743387,0.033333333830038704,-0.01663205213844776,101074.28125,123815.99453125,105.25594325466426,0.00011933670360440248
0.009819565651317438,-0.033333333830038704,-0.016885481774806976,101074.28125,123815.99453125,105.25594325466426,0.00011933670360440248
0.009819565651317438,0.033333333830038704,0.016885481774806976,95636.1953125,117154.3392578125,99.5928719196753,0.00011933670360440248
0.01044405127565066,-0.033333333830038704,0.017388533800840378,95717.3671875,117253.7748046875,99.67740205101249,0.00012125213263092889
0.01044405127565066,0.033333333830038704,-0.017388533800840378,101109.2578125,123858.84082031251,105.29236687333574,0.00012125213263092889
0.010761927192409834,-0.033333333830038704,-0.017638156190514565,101109.2578125,123858.84082031251,105.29236687333574,0.00012125213263092889
0.010761927192409834,0.033333333830038704,0.017638156190514565,95717.3671875,117253.7748046875,99.67740205101249,0.00012125213263092889
0.011408679808179537,-0.033333333830038704,0.01813369741042455,95800.59375,117355.72734375001,99.76407187672328,0.00012319592660397315
0.011408679808179537,0.033333333830038704,-0.01813369741042455,101136.5703125,123892.29863281251,105.3208093506365,0.00012319592660397315
0.01173755650719007,-0.033333333830038704,-0.01837961624066035,101136.5703125,123892.29863281251,105.3208093506365,0.00012319592660397315
0.01173755650719007,0.033333333830038704,0.01837961624066035,95800.59375,117355.72734375001,99.76407187672328,0.00012319592660397315
0.01240607164800167,-0.033333333830038704,0.01886790059506893,95885.40625,117459.62265625001,99.85239325360456,0.00012517419513643658
0.01240607164800167,0.033333333830038704,-0.01886790059506893,101157.1875,123917.55468750001,105.34227951585294,0.00012517419513643658
0.012745710089802742,-0.033333333830038704,-0.019110266119241714,101157.1875,123917.55468750001,105.34227951585294,0.00012517419513643658
0.012745710089802742,0.033333333830038704,0.019110266119241714,95885.40625,117459.62265625001,99.85239325360456,0.00012517419513643658
0.013435569281379381,-0.033333333830038704,0.019591578592856724,95971.09375,117564.58984375001,99.94162583113163,0.00012719088065591566
0.013435569281379381,0.033333333830038704,-0.019591578592856724,101172.078125,123935.79570312501,105.35778619827148,0.00012719088065591566
0.013785790031154951,-0.033333333830038704,-0.019830525542298954,101172.078125,123935.79570312501,105.35778619827148,0.00012719088065591566
0.013785790031154951,0.033333333830038704,0.019830525542298954,95971.09375,117564.58984375001,99.94162583113163,0.00012719088065591566
0.014496592183907827,-0.033333333830038704,0.020305170988043148,96057.203125,117670.07382812501,100.03129773754151,0.00012923446188085126
0.014496592183907827,0.033333333830038704,-0.020305170988043148,101182.3671875,123948.3998046875,105.36850094157957,0.00012923446188085126
0.014857173586885134,-0.033333333830038704,-0.02054086948434512,101182.3671875,123948.3998046875,105.36850094157957,0.00012923446188085126
0.014857173586885134,0.033333333830038704,0.02054086948434512,96057.203125,117670.07382812501,100.03129773754151,0.00012923446188085126
0.015588553001483282,-0.033333333830038704,0.021009135991334915,96142.828125,117774.96445312501,100.12046522930817,0.0001313092325977447
0.015588553001483282,0.033333333830038704,-0.021009135991334915,101188.65625,123956.10390625,105.3750501962212,0.0001313092325977447
0.015959351013104122,-0.033333333830038704,-0.021241704002022743,101188.65625,123956.10390625,105.3750501962212,0.0001313092325977447
0.015959351013104122,0.033333333830038704,0.021241704002022743,96142.828125,117774.96445312501,100.12046522930817,0.0001313092325977447
0.016711062441269558,-0.033333333830038704,0.02170380453268687,96226.84375,117877.88359375001,100.20795676274417,0.00013341746252728341
0.016711062441269558,0.033333333830038704,-0.02170380453268687,101191.609375,123959.72148437501,105.37812549840073,0.00013341746252728341
0.017091975857814152,-0.033333333830038704,-0.021933337052663166,101191.609375,123959.72148437501,105.37812549840073,0.00013341746252728341
0.017091975857814152,0.033333333830038704,0.021933337052663166,96226.84375,117877.88359375001,100.20795676274417,0.00013341746252728341
0.017863797023892403,-0.033333333830038704,0.022389546036720276,96308.8359375,117978.32402343751,100.29334114468679,0.00013556252604946241
0.017863797023892403,0.033333333830038704,-0.022389546036720276,101191.4921875,123959.57792968751,105.37800346259996,0.00013556252604946241
0.018254704773426056,-0.033333333830038704,-0.022616222500801086,101191.4921875,123959.57792968751,105.37800346259996,0.00013556252604946241
0.018254704773426056,0.033333333830038704,0.022616222500801086,96308.8359375,117978.32402343751,100.29334114468679,0.00013556252604946241
0.019046455000837643,-0.033333333830038704,0.02306679884592692,96387.2734375,118074.40996093751,100.3750237740059,0.00013774079627228166
0.019046455000837643,0.033333333830038704,-0.02306679884592692,101188.7578125,123956.22832031251,105.37515596058186,0.00013774079627228166
0.01944729747871558,-0.033333333830038704,-0.023290698726971943,101188.7578125,123956.22832031251,105.37515596058186,0.00013774079627228166
0.01944729747871558,0.033333333830038704,0.023290698726971943,96387.2734375,118074.40996093751,100.3750237740059,0.00013774079627228166
0.02025885507464409,-0.033333333830038704,0.023735847945014637,96462.21875,118166.21796875,100.45306973646187,0.0001399551233156528
0.02025885507464409,0.033333333830038704,-0.023735847945014637,101183.8828125,123950.25644531251,105.3700792712696,0.0001399551233156528
0.020669570192694664,-0.033333333830038704,-0.023957097282012303,101183.8828125,123950.25644531251,105.3700792712696,0.0001399551233156528
0.020669570192694664,0.033333333830038704,0.023957097282012303,96462.21875,118166.21796875,100.45306973646187,0.0001399551233156528
0.021500830228130024,-0.033333333830038704,0.024397052824497223,96533.4765625,118253.50878906251,100.52727563905346,0.00014220456908896865
0.021500830228130024,0.033333333830038704,-0.024397052824497223,101177.1796875,123942.0451171875,105.36309882346524,0.00014220456908896865
0.021921375145514805,-0.033333333830038704,-0.024615759029984474,101177.1796875,123942.0451171875,105.36309882346524,0.00014220456908896865
0.021921375145514805,0.033333333830038704,0.024615759029984474,96533.4765625,118253.50878906251,100.52727563905346,0.00014220456908896865
0.02277228112022082,-0.033333333830038704,0.025050700331727665,96598.96875,118333.73671875,100.59547738024688,0.00014448925118575073
0.02277228112022082,0.033333333830038704,-0.025050700331727665,101168.9296875,123931.9388671875,105.35450750309064,0.00014448925118575073
0.02320264217754205,-0.033333333830038704,-0.0252669354279836,101168.9296875,123931.9388671875,105.35450750309064,0.00014448925118575073
0.02320264217754205,0.033333333830038704,0.0252669354279836,96598.96875,118333.73671875,100.59547738024688,0.00014448925118575073
0.02407314380009969,-0.033333333830038704,0.02569708041846752,96656.3671875,118404.04980468751,100.65525051546675,0.00014681043915100602
0.02407314380009969,0.033333333830038704,-0.02569708041846752,101159.296875,123920.13867187501,105.3444761602669,0.00014681043915100602
0.0245132843653361,-0.033333333830038704,-0.025910990312695503,101159.296875,123920.13867187501,105.3444761602669,0.00014681043915100602
0.0245132843653361,0.033333333830038704,0.025910990312695503,96656.3671875,118404.04980468751,100.65525051546675,0.00014681043915100602
0.025403383498390514,-0.033333333830038704,0.026336508492628734,96703.09375,118461.28984375001,100.70391025709597,0.00014916993934109684
0.025403383498390514,0.033333333830038704,-0.026336508492628734,101148.5234375,123906.94121093751,105.33325700231559,0.00014916993934109684
0.025853342066208523,-0.033333333830038704,-0.02654811677833398,101148.5234375,123906.94121093751,105.33325700231559,0.00014916993934109684
0.025853342066208523,0.033333333830038704,0.02654811677833398,96703.09375,118461.28984375001,100.70391025709597,0.00014916993934109684
0.026763053610920906,-0.033333333830038704,0.026969192549586296,96737.59375,118503.55234375001,100.7398375968443,0.00015156664916283897
0.026763053610920906,0.033333333830038704,-0.026969192549586296,101136.828125,123892.614453125,105.32107782939819,0.00015156664916283897
0.027222806587815285,-0.033333333830038704,-0.027178660035133362,101136.828125,123892.614453125,105.32107782939819,0.00015156664916283897
0.027222806587815285,0.033333333830038704,0.027178660035133362,96737.59375,118503.55234375001,100.7398375968443,0.00015156664916283897
0.02815215972562631,-0.033333333830038704,0.027595485250155132,96761.390625,118532.703515625,100.76461900012178,0.00015400304940599668
0.02815215972562631,0.033333333830038704,-0.027595485250155132,101124.28125,123877.24453125,105.30801186299516,0.00015400304940599668
0.028621759886542957,-0.033333333830038704,-0.027802842979629833,101124.28125,123877.24453125,105.30801186299516,0.00015400304940599668
0.028621759886542957,0.033333333830038704,0.027802842979629833,96761.390625,118532.703515625,100.76461900012178,0.00015400304940599668
0.029570849612355232,-0.033333333830038704,0.028215495869517326,96775.171875,118549.58554687501,100.77897041029298,0.00015647706491897192
0.029570849612355232,0.033333333830038704,-0.028215495869517326,101111.09375,123861.08984375001,105.29427876754788,0.00015647706491897192
0.030050339177250862,-0.033333333830038704,-0.028420791029930115,101111.09375,123861.08984375001,105.29427876754788,0.00015647706491897192
0.030050339177250862,0.033333333830038704,0.028420791029930115,96775.171875,118549.58554687501,100.77897041029298,0.00015647706491897192
0.03101923813422521,-0.033333333830038704,0.02882943240304788,96782.1796875,118558.1701171875,100.78626815117936,0.00015899186120120717
0.03101923813422521,0.033333333830038704,-0.02882943240304788,101097.4375,123844.36093750001,105.28005752889752,0.00015899186120120717
0.031508647526303925,-0.033333333830038704,-0.029032778615752857,101097.4375,123844.36093750001,105.28005752889752,0.00015899186120120717
0.031508647526303925,0.033333333830038704,0.029032778615752857,96782.1796875,118558.1701171875,100.78626815117936,0.00015899186120120717
0.032497454434633255,-0.033333333830038704,0.029437558104594547,96787.3984375,118564.56308593751,100.7917028121739,0.00016154749374499525
0.032497454434633255,0.033333333830038704,-0.029437558104594547,101083.390625,123827.153515625,105.26542950424455,0.00016154749374499525
0.032996851950883865,-0.033333333830038704,-0.029638991380731266,101083.390625,123827.153515625,105.26542950424455,0.00016154749374499525
0.032996851950883865,0.033333333830038704,0.029638991380731266,96787.3984375,118564.56308593751,100.7917028121739,0.00016154749374499525
0.034005689124266304,-0.033333333830038704,0.030040015776952107,96795.640625,118574.65976562501,100.80028599682845,0.00016414287969849183
0.034005689124266304,0.033333333830038704,-0.030040015776952107,101069.0078125,123809.5345703125,105.25045164362936,0.00016414287969849183
0.03451512878139814,-0.033333333830038704,-0.030239606897036236,101069.0078125,123809.5345703125,105.25045164362936,0.00016414287969849183
0.03451512878139814,0.033333333830038704,0.030239606897036236,96795.640625,118574.65976562501,100.80028599682845,0.00016414287969849183
0.03554413467645645,-0.033333333830038704,0.030636977404356003,96808.0703125,118589.8861328125,100.8132299274307,0.0001667810522023818
0.03554413467645645,0.033333333830038704,-0.030636977404356003,101054.2734375,123791.48496093751,105.23510767561186,0.0001667810522023818
0.036063700914382935,-0.033333333830038704,-0.030834756791591644,101054.2734375,123791.48496093751,105.23510767561186,0.0001667810522023818
0.036063700914382935,0.033333333830038704,0.030834756791591644,96808.0703125,118589.8861328125,100.8132299274307,0.0001667810522023818
0.03711302081743876,-0.033333333830038704,0.031228598207235336,96823.546875,118608.844921875,100.82934678885313,0.00016946130732107542
0.03711302081743876,0.033333333830038704,-0.031228598207235336,101039.390625,123773.25351562501,105.21960912891336,0.00016946130732107542
0.03764277448256811,-0.033333333830038704,-0.03142466023564339,101039.390625,123773.25351562501,105.21960912891336,0.00016946130732107542
0.03764277448256811,0.033333333830038704,0.03142466023564339,96823.546875,118608.844921875,100.82934678885313,0.00016946130732107542
0.03871257851521174,-0.033333333830038704,0.03181504209836324,96841.140625,118630.39726562501,100.84766843040956,0.0001721839558579568
0.03871257851521174,0.033333333830038704,-0.03181504209836324,101024.4375,123754.9359375,105.2040373607344,0.0001721839558579568
0.039252628882726036,-0.033333333830038704,-0.03200936193267504,101024.4375,123754.9359375,105.2040373607344,0.0001721839558579568
0.039252628882726036,0.033333333830038704,0.03200936193267504,96841.140625,118630.39726562501,100.84766843040956,0.0001721839558579568
0.04034309461712837,-0.033333333830038704,0.03239637737472852,96861.421875,118655.24179687501,100.86878875966379,0.00017495136899618166
0.04034309461712837,0.033333333830038704,-0.03239637737472852,101009.3671875,123736.4748046875,105.18834355675466,0.00017495136899618166
0.04089350998401642,-0.033333333830038704,-0.03258907298247019,101009.3671875,123736.4748046875,105.18834355675466,0.00017495136899618166
0.04089350998401642,0.033333333830038704,0.03258907298247019,96861.421875,118655.24179687501,100.86878875966379,0.00017495136899618166
0.042004819959402084,-0.033333333830038704,0.03297282879551252,96884.9140625,118684.0197265625,100.89325286985925,0.00017776279051576543
0.042004819959402084,0.033333333830038704,-0.03297282879551252,100994.1875,123717.87968750001,105.17253585269421,0.00017776279051576543
0.042565714567899704,-0.033333333830038704,-0.033163889000813164,100994.1875,123717.87968750001,105.17253585269421,0.00017776279051576543
0.042565714567899704,0.033333333830038704,0.033163889000813164,96884.9140625,118684.0197265625,100.89325286985925,0.00017776279051576543
0.04369808485110601,-0.033333333830038704,0.033544411261876426,96929.03125,118738.06328125001,100.93919528099121,0.00018061901764328852
0.04369808485110601,0.033333333830038704,-0.033544411261876426,100979.0078125,123699.2845703125,105.15672814863375,0.00018061901764328852
0.04426956052581469,-0.033333333830038704,-0.03373387331763903,100979.0078125,123699.2845703125,105.15672814863375,0.00018061901764328852
0.04426956052581469,0.033333333830038704,0.03373387331763903,96929.03125,118738.06328125001,100.93919528099121,0.00018061901764328852
0.04542320470015208,-0.033333333830038704,0.03411123032371203,97022.5,118852.56250000001,101.03653103568979,0.0001835217199457216
0.04542320470015208,0.033333333830038704,-0.03411123032371203,100963.828125,123680.68945312501,105.1409204445733,0.0001835217199457216
0.046005373199780784,-0.033333333830038704,-0.03429912527402242,100963.828125,123680.68945312501,105.1409204445733,0.0001835217199457216
0.046005373199780784,0.033333333830038704,0.03429912527402242,97022.5,118852.56250000001,101.03653103568979,0.0001835217199457216
0.047180513540903725,-0.033333333830038704,0.0346733902891477,97147.7265625,119005.9650390625,101.16693849239853,0.00018647103679672573
0.047180513540903725,0.033333333830038704,-0.0346733902891477,100948.671875,123662.12304687501,105.12513714767299,0.00018647103679672573
0.04777348538239797,-0.033333333830038704,-0.03485976035396258,100948.671875,123662.12304687501,105.12513714767299,0.00018647103679672573
0.04777348538239797,0.033333333830038704,0.03485976035396258,97147.7265625,119005.9650390625,101.16693849239853,0.00018647103679672573
0.04897036155064901,-0.033333333830038704,0.035230970631043114,97264.28125,119148.74453125,101.28831529984988,0.0001894676005679649
0.04897036155064901,0.033333333830038704,-0.035230970631043114,100933.4765625,123643.50878906251,105.10931317217242,0.0001894676005679649
0.0495742658774058,-0.033333333830038704,-0.03541581084330877,100933.4765625,123643.50878906251,105.10931317217242,0.0001894676005679649
0.0495742658774058,0.033333333830038704,0.03541581084330877,97264.28125,119148.74453125,101.28831529984988,0.0001894676005679649
0.050793113807837166,-0.033333333830038704,0.0357840396463871,97359.0546875,119264.8419921875,101.38700971979709,0.00019251190116236055
0.050793113807837166,0.033333333830038704,-0.0357840396463871,100918.5078125,123625.1720703125,105.09372513255336,0.00019251190116236055
0.05140805741151174,-0.033333333830038704,-0.03596742823719978,100918.5078125,123625.1720703125,105.09372513255336,0.00019251190116236055
0.05140805741151174,0.033333333830038704,0.03596742823719978,97359.0546875,119264.8419921875,101.38700971979709,0.00019251190116236055
0.05264914035797119,-0.033333333830038704,0.03633269667625427,97431.8359375,119353.99902343751,101.46280208779875,0.00019560615828866096
0.05264914035797119,0.033333333830038704,-0.03633269667625427,100903.6875,123607.01718750001,105.07829167161528,0.00019560615828866096
0.05327527970075607,-0.033333333830038704,-0.03651457652449608,100903.6875,123607.01718750001,105.07829167161528,0.00019560615828866096
0.05327527970075607,0.033333333830038704,0.03651457652449608,97431.8359375,119353.99902343751,101.46280208779875,0.00019560615828866096
0.0545388696094354,-0.033333333830038704,0.03687689950068792,97489.515625,119424.656640625,101.52286810894047,0.0001987492549715546
0.0545388696094354,0.033333333830038704,-0.03687689950068792,100888.9375,123588.9484375,105.06293143215767,0.0001987492549715546
0.05517632017532984,-0.033333333830038704,-0.03705734262863795,100888.9375,123588.9484375,105.06293143215767,0.0001987492549715546
0.05517632017532984,0.033333333830038704,0.03705734262863795,97489.515625,119424.656640625,101.52286810894047,0.0001987492549715546
0.05646268154184023,-0.033333333830038704,0.03741677229603132,97538.5859375,119484.7677734375,101.57396856658522,0.00020194288295599804
0.05646268154184023,0.033333333830038704,-0.03741677229603132,100874.2265625,123570.92753906251,105.0476118713003,0.00020194288295599804
0.057111592342456184,-0.033333333830038704,-0.03759575883547465,100874.2265625,123570.92753906251,105.0476118713003,0.00020194288295599804
0.057111592342456184,0.033333333830038704,0.03759575883547465,97538.5859375,119484.7677734375,101.57396856658522,0.00020194288295599804
0.05842101449767748,-0.033333333830038704,0.03795230761170387,97581.9921875,119537.94042968751,101.61917062719247,0.0002051885109583333
0.05842101449767748,0.033333333830038704,-0.03795230761170387,100859.546875,123552.94492187501,105.03232485332316,0.0002051885109583333
0.059081525852282844,-0.033333333830038704,-0.03812986984848976,100859.546875,123552.94492187501,105.03232485332316,0.0002051885109583333
0.059081525852282844,0.033333333830038704,0.03812986984848976,97581.9921875,119537.94042968751,101.61917062719247,0.0002051885109583333
0.060414303094148636,-0.033333333830038704,0.03848355015118917,97621.171875,119585.93554687501,101.65997126325176,0.0002084857572203993
0.060414303094148636,0.033333333830038704,-0.03848355015118917,100845.140625,123535.297265625,105.01732258554782,0.0002084857572203993
0.06108656898140907,-0.033333333830038704,-0.038659668217102684,100845.140625,123535.297265625,105.01732258554782,0.0002084857572203993
0.06108656898140907,0.033333333830038704,0.038659668217102684,97621.171875,119585.93554687501,101.65997126325176,0.0002084857572203993
0.06244300057490667,-0.033333333830038704,0.03901049867272377,97657.4296875,119630.35136718751,101.69772914001172,0.00021183635967679632
0.06244300057490667,0.033333333830038704,-0.03901049867272377,100831.0625,123518.05156250001,105.00266201801466,0.00021183635967679632
0.06312716628114383,-0.033333333830038704,-0.039185211062431335,100831.0625,123518.05156250001,105.00266201801466,0.00021183635967679632
0.06312716628114383,0.033333333830038704,0.039185211062431335,97657.4296875,119630.35136718751,101.69772914001172,0.00021183635967679632
0.06450756390889485,-0.033333333830038704,0.03953318918744723,97691.7421875,119672.3841796875,101.7334612224788,0.00021524031383945985
0.06450756390889485,0.033333333830038704,-0.03953318918744723,100816.8515625,123500.64316406251,104.9878631432406,0.00021524031383945985
0.06520379583040874,-0.033333333830038704,-0.03970645492275556,100816.8515625,123500.64316406251,104.9878631432406,0.00021524031383945985
0.06520379583040874,0.033333333830038704,0.03970645492275556,97691.7421875,119672.3841796875,101.7334612224788,0.00021524031383945985
0.06660847862561543,-0.033333333830038704,0.0400515670577685,97724.96875,119713.08671875001,101.7680624398587,0.00021869852702498523
0.06660847862561543,0.033333333830038704,-0.0400515670577685,100802.859375,123483.50273437501,104.97329206862801,0.00021869852702498523
0.06731692949930827,-0.033333333830038704,-0.04022341345747312,100802.859375,123483.50273437501,104.97329206862801,0.00021869852702498523
0.06731692949930827,0.033333333830038704,0.04022341345747312,97724.96875,119713.08671875001,101.7680624398587,0.00021869852702498523
0.06874621659517288,-0.033333333830038704,0.040565709273020424,97757.53125,119752.97578125,101.80197212103418,0.00022221433144974114
0.06874621659517288,0.033333333830038704,-0.040565709273020424,100789.0078125,123466.5345703125,104.95886743697633,0.00022221433144974114
0.06946705281734467,-0.033333333830038704,-0.04073615868886312,100789.0078125,123466.5345703125,104.95886743697633,0.00022221433144974114
0.06946705281734467,0.033333333830038704,0.04073615868886312,97757.53125,119752.97578125,101.80197212103418,0.00022221433144974114
0.07092128445704778,-0.033333333830038704,0.04107560341556867,97788.9921875,119791.51542968751,101.83473466568239,0.00022578428718301481
0.07092128445704778,0.033333333830038704,-0.04107560341556867,100775.1484375,123449.5568359375,104.94443466960462,0.00022578428718301481
0.07165467987457912,-0.033333333830038704,-0.041244598726431526,100775.1484375,123449.5568359375,104.94443466960462,0.00022578428718301481
0.07165467987457912,0.033333333830038704,0.041244598726431526,97788.9921875,119791.51542968751,101.83473466568239,0.00022578428718301481
0.07313419878482819,-0.033333333830038704,0.04158116256197294,97819.78125,119829.23203125001,101.86679753840615,0.0002294126293054613
0.07313419878482819,0.033333333830038704,-0.04158116256197294,100761.6875,123433.06718750001,104.93041682395554,0.0002294126293054613
0.07388032227754593,-0.033333333830038704,-0.04174873108665148,100761.6875,123433.06718750001,104.93041682395554,0.0002294126293054613
0.07388032227754593,0.033333333830038704,0.04174873108665148,97819.78125,119829.23203125001,101.86679753840615,0.0002294126293054613
0.07538547615210216,-0.033333333830038704,0.042082431415716805,97849.9609375,119866.20214843751,101.89822582496588,0.00023309959748520057
0.07538547615210216,0.033333333830038704,-0.042082431415716805,100748.2734375,123416.6349609375,104.91644779262676,0.00023309959748520057
0.07614450653394063,-0.033333333830038704,-0.042248563220103584,100748.2734375,123416.6349609375,104.91644779262676,0.00023309959748520057
0.07614450653394063,0.033333333830038704,0.042248563220103584,97849.9609375,119866.20214843751,101.89822582496588,0.00023309959748520057
0.0776756579677264,-0.033333333830038704,0.04257937396566073,97879.125,119901.928125,101.9285964679189,0.00023684616990582512
0.0776756579677264,0.033333333830038704,-0.04257937396566073,100734.8828125,123400.23144531251,104.90250316845814,0.00023684616990582512
0.07844777901967366,-0.033333333830038704,-0.04274405290683111,100734.8828125,123400.23144531251,104.90250316845814,0.00023684616990582512
0.07844777901967366,0.033333333830038704,0.04274405290683111,97879.125,119901.928125,101.9285964679189,0.00023684616990582512
0.08000529557466507,-0.033333333830038704,0.0430719219148159,97907.65625,119936.87890625001,101.9583081175477,0.0002406510756172414
0.08000529557466507,0.033333333830038704,-0.0430719219148159,100721.78125,123384.18203125,104.88885956593144,0.0002406510756172414
0.0807906910777092,-0.033333333830038704,-0.043235111981630325,100721.78125,123384.18203125,104.88885956593144,0.0002406510756172414
0.0807906910777092,0.033333333830038704,0.043235111981630325,97907.65625,119936.87890625001,101.9583081175477,0.0002406510756172414
0.08237494776646297,-0.033333333830038704,0.04356001317501068,97936.328125,119972.00195312501,101.98816621013745,0.00024451926960026606
0.08237494776646297,0.033333333830038704,-0.04356001317501068,100708.9609375,123368.47714843751,104.8755088493266,0.00024451926960026606
0.08317380895217259,-0.033333333830038704,-0.043721724301576614,100708.9609375,123368.47714843751,104.8755088493266,0.00024451926960026606
0.08317380895217259,0.033333333830038704,0.043721724301576614,97936.328125,119972.00195312501,101.98816621013745,0.00024451926960026606
0.0847851832707723,-0.033333333830038704,0.04404365892211596,97964.3984375,120006.3880859375,102.01739785228322,0.000248448035134472
0.0847851832707723,0.033333333830038704,-0.04404365892211596,100696.2421875,123352.8966796875,104.86226389708241,0.000248448035134472
0.08559769640366237,-0.033333333830038704,-0.04420388241608938,100696.2421875,123352.8966796875,104.86226389708241,0.000248448035134472
0.08559769640366237,0.033333333830038704,0.04420388241608938,97964.3984375,120006.3880859375,102.01739785228322,0.000248448035134472
0.08723657826582591,-0.033333333830038704,0.044522798309723534,97991.7421875,120039.8841796875,102.04587287246419,0.0002524404321775561
0.08723657826582591,0.033333333830038704,-0.044522798309723534,100683.7734375,123337.6224609375,104.84927928787991,0.0002524404321775561
0.08806294699509938,-0.033333333830038704,-0.044681490709384285,100683.7734375,123337.6224609375,104.84927928787991,0.0002524404321775561
0.08806294699509938,0.033333333830038704,0.044681490709384285,97991.7421875,120039.8841796875,102.04587287246419,0.0002524404321775561
0.089729738732179,-0.033333333830038704,0.04499735434850057,98018.7421875,120072.9591796875,102.07398992096287,0.0002564980091761018
0.089729738732179,0.033333333830038704,-0.04499735434850057,100671.453125,123322.53007812501,104.83644925735837,0.0002564980091761018
0.09057016173998515,-0.033333333830038704,-0.04515452558795611,100671.453125,123322.53007812501,104.83644925735837,0.0002564980091761018
0.09057016173998515,0.033333333830038704,0.04515452558795611,98018.7421875,120072.9591796875,102.07398992096287,0.0002564980091761018
0.09226526816685994,-0.033333333830038704,0.04546728481849035,98045.015625,120105.14414062501,102.10135034749675,0.0002606189273750681
0.09226526816685994,0.033333333830038704,-0.04546728481849035,100659.2578125,123307.59082031251,104.82374939835766,0.0002606189273750681
0.0931199515859286,-0.033333333830038704,-0.04562287280956904,100659.2578125,123307.59082031251,104.82374939835766,0.0002606189273750681
0.0931199515859286,0.033333333830038704,0.04562287280956904,98045.015625,120105.14414062501,102.10135034749675,0.0002606189273750681
0.09484378496805827,-0.033333333830038704,0.045932491620381675,98070.984375,120136.95585937501,102.1283934809486,0.00026480794124110783
0.09484378496805827,0.033333333830038704,-0.045932491620381675,100647.2578125,123292.8908203125,104.81125293235824,0.00026480794124110783
0.09571293493111928,-0.033333333830038704,-0.04608652244011561,100647.2578125,123292.8908203125,104.81125293235824,0.00026480794124110783
0.09571293493111928,0.033333333830038704,0.04608652244011561,98070.984375,120136.95585937501,102.1283934809486,0.00026480794124110783
0.09746592243512471,-0.033333333830038704,0.0463929275671641,98096.2421875,120167.8966796875,102.15469626387576,0.0002690628322634644
0.09746592243512471,0.033333333830038704,-0.0463929275671641,100635.3515625,123278.30566406251,104.79885409499946,0.0002690628322634644
0.09834975997606914,-0.033333333830038704,-0.04654530187447866,100635.3515625,123278.30566406251,104.79885409499946,0.0002690628322634644
0.09834975997606914,0.033333333830038704,0.04654530187447866,98096.2421875,120167.8966796875,102.15469626387576,0.0002690628322634644
0.10013232876857121,-0.033333333830038704,0.04684843743840853,98121.3359375,120198.63652343751,102.18082819668183,0.0002733865686888619
0.10013232876857121,0.033333333830038704,-0.04684843743840853,100623.71875,123264.05546875001,104.78674000784247,0.0002733865686888619
0.10103106002012889,-0.033333333830038704,-0.04699919869502386,100623.71875,123264.05546875001,104.78674000784247,0.0002733865686888619
0.10103106002012889,0.033333333830038704,0.04699919869502386,98121.3359375,120198.63652343751,102.18082819668183,0.0002733865686888619
0.10284364471832912,-0.033333333830038704,0.04729905476172765,98145.8203125,120228.62988281251,102.20632554332386,0.00027778078927426534
0.10284364471832912,0.033333333830038704,-0.04729905476172765,100612.1875,123249.92968750001,104.77473168504615,0.00027778078927426534
0.10375749816497166,-0.033333333830038704,-0.047448149571816124,100612.1875,123249.92968750001,104.77473168504615,0.00027778078927426534
0.10375749816497166,0.033333333830038704,0.047448149571816124,98145.8203125,120228.62988281251,102.20632554332386,0.00027778078927426534
0.10560054828723271,-0.033333333830038704,0.04774462183316549,98169.890625,120258.11601562501,102.23139169680316,0.00028224350149285836
0.10560054828723271,0.033333333830038704,-0.04774462183316549,100600.7578125,123235.92832031251,104.76282912661051,0.00028224350149285836
0.10652974496285121,-0.033333333830038704,-0.04789199928442637,100600.7578125,123235.92832031251,104.76282912661051,0.00028224350149285836
0.10652974496285121,0.033333333830038704,0.04789199928442637,98169.890625,120258.11601562501,102.23139169680316,0.00028224350149285836
0.10840371002753575,-0.033333333830038704,0.04818504676222801,98193.921875,120287.55429687501,102.2564171716822,0.00028677977326861686
0.10840371002753575,0.033333333830038704,-0.04818504676222801,100589.546875,123222.19492187501,104.75115436833632,0.00028677977326861686
0.10934847841660182,-0.033333333830038704,-0.04833071678876877,100589.546875,123222.19492187501,104.75115436833632,0.00028677977326861686
0.10934847841660182,0.033333333830038704,0.04833071678876877,98193.921875,120287.55429687501,102.2564171716822,0.00028677977326861686
0.11125383526086807,-0.033333333830038704,0.04862020288904508,98217.0859375,120315.93027343751,102.2805395816355,0.00029138839103506897
0.11125383526086807,0.033333333830038704,-0.04862020288904508,100578.4765625,123208.63378906251,104.73962605302306,0.00029138839103506897
0.11221442371606827,-0.033333333830038704,-0.04876401896278063,100578.4765625,123208.63378906251,104.73962605302306,0.00029138839103506897
0.11221442371606827,0.033333333830038704,0.04876401896278063,98217.0859375,120315.93027343751,102.2805395816355,0.00029138839103506897
0.11415163675944011,-0.033333333830038704,0.049049886564413704,98240.046875,120344.05742187501,102.30445046286745,0.0002960704015337444
0.11415163675944011,0.033333333830038704,-0.049049886564413704,100567.578125,123195.28320312501,104.72827672355093,0.0002960704015337444
0.11512826134761174,-0.033333333830038704,-0.049191938092311226,100567.578125,123195.28320312501,104.72827672355093,0.0002960704015337444
0.11512826134761174,0.033333333830038704,0.049191938092311226,98240.046875,120344.05742187501,102.30445046286745,0.0002960704015337444
0.11709779749313991,-0.033333333830038704,0.04947419837117195,98262.84375,120371.98359375,102.32819049397831,0.0003008286382795681
0.11709779749313991,0.033333333830038704,-0.04947419837117195,100556.7421875,123182.0091796875,104.71699247983922,0.0003008286382795681
0.11809070905049641,-0.033333333830038704,-0.04961440712213516,100556.7421875,123182.0091796875,104.71699247983922,0.0003008286382795681
0.11809070905049641,0.033333333830038704,0.04961440712213516,98262.84375,120371.98359375,102.32819049397831,0.0003008286382795681
0.12009306252002716,-0.033333333830038704,0.04989295701185862,98285.21875,120399.39296875,102.3514911962064,0.0003056632375832932
0.12009306252002716,0.033333333830038704,-0.04989295701185862,100546.15625,123169.04140625,104.70596857916917,0.0003056632375832932
0.12110250443220139,-0.033333333830038704,-0.05003129815061887,100546.15625,123169.04140625,104.70596857916917,0.0003056632375832932
0.12110250443220139,0.033333333830038704,0.05003129815061887,98285.21875,120399.39296875,102.3514911962064,0.0003056632375832932
0.12313817938168843,-0.033333333830038704,0.05030597994724909,98307.1171875,120426.21855468751,102.37429561951132,0.00031057507118586325
0.12313817938168843,0.033333333830038704,-0.05030597994724909,100535.7734375,123156.3224609375,104.69515620722045,0.00031057507118586325
0.12416441241900127,-0.033333333830038704,-0.05044232060511907,100535.7734375,123156.3224609375,104.69515620722045,0.00031057507118586325
0.12416441241900127,0.033333333830038704,0.05044232060511907,98307.1171875,120426.21855468751,102.37429561951132,0.00031057507118586325
0.1262339105208715,-0.033333333830038704,0.05071305731932322,98328.7890625,120452.76660156251,102.39686410693474,0.0003155658243652812
0.1262339105208715,0.033333333830038704,-0.05071305731932322,100525.609375,123143.871484375,104.68457163543319,0.0003155658243652812
0.12727717558542886,-0.033333333830038704,-0.0508474533756574,100525.609375,123143.871484375,104.68457163543319,0.0003155658243652812
0.12727717558542886,0.033333333830038704,0.0508474533756574,98328.7890625,120452.76660156251,102.39686410693474,0.0003155658243652812
0.129381000995636,-0.033333333830038704,0.051114206512769066,98350.4609375,120479.3146484375,102.41943259435817,0.0003206362440330137
0.129381000995636,0.033333333830038704,-0.051114206512769066,100515.7109375,123131.74589843751,104.67426367812767,0.0003206362440330137
0.1304415613412857,-0.033333333830038704,-0.05124656359354655,100515.7109375,123131.74589843751,104.67426367812767,0.0003206362440330137
0.1304415613412857,0.033333333830038704,0.05124656359354655,98350.4609375,120479.3146484375,102.41943259435817,0.0003206362440330137
0.13258024056752524,-0.033333333830038704,0.0515092300872008,98371.7421875,120505.3841796875,102.441594295779,0.0003257896267568227
0.13258024056752524,0.033333333830038704,-0.0515092300872008,100505.7734375,123119.5724609375,104.6639150422219,0.0003257896267568227
0.13365835944811502,-0.033333333830038704,-0.05163953950007757,100505.7734375,123119.5724609375,104.6639150422219,0.0003257896267568227
0.13365835944811502,0.033333333830038704,0.05163953950007757,98371.7421875,120505.3841796875,102.441594295779,0.0003257896267568227
0.13583242893218994,-0.033333333830038704,0.05189799269040426,98392.5078125,120530.82207031251,102.46321903967643,0.00033102503384748973
0.13583242893218994,0.033333333830038704,-0.05189799269040426,100495.671875,123107.19804687501,104.65339555619505,0.00033102503384748973
0.13692837953567505,-0.033333333830038704,-0.05202613646785418,100495.671875,123107.19804687501,104.65339555619505,0.00033102503384748973
0.13692837953567505,0.033333333830038704,0.05202613646785418,98392.5078125,120530.82207031251,102.46321903967643,0.00033102503384748973
0.13913838068644205,-0.033333333830038704,0.05228025217851003,98413.3359375,120556.33652343751,102.48490886933426,0.0003363450354299929
0.13913838068644205,0.033333333830038704,-0.05228025217851003,100486.0390625,123095.3978515625,104.64336421337131,0.0003363450354299929
0.14025243123372397,-0.033333333830038704,-0.05240622411171595,100486.0390625,123095.3978515625,104.64336421337131,0.0003363450354299929
0.14025243123372397,0.033333333830038704,0.05240622411171595,98413.3359375,120556.33652343751,102.48490886933426,0.0003363450354299929
0.14249890546003977,-0.033333333830038704,0.05265593156218529,98433.890625,120581.516015625,102.5063139487903,0.0003417491060952609
0.14249890546003977,0.033333333830038704,-0.05265593156218529,100476.5625,123083.78906250001,104.63349558494859,0.0003417491060952609
0.1436313291390737,-0.033333333830038704,-0.0527796670794487,100476.5625,123083.78906250001,104.63349558494859,0.0003417491060952609
0.1436313291390737,0.033333333830038704,0.0527796670794487,98433.890625,120581.516015625,102.5063139487903,0.0003417491060952609
0.1459148327509562,-0.033333333830038704,0.05302488182981809,98454.2109375,120606.4083984375,102.52747495664478,0.0003472417069174138
0.1459148327509562,0.033333333830038704,-0.05302488182981809,100467.15625,123072.26640625001,104.62370017800635,0.0003472417069174138
0.14706591268380484,-0.033333333830038704,-0.053146361062924065,100467.15625,123072.26640625001,104.62370017800635,0.0003472417069174138
0.14706591268380484,0.033333333830038704,0.053146361062924065,98454.2109375,120606.4083984375,102.52747495664478,0.0003472417069174138
0.14938701689243317,-0.033333333830038704,0.053386956453323364,98474.25,120630.95625,102.54834307857739,0.0003528216200088691
0.14938701689243317,0.033333333830038704,-0.053386956453323364,100457.90625,123060.93515625001,104.61406748546513,0.0003528216200088691
0.1505570411682129,-0.033333333830038704,-0.053506072610616684,100457.90625,123060.93515625001,104.61406748546513,0.0003528216200088691
0.1505570411682129,0.033333333830038704,0.053506072610616684,98474.25,120630.95625,102.54834307857739,0.0003528216200088691
0.1529163271188736,-0.033333333830038704,0.05374185120066007,98494.0546875,120655.2169921875,102.56896712890845,0.0003584910246297652
0.1529163271188736,0.033333333830038704,-0.05374185120066007,100448.796875,123049.77617187501,104.60458123588484,0.0003584910246297652
0.15410558879375458,-0.033333333830038704,-0.053858513633410134,100448.796875,123049.77617187501,104.60458123588484,0.0003584910246297652
0.15410558879375458,0.033333333830038704,0.053858513633410134,98494.0546875,120655.2169921875,102.56896712890845,0.0003584910246297652
0.15650363763173422,-0.033333333830038704,0.054089428236087166,98513.3984375,120678.91308593751,102.58911117175647,0.00036425238601088934
0.15650363763173422,0.033333333830038704,-0.054089428236087166,100439.9921875,123038.9904296875,104.59541227938657,0.00036425238601088934
0.15771242479483286,-0.033333333830038704,-0.05420368040601412,100439.9921875,123038.9904296875,104.59541227938657,0.00036425238601088934
0.15771242479483286,0.033333333830038704,0.05420368040601412,98513.3984375,120678.91308593751,102.58911117175647,0.00036425238601088934
0.1601498325665792,-0.033333333830038704,0.05442961553732554,98532.546875,120702.36992187501,102.6090518216032,0.00037010587083892
0.1601498325665792,0.033333333830038704,-0.05442961553732554,100431.0390625,123028.0228515625,104.58608874420732,0.00037010587083892
0.16137845317522684,-0.033333333830038704,-0.05454129849871,100431.0390625,123028.0228515625,104.58608874420732,0.00037010587083892
0.16137845317522684,0.033333333830038704,0.05454129849871,98532.546875,120702.36992187501,102.6090518216032,0.00037010587083892
0.1638558308283488,-0.033333333830038704,0.05476207907001177,98551.6640625,120725.7884765625,102.62895992856971,0.00037605409747772914
0.1638558308283488,0.033333333830038704,-0.05476207907001177,100422.3203125,123017.34238281251,104.57700928062962,0.00037605409747772914
0.1651045878728231,-0.033333333830038704,-0.0548711766799291,100422.3203125,123017.34238281251,104.57700928062962,0.00037605409747772914
0.1651045878728231,0.033333333830038704,0.0548711766799291,98551.6640625,120725.7884765625,102.62895992856971,0.00037605409747772914
0.16762254138787588,-0.033333333830038704,0.05508673811952273,98570.59375,120748.97734375001,102.64867277825499,0.0003820961722751364
0.16762254138787588,0.033333333830038704,-0.05508673811952273,100413.8984375,123007.0255859375,104.56823897441389,0.0003820961722751364
0.16889173785845438,-0.033333333830038704,-0.05519320194919904,100413.8984375,123007.0255859375,104.56823897441389,0.0003820961722751364
0.16889173785845438,0.033333333830038704,0.05519320194919904,98570.59375,120748.97734375001,102.64867277825499,0.0003820961722751364
0.1714508980512619,-0.033333333830038704,0.055403356750806175,98589.1640625,120771.7259765625,102.66801138481789,0.00038823735588099903
0.1714508980512619,0.033333333830038704,-0.055403356750806175,100405.578125,122996.833203125,104.55957443255882,0.00038823735588099903
0.1727408617734909,-0.033333333830038704,-0.05550704772273699,100405.578125,122996.833203125,104.55957443255882,0.00038823735588099903
0.1727408617734909,0.033333333830038704,0.05550704772273699,98589.1640625,120771.7259765625,102.66801138481789,0.00038823735588099903
0.17534186939398447,-0.033333333830038704,0.0557116170724233,98607.578125,120794.28320312501,102.68718727697976,0.0003944757713248721
0.17534186939398447,0.033333333830038704,-0.0557116170724233,100397.3515625,122986.75566406251,104.55100751934438,0.0003944757713248721
0.17665291329224905,-0.033333333830038704,-0.05581249545017878,100397.3515625,122986.75566406251,104.55100751934438,0.0003944757713248721
0.17665291329224905,0.033333333830038704,0.05581249545017878,98607.578125,120794.28320312501,102.68718727697976,0.0003944757713248721
0.17929640909036001,-0.033333333830038704,0.056011381248633065,98626.203125,120817.098828125,102.70658283358301,0.0004008154457855884
0.17929640909036001,0.033333333830038704,-0.056011381248633065,100389.0078125,122976.5345703125,104.54231857032916,0.0004008154457855884
0.1806288609902064,-0.033333333830038704,-0.05610938866933187,100389.0078125,122976.5345703125,104.54231857032916,0.0004008154457855884
0.1806288609902064,0.033333333830038704,0.05610938866933187,98626.203125,120817.098828125,102.70658283358301,0.0004008154457855884
0.18331550061702728,-0.033333333830038704,0.056302472949028015,98644.625,120839.66562500001,102.72576686146492,0.000407256388229096
0.18331550061702728,0.033333333830038704,-0.056302472949028015,100381.046875,122966.782421875,104.53402827159647,0.000407256388229096
0.18466968834400177,-0.033333333830038704,-0.05639754980802536,100381.046875,122966.782421875,104.53402827159647,0.000407256388229096
0.18466968834400177,0.033333333830038704,0.05639754980802536,98644.625,120839.66562500001,102.72576686146492,0.000407256388229096
0.18740013738473257,-0.033333333830038704,0.056584676106770836,98662.5234375,120861.5912109375,102.74440579610338,0.0004138008607797984
0.18740013738473257,0.033333333830038704,-0.056584676106770836,100373.46875,122957.49921875,104.52613662314633,0.0004138008607797984
0.18877639869848886,-0.033333333830038704,-0.05667672554651896,100373.46875,122957.49921875,104.52613662314633,0.0004138008607797984
0.18877639869848886,0.033333333830038704,0.05667672554651896,98662.5234375,120861.5912109375,102.74440579610338,0.0004138008607797984
0.19155133763949075,-0.033333333830038704,0.056857697665691376,98680.4765625,120883.58378906251,102.76310168078219,0.0004204504448529126
0.19155133763949075,0.033333333830038704,-0.056857697665691376,100365.75,122948.04375000001,104.51809853173523,0.0004204504448529126
0.19295001526673636,-0.033333333830038704,-0.05694662034511566,100365.75,122948.04375000001,104.51809853173523,0.0004204504448529126
0.19295001526673636,0.033333333830038704,0.05694662034511566,98680.4765625,120883.58378906251,102.76310168078219,0.0004204504448529126
0.195770134528478,-0.033333333830038704,0.05712126319607099,98698.359375,120905.49023437501,102.78172434398054,0.0004272071974661162
0.195770134528478,0.033333333830038704,-0.05712126319607099,100358.0,122938.55,104.51002789744395,0.0004272071974661162
0.19719157616297403,-0.033333333830038704,-0.05720698336760203,100358.0,122938.55,104.51002789744395,0.0004272071974661162
0.19719157616297403,0.033333333830038704,0.05720698336760203,98698.359375,120905.49023437501,102.78172434398054,0.0004272071974661162
0.2000575711329778,-0.033333333830038704,0.05737514545520147,98715.921875,120927.004296875,102.80001344265676,0.0004340711881637862
0.2000575711329778,0.033333333830038704,-0.05737514545520147,100350.6484375,122929.5443359375,104.5023721848753,0.0004340711881637862
0.2015021244684855,-0.033333333830038704,-0.05745758737126986,100350.6484375,122929.5443359375,104.5023721848753,0.0004340711881637862
0.2015021244684855,0.033333333830038704,0.05745758737126986,98715.921875,120927.004296875,102.80001344265676,0.0004340711881637862
0.20441470543543497,-0.033333333830038704,0.05761917059620222,98733.546875,120948.594921875,102.81836762709341,0.0004410478073942873
0.20441470543543497,0.033333333830038704,-0.05761917059620222,100343.5703125,122920.87363281251,104.49500122250845,0.0004410478073942873
0.20588273306687674,-0.033333333830038704,-0.05769831190506617,100343.5703125,122920.87363281251,104.49500122250845,0.0004410478073942873
0.20588273306687674,0.033333333830038704,0.05769831190506617,98733.546875,120948.594921875,102.81836762709341,0.0004410478073942873
0.20884263018767038,-0.033333333830038704,0.057853116343418755,98750.8828125,120969.8314453125,102.83642078988814,0.0004481360947336893
0.20884263018767038,0.033333333830038704,-0.057853116343418755,100336.46875,122912.17421875,104.48760585298146,0.0004481360947336893
0.2103344996770223,-0.033333333830038704,-0.05792877947290739,100336.46875,122912.17421875,104.48760585298146,0.0004481360947336893
0.2103344996770223,0.033333333830038704,0.05792877947290739,98750.8828125,120969.8314453125,102.83642078988814,0.0004481360947336893
0.21334244310855865,-0.033333333830038704,0.05807657167315483,98768.109375,120990.933984375,102.85436005260213,0.0004553366427937565
0.21334244310855865,0.033333333830038704,-0.05807657167315483,100329.3984375,122903.5130859375,104.48024302633466,0.0004553366427937565
0.2148585170507431,-0.033333333830038704,-0.05814870074391365,100329.3984375,122903.5130859375,104.48024302633466,0.0004553366427937565
0.2148585170507431,0.033333333830038704,0.05814870074391365,98768.109375,120990.933984375,102.85436005260213,0.0004553366427937565
0.2179152468840281,-0.033333333830038704,0.05828937763969103,98785.3671875,121012.07480468751,102.87233185819635,0.00046265402894380867
0.2179152468840281,0.033333333830038704,-0.05828937763969103,100322.4296875,122894.97636718751,104.47298596404855,0.00046265402894380867
0.2194559027751287,-0.033333333830038704,-0.0583579254647096,100322.4296875,122894.97636718751,104.47298596404855,0.00046265402894380867
0.2194559027751287,0.033333333830038704,0.0583579254647096,98785.3671875,121012.07480468751,102.87233185819635,0.00046265402894380867
0.22256217896938324,-0.033333333830038704,0.05849128092328707,98802.390625,121032.92851562501,102.890059592189,0.0004700883249530908
0.22256217896938324,0.033333333830038704,-0.05849128092328707,100315.5703125,122886.5736328125,104.46584280184315,0.0004700883249530908
0.22412779927253723,-0.033333333830038704,-0.058556088556845985,100315.5703125,122886.5736328125,104.46584280184315,0.0004700883249530908
0.22412779927253723,0.033333333830038704,0.058556088556845985,98802.390625,121032.92851562501,102.890059592189,0.0004700883249530908
0.2272843966881434,-0.033333333830038704,0.058681897819042206,98819.328125,121053.676953125,102.9076978332611,0.00047764385287899435
0.2272843966881434,0.033333333830038704,-0.058681897819042206,100308.9921875,122878.51542968751,104.45899252555962,0.00047764385287899435
0.2288753738005956,-0.033333333830038704,-0.05874289944767952,100308.9921875,122878.51542968751,104.45899252555962,0.00047764385287899435
0.2288753738005956,0.033333333830038704,0.05874289944767952,98819.328125,121053.676953125,102.9076978332611,0.00047764385287899435
0.23208307226498923,-0.033333333830038704,0.05886100480953852,98836.1484375,121074.28183593751,102.92521403853242,0.0004853188601062985
0.23208307226498923,0.033333333830038704,-0.05886100480953852,100302.7109375,122870.82089843751,104.45245140663805,0.0004853188601062985
0.23369979361693063,-0.033333333830038704,-0.058918108542760216,100302.7109375,122870.82089843751,104.45245140663805,0.0004853188601062985
0.23369979361693063,0.033333333830038704,0.058918108542760216,98836.1484375,121074.28183593751,102.92521403853242,0.0004853188601062985
0.23695938289165497,-0.033333333830038704,0.05902833739916483,98853.046875,121094.98242187501,102.94281160100425,0.0004931180014812783
0.23695938289165497,0.033333333830038704,-0.05902833739916483,100296.390625,122863.078515625,104.44586960911623,0.0004931180014812783
0.23860225081443787,-0.033333333830038704,-0.05908146252234777,100296.390625,122863.078515625,104.44586960911623,0.0004931180014812783
0.23860225081443787,0.033333333830038704,0.05908146252234777,98853.046875,121094.98242187501,102.94281160100425,0.0004931180014812783
0.2419145405292511,-0.033333333830038704,0.05918359632293383,98869.6328125,121115.3001953125,102.96008373467401,0.0005010423083898883
0.2419145405292511,0.033333333830038704,-0.05918359632293383,100290.1015625,122855.3744140625,104.4393203544746,0.0005010423083898883
0.24358396232128143,-0.033333333830038704,-0.05923260500033697,100290.1015625,122855.3744140625,104.4393203544746,0.0005010423083898883
0.24358396232128143,0.033333333830038704,0.05923260500033697,98869.6328125,121115.3001953125,102.96008373467401,0.0005010423083898883
0.24694977204004923,-0.033333333830038704,0.05932644257942835,98886.2265625,121135.62753906251,102.97736400406383,0.0005090940524900273
0.24694977204004923,0.033333333830038704,-0.05932644257942835,100284.21875,122848.16796875001,104.43319415727566,0.0005090940524900273
0.2486461599667867,-0.033333333830038704,-0.059371271481116615,100284.21875,122848.16796875001,104.43319415727566,0.0005090940524900273
0.2486461599667867,0.033333333830038704,0.059371271481116615,98886.2265625,121135.62753906251,102.97736400406383,0.0005090940524900273
0.25206632415453595,-0.033333333830038704,0.059456612914800644,98902.6875,121155.7921875,102.99450596621277,0.0005172756863309985
0.25206632415453595,0.033333333830038704,-0.059456612914800644,100277.9765625,122840.52128906251,104.42669371695436,0.0005172756863309985
0.25379010041554767,-0.033333333830038704,-0.05949712544679642,100277.9765625,122840.52128906251,104.42669371695436,0.0005172756863309985
0.25379010041554767,0.033333333830038704,0.05949712544679642,98902.6875,121155.7921875,102.99450596621277,0.0005172756863309985
0.25726546843846637,-0.033333333830038704,0.05957376460234324,98919.015625,121175.794140625,103.01150962112082,0.0005255892913963976
0.25726546843846637,0.033333333830038704,-0.05957376460234324,100272.03125,122833.23828125001,104.42050243399501,0.0005255892913963976
0.25901706020037335,-0.033333333830038704,-0.059609891225894295,100272.03125,122833.23828125001,104.42050243399501,0.0005255892913963976
0.25901706020037335,0.033333333830038704,0.059609891225894295,98919.015625,121175.794140625,103.01150962112082,0.0005255892913963976
0.2625484764575958,-0.033333333830038704,0.05967759961883227,98935.734375,121196.274609375,103.02892006203147,0.0005340314094739827
0.2625484764575958,0.033333333830038704,-0.05967759961883227,100266.4921875,122826.45292968751,104.41473420847835,0.0005340314094739827
0.2643283009529114,-0.033333333830038704,-0.0597091813882192,100266.4921875,122826.45292968751,104.41473420847835,0.0005340314094739827
0.2643283009529114,0.033333333830038704,0.0597091813882192,98935.734375,121196.274609375,103.02892006203147,0.0005340314094739827
0.26791664958000183,-0.033333333830038704,0.059767757852872215,98951.6484375,121215.76933593751,103.04549252377679,0.0005426176841620958
0.26791664958000183,0.033333333830038704,-0.059767757852872215,100260.9765625,122819.69628906251,104.40899039012186,0.0005426176841620958
0.26972517371177673,-0.033333333830038704,-0.0597947525481383,100260.9765625,122819.69628906251,104.40899039012186,0.0005426176841620958
0.26972517371177673,0.033333333830038704,0.0597947525481383,98951.6484375,121215.76933593751,103.04549252377679,0.0005426176841620958
0.2733713487784068,-0.033333333830038704,0.059844023237625756,98967.7578125,121235.5033203125,103.0622683785234,0.0005513357916056004
0.2733713487784068,0.033333333830038704,-0.059844023237625756,100255.5,122812.9875,104.40328725036561,0.0005513357916056004
0.2752089997132619,-0.033333333830038704,-0.05986629923184713,100255.5,122812.9875,104.40328725036561,0.0005513357916056004
0.2752089997132619,0.033333333830038704,0.05986629923184713,98967.7578125,121235.5033203125,103.0622683785234,0.0005513357916056004
0.2789138853549957,-0.033333333830038704,0.0599060021340847,98984.2109375,121255.6583984375,103.07940220495229,0.0005601948166888769
0.2789138853549957,0.033333333830038704,-0.0599060021340847,100250.078125,122806.34570312501,104.39764106064973,0.0005601948166888769
0.2807811200618744,-0.033333333830038704,-0.059923429042100906,100250.078125,122806.34570312501,104.39764106064973,0.0005601948166888769
0.2807811200618744,0.033333333830038704,0.059923429042100906,98984.2109375,121255.6583984375,103.07940220495229,0.0005601948166888769
0.284545640150706,-0.033333333830038704,0.05995331207911173,99000.1796875,121275.2201171875,103.09603161673797,0.0005691978895520448
0.284545640150706,0.033333333830038704,-0.05995331207911173,100244.953125,122800.067578125,104.39230402829581,0.0005691978895520448
0.2864429255326589,-0.033333333830038704,-0.05996576820810636,100244.953125,122800.067578125,104.39230402829581,0.0005691978895520448
0.2864429255326589,0.033333333830038704,0.05996576820810636,99000.1796875,121275.2201171875,103.09603161673797,0.0005691978895520448
0.29026801387468976,-0.033333333830038704,0.05998561531305313,99015.8671875,121294.43730468751,103.11236814260178,0.0005783451470491804
0.29026801387468976,0.033333333830038704,-0.05998561531305313,100239.9296875,122793.91386718751,104.38707276030257,0.0005783451470491804
0.29219581683476764,-0.033333333830038704,-0.05999300628900528,100239.9296875,122793.91386718751,104.38707276030257,0.0005783451470491804
0.29219581683476764,0.033333333830038704,0.05999300628900528,99015.8671875,121294.43730468751,103.11236814260178,0.0005783451470491804
0.2960824171702067,-0.033333333830038704,0.060002610087394714,99032.0859375,121314.30527343751,103.12925789742913,0.0005876395963333102
0.2960824171702067,0.033333333830038704,-0.060002610087394714,100235.078125,122787.97070312501,104.38202047815047,0.0005876395963333102
0.2980412145455678,-0.033333333830038704,-0.060004822909832,100235.078125,122787.97070312501,104.38202047815047,0.0005876395963333102
0.2980412145455678,0.033333333830038704,0.060004822909832,99032.0859375,121314.30527343751,103.12925789742913,0.0005876395963333102
0.3014647364616394,-0.033333333830038704,0.06000528732935587,99046.0234375,121331.37871093751,103.14377202200136,0.0004394176818141985
0.3014647364616394,0.033333333830038704,-0.06000528732935587,100230.75,122782.66875000001,104.37751328924182,0.0004394176818141985
0.30292946100234985,-0.033333333830038704,-0.060003538926442467,100230.75,122782.66875000001,104.37751328924182,0.0004394176818141985
0.30292946100234985,0.033333333830038704,0.060003538926442467,99046.0234375,121331.37871093751,103.14377202200136,0.0004394176818141985
0.30585891008377075,-0.033333333830038704,0.059997150053580604,99057.59375,121345.55234375001,103.15582102339793,0.0004394195740125687
0.30585891008377075,0.033333333830038704,-0.059997150053580604,100227.3515625,122778.50566406251,104.37397425101932,0.0004394195740125687
0.3073236346244812,-0.033333333830038704,-0.05999250958363215,100227.3515625,122778.50566406251,104.37397425101932,0.0004394195740125687
0.3073236346244812,0.033333333830038704,0.05999250958363215,99057.59375,121345.55234375001,103.15582102339793,0.0004394195740125687
0.3102530638376872,-0.033333333830038704,0.059980435917774834,99069.0546875,121359.5919921875,103.16775612471378,0.0004394170666431826
0.3102530638376872,0.033333333830038704,-0.059980435917774834,100224.0703125,122774.48613281251,104.3705572485976,0.0004394170666431826
0.3117177685101827,-0.033333333830038704,-0.059973002721865974,100224.0703125,122774.48613281251,104.3705572485976,0.0004394170666431826
0.3117177685101827,0.033333333830038704,0.059973002721865974,99069.0546875,121359.5919921875,103.16775612471378,0.0004394170666431826
0.3146471679210663,-0.033333333830038704,0.05995537588993708,99080.28125,121373.34453125001,103.17944715442808,0.00043941906942397517
0.3146471679210663,0.033333333830038704,-0.05995537588993708,100220.8203125,122770.50488281251,104.3671727890561,0.00043941906942397517
0.31611186265945435,-0.033333333830038704,-0.05994518225391706,100220.8203125,122770.50488281251,104.3671727890561,0.00043941906942397517
0.31611186265945435,0.033333333830038704,0.05994518225391706,99080.28125,121373.34453125001,103.17944715442808,0.00043941906942397517
0.31904123226801556,-0.033333333830038704,0.05992209414641062,99091.3671875,121386.92480468751,103.19099174118145,0.00043941949501422886
0.31904123226801556,0.033333333830038704,-0.05992209414641062,100217.6171875,122766.58105468751,104.3638371438349,0.00043941949501422886
0.32050590713818866,-0.033333333830038704,-0.05990919967492422,100217.6171875,122766.58105468751,104.3638371438349,0.00043941949501422886
0.32050590713818866,0.033333333830038704,0.05990919967492422,99091.3671875,121386.92480468751,103.19099174118145,0.00043941949501422886
0.3234352270762126,-0.033333333830038704,0.05988074714938799,99102.2421875,121400.24667968751,103.2023166634934,0.00043941831579801606
0.3234352270762126,0.033333333830038704,-0.05988074714938799,100214.5078125,122762.77207031251,104.36059912725433,0.00043941831579801606
0.3248998721440633,-0.033333333830038704,-0.05986518909533819,100214.5078125,122762.77207031251,104.36059912725433,0.00043941831579801606
0.3248998721440633,0.033333333830038704,0.05986518909533819,99102.2421875,121400.24667968751,103.2023166634934,0.00043941831579801606
0.32782913247744244,-0.033333333830038704,0.059831456591685615,99112.9453125,121413.35800781251,103.21346259996425,0.0004394184139881072
0.32782913247744244,0.033333333830038704,-0.059831456591685615,100211.53125,122759.12578125001,104.35749941791462,0.0004394184139881072
0.32929374774297077,-0.033333333830038704,-0.05981328214208285,100211.53125,122759.12578125001,104.35749941791462,0.0004394184139881072
0.32929374774297077,0.033333333830038704,0.05981328214208285,99112.9453125,121413.35800781251,103.21346259996425,0.0004394184139881072
0.33222294847170514,-0.033333333830038704,0.05977436155080795,99123.75,121426.59375000001,103.22471430079575,0.000439419724276334
0.33222294847170514,0.033333333830038704,-0.05977436155080795,100208.46875,122755.37421875,104.35431021565437,0.000439419724276334
0.3336875339349111,-0.033333333830038704,-0.05975361540913582,100208.46875,122755.37421875,104.35431021565437,0.000439419724276334
0.3336875339349111,0.033333333830038704,0.05975361540913582,99123.75,121426.59375000001,103.22471430079575,0.000439419724276334
0.3366166651248932,-0.033333333830038704,0.0597095862030983,99134.3671875,121439.5998046875,103.23577074434601,0.0004394192435202499
0.3366166651248932,0.033333333830038704,-0.0597095862030983,100205.6796875,122751.95761718751,104.3514057635959,0.0004394192435202499
0.3380812108516693,-0.033333333830038704,-0.05968630313873291,100205.6796875,122751.95761718751,104.3514057635959,0.0004394192435202499
0.3380812108516693,0.033333333830038704,0.05968630313873291,99134.3671875,121439.5998046875,103.23577074434601,0.0004394192435202499
0.3410102625687917,-0.033333333830038704,0.059637279560168587,99144.9375,121452.54843750001,103.24677837357596,0.0004394196616440147
0.3410102625687917,0.033333333830038704,-0.059637279560168587,100202.9921875,122748.6654296875,104.34860707589812,0.0004394196616440147
0.342474768559138,-0.033333333830038704,-0.05961153904596964,100202.9921875,122748.6654296875,104.34860707589812,0.0004394196616440147
0.342474768559138,0.033333333830038704,0.05961153904596964,99144.9375,121452.54843750001,103.24677837357596,0.0004394196616440147
0.3454037308692932,-0.033333333830038704,0.059557609260082245,99155.234375,121465.16210937501,103.25750125260411,0.0004394182871074998
0.3454037308692932,0.033333333830038704,-0.059557609260082245,100200.2421875,122745.29667968751,104.34574330243991,0.0004394182871074998
0.3468681871891022,-0.033333333830038704,-0.059529419988393784,100200.2421875,122745.29667968751,104.34574330243991,0.0004394182871074998
0.3468681871891022,0.033333333830038704,0.059529419988393784,99155.234375,121465.16210937501,103.25750125260411,0.0004394182871074998
0.3497970501581828,-0.033333333830038704,0.05947064980864525,99165.2890625,121477.47910156251,103.26797192431066,0.00043941778312633364
0.3497970501581828,0.033333333830038704,-0.05947064980864525,100197.7890625,122742.29160156251,104.34318868634368,0.00043941778312633364
0.3512614568074544,-0.033333333830038704,-0.059440068900585175,100197.7890625,122742.29160156251,104.34318868634368,0.00043941778312633364
0.3512614568074544,0.033333333830038704,0.059440068900585175,99165.2890625,121477.47910156251,103.26797192431066,0.00043941778312633364
0.3541902204354604,-0.033333333830038704,0.05937654276688894,99175.203125,121489.62382812501,103.27829615305626,0.00043941826676857426
0.3541902204354604,0.033333333830038704,-0.05937654276688894,100195.21875,122739.14296875,104.34051203444668,0.00043941826676857426
0.35565457741419476,-0.033333333830038704,-0.05934359754125277,100195.21875,122739.14296875,104.34051203444668,0.00043941826676857426
0.35565457741419476,0.033333333830038704,0.05934359754125277,99175.203125,121489.62382812501,103.27829615305626,0.00043941826676857426
0.3585832417011261,-0.033333333830038704,0.059275406102339424,99185.203125,121501.87382812501,103.28870987472244,0.00043941943824730436
0.3585832417011261,0.033333333830038704,-0.059275406102339424,100192.609375,122735.946484375,104.3377947039494,0.00043941943824730436
0.3600475490093231,-0.033333333830038704,-0.05924015988906225,100192.609375,122735.946484375,104.3377947039494,0.00043941943824730436
0.3600475490093231,0.033333333830038704,0.05924015988906225,99185.203125,121501.87382812501,103.28870987472244,0.00043941943824730436
0.3629761040210724,-0.033333333830038704,0.059167373925447464,99194.875,121513.721875,103.29878189614645,0.0004394186580855466
0.3629761040210724,0.033333333830038704,-0.059167373925447464,100190.2890625,122733.10410156251,104.33537839509405,0.0004394186580855466
0.36444035172462463,-0.033333333830038704,-0.05912983417510986,100190.2890625,122733.10410156251,104.33537839509405,0.0004394186580855466
0.36444035172462463,0.033333333830038704,0.05912983417510986,99194.875,121513.721875,103.29878189614645,0.0004394186580855466
0.36736879746119183,-0.033333333830038704,0.059052535643180214,99204.5,121525.51250000001,103.30880510325015,0.0004394213278943419
0.36736879746119183,0.033333333830038704,-0.059052535643180214,100188.09375,122730.41484375001,104.33309225775952,0.0004394213278943419
0.36883299549420673,-0.033333333830038704,-0.05901277686158816,100188.09375,122730.41484375001,104.33309225775952,0.0004394213278943419
0.36883299549420673,0.033333333830038704,0.05901277686158816,99204.5,121525.51250000001,103.30880510325015,0.0004394213278943419
0.3717613120873769,-0.033333333830038704,0.05893105765183767,99214.3515625,121537.58066406251,103.31906424623534,0.0004394159202503091
0.3717613120873769,0.033333333830038704,-0.05893105765183767,100185.9609375,122727.8021484375,104.3308712061854,0.0004394159202503091
0.37322543064753216,-0.033333333830038704,-0.05888909722367922,100185.9609375,122727.8021484375,104.3308712061854,0.0004394159202503091
0.37322543064753216,0.033333333830038704,0.05888909722367922,99214.3515625,121537.58066406251,103.31906424623534,0.0004394159202503091
0.3761536180973053,-0.033333333830038704,0.05880297472079595,99223.7890625,121549.14160156251,103.32889219605781,0.00043942044327697653
0.3761536180973053,0.033333333830038704,-0.05880297472079595,100183.75,122725.09375000001,104.32856879741077,0.00043942044327697653
0.3776176869869232,-0.033333333830038704,-0.058758812646071114,100183.75,122725.09375000001,104.32856879741077,0.00043942044327697653
0.3776176869869232,0.033333333830038704,0.058758812646071114,99223.7890625,121549.14160156251,103.32889219605781,0.00043942044327697653
0.3805457552274068,-0.033333333830038704,0.058668382465839386,99233.1875,121560.6546875,103.33867946728,0.0004394190950306039
0.3805457552274068,0.033333333830038704,-0.058668382465839386,100181.578125,122722.43320312501,104.3263070672364,0.0004394190950306039
0.3820097545782725,-0.033333333830038704,-0.05862211436033249,100181.578125,122722.43320312501,104.3263070672364,0.0004394190950306039
0.3820097545782725,0.033333333830038704,0.05862211436033249,99233.1875,121560.6546875,103.33867946728,0.0004394190950306039
0.38493768374125165,-0.033333333830038704,0.0585274671514829,99242.328125,121571.851953125,103.3481982597405,0.00043941870542072017
0.38493768374125165,0.033333333830038704,-0.0585274671514829,100179.578125,122719.98320312501,104.32422432290316,0.00043941870542072017
0.38640161355336505,-0.033333333830038704,-0.058479088048140206,100179.578125,122719.98320312501,104.32422432290316,0.00043941870542072017
0.38640161355336505,0.033333333830038704,0.058479088048140206,99242.328125,121571.851953125,103.3481982597405,0.00043941870542072017
0.3893294036388397,-0.033333333830038704,0.0583802858988444,99251.4765625,121583.0587890625,103.35772518792103,0.000439418536555344
0.3893294036388397,0.033333333830038704,-0.0583802858988444,100177.421875,122717.34179687501,104.3219788641689,0.000439418536555344
0.3907932639122009,-0.033333333830038704,-0.05832986285289129,100177.421875,122717.34179687501,104.3219788641689,0.000439418536555344
0.3907932639122009,0.033333333830038704,0.05832986285289129,99251.4765625,121583.0587890625,103.35772518792103,0.000439418536555344
0.3937209149201711,-0.033333333830038704,0.058226982752482094,99260.796875,121594.47617187501,103.36743110194271,0.0004394191175979256
0.3937209149201711,0.033333333830038704,-0.058226982752482094,100175.46875,122714.94921875001,104.31994493415597,0.0004394191175979256
0.3951847056547801,-0.033333333830038704,-0.058174525698026024,100175.46875,122714.94921875001,104.31994493415597,0.0004394191175979256
0.3951847056547801,0.033333333830038704,0.058174525698026024,99260.796875,121594.47617187501,103.36743110194271,0.0004394191175979256
0.3981122076511383,-0.033333333830038704,0.05806758378942808,99269.6015625,121605.2619140625,103.37660005844099,0.0004394174995305574
0.3981122076511383,0.033333333830038704,-0.05806758378942808,100173.5625,122712.61406250001,104.31795981846335,0.0004394174995305574
0.3995759189128876,-0.033333333830038704,-0.0580130989352862,100173.5625,122712.61406250001,104.31795981846335,0.0004394174995305574
0.3995759189128876,0.033333333830038704,0.0580130989352862,99269.6015625,121605.2619140625,103.37660005844099,0.0004394174995305574
0.40250327189763385,-0.033333333830038704,0.05790219083428383,99278.4140625,121616.05722656251,103.38577715065931,0.0004394186689275424
0.40250327189763385,0.033333333830038704,-0.05790219083428383,100171.9375,122710.6234375,104.3162675886926,0.0004394186689275424
0.4039669136206309,-0.033333333830038704,-0.057845767587423325,100171.9375,122710.6234375,104.3162675886926,0.0004394186689275424
0.4039669136206309,0.033333333830038704,0.057845767587423325,99278.4140625,121616.05722656251,103.38577715065931,0.0004394186689275424
0.40689412752787274,-0.033333333830038704,0.057730949173370995,99287.1875,121626.80468750001,103.39491356427737,0.0004394210097602681
0.40689412752787274,0.033333333830038704,-0.057730949173370995,100170.1484375,122708.4318359375,104.31440450880076,0.0004394210097602681
0.4083576997121175,-0.033333333830038704,-0.057672554006179176,100170.1484375,122708.4318359375,104.31440450880076,0.0004394210097602681
0.4083576997121175,0.033333333830038704,0.057672554006179176,99287.1875,121626.80468750001,103.39491356427737,0.0004394210097602681
0.41128475467363995,-0.033333333830038704,0.05755387991666794,99295.8515625,121637.4181640625,103.4039360778147,0.0004394171032882463
0.41128475467363995,0.033333333830038704,-0.05755387991666794,100168.3515625,122706.2306640625,104.31253329318886,0.0004394171032882463
0.41274823745091754,-0.033333333830038704,-0.057493600994348526,100168.3515625,122706.2306640625,104.31253329318886,0.0004394171032882463
0.41274823745091754,0.033333333830038704,0.057493600994348526,99295.8515625,121637.4181640625,103.4039360778147,0.0004394171032882463
0.4156751334667206,-0.033333333830038704,0.05737114946047465,99304.5703125,121648.09863281251,103.41301554139241,0.0004394200068080961
0.4156751334667206,0.033333333830038704,-0.05737114946047465,100166.6484375,122704.14433593751,104.3107597062176,0.0004394200068080961
0.41713854670524597,-0.033333333830038704,-0.05730897684892019,100166.6484375,122704.14433593751,104.3107597062176,0.0004394200068080961
0.41713854670524597,0.033333333830038704,0.05730897684892019,99304.5703125,121648.09863281251,103.41301554139241,0.0004394200068080961
0.42006529370943707,-0.033333333830038704,0.05718279381593069,99313.1015625,121658.54941406251,103.42189974768887,0.000439419935478117
0.42006529370943707,0.033333333830038704,-0.05718279381593069,100164.78125,122701.85703125001,104.30881526912523,0.000439419935478117
0.4215286274751027,-0.033333333830038704,-0.057118783394495644,100164.78125,122701.85703125001,104.30881526912523,0.000439419935478117
0.4215286274751027,0.033333333830038704,0.057118783394495644,99313.1015625,121658.54941406251,103.42189974768887,0.000439419935478117
0.424455205599467,-0.033333333830038704,0.05698894212643305,99321.53125,121668.87578125001,103.43067818962466,0.0004394173455625388
0.424455205599467,0.033333333830038704,-0.05698894212643305,100163.296875,122700.03867187501,104.30726948231542,0.0004394173455625388
0.42591844995816547,-0.033333333830038704,-0.056923111279805504,100163.296875,122700.03867187501,104.30726948231542,0.0004394173455625388
0.42591844995816547,0.033333333830038704,0.056923111279805504,99321.53125,121668.87578125001,103.43067818962466,0.0004394173455625388
0.4288448592027028,-0.033333333830038704,0.05678963412841161,99330.171875,121679.46054687501,103.43967629600183,0.00043941834425466445
0.4288448592027028,0.033333333830038704,-0.05678963412841161,100161.953125,122698.39257812501,104.30587013846652,0.00043941834425466445
0.4303080240885417,-0.033333333830038704,-0.05672198782364527,100161.953125,122698.39257812501,104.30587013846652,0.00043941834425466445
0.4303080240885417,0.033333333830038704,0.05672198782364527,99330.171875,121679.46054687501,103.43967629600183,0.00043941834425466445
0.4332342743873596,-0.033333333830038704,0.056584954261779785,99338.421875,121689.566796875,103.44826761637644,0.0004394189598723581
0.4332342743873596,0.033333333830038704,-0.056584954261779785,100160.5390625,122696.6603515625,104.30439757313717,0.0004394189598723581
0.43469735980033875,-0.033333333830038704,-0.056515567004680634,100160.5390625,122696.6603515625,104.30439757313717,0.0004394189598723581
0.43469735980033875,0.033333333830038704,0.056515567004680634,99338.421875,121689.566796875,103.44826761637644,0.0004394189598723581
0.4376234511534373,-0.033333333830038704,0.056375027944644295,99346.421875,121699.36679687501,103.45659859370939,0.0004394205413317371
0.4376234511534373,0.033333333830038704,-0.056375027944644295,100158.921875,122694.67929687501,104.30271347908646,0.0004394205413317371
0.4390864570935567,-0.033333333830038704,-0.0563038761417071,100158.921875,122694.67929687501,104.30271347908646,0.0004394205413317371
0.4390864570935567,0.033333333830038704,0.0563038761417071,99346.421875,121699.36679687501,103.45659859370939,0.0004394205413317371
0.44201237956682843,-0.033333333830038704,0.05615986262758573,99354.703125,121709.51132812501,103.46522245696418,0.0004394189695813375
0.44201237956682843,0.033333333830038704,-0.05615986262758573,100157.4609375,122692.88964843751,104.30119209943679,0.0004394189695813375
0.44347529609998065,-0.033333333830038704,-0.05608700091640154,100157.4609375,122692.88964843751,104.30119209943679,0.0004394189695813375
0.44347529609998065,0.033333333830038704,0.05608700091640154,99354.703125,121709.51132812501,103.46522245696418,0.0004394189695813375
0.44640103975931805,-0.033333333830038704,0.055939568827549614,99362.96875,121719.63671875001,103.4738300487789,0.00043941797933634607
0.44640103975931805,0.033333333830038704,-0.055939568827549614,100156.171875,122691.31054687501,104.29984970562826,0.00043941797933634607
0.4478638668855031,-0.033333333830038704,-0.055864998449881874,100156.171875,122691.31054687501,104.29984970562826,0.00043941797933634607
0.4478638668855031,0.033333333830038704,0.055864998449881874,99362.96875,121719.63671875001,103.4738300487789,0.00043941797933634607
0.4507894416650136,-0.033333333830038704,0.055714202423890434,99370.96875,121729.43671875,103.48216102611183,0.00043941973096794473
0.4507894416650136,0.033333333830038704,-0.055714202423890434,100154.8203125,122689.65488281251,104.29844222605932,0.00043941973096794473
0.45225218931833905,-0.033333333830038704,-0.055637976775566735,100154.8203125,122689.65488281251,104.29844222605932,0.00043941973096794473
0.45225218931833905,0.033333333830038704,0.055637976775566735,99370.96875,121729.43671875,103.48216102611183,0.00043941973096794473
0.45517759521802265,-0.033333333830038704,0.05548389876882235,99378.71875,121738.93046875001,103.49023166040313,0.000439418613552179
0.45517759521802265,0.033333333830038704,-0.05548389876882235,100153.3984375,122687.91308593751,104.2969615250099,0.000439418613552179
0.4566402534643809,-0.033333333830038704,-0.055406046410401665,100153.3984375,122687.91308593751,104.2969615250099,0.000439418613552179
0.4566402534643809,0.033333333830038704,0.055406046410401665,99378.71875,121738.93046875001,103.49023166040313,0.000439418613552179
0.4595654805501302,-0.033333333830038704,0.055248706291119255,99386.65625,121748.65390625001,103.49849755197565,0.00043941818126027856
0.4595654805501302,0.033333333830038704,-0.055248706291119255,100152.21875,122686.46796875,104.2957330312821,0.00043941818126027856
0.4610280493895213,-0.033333333830038704,-0.055169218530257545,100152.21875,122686.46796875,104.2957330312821,0.00043941818126027856
0.4610280493895213,0.033333333830038704,0.055169218530257545,99386.65625,121748.65390625001,103.49849755197565,0.00043941818126027856
0.46395309766133624,-0.033333333830038704,0.05500863865017891,99394.484375,121758.243359375,103.50664954346746,0.000439417782685288
0.46395309766133624,0.033333333830038704,-0.05500863865017891,100151.1171875,122685.1185546875,104.29458589475482,0.000439417782685288
0.4654155770937602,-0.033333333830038704,-0.05492754653096199,100151.1171875,122685.1185546875,104.29458589475482,0.000439417782685288
0.4654155770937602,0.033333333830038704,0.05492754653096199,99394.484375,121758.243359375,103.50664954346746,0.000439417782685288
0.4683404564857483,-0.033333333830038704,0.05476377656062444,99401.9921875,121767.44042968751,103.51446797043714,0.0004394205729668135
0.4683404564857483,0.033333333830038704,-0.05476377656062444,100149.921875,122683.65429687501,104.2933411295869,0.0004394205729668135
0.4698028564453125,-0.033333333830038704,-0.05468109870950381,100149.921875,122683.65429687501,104.2933411295869,0.0004394205729668135
0.4698028564453125,0.033333333830038704,0.05468109870950381,99401.9921875,121767.44042968751,103.51446797043714,0.0004394205729668135
0.4727275570233663,-0.033333333830038704,0.054514214396476746,99409.7734375,121776.97246093751,103.52257114760864,0.0004394169434489434
0.4727275570233663,0.033333333830038704,-0.054514214396476746,100148.71875,122682.18046875001,104.29208822869894,0.0004394169434489434
0.4741898576418559,-0.033333333830038704,-0.05443000793457031,100148.71875,122682.18046875001,104.29208822869894,0.0004394169434489434
0.4741898576418559,0.033333333830038704,0.05443000793457031,99409.7734375,121776.97246093751,103.52257114760864,0.0004394169434489434
0.47711437940597534,-0.033333333830038704,0.05426006888349851,99417.59375,121786.55234375001,103.5307150033804,0.0004394197011468824
0.47711437940597534,0.033333333830038704,-0.05426006888349851,100147.59375,122680.80234375001,104.2909166850115,0.0004394197011468824
0.4785766005516052,-0.033333333830038704,-0.05417433629433314,100147.59375,122680.80234375001,104.2909166850115,0.0004394197011468824
0.4785766005516052,0.033333333830038704,0.05417433629433314,99417.59375,121786.55234375001,103.5307150033804,0.0004394197011468824
0.4815009534358978,-0.033333333830038704,0.054001333812872566,99425.15625,121795.81640625001,103.53859038039045,0.0004394201619544558
0.4815009534358978,0.033333333830038704,-0.054001333812872566,100146.59375,122679.57734375,104.28987531284487,0.0004394201619544558
0.48296308517456055,-0.033333333830038704,-0.05391406392057737,100146.59375,122679.57734375,104.28987531284487,0.0004394201619544558
0.48296308517456055,0.033333333830038704,0.05391406392057737,99425.15625,121795.81640625001,103.53859038039045,0.0004394201619544558
0.48588724931081134,-0.033333333830038704,0.0537380613386631,99432.5546875,121804.87949218751,103.5462949072794,0.0004394167790569953
0.48588724931081134,0.033333333830038704,-0.0537380613386631,100145.7109375,122678.49589843751,104.28895597647903,0.0004394167790569953
0.4873492817083995,-0.033333333830038704,-0.05364932864904404,100145.7109375,122678.49589843751,104.28895597647903,0.0004394167790569953
0.4873492817083995,0.033333333830038704,0.05364932864904404,99432.5546875,121804.87949218751,103.5462949072794,0.0004394167790569953
0.49027326703071594,-0.033333333830038704,0.053470365703105927,99439.9140625,121813.8947265625,103.5539587555681,0.0004394204280065926
0.49027326703071594,0.033333333830038704,-0.053470365703105927,100144.6328125,122677.1751953125,104.2878332471119,0.0004394204280065926
0.49173521995544434,-0.033333333830038704,-0.05338013544678688,100144.6328125,122677.1751953125,104.2878332471119,0.0004394204280065926
0.49173521995544434,0.033333333830038704,0.05338013544678688,99439.9140625,121813.8947265625,103.5539587555681,0.0004394204280065926
0.4946590264638265,-0.033333333830038704,0.05319824814796448,99447.3046875,121822.94824218751,103.56165514673702,0.0004394172595242715
0.4946590264638265,0.033333333830038704,-0.05319824814796448,100143.453125,122675.73007812501,104.2866047533841,0.0004394172595242715
0.4961208800474803,-0.033333333830038704,-0.05310659110546112,100143.453125,122675.73007812501,104.2866047533841,0.0004394172595242715
0.4961208800474803,0.033333333830038704,0.05310659110546112,99447.3046875,121822.94824218751,103.56165514673702,0.0004394172595242715
0.4990444978078206,-0.033333333830038704,0.05292185768485069,99454.6875,121831.99218750001,103.56934340218588,0.00043941734216002514
0.4990444978078206,0.033333333830038704,-0.05292185768485069,100142.5,122674.56250000001,104.28561219553778,0.00043941734216002514
0.5005062619845072,-0.033333333830038704,-0.05282878130674362,100142.5,122674.56250000001,104.28561219553778,0.00043941734216002514
0.5005062619845072,0.033333333830038704,0.05282878130674362,99454.6875,121831.99218750001,103.56934340218588,0.00043941734216002514
0.5034297108650208,-0.033333333830038704,0.05264114712675413,99461.9296875,121840.86386718751,103.57688521467381,0.0004394220151192194
0.5034297108650208,0.033333333830038704,-0.05264114712675413,100141.609375,122673.47148437501,104.28468472345189,0.0004394220151192194
0.5048913955688477,-0.033333333830038704,-0.0525465893248717,100141.609375,122673.47148437501,104.28468472345189,0.0004394220151192194
0.5048913955688477,0.033333333830038704,0.0525465893248717,99461.9296875,121840.86386718751,103.57688521467381,0.0004394220151192194
0.5078146656354269,-0.033333333830038704,0.0523561363418897,99469.171875,121849.735546875,103.58442702716174,0.0004394183598892633
0.5078146656354269,0.033333333830038704,-0.0523561363418897,100140.921875,122672.629296875,104.28396878008733,0.0004394183598892633
0.5092762509981791,-0.033333333830038704,-0.05226024116079012,100140.921875,122672.629296875,104.28396878008733,0.0004394183598892633
0.5092762509981791,0.033333333830038704,0.05226024116079012,99469.171875,121849.735546875,103.58442702716174,0.0004394183598892633
0.512199322382609,-0.033333333830038704,0.05206704636414846,99476.5390625,121858.76035156251,103.59209901117049,0.0004394164088440229
0.512199322382609,0.033333333830038704,-0.05206704636414846,100139.9375,122671.42343750001,104.28294367936083,0.0004394164088440229
0.5136608084042867,-0.033333333830038704,-0.05196974674860636,100139.9375,122671.42343750001,104.28294367936083,0.0004394164088440229
0.5136608084042867,0.033333333830038704,0.05196974674860636,99476.5390625,121858.76035156251,103.59209901117049,0.0004394164088440229
0.5165837009747823,-0.033333333830038704,0.051773812621831894,99483.6875,121867.51718750001,103.5995431950178,0.00043941940540965775
0.5165837009747823,0.033333333830038704,-0.051773812621831894,100138.9765625,122670.2462890625,104.28194298579447,0.00043941940540965775
0.5180451075236002,-0.033333333830038704,-0.05167517811059952,100138.9765625,122670.2462890625,104.28194298579447,0.00043941940540965775
0.5180451075236002,0.033333333830038704,0.05167517811059952,99483.6875,121867.51718750001,103.5995431950178,0.00043941940540965775
0.5209678411483765,-0.033333333830038704,0.05147655432422956,99490.6796875,121876.08261718751,103.60682466446407,0.0004394231750613782
0.5209678411483765,0.033333333830038704,-0.05147655432422956,100138.2265625,122669.3275390625,104.28116195666951,0.0004394231750613782
0.5224291682243347,-0.033333333830038704,-0.05137656504909197,100138.2265625,122669.3275390625,104.28116195666951,0.0004394231750613782
0.5224291682243347,0.033333333830038704,0.05137656504909197,99490.6796875,121876.08261718751,103.60682466446407,0.0004394231750613782
0.5253517031669617,-0.033333333830038704,0.05117526898781458,99497.59375,121884.55234375001,103.61402477670983,0.00043941465640361956
0.5253517031669617,0.033333333830038704,-0.05117526898781458,100137.453125,122668.380078125,104.28035652038439,0.00043941465640361956
0.5268129110336304,-0.033333333830038704,-0.05107396220167478,100137.453125,122668.380078125,104.28035652038439,0.00043941465640361956
0.5268129110336304,0.033333333830038704,0.05107396220167478,99497.59375,121884.55234375001,103.61402477670983,0.00043941465640361956
0.529735247294108,-0.033333333830038704,0.050870039810736976,99504.671875,121893.223046875,103.62139573907668,0.0004394182049635006
0.529735247294108,0.033333333830038704,-0.050870039810736976,100136.6171875,122667.35605468751,104.27948599833886,0.0004394182049635006
0.5311963756879171,-0.033333333830038704,-0.05076742420593897,100136.6171875,122667.35605468751,104.27948599833886,0.0004394182049635006
0.5311963756879171,0.033333333830038704,0.05076742420593897,99504.671875,121893.223046875,103.62139573907668,0.0004394182049635006
0.5341185530026754,-0.033333333830038704,0.050560884177684784,99511.75,121901.89375,103.62876670144351,0.0004394221056369229
0.5341185530026754,0.033333333830038704,-0.050560884177684784,100135.96875,122666.56171875,104.27881073357456,0.0004394221056369229
0.5355796019236246,-0.033333333830038704,-0.05045695975422859,100135.96875,122666.56171875,104.27881073357456,0.0004394221056369229
0.5355796019236246,0.033333333830038704,0.05045695975422859,99511.75,121901.89375,103.62876670144351,0.0004394221056369229
0.5385016004244486,-0.033333333830038704,0.0502478318909804,99518.4453125,121910.09550781251,103.63573901352783,0.00043941977110244766
0.5385016004244486,0.033333333830038704,-0.0502478318909804,100135.171875,122665.58554687501,104.27798089012929,0.00043941977110244766
0.5399625500043234,-0.033333333830038704,-0.05014262845118841,100135.171875,122665.58554687501,104.27798089012929,0.00043941977110244766
0.5399625500043234,0.033333333830038704,0.05014262845118841,99518.4453125,121910.09550781251,103.63573901352783,0.00043941977110244766
0.542884349822998,-0.033333333830038704,0.04993097732464472,99525.34375,121918.54609375,103.64292285433348,0.00043941701545795333
0.542884349822998,0.033333333830038704,-0.04993097732464472,100134.3671875,122664.5998046875,104.27714291096396,0.00043941701545795333
0.5443452000617981,-0.033333333830038704,-0.04982452963789304,100134.3671875,122664.5998046875,104.27714291096396,0.00043941701545795333
0.5443452000617981,0.033333333830038704,0.04982452963789304,99525.34375,121918.54609375,103.64292285433348,0.00043941701545795333
0.5472668210665385,-0.033333333830038704,0.04961039125919342,99532.0625,121926.7765625,103.64991957357795,0.00043942049584967853
0.5472668210665385,0.033333333830038704,-0.04961039125919342,100133.78125,122663.88203125,104.27653273196009,0.00043942049584967853
0.5487275918324789,-0.033333333830038704,-0.04950270056724548,100133.78125,122663.88203125,104.27653273196009,0.00043942049584967853
0.5487275918324789,0.033333333830038704,0.04950270056724548,99532.0625,121926.7765625,103.64991957357795,0.00043942049584967853
0.5516490340232849,-0.033333333830038704,0.04928607990344366,99538.7734375,121934.9974609375,103.65690815710235,0.00043941826688400715
0.5516490340232849,0.033333333830038704,-0.04928607990344366,100133.0703125,122663.0111328125,104.27579238143538,0.00043941826688400715
0.5531097054481506,-0.033333333830038704,-0.04917714993158976,100133.0703125,122663.0111328125,104.27579238143538,0.00043941826688400715
0.5531097054481506,0.033333333830038704,0.04917714993158976,99538.7734375,121934.9974609375,103.65690815710235,0.00043941826688400715
0.5560309489568075,-0.033333333830038704,0.04895804822444916,99545.703125,121943.48632812501,103.66412454078821,0.0004394164105298869
0.5560309489568075,0.033333333830038704,-0.04895804822444916,100132.3671875,122662.1498046875,104.27506016663072,0.0004394164105298869
0.5574915210405985,-0.033333333830038704,-0.048847876489162445,100132.3671875,122662.1498046875,104.27506016663072,0.0004394164105298869
0.5574915210405985,0.033333333830038704,0.048847876489162445,99545.703125,121943.48632812501,103.66412454078821,0.0004394164105298869
0.560412585735321,-0.033333333830038704,0.04862635210156441,99552.375,121951.659375,103.67107244571237,0.0004394194271229836
0.560412585735321,0.033333333830038704,-0.04862635210156441,100131.7265625,122661.36503906251,104.27439303758649,0.0004394194271229836
0.5618730783462524,-0.033333333830038704,-0.04851499944925308,100131.7265625,122661.36503906251,104.27439303758649,0.0004394194271229836
0.5618730783462524,0.033333333830038704,0.04851499944925308,99552.375,121951.659375,103.67107244571237,0.0004394194271229836
0.5647939642270406,-0.033333333830038704,0.048291114469369255,99558.9765625,121959.7462890625,103.67794712915605,0.00043941675914751913
0.5647939642270406,0.033333333830038704,-0.048291114469369255,100131.34375,122660.89609375001,104.27399438730396,0.00043941675914751913
0.5662543574968973,-0.033333333830038704,-0.048178582141796746,100131.34375,122660.89609375001,104.27399438730396,0.00043941675914751913
0.5662543574968973,0.033333333830038704,0.048178582141796746,99558.9765625,121959.7462890625,103.67794712915605,0.00043941675914751913
0.5691750645637512,-0.033333333830038704,0.04795228938261668,99565.609375,121967.871484375,103.68485435547996,0.00043942144882734726
0.5691750645637512,0.033333333830038704,-0.04795228938261668,100130.921875,122660.379296875,104.27355505842117,0.00043942144882734726
0.5706353783607483,-0.033333333830038704,-0.04783852895100912,100130.921875,122660.379296875,104.27355505842117,0.00043942144882734726
0.5706353783607483,0.033333333830038704,0.04783852895100912,99565.609375,121967.871484375,103.68485435547996,0.00043942144882734726
0.5735559066136678,-0.033333333830038704,0.04760986194014549,99572.0703125,121975.78613281251,103.69158259596271,0.00043941857708362764
0.5735559066136678,0.033333333830038704,-0.04760986194014549,100130.15625,122659.44140625001,104.2727577578561,0.00043941857708362764
0.5750161210695902,-0.033333333830038704,-0.047494955360889435,100130.15625,122659.44140625001,104.2727577578561,0.00043941857708362764
0.5750161210695902,0.033333333830038704,0.047494955360889435,99572.0703125,121975.78613281251,103.69158259596271,0.00043941857708362764
0.5779364705085754,-0.033333333830038704,0.04726400847236315,99578.6328125,121983.82519531251,103.69841660080614,0.0004394216229853694
0.5779364705085754,0.033333333830038704,-0.04726400847236315,100129.75,122658.94375,104.27233470041341,0.0004394216229853694
0.5793966054916382,-0.033333333830038704,-0.04714796816309293,100129.75,122658.94375,104.27233470041341,0.0004394216229853694
0.5793966054916382,0.033333333830038704,0.04714796816309293,99578.6328125,121983.82519531251,103.69841660080614,0.0004394216229853694
0.5823167761166891,-0.033333333830038704,0.04691473270455996,99585.3359375,121992.0365234375,103.70539704861051,0.0004394194987188085
0.5823167761166891,0.033333333830038704,-0.04691473270455996,100129.1171875,122658.16855468751,104.27167570708922,0.0004394194987188085
0.5837768117586771,-0.033333333830038704,-0.04679753755529722,100129.1171875,122658.16855468751,104.27167570708922,0.0004394194987188085
0.5837768117586771,0.033333333830038704,0.04679753755529722,99585.3359375,121992.0365234375,103.70539704861051,0.0004394194987188085
0.5866967837015787,-0.033333333830038704,0.046562006076176964,99591.7265625,121999.86503906251,103.71205206761279,0.00043941731853271187
0.5866967837015787,0.033333333830038704,-0.046562006076176964,100128.609375,122657.54648437501,104.27114688528586,0.00043941731853271187
0.5881567200024923,-0.033333333830038704,-0.04644366974631945,100128.609375,122657.54648437501,104.27114688528586,0.00043941731853271187
0.5881567200024923,0.033333333830038704,0.04644366974631945,99591.7265625,121999.86503906251,103.71205206761279,0.00043941731853271187
0.5910765131314596,-0.033333333830038704,0.04620589315891266,99598.09375,122007.66484375001,103.71868267945493,0.0004394204362259732
0.5910765131314596,0.033333333830038704,-0.04620589315891266,100128.34375,122657.22109375,104.2708702708041,0.0004394204362259732
0.5925363699595133,-0.033333333830038704,-0.04608645290136337,100128.34375,122657.22109375,104.2708702708041,0.0004394204362259732
0.5925363699595133,0.033333333830038704,0.04608645290136337,99598.09375,122007.66484375001,103.71868267945493,0.0004394204362259732
0.5954559842745463,-0.033333333830038704,0.04584647466739019,99604.625,122015.66562500001,103.72548414141815,0.00043941771125451633
0.5954559842745463,0.033333333830038704,-0.04584647466739019,100127.6484375,122656.3693359375,104.27014619171949,0.00043941771125451633
0.5969157417615255,-0.033333333830038704,-0.045725936690966286,100127.6484375,122656.3693359375,104.27014619171949,0.00043941771125451633
0.5969157417615255,0.033333333830038704,0.045725936690966286,99604.625,122015.66562500001,103.72548414141815,0.00043941771125451633
0.5998351573944092,-0.033333333830038704,0.04548375805219015,99611.0625,122023.55156250001,103.73218797474075,0.00043941535883748373
0.5998351573944092,0.033333333830038704,-0.04548375805219015,100127.140625,122655.747265625,104.26961736991613,0.00043941535883748373
0.6012948155403137,-0.033333333830038704,-0.0453621173898379,100127.140625,122655.747265625,104.26961736991613,0.00043941535883748373
0.6012948155403137,0.033333333830038704,0.0453621173898379,99611.0625,122023.55156250001,103.73218797474075,0.00043941535883748373
0.6042140523592631,-0.033333333830038704,0.04511772841215134,99617.3984375,122031.31308593751,103.73878604370269,0.0004394193218438832
0.6042140523592631,0.033333333830038704,-0.04511772841215134,100126.9765625,122655.5462890625,104.26944651979505,0.0004394193218438832
0.605673631032308,-0.033333333830038704,-0.04499498009681702,100126.9765625,122655.5462890625,104.26944651979505,0.0004394193218438832
0.605673631032308,0.033333333830038704,0.04499498009681702,99617.3984375,122031.31308593751,103.73878604370269,0.0004394193218438832
0.608592708905538,-0.033333333830038704,0.04474842796723048,99623.8828125,122039.25644531251,103.7455386913456,0.0004394222146562323
0.608592708905538,0.033333333830038704,-0.04474842796723048,100126.6328125,122655.1251953125,104.26908854811278,0.0004394222146562323
0.610052208105723,-0.033333333830038704,-0.044624624152978264,100126.6328125,122655.1251953125,104.26908854811278,0.0004394222146562323
0.610052208105723,0.033333333830038704,0.044624624152978264,99623.8828125,122039.25644531251,103.7455386913456,0.0004394222146562323
0.6129710872968038,-0.033333333830038704,0.04437594612439474,99630.21875,122047.01796875,103.75213676030754,0.0004394138404797709
0.6129710872968038,0.033333333830038704,-0.04437594612439474,100126.2109375,122654.60839843751,104.26864921922999,0.0004394138404797709
0.6144304672876993,-0.033333333830038704,-0.04425107191006342,100126.2109375,122654.60839843751,104.26864921922999,0.0004394138404797709
0.6144304672876993,0.033333333830038704,0.04425107191006342,99630.21875,122047.01796875,103.75213676030754,0.0004394138404797709
0.6173491676648458,-0.033333333830038704,0.044000240663687386,99636.4375,122054.6359375,103.75861279346869,0.0004394238392292977
0.6173491676648458,0.033333333830038704,-0.044000240663687386,100125.8515625,122654.1681640625,104.2682749761076,0.0004394238392292977
0.6188084880510966,-0.033333333830038704,-0.04387428363164266,100125.8515625,122654.1681640625,104.2682749761076,0.0004394238392292977
0.6188084880510966,0.033333333830038704,0.04387428363164266,99636.4375,122054.6359375,103.75861279346869,0.0004394238392292977
0.6217270096143087,-0.033333333830038704,0.04362134511272112,99642.640625,122062.234765625,103.76507255518975,0.0004394147463516705
0.6217270096143087,0.033333333830038704,-0.04362134511272112,100125.46875,122653.69921875001,104.26787632582507,0.0004394147463516705
0.6231862107912699,-0.033333333830038704,-0.04349436362584432,100125.46875,122653.69921875001,104.26787632582507,0.0004394147463516705
0.6231862107912699,0.033333333830038704,0.04349436362584432,99642.640625,122062.234765625,103.76507255518975,0.0004394147463516705
0.6261045336723328,-0.033333333830038704,0.04323936998844147,99648.8125,122069.7953125,103.77149977403059,0.00043941790926190443
0.6261045336723328,0.033333333830038704,-0.04323936998844147,100125.171875,122653.33554687501,104.2675671684631,0.00043941790926190443
0.6275636553764343,-0.033333333830038704,-0.04311135783791542,100125.171875,122653.33554687501,104.2675671684631,0.00043941790926190443
0.6275636553764343,0.033333333830038704,0.04311135783791542,99648.8125,122069.7953125,103.77149977403059,0.00043941790926190443
0.6304818193117777,-0.033333333830038704,0.04285430163145065,99655.21875,122077.64296875,103.77817106447299,0.0004394213238310065
0.6304818193117777,0.033333333830038704,-0.04285430163145065,100124.7734375,122652.84746093751,104.26715224674047,0.0004394213238310065
0.6319408615430196,-0.033333333830038704,-0.04272525757551193,100124.7734375,122652.84746093751,104.26715224674047,0.0004394213238310065
0.6319408615430196,0.033333333830038704,0.04272525757551193,99655.21875,122077.64296875,103.77817106447299,0.0004394213238310065
0.6348588466644287,-0.033333333830038704,0.04246613631645838,99661.5078125,122085.3470703125,103.7847203191146,0.0004394190539258363
0.6348588466644287,0.033333333830038704,-0.04246613631645838,100124.5078125,122652.52207031251,104.26687563225872,0.0004394190539258363
0.636317789554596,-0.033333333830038704,-0.04233605911334356,100124.5078125,122652.52207031251,104.26687563225872,0.0004394190539258363
0.636317789554596,0.033333333830038704,0.04233605911334356,99661.5078125,122085.3470703125,103.7847203191146,0.0004394190539258363
0.6392355759938558,-0.033333333830038704,0.042074885219335556,99667.5703125,122092.7736328125,103.79103363787472,0.00043941663786518616
0.6392355759938558,0.033333333830038704,-0.042074885219335556,100124.3515625,122652.33066406251,104.26671291785767,0.00043941663786518616
0.6406944195429484,-0.033333333830038704,-0.04194378852844238,100124.3515625,122652.33066406251,104.26671291785767,0.00043941663786518616
0.6406944195429484,0.033333333830038704,0.04194378852844238,99667.5703125,122092.7736328125,103.79103363787472,0.00043941663786518616
0.6436120271682739,-0.033333333830038704,0.04168061291178068,99673.7109375,122100.29589843751,103.79742831383537,0.0004394193649591425
0.6436120271682739,0.033333333830038704,-0.04168061291178068,100124.09375,122652.01484375,104.26644443909598,0.0004394193649591425
0.6450707912445068,-0.033333333830038704,-0.04154853398601214,100124.09375,122652.01484375,104.26644443909598,0.0004394193649591425
0.6450707912445068,0.033333333830038704,0.04154853398601214,99673.7109375,122100.29589843751,103.79742831383537,0.0004394193649591425
0.6479882399241129,-0.033333333830038704,0.04128336409727732,99679.9296875,122107.91386718751,103.80390434699652,0.0004394231032198139
0.6479882399241129,0.033333333830038704,-0.04128336409727732,100123.6875,122651.51718750001,104.26602138165329,0.0004394231032198139
0.6494469245274862,-0.033333333830038704,-0.04115027313431104,100123.6875,122651.51718750001,104.26602138165329,0.0004394231032198139
0.6494469245274862,0.033333333830038704,0.04115027313431104,99679.9296875,122107.91386718751,103.80390434699652,0.0004394231032198139
0.652364174524943,-0.033333333830038704,0.04088310276468595,99686.109375,122115.48398437501,103.81033970155741,0.00043941453367423
0.652364174524943,0.033333333830038704,-0.04088310276468595,100123.6015625,122651.41191406251,104.26593188873271,0.00043941453367423
0.6538227399190267,-0.033333333830038704,-0.04074902335802714,100123.6015625,122651.41191406251,104.26593188873271,0.00043941453367423
0.6538227399190267,0.033333333830038704,0.04074902335802714,99686.109375,122115.48398437501,103.81033970155741,0.00043941453367423
0.6567397912343343,-0.033333333830038704,0.04047985995809237,99692.265625,122123.02539062501,103.81675064895816,0.0004394184837291186
0.6567397912343343,0.033333333830038704,-0.04047985995809237,100123.3984375,122651.16308593751,104.26572036001137,0.0004394184837291186
0.6581982771555582,-0.033333333830038704,-0.040344775964816414,100123.3984375,122651.16308593751,104.26572036001137,0.0004394184837291186
0.6581982771555582,0.033333333830038704,0.040344775964816414,99692.265625,122123.02539062501,103.81675064895816,0.0004394184837291186
0.6611151695251465,-0.033333333830038704,0.040073653062184654,99698.421875,122130.566796875,103.8231615963589,0.0004394212575292485
0.6611151695251465,0.033333333830038704,-0.040073653062184654,100123.09375,122650.78984375001,104.26540306692935,0.0004394212575292485
0.6625735759735107,-0.033333333830038704,-0.03993761415282885,100123.09375,122650.78984375001,104.26540306692935,0.0004394212575292485
0.6625735759735107,0.033333333830038704,0.03993761415282885,99698.421875,122130.566796875,103.8231615963589,0.0004394212575292485
0.6654902895291647,-0.033333333830038704,0.039664577692747116,99704.4765625,122137.9837890625,103.82946677939897,0.00043941838955755897
0.6654902895291647,0.033333333830038704,-0.039664577692747116,100123.0703125,122650.7611328125,104.2653786597692,0.00043941838955755897
0.6669485966364542,-0.033333333830038704,-0.03952758014202118,100123.0703125,122650.7611328125,104.2653786597692,0.00043941838955755897
0.6669485966364542,0.033333333830038704,0.03952758014202118,99704.4765625,122137.9837890625,103.82946677939897,0.00043941838955755897
0.6698651115099589,-0.033333333830038704,0.039252584179242454,99710.515625,122145.38164062501,103.83575569099894,0.0004394169049553555
0.6698651115099589,0.033333333830038704,-0.039252584179242454,100122.9921875,122650.6654296875,104.26529730256868,0.0004394169049553555
0.671323319276174,-0.033333333830038704,-0.03911458576718966,100122.9921875,122650.6654296875,104.26529730256868,0.0004394169049553555
0.671323319276174,0.033333333830038704,0.03911458576718966,99710.515625,122145.38164062501,103.83575569099894,0.0004394169049553555
0.6742396553357443,-0.033333333830038704,0.0388376439611117,99716.78125,122153.05703125,103.8422805384804,0.00043941997058726375
0.6742396553357443,0.033333333830038704,-0.0388376439611117,100122.8515625,122650.49316406251,104.26515085960776,0.00043941997058726375
0.6756977836290995,-0.033333333830038704,-0.03869870056708654,100122.8515625,122650.49316406251,104.26515085960776,0.00043941997058726375
0.6756977836290995,0.033333333830038704,0.03869870056708654,99716.78125,122153.05703125,103.8422805384804,0.00043941997058726375
0.6786139408747355,-0.033333333830038704,0.038419863830010094,99723.0625,122160.75156250001,103.84882165740197,0.0004394174294849369
0.6786139408747355,0.033333333830038704,-0.038419863830010094,100122.7421875,122650.35917968751,104.26503695952702,0.0004394174294849369
0.6800719698270162,-0.033333333830038704,-0.038279970486958824,100122.7421875,122650.35917968751,104.26503695952702,0.0004394174294849369
0.6800719698270162,0.033333333830038704,0.038279970486958824,99723.0625,122160.75156250001,103.84882165740197,0.0004394174294849369
0.6829879482587179,-0.033333333830038704,0.037999248752991356,99729.0,122168.02500000001,103.85500480464127,0.0004394205782339045
0.6829879482587179,0.033333333830038704,-0.037999248752991356,100122.640625,122650.234765625,104.26493119516635,0.0004394205782339045
0.6844458977381388,-0.033333333830038704,-0.03785842036207517,100122.640625,122650.234765625,104.26493119516635,0.0004394205782339045
0.6844458977381388,0.033333333830038704,0.03785842036207517,99729.0,122168.02500000001,103.85500480464127,0.0004394205782339045
0.6873616973559061,-0.033333333830038704,0.03757579376300176,99734.9609375,122175.32714843751,103.8612123590407,0.0004394189845110009
0.6873616973559061,0.033333333830038704,-0.03757579376300176,100122.2890625,122649.8041015625,104.26456508776403,0.0004394189845110009
0.6888195474942526,-0.033333333830038704,-0.037433995554844536,100122.2890625,122649.8041015625,104.26456508776403,0.0004394189845110009
0.6888195474942526,0.033333333830038704,0.037433995554844536,99734.9609375,122175.32714843751,103.8612123590407,0.0004394189845110009
0.6917351682980856,-0.033333333830038704,0.037149482717116676,99741.171875,122182.93554687501,103.86768025648182,0.0004394219564755492
0.6917351682980856,0.033333333830038704,-0.037149482717116676,100122.3671875,122649.8998046875,104.26464644496454,0.0004394219564755492
0.6931929389635721,-0.033333333830038704,-0.03700676808754603,100122.3671875,122649.8998046875,104.26464644496454,0.0004394219564755492
0.6931929389635721,0.033333333830038704,0.03700676808754603,99741.171875,122182.93554687501,103.86768025648182,0.0004394219564755492
0.6961083809534708,-0.033333333830038704,0.03672041123112043,99747.1796875,122190.2951171875,103.87393662520158,0.0004394194987661817
0.6961083809534708,0.033333333830038704,-0.03672041123112043,100122.453125,122650.005078125,104.26473593788512,0.0004394194987661817
0.6975660522778829,-0.033333333830038704,-0.036576769004265465,100122.453125,122650.005078125,104.26473593788512,0.0004394194987661817
0.6975660522778829,0.033333333830038704,0.036576769004265465,99747.1796875,122190.2951171875,103.87393662520158,0.0004394194987661817
0.7004812955856323,-0.033333333830038704,0.0362885445356369,99753.1953125,122197.6642578125,103.88020112964139,0.00043941758700197936
0.7004812955856323,0.033333333830038704,-0.0362885445356369,100122.390625,122649.92851562501,104.2646708521247,0.00043941758700197936
0.7019388675689697,-0.033333333830038704,-0.036143962293863297,100122.390625,122649.92851562501,104.2646708521247,0.00043941758700197936
0.7019388675689697,0.033333333830038704,0.036143962293863297,99753.1953125,122197.6642578125,103.88020112964139,0.00043941758700197936
0.7048539121945699,-0.033333333830038704,0.035853851586580276,99759.375,122205.23437500001,103.88663648420228,0.00043941604329387156
0.7048539121945699,0.033333333830038704,-0.035853851586580276,100122.296875,122649.813671875,104.26457322348408,0.00043941604329387156
0.7063113848368326,-0.033333333830038704,-0.03570832312107086,100122.296875,122649.813671875,104.26457322348408,0.00043941604329387156
0.7063113848368326,0.033333333830038704,0.03570832312107086,99759.375,122205.23437500001,103.88663648420228,0.00043941604329387156
0.7092262506484985,-0.033333333830038704,0.035416377087434135,99765.390625,122212.60351562501,103.8929009886421,0.00043941890225343636
0.7092262506484985,0.033333333830038704,-0.035416377087434135,100122.28125,122649.79453125001,104.26455695204398,0.00043941890225343636
0.7106836438179016,-0.033333333830038704,-0.035269959519306816,100122.28125,122649.79453125001,104.26455695204398,0.00043941890225343636
0.7106836438179016,0.033333333830038704,0.035269959519306816,99765.390625,122212.60351562501,103.8929009886421,0.00043941890225343636
0.713598350683848,-0.033333333830038704,0.03497620796163877,99771.4609375,122220.03964843751,103.89922244312227,0.0004394227486933535
0.713598350683848,0.033333333830038704,-0.03497620796163877,100122.2578125,122649.7658203125,104.26453254488382,0.0004394227486933535
0.7150556643803915,-0.033333333830038704,-0.03482887397209803,100122.2578125,122649.7658203125,104.26453254488382,0.0004394227486933535
0.7150556643803915,0.033333333830038704,0.03482887397209803,99771.4609375,122220.03964843751,103.89922244312227,0.0004394227486933535
0.7179701725641886,-0.033333333830038704,0.0345333032310009,99777.5625,122227.5140625,103.90557644048265,0.0004394144939483994
0.7179701725641886,0.033333333830038704,-0.0345333032310009,100122.4296875,122649.97636718751,104.26471153072495,0.0004394144939483994
0.7194273670514425,-0.033333333830038704,-0.034385066479444504,100122.4296875,122649.97636718751,104.26471153072495,0.0004394144939483994
0.7194273670514425,0.033333333830038704,0.034385066479444504,99777.5625,122227.5140625,103.90557644048265,0.0004394144939483994
0.7223416765530905,-0.033333333830038704,0.034087639302015305,99783.578125,122234.883203125,103.91184094492246,0.00043941982329608726
0.7223416765530905,0.033333333830038704,-0.034087639302015305,100122.6171875,122650.20605468751,104.2649067880062,0.00043941982329608726
0.7237987915674845,-0.033333333830038704,-0.0339384488761425,100122.6171875,122650.20605468751,104.2649067880062,0.00043941982329608726
0.7237987915674845,0.033333333830038704,0.0339384488761425,99783.578125,122234.883203125,103.91184094492246,0.00043941982329608726
0.7267129222551981,-0.033333333830038704,0.03363918513059616,99789.78125,122242.48203125001,103.9183007066435,0.00043941723495596045
0.7267129222551981,0.033333333830038704,-0.03363918513059616,100122.359375,122649.89023437501,104.26463830924449,0.00043941723495596045
0.7281699379285177,-0.033333333830038704,-0.03348911181092262,100122.359375,122649.89023437501,104.26463830924449,0.00043941723495596045
0.7281699379285177,0.033333333830038704,0.03348911181092262,99789.78125,122242.48203125001,103.9183007066435,0.00043941723495596045
0.731083889802297,-0.033333333830038704,0.03318804750839869,99796.0078125,122250.1095703125,103.92478487552472,0.00043942181212894787
0.731083889802297,0.033333333830038704,-0.03318804750839869,100122.5,122650.06250000001,104.26478475220543,0.00043942181212894787
0.7325408260027567,-0.033333333830038704,-0.0330370565255483,100122.5,122650.06250000001,104.26478475220543,0.00043942181212894787
0.7325408260027567,0.033333333830038704,0.0330370565255483,99796.0078125,122250.1095703125,103.92478487552472,0.00043942181212894787
0.7354545990626017,-0.033333333830038704,0.032734185457229614,99802.15625,122257.64140625001,103.93118768720541,0.0004394197461707673
0.7354545990626017,0.033333333830038704,-0.032734185457229614,100122.8671875,122650.51230468751,104.26516713104786,0.0004394197461707673
0.7369114359219869,-0.033333333830038704,-0.03258230537176132,100122.8671875,122650.51230468751,104.26516713104786,0.0004394197461707673
0.7369114359219869,0.033333333830038704,0.03258230537176132,99802.15625,122257.64140625001,103.93118768720541,0.0004394197461707673
0.7398250102996826,-0.033333333830038704,0.03227761139472326,99808.2421875,122265.09667968751,103.93752541312568,0.0004394192430907332
0.7398250102996826,0.033333333830038704,-0.03227761139472326,100123.0703125,122650.7611328125,104.2653786597692,0.0004394192430907332
0.7412817478179932,-0.033333333830038704,-0.03212479750315348,100123.0703125,122650.7611328125,104.2653786597692,0.0004394192430907332
0.7412817478179932,0.033333333830038704,0.03212479750315348,99808.2421875,122265.09667968751,103.93752541312568,0.0004394192430907332
0.7441951235135397,-0.033333333830038704,0.03181832283735275,99814.3984375,122272.6380859375,103.94393636052642,0.00043941618417747024
0.7441951235135397,0.033333333830038704,-0.03181832283735275,100123.109375,122650.808984375,104.26541933836945,0.00043941618417747024
0.7456517616907755,-0.033333333830038704,-0.031664662063121796,100123.109375,122650.808984375,104.26541933836945,0.00043941618417747024
0.7456517616907755,0.033333333830038704,0.031664662063121796,99814.3984375,122272.6380859375,103.94393636052642,0.00043941618417747024
0.7485649585723877,-0.033333333830038704,0.031356399257977806,99820.4296875,122280.02636718751,103.95021713640634,0.0004394221887976038
0.7485649585723877,0.033333333830038704,-0.031356399257977806,100123.1796875,122650.89511718751,104.26549255984992,0.0004394221887976038
0.7500215172767639,-0.033333333830038704,-0.03120179722706477,100123.1796875,122650.89511718751,104.26549255984992,0.0004394221887976038
0.7500215172767639,0.033333333830038704,0.03120179722706477,99820.4296875,122280.02636718751,103.95021713640634,0.0004394221887976038
0.7529345154762268,-0.033333333830038704,0.03089171275496483,99826.65625,122287.65390625001,103.95670130528755,0.0004394145844954448
0.7529345154762268,0.033333333830038704,-0.03089171275496483,100123.6171875,122651.4310546875,104.26594816017281,0.0004394145844954448
0.7543909549713135,-0.033333333830038704,-0.030736230313777924,100123.6171875,122651.4310546875,104.26594816017281,0.0004394145844954448
0.7543909549713135,0.033333333830038704,0.030736230313777924,99826.65625,122287.65390625001,103.95670130528755,0.0004394145844954448
0.7573037544886271,-0.033333333830038704,0.03042438191672166,99832.953125,122295.367578125,103.96325869564922,0.00043941909396285174
0.7573037544886271,0.033333333830038704,-0.03042438191672166,100123.7734375,122651.6224609375,104.26611087457385,0.00043941909396285174
0.7587601145108541,-0.033333333830038704,-0.030268015960852306,100123.7734375,122651.6224609375,104.26611087457385,0.00043941909396285174
0.7587601145108541,0.033333333830038704,0.030268015960852306,99832.953125,122295.367578125,103.96325869564922,0.00043941909396285174
0.7616727352142334,-0.033333333830038704,0.029954376940925915,99839.21875,122303.04296875001,103.96978354313069,0.00043941859847738295
0.7616727352142334,0.033333333830038704,-0.029954376940925915,100124.0390625,122651.94785156251,104.2663874890556,0.00043941859847738295
0.7631289958953857,-0.033333333830038704,-0.029797103876868885,100124.0390625,122651.94785156251,104.2663874890556,0.00043941859847738295
0.7631289958953857,0.033333333830038704,0.029797103876868885,99839.21875,122303.04296875001,103.96978354313069,0.00043941859847738295
0.7660414179166158,-0.033333333830038704,0.029481645673513412,99845.4453125,122310.67050781251,103.97626771201189,0.00043941843446918525
0.7660414179166158,0.033333333830038704,-0.029481645673513412,100124.40625,122652.39765625,104.26676986789803,0.00043941843446918525
0.7674975792566935,-0.033333333830038704,-0.029323460534214973,100124.40625,122652.39765625,104.26676986789803,0.00043941843446918525
0.7674975792566935,0.033333333830038704,0.029323460534214973,99845.4453125,122310.67050781251,103.97626771201189,0.00043941843446918525
0.7704098224639893,-0.033333333830038704,0.029006222262978554,99851.6875,122318.31718750001,103.98276815233321,0.0004394229318190395
0.7704098224639893,0.033333333830038704,-0.029006222262978554,100124.5,122652.51250000001,104.26686749653867,0.0004394229318190395
0.7718659043312073,-0.033333333830038704,-0.028847169131040573,100124.5,122652.51250000001,104.26686749653867,0.0004394229318190395
0.7718659043312073,0.033333333830038704,0.028847169131040573,99851.6875,122318.31718750001,103.98276815233321,0.0004394229318190395
0.7747779488563538,-0.033333333830038704,0.02852817562719186,99857.9453125,122325.98300781251,103.98928486409461,0.0004394163655359793
0.7747779488563538,0.033333333830038704,-0.02852817562719186,100124.7265625,122652.79003906251,104.26710343242016,0.0004394163655359793
0.7762339115142822,-0.033333333830038704,-0.02836823525528113,100124.7265625,122652.79003906251,104.26710343242016,0.0004394163655359793
0.7762339115142822,0.033333333830038704,0.02836823525528113,99857.9453125,122325.98300781251,103.98928486409461,0.0004394163655359793
0.7791457573572794,-0.033333333830038704,0.028047472859422367,99864.2421875,122333.6966796875,103.99584225445629,0.00043942162808664254
0.7791457573572794,0.033333333830038704,-0.028047472859422367,100125.359375,122653.56523437501,104.26776242574435,0.00043942162808664254
0.7806016405423483,-0.033333333830038704,-0.02788665083547433,100125.359375,122653.56523437501,104.26776242574435,0.00043942162808664254
0.7806016405423483,0.033333333830038704,0.02788665083547433,99864.2421875,122333.6966796875,103.99584225445629,0.00043942162808664254
0.7835132877031962,-0.033333333830038704,0.027564091607928276,99870.703125,122341.61132812501,104.00257049493905,0.0004394163135487932
0.7835132877031962,0.033333333830038704,-0.027564091607928276,100125.84375,122654.15859375,104.26826684038755,0.0004394163135487932
0.7849690516789755,-0.033333333830038704,-0.027402354404330254,100125.84375,122654.15859375,104.26826684038755,0.0004394163135487932
0.7849690516789755,0.033333333830038704,0.027402354404330254,99870.703125,122341.61132812501,104.00257049493905,0.0004394163135487932
0.7878804802894592,-0.033333333830038704,0.027077963575720787,99877.0546875,122349.3919921875,104.00918483534107,0.00043941713837282725
0.7878804802894592,0.033333333830038704,-0.027077963575720787,100125.9609375,122654.3021484375,104.26838887618833,0.00043941713837282725
0.7893361449241638,-0.033333333830038704,-0.026915309950709343,100125.9609375,122654.3021484375,104.26838887618833,0.00043941713837282725
0.7893361449241638,0.033333333830038704,0.026915309950709343,99877.0546875,122349.3919921875,104.00918483534107,0.00043941713837282725
0.7922473947207133,-0.033333333830038704,0.026589134708046913,99883.3671875,122357.12480468751,104.01575849714285,0.00043942243821702026
0.7922473947207133,0.033333333830038704,-0.026589134708046913,100126.46875,122654.92421875,104.2689176979917,0.00043942243821702026
0.7937029798825582,-0.033333333830038704,-0.026425613090395927,100126.46875,122654.92421875,104.2689176979917,0.00043942243821702026
0.7937029798825582,0.033333333830038704,0.026425613090395927,99883.3671875,122357.12480468751,104.01575849714285,0.00043942243821702026
0.7966140309969584,-0.033333333830038704,0.026097694411873817,99889.7578125,122364.9533203125,104.02241351614515,0.0004394162988497479
0.7966140309969584,0.033333333830038704,-0.026097694411873817,100127.0703125,122655.66113281251,104.26954414843567,0.0004394162988497479
0.7980694969495138,-0.033333333830038704,-0.025933297351002693,100127.0703125,122655.66113281251,104.26954414843567,0.0004394162988497479
0.7980694969495138,0.033333333830038704,0.025933297351002693,99889.7578125,122364.9533203125,104.02241351614515,0.0004394162988497479
0.8009803295135498,-0.033333333830038704,0.025603594879309338,99896.3046875,122372.97324218751,104.02923124954847,0.0004394173557039543
0.8009803295135498,0.033333333830038704,-0.025603594879309338,100127.5625,122656.2640625,104.27005669879892,0.0004394173557039543
0.8024356961250305,-0.033333333830038704,-0.025438289468487103,100127.5625,122656.2640625,104.27005669879892,0.0004394173557039543
0.8024356961250305,0.033333333830038704,0.025438289468487103,99896.3046875,122372.97324218751,104.02923124954847,0.0004394173557039543
0.8053463300069174,-0.033333333830038704,0.025106759121020634,99902.9375,122381.09843750001,104.03613847587238,0.00043941896404625283
0.8053463300069174,0.033333333830038704,-0.025106759121020634,100128.0703125,122656.8861328125,104.27058552060228,0.00043941896404625283
0.8068015972773234,-0.033333333830038704,-0.0249405341843764,100128.0703125,122656.8861328125,104.27058552060228,0.00043941896404625283
0.8068015972773234,0.033333333830038704,0.0249405341843764,99902.9375,122381.09843750001,104.03613847587238,0.00043941896404625283
0.8097120324770609,-0.033333333830038704,0.02460721197227637,99909.484375,122389.118359375,104.0429562092757,0.00043941913241945477
0.8097120324770609,0.033333333830038704,-0.02460721197227637,100128.703125,122657.661328125,104.27124451392648,0.00043941913241945477
0.8111672004063925,-0.033333333830038704,-0.024440114696820576,100128.703125,122657.661328125,104.27124451392648,0.00043941913241945477
0.8111672004063925,0.033333333830038704,0.024440114696820576,99909.484375,122389.118359375,104.0429562092757,0.00043941913241945477
0.8140774369239807,-0.033333333830038704,0.02410502793888251,99916.0859375,122397.2052734375,104.04983089271938,0.0004394201422358885
0.8140774369239807,0.033333333830038704,-0.02410502793888251,100129.3515625,122658.45566406251,104.27191977869077,0.0004394201422358885
0.8155325055122375,-0.033333333830038704,-0.023937038456400234,100129.3515625,122658.45566406251,104.27191977869077,0.0004394201422358885
0.8155325055122375,0.033333333830038704,0.023937038456400234,99916.0859375,122397.2052734375,104.04983089271938,0.0004394201422358885
0.8184425234794617,-0.033333333830038704,0.023600127547979355,99922.78125,122405.40703125001,104.0568032048037,0.0004394167710378175
0.8184425234794617,0.033333333830038704,-0.023600127547979355,100129.796875,122659.001171875,104.27238351473372,0.0004394167710378175
0.819897472858429,-0.033333333830038704,-0.02343120612204075,100129.796875,122659.001171875,104.27238351473372,0.0004394167710378175
0.819897472858429,0.033333333830038704,0.02343120612204075,99922.78125,122405.40703125001,104.0568032048037,0.0004394167710378175
0.8228072921435038,-0.033333333830038704,0.02309249776105086,99929.46875,122413.59921875001,104.06376738116795,0.0004394231104364607
0.8228072921435038,0.033333333830038704,-0.02309249776105086,100130.5,122659.8625,104.27311572953836,0.0004394231104364607
0.8242621620496114,-0.033333333830038704,-0.022922710825999577,100130.5,122659.8625,104.27311572953836,0.0004394231104364607
0.8242621620496114,0.033333333830038704,0.022922710825999577,99929.46875,122413.59921875001,104.06376738116795,0.0004394231104364607
0.8271717627843221,-0.033333333830038704,0.022582183902462322,99936.296875,122421.96367187501,104.07087800049314,0.0004394149055465437
0.8271717627843221,0.033333333830038704,-0.022582183902462322,100131.359375,122660.915234375,104.27401065874406,0.0004394149055465437
0.8286264936129252,-0.033333333830038704,-0.022411443913976353,100131.359375,122660.915234375,104.27401065874406,0.0004394149055465437
0.8286264936129252,0.033333333830038704,0.022411443913976353,99936.296875,122421.96367187501,104.07087800049314,0.0004394149055465437
0.8315358757972717,-0.033333333830038704,0.022069067383805912,99943.1640625,122430.37597656251,104.07802929841858,0.0004394226621184628
0.8315358757972717,0.033333333830038704,-0.022069067383805912,100132.078125,122661.79570312501,104.2747591449888,0.0004394226621184628
0.8329905271530151,-0.033333333830038704,-0.02189743084212144,100132.078125,122661.79570312501,104.2747591449888,0.0004394226621184628
0.8329905271530151,0.033333333830038704,0.02189743084212144,99943.1640625,122430.37597656251,104.07802929841858,0.0004394226621184628
0.8358997106552124,-0.033333333830038704,0.021553263689080875,99949.9609375,122438.70214843751,104.08510737486357,0.0004394186587726164
0.8358997106552124,0.033333333830038704,-0.021553263689080875,100132.859375,122662.75273437501,104.27557271699398,0.0004394186587726164
0.8373542428016663,-0.033333333830038704,-0.021380733077724774,100132.859375,122662.75273437501,104.27557271699398,0.0004394186587726164
0.8373542428016663,0.033333333830038704,0.021380733077724774,99949.9609375,122438.70214843751,104.08510737486357,0.0004394186587726164
0.8402631878852844,-0.033333333830038704,0.02103473370273908,99956.9296875,122447.23886718751,104.09236443714968,0.0004394163880553177
0.8402631878852844,0.033333333830038704,-0.02103473370273908,100133.8515625,122663.9681640625,104.27660595344055,0.0004394163880553177
0.8417176008224487,-0.033333333830038704,-0.020861264939109486,100133.8515625,122663.9681640625,104.27660595344055,0.0004394163880553177
0.8417176008224487,0.033333333830038704,0.020861264939109486,99956.9296875,122447.23886718751,104.09236443714968,0.0004394163880553177
0.8446263273557028,-0.033333333830038704,0.020513411611318588,99964.0390625,122455.94785156251,104.09976794239674,0.0004394194201825013
0.8446263273557028,0.033333333830038704,-0.020513411611318588,100134.6484375,122664.94433593751,104.27743579688583,0.0004394194201825013
0.8460806409517924,-0.033333333830038704,-0.020339027047157288,100134.6484375,122664.94433593751,104.27743579688583,0.0004394194201825013
0.8460806409517924,0.033333333830038704,0.020339027047157288,99964.0390625,122455.94785156251,104.09976794239674,0.0004394194201825013
0.8489891688028971,-0.033333333830038704,0.019989361986517906,99971.0859375,122464.5802734375,104.10710636188337,0.0004394219127771077
0.8489891688028971,0.033333333830038704,-0.019989361986517906,100135.6015625,122666.11191406251,104.27842835473213,0.0004394219127771077
0.8504433830579122,-0.033333333830038704,-0.019814081490039825,100135.6015625,122666.11191406251,104.27842835473213,0.0004394219127771077
0.8504433830579122,0.033333333830038704,0.019814081490039825,99971.0859375,122464.5802734375,104.10710636188337,0.0004394219127771077
0.8533516724904379,-0.033333333830038704,0.019462586070100468,99978.15625,122473.24140625,104.11446918853017,0.00043941412659771696
0.8533516724904379,0.033333333830038704,-0.019462586070100468,100136.6328125,122667.3751953125,104.27950226977896,0.00043941412659771696
0.8548057476679484,-0.033333333830038704,-0.019286371146639187,100136.6328125,122667.3751953125,104.27950226977896,0.00043941412659771696
0.8548057476679484,0.033333333830038704,0.019286371146639187,99978.15625,122473.24140625,104.11446918853017,0.00043941412659771696
0.8577137986818949,-0.033333333830038704,0.018932998180389404,99985.375,122482.084375,104.12198659385794,0.00043941867189535686
0.8577137986818949,0.033333333830038704,-0.018932998180389404,100137.46875,122668.39921875001,104.28037279182449,0.00043941867189535686
0.8591677745183309,-0.033333333830038704,-0.0187558401376009,100137.46875,122668.39921875001,104.28037279182449,0.00043941867189535686
0.8591677745183309,0.033333333830038704,0.0187558401376009,99985.375,122482.084375,104.12198659385794,0.00043941867189535686
0.8620756268501282,-0.033333333830038704,0.01840061880648136,99992.71875,122491.08046875,104.12963417070654,0.00043942201994434367
0.8620756268501282,0.033333333830038704,-0.01840061880648136,100138.6796875,122669.88261718751,104.2816338284325,0.00043942201994434367
0.8635295033454895,-0.033333333830038704,-0.01822255551815033,100138.6796875,122669.88261718751,104.2816338284325,0.00043942201994434367
0.8635295033454895,0.033333333830038704,0.01822255551815033,99992.71875,122491.08046875,104.12963417070654,0.00043942201994434367
0.8664371172587076,-0.033333333830038704,0.017865469058354694,100000.09375,122500.11484375001,104.13731429043534,0.00043941570931666494
0.8664371172587076,0.033333333830038704,-0.017865469058354694,100139.8984375,122671.37558593751,104.28290300076057,0.00043941570931666494
0.8678908546765646,-0.033333333830038704,-0.017686445886890095,100139.8984375,122671.37558593751,104.28290300076057,0.00043941570931666494
0.8678908546765646,0.033333333830038704,0.017686445886890095,100000.09375,122500.11484375001,104.13731429043534,0.00043941570931666494
0.8707982301712036,-0.033333333830038704,0.01732744835317135,100007.5,122509.18750000001,104.14502695304436,0.00043942110144501445
0.8707982301712036,0.033333333830038704,-0.01732744835317135,100141.0625,122672.80156250001,104.28411522304827,0.00043942110144501445
0.8722518682479858,-0.033333333830038704,-0.017147473990917206,100141.0625,122672.80156250001,104.28411522304827,0.00043942110144501445
0.8722518682479858,0.033333333830038704,0.017147473990917206,100007.5,122509.18750000001,104.14502695304436,0.00043942110144501445
0.8751590251922607,-0.033333333830038704,0.016786605740586918,100014.921875,122518.27929687501,104.15275588709348,0.00043941959273064097
0.8751590251922607,0.033333333830038704,-0.016786605740586918,100142.40625,122674.44765625,104.28551456689716,0.00043941959273064097
0.8766125440597534,-0.033333333830038704,-0.01660571185251077,100142.40625,122674.44765625,104.28551456689716,0.00043941959273064097
0.8766125440597534,0.033333333830038704,0.01660571185251077,100014.921875,122518.27929687501,104.15275588709348,0.00043941959273064097
0.8795194625854492,-0.033333333830038704,0.016242940599719684,100022.53125,122527.60078125,104.16068007842384,0.0004394206419343546
0.8795194625854492,0.033333333830038704,-0.016242940599719684,100143.8671875,122676.23730468751,104.28703594654684,0.0004394206419343546
0.8809728622436523,-0.033333333830038704,-0.016061063235004742,100143.8671875,122676.23730468751,104.28703594654684,0.0004394206419343546
0.8809728622436523,0.033333333830038704,0.016061063235004742,100022.53125,122527.60078125,104.16068007842384,0.0004394206419343546
0.8838795224825541,-0.033333333830038704,0.01569636104007562,100030.25,122537.05625000001,104.16871816983492,0.00043941462971819166
0.8838795224825541,0.033333333830038704,-0.01569636104007562,100145.296875,122677.988671875,104.28852478331629,0.00043941462971819166
0.8853327830632528,-0.033333333830038704,-0.015513536209861437,100145.296875,122677.988671875,104.28852478331629,0.00043941462971819166
0.8853327830632528,0.033333333830038704,0.015513536209861437,100030.25,122537.05625000001,104.16871816983492,0.00043941462971819166
0.8882392048835754,-0.033333333830038704,0.015146965471406778,100037.921875,122546.454296875,104.17670744692569,0.00043941963883875986
0.8882392048835754,0.033333333830038704,-0.015146965471406778,100146.71875,122679.73046875001,104.29000548436571,0.00043941963883875986
0.8896923661231995,-0.033333333830038704,-0.0149632195631663,100146.71875,122679.73046875001,104.29000548436571,0.00043941963883875986
0.8896923661231995,0.033333333830038704,0.0149632195631663,100037.921875,122546.454296875,104.17670744692569,0.00043941963883875986
0.892598569393158,-0.033333333830038704,0.014594730300207933,100045.6875,122555.9671875,104.18479435265708,0.0004394217998317343
0.892598569393158,0.033333333830038704,-0.014594730300207933,100148.34375,122681.72109375,104.29169771413646,0.0004394217998317343
0.8940516114234924,-0.033333333830038704,-0.014409986945490042,100148.34375,122681.72109375,104.29169771413646,0.0004394217998317343
0.8940516114234924,0.033333333830038704,0.014409986945490042,100045.6875,122555.9671875,104.18479435265708,0.0004394217998317343
0.8969575564066569,-0.033333333830038704,0.01403950434178114,100053.609375,122565.67148437501,104.19304397278951,0.00043941819609648547
0.8969575564066569,0.033333333830038704,-0.01403950434178114,100150.046875,122683.80742187501,104.29347130110773,0.00043941819609648547
0.8984104593594869,-0.033333333830038704,-0.013853765092790127,100150.046875,122683.80742187501,104.29347130110773,0.00043941819609648547
0.8984104593594869,0.033333333830038704,0.013853765092790127,100053.609375,122565.67148437501,104.19304397278951,0.00043941819609648547
0.9013161460558573,-0.033333333830038704,0.013481302186846733,100061.65625,122575.52890625001,104.20142376444277,0.0004394202719664071
0.9013161460558573,0.033333333830038704,-0.013481302186846733,100151.96875,122686.16171875001,104.29547268824045,0.0004394202719664071
0.9027689297993978,-0.033333333830038704,-0.013294578529894352,100151.96875,122686.16171875001,104.29547268824045,0.0004394202719664071
0.9027689297993978,0.033333333830038704,0.013294578529894352,100061.65625,122575.52890625001,104.20142376444277,0.0004394202719664071
0.9056743582089742,-0.033333333830038704,0.012920167918006579,100069.78125,122585.48203125001,104.20988491329653,0.0004394158263511111
0.9056743582089742,0.033333333830038704,-0.012920167918006579,100153.921875,122688.55429687501,104.29750661825338,0.0004394158263511111
0.9071270028750101,-0.033333333830038704,-0.012732480963071188,100153.921875,122688.55429687501,104.29750661825338,0.0004394158263511111
0.9071270028750101,0.033333333830038704,0.012732480963071188,100069.78125,122585.48203125001,104.20988491329653,0.0004394158263511111
0.9100321729977926,-0.033333333830038704,0.012356134441991648,100077.953125,122595.492578125,104.21839487647061,0.0004394178453931295
0.9100321729977926,0.033333333830038704,-0.012356134441991648,100155.828125,122690.88945312501,104.29949173394598,0.0004394178453931295
0.9114846984545389,-0.033333333830038704,-0.012167474875847498,100155.828125,122690.88945312501,104.29949173394598,0.0004394178453931295
0.9114846984545389,0.033333333830038704,0.012167474875847498,100077.953125,122595.492578125,104.21839487647061,0.0004394178453931295
0.9143896301587423,-0.033333333830038704,0.01178916854163011,100086.2109375,122605.60839843751,104.22699433256527,0.0004394206278053614
0.9143896301587423,0.033333333830038704,-0.01178916854163011,100157.9296875,122693.46386718751,104.30168024263989,0.0004394206278053614
0.9158420364061991,-0.033333333830038704,-0.011599521773556868,100157.9296875,122693.46386718751,104.30168024263989,0.0004394206278053614
0.9158420364061991,0.033333333830038704,0.011599521773556868,100086.2109375,122605.60839843751,104.22699433256527,0.0004394206278053614
0.9187467098236084,-0.033333333830038704,0.01121916559835275,100094.6015625,122615.8869140625,104.2357320959008,0.00043942064896249723
0.9187467098236084,0.033333333830038704,-0.01121916559835275,100160.171875,122696.21054687501,104.30401519429473,0.00043942064896249723
0.9201989769935608,-0.033333333830038704,-0.011028456191221872,100160.171875,122696.21054687501,104.30401519429473,0.00043942064896249723
0.9201989769935608,0.033333333830038704,0.011028456191221872,100094.6015625,122615.8869140625,104.2357320959008,0.00043942064896249723
0.9231033722559611,-0.033333333830038704,0.010646069732805094,100103.1015625,122626.29941406251,104.24458375931705,0.0004394171750767168
0.9231033722559611,0.033333333830038704,-0.010646069732805094,100162.671875,122699.27304687501,104.30661862471128,0.0004394171750767168
0.924555500348409,-0.033333333830038704,-0.01045439268151919,100162.671875,122699.27304687501,104.30661862471128,0.0004394171750767168
0.924555500348409,0.033333333830038704,0.01045439268151919,100103.1015625,122626.29941406251,104.24458375931705,0.0004394171750767168
0.9274596174558004,-0.033333333830038704,0.010070016607642174,100111.671875,122636.798046875,104.25350864421377,0.0004394160407957181
0.9274596174558004,0.033333333830038704,-0.010070016607642174,100165.171875,122702.33554687501,104.30922205512782,0.0004394160407957181
0.9289116064707438,-0.033333333830038704,-0.00987731758505106,100165.171875,122702.33554687501,104.30922205512782,0.0004394160407957181
0.9289116064707438,0.033333333830038704,0.00987731758505106,100111.671875,122636.798046875,104.25350864421377,0.0004394160407957181
0.9318154652913412,-0.033333333830038704,0.009490902225176493,100120.3203125,122647.39238281251,104.262514886311,0.0004394208477365962
0.9318154652913412,0.033333333830038704,-0.009490902225176493,100167.7890625,122705.54160156251,104.31194752134515,0.0004394208477365962
0.933267335096995,-0.033333333830038704,-0.009297185887893042,100167.7890625,122705.54160156251,104.31194752134515,0.0004394208477365962
0.933267335096995,0.033333333830038704,0.009297185887893042,100120.3203125,122647.39238281251,104.262514886311,0.0004394208477365962
0.9361709356307983,-0.033333333830038704,0.008908689022064209,100129.03125,122658.06328125001,104.27158621416865,0.00043942183181585833
0.9361709356307983,0.033333333830038704,-0.008908689022064209,100170.78125,122709.20703125001,104.31506350212494,0.00043942183181585833
0.9376226663589478,-0.033333333830038704,-0.00871390849351883,100170.78125,122709.20703125001,104.31506350212494,0.00043942183181585833
0.9376226663589478,0.033333333830038704,0.00871390849351883,100129.03125,122658.06328125001,104.27158621416865,0.00043942183181585833
0.9405259688695272,-0.033333333830038704,0.008323331363499165,100137.8671875,122668.88730468751,104.28078771354713,0.0004394152149585132
0.9405259688695272,0.033333333830038704,-0.008323331363499165,100173.9921875,122713.14042968751,104.3184072830662,0.0004394152149585132
0.9419775406519572,-0.033333333830038704,-0.00812753476202488,100173.9921875,122713.14042968751,104.3184072830662,0.0004394152149585132
0.9419775406519572,0.033333333830038704,0.00812753476202488,100137.8671875,122668.88730468751,104.28078771354713,0.0004394152149585132
0.9448805650075277,-0.033333333830038704,0.0077348727112015086,100146.7890625,122679.8166015625,104.29007870584617,0.0004394227551057345
0.9448805650075277,0.033333333830038704,-0.0077348727112015086,100177.3828125,122717.29394531251,104.32193818556864,0.0004394227551057345
0.9463320175806681,-0.033333333830038704,-0.007538007261852424,100177.3828125,122717.29394531251,104.32193818556864,0.0004394227551057345
0.9463320175806681,0.033333333830038704,0.007538007261852424,100146.7890625,122679.8166015625,104.29007870584617,0.0004394227551057345
0.9492347637812296,-0.033333333830038704,0.007143237628042698,100155.78125,122690.83203125001,104.29944291962568,0.0004394174997474089
0.9492347637812296,0.033333333830038704,-0.007143237628042698,100180.96875,122721.68671875,104.32567248107237,0.0004394174997474089
0.9506860574086508,-0.033333333830038704,-0.006945333443582058,100180.96875,122721.68671875,104.32567248107237,0.0004394174997474089
0.9506860574086508,0.033333333830038704,0.006945333443582058,100155.78125,122690.83203125001,104.29944291962568,0.0004394174997474089
0.9535885055859884,-0.033333333830038704,0.006548454674581687,100164.8828125,122701.98144531251,104.30892103348592,0.0004394196660685461
0.9535885055859884,0.033333333830038704,-0.006548454674581687,100184.8515625,122726.44316406251,104.32971593393806,0.0004394196660685461
0.9550396601359049,-0.033333333830038704,-0.006349480090041955,100184.8515625,122726.44316406251,104.32971593393806,0.0004394196660685461
0.9550396601359049,0.033333333830038704,0.006349480090041955,100164.8828125,122701.98144531251,104.30892103348592,0.0004394196660685461
0.9579418102900187,-0.033333333830038704,0.005950466729700565,100174.0390625,122713.19785156251,104.3184560973865,0.0004394159120065651
0.9579418102900187,0.033333333830038704,-0.005950466729700565,100189.0234375,122731.55371093751,104.33406040844568,0.0004394159120065651
0.9593928058942159,-0.033333333830038704,-0.005750427953898907,100189.0234375,122731.55371093751,104.33406040844568,0.0004394159120065651
0.9593928058942159,0.033333333830038704,0.005750427953898907,100174.0390625,122713.19785156251,104.3184560973865,0.0004394159120065651
0.9622946580251058,-0.033333333830038704,0.005349252838641405,100183.1875,122724.4046875,104.32798302556705,0.0004394196737552919
0.9622946580251058,0.033333333830038704,-0.005349252838641405,100193.640625,122737.20976562501,104.33886861899623,0.0004394196737552919
0.9637455145517985,-0.033333333830038704,-0.005148116499185562,100193.640625,122737.20976562501,104.33886861899623,0.0004394196737552919
0.9637455145517985,0.033333333830038704,0.005148116499185562,100183.1875,122724.4046875,104.32798302556705,0.0004394196737552919
0.9666470686594645,-0.033333333830038704,0.0047447831990818186,100192.4609375,122735.76464843751,104.33764012526842,0.00043941625273169536
0.9666470686594645,0.033333333830038704,-0.0047447831990818186,100198.75,122743.46875000001,104.34418937991005,0.00043941625273169536
0.9680977662404379,-0.033333333830038704,-0.004542586238433917,100198.75,122743.46875000001,104.34418937991005,0.00043941625273169536
0.9680977662404379,0.033333333830038704,0.004542586238433917,100192.4609375,122735.76464843751,104.33764012526842,0.00043941625273169536
0.97099902232488,-0.033333333830038704,0.004137072945013642,100201.8125,122747.22031250001,104.34737858217031,0.0004394214162267951
0.97099902232488,0.033333333830038704,-0.004137072945013642,100204.1484375,122750.08183593751,104.34981116246577,0.0004394214162267951
0.9724495808283488,-0.033333333830038704,-0.003933756612241268,100204.1484375,122750.08183593751,104.34981116246577,0.0004394214162267951
0.9724495808283488,0.033333333830038704,0.003933756612241268,100201.8125,122747.22031250001,104.34737858217031,0.0004394214162267951
0.975350538889567,-0.033333333830038704,0.0035259988314161697,100211.1796875,122758.69511718751,104.3571333105123,0.0004394211786051131
0.975350538889567,0.033333333830038704,-0.0035259988314161697,100210.359375,122757.69023437501,104.35627905990687,0.0004394211786051131
0.9768009384473165,-0.033333333830038704,-0.0033215573833634457,100210.359375,122757.69023437501,104.35627905990687,0.0004394211786051131
0.9768009384473165,0.033333333830038704,0.0033215573833634457,100211.1796875,122758.69511718751,104.3571333105123,0.0004394211786051131
0.979701578617096,-0.033333333830038704,0.0029116075796385608,100220.5078125,122770.12207031251,104.36684736025404,0.00043941875504739626
0.979701578617096,0.033333333830038704,-0.0029116075796385608,100217.34375,122766.24609375001,104.3635523936331,0.00043941875504739626
0.981151819229126,-0.033333333830038704,-0.0027060992239663997,100217.34375,122766.24609375001,104.3635523936331,0.00043941875504739626
0.981151819229126,0.033333333830038704,0.0027060992239663997,100220.5078125,122770.12207031251,104.36684736025404,0.00043941875504739626
0.9840521216392517,-0.033333333830038704,0.002293924529415866,100229.859375,122781.57773437501,104.37658581715593,0.00043941452320941677
0.9840521216392517,0.033333333830038704,-0.002293924529415866,100225.21875,122775.89296875,104.37175319944521,0.00043941452320941677
0.9855021834373474,-0.033333333830038704,-0.0020872581905374923,100225.21875,122775.89296875,104.37175319944521,0.00043941452320941677
0.9855021834373474,0.033333333830038704,0.0020872581905374923,100229.859375,122781.57773437501,104.37658581715593,0.00043941452320941677
0.9884021679560343,-0.033333333830038704,0.0016727991945420702,100238.921875,122792.67929687501,104.3860232524159,0.0004394210251205715
0.9884021679560343,0.033333333830038704,-0.0016727991945420702,100234.0703125,122786.73613281251,104.38097097026379,0.0004394210251205715
0.9898520906766256,-0.033333333830038704,-0.0014650065374250214,100234.0703125,122786.73613281251,104.38097097026379,0.0004394210251205715
0.9898520906766256,0.033333333830038704,0.0014650065374250214,100238.921875,122792.67929687501,104.3860232524159,0.0004394210251205715
0.9927517573038737,-0.033333333830038704,0.0010482702249040206,100248.53125,122804.45078125001,104.3960301880795,0.00043941704779908706
0.9927517573038737,0.033333333830038704,-0.0010482702249040206,100245.09375,122800.23984375001,104.39245047125674,0.00043941704779908706
0.9942015012105306,-0.033333333830038704,-0.0008393265695000688,100245.09375,122800.23984375001,104.39245047125674,0.00043941704779908706
0.9942015012105306,0.033333333830038704,0.0008393265695000688,100248.53125,122804.45078125001,104.3960301880795,0.00043941704779908706
0.997100830078125,-0.033333333830038704,0.00042025527606407245,100250.65625,122807.05390625,104.39824310393355,0.0004394206666125807
0.997100830078125,0.033333333830038704,-0.0004202552760640835,100256.7734375,122814.54746093751,104.40461337273403,0.00043942066661258023
0.9985504150390625,-0.033333333830038704,-0.00021012763803205007,100256.7734375,122814.54746093751,104.40461337273403,0.00043942066661258023
0.9985504150390625,0.033333333830038704,0.00021012763803202796,100250.65625,122807.05390625,104.39824310393355,0.0004394206666125807
