x/c,y/c,z/c,tau_w_Pa,tau_x_Pa,tau_y_Pa,tau_z_Pa,Cf,surface_area_m2
8.231375735097876e-06,-0.033333333830038704,0.0002936695042687158,6.385087738206178,-0.17889982324793696,1.30658843778388e-19,-6.382581004408228,0.00542796134855629,8.813545385968984e-05
8.231375735097876e-06,0.033333333830038704,-0.0002936695042687158,6.1861079116189295,0.17332473058423548,-1.3153207557128165e-19,-6.183679295691378,0.005258808652126554,8.813545385968984e-05
1.646275147019575e-05,-0.033333333830038704,-0.0005873390085374316,6.1861079116189295,0.17332473058423548,-1.3153207557128165e-19,-6.183679295691378,0.005258808652126554,8.813545385968984e-05
1.646275147019575e-05,0.033333333830038704,0.0005873390085374316,6.385087738206178,-0.17889982324793696,1.30658843778388e-19,-6.382581004408228,0.00542796134855629,8.813545385968984e-05
4.9819153597733625e-05,-0.033333333830038704,0.0011784559270987909,6.546924272130373,-0.5510484769998872,1.337871822092506e-19,-6.52369243611361,0.00556553854200166,8.955200192544868e-05
4.9819153597733625e-05,0.033333333830038704,-0.0011784559270987909,5.9635395993322495,0.5019455361244345,-1.3572948112817724e-19,-5.942377910531154,0.0050696033904233054,8.955200192544868e-05
7.494417999017362e-05,-0.033333333830038704,-0.0014759033413914342,5.9635395993322495,0.5019455361244345,-1.3572948112817724e-19,-5.942377910531154,0.0050696033904233054,8.955200192544868e-05
7.494417999017362e-05,0.033333333830038704,0.0014759033413914342,6.546924272130373,-0.5510484769998872,1.337871822092506e-19,-6.52369243611361,0.00556553854200166,8.955200192544868e-05
0.00014283973238586137,-0.033333333830038704,0.0020736296816418567,6.721978027712299,-0.9478845276779162,-2.572754746537273e-19,-6.654810555322799,0.005714351691981218,9.099290005797257e-05
0.00014283973238586137,0.033333333830038704,-0.0020736296816418567,5.746347957785857,0.8103082600662037,2.654470597701111e-19,-5.688929194111855,0.004884968835053121,9.099290005797257e-05
0.00018561025838910913,-0.033333333830038704,-0.002373908607599636,5.746347957785857,0.8103082600662037,2.654470597701111e-19,-5.688929194111855,0.004884968835053121,9.099290005797257e-05
0.00018561025838910913,0.033333333830038704,0.002373908607599636,6.721978027712299,-0.9478845276779162,-2.572754746537273e-19,-6.654810555322799,0.005714351691981218,9.099290005797257e-05
0.00028930153348483145,-0.033333333830038704,0.002976303920149803,6.853686397376972,-1.3547540778261018,0.0,-6.718456565477199,0.005826316941188906,9.245922690222986e-05
0.00028930153348483145,0.033333333830038704,-0.002976303920149803,5.488600543475869,1.0849203679173693,0.0,-5.380305169887824,0.004665857828293802,9.245922690222986e-05
0.00035022228257730603,-0.033333333830038704,-0.0032784203067421913,5.488600543475869,1.0849203679173693,0.0,-5.380305169887824,0.004665857828293802,9.245922690222986e-05
0.00035022228257730603,0.033333333830038704,0.0032784203067421913,6.853686397376972,-1.3547540778261018,0.0,-6.718456565477199,0.005826316941188906,9.245922690222986e-05
0.0004905131451475123,-0.033333333830038704,0.0038834870792925358,6.978479599771216,-1.7686047757236656,0.0,-6.750645500373315,0.005932403608581956,9.395248733783485e-05
0.0004905131451475123,0.033333333830038704,-0.0038834870792925358,5.209374830529407,1.3202482105286977,0.0,-5.039298640440856,0.004428488125708906,9.395248733783485e-05
0.0005698832586252441,-0.033333333830038704,-0.004186437465250492,5.209374830529407,1.3202482105286977,0.0,-5.039298640440856,0.004428488125708906,9.395248733783485e-05
0.0005698832586252441,0.033333333830038704,0.004186437465250492,6.978479599771216,-1.7686047757236656,0.0,-6.750645500373315,0.005932403608581956,9.395248733783485e-05
0.0007470539615799984,-0.033333333830038704,0.004792190156877041,7.090154872556184,-2.1791678790774647,-1.4948785928826326e-18,-6.746964018847975,0.006027338727584186,9.546139281096362e-05
0.0007470539615799984,0.033333333830038704,-0.004792190156877041,4.918426660926012,1.5116845242089962,1.6233981228687882e-18,-4.680355832431421,0.004181153165910201,9.546139281096362e-05
0.0008448545510570208,-0.033333333830038704,-0.005094992462545633,4.918426660926012,1.5116845242089962,1.6233981228687882e-18,-4.680355832431421,0.004181153165910201,9.546139281096362e-05
0.0008448545510570208,0.033333333830038704,0.005094992462545633,7.090154872556184,-2.1791678790774647,-1.4948785928826326e-18,-6.746964018847975,0.006027338727584186,9.546139281096362e-05
0.0010588427539914846,-0.033333333830038704,0.00569950882345438,7.185583560008322,-2.5822569956228714,1.4940532630867e-18,-6.705561863588957,0.006108462628816464,9.699373288470411e-05
0.0010588427539914846,0.033333333830038704,-0.00569950882345438,4.6212577439712845,1.660724565832256,-1.6473613125699021e-18,-4.312541831989091,0.003928529950481097,9.699373288470411e-05
0.001175030367448926,-0.033333333830038704,-0.006001222878694534,4.6212577439712845,1.660724565832256,-1.6473613125699021e-18,-4.312541831989091,0.003928529950481097,9.699373288470411e-05
0.001175030367448926,0.033333333830038704,0.006001222878694534,7.185583560008322,-2.5822569956228714,1.4940532630867e-18,-6.705561863588957,0.006108462628816464,9.699373288470411e-05
0.0014254531512657802,-0.033333333830038704,0.006602887995541096,7.290583329054091,-2.978087051183324,0.0,-6.654592609127598,0.006197722903906731,9.8585369697901e-05
0.0014254531512657802,0.033333333830038704,-0.006602887995541096,4.32074506634272,1.7649554710197615,0.0,-3.9438268361633684,0.003673064205013163,9.8585369697901e-05
0.0015596883216251929,-0.033333333830038704,-0.006902839057147503,4.32074506634272,1.7649554710197615,0.0,-3.9438268361633684,0.003673064205013163,9.8585369697901e-05
0.0015596883216251929,0.033333333830038704,0.006902839057147503,7.290583329054091,-2.978087051183324,0.0,-6.654592609127598,0.006197722903906731,9.8585369697901e-05
0.0018456520823140938,-0.033333333830038704,0.007500135650237401,7.375252824685394,-3.352213835113689,-2.9529694653953116e-18,-6.569400020679382,0.006269700419100215,0.00010014606341931807
0.0018456520823140938,0.033333333830038704,-0.007500135650237401,4.021004452646066,1.8276345337068325,3.3954855642495263e-18,-3.5816516887326855,0.0034182547908836298,0.00010014606341931807
0.001997380672643582,-0.033333333830038704,-0.007797481181720893,4.021004452646066,1.8276345337068325,3.3954855642495263e-18,-3.5816516887326855,0.0034182547908836298,0.00010014606341931807
0.001997380672643582,0.033333333830038704,0.007797481181720893,7.375252824685394,-3.352213835113689,-2.9529694653953116e-18,-6.569400020679382,0.006269700419100215,0.00010014606341931807
0.0023179006141920886,-0.033333333830038704,0.008388985258837542,7.431531655295014,-3.6986418047415137,-2.654018315294668e-21,-6.445751433608831,0.006317543037685247,0.00010174369576484392
0.0023179006141920886,0.033333333830038704,-0.008388985258837542,3.7252639205468756,1.854048062947122,1.7825719127913993e-21,-3.231113903595833,0.003166845845031484,0.00010174369576484392
0.0024866919654111066,-0.033333333830038704,-0.008683143804470697,3.7252639205468756,1.854048062947122,1.7825719127913993e-21,-3.231113903595833,0.003166845845031484,0.00010174369576484392
0.0024866919654111066,0.033333333830038704,0.008683143804470697,7.431531655295014,-3.6986418047415137,-2.654018315294668e-21,-6.445751433608831,0.006317543037685247,0.00010174369576484392
0.002840693031127254,-0.033333333830038704,0.009268050702909628,7.462284292203289,-4.009214282605498,9.734207630085427e-19,-6.293797557422388,0.006343685845951684,0.0001034183358454892
0.002840693031127254,0.033333333830038704,-0.009268050702909628,3.435171072250096,1.8455926344762665,-1.1690243046306249e-18,-2.8972725317427126,0.0029202379936427584,0.0001034183358454892
0.0030259027456243834,-0.033333333830038704,-0.009558799055715403,3.435171072250096,1.8455926344762665,-1.1690243046306249e-18,-2.8972725317427126,0.0029202379936427584,0.0001034183358454892
0.0030259027456243834,0.033333333830038704,0.009558799055715403,7.462284292203289,-4.009214282605498,9.734207630085427e-19,-6.293797557422388,0.006343685845951684,0.0001034183358454892
0.003412029085059961,-0.033333333830038704,0.010136269653836886,7.470656655934836,-4.2871622117775035,9.546471067227213e-19,-6.118083935413971,0.006350803190081345,0.00010503305470648787
0.003412029085059961,0.033333333830038704,-0.010136269653836886,3.1537624215183424,1.809839710370875,-1.1994699304314974e-18,-2.5827693730075683,0.0026810125762406693,0.00010503305470648787
0.003612945709998409,-0.033333333830038704,-0.010422991899152597,3.1537624215183424,1.809839710370875,-1.1994699304314974e-18,-2.5827693730075683,0.0026810125762406693,0.00010503305470648787
0.003612945709998409,0.033333333830038704,0.010422991899152597,7.470656655934836,-4.2871622117775035,9.546471067227213e-19,-6.118083935413971,0.006350803190081345,0.00010503305470648787
0.004029898749043544,-0.033333333830038704,0.010992424562573433,7.455265570333418,-4.5266667271874095,-1.990547146550397e-18,-5.923704336407522,0.006337719232400242,0.00010674138131405246
0.004029898749043544,0.033333333830038704,-0.010992424562573433,2.8796994190508003,1.7484876187898422,2.4013497326704547e-18,-2.2881127137927764,0.002448031692428878,0.00010674138131405246
0.004245935163150231,-0.033333333830038704,-0.011275134980678558,2.8796994190508003,1.7484876187898422,2.4013497326704547e-18,-2.2881127137927764,0.002448031692428878,0.00010674138131405246
0.004245935163150231,0.033333333830038704,0.011275134980678558,7.455265570333418,-4.5266667271874095,-1.990547146550397e-18,-5.923704336407522,0.006337719232400242,0.00010674138131405246
0.004692575273414453,-0.033333333830038704,0.011836310538152853,7.4201646945813735,-4.732681699036726,9.865864578586813e-19,-5.714942522048209,0.006307879987476084,0.00010846603716328668
0.004692575273414453,0.033333333830038704,-0.011836310538152853,2.6154378409753667,1.6681617341986206,-1.2217918335310623e-18,-2.0143861418708524,0.0022233829968253743,0.00010846603716328668
0.004923178969571988,-0.033333333830038704,-0.012114775677522024,2.6154378409753667,1.6681617341986206,-1.2217918335310623e-18,-2.0143861418708524,0.0022233829968253743,0.00010846603716328668
0.004923178969571988,0.033333333830038704,0.012114775677522024,7.4201646945813735,-4.732681699036726,9.865864578586813e-19,-5.714942522048209,0.006307879987476084,0.00010846603716328668
0.005398189959426721,-0.033333333830038704,0.012667382135987282,7.366975987995487,-4.902483425662074,9.936819381899182e-19,-5.498908206981705,0.006262664282482655,0.00011018146525677865
0.005398189959426721,0.033333333830038704,-0.012667382135987282,2.3603613890280255,1.5707438991437763,-1.2376416868174352e-18,-1.7618369646811582,0.0020065425744436424,0.00011018146525677865
0.0056425972531239195,-0.033333333830038704,-0.01294152345508337,2.3603613890280255,1.5707438991437763,-1.2376416868174352e-18,-1.7618369646811582,0.0020065425744436424,0.00011018146525677865
0.0056425972531239195,0.033333333830038704,0.01294152345508337,7.366975987995487,-4.902483425662074,9.936819381899182e-19,-5.498908206981705,0.006262664282482655,0.00011018146525677865
0.0061447892027596636,-0.033333333830038704,0.013485553053518137,7.298929234223244,-5.0414118165377015,-9.966671722745458e-19,-5.278118496422067,0.0062048177556197,0.00011196577811174759
0.0061447892027596636,0.033333333830038704,-0.013485553053518137,2.115848402282115,1.4614284910795745,1.2498698926429277e-18,-1.5300461518858366,0.0017986821509548144,0.00011196577811174759
0.006402573858698209,-0.033333333830038704,-0.013755441332856813,2.115848402282115,1.4614284910795745,1.2498698926429277e-18,-1.5300461518858366,0.0017986821509548144,0.00011196577811174759
0.006402573858698209,0.033333333830038704,0.013755441332856813,7.298929234223244,-5.0414118165377015,-9.966671722745458e-19,-5.278118496422067,0.0062048177556197,0.00011196577811174759
0.006931034382432699,-0.033333333830038704,0.01429095615943273,7.2146618495412165,-5.149339376770944,4.068323900814538e-18,-5.053281071349754,0.006133182074834761,0.00011377196625771564
0.006931034382432699,0.033333333830038704,-0.01429095615943273,1.8811500003332096,1.342638085102277,-5.03595924888155e-18,-1.3175918549332812,0.001599165103330895,0.00011377196625771564
0.007201710250228643,-0.033333333830038704,-0.014556582706669966,1.8811500003332096,1.342638085102277,-5.03595924888155e-18,-1.3175918549332812,0.001599165103330895,0.00011377196625771564
0.007201710250228643,0.033333333830038704,0.014556582706669966,7.2146618495412165,-5.149339376770944,4.068323900814538e-18,-5.053281071349754,0.006133182074834761,0.00011377196625771564
0.007755392541488011,-0.033333333830038704,0.015083641124268373,7.115173084573499,-5.2264569074655665,6.097275101916272e-18,-4.828026120252937,0.006048606702811434,0.00011558344893943053
0.007755392541488011,0.033333333830038704,-0.015083641124268373,1.6569150171843607,1.217088443768437,-7.610205440837348e-18,-1.1243056053477518,0.0014085430051812987,0.00011558344893943053
0.008038398964951435,-0.033333333830038704,-0.015345072994629541,1.6569150171843607,1.217088443768437,-7.610205440837348e-18,-1.1243056053477518,0.0014085430051812987,0.00011558344893943053
0.008038398964951435,0.033333333830038704,0.015345072994629541,7.115173084573499,-5.2264569074655665,6.097275101916272e-18,-4.828026120252937,0.006048606702811434,0.00011558344893943053
0.008616385670999685,-0.033333333830038704,0.01586387741068999,7.004345768434917,-5.27782107253509,-4.0103010375735486e-18,-4.604939127729778,0.005954392431523526,0.00011744300705652443
0.008616385670999685,0.033333333830038704,-0.01586387741068999,1.442896719994659,1.0872322649458783,5.108408410839163e-18,-0.9486184410140889,0.0012266061089851162,0.00011744300705652443
0.008911365953584513,-0.033333333830038704,-0.016121249956389267,1.442896719994659,1.0872322649458783,5.108408410839163e-18,-0.9486184410140889,0.0012266061089851162,0.00011744300705652443
0.008911365953584513,0.033333333830038704,0.016121249956389267,7.004345768434917,-5.27782107253509,-4.0103010375735486e-18,-4.604939127729778,0.005954392431523526,0.00011744300705652443
0.009512955943743387,-0.033333333830038704,0.01663205213844776,6.884831658511451,-5.306723386543865,-4.107010538357699e-18,-4.386296144214381,0.005852793519203187,0.00011933670360440248
0.009512955943743387,0.033333333830038704,-0.01663205213844776,1.2389729801944371,0.954981503602269,5.108301508084748e-18,-0.7893442680031536,0.0010532505932785109,0.00011933670360440248
0.009819565651317438,-0.033333333830038704,-0.016885481774806976,1.2389729801944371,0.954981503602269,5.108301508084748e-18,-0.7893442680031536,0.0010532505932785109,0.00011933670360440248
0.009819565651317438,0.033333333830038704,0.016885481774806976,6.884831658511451,-5.306723386543865,-4.107010538357699e-18,-4.386296144214381,0.005852793519203187,0.00011933670360440248
0.01044405127565066,-0.033333333830038704,0.017388533800840378,6.755165037693436,-5.312824437693831,-2.0569094379319924e-18,-4.17206797412494,0.0057425639601343835,0.00012125213263092889
0.01044405127565066,0.033333333830038704,-0.017388533800840378,1.0443954085130205,0.8213995391677089,2.5582986822432943e-18,-0.6450306708817453,0.0008878402525461552,0.00012125213263092889
0.010761927192409834,-0.033333333830038704,-0.017638156190514565,1.0443954085130205,0.8213995391677089,2.5582986822432943e-18,-0.6450306708817453,0.0008878402525461552,0.00012125213263092889
0.010761927192409834,0.033333333830038704,0.017638156190514565,6.755165037693436,-5.312824437693831,-2.0569094379319924e-18,-4.17206797412494,0.0057425639601343835,0.00012125213263092889
0.011408679808179537,-0.033333333830038704,0.01813369741042455,6.614172985939504,-5.297043832561192,-4.099473894171454e-18,-3.960885118740171,0.0056227066553091575,0.00012319592660397315
0.011408679808179537,0.033333333830038704,-0.01813369741042455,0.859183399562825,0.6880878588098734,5.101202861202729e-18,-0.514520371455569,0.0007303915741427857,0.00012319592660397315
0.01173755650719007,-0.033333333830038704,-0.01837961624066035,0.859183399562825,0.6880878588098734,5.101202861202729e-18,-0.514520371455569,0.0007303915741427857,0.00012319592660397315
0.01173755650719007,0.033333333830038704,0.01837961624066035,6.614172985939504,-5.297043832561192,-4.099473894171454e-18,-3.960885118740171,0.0056227066553091575,0.00012319592660397315
0.01240607164800167,-0.033333333830038704,0.01886790059506893,6.4609823431218905,-5.259226166773578,-2.0198364746675575e-18,-3.7529765473363854,0.005492479331540526,0.00012517419513643658
0.01240607164800167,0.033333333830038704,-0.01886790059506893,0.6832108238424411,0.5561321872362394,2.544162946226466e-18,-0.3968551626668141,0.00058079733541358,0.00012517419513643658
0.012745710089802742,-0.033333333830038704,-0.019110266119241714,0.6832108238424411,0.5561321872362394,2.544162946226466e-18,-0.3968551626668141,0.00058079733541358,0.00012517419513643658
0.012745710089802742,0.033333333830038704,0.019110266119241714,6.4609823431218905,-5.259226166773578,-2.0198364746675575e-18,-3.7529765473363854,0.005492479331540526,0.00012517419513643658
0.013435569281379381,-0.033333333830038704,0.019591578592856724,6.294577094791773,-5.1996452838579685,-2.0692296003922068e-18,-3.547589283489679,0.005351018275222051,0.00012719088065591566
0.013435569281379381,0.033333333830038704,-0.019591578592856724,0.5160581482707263,0.42629064295241953,2.534902685118329e-18,-0.2908475547908622,0.0004387008914004343,0.00012719088065591566
0.013785790031154951,-0.033333333830038704,-0.019830525542298954,0.5160581482707263,0.42629064295241953,2.534902685118329e-18,-0.2908475547908622,0.0004387008914004343,0.00012719088065591566
0.013785790031154951,0.033333333830038704,0.019830525542298954,6.294577094791773,-5.1996452838579685,-2.0692296003922068e-18,-3.547589283489679,0.005351018275222051,0.00012719088065591566
0.014496592183907827,-0.033333333830038704,0.020305170988043148,6.113623149375079,-5.117347524588975,0.0,-3.3450175373468456,0.0051971893754696845,0.00012923446188085126
0.014496592183907827,0.033333333830038704,-0.020305170988043148,0.3538741766835544,0.296206864214824,0.0,-0.19361928239585102,0.0003008283412923227,0.00012923446188085126
0.014857173586885134,-0.033333333830038704,-0.02054086948434512,0.3538741766835544,0.296206864214824,0.0,-0.19361928239585102,0.0003008283412923227,0.00012923446188085126
0.014857173586885134,0.033333333830038704,0.02054086948434512,6.113623149375079,-5.117347524588975,0.0,-3.3450175373468456,0.0051971893754696845,0.00012923446188085126
0.015588553001483282,-0.033333333830038704,0.021009135991334915,5.918413088902491,-5.013819199004179,-2.0521756978363227e-18,-3.1447146978047806,0.005031241356188085,0.0001313092325977447
0.015588553001483282,0.033333333830038704,-0.021009135991334915,0.19016718699540222,0.16110127475995015,2.3991161744105603e-18,-0.10104423922452639,0.00016166107391105494,0.0001313092325977447
0.015959351013104122,-0.033333333830038704,-0.021241704002022743,0.19016718699540222,0.16110127475995015,2.3991161744105603e-18,-0.10104423922452639,0.00016166107391105494,0.0001313092325977447
0.015959351013104122,0.033333333830038704,0.021241704002022743,5.918413088902491,-5.013819199004179,-2.0521756978363227e-18,-3.1447146978047806,0.005031241356188085,0.0001313092325977447
0.016711062441269558,-0.033333333830038704,0.02170380453268687,5.705647168700595,-4.886971048266309,-1.992139414945834e-18,-2.94481299696738,0.004850369105328403,0.00013341746252728341
0.016711062441269558,0.033333333830038704,-0.02170380453268687,0.04381820126222677,0.03753093639058238,1.6836746836326478e-18,-0.022615560472892794,3.724984096795621e-05,0.00013341746252728341
0.017091975857814152,-0.033333333830038704,-0.021933337052663166,0.04381820126222677,0.03753093639058238,1.6836746836326478e-18,-0.022615560472892794,3.724984096795621e-05,0.00013341746252728341
0.017091975857814152,0.033333333830038704,0.021933337052663166,5.705647168700595,-4.886971048266309,-1.992139414945834e-18,-2.94481299696738,0.004850369105328403,0.00013341746252728341
0.017863797023892403,-0.033333333830038704,0.022389546036720276,5.472723492348131,-4.7343394633521925,1.9847372858368268e-18,-2.745310960427835,0.00465236075145103,0.00013556252604946241
0.017863797023892403,0.033333333830038704,-0.022389546036720276,0.04608277970588285,-0.03986525590915938,-1.7083973388734196e-18,0.023116746239861718,3.9174958486606356e-05,0.00013556252604946241
0.018254704773426056,-0.033333333830038704,-0.022616222500801086,0.04608277970588285,-0.03986525590915938,-1.7083973388734196e-18,0.023116746239861718,3.9174958486606356e-05,0.00013556252604946241
0.018254704773426056,0.033333333830038704,0.022616222500801086,5.472723492348131,-4.7343394633521925,1.9847372858368268e-18,-2.745310960427835,0.00465236075145103,0.00013556252604946241
0.019046455000837643,-0.033333333830038704,0.02306679884592692,5.217575840814863,-4.55513424413205,4.8153967323338033e-20,-2.5443760870968855,0.004435459802320679,0.00013774079627228166
0.019046455000837643,0.033333333830038704,-0.02306679884592692,0.17341053357639202,-0.1513937284069586,4.0979746872400977e-22,0.08456448518313726,0.00014741624739985439,0.00013774079627228166
0.01944729747871558,-0.033333333830038704,-0.023290698726971943,0.17341053357639202,-0.1513937284069586,4.0979746872400977e-22,0.08456448518313726,0.00014741624739985439,0.00013774079627228166
0.01944729747871558,0.033333333830038704,0.023290698726971943,5.217575840814863,-4.55513424413205,4.8153967323338033e-20,-2.5443760870968855,0.004435459802320679,0.00013774079627228166
0.02025885507464409,-0.033333333830038704,0.023735847945014637,4.939531032291417,-4.348694181127704,-2.1790728059472157e-21,-2.3426108806193073,0.004199093986264407,0.0001399551233156528
0.02025885507464409,0.033333333830038704,-0.023735847945014637,0.31873533331737053,-0.28061013894957826,-4.550432429063227e-22,0.1511627024885229,0.0002709568201097173,0.0001399551233156528
0.020669570192694664,-0.033333333830038704,-0.023957097282012303,0.31873533331737053,-0.28061013894957826,-4.550432429063227e-22,0.1511627024885229,0.0002709568201097173,0.0001399551233156528
0.020669570192694664,0.033333333830038704,0.023957097282012303,4.939531032291417,-4.348694181127704,-2.1790728059472157e-21,-2.3426108806193073,0.004199093986264407,0.0001399551233156528
0.021500830228130024,-0.033333333830038704,0.024397052824497223,4.641070469170935,-4.117544123839879,-3.933911673146344e-18,-2.141346652936466,0.003945372742781314,0.00014220456908896865
0.021500830228130024,0.033333333830038704,-0.024397052824497223,0.4414512311109355,-0.3916542389728936,4.7741954418177915e-18,0.20368148306589903,0.0003752775714270653,0.00014220456908896865
0.021921375145514805,-0.033333333830038704,-0.024615759029984474,0.4414512311109355,-0.3916542389728936,4.7741954418177915e-18,0.20368148306589903,0.0003752775714270653,0.00014220456908896865
0.021921375145514805,0.033333333830038704,0.024615759029984474,4.641070469170935,-4.117544123839879,-3.933911673146344e-18,-2.141346652936466,0.003945372742781314,0.00014220456908896865
0.02277228112022082,-0.033333333830038704,0.025050700331727665,4.358594777112385,-3.894620816297111,5.873755628582384e-18,-1.9568538852802964,0.0037052402338377086,0.00014448925118575073
0.02277228112022082,0.033333333830038704,-0.025050700331727665,0.5424338132925764,-0.4846915413669841,-6.906298934587638e-18,0.24353347106798853,0.0004611228370574084,0.00014448925118575073
0.02320264217754205,-0.033333333830038704,-0.0252669354279836,0.5424338132925764,-0.4846915413669841,-6.906298934587638e-18,0.24353347106798853,0.0004611228370574084,0.00014448925118575073
0.02320264217754205,0.033333333830038704,0.0252669354279836,4.358594777112385,-3.894620816297111,5.873755628582384e-18,-1.9568538852802964,0.0037052402338377086,0.00014448925118575073
0.02407314380009969,-0.033333333830038704,0.02569708041846752,4.134882510822946,-3.7189376242112027,1.9997006315661505e-18,-1.8074170314390106,0.0035150624971480395,0.00014681043915100602
0.02407314380009969,0.033333333830038704,-0.02569708041846752,0.637589471943691,-0.5734517171421216,-2.242733404117619e-18,0.2786995924650535,0.0005420146365802402,0.00014681043915100602
0.0245132843653361,-0.033333333830038704,-0.025910990312695503,0.637589471943691,-0.5734517171421216,-2.242733404117619e-18,0.2786995924650535,0.0005420146365802402,0.00014681043915100602
0.0245132843653361,0.033333333830038704,0.025910990312695503,4.134882510822946,-3.7189376242112027,1.9997006315661505e-18,-1.8074170314390106,0.0035150624971480395,0.00014681043915100602
0.025403383498390514,-0.033333333830038704,0.026336508492628734,3.949330551920248,-3.5738470230219574,2.1290603108059003e-18,-1.6807228398423648,0.0033573248273825644,0.00014916993934109684
0.025403383498390514,0.033333333830038704,-0.026336508492628734,0.731606085679725,-0.6620484654190151,-2.1944564242127606e-18,0.31135075724965927,0.0006219381343307515,0.00014916993934109684
0.025853342066208523,-0.033333333830038704,-0.02654811677833398,0.731606085679725,-0.6620484654190151,-2.1944564242127606e-18,0.31135075724965927,0.0006219381343307515,0.00014916993934109684
0.025853342066208523,0.033333333830038704,0.02654811677833398,3.949330551920248,-3.5738470230219574,2.1290603108059003e-18,-1.6807228398423648,0.0033573248273825644,0.00014916993934109684
0.026763053610920906,-0.033333333830038704,0.026969192549586296,3.668156432588564,-3.338028268174592,4.422955549253203e-18,-1.52083493345208,0.003118298785059847,0.00015156664916283897
0.026763053610920906,0.033333333830038704,-0.026969192549586296,0.8183856608335314,-0.7447322709198868,-4.298109344836697e-18,0.33930654946293654,0.0006957094275520612,0.00015156664916283897
0.027222806587815285,-0.033333333830038704,-0.027178660035133362,0.8183856608335314,-0.7447322709198868,-4.298109344836697e-18,0.33930654946293654,0.0006957094275520612,0.00015156664916283897
0.027222806587815285,0.033333333830038704,0.027178660035133362,3.668156432588564,-3.338028268174592,4.422955549253203e-18,-1.52083493345208,0.003118298785059847,0.00015156664916283897
0.02815215972562631,-0.033333333830038704,0.027595485250155132,3.2737638673871485,-2.994797962312351,-2.2408104211584654e-18,-1.3223898911967873,0.002783025772715514,0.00015400304940599668
0.02815215972562631,0.033333333830038704,-0.027595485250155132,0.9009287102891055,-0.8241582395849186,2.10511016729401e-18,0.36391721194178045,0.0007658792514302682,0.00015400304940599668
0.028621759886542957,-0.033333333830038704,-0.027802842979629833,0.9009287102891055,-0.8241582395849186,2.10511016729401e-18,0.36391721194178045,0.0007658792514302682,0.00015400304940599668
0.028621759886542957,0.033333333830038704,0.027802842979629833,3.2737638673871485,-2.994797962312351,-2.2408104211584654e-18,-1.3223898911967873,0.002783025772715514,0.00015400304940599668
0.029570849612355232,-0.033333333830038704,0.028215495869517326,2.758151616248419,-2.53552481723022,2.2344104420410813e-18,-1.0855939569762847,0.00234470393834564,0.00015647706491897192
0.029570849612355232,0.033333333830038704,-0.028215495869517326,0.9789105420260694,-0.8998968579295945,-2.063887249236154e-18,0.3852940362609007,0.0008321715853672138,0.00015647706491897192
0.030050339177250862,-0.033333333830038704,-0.028420791029930115,0.9789105420260694,-0.8998968579295945,-2.063887249236154e-18,0.3852940362609007,0.0008321715853672138,0.00015647706491897192
0.030050339177250862,0.033333333830038704,0.028420791029930115,2.758151616248419,-2.53552481723022,2.2344104420410813e-18,-1.0855939569762847,0.00234470393834564,0.00015647706491897192
0.03101923813422521,-0.033333333830038704,0.02882943240304788,2.208904146220614,-2.0398373413018582,6.467825381124304e-18,-0.8475382871712547,0.0018777888135519407,0.00015899186120120717
0.03101923813422521,0.033333333830038704,-0.02882943240304788,1.0525277461409694,-0.9719685677660921,-6.067738529514019e-18,0.40384620794470827,0.0008947535505504702,0.00015899186120120717
0.031508647526303925,-0.033333333830038704,-0.029032778615752857,1.0525277461409694,-0.9719685677660921,-6.067738529514019e-18,0.40384620794470827,0.0008947535505504702,0.00015899186120120717
0.031508647526303925,0.033333333830038704,0.029032778615752857,2.208904146220614,-2.0398373413018582,6.467825381124304e-18,-0.8475382871712547,0.0018777888135519407,0.00015899186120120717
0.032497454434633255,-0.033333333830038704,0.029437558104594547,1.7638495001772716,-1.635795242874017,2.095442561093221e-18,-0.6598022299646666,0.0014994479800715008,0.00016154749374499525
0.032497454434633255,0.033333333830038704,-0.029437558104594547,1.1218085845902195,-1.0403660549856935,-1.9827741510137515e-18,0.41963433140511364,0.0009536491724614934,0.00016154749374499525
0.032996851950883865,-0.033333333830038704,-0.029638991380731266,1.1218085845902195,-1.0403660549856935,-1.9827741510137515e-18,0.41963433140511364,0.0009536491724614934,0.00016154749374499525
0.032996851950883865,0.033333333830038704,0.029638991380731266,1.7638495001772716,-1.635795242874017,2.095442561093221e-18,-0.6598022299646666,0.0014994479800715008,0.00016154749374499525
0.034005689124266304,-0.033333333830038704,0.030040015776952107,1.3948283055822261,-1.2987115840430647,-2.024874836948497e-18,-0.5088164929773188,0.0011857431629748595,0.00016414287969849183
0.034005689124266304,0.033333333830038704,-0.030040015776952107,1.1868388504287777,-1.105054548488544,1.9421823898578495e-18,0.43294445573523943,0.001008931383752955,0.00016414287969849183
0.03451512878139814,-0.033333333830038704,-0.030239606897036236,1.1868388504287777,-1.105054548488544,1.9421823898578495e-18,0.43294445573523943,0.001008931383752955,0.00016414287969849183
0.03451512878139814,0.033333333830038704,0.030239606897036236,1.3948283055822261,-1.2987115840430647,-2.024874836948497e-18,-0.5088164929773188,0.0011857431629748595,0.00016414287969849183
0.03554413467645645,-0.033333333830038704,0.030636977404356003,1.0972557402136847,-1.0254708876450456,-1.976824455417629e-18,-0.3903583200398875,0.0009327768061390238,0.0001667810522023818
0.03554413467645645,0.033333333830038704,-0.030636977404356003,1.2485366111608902,-1.166854635597674,1.902737680057375e-18,0.4441778121353418,0.0010613806333603637,0.0001667810522023818
0.036063700914382935,-0.033333333830038704,-0.030834756791591644,1.2485366111608902,-1.166854635597674,1.902737680057375e-18,0.4441778121353418,0.0010613806333603637,0.0001667810522023818
0.036063700914382935,0.033333333830038704,0.030834756791591644,1.0972557402136847,-1.0254708876450456,-1.976824455417629e-18,-0.3903583200398875,0.0009327768061390238,0.0001667810522023818
0.03711302081743876,-0.033333333830038704,0.031228598207235336,0.8555560124528054,-0.8023671254027873,-3.842379356229435e-18,-0.29695637140329684,0.0007273079333477464,0.00016946130732107542
0.03711302081743876,0.033333333830038704,-0.031228598207235336,1.3068113330480193,-1.2255684461096157,3.729601256830862e-18,0.4535833375281806,0.0011109199585772275,0.00016946130732107542
0.03764277448256811,-0.033333333830038704,-0.03142466023564339,1.3068113330480193,-1.2255684461096157,3.729601256830862e-18,0.4535833375281806,0.0011109199585772275,0.00016946130732107542
0.03764277448256811,0.033333333830038704,0.03142466023564339,0.8555560124528054,-0.8023671254027873,-3.842379356229435e-18,-0.29695637140329684,0.0007273079333477464,0.00016946130732107542
0.03871257851521174,-0.033333333830038704,0.03181504209836324,0.662508321097132,-0.6233818926481073,0.0,-0.2243040156604516,0.0005631981434639501,0.0001721839558579568
0.03871257851521174,0.033333333830038704,-0.03181504209836324,1.3622445291915284,-1.281793067067669,0.0,0.4612121968568341,0.0011580437035327569,0.0001721839558579568
0.039252628882726036,-0.033333333830038704,-0.03200936193267504,1.3622445291915284,-1.281793067067669,0.0,0.4612121968568341,0.0011580437035327569,0.0001721839558579568
0.039252628882726036,0.033333333830038704,0.03200936193267504,0.662508321097132,-0.6233818926481073,0.0,-0.2243040156604516,0.0005631981434639501,0.0001721839558579568
0.04034309461712837,-0.033333333830038704,0.03239637737472852,0.5375497377589219,-0.5073563737780722,-5.295475058213846e-18,-0.17762103071272495,0.0004569708857754431,0.00017495136899618166
0.04034309461712837,0.033333333830038704,-0.03239637737472852,1.414238371255895,-1.3348027192601657,5.370068861685383e-18,0.46730276201644044,0.0012022436545216229,0.00017495136899618166
0.04089350998401642,-0.033333333830038704,-0.03258907298247019,1.414238371255895,-1.3348027192601657,5.370068861685383e-18,0.46730276201644044,0.0012022436545216229,0.00017495136899618166
0.04089350998401642,0.033333333830038704,0.03258907298247019,0.5375497377589219,-0.5073563737780722,-5.295475058213846e-18,-0.17762103071272495,0.0004569708857754431,0.00017495136899618166
0.042004819959402084,-0.033333333830038704,0.03297282879551252,0.3988239531155427,-0.3775225530492653,-1.636746527699073e-18,-0.12859730758407512,0.00033904013400413654,0.00017776279051576543
0.042004819959402084,0.033333333830038704,-0.03297282879551252,1.4637105130032968,-1.385532953769119,1.7538964937698995e-18,0.4719606974062507,0.0012442999087573143,0.00017776279051576543
0.042565714567899704,-0.033333333830038704,-0.033163889000813164,1.4637105130032968,-1.385532953769119,1.7538964937698995e-18,0.4719606974062507,0.0012442999087573143,0.00017776279051576543
0.042565714567899704,0.033333333830038704,0.033163889000813164,0.3988239531155427,-0.3775225530492653,-1.636746527699073e-18,-0.12859730758407512,0.00033904013400413654,0.00017776279051576543
0.04369808485110601,-0.033333333830038704,0.033544411261876426,0.469144041715384,-0.4453092735219305,-1.6194795796065471e-18,-0.14763394864466792,0.0003988192221853469,0.00018061901764328852
0.04369808485110601,0.033333333830038704,-0.033544411261876426,1.5105684177809924,-1.4338242947041733,1.7184759633657677e-18,0.47535758825693597,0.0012841338008565196,0.00018061901764328852
0.04426956052581469,-0.033333333830038704,-0.03373387331763903,1.5105684177809924,-1.4338242947041733,1.7184759633657677e-18,0.47535758825693597,0.0012841338008565196,0.00018061901764328852
0.04426956052581469,0.033333333830038704,0.03373387331763903,0.469144041715384,-0.4453092735219305,-1.6194795796065471e-18,-0.14763394864466792,0.0003988192221853469,0.00018061901764328852
0.04542320470015208,-0.033333333830038704,0.03411123032371203,0.7363321849946965,-0.7007389804560605,1.6892209606590887e-18,-0.2261635866545823,0.0006259557900722075,0.0001835217199457216
0.04542320470015208,0.033333333830038704,-0.03411123032371203,1.5547928392369998,-1.4796364618981936,-1.6842721484342765e-18,0.4775528385048576,0.0013217289695006565,0.0001835217199457216
0.046005373199780784,-0.033333333830038704,-0.03429912527402242,1.5547928392369998,-1.4796364618981936,-1.6842721484342765e-18,0.4775528385048576,0.0013217289695006565,0.0001835217199457216
0.046005373199780784,0.033333333830038704,0.03429912527402242,0.7363321849946965,-0.7007389804560605,1.6892209606590887e-18,-0.2261635866545823,0.0006259557900722075,0.0001835217199457216
0.047180513540903725,-0.033333333830038704,0.0346733902891477,1.0331682153334851,-0.9856324266859277,7.073384899849254e-18,-0.3097826345045641,0.0008782960186796973,0.00018647103679672573
0.047180513540903725,0.033333333830038704,-0.0346733902891477,1.5964024579405962,-1.5229524149457958,-6.602313099363151e-18,0.47866141428941744,0.0013571012950365836,0.00018647103679672573
0.04777348538239797,-0.033333333830038704,-0.03485976035396258,1.5964024579405962,-1.5229524149457958,-6.602313099363151e-18,0.47866141428941744,0.0013571012950365836,0.00018647103679672573
0.04777348538239797,0.033333333830038704,0.03485976035396258,1.0331682153334851,-0.9856324266859277,7.073384899849254e-18,-0.3097826345045641,0.0008782960186796973,0.00018647103679672573
0.04897036155064901,-0.033333333830038704,0.035230970631043114,1.3553071260400054,-1.2959617062377646,-1.813078947907414e-18,-0.39666189867457763,0.0011521462190016518,0.0001894676005679649
0.04897036155064901,0.033333333830038704,-0.035230970631043114,1.6358551011192275,-1.564225205690867,1.6174565336426686e-18,0.4787707360931359,0.0013906399762657559,0.0001894676005679649
0.0495742658774058,-0.033333333830038704,-0.03541581084330877,1.6358551011192275,-1.564225205690867,1.6174565336426686e-18,0.4787707360931359,0.0013906399762657559,0.0001894676005679649
0.0495742658774058,0.033333333830038704,0.03541581084330877,1.3553071260400054,-1.2959617062377646,-1.813078947907414e-18,-0.39666189867457763,0.0011521462190016518,0.0001894676005679649
0.050793113807837166,-0.033333333830038704,0.0357840396463871,1.6390260869248572,-1.5706695804419302,8.933656474011592e-18,-0.468405361513487,0.0013933356304361422,0.00019251190116236055
0.050793113807837166,0.033333333830038704,-0.0357840396463871,1.6732980823088432,-1.6035122429474848,-7.929128276088648e-18,0.47819970616467156,0.0014224702443849928,0.00019251190116236055
0.05140805741151174,-0.033333333830038704,-0.03596742823719978,1.6732980823088432,-1.6035122429474848,-7.929128276088648e-18,0.47819970616467156,0.0014224702443849928,0.00019251190116236055
0.05140805741151174,0.033333333830038704,0.03596742823719978,1.6390260869248572,-1.5706695804419302,8.933656474011592e-18,-0.468405361513487,0.0013933356304361422,0.00019251190116236055
0.05264914035797119,-0.033333333830038704,0.03633269667625427,1.8843960710898005,-1.8095972213806975,1.1158358936329407e-20,-0.525648598504681,0.0016019245871976592,0.00019560615828866096
0.05264914035797119,0.033333333830038704,-0.03633269667625427,1.7081831626938424,-1.6403788737642524,1.5618416769128196e-21,0.47649435234707754,0.0014521260417263543,0.00019560615828866096
0.05327527970075607,-0.033333333830038704,-0.03651457652449608,1.7081831626938424,-1.6403788737642524,1.5618416769128196e-21,0.47649435234707754,0.0014521260417263543,0.00019560615828866096
0.05327527970075607,0.033333333830038704,0.03651457652449608,1.8843960710898005,-1.8095972213806975,1.1158358936329407e-20,-0.525648598504681,0.0016019245871976592,0.00019560615828866096
0.0545388696094354,-0.033333333830038704,0.03687689950068792,2.1239887462891747,-2.0436874321533796,-1.7154892726677801e-18,-0.5785065894364428,0.0018056022551798327,0.0001987492549715546
0.0545388696094354,0.033333333830038704,-0.03687689950068792,1.741275561528239,-1.6754434255964674,1.5225690661787287e-18,0.474267760659586,0.0014802578809694242,0.0001987492549715546
0.05517632017532984,-0.033333333830038704,-0.03705734262863795,1.741275561528239,-1.6754434255964674,1.5225690661787287e-18,0.474267760659586,0.0014802578809694242,0.0001987492549715546
0.05517632017532984,0.033333333830038704,0.03705734262863795,2.1239887462891747,-2.0436874321533796,-1.7154892726677801e-18,-0.5785065894364428,0.0018056022551798327,0.0001987492549715546
0.05646268154184023,-0.033333333830038704,0.03741677229603132,2.3403457346021823,-2.2560968102843564,3.384436835259473e-18,-0.6222903985241781,0.001989527272063466,0.00020194288295599804
0.05646268154184023,0.033333333830038704,-0.03741677229603132,1.7722088420980546,-1.7084119908868038,-2.985373919510195e-18,0.47122462733256465,0.0015065542543633752,0.00020194288295599804
0.057111592342456184,-0.033333333830038704,-0.03759575883547465,1.7722088420980546,-1.7084119908868038,-2.985373919510195e-18,0.47122462733256465,0.0015065542543633752,0.00020194288295599804
0.057111592342456184,0.033333333830038704,0.03759575883547465,2.3403457346021823,-2.2560968102843564,3.384436835259473e-18,-0.6222903985241781,0.001989527272063466,0.00020194288295599804
0.05842101449767748,-0.033333333830038704,0.03795230761170387,2.527767238536792,-2.4411001082871766,-1.6686491468459568e-18,-0.6562297414322615,0.002148854241551775,0.0002051885109583333
0.05842101449767748,0.033333333830038704,-0.03795230761170387,1.8011367375241396,-1.7393828901569546,1.4632053586744278e-18,0.46759032142286766,0.0015311458503924032,0.0002051885109583333
0.059081525852282844,-0.033333333830038704,-0.03812986984848976,1.8011367375241396,-1.7393828901569546,1.4632053586744278e-18,0.46759032142286766,0.0015311458503924032,0.0002051885109583333
0.059081525852282844,0.033333333830038704,0.03812986984848976,2.527767238536792,-2.4411001082871766,-1.6686491468459568e-18,-0.6562297414322615,0.002148854241551775,0.0002051885109583333
0.060414303094148636,-0.033333333830038704,0.03848355015118917,2.689356623401806,-2.601562957061498,-4.921824599127784e-18,-0.6815491385663957,0.002286221333649196,0.0002084857572203993
0.060414303094148636,0.033333333830038704,-0.03848355015118917,1.8282431759971318,-1.768560436272042,4.304837631939203e-18,0.46332180375342175,0.0015541890263613143,0.0002084857572203993
0.06108656898140907,-0.033333333830038704,-0.038659668217102684,1.8282431759971318,-1.768560436272042,4.304837631939203e-18,0.46332180375342175,0.0015541890263613143,0.0002084857572203993
0.06108656898140907,0.033333333830038704,0.038659668217102684,2.689356623401806,-2.601562957061498,-4.921824599127784e-18,-0.6815491385663957,0.002286221333649196,0.0002084857572203993
0.06244300057490667,-0.033333333830038704,0.03901049867272377,2.830312649705578,-2.7423095138155356,-3.2309870509632496e-18,-0.7002915289507723,0.002406048013249045,0.00021183635967679632
0.06244300057490667,0.033333333830038704,-0.03901049867272377,1.8537179048791441,-1.7960801069129535,2.812888098530318e-18,0.45865708369224756,0.0015758450864510009,0.00021183635967679632
0.06312716628114383,-0.033333333830038704,-0.039185211062431335,1.8537179048791441,-1.7960801069129535,2.812888098530318e-18,0.45865708369224756,0.0015758450864510009,0.00021183635967679632
0.06312716628114383,0.033333333830038704,0.039185211062431335,2.830312649705578,-2.7423095138155356,-3.2309870509632496e-18,-0.7002915289507723,0.002406048013249045,0.00021183635967679632
0.06450756390889485,-0.033333333830038704,0.03953318918744723,2.954874524962731,-2.8674154422635016,1.5870708189825998e-18,-0.7135910171397428,0.0025119380295058093,0.00021524031383945985
0.06450756390889485,0.033333333830038704,-0.03953318918744723,1.8780866569126669,-1.8224985989915556,-1.3795862521628104e-18,0.4535508213499496,0.0015965609559227764,0.00021524031383945985
0.06520379583040874,-0.033333333830038704,-0.03970645492275556,1.8780866569126669,-1.8224985989915556,-1.3795862521628104e-18,0.4535508213499496,0.0015965609559227764,0.00021524031383945985
0.06520379583040874,0.033333333830038704,0.03970645492275556,2.954874524962731,-2.8674154422635016,1.5870708189825998e-18,-0.7135910171397428,0.0025119380295058093,0.00021524031383945985
0.06660847862561543,-0.033333333830038704,0.0400515670577685,3.0662883231685965,-2.979875589648691,-6.260549553332093e-18,-0.7228177854867361,0.0026066508690395047,0.00021869852702498523
0.06660847862561543,0.033333333830038704,-0.0400515670577685,1.9010448919094456,-1.8474705152232398,5.406759812263426e-18,0.4481343285620644,0.001616077745245486,0.00021869852702498523
0.06731692949930827,-0.033333333830038704,-0.04022341345747312,1.9010448919094456,-1.8474705152232398,5.406759812263426e-18,0.4481343285620644,0.001616077745245486,0.00021869852702498523
0.06731692949930827,0.033333333830038704,0.04022341345747312,3.0662883231685965,-2.979875589648691,-6.260549553332093e-18,-0.7228177854867361,0.0026066508690395047,0.00021869852702498523
0.06874621659517288,-0.033333333830038704,0.040565709273020424,3.167722691959682,-3.082712006856242,4.6188302742842925e-18,-0.7289401456502826,0.0026928801983435837,0.00022221433144974114
0.06874621659517288,0.033333333830038704,-0.040565709273020424,1.9217942617965897,-1.8702199724063406,-3.974273796039504e-18,0.44223346717172607,0.0016337167789396351,0.00022221433144974114
0.06946705281734467,-0.033333333830038704,-0.04073615868886312,1.9217942617965897,-1.8702199724063406,-3.974273796039504e-18,0.44223346717172607,0.0016337167789396351,0.00022221433144974114
0.06946705281734467,0.033333333830038704,0.04073615868886312,3.167722691959682,-3.082712006856242,4.6188302742842925e-18,-0.7289401456502826,0.0026928801983435837,0.00022221433144974114
0.07092128445704778,-0.033333333830038704,0.04107560341556867,3.2593736970807994,-3.17614188157853,1.5168820676355165e-18,-0.7318740638285747,0.0027707926928543514,0.00022578428718301481
0.07092128445704778,0.033333333830038704,-0.04107560341556867,1.9419670620436211,-1.8923767237635207,-1.2982777144261164e-18,0.4360578005498551,0.0016508656709396368,0.00022578428718301481
0.07165467987457912,-0.033333333830038704,-0.041244598726431526,1.9419670620436211,-1.8923767237635207,-1.2982777144261164e-18,0.4360578005498551,0.0016508656709396368,0.00022578428718301481
0.07165467987457912,0.033333333830038704,0.041244598726431526,3.2593736970807994,-3.17614188157853,1.5168820676355165e-18,-0.7318740638285747,0.0027707926928543514,0.00022578428718301481
0.07313419878482819,-0.033333333830038704,0.04158116256197294,3.344531513043166,-3.2632469869980825,-7.46222618967285e-18,-0.7328779868346086,0.0028431853290283777,0.0002294126293054613
0.07313419878482819,0.033333333830038704,-0.04158116256197294,1.9604077957442652,-1.912762611983635,6.363404695874782e-18,0.42957876555112795,0.0016665421336399342,0.0002294126293054613
0.07388032227754593,-0.033333333830038704,-0.04174873108665148,1.9604077957442652,-1.912762611983635,6.363404695874782e-18,0.42957876555112795,0.0016665421336399342,0.0002294126293054613
0.07388032227754593,0.033333333830038704,0.04174873108665148,3.344531513043166,-3.2632469869980825,-7.46222618967285e-18,-0.7328779868346086,0.0028431853290283777,0.0002294126293054613
0.07538547615210216,-0.033333333830038704,0.042082431415716805,3.421801281997354,-3.3426713735747366,7.335873720380157e-18,-0.7316229232075203,0.002908872338587472,0.00023309959748520057
0.07538547615210216,0.033333333830038704,-0.042082431415716805,1.9789549700915388,-1.9331912004712235,-6.243109711566846e-18,0.4231247523729061,0.0016823090815049637,0.00023309959748520057
0.07614450653394063,-0.033333333830038704,-0.042248563220103584,1.9789549700915388,-1.9331912004712235,-6.243109711566846e-18,0.4231247523729061,0.0016823090815049637,0.00023309959748520057
0.07614450653394063,0.033333333830038704,0.042248563220103584,3.421801281997354,-3.3426713735747366,7.335873720380157e-18,-0.7316229232075203,0.002908872338587472,0.00023309959748520057
0.0776756579677264,-0.033333333830038704,0.04257937396566073,3.4957799026103817,-3.4188840339790336,-7.217650420256119e-18,-0.7291838517808109,0.002971761543837428,0.00023684616990582512
0.0776756579677264,0.033333333830038704,-0.04257937396566073,2.013605681785366,-1.9693128594980467,6.172743886700009e-18,0.4200175033661509,0.001711765642085743,0.00023684616990582512
0.07844777901967366,-0.033333333830038704,-0.04274405290683111,2.013605681785366,-1.9693128594980467,6.172743886700009e-18,0.4200175033661509,0.001711765642085743,0.00023684616990582512
0.07844777901967366,0.033333333830038704,0.04274405290683111,3.4957799026103817,-3.4188840339790336,-7.217650420256119e-18,-0.7291838517808109,0.002971761543837428,0.00023684616990582512
0.08000529557466507,-0.033333333830038704,0.0430719219148159,3.5656289599464435,-3.4910656250499503,-5.937927159617004e-22,-0.725376234517892,0.00303114020846949,0.0002406510756172414
0.08000529557466507,0.033333333830038704,-0.0430719219148159,2.1201425155750524,-2.0758067481149713,-1.3671097506584114e-22,0.4313126833623828,0.0018023325754965038,0.0002406510756172414
0.0807906910777092,-0.033333333830038704,-0.043235111981630325,2.1201425155750524,-2.0758067481149713,-1.3671097506584114e-22,0.4313126833623828,0.0018023325754965038,0.0002406510756172414
0.0807906910777092,0.033333333830038704,0.043235111981630325,3.5656289599464435,-3.4910656250499503,-5.937927159617004e-22,-0.725376234517892,0.00303114020846949,0.0002406510756172414
0.08237494776646297,-0.033333333830038704,0.04356001317501068,3.62943849688995,-3.5572872302010623,1.395021287296685e-18,-0.720091219607096,0.003085384678459488,0.00024451926960026606
0.08237494776646297,0.033333333830038704,-0.04356001317501068,2.221580464605373,-2.1774166511918334,-1.2867498229716658e-18,0.44076806579965255,0.001888564948360982,0.00024451926960026606
0.08317380895217259,-0.033333333830038704,-0.043721724301576614,2.221580464605373,-2.1774166511918334,-1.2867498229716658e-18,0.44076806579965255,0.001888564948360982,0.00024451926960026606
0.08317380895217259,0.033333333830038704,0.043721724301576614,3.62943849688995,-3.5572872302010623,1.395021287296685e-18,-0.720091219607096,0.003085384678459488,0.00024451926960026606
0.0847851832707723,-0.033333333830038704,0.04404365892211596,3.6866620793571587,-3.6170075553465986,-4.107786469961425e-18,-0.7132556567849104,0.003134030430341543,0.000248448035134472
0.0847851832707723,0.033333333830038704,-0.04404365892211596,2.291939307481031,-2.2486361953196035,3.8725687447409925e-18,0.4434197224698132,0.0019483769815415173,0.000248448035134472
0.08559769640366237,-0.033333333830038704,-0.04420388241608938,2.291939307481031,-2.2486361953196035,3.8725687447409925e-18,0.4434197224698132,0.0019483769815415173,0.000248448035134472
0.08559769640366237,0.033333333830038704,0.04420388241608938,3.6866620793571587,-3.6170075553465986,-4.107786469961425e-18,-0.7132556567849104,0.003134030430341543,0.000248448035134472
0.08723657826582591,-0.033333333830038704,0.044522798309723534,3.7390891212144655,-3.6719946307265037,-1.3471051675189924e-18,-0.7051545137770094,0.003178598644356493,0.0002524404321775561
0.08723657826582591,0.033333333830038704,-0.044522798309723534,2.3546252030694337,-2.3123736350622117,1.2882842068188e-18,0.4440585758646547,0.002001666244321339,0.0002524404321775561
0.08806294699509938,-0.033333333830038704,-0.044681490709384285,2.3546252030694337,-2.3123736350622117,1.2882842068188e-18,0.4440585758646547,0.002001666244321339,0.0002524404321775561
0.08806294699509938,0.033333333830038704,0.044681490709384285,3.7390891212144655,-3.6719946307265037,-1.3471051675189924e-18,-0.7051545137770094,0.003178598644356493,0.0002524404321775561
0.089729738732179,-0.033333333830038704,0.04499735434850057,3.786700405809279,-3.722169465199952,5.292168672548865e-18,-0.6960994438219723,0.0032190729844331985,0.0002564980091761018
0.089729738732179,0.033333333830038704,-0.04499735434850057,2.398124700075658,-2.357257130421367,-5.1021680258812135e-18,0.44084112579316553,0.002038645154888002,0.0002564980091761018
0.09057016173998515,-0.033333333830038704,-0.04515452558795611,2.398124700075658,-2.357257130421367,-5.1021680258812135e-18,0.44084112579316553,0.002038645154888002,0.0002564980091761018
0.09057016173998515,0.033333333830038704,0.04515452558795611,3.786700405809279,-3.722169465199952,5.292168672548865e-18,-0.6960994438219723,0.0032190729844331985,0.0002564980091761018
0.09226526816685994,-0.033333333830038704,0.04546728481849035,3.8293232321044917,-3.7674076335906905,0.0,-0.6858251514036096,0.0032553066374670157,0.0002606189273750681
0.09226526816685994,0.033333333830038704,-0.04546728481849035,2.4317600075136077,-2.3924413427832905,0.0,0.4355240010422693,0.002067238520587201,0.0002606189273750681
0.0931199515859286,-0.033333333830038704,-0.04562287280956904,2.4317600075136077,-2.3924413427832905,0.0,0.4355240010422693,0.002067238520587201,0.0002606189273750681
0.0931199515859286,0.033333333830038704,0.04562287280956904,3.8293232321044917,-3.7674076335906905,0.0,-0.6858251514036096,0.0032553066374670157,0.0002606189273750681
0.09484378496805827,-0.033333333830038704,0.045932491620381675,3.8670783705867997,-3.8077457843001423,-1.0210044962837054e-17,-0.6748089851244953,0.0032874022704158174,0.00026480794124110783
0.09484378496805827,0.033333333830038704,-0.045932491620381675,2.459773871896872,-2.422033559569599,9.898777580757354e-18,0.4292329637680977,0.0020910530990754794,0.00026480794124110783
0.09571293493111928,-0.033333333830038704,-0.04608652244011561,2.459773871896872,-2.422033559569599,9.898777580757354e-18,0.4292329637680977,0.0020910530990754794,0.00026480794124110783
0.09571293493111928,0.033333333830038704,0.04608652244011561,3.8670783705867997,-3.8077457843001423,-1.0210044962837054e-17,-0.6748089851244953,0.0032874022704158174,0.00026480794124110783
0.09746592243512471,-0.033333333830038704,0.0463929275671641,3.900176004694229,-3.843476252301647,1.2538425205925326e-18,-0.6626184162743488,0.0033155385601630677,0.0002690628322634644
0.09746592243512471,0.033333333830038704,-0.0463929275671641,2.484594524534685,-2.4484741304377198,-1.2160295977412595e-18,0.42211892154342995,0.002112153129127978,0.0002690628322634644
0.09834975997606914,-0.033333333830038704,-0.04654530187447866,2.484594524534685,-2.4484741304377198,-1.2160295977412595e-18,0.42211892154342995,0.002112153129127978,0.0002690628322634644
0.09834975997606914,0.033333333830038704,0.04654530187447866,3.900176004694229,-3.843476252301647,1.2538425205925326e-18,-0.6626184162743488,0.0033155385601630677,0.0002690628322634644
0.10013232876857121,-0.033333333830038704,0.04684843743840853,3.9281581307316475,-3.874029228304757,-2.4609239524707714e-18,-0.6498644768515991,0.0033393261578921803,0.0002733865686888619
0.10013232876857121,0.033333333830038704,-0.04684843743840853,2.5070222577796506,-2.4724762037112717,2.3894113295725702e-18,0.4147553774022413,0.002131218939055847,0.0002733865686888619
0.10103106002012889,-0.033333333830038704,-0.04699919869502386,2.5070222577796506,-2.4724762037112717,2.3894113295725702e-18,0.4147553774022413,0.002131218939055847,0.0002733865686888619
0.10103106002012889,0.033333333830038704,0.04699919869502386,3.9281581307316475,-3.874029228304757,-2.4609239524707714e-18,-0.6498644768515991,0.0033393261578921803,0.0002733865686888619
0.10284364471832912,-0.033333333830038704,0.04729905476172765,3.952853336157567,-3.901272699871341,-4.214378825709667e-22,-0.6364910198978333,0.0033603195453039887,0.00027778078927426534
0.10284364471832912,0.033333333830038704,-0.04729905476172765,2.527337782356056,-2.494358645555887,-1.140150934129471e-22,0.40695357654777703,0.002148489160969407,0.00027778078927426534
0.10375749816497166,-0.033333333830038704,-0.047448149571816124,2.527337782356056,-2.494358645555887,-1.140150934129471e-22,0.40695357654777703,0.002148489160969407,0.00027778078927426534
0.10375749816497166,0.033333333830038704,0.047448149571816124,3.952853336157567,-3.901272699871341,-4.214378825709667e-22,-0.6364910198978333,0.0033603195453039887,0.00027778078927426534
0.10560054828723271,-0.033333333830038704,0.04774462183316549,3.9745703162143733,-3.925501448575363,5.924063254172999e-18,-0.6226135043228255,0.0033787811441400336,0.00028224350149285836
0.10560054828723271,0.033333333830038704,-0.04774462183316549,2.5459110242900262,-2.5144799610221433,-5.7616343984781185e-18,0.398815081484605,0.002164278268882793,0.00028224350149285836
0.10652974496285121,-0.033333333830038704,-0.04789199928442637,2.5459110242900262,-2.5144799610221433,-5.7616343984781185e-18,0.398815081484605,0.002164278268882793,0.00028224350149285836
0.10652974496285121,0.033333333830038704,0.04789199928442637,3.9745703162143733,-3.925501448575363,5.924063254172999e-18,-0.6226135043228255,0.0033787811441400336,0.00028224350149285836
0.10840371002753575,-0.033333333830038704,0.04818504676222801,3.9923271068417505,-3.945701395782126,-1.1627346481425006e-18,-0.608371780530955,0.003393876187019881,0.00028677977326861686
0.10840371002753575,0.033333333830038704,-0.04818504676222801,2.562623278200721,-2.532694835634156,1.1309826301508291e-18,0.39050599934992825,0.002178485351384058,0.00028677977326861686
0.10934847841660182,-0.033333333830038704,-0.04833071678876877,2.562623278200721,-2.532694835634156,1.1309826301508291e-18,0.39050599934992825,0.002178485351384058,0.00028677977326861686
0.10934847841660182,0.033333333830038704,0.04833071678876877,3.9923271068417505,-3.945701395782126,-1.1627346481425006e-18,-0.608371780530955,0.003393876187019881,0.00028677977326861686
0.11125383526086807,-0.033333333830038704,0.04862020288904508,4.006750240951142,-3.962585538849292,-3.4206515365998384e-18,-0.5932649835145323,0.0034061372894010388,0.00029138839103506897
0.11125383526086807,0.033333333830038704,-0.04862020288904508,2.577374571590083,-2.5489652689597957,3.3317570831467245e-18,0.38162250970806405,0.0021910254218798107,0.00029138839103506897
0.11221442371606827,-0.033333333830038704,-0.04876401896278063,2.577374571590083,-2.5489652689597957,3.3317570831467245e-18,0.38162250970806405,0.0021910254218798107,0.00029138839103506897
0.11221442371606827,0.033333333830038704,0.04876401896278063,4.006750240951142,-3.962585538849292,-3.4206515365998384e-18,-0.5932649835145323,0.0034061372894010388,0.00029138839103506897
0.11415163675944011,-0.033333333830038704,0.049049886564413704,4.017662782353708,-3.975826322088382,-3.355330407115506e-18,-0.5782899699106915,0.003415414037877527,0.0002960704015337444
0.11415163675944011,0.033333333830038704,-0.049049886564413704,2.5907273159129316,-2.5637497256366792,3.2693704596034852e-18,0.37290128682437473,0.002202376586194733,0.0002960704015337444
0.11512826134761174,-0.033333333830038704,-0.049191938092311226,2.5907273159129316,-2.5637497256366792,3.2693704596034852e-18,0.37290128682437473,0.002202376586194733,0.0002960704015337444
0.11512826134761174,0.033333333830038704,0.049191938092311226,4.017662782353708,-3.975826322088382,-3.355330407115506e-18,-0.5782899699106915,0.003415414037877527,0.0002960704015337444
0.11709779749313991,-0.033333333830038704,0.04947419837117195,4.026249960255757,-3.986698408214214,-2.1938109545012704e-18,-0.5629605176224491,0.00342271399547507,0.0003008286382795681
0.11709779749313991,0.033333333830038704,-0.04947419837117195,2.6032980961812036,-2.5777248006463633,2.1389954272167888e-18,0.36399976608968704,0.002213063003079671,0.0003008286382795681
0.11809070905049641,-0.033333333830038704,-0.04961440712213516,2.6032980961812036,-2.5777248006463633,2.1389954272167888e-18,0.36399976608968704,0.002213063003079671,0.0003008286382795681
0.11809070905049641,0.033333333830038704,0.04961440712213516,4.026249960255757,-3.986698408214214,-2.1938109545012704e-18,-0.5629605176224491,0.00342271399547507,0.0003008286382795681
0.12009306252002716,-0.033333333830038704,0.04989295701185862,4.032562013818681,-3.9952176156659105,-2.1514090662561002e-18,-0.5475331942139868,0.003428079870491095,0.0003056632375832932
0.12009306252002716,0.033333333830038704,-0.04989295701185862,2.614596026214725,-2.5903830036556124,2.099017596926584e-18,0.35500461218125107,0.0022226673703264516,0.0003056632375832932
0.12110250443220139,-0.033333333830038704,-0.05003129815061887,2.614596026214725,-2.5903830036556124,2.099017596926584e-18,0.35500461218125107,0.0022226673703264516,0.0003056632375832932
0.12110250443220139,0.033333333830038704,0.05003129815061887,4.032562013818681,-3.9952176156659105,-2.1514090662561002e-18,-0.5475331942139868,0.003428079870491095,0.0003056632375832932
0.12313817938168843,-0.033333333830038704,0.05030597994724909,4.036354450223378,-4.0011971981831875,-1.0548187874703482e-18,-0.5315808772793421,0.003431303819646622,0.00031057507118586325
0.12313817938168843,0.033333333830038704,-0.05030597994724909,2.6235293851210164,-2.6006780510855627,1.029554462052734e-18,0.34551426771590454,0.0022302616163014885,0.00031057507118586325
0.12416441241900127,-0.033333333830038704,-0.05044232060511907,2.6235293851210164,-2.6006780510855627,1.029554462052734e-18,0.34551426771590454,0.0022302616163014885,0.00031057507118586325
0.12416441241900127,0.033333333830038704,0.05044232060511907,4.036354450223378,-4.0011971981831875,-1.0548187874703482e-18,-0.5315808772793421,0.003431303819646622,0.00031057507118586325
0.1262339105208715,-0.033333333830038704,0.05071305731932322,4.038073082098436,-4.004978022507668,0.0,-0.5159314446692783,0.003432764828135886,0.0003155658243652812
0.1262339105208715,0.033333333830038704,-0.05071305731932322,2.6316864333558554,-2.610117774848351,0.0,0.33624200351823375,0.0022371959207859956,0.0003155658243652812
0.12727717558542886,-0.033333333830038704,-0.0508474533756574,2.6316864333558554,-2.610117774848351,0.0,0.33624200351823375,0.0022371959207859956,0.0003155658243652812
0.12727717558542886,0.033333333830038704,0.0508474533756574,4.038073082098436,-4.004978022507668,0.0,-0.5159314446692783,0.003432764828135886,0.0003155658243652812
0.129381000995636,-0.033333333830038704,0.051114206512769066,4.038469871761114,-4.007383269938972,1.841460449416996e-22,-0.5001182189597356,0.0034331021389201423,0.0003206362440330137
0.129381000995636,0.033333333830038704,-0.051114206512769066,2.639012070836759,-2.6186979617669905,3.873044751539626e-22,0.3268114059507819,0.00224342344321485,0.0003206362440330137
0.1304415613412857,-0.033333333830038704,-0.05124656359354655,2.639012070836759,-2.6186979617669905,3.873044751539626e-22,0.3268114059507819,0.00224342344321485,0.0003206362440330137
0.1304415613412857,0.033333333830038704,0.05124656359354655,4.038469871761114,-4.007383269938972,1.841460449416996e-22,-0.5001182189597356,0.0034331021389201423,0.0003206362440330137
0.13258024056752524,-0.033333333830038704,0.0515092300872008,4.0361618367624885,-4.006998985347869,3.975441873292126e-18,-0.484315500432404,0.003431140078995939,0.0003257896267568227
0.13258024056752524,0.033333333830038704,-0.0515092300872008,2.6445607267104227,-2.6254527388127284,-3.887251660733025e-18,0.3173316144349665,0.0022481403540629925,0.0003257896267568227
0.13365835944811502,-0.033333333830038704,-0.05163953950007757,2.6445607267104227,-2.6254527388127284,-3.887251660733025e-18,0.3173316144349665,0.0022481403540629925,0.0003257896267568227
0.13365835944811502,0.033333333830038704,0.05163953950007757,4.0361618367624885,-4.006998985347869,3.975441873292126e-18,-0.484315500432404,0.003431140078995939,0.0003257896267568227
0.13583242893218994,-0.033333333830038704,0.05189799269040426,4.032603911560556,-4.005317699068858,-3.896712047850611e-18,-0.46832086976692183,0.0034281154877500606,0.00033102503384748973
0.13583242893218994,0.033333333830038704,-0.05189799269040426,2.6498850053059573,-2.6319548224962697,3.812386040542324e-18,0.3077407247732802,0.0022526665218480612,0.00033102503384748973
0.13692837953567505,-0.033333333830038704,-0.05202613646785418,2.6498850053059573,-2.6319548224962697,3.812386040542324e-18,0.3077407247732802,0.0022526665218480612,0.00033102503384748973
0.13692837953567505,0.033333333830038704,0.05202613646785418,4.032603911560556,-4.005317699068858,-3.896712047850611e-18,-0.46832086976692183,0.0034281154877500606,0.00033102503384748973
0.13913838068644205,-0.033333333830038704,0.05228025217851003,4.026819157811472,-4.0013197884824905,0.0,-0.45245163279176187,0.0034231978701622775,0.0003363450354299929
0.13913838068644205,0.033333333830038704,-0.05228025217851003,2.65498067387172,-2.638168314013683,0.0,0.2983124629755405,0.002256998348309037,0.0003363450354299929
0.14025243123372397,-0.033333333830038704,-0.05240622411171595,2.65498067387172,-2.638168314013683,0.0,0.2983124629755405,0.002256998348309037,0.0003363450354299929
0.14025243123372397,0.033333333830038704,0.05240622411171595,4.026819157811472,-4.0013197884824905,0.0,-0.45245163279176187,0.0034231978701622775,0.0003363450354299929
0.14249890546003977,-0.033333333830038704,0.05265593156218529,4.0186458103879845,-3.994869036945738,0.0,-0.4365037537079506,0.003416249709741936,0.0003417491060952609
0.14249890546003977,0.033333333830038704,-0.05265593156218529,2.6582935324382553,-2.64256543744158,0.0,0.28874281539502933,0.002259814608474859,0.0003417491060952609
0.1436313291390737,-0.033333333830038704,-0.0527796670794487,2.6582935324382553,-2.64256543744158,0.0,0.28874281539502933,0.002259814608474859,0.0003417491060952609
0.1436313291390737,0.033333333830038704,0.0527796670794487,4.0186458103879845,-3.994869036945738,0.0,-0.4365037537079506,0.003416249709741936,0.0003417491060952609
0.1459148327509562,-0.033333333830038704,0.05302488182981809,4.008409350515953,-3.9862719911173925,0.0,-0.420691257499722,0.00340754769799056,0.0003472417069174138
0.1459148327509562,0.033333333830038704,-0.05302488182981809,2.6612067383834868,-2.646509614200329,0.0,0.27929942062758073,0.002262291124056075,0.0003472417069174138
0.14706591268380484,-0.033333333830038704,-0.053146361062924065,2.6612067383834868,-2.646509614200329,0.0,0.27929942062758073,0.002262291124056075,0.0003472417069174138
0.14706591268380484,0.033333333830038704,0.053146361062924065,4.008409350515953,-3.9862719911173925,0.0,-0.420691257499722,0.00340754769799056,0.0003472417069174138
0.14938701689243317,-0.033333333830038704,0.053386956453323364,3.996344390994002,-3.975793791828909,3.594154960339157e-18,-0.4047619254375672,0.003397291279184412,0.0003528216200088691
0.14938701689243317,0.033333333830038704,-0.053386956453323364,2.6635939759568656,-2.64989684508351,-3.5228224508494605e-18,0.2697769062951172,0.002264320514067521,0.0003528216200088691
0.1505570411682129,-0.033333333830038704,-0.053506072610616684,2.6635939759568656,-2.64989684508351,-3.5228224508494605e-18,0.2697769062951172,0.002264320514067521,0.0003528216200088691
0.1505570411682129,0.033333333830038704,0.053506072610616684,3.996344390994002,-3.975793791828909,3.594154960339157e-18,-0.4047619254375672,0.003397291279184412,0.0003528216200088691
0.1529163271188736,-0.033333333830038704,0.05374185120066007,3.9815804193386377,-3.962560351650656,0.0,-0.38871338436832004,0.003384740430898181,0.0003584910246297652
0.1529163271188736,0.033333333830038704,-0.05374185120066007,2.66475743000537,-2.652027844927901,0.0,0.26015470492746456,0.002265309566037522,0.0003584910246297652
0.15410558879375458,-0.033333333830038704,-0.053858513633410134,2.66475743000537,-2.652027844927901,0.0,0.26015470492746456,0.002265309566037522,0.0003584910246297652
0.15410558879375458,0.033333333830038704,0.053858513633410134,3.9815804193386377,-3.962560351650656,0.0,-0.38871338436832004,0.003384740430898181,0.0003584910246297652
0.15650363763173422,-0.033333333830038704,0.054089428236087166,3.9656587773302205,-3.9480626720345455,0.0,-0.37316306878316,0.0033712054473598783,0.00036425238601088934
0.15650363763173422,0.033333333830038704,-0.054089428236087166,2.664806841030457,-2.652982772344705,0.0,0.2507546802054269,0.0022653515703365016,0.00036425238601088934
0.15771242479483286,-0.033333333830038704,-0.05420368040601412,2.664806841030457,-2.652982772344705,0.0,0.2507546802054269,0.0022653515703365016,0.00036425238601088934
0.15771242479483286,0.033333333830038704,0.05420368040601412,3.9656587773302205,-3.9480626720345455,0.0,-0.37316306878316,0.0033712054473598783,0.00036425238601088934
0.1601498325665792,-0.033333333830038704,0.05442961553732554,3.9489238753712557,-3.9327092946898388,-2.9557666696944785e-18,-0.3574875899066818,0.0033569791117589428,0.00037010587083892
0.1601498325665792,0.033333333830038704,-0.05442961553732554,2.6648291639423762,-2.653887173454683,2.9014261250273613e-18,0.24124125594627618,0.002265370547037849,0.00037010587083892
0.16137845317522684,-0.033333333830038704,-0.05454129849871,2.6648291639423762,-2.653887173454683,2.9014261250273613e-18,0.24124125594627618,0.002265370547037849,0.00037010587083892
0.16137845317522684,0.033333333830038704,0.05454129849871,3.9489238753712557,-3.9327092946898388,-2.9557666696944785e-18,-0.3574875899066818,0.0033569791117589428,0.00037010587083892
0.1638558308283488,-0.033333333830038704,0.05476207907001177,3.929715584634541,-3.914803847476164,-8.2708140516324905e-19,-0.34201668366531035,0.003340650149031171,0.00037605409747772914
0.1638558308283488,0.033333333830038704,-0.05476207907001177,2.663969093261053,-2.6538603701076333,8.121930433564531e-19,0.2318544065190312,0.0022646394011857232,0.00037605409747772914
0.1651045878728231,-0.033333333830038704,-0.0548711766799291,2.663969093261053,-2.6538603701076333,8.121930433564531e-19,0.2318544065190312,0.0022646394011857232,0.00037605409747772914
0.1651045878728231,0.033333333830038704,0.0548711766799291,3.929715584634541,-3.914803847476164,-8.2708140516324905e-19,-0.34201668366531035,0.003340650149031171,0.00037605409747772914
0.16762254138787588,-0.033333333830038704,0.05508673811952273,3.9098237035675836,-3.8961404582117822,3.644528450186046e-18,-0.3268194040509517,0.0033237400663496987,0.0003820961722751364
0.16762254138787588,0.033333333830038704,-0.05508673811952273,2.662397688235443,-2.6530800709808333,-3.5810806521445995e-18,0.2225479437913737,0.002263303550201108,0.0003820961722751364
0.16889173785845438,-0.033333333830038704,-0.05519320194919904,2.662397688235443,-2.6530800709808333,-3.5810806521445995e-18,0.2225479437913737,0.002263303550201108,0.0003820961722751364
0.16889173785845438,0.033333333830038704,0.05519320194919904,3.9098237035675836,-3.8961404582117822,3.644528450186046e-18,-0.3268194040509517,0.0033237400663496987,0.0003820961722751364
0.1714508980512619,-0.033333333830038704,0.055403356750806175,3.8878407937283543,-3.875340881401995,3.9658198654226046e-19,-0.3115109794417017,0.0033050524006779883,0.00038823735588099903
0.1714508980512619,0.033333333830038704,-0.055403356750806175,2.660518524756099,-2.6519646126834258,-3.897241241817371e-19,0.2131724973940564,0.0022617060738387294,0.00038823735588099903
0.1727408617734909,-0.033333333830038704,-0.05550704772273699,2.660518524756099,-2.6519646126834258,-3.897241241817371e-19,0.2131724973940564,0.0022617060738387294,0.00038823735588099903
0.1727408617734909,0.033333333830038704,0.05550704772273699,3.8878407937283543,-3.875340881401995,3.9658198654226046e-19,-0.3115109794417017,0.0033050524006779883,0.00038823735588099903
0.17534186939398447,-0.033333333830038704,0.0557116170724233,3.864878302717773,-3.8534877628604787,2.3295331208971402e-18,-0.29650692454504257,0.003285531993319103,0.0003944757713248721
0.17534186939398447,0.033333333830038704,-0.0557116170724233,2.657624425967394,-2.64979189552823,-2.290728687664873e-18,0.20388844962731517,0.002259245801246076,0.0003944757713248721
0.17665291329224905,-0.033333333830038704,-0.05581249545017878,2.657624425967394,-2.64979189552823,-2.290728687664873e-18,0.20388844962731517,0.002259245801246076,0.0003944757713248721
0.17665291329224905,0.033333333830038704,0.05581249545017878,3.864878302717773,-3.8534877628604787,2.3295331208971402e-18,-0.29650692454504257,0.003285531993319103,0.0003944757713248721
0.17929640909036001,-0.033333333830038704,0.056011381248633065,3.840677268759441,-3.8303297840846384,-6.080859196012032e-18,-0.2817368061145093,0.003264958700937403,0.0004008154457855884
0.17929640909036001,0.033333333830038704,-0.056011381248633065,2.6543898338266234,-2.64723842374854,5.98167421248821e-18,0.1947154789724605,0.0022564960753474967,0.0004008154457855884
0.1806288609902064,-0.033333333830038704,-0.05610938866933187,2.6543898338266234,-2.64723842374854,5.98167421248821e-18,0.1947154789724605,0.0022564960753474967,0.0004008154457855884
0.1806288609902064,0.033333333830038704,0.05610938866933187,3.840677268759441,-3.8303297840846384,-6.080859196012032e-18,-0.2817368061145093,0.003264958700937403,0.0004008154457855884
0.18331550061702728,-0.033333333830038704,0.056302472949028015,3.8154262793658242,-3.8060570689768976,3.72015986901797e-18,-0.2672214081362606,0.0032434928417259114,0.000407256388229096
0.18331550061702728,0.033333333830038704,-0.056302472949028015,2.651239025837939,-2.644728608808328,-3.6602038898553234e-18,0.18568510407911196,0.002253817574333804,0.000407256388229096
0.18466968834400177,-0.033333333830038704,-0.05639754980802536,2.651239025837939,-2.644728608808328,-3.6602038898553234e-18,0.18568510407911196,0.002253817574333804,0.000407256388229096
0.18466968834400177,0.033333333830038704,0.05639754980802536,3.8154262793658242,-3.8060570689768976,3.72015986901797e-18,-0.2672214081362606,0.0032434928417259114,0.000407256388229096
0.18740013738473257,-0.033333333830038704,0.056584676106770836,3.789278602493329,-3.7808313995809186,-3.2770205929697725e-18,-0.25287596812822954,0.003221264708732657,0.0004138008607797984
0.18740013738473257,0.033333333830038704,-0.056584676106770836,2.6467680157611677,-2.6408677405804246,3.2255345038399684e-18,0.176630988272026,0.00225001676988432,0.0004138008607797984
0.18877639869848886,-0.033333333830038704,-0.05667672554651896,2.6467680157611677,-2.6408677405804246,3.2255345038399684e-18,0.176630988272026,0.00225001676988432,0.0004138008607797984
0.18877639869848886,0.033333333830038704,0.05667672554651896,3.789278602493329,-3.7808313995809186,-3.2770205929697725e-18,-0.25287596812822954,0.003221264708732657,0.0004138008607797984
0.19155133763949075,-0.033333333830038704,0.056857697665691376,3.762540545818207,-3.7549595386680457,0.0,-0.23872624885385074,0.0031985346940298608,0.0004204504448529126
0.19155133763949075,0.033333333830038704,-0.056857697665691376,2.641937969770004,-2.636614824306131,0.0,0.16762608496770318,0.002245910749101722,0.0004204504448529126
0.19295001526673636,-0.033333333830038704,-0.05694662034511566,2.641937969770004,-2.636614824306131,0.0,0.16762608496770318,0.002245910749101722,0.0004204504448529126
0.19295001526673636,0.033333333830038704,0.05694662034511566,3.762540545818207,-3.7549595386680457,0.0,-0.23872624885385074,0.0031985346940298608,0.0004204504448529126
0.195770134528478,-0.033333333830038704,0.05712126319607099,3.734828161181778,-3.7280553955468423,3.4869727894832936e-19,-0.22482073145183878,0.0031749764033923195,0.0004272071974661162
0.195770134528478,0.033333333830038704,-0.05712126319607099,2.6371889592854827,-2.632406660880988,-3.4333729010441866e-19,0.15874753140333805,0.002241873616581267,0.0004272071974661162
0.19719157616297403,-0.033333333830038704,-0.05720698336760203,2.6371889592854827,-2.632406660880988,-3.4333729010441866e-19,0.15874753140333805,0.002241873616581267,0.0004272071974661162
0.19719157616297403,0.033333333830038704,0.05720698336760203,3.734828161181778,-3.7280553955468423,3.4869727894832936e-19,-0.22482073145183878,0.0031749764033923195,0.0004272071974661162
0.2000575711329778,-0.033333333830038704,0.05737514545520147,3.7068020266187385,-3.700780049969062,2.3878541465598024e-18,-0.21120673828211964,0.0031511513940275537,0.0004340711881637862
0.2000575711329778,0.033333333830038704,-0.05737514545520147,2.6318799161185225,-2.627604230693241,-2.3519715530654986e-18,0.14995966027909627,0.002237360400429883,0.0004340711881637862
0.2015021244684855,-0.033333333830038704,-0.05745758737126986,2.6318799161185225,-2.627604230693241,-2.3519715530654986e-18,0.14995966027909627,0.002237360400429883,0.0004340711881637862
0.2015021244684855,0.033333333830038704,0.05745758737126986,3.7068020266187385,-3.700780049969062,2.3878541465598024e-18,-0.21120673828211964,0.0031511513940275537,0.0004340711881637862
0.20441470543543497,-0.033333333830038704,0.05761917059620222,3.6784045724661953,-3.6730709519030706,-1.6685661198844416e-19,-0.198015103025209,0.0031270107259808045,0.0004410478073942873
0.20441470543543497,0.033333333830038704,-0.05761917059620222,2.626450516010593,-2.622642209935432,1.6436526482935205e-19,0.1413865330125349,0.002232744868875736,0.0004410478073942873
0.20588273306687674,-0.033333333830038704,-0.05769831190506617,2.626450516010593,-2.622642209935432,1.6436526482935205e-19,0.1413865330125349,0.002232744868875736,0.0004410478073942873
0.20588273306687674,0.033333333830038704,0.05769831190506617,3.6784045724661953,-3.6730709519030706,-1.6685661198844416e-19,-0.198015103025209,0.0031270107259808045,0.0004410478073942873
0.20884263018767038,-0.033333333830038704,0.057853116343418755,3.6494239531736783,-3.6447394404689413,1.631658703894912e-19,-0.1848502125720848,0.003102374309407271,0.0004481360947336893
0.20884263018767038,0.033333333830038704,-0.057853116343418755,2.6205549149908363,-2.6171910901926623,-1.6079980781210592e-19,0.13273605350006432,0.0022277330200533205,0.0004481360947336893
0.2103344996770223,-0.033333333830038704,-0.05792877947290739,2.6205549149908363,-2.6171910901926623,-1.6079980781210592e-19,0.13273605350006432,0.0022277330200533205,0.0004481360947336893
0.2103344996770223,0.033333333830038704,0.05792877947290739,3.6494239531736783,-3.6447394404689413,1.631658703894912e-19,-0.1848502125720848,0.003102374309407271,0.0004481360947336893
0.21334244310855865,-0.033333333830038704,0.05807657167315483,3.6197349300134274,-3.6156452420203724,2.5534151009646e-18,-0.17201874146369847,0.0030771356788985684,0.0004553366427937565
0.21334244310855865,0.033333333830038704,-0.05807657167315483,2.6146522304756075,-2.6116981158678425,-2.5166985646562352e-18,0.12425472990366113,0.0022227151495533316,0.0004553366427937565
0.2148585170507431,-0.033333333830038704,-0.05814870074391365,2.6146522304756075,-2.6116981158678425,-2.5166985646562352e-18,0.12425472990366113,0.0022227151495533316,0.0004553366427937565
0.2148585170507431,0.033333333830038704,0.05814870074391365,3.6197349300134274,-3.6156452420203724,2.5534151009646e-18,-0.17201874146369847,0.0030771356788985684,0.0004553366427937565
0.2179152468840281,-0.033333333830038704,0.05828937763969103,3.5895920354884105,-3.5860443350010383,-2.4969413143663757e-18,-0.15955252630025574,0.0030515112124661985,0.00046265402894380867
0.2179152468840281,0.033333333830038704,-0.05828937763969103,2.608995110143634,-2.606416562739834,2.4611207852674075e-18,0.11596631506114638,0.0022179060330986987,0.00046265402894380867
0.2194559027751287,-0.033333333830038704,-0.0583579254647096,2.608995110143634,-2.606416562739834,2.4611207852674075e-18,0.11596631506114638,0.0022179060330986987,0.00046265402894380867
0.2194559027751287,0.033333333830038704,0.0583579254647096,3.5895920354884105,-3.5860443350010383,-2.4969413143663757e-18,-0.15955252630025574,0.0030515112124661985,0.00046265402894380867
0.22256217896938324,-0.033333333830038704,0.05849128092328707,3.55888166277427,-3.5558365364710887,-1.5258300435054902e-19,-0.14719108508414164,0.003025404332979693,0.0004700883249530908
0.22256217896938324,0.033333333830038704,-0.05849128092328707,2.6031020665240003,-2.600874744762911,1.503998575791108e-19,0.10766118518752822,0.0022128963583214318,0.0004700883249530908
0.22412779927253723,-0.033333333830038704,-0.058556088556845985,2.6031020665240003,-2.600874744762911,1.503998575791108e-19,0.10766118518752822,0.0022128963583214318,0.0004700883249530908
0.22412779927253723,0.033333333830038704,0.058556088556845985,3.55888166277427,-3.5558365364710887,-1.5258300435054902e-19,-0.14719108508414164,0.003025404332979693,0.0004700883249530908
0.2272843966881434,-0.033333333830038704,0.058681897819042206,3.5280054522291824,-3.525414999215958,-1.1932367652093316e-18,-0.13517231322273382,0.0029991564747982318,0.00047764385287899435
0.2272843966881434,0.033333333830038704,-0.058681897819042206,2.5973044662995544,-2.5953973844449227,1.1764187073557231e-18,0.09951335325505675,0.002207967819948439,0.00047764385287899435
0.2288753738005956,-0.033333333830038704,-0.05874289944767952,2.5973044662995544,-2.5953973844449227,1.1764187073557231e-18,0.09951335325505675,0.002207967819948439,0.00047764385287899435
0.2288753738005956,0.033333333830038704,0.05874289944767952,3.5280054522291824,-3.525414999215958,-1.1932367652093316e-18,-0.13517231322273382,0.0029991564747982318,0.00047764385287899435
0.23208307226498923,-0.033333333830038704,0.05886100480953852,3.4963968096275746,-3.494217879753406,1.1660970184253158e-18,-0.12341822874071023,0.0029722859763248533,0.0004853188601062985
0.23208307226498923,0.033333333830038704,-0.05886100480953852,2.5910787705942147,-2.589464028547767,-1.1500156269457315e-18,0.091461687504645,0.002202675357723644,0.0004853188601062985
0.23369979361693063,-0.033333333830038704,-0.058918108542760216,2.5910787705942147,-2.589464028547767,-1.1500156269457315e-18,0.091461687504645,0.002202675357723644,0.0004853188601062985
0.23369979361693063,0.033333333830038704,0.058918108542760216,3.4963968096275746,-3.494217879753406,1.1660970184253158e-18,-0.12341822874071023,0.0029722859763248533,0.0004853188601062985
0.23695938289165497,-0.033333333830038704,0.05902833739916483,3.4651224012247743,-3.463312133738749,1.4242456694572978e-19,-0.11199249871173592,0.00294569961025292,0.0004931180014812783
0.23695938289165497,0.033333333830038704,-0.05902833739916483,2.5844801338617316,-2.58312993614492,-1.4048978858491141e-19,0.08353020602092193,0.0021970658584331702,0.0004931180014812783
0.23860225081443787,-0.033333333830038704,-0.05908146252234777,2.5844801338617316,-2.58312993614492,-1.4048978858491141e-19,0.08353020602092193,0.0021970658584331702,0.0004931180014812783
0.23860225081443787,0.033333333830038704,0.05908146252234777,3.4651224012247743,-3.463312133738749,1.4242456694572978e-19,-0.11199249871173592,0.00294569961025292,0.0004931180014812783
0.2419145405292511,-0.033333333830038704,0.05918359632293383,3.4330410216174903,-3.4315626548031974,3.392145106250739e-23,-0.10073927867764987,0.0029184272381796708,0.0005010423083898883
0.2419145405292511,0.033333333830038704,-0.05918359632293383,2.5782359099996373,-2.577125647004013,-4.1435171245565047e-23,0.07565584687123986,0.0021917576454273608,0.0005010423083898883
0.24358396232128143,-0.033333333830038704,-0.05923260500033697,2.5782359099996373,-2.577125647004013,-4.1435171245565047e-23,0.07565584687123986,0.0021917576454273608,0.0005010423083898883
0.24358396232128143,0.033333333830038704,0.05923260500033697,3.4330410216174903,-3.4315626548031974,3.392145106250739e-23,-0.10073927867764987,0.0029184272381796708,0.0005010423083898883
0.24694977204004923,-0.033333333830038704,0.05932644257942835,3.401078833770225,-3.3998919036141104,6.798548906179961e-20,-0.08984585276490727,0.0028912561909891755,0.0005090940524900273
0.24694977204004923,0.033333333830038704,-0.05932644257942835,2.571512405713614,-2.57061498293386,-6.706359529975699e-20,0.0679313054119247,0.0021860419962636047,0.0005090940524900273
0.2486461599667867,-0.033333333830038704,-0.059371271481116615,2.571512405713614,-2.57061498293386,-6.706359529975699e-20,0.0679313054119247,0.0021860419962636047,0.0005090940524900273
0.2486461599667867,0.033333333830038704,0.059371271481116615,3.401078833770225,-3.3998919036141104,6.798548906179961e-20,-0.08984585276490727,0.0028912561909891755,0.0005090940524900273
0.25206632415453595,-0.033333333830038704,0.059456612914800644,3.3691623490290654,-3.368232250283571,1.9918758312587045e-18,-0.07916086321360347,0.002864123995996743,0.0005172756863309985
0.25206632415453595,0.033333333830038704,-0.059456612914800644,2.564796877857108,-2.5640888341027814,-1.965528735466546e-18,0.060261724958796954,0.0021803331278604106,0.0005172756863309985
0.25379010041554767,-0.033333333830038704,-0.05949712544679642,2.564796877857108,-2.5640888341027814,-1.965528735466546e-18,0.060261724958796954,0.0021803331278604106,0.0005172756863309985
0.25379010041554767,0.033333333830038704,0.05949712544679642,3.3691623490290654,-3.368232250283571,1.9918758312587045e-18,-0.07916086321360347,0.002864123995996743,0.0005172756863309985
0.25726546843846637,-0.033333333830038704,0.05957376460234324,3.3374397021332367,-3.3367300690408355,6.484591729203636e-20,-0.06882014046724796,0.0028371565825038732,0.0005255892913963976
0.25726546843846637,0.033333333830038704,-0.05957376460234324,2.558580228431295,-2.5580362026625303,-6.398717246897233e-20,0.052759560151698456,0.0021750483558753793,0.0005255892913963976
0.25901706020037335,-0.033333333830038704,-0.059609891225894295,2.558580228431295,-2.5580362026625303,-6.398717246897233e-20,0.052759560151698456,0.0021750483558753793,0.0005255892913963976
0.25901706020037335,0.033333333830038704,0.059609891225894295,3.3374397021332367,-3.3367300690408355,6.484591729203636e-20,-0.06882014046724796,0.0028371565825038732,0.0005255892913963976
0.2625484764575958,-0.033333333830038704,0.05967759961883227,3.304632657712818,-3.3041125309393666,-1.0128797222875382e-18,-0.05862921892311815,0.002809267322970467,0.0005340314094739827
0.2625484764575958,0.033333333830038704,-0.05967759961883227,2.5519313460831143,-2.5515296893924653,9.998632986412832e-19,0.0452751506940039,0.002169396142800675,0.0005340314094739827
0.2643283009529114,-0.033333333830038704,-0.0597091813882192,2.5519313460831143,-2.5515296893924653,9.998632986412832e-19,0.0452751506940039,0.002169396142800675,0.0005340314094739827
0.2643283009529114,0.033333333830038704,0.0597091813882192,3.304632657712818,-3.3041125309393666,-1.0128797222875382e-18,-0.05862921892311815,0.002809267322970467,0.0005340314094739827
0.26791664958000183,-0.033333333830038704,0.059767757852872215,3.2719665174640986,-3.271602087116378,-6.180401382296866e-20,-0.04883313405773003,0.0027814978460350757,0.0005426176841620958
0.26791664958000183,0.033333333830038704,-0.059767757852872215,2.5449223144653104,-2.5446388620158333,6.101335775810382e-20,0.037982214024950424,0.0021634377669298784,0.0005426176841620958
0.26972517371177673,-0.033333333830038704,-0.0597947525481383,2.5449223144653104,-2.5446388620158333,6.101335775810382e-20,0.037982214024950424,0.0021634377669298784,0.0005426176841620958
0.26972517371177673,0.033333333830038704,0.0597947525481383,3.2719665174640986,-3.271602087116378,-6.180401382296866e-20,-0.04883313405773003,0.0027814978460350757,0.0005426176841620958
0.2733713487784068,-0.033333333830038704,0.059844023237625756,3.2398547051169757,-3.2396166947725176,-4.523567887207713e-19,-0.03927061522045434,0.0027541996030979714,0.0005513357916056004
0.2733713487784068,0.033333333830038704,-0.059844023237625756,2.5378809622632916,-2.537694521210528,4.467245081750795e-19,0.030761918609174085,0.002157451915339236,0.0005513357916056004
0.2752089997132619,-0.033333333830038704,-0.05986629923184713,2.5378809622632916,-2.537694521210528,4.467245081750795e-19,0.030761918609174085,0.002157451915339236,0.0005513357916056004
0.2752089997132619,0.033333333830038704,0.05986629923184713,3.2398547051169757,-3.2396166947725176,-4.523567887207713e-19,-0.03927061522045434,0.0027541996030979714,0.0005513357916056004
0.2789138853549957,-0.033333333830038704,0.0599060021340847,3.2068708859720205,-3.206731227925217,5.886415641105323e-20,-0.02992843370781228,0.0027261600674193458,0.0005601948166888769
0.2789138853549957,0.033333333830038704,-0.0599060021340847,2.531028861867165,-2.530918636491769,-5.812976995359217e-20,0.02362107244052354,0.0021516269466572784,0.0005601948166888769
0.2807811200618744,-0.033333333830038704,-0.059923429042100906,2.531028861867165,-2.530918636491769,-5.812976995359217e-20,0.02362107244052354,0.0021516269466572784,0.0005601948166888769
0.2807811200618744,0.033333333830038704,0.059923429042100906,3.2068708859720205,-3.206731227925217,5.886415641105323e-20,-0.02992843370781228,0.0027261600674193458,0.0005601948166888769
0.284545640150706,-0.033333333830038704,0.05995331207911173,3.17333034635775,-3.173261959582832,-2.870739524711946e-20,-0.02083321817491203,0.002697647263821266,0.0005691978895520448
0.284545640150706,0.033333333830038704,-0.05995331207911173,2.523144751555063,-2.523090376588269,2.8359082577429166e-20,0.016564687365865822,0.0021449246666266106,0.0005691978895520448
0.2864429255326589,-0.033333333830038704,-0.05996576820810636,2.523144751555063,-2.523090376588269,2.8359082577429166e-20,0.016564687365865822,0.0021449246666266106,0.0005691978895520448
0.2864429255326589,0.033333333830038704,0.05996576820810636,3.17333034635775,-3.173261959582832,-2.870739524711946e-20,-0.02083321817491203,0.002697647263821266,0.0005691978895520448
0.29026801387468976,-0.033333333830038704,0.05998561531305313,3.139724885518615,-3.139701810869544,2.1706794276976537e-19,-0.012037257469568225,0.002669079270707597,0.0005783451470491804
0.29026801387468976,0.033333333830038704,-0.05998561531305313,2.5153809919267385,-2.5153625057421887,-2.1445379677133065e-19,0.00964361201630529,0.002138324696679468,0.0005783451470491804
0.29219581683476764,-0.033333333830038704,-0.05999300628900528,2.5153809919267385,-2.5153625057421887,-2.1445379677133065e-19,0.00964361201630529,0.002138324696679468,0.0005783451470491804
0.29219581683476764,0.033333333830038704,0.05999300628900528,3.139724885518615,-3.139701810869544,2.1706794276976537e-19,-0.012037257469568225,0.002669079270707597,0.0005783451470491804
0.2960824171702067,-0.033333333830038704,0.060002610087394714,3.1069227165570643,-3.106920734052732,6.14720405553157e-20,-0.0035098392501749474,0.0026411941558004476,0.0005876395963333102
0.2960824171702067,0.033333333830038704,-0.060002610087394714,2.5073421533908844,-2.5073405534744606,-6.07378401327131e-20,0.0028325029961934894,0.0021314908822278973,0.0005876395963333102
0.2980412145455678,-0.033333333830038704,-0.060004822909832,2.5073421533908844,-2.5073405534744606,-6.07378401327131e-20,0.0028325029961934894,0.0021314908822278973,0.0005876395963333102
0.2980412145455678,0.033333333830038704,0.060004822909832,3.1069227165570643,-3.106920734052732,6.14720405553157e-20,-0.0035098392501749474,0.0026411941558004476,0.0005876395963333102
0.3014647364616394,-0.033333333830038704,0.06000528732935587,3.0843966712590363,-3.0843944738500664,-3.5989658534446405e-20,0.0036817600404059287,0.0026220447708230257,0.0004394176818141985
0.3014647364616394,0.033333333830038704,-0.06000528732935587,2.5044510845195083,-2.5044493002797155,3.5640047578935315e-20,-0.0029894948376958715,0.002129033185367141,0.0004394176818141985
0.30292946100234985,-0.033333333830038704,-0.060003538926442467,2.5044510845195083,-2.5044493002797155,3.5640047578935315e-20,-0.0029894948376958715,0.002129033185367141,0.0004394176818141985
0.30292946100234985,0.033333333830038704,0.060003538926442467,3.0843966712590363,-3.0843944738500664,-3.5989658534446405e-20,0.0036817600404059287,0.0026220447708230257,0.0004394176818141985
0.30585891008377075,-0.033333333830038704,0.059997150053580604,3.0677678129497794,-3.0677524171861554,-5.274479417906014e-23,0.009719105883441055,0.0026079085828998472,0.0004394195740125687
0.30585891008377075,0.033333333830038704,-0.059997150053580604,2.5057601666370966,-2.5057475913401457,5.2236375692227914e-23,-0.0079385891837224,0.002130146035719038,0.0004394195740125687
0.3073236346244812,-0.033333333830038704,-0.05999250958363215,2.5057601666370966,-2.5057475913401457,5.2236375692227914e-23,-0.0079385891837224,0.002130146035719038,0.0004394195740125687
0.3073236346244812,0.033333333830038704,0.05999250958363215,3.0677678129497794,-3.0677524171861554,-5.274479417906014e-23,0.009719105883441055,0.0026079085828998472,0.0004394195740125687
0.3102530638376872,-0.033333333830038704,0.059980435917774834,3.0512000278804683,-3.0511607377636762,1.440100747552462e-19,0.015484265148544313,0.0025938243133213257,0.0004394170666431826
0.3102530638376872,0.033333333830038704,-0.059980435917774834,2.507054308206735,-2.50702202502121,-1.4264842625329365e-19,-0.01272282816444514,0.0021312461851151886,0.0004394170666431826
0.3117177685101827,-0.033333333830038704,-0.059973002721865974,2.507054308206735,-2.50702202502121,-1.4264842625329365e-19,-0.01272282816444514,0.0021312461851151886,0.0004394170666431826
0.3117177685101827,0.033333333830038704,0.059973002721865974,3.0512000278804683,-3.0511607377636762,1.440100747552462e-19,0.015484265148544313,0.0025938243133213257,0.0004394170666431826
0.3146471679210663,-0.033333333830038704,0.05995537588993708,3.035100707413973,-3.0350272067375363,3.5149923560938445e-23,0.02112246452827609,0.0025801382853741658,0.00043941906942397517
0.3146471679210663,0.033333333830038704,-0.05995537588993708,2.5081467787483778,-2.5080860392531807,-3.482430457734337e-23,-0.01745518401956491,0.002132174894025325,0.00043941906942397517
0.31611186265945435,-0.033333333830038704,-0.05994518225391706,2.5081467787483778,-2.5080860392531807,-3.482430457734337e-23,-0.01745518401956491,0.002132174894025325,0.00043941906942397517
0.31611186265945435,0.033333333830038704,0.05994518225391706,3.035100707413973,-3.0350272067375363,3.5149923560938445e-23,0.02112246452827609,0.0025801382853741658,0.00043941906942397517
0.31904123226801556,-0.033333333830038704,0.05992209414641062,3.0194824114473016,-3.019365407127454,0.0,0.026581408572029352,0.002566861176223396,0.00043941949501422886
0.31904123226801556,0.033333333830038704,-0.05992209414641062,2.509694450670059,-2.5095972005284084,0.0,-0.0220935923757342,0.0021334905695047494,0.00043941949501422886
0.32050590713818866,-0.033333333830038704,-0.05990919967492422,2.509694450670059,-2.5095972005284084,0.0,-0.0220935923757342,0.0021334905695047494,0.00043941949501422886
0.32050590713818866,0.033333333830038704,0.05990919967492422,3.0194824114473016,-3.019365407127454,0.0,0.026581408572029352,0.002566861176223396,0.00043941949501422886
0.3234352270762126,-0.033333333830038704,0.05988074714938799,3.003351197763974,-3.0031817697821004,-7.028701393267076e-23,0.03190101501125907,0.0025531480358612865,0.00043941831579801606
0.3234352270762126,0.033333333830038704,-0.05988074714938799,2.510415198382421,-2.5102735783877157,6.965037951633024e-23,-0.02666514425209895,0.002134103276938878,0.00043941831579801606
0.3248998721440633,-0.033333333830038704,-0.05986518909533819,2.510415198382421,-2.5102735783877157,6.965037951633024e-23,-0.02666514425209895,0.002134103276938878,0.00043941831579801606
0.3248998721440633,0.033333333830038704,0.05986518909533819,3.003351197763974,-3.0031817697821004,-7.028701393267076e-23,0.03190101501125907,0.0025531480358612865,0.00043941831579801606
0.32782913247744244,-0.033333333830038704,0.059831456591685615,2.987448619336288,-2.98721863634471,7.026921754619334e-23,0.037068475139165905,0.0025396292582677755,0.0004394184139881072
0.32782913247744244,0.033333333830038704,-0.059831456591685615,2.5111627468857702,-2.5109694298469,-6.964782834016276e-23,-0.031158686127969338,0.0021347387677181306,0.0004394184139881072
0.32929374774297077,-0.033333333830038704,-0.05981328214208285,2.5111627468857702,-2.5109694298469,-6.964782834016276e-23,-0.031158686127969338,0.0021347387677181306,0.0004394184139881072
0.32929374774297077,0.033333333830038704,0.05981328214208285,2.987448619336288,-2.98721863634471,7.026921754619334e-23,0.037068475139165905,0.0025396292582677755,0.0004394184139881072
0.33222294847170514,-0.033333333830038704,0.05977436155080795,2.971083670408123,-2.970785637118753,-5.755476470502544e-19,0.04208176392130418,0.0025257174196376404,0.000439419724276334
0.33222294847170514,0.033333333830038704,-0.05977436155080795,2.511961340378499,-2.5117093622506195,5.705997847906768e-19,-0.035578858030184755,0.0021354176518289633,0.000439419724276334
0.3336875339349111,-0.033333333830038704,-0.05975361540913582,2.511961340378499,-2.5117093622506195,5.705997847906768e-19,-0.035578858030184755,0.0021354176518289633,0.000439419724276334
0.3336875339349111,0.033333333830038704,0.05975361540913582,2.971083670408123,-2.970785637118753,-5.755476470502544e-19,0.04208176392130418,0.0025257174196376404,0.000439419724276334
0.3366166651248932,-0.033333333830038704,0.0597095862030983,2.9550546344307262,-2.954681274582477,-5.755065452210984e-19,0.04697295075022506,0.0025120911405155356,0.0004394192435202499
0.3366166651248932,0.033333333830038704,-0.0597095862030983,2.512883646333465,-2.5125661530979992,5.705496266262832e-19,-0.039944290161324565,0.0021362017038702758,0.0004394192435202499
0.3380812108516693,-0.033333333830038704,-0.05968630313873291,2.512883646333465,-2.5125661530979992,5.705496266262832e-19,-0.039944290161324565,0.0021362017038702758,0.0004394192435202499
0.3380812108516693,0.033333333830038704,0.05968630313873291,2.9550546344307262,-2.954681274582477,-5.755065452210984e-19,0.04697295075022506,0.0025120911405155356,0.0004394192435202499
0.3410102625687917,-0.033333333830038704,0.059637279560168587,2.9393947872748867,-2.93894086714082,1.4047998996564066e-22,0.05165554092584728,0.0024987787087101623,0.0004394196616440147
0.3410102625687917,0.033333333830038704,-0.059637279560168587,2.5131226618110953,-2.512734569343723,-1.3929056978966428e-22,-0.04416443516565204,0.0021364048908627613,0.0004394196616440147
0.342474768559138,-0.033333333830038704,-0.05961153904596964,2.5131226618110953,-2.512734569343723,-1.3929056978966428e-22,-0.04416443516565204,0.0021364048908627613,0.0004394196616440147
0.342474768559138,0.033333333830038704,0.05961153904596964,2.9393947872748867,-2.93894086714082,1.4047998996564066e-22,0.05165554092584728,0.0024987787087101623,0.0004394196616440147
0.3454037308692932,-0.033333333830038704,0.059557609260082245,2.9238190777330506,-2.92327755748627,-1.4043946491876199e-22,0.05627007386571411,0.002485537802267555,0.0004394182871074998
0.3454037308692932,0.033333333830038704,-0.059557609260082245,2.5131578813418187,-2.512692419615248,1.3929228603544968e-22,-0.04836673400768376,0.0021364348309762444,0.0004394182871074998
0.3468681871891022,-0.033333333830038704,-0.059529419988393784,2.5131578813418187,-2.512692419615248,1.3929228603544968e-22,-0.04836673400768376,0.0021364348309762444,0.0004394182871074998
0.3468681871891022,0.033333333830038704,0.059529419988393784,2.9238190777330506,-2.92327755748627,-1.4043946491876199e-22,0.05627007386571411,0.002485537802267555,0.0004394182871074998
0.3497970501581828,-0.033333333830038704,0.05947064980864525,2.9084556397714265,-2.9078216710916567,1.4043131661669979e-22,0.06072345220705763,0.002472477347837517,0.00043941778312633364
0.3497970501581828,0.033333333830038704,-0.05947064980864525,2.5126618753000884,-2.512114179502357,-1.393024134317509e-22,-0.05245997264351321,0.002136013176375157,0.00043941778312633364
0.3512614568074544,-0.033333333830038704,-0.059440068900585175,2.5126618753000884,-2.512114179502357,-1.393024134317509e-22,-0.05245997264351321,0.002136013176375157,0.00043941778312633364
0.3512614568074544,0.033333333830038704,0.059440068900585175,2.9084556397714265,-2.9078216710916567,1.4043131661669979e-22,0.06072345220705763,0.002472477347837517,0.00043941778312633364
0.3541902204354604,-0.033333333830038704,0.05937654276688894,2.8936470389491444,-2.892914987204168,-1.4039093072488483e-22,0.06508504304876446,0.002459888560308635,0.00043941826676857426
0.3541902204354604,0.033333333830038704,-0.05937654276688894,2.5116610353783875,-2.5110256206857904,1.3929944479039239e-22,-0.05649326417878282,0.002135162362630096,0.00043941826676857426
0.35565457741419476,-0.033333333830038704,-0.05934359754125277,2.5116610353783875,-2.5110256206857904,1.3929944479039239e-22,-0.05649326417878282,0.002135162362630096,0.00043941826676857426
0.35565457741419476,0.033333333830038704,0.05934359754125277,2.8936470389491444,-2.892914987204168,-1.4039093072488483e-22,0.06508504304876446,0.002459888560308635,0.00043941826676857426
0.3585832417011261,-0.033333333830038704,0.059275406102339424,2.878509785998406,-2.8776762784835928,5.749710814837896e-19,0.06926632905971282,0.0024470203856947945,0.00043941943824730436
0.3585832417011261,0.033333333830038704,-0.059275406102339424,2.5106702400148735,-2.5099432449139885,-5.705574796722236e-19,-0.060414910469022344,0.0021343200877612166,0.00043941943824730436
0.3600475490093231,-0.033333333830038704,-0.05924015988906225,2.5106702400148735,-2.5099432449139885,-5.705574796722236e-19,-0.060414910469022344,0.0021343200877612166,0.00043941943824730436
0.3600475490093231,0.033333333830038704,0.05924015988906225,2.878509785998406,-2.8776762784835928,5.749710814837896e-19,0.06926632905971282,0.0024470203856947945,0.00043941943824730436
0.3629761040210724,-0.033333333830038704,0.059167373925447464,2.8634871234140773,-2.8625465236430307,0.0,0.0733887316788214,0.002434249624320254,0.0004394186580855466
0.3629761040210724,0.033333333830038704,-0.059167373925447464,2.5097948114528594,-2.5089703927202858,0.0,-0.06432389951417182,0.002133575886178895,0.0004394186580855466
0.36444035172462463,-0.033333333830038704,-0.05912983417510986,2.5097948114528594,-2.5089703927202858,0.0,-0.06432389951417182,0.002133575886178895,0.0004394186580855466
0.36444035172462463,0.033333333830038704,0.05912983417510986,2.8634871234140773,-2.8625465236430307,0.0,0.0733887316788214,0.002434249624320254,0.0004394186580855466
0.36736879746119183,-0.033333333830038704,0.059052535643180214,2.8487749024417846,-2.8477252281772305,1.1495207583894535e-18,0.07732703010680653,0.002421742769275618,0.0004394213278943419
0.36736879746119183,0.033333333830038704,-0.059052535643180214,2.5083912189338875,-2.5074669641934757,-1.1410208494551934e-18,-0.06808766924332786,0.002132382692560503,0.0004394213278943419
0.36883299549420673,-0.033333333830038704,-0.05901277686158816,2.5083912189338875,-2.5074669641934757,-1.1410208494551934e-18,-0.06808766924332786,0.002132382692560503,0.0004394213278943419
0.36883299549420673,0.033333333830038704,0.05901277686158816,2.8487749024417846,-2.8477252281772305,1.1495207583894535e-18,0.07732703010680653,0.002421742769275618,0.0004394213278943419
0.3717613120873769,-0.033333333830038704,0.05893105765183767,2.834319492088594,-2.833156226963273,0.0,0.08119591647723615,0.002409454228868391,0.0004394159202503091
0.3717613120873769,0.033333333830038704,-0.05893105765183767,2.5072822309868887,-2.5062531889234285,0.0,-0.07182714552128772,0.0021314399422085687,0.0004394159202503091
0.37322543064753216,-0.033333333830038704,-0.05888909722367922,2.5072822309868887,-2.5062531889234285,0.0,-0.07182714552128772,0.0021314399422085687,0.0004394159202503091
0.37322543064753216,0.033333333830038704,0.05888909722367922,2.834319492088594,-2.833156226963273,0.0,0.08119591647723615,0.002409454228868391,0.0004394159202503091
0.3761536180973053,-0.033333333830038704,0.05880297472079595,2.8193802592223607,-2.818098509201854,-2.298320809820826e-18,0.08500493236885318,0.002396754391074497,0.00043942044327697653
0.3761536180973053,0.033333333830038704,-0.05880297472079595,2.505915745919849,-2.5047765035107363,2.2818463860581266e-18,-0.0755539086319327,0.002130278293624965,0.00043942044327697653
0.3776176869869232,-0.033333333830038704,-0.058758812646071114,2.505915745919849,-2.5047765035107363,2.2818463860581266e-18,-0.0755539086319327,0.002130278293624965,0.00043942044327697653
0.3776176869869232,0.033333333830038704,0.058758812646071114,2.8193802592223607,-2.818098509201854,-2.298320809820826e-18,0.08500493236885318,0.002396754391074497,0.00043942044327697653
0.3805457552274068,-0.033333333830038704,0.058668382465839386,2.8053021110777503,-2.8039021817058716,0.0,0.08861427561253636,0.0023847865611681127,0.0004394190950306039
0.3805457552274068,0.033333333830038704,-0.058668382465839386,2.5046223323897365,-2.5033724511898727,0.0,-0.07911636069115927,0.0021291787631350172,0.0004394190950306039
0.3820097545782725,-0.033333333830038704,-0.05862211436033249,2.5046223323897365,-2.5033724511898727,0.0,-0.07911636069115927,0.0021291787631350172,0.0004394190950306039
0.3820097545782725,0.033333333830038704,0.05862211436033249,2.8053021110777503,-2.8039021817058716,0.0,0.08861427561253636,0.0023847865611681127,0.0004394190950306039
0.38493768374125165,-0.033333333830038704,0.0585274671514829,2.79090074822195,-2.7893779794431524,3.6272035205696e-23,0.09218174560875216,0.0023725439665237074,0.00043941870542072017
0.38493768374125165,0.033333333830038704,-0.0585274671514829,2.502726572670513,-2.5013610372285386,-1.6645052269293376e-23,-0.08266352875399001,0.0021275671783136333,0.00043941870542072017
0.38640161355336505,-0.033333333830038704,-0.058479088048140206,2.502726572670513,-2.5013610372285386,-1.6645052269293376e-23,-0.08266352875399001,0.0021275671783136333,0.00043941870542072017
0.38640161355336505,0.033333333830038704,0.058479088048140206,2.79090074822195,-2.7893779794431524,3.6272035205696e-23,0.09218174560875216,0.0023725439665237074,0.00043941870542072017
0.3893294036388397,-0.033333333830038704,0.0583802858988444,2.7770095365186758,-2.77536357366555,-2.804214189114884e-22,0.09559811654032666,0.0023607350512352284,0.000439418536555344
0.3893294036388397,0.033333333830038704,-0.0583802858988444,2.500821191069237,-2.499338927962582,2.7849712084421275e-22,-0.08609037618576706,0.002125947413932936,0.000439418536555344
0.3907932639122009,-0.033333333830038704,-0.05832986285289129,2.500821191069237,-2.499338927962582,2.7849712084421275e-22,-0.08609037618576706,0.002125947413932936,0.000439418536555344
0.3907932639122009,0.033333333830038704,0.05832986285289129,2.7770095365186758,-2.77536357366555,-2.804214189114884e-22,0.09559811654032666,0.0023607350512352284,0.000439418536555344
0.3937209149201711,-0.033333333830038704,0.058226982752482094,2.7630084387173746,-2.7612359480059308,2.296624045249569e-18,0.0989528769830018,0.0023488327218047214,0.0004394191175979256
0.3937209149201711,0.033333333830038704,-0.058226982752482094,2.4989010810496657,-2.4972980171961825,-2.2816097813836633e-18,-0.0894942801479772,0.0021243151289278535,0.0004394191175979256
0.3951847056547801,-0.033333333830038704,-0.058174525698026024,2.4989010810496657,-2.4972980171961825,-2.2816097813836633e-18,-0.0894942801479772,0.0021243151289278535,0.0004394191175979256
0.3951847056547801,0.033333333830038704,0.058174525698026024,2.7630084387173746,-2.7612359480059308,2.296624045249569e-18,0.0989528769830018,0.0023488327218047214,0.0004394191175979256
0.3981122076511383,-0.033333333830038704,0.05806758378942808,2.7488513754449535,-2.746948935375161,2.2960446931184157e-18,0.10225180060459335,0.0023367978061696612,0.0004394174995305574
0.3981122076511383,0.033333333830038704,-0.05806758378942808,2.497040129978563,-2.4953119648105275,-2.2810821073612795e-18,-0.09288492340947553,0.0021227331349287647,0.0004394174995305574
0.3995759189128876,-0.033333333830038704,-0.0580130989352862,2.497040129978563,-2.4953119648105275,-2.2810821073612795e-18,-0.09288492340947553,0.0021227331349287647,0.0004394174995305574
0.3995759189128876,0.033333333830038704,0.0580130989352862,2.7488513754449535,-2.746948935375161,2.2960446931184157e-18,0.10225180060459335,0.0023367978061696612,0.0004394174995305574
0.40250327189763385,-0.033333333830038704,0.05790219083428383,2.7353420801502177,-2.733311853549317,-2.8021828344186166e-22,0.10536890759287837,0.0023253135579161424,0.0004394186689275424
0.40250327189763385,0.033333333830038704,-0.05790219083428383,2.4952986013338525,-2.493446539891746,2.784226265001222e-22,-0.09612212295075946,0.0021212526619018507,0.0004394186689275424
0.4039669136206309,-0.033333333830038704,-0.057845767587423325,2.4952986013338525,-2.493446539891746,2.784226265001222e-22,-0.09612212295075946,0.0021212526619018507,0.0004394186689275424
0.4039669136206309,0.033333333830038704,0.057845767587423325,2.7353420801502177,-2.733311853549317,-2.8021828344186166e-22,0.10536890759287837,0.0023253135579161424,0.0004394186689275424
0.40689412752787274,-0.033333333830038704,0.057730949173370995,2.721677170975654,-2.719513386579347,-1.1471639579731067e-18,0.10850605156290757,0.002313697022345732,0.0004394210097602681
0.40689412752787274,0.033333333830038704,-0.057730949173370995,2.4930221814704026,-2.4910401820792036,1.1401062229271965e-18,-0.09939018347026415,0.0021193174779954565,0.0004394210097602681
0.4083576997121175,-0.033333333830038704,-0.057672554006179176,2.4930221814704026,-2.4910401820792036,1.1401062229271965e-18,-0.09939018347026415,0.0021193174779954565,0.0004394210097602681
0.4083576997121175,0.033333333830038704,0.057672554006179176,2.721677170975654,-2.719513386579347,-1.1471639579731067e-18,0.10850605156290757,0.002313697022345732,0.0004394210097602681
0.41128475467363995,-0.033333333830038704,0.05755387991666794,2.7080943967231814,-2.705800164521809,0.0,0.1114483343852305,0.0023021503096502384,0.0004394171032882463
0.41128475467363995,0.033333333830038704,-0.05755387991666794,2.4912292246554326,-2.4891187153928604,0.0,-0.1025235117341582,0.002117793285895001,0.0004394171032882463
0.41274823745091754,-0.033333333830038704,-0.057493600994348526,2.4912292246554326,-2.4891187153928604,0.0,-0.1025235117341582,0.002117793285895001,0.0004394171032882463
0.41274823745091754,0.033333333830038704,0.057493600994348526,2.7080943967231814,-2.705800164521809,0.0,0.1114483343852305,0.0023021503096502384,0.0004394171032882463
0.4156751334667206,-0.033333333830038704,0.05737114946047465,2.694652178338139,-2.692223614309323,0.0,0.11437820062286098,0.002290723083459395,0.0004394200068080961
0.4156751334667206,0.033333333830038704,-0.05737114946047465,2.4889505639150684,-2.4867073891344353,0.0,-0.10564691399816623,0.002115856197019752,0.0004394200068080961
0.41713854670524597,-0.033333333830038704,-0.05730897684892019,2.4889505639150684,-2.4867073891344353,0.0,-0.10564691399816623,0.002115856197019752,0.0004394200068080961
0.41713854670524597,0.033333333830038704,0.05730897684892019,2.694652178338139,-2.692223614309323,0.0,0.11437820062286098,0.002290723083459395,0.0004394200068080961
0.42006529370943707,-0.033333333830038704,0.05718279381593069,2.6812953219611697,-2.67873375012769,2.799489101619227e-22,0.11717550724316904,0.002279368423488383,0.000439419935478117
0.42006529370943707,0.033333333830038704,-0.05718279381593069,2.4870996607091773,-2.4847236134361492,-2.7834522536136806e-22,-0.1086889466896746,0.0021142827447081444,0.000439419935478117
0.4215286274751027,-0.033333333830038704,-0.057118783394495644,2.4870996607091773,-2.4847236134361492,-2.7834522536136806e-22,-0.1086889466896746,0.0021142827447081444,0.000439419935478117
0.4215286274751027,0.033333333830038704,0.057118783394495644,2.6812953219611697,-2.67873375012769,2.799489101619227e-22,0.11717550724316904,0.002279368423488383,0.000439419935478117
0.424455205599467,-0.033333333830038704,0.05698894212643305,2.6680855762685876,-2.6653894746760716,-2.7985830475379265e-22,0.11991493059037753,0.002268138822270133,0.0004394173455625388
0.424455205599467,0.033333333830038704,-0.05698894212643305,2.4848066662938857,-2.4822957681166775,2.7830004635069297e-22,-0.11167760943254823,0.0021123334707797404,0.0004394173455625388
0.42591844995816547,-0.033333333830038704,-0.056923111279805504,2.4848066662938857,-2.4822957681166775,2.7830004635069297e-22,-0.11167760943254823,0.0021123334707797404,0.0004394173455625388
0.42591844995816547,0.033333333830038704,0.056923111279805504,2.6680855762685876,-2.6653894746760716,-2.7985830475379265e-22,0.11991493059037753,0.002268138822270133,0.0004394173455625388
0.4288448592027028,-0.033333333830038704,0.05678963412841161,2.654951478247936,-2.6521185689592794,1.1461120298031836e-18,0.12261503999218,0.002256973529117204,0.00043941834425466445
0.4288448592027028,0.033333333830038704,-0.05678963412841161,2.482472635464949,-2.4798237660428666,-1.1398209800327153e-18,-0.11464935761383488,0.0021103493118072645,0.00043941834425466445
0.4303080240885417,-0.033333333830038704,-0.05672198782364527,2.482472635464949,-2.4798237660428666,-1.1398209800327153e-18,-0.11464935761383488,0.0021103493118072645,0.00043941834425466445
0.4303080240885417,0.033333333830038704,0.05672198782364527,2.654951478247936,-2.6521185689592794,1.1461120298031836e-18,0.12261503999218,0.002256973529117204,0.00043941834425466445
0.4332342743873596,-0.033333333830038704,0.056584954261779785,2.6421210695628385,-2.6391547976862952,-1.145746863166954e-18,0.12516269443124511,0.0022460664021857805,0.0004394189598723581
0.4332342743873596,0.033333333830038704,-0.056584954261779785,2.4802839518027904,-2.4774993721645484,1.139620600699203e-18,-0.11749613821200804,0.002108488712421711,0.0004394189598723581
0.43469735980033875,-0.033333333830038704,-0.056515567004680634,2.4802839518027904,-2.4774993721645484,1.139620600699203e-18,-0.11749613821200804,0.002108488712421711,0.0004394189598723581
0.43469735980033875,0.033333333830038704,0.056515567004680634,2.6421210695628385,-2.6391547976862952,-1.145746863166954e-18,0.12516269443124511,0.0022460664021857805,0.0004394189598723581
0.4376234511534373,-0.033333333830038704,0.056375027944644295,2.629541406182019,-2.6264371319787316,0.0,0.12773409329166074,0.0022353724337692833,0.0004394205413317371
0.4376234511534373,0.033333333830038704,-0.056375027944644295,2.4778286143668256,-2.4749034429169057,0.0,-0.12036440675327778,0.0021064014307356138,0.0004394205413317371
0.4390864570935567,-0.033333333830038704,-0.0563038761417071,2.4778286143668256,-2.4749034429169057,0.0,-0.12036440675327778,0.0021064014307356138,0.0004394205413317371
0.4390864570935567,0.033333333830038704,0.0563038761417071,2.629541406182019,-2.6264371319787316,0.0,0.12773409329166074,0.0022353724337692833,0.0004394205413317371
0.44201237956682843,-0.033333333830038704,0.05615986262758573,2.6172395898430647,-2.6139994328671943,0.0,0.13019230242944166,0.002224914663047461,0.0004394189695813375
0.44201237956682843,0.033333333830038704,-0.05615986262758573,2.475635389772384,-2.472570539573338,0.0,-0.12314832490731246,0.0021045369711047623,0.0004394189695813375
0.44347529609998065,-0.033333333830038704,-0.05608700091640154,2.475635389772384,-2.472570539573338,0.0,-0.12314832490731246,0.0021045369711047623,0.0004394189695813375
0.44347529609998065,0.033333333830038704,0.05608700091640154,2.6172395898430647,-2.6139994328671943,0.0,0.13019230242944166,0.002224914663047461,0.0004394189695813375
0.44640103975931805,-0.033333333830038704,0.055939568827549614,2.6046206784407793,-2.6012430199433028,-2.289619888242897e-18,0.13260327958822166,0.0022141873298985974,0.00043941797933634607
0.44640103975931805,0.033333333830038704,-0.055939568827549614,2.472987419268391,-2.469780462094172,2.2785790122987843e-18,-0.12590172722260262,0.002102285932099959,0.00043941797933634607
0.4478638668855031,-0.033333333830038704,-0.055864998449881874,2.472987419268391,-2.469780462094172,2.2785790122987843e-18,-0.12590172722260262,0.002102285932099959,0.00043941797933634607
0.4478638668855031,0.033333333830038704,0.055864998449881874,2.6046206784407793,-2.6012430199433028,-2.289619888242897e-18,0.13260327958822166,0.0022141873298985974,0.00043941797933634607
0.4507894416650136,-0.033333333830038704,0.055714202423890434,2.592134573613606,-2.588622144575492,-4.578050166687852e-18,0.13489640594312757,0.0022035728955830934,0.00043941973096794473
0.4507894416650136,0.033333333830038704,-0.055714202423890434,2.4707421133929524,-2.467394175198264,4.55638285296603e-18,-0.12857906163583266,0.0021003771981863055,0.00043941973096794473
0.45225218931833905,-0.033333333830038704,-0.055637976775566735,2.4707421133929524,-2.467394175198264,4.55638285296603e-18,-0.12857906163583266,0.0021003771981863055,0.00043941973096794473
0.45225218931833905,0.033333333830038704,0.055637976775566735,2.592134573613606,-2.588622144575492,-4.578050166687852e-18,0.13489640594312757,0.0022035728955830934,0.00043941973096794473
0.45517759521802265,-0.033333333830038704,0.05548389876882235,2.580119267065298,-2.5764721810177864,-5.586962627339814e-22,0.1371369123286001,0.002193358686756326,0.000439418613552179
0.45517759521802265,0.033333333830038704,-0.05548389876882235,2.4682923514580266,-2.4648033365465487,5.561103287239238e-22,-0.13119315689164493,0.0020982946562321247,0.000439418613552179
0.4566402534643809,-0.033333333830038704,-0.055406046410401665,2.4682923514580266,-2.4648033365465487,5.561103287239238e-22,-0.13119315689164493,0.0020982946562321247,0.000439418613552179
0.4566402534643809,0.033333333830038704,0.055406046410401665,2.580119267065298,-2.5764721810177864,-5.586962627339814e-22,0.1371369123286001,0.002193358686756326,0.000439418613552179
0.4595654805501302,-0.033333333830038704,0.055248706291119255,2.568289952168096,-2.5645053418787906,-2.2873888632236287e-18,0.13937585832111735,0.002183302589381546,0.00043941818126027856
0.4595654805501302,0.033333333830038704,-0.055248706291119255,2.466207268989907,-2.462573086876669,2.2772001694260834e-18,-0.13383603927705967,0.0020965221281934285,0.00043941818126027856
0.4610280493895213,-0.033333333830038704,-0.055169218530257545,2.466207268989907,-2.462573086876669,2.2772001694260834e-18,-0.13383603927705967,0.0020965221281934285,0.00043941818126027856
0.4610280493895213,0.033333333830038704,0.055169218530257545,2.568289952168096,-2.5645053418787906,-2.2873888632236287e-18,0.13937585832111735,0.002183302589381546,0.00043941818126027856
0.46395309766133624,-0.033333333830038704,0.05500863865017891,2.556013432635622,-2.552093208714109,2.2873903831680042e-18,0.14150944084781258,0.002172866323468028,0.000439417782685288
0.46395309766133624,0.033333333830038704,-0.05500863865017891,2.4634677088145627,-2.4596894246636802,-2.277719483754402e-18,-0.1363858004695732,0.0020941932288339356,0.000439417782685288
0.4654155770937602,-0.033333333830038704,-0.05492754653096199,2.4634677088145627,-2.4596894246636802,-2.277719483754402e-18,-0.1363858004695732,0.0020941932288339356,0.000439417782685288
0.4654155770937602,0.033333333830038704,0.05492754653096199,2.556013432635622,-2.552093208714109,2.2873903831680042e-18,0.14150944084781258,0.002172866323468028,0.000439417782685288
0.4683404564857483,-0.033333333830038704,0.05476377656062444,2.543722368292417,-2.539666851860687,-2.287389876519879e-18,0.14358192264769407,0.002162417693014865,0.0004394205729668135
0.4683404564857483,0.033333333830038704,-0.05476377656062444,2.4610270755127774,-2.4571034021323475,2.27819091983489e-18,-0.1389141376412725,0.002092118447128303,0.0004394205729668135
0.4698028564453125,-0.033333333830038704,-0.05468109870950381,2.4610270755127774,-2.4571034021323475,2.27819091983489e-18,-0.1389141376412725,0.002092118447128303,0.0004394205729668135
0.4698028564453125,0.033333333830038704,0.05468109870950381,2.543722368292417,-2.539666851860687,-2.287389876519879e-18,0.14358192264769407,0.002162417693014865,0.0004394205729668135
0.4727275570233663,-0.033333333830038704,0.054514214396476746,2.531716437669489,-2.527529233683638,5.579224368865251e-22,0.14554756487309348,0.0021522114546597116,0.0004394169434489434
0.4727275570233663,0.033333333830038704,-0.054514214396476746,2.4585962358111986,-2.454529965274336,-5.558145159818856e-22,-0.14134390795277113,0.0020900519909595404,0.0004394169434489434
0.4741898576418559,-0.033333333830038704,-0.05443000793457031,2.4585962358111986,-2.454529965274336,-5.558145159818856e-22,-0.14134390795277113,0.0020900519909595404,0.0004394169434489434
0.4741898576418559,0.033333333830038704,0.05443000793457031,2.531716437669489,-2.527529233683638,5.579224368865251e-22,0.14554756487309348,0.0021522114546597116,0.0004394169434489434
0.47711437940597534,-0.033333333830038704,0.05426006888349851,2.5196290428939903,-2.5153093347521094,2.284933646408964e-18,0.1474769958460891,0.002141935963650628,0.0004394197011468824
0.47711437940597534,0.033333333830038704,-0.05426006888349851,2.4562300653196116,-2.452019049796744,-2.2760878234672316e-18,-0.14376617548594436,0.0020880405100685926,0.0004394197011468824
0.4785766005516052,-0.033333333830038704,-0.05417433629433314,2.4562300653196116,-2.452019049796744,-2.2760878234672316e-18,-0.14376617548594436,0.0020880405100685926,0.0004394197011468824
0.4785766005516052,0.033333333830038704,0.05417433629433314,2.5196290428939903,-2.5153093347521094,2.284933646408964e-18,0.1474769958460891,0.002141935963650628,0.0004394197011468824
0.4815009534358978,-0.033333333830038704,0.054001333812872566,2.5073539559800233,-2.502899619413984,-5.576733183991887e-22,0.14938994513020815,0.0021315009156057125,0.0004394201619544558
0.4815009534358978,0.033333333830038704,-0.054001333812872566,2.453835766012989,-2.4494765049866234,5.555715203173511e-22,-0.14620129302802878,0.0020860051168796376,0.0004394201619544558
0.48296308517456055,-0.033333333830038704,-0.05391406392057737,2.453835766012989,-2.4494765049866234,5.555715203173511e-22,-0.14620129302802878,0.0020860051168796376,0.0004394201619544558
0.48296308517456055,0.033333333830038704,0.05391406392057737,2.5073539559800233,-2.502899619413984,-5.576733183991887e-22,0.14938994513020815,0.0021315009156057125,0.0004394201619544558
0.48588724931081134,-0.033333333830038704,0.0537380613386631,2.495554841830083,-2.4909713900171364,5.574602565350194e-22,0.15118036478876434,0.0021214704918779605,0.0004394167790569953
0.48588724931081134,0.033333333830038704,-0.0537380613386631,2.4512014708307848,-2.4466994804769535,-5.554798635154066e-22,-0.14849344375024773,0.002083765703262166,0.0004394167790569953
0.4873492817083995,-0.033333333830038704,-0.05364932864904404,2.4512014708307848,-2.4466994804769535,-5.554798635154066e-22,-0.14849344375024773,0.002083765703262166,0.0004394167790569953
0.4873492817083995,0.033333333830038704,0.05364932864904404,2.495554841830083,-2.4909713900171364,5.574602565350194e-22,0.15118036478876434,0.0021214704918779605,0.0004394167790569953
0.49027326703071594,-0.033333333830038704,0.053470365703105927,2.4835767469337626,-2.478859956199157,-2.282573679441835e-18,0.1529927300965747,0.0021112879166664206,0.0004394204280065926
0.49027326703071594,0.033333333830038704,-0.053470365703105927,2.4486281110848083,-2.4439776945429723,2.274970917675253e-18,-0.15083983217695782,0.0020815780908424474,0.0004394204280065926
0.49173521995544434,-0.033333333830038704,-0.05338013544678688,2.4486281110848083,-2.4439776945429723,2.274970917675253e-18,-0.15083983217695782,0.0020815780908424474,0.0004394204280065926
0.49173521995544434,0.033333333830038704,0.05338013544678688,2.4835767469337626,-2.478859956199157,-2.282573679441835e-18,0.1529927300965747,0.0021112879166664206,0.0004394204280065926
0.4946590264638265,-0.033333333830038704,0.05319824814796448,2.471729051676708,-2.4668849123739958,-2.2822423315679617e-18,0.15467169748916904,0.0021012161941527325,0.0004394172595242715
0.4946590264638265,0.033333333830038704,-0.05319824814796448,2.446073120177525,-2.4412792618334147,2.275200175951901e-18,-0.1530662438198226,0.002079406093767503,0.0004394172595242715
0.4961208800474803,-0.033333333830038704,-0.05310659110546112,2.446073120177525,-2.4412792618334147,2.275200175951901e-18,-0.1530662438198226,0.002079406093767503,0.0004394172595242715
0.4961208800474803,0.033333333830038704,0.05310659110546112,2.471729051676708,-2.4668849123739958,-2.2822423315679617e-18,0.15467169748916904,0.0021012161941527325,0.0004394172595242715
0.4990444978078206,-0.033333333830038704,0.05292185768485069,2.4600561693877974,-2.4550842829434405,2.2809995237168734e-18,0.15632504657621132,0.002091293080095688,0.00043941734216002514
0.4990444978078206,0.033333333830038704,-0.05292185768485069,2.443478643374081,-2.43854026087077,-2.274055404513037e-18,-0.15527162244774625,0.0020772005297429786,0.00043941734216002514
0.5005062619845072,-0.033333333830038704,-0.05282878130674362,2.443478643374081,-2.43854026087077,-2.274055404513037e-18,-0.15527162244774625,0.0020772005297429786,0.00043941734216002514
0.5005062619845072,0.033333333830038704,0.05282878130674362,2.4600561693877974,-2.4550842829434405,2.2809995237168734e-18,0.15632504657621132,0.002091293080095688,0.00043941734216002514
0.5034297108650208,-0.033333333830038704,0.05264114712675413,2.4486208771679743,-2.4435132595640554,5.5663194374929515e-22,0.15807324390137462,0.0020815719412917155,0.0004394220151192194
0.5034297108650208,0.033333333830038704,-0.05264114712675413,2.441252832927233,-2.436160584445101,-5.5513327463679845e-22,-0.15759759221302921,0.0020753083688878644,0.0004394220151192194
0.5048913955688477,-0.033333333830038704,-0.0525465893248717,2.441252832927233,-2.436160584445101,-5.5513327463679845e-22,-0.15759759221302921,0.0020753083688878644,0.0004394220151192194
0.5048913955688477,0.033333333830038704,0.0525465893248717,2.4486208771679743,-2.4435132595640554,5.5663194374929515e-22,0.15807324390137462,0.0020815719412917155,0.0004394220151192194
0.5078146656354269,-0.033333333830038704,0.0523561363418897,2.436978960532753,-2.431750575026012,-2.2798603254073867e-18,0.15954809600856376,0.0020716751511284455,0.0004394183598892633
0.5078146656354269,0.033333333830038704,-0.0523561363418897,2.4384659960208004,-2.43323442017269,2.273794227404502e-18,-0.15964545166269842,0.00207293927959214,0.0004394183598892633
0.5092762509981791,-0.033333333830038704,-0.05226024116079012,2.4384659960208004,-2.43323442017269,2.273794227404502e-18,-0.15964545166269842,0.00207293927959214,0.0004394183598892633
0.5092762509981791,0.033333333830038704,0.05226024116079012,2.436978960532753,-2.431750575026012,-2.2798603254073867e-18,0.15954809600856376,0.0020716751511284455,0.0004394183598892633
0.512199322382609,-0.033333333830038704,0.05206704636414846,2.425716707114643,-2.4203587131516966,6.022337384311991e-22,0.1611373415623125,0.0020621011125627167,0.0004394164088440229
0.512199322382609,0.033333333830038704,-0.05206704636414846,2.43563069216527,-2.4302507999023724,-5.807692244751443e-22,-0.1617959152492814,0.0020705289885561778,0.0004394164088440229
0.5136608084042867,-0.033333333830038704,-0.05196974674860636,2.43563069216527,-2.4302507999023724,-5.807692244751443e-22,-0.1617959152492814,0.0020705289885561778,0.0004394164088440229
0.5136608084042867,0.033333333830038704,0.05196974674860636,2.425716707114643,-2.4203587131516966,6.022337384311991e-22,0.1611373415623125,0.0020621011125627167,0.0004394164088440229
0.5165837009747823,-0.033333333830038704,0.051773812621831894,2.4141058514617937,-2.408626093889581,4.55560362814949e-18,0.16256506972991583,0.0020522307273321077,0.00043941940540965775
0.5165837009747823,0.033333333830038704,-0.051773812621831894,2.433113887015944,-2.4275909832715374,-4.5452031554356155e-18,-0.16384506440099372,0.0020683894531836806,0.00043941940540965775
0.5180451075236002,-0.033333333830038704,-0.05167517811059952,2.433113887015944,-2.4275909832715374,-4.5452031554356155e-18,-0.16384506440099372,0.0020683894531836806,0.00043941940540965775
0.5180451075236002,0.033333333830038704,0.05167517811059952,2.4141058514617937,-2.408626093889581,4.55560362814949e-18,0.16256506972991583,0.0020522307273321077,0.00043941940540965775
0.5209678411483765,-0.033333333830038704,0.05147655432422956,2.4028561798288193,-2.397251019168703,-2.2771743303716985e-18,0.16402857079229233,0.002042667384538499,0.0004394231750613782
0.5209678411483765,0.033333333830038704,-0.05147655432422956,2.4305013179102093,-2.4248316692288294,2.272528367063718e-18,-0.1659157384583859,0.0020661685088979023,0.0004394231750613782
0.5224291682243347,-0.033333333830038704,-0.05137656504909197,2.4305013179102093,-2.4248316692288294,2.272528367063718e-18,-0.1659157384583859,0.0020661685088979023,0.0004394231750613782
0.5224291682243347,0.033333333830038704,0.05137656504909197,2.4028561798288193,-2.397251019168703,-2.2771743303716985e-18,0.16402857079229233,0.002042667384538499,0.0004394231750613782
0.5253517031669617,-0.033333333830038704,0.05117526898781458,2.39166071014045,-2.385933271823961,-5.979869732744353e-22,0.1654187862152544,0.0020331501188032477,0.00043941465640361956
0.5253517031669617,0.033333333830038704,-0.05117526898781458,2.428082065601892,-2.4222674071099317,5.78604466457828e-22,-0.16793786276620568,0.0020641119031689983,0.00043941465640361956
0.5268129110336304,-0.033333333830038704,-0.05107396220167478,2.428082065601892,-2.4222674071099317,5.78604466457828e-22,-0.16793786276620568,0.0020641119031689983,0.00043941465640361956
0.5268129110336304,0.033333333830038704,0.05107396220167478,2.39166071014045,-2.385933271823961,-5.979869732744353e-22,0.1654187862152544,0.0020331501188032477,0.00043941465640361956
0.529735247294108,-0.033333333830038704,0.050870039810736976,2.3807135496366105,-2.3748639752121177,-2.2747077139742174e-18,0.16678760344536023,0.0020238439406381884,0.0004394182049635006
0.529735247294108,0.033333333830038704,-0.050870039810736976,2.425311287820558,-2.41935213373298,2.270970930726888e-18,-0.16991202379904774,0.0020617564657311495,0.0004394182049635006
0.5311963756879171,-0.033333333830038704,-0.05076742420593897,2.425311287820558,-2.41935213373298,2.270970930726888e-18,-0.16991202379904774,0.0020617564657311495,0.0004394182049635006
0.5311963756879171,0.033333333830038704,0.05076742420593897,2.3807135496366105,-2.3748639752121177,-2.2747077139742174e-18,0.16678760344536023,0.0020238439406381884,0.0004394182049635006
0.5341185530026754,-0.033333333830038704,0.050560884177684784,2.3696791893212263,-2.363707171121842,2.2738129733851342e-18,0.16813051326063586,0.0020144636339370662,0.0004394221056369229
0.5341185530026754,0.033333333830038704,-0.050560884177684784,2.4226665669760092,-2.4165610110449696,-2.270707980349915e-18,-0.17189000739029722,0.0020595081892609557,0.0004394221056369229
0.5355796019236246,-0.033333333830038704,-0.05045695975422859,2.4226665669760092,-2.4165610110449696,-2.270707980349915e-18,-0.17189000739029722,0.0020595081892609557,0.0004394221056369229
0.5355796019236246,0.033333333830038704,0.05045695975422859,2.3696791893212263,-2.363707171121842,2.2738129733851342e-18,0.16813051326063586,0.0020144636339370662,0.0004394221056369229
0.5385016004244486,-0.033333333830038704,0.0502478318909804,2.3585725003515217,-2.352481008894969,-2.2730167758564e-18,0.16940289903935585,0.0020050218406665902,0.00043941977110244766
0.5385016004244486,0.033333333830038704,-0.0502478318909804,2.4198506126792876,-2.4136008580793873,2.270033631695289e-18,-0.17380415864635784,0.002057114347279671,0.00043941977110244766
0.5399625500043234,-0.033333333830038704,-0.05014262845118841,2.4198506126792876,-2.4136008580793873,2.270033631695289e-18,-0.17380415864635784,0.002057114347279671,0.00043941977110244766
0.5399625500043234,0.033333333830038704,0.05014262845118841,2.3585725003515217,-2.352481008894969,-2.2730167758564e-18,0.16940289903935585,0.0020050218406665902,0.00043941977110244766
0.542884349822998,-0.033333333830038704,0.04993097732464472,2.347857411802604,-2.341649042585273,2.2725967645606184e-18,0.1706288003705589,0.001995912946807252,0.00043941701545795333
0.542884349822998,0.033333333830038704,-0.04993097732464472,2.417239209845991,-2.4108473764127116,-2.270045791250293e-18,-0.17567107121212858,0.002054894394441775,0.00043941701545795333
0.5443452000617981,-0.033333333830038704,-0.04982452963789304,2.417239209845991,-2.4108473764127116,-2.270045791250293e-18,-0.17567107121212858,0.002054894394441775,0.00043941701545795333
0.5443452000617981,0.033333333830038704,0.04982452963789304,2.347857411802604,-2.341649042585273,2.2725967645606184e-18,0.1706288003705589,0.001995912946807252,0.00043941701545795333
0.5472668210665385,-0.033333333830038704,0.04961039125919342,2.3365109991465185,-2.3301874024634635,-2.271486191870205e-18,0.17178567615851625,0.001986267364496224,0.00043942049584967853
0.5472668210665385,0.033333333830038704,-0.04961039125919342,2.414852970960321,-2.408317347441832,2.2696166602882586e-18,-0.17754555856632062,0.002052865853414478,0.00043942049584967853
0.5487275918324789,-0.033333333830038704,-0.04950270056724548,2.414852970960321,-2.408317347441832,2.2696166602882586e-18,-0.17754555856632062,0.002052865853414478,0.00043942049584967853
0.5487275918324789,0.033333333830038704,0.04950270056724548,2.3365109991465185,-2.3301874024634635,-2.271486191870205e-18,0.17178567615851625,0.001986267364496224,0.00043942049584967853
0.5516490340232849,-0.033333333830038704,0.04928607990344366,2.325444659513055,-2.3190050602303782,5.94648488679991e-22,0.1729404379654721,0.0019768598721855058,0.00043941826688400715
0.5516490340232849,0.033333333830038704,-0.04928607990344366,2.4119350730399796,-2.405255965324957,-5.775403322241857e-22,-0.1793726228527672,0.002050385349186498,0.00043941826688400715
0.5531097054481506,-0.033333333830038704,-0.04917714993158976,2.4119350730399796,-2.405255965324957,-5.775403322241857e-22,-0.1793726228527672,0.002050385349186498,0.00043941826688400715
0.5531097054481506,0.033333333830038704,0.04917714993158976,2.325444659513055,-2.3190050602303782,5.94648488679991e-22,0.1729404379654721,0.0019768598721855058,0.00043941826688400715
0.5560309489568075,-0.033333333830038704,0.04895804822444916,2.3144080860653986,-2.307851830546648,-2.2684594759703273e-18,0.174082500807476,0.001967477684101241,0.0004394164105298869
0.5560309489568075,0.033333333830038704,-0.04895804822444916,2.4092261944260542,-2.402401338157955,2.2674281937115058e-18,-0.18121442085417724,0.0020480825322140178,0.0004394164105298869
0.5574915210405985,-0.033333333830038704,-0.048847876489162445,2.4092261944260542,-2.402401338157955,2.2674281937115058e-18,-0.18121442085417724,0.0020480825322140178,0.0004394164105298869
0.5574915210405985,0.033333333830038704,0.048847876489162445,2.3144080860653986,-2.307851830546648,-2.2684594759703273e-18,0.174082500807476,0.001967477684101241,0.0004394164105298869
0.560412585735321,-0.033333333830038704,0.04862635210156441,2.3030529063696257,-2.296388094045472,-2.2685068475700323e-18,0.17508401144531588,0.001957824648932161,0.0004394194271229836
0.560412585735321,0.033333333830038704,-0.04862635210156441,2.4066499194716378,-2.3996853074130717,2.2678537781366643e-18,-0.1829597231050385,0.002045892441576398,0.0004394194271229836
0.5618730783462524,-0.033333333830038704,-0.04851499944925308,2.4066499194716378,-2.3996853074130717,2.2678537781366643e-18,-0.1829597231050385,0.002045892441576398,0.0004394194271229836
0.5618730783462524,0.033333333830038704,0.04851499944925308,2.3030529063696257,-2.296388094045472,-2.2685068475700323e-18,0.17508401144531588,0.001957824648932161,0.0004394194271229836
0.5647939642270406,-0.033333333830038704,0.048291114469369255,2.292028404178556,-2.285253920779994,-2.267127751373269e-18,0.17609293887309313,0.0019484527226198358,0.00043941675914751913
0.5647939642270406,0.033333333830038704,-0.048291114469369255,2.404214917302376,-2.397108847406319,2.2667082467256124e-18,-0.184712052302003,0.002043822446894991,0.00043941675914751913
0.5662543574968973,-0.033333333830038704,-0.048178582141796746,2.404214917302376,-2.397108847406319,2.2667082467256124e-18,-0.184712052302003,0.002043822446894991,0.00043941675914751913
0.5662543574968973,0.033333333830038704,0.048178582141796746,2.292028404178556,-2.285253920779994,-2.267127751373269e-18,0.17609293887309313,0.0019484527226198358,0.00043941675914751913
0.5691750645637512,-0.033333333830038704,0.04795228938261668,2.2808388345771156,-2.2739494014550887,-2.2658983696974983e-18,0.17714375218206088,0.001938940472546877,0.00043942144882734726
0.5691750645637512,0.033333333830038704,-0.04795228938261668,2.4014188892872093,-2.3941652356818315,2.2662325041360604e-18,-0.18650872922728226,0.002041445544240233,0.00043942144882734726
0.5706353783607483,-0.033333333830038704,-0.04783852895100912,2.4014188892872093,-2.3941652356818315,2.2662325041360604e-18,-0.18650872922728226,0.002041445544240233,0.00043942144882734726
0.5706353783607483,0.033333333830038704,0.04783852895100912,2.2808388345771156,-2.2739494014550887,-2.2658983696974983e-18,0.17714375218206088,0.001938940472546877,0.00043942144882734726
0.5735559066136678,-0.033333333830038704,0.04760986194014549,2.2697940760330977,-2.262798851047268,-4.530344179220081e-18,0.1780632115123979,0.0019295513263144232,0.00043941857708362764
0.5735559066136678,0.033333333830038704,-0.04760986194014549,2.3986455248814593,-2.3912531956455294,4.53192694796317e-18,-0.18817148654590368,0.002039087907913672,0.00043941857708362764
0.5750161210695902,-0.033333333830038704,-0.047494955360889435,2.3986455248814593,-2.3912531956455294,4.53192694796317e-18,-0.18817148654590368,0.002039087907913672,0.00043941857708362764
0.5750161210695902,0.033333333830038704,0.047494955360889435,2.2697940760330977,-2.262798851047268,-4.530344179220081e-18,0.1780632115123979,0.0019295513263144232,0.00043941857708362764
0.5779364705085754,-0.033333333830038704,0.04726400847236315,2.258697365733651,-2.251598180306151,5.526624991727738e-22,0.17893972285147944,0.0019201180159088178,0.0004394216229853694
0.5779364705085754,0.033333333830038704,-0.04726400847236315,2.3961354276826548,-2.388604268365525,-5.530198493763065e-22,-0.1898279140219734,0.002036954074968088,0.0004394216229853694
0.5793966054916382,-0.033333333830038704,-0.04714796816309293,2.3961354276826548,-2.388604268365525,-5.530198493763065e-22,-0.1898279140219734,0.002036954074968088,0.0004394216229853694
0.5793966054916382,0.033333333830038704,0.04714796816309293,2.258697365733651,-2.251598180306151,5.526624991727738e-22,0.17893972285147944,0.0019201180159088178,0.0004394216229853694
0.5823167761166891,-0.033333333830038704,0.04691473270455996,2.2478889112869656,-2.2406820736336646,0.0,0.17985661617978085,0.0019109297517251964,0.0004394194987188085
0.5823167761166891,0.033333333830038704,-0.04691473270455996,2.3931219091890217,-2.3854494477086146,0.0,-0.19147690374343718,0.0020343922837167752,0.0004394194987188085
0.5837768117586771,-0.033333333830038704,-0.04679753755529722,2.3931219091890217,-2.3854494477086146,0.0,-0.19147690374343718,0.0020343922837167752,0.0004394194987188085
0.5837768117586771,0.033333333830038704,0.04679753755529722,2.2478889112869656,-2.2406820736336646,0.0,0.17985661617978085,0.0019109297517251964,0.0004394194987188085
0.5866967837015787,-0.033333333830038704,0.046562006076176964,2.237056499855661,-2.2297437326134144,-2.261645058686539e-18,0.18073370028209718,0.00190172112171547,0.00043941731853271187
0.5866967837015787,0.033333333830038704,-0.046562006076176964,2.3907304888873813,-2.3829153730844035,2.2642689893268915e-18,-0.19314915276468098,0.0020323593379691723,0.00043941731853271187
0.5881567200024923,-0.033333333830038704,-0.04644366974631945,2.3907304888873813,-2.3829153730844035,2.2642689893268915e-18,-0.19314915276468098,0.0020323593379691723,0.00043941731853271187
0.5881567200024923,0.033333333830038704,0.04644366974631945,2.237056499855661,-2.2297437326134144,-2.261645058686539e-18,0.18073370028209718,0.00190172112171547,0.00043941731853271187
0.5910765131314596,-0.033333333830038704,0.04620589315891266,2.226603219088978,-2.219188066746099,-4.521067452047875e-18,0.18156602013898926,0.0018928347905805588,0.0004394204362259732
0.5910765131314596,0.033333333830038704,-0.04620589315891266,2.387866045261713,-2.3799138468869847,4.526706952329351e-18,-0.1947160278698364,0.002029924275222546,0.0004394204362259732
0.5925363699595133,-0.033333333830038704,-0.04608645290136337,2.387866045261713,-2.3799138468869847,4.526706952329351e-18,-0.1947160278698364,0.002029924275222546,0.0004394204362259732
0.5925363699595133,0.033333333830038704,0.04608645290136337,2.226603219088978,-2.219188066746099,-4.521067452047875e-18,0.18156602013898926,0.0018928347905805588,0.0004394204362259732
0.5954559842745463,-0.033333333830038704,0.04584647466739019,2.21645986497716,-2.208941866360834,2.2600807826000187e-18,0.18240110770739718,0.0018842119280106022,0.00043941771125451633
0.5954559842745463,0.033333333830038704,-0.04584647466739019,2.3849800493711806,-2.3768904480233473,-2.2632339072071306e-18,-0.19626928948241026,0.002027470890901424,0.00043941771125451633
0.5969157417615255,-0.033333333830038704,-0.045725936690966286,2.3849800493711806,-2.3768904480233473,-2.2632339072071306e-18,-0.19626928948241026,0.002027470890901424,0.00043941771125451633
0.5969157417615255,0.033333333830038704,0.045725936690966286,2.21645986497716,-2.208941866360834,2.2600807826000187e-18,0.18240110770739718,0.0018842119280106022,0.00043941771125451633
0.5998351573944092,-0.033333333830038704,0.04548375805219015,2.205728404552577,-2.198108975880069,-5.862850219659838e-22,0.1831794879497426,0.0018750891164242161,0.00043941535883748373
0.5998351573944092,0.033333333830038704,-0.04548375805219015,2.382456568898858,-2.374226653622524,5.734260426880462e-22,-0.19785626074934595,0.0020253256808386647,0.00043941535883748373
0.6012948155403137,-0.033333333830038704,-0.0453621173898379,2.382456568898858,-2.374226653622524,5.734260426880462e-22,-0.19785626074934595,0.0020253256808386647,0.00043941535883748373
0.6012948155403137,0.033333333830038704,0.0453621173898379,2.205728404552577,-2.198108975880069,-5.862850219659838e-22,0.1831794879497426,0.0018750891164242161,0.00043941535883748373
0.6042140523592631,-0.033333333830038704,0.04511772841215134,2.1951495580706206,-2.1874278400428793,2.256655081301555e-18,0.18395930773675065,0.0018660960419089236,0.0004394193218438832
0.6042140523592631,0.033333333830038704,-0.04511772841215134,2.3794059098235354,-2.3710360466214366,-2.2608564608796825e-18,-0.19940047473603126,0.0020227323163889655,0.0004394193218438832
0.605673631032308,-0.033333333830038704,-0.04499498009681702,2.3794059098235354,-2.3710360466214366,-2.2608564608796825e-18,-0.19940047473603126,0.0020227323163889655,0.0004394193218438832
0.605673631032308,0.033333333830038704,0.04499498009681702,2.1951495580706206,-2.1874278400428793,2.256655081301555e-18,0.18395930773675065,0.0018660960419089236,0.0004394193218438832
0.608592708905538,-0.033333333830038704,0.04474842796723048,2.184512826760777,-2.1766956685076235,-2.255122724046922e-18,0.1846408865406299,0.0018570537595171972,0.0004394222146562323
0.608592708905538,0.033333333830038704,-0.04474842796723048,2.376780352363388,-2.36827517541052,2.25980161948304e-18,-0.20089185377934363,0.002020500330706636,0.0004394222146562323
0.610052208105723,-0.033333333830038704,-0.044624624152978264,2.376780352363388,-2.36827517541052,2.25980161948304e-18,-0.20089185377934363,0.002020500330706636,0.0004394222146562323
0.610052208105723,0.033333333830038704,0.044624624152978264,2.184512826760777,-2.1766956685076235,-2.255122724046922e-18,0.1846408865406299,0.0018570537595171972,0.0004394222146562323
0.6129710872968038,-0.033333333830038704,0.04437594612439474,2.1735158648675013,-2.165602435429465,-5.50454262928894e-22,0.1853032824660479,0.0018477052452045314,0.0004394138404797709
0.6129710872968038,0.033333333830038704,-0.04437594612439474,2.3740361493111704,-2.365392657053033,5.518182917864425e-22,-0.20239865660572667,0.002018167484438777,0.0004394138404797709
0.6144304672876993,-0.033333333830038704,-0.04425107191006342,2.3740361493111704,-2.365392657053033,5.518182917864425e-22,-0.20239865660572667,0.002018167484438777,0.0004394138404797709
0.6144304672876993,0.033333333830038704,0.04425107191006342,2.1735158648675013,-2.165602435429465,-5.50454262928894e-22,0.1853032824660479,0.0018477052452045314,0.0004394138404797709
0.6173491676648458,-0.033333333830038704,0.044000240663687386,2.162938386518561,-2.1549264151585352,5.50192094788919e-22,0.18599626105785472,0.0018387133337387435,0.0004394238392292977
0.6173491676648458,0.033333333830038704,-0.044000240663687386,2.37103359519512,-2.3622507961210606,-5.516624381151198e-22,-0.2038908673023687,0.0020156150140018636,0.0004394238392292977
0.6188084880510966,-0.033333333830038704,-0.04387428363164266,2.37103359519512,-2.3622507961210606,-5.516624381151198e-22,-0.2038908673023687,0.0020156150140018636,0.0004394238392292977
0.6188084880510966,0.033333333830038704,0.04387428363164266,2.162938386518561,-2.1549264151585352,5.50192094788919e-22,0.18599626105785472,0.0018387133337387435,0.0004394238392292977
0.6217270096143087,-0.033333333830038704,0.04362134511272112,2.1522424817678405,-2.144139336725495,2.2517393278669113e-18,0.18658565066088822,0.0018296207480210315,0.0004394147463516705
0.6217270096143087,0.033333333830038704,-0.04362134511272112,2.3683664259613026,-2.3594495790792442,-2.258697379894191e-18,-0.20532221361433917,0.0020133476541620617,0.0004394147463516705
0.6231862107912699,-0.033333333830038704,-0.04349436362584432,2.3683664259613026,-2.3594495790792442,-2.258697379894191e-18,-0.20532221361433917,0.0020133476541620617,0.0004394147463516705
0.6231862107912699,0.033333333830038704,0.04349436362584432,2.1522424817678405,-2.144139336725495,2.2517393278669113e-18,0.18658565066088822,0.0018296207480210315,0.0004394147463516705
0.6261045336723328,-0.033333333830038704,0.04323936998844147,2.14150963257935,-2.1333153463747516,2.2511442696438775e-18,0.18716073133036046,0.0018204967558468257,0.00043941790926190443
0.6261045336723328,0.033333333830038704,-0.04323936998844147,2.3656384733998954,-2.356586579160083,-2.2582842083480997e-18,-0.2067488373664163,0.002011028622432018,0.00043941790926190443
0.6275636553764343,-0.033333333830038704,-0.04311135783791542,2.3656384733998954,-2.356586579160083,-2.2582842083480997e-18,-0.2067488373664163,0.002011028622432018,0.00043941790926190443
0.6275636553764343,0.033333333830038704,0.04311135783791542,2.14150963257935,-2.1333153463747516,2.2511442696438775e-18,0.18716073133036046,0.0018204967558468257,0.00043941790926190443
0.6304818193117777,-0.033333333830038704,0.04285430163145065,2.130793251488818,-2.1225078650184885,2.2504504150364314e-18,0.18772384911072337,0.0018113867631982129,0.0004394213238310065
0.6304818193117777,0.033333333830038704,-0.04285430163145065,2.3626976792930394,-2.353510554558242,-2.2581241075405398e-18,-0.20815473407941312,0.002008528654162113,0.0004394213238310065
0.6319408615430196,-0.033333333830038704,-0.04272525757551193,2.3626976792930394,-2.353510554558242,-2.2581241075405398e-18,-0.20815473407941312,0.002008528654162113,0.0004394213238310065
0.6319408615430196,0.033333333830038704,0.04272525757551193,2.130793251488818,-2.1225078650184885,2.2504504150364314e-18,0.18772384911072337,0.0018113867631982129,0.0004394213238310065
0.6348588466644287,-0.033333333830038704,0.04246613631645838,2.1201414833501575,-2.1117646322383687,2.2479645460101928e-18,0.18828182984386158,0.0018023316980024014,0.0004394190539258363
0.6348588466644287,0.033333333830038704,-0.04246613631645838,2.36004735293493,-2.3507226142570814,-2.2566923199387566e-18,-0.2095869721989502,0.0020062756124463667,0.0004394190539258363
0.636317789554596,-0.033333333830038704,-0.04233605911334356,2.36004735293493,-2.3507226142570814,-2.2566923199387566e-18,-0.2095869721989502,0.0020062756124463667,0.0004394190539258363
0.636317789554596,0.033333333830038704,0.04233605911334356,2.1201414833501575,-2.1117646322383687,2.2479645460101928e-18,0.18828182984386158,0.0018023316980024014,0.0004394190539258363
0.6392355759938558,-0.033333333830038704,0.042074885219335556,2.109259583055329,-2.1007942236120916,2.2472836109299394e-18,0.18878458292141012,0.001793080997523262,0.00043941663786518616
0.6392355759938558,0.033333333830038704,-0.042074885219335556,2.3568976805824136,-2.347438443702635,-2.2562444429960896e-18,-0.21094887949859234,0.0020035980768366712,0.00043941663786518616
0.6406944195429484,-0.033333333830038704,-0.04194378852844238,2.3568976805824136,-2.347438443702635,-2.2562444429960896e-18,-0.21094887949859234,0.0020035980768366712,0.00043941663786518616
0.6406944195429484,0.033333333830038704,0.04194378852844238,2.109259583055329,-2.1007942236120916,2.2472836109299394e-18,0.18878458292141012,0.001793080997523262,0.00043941663786518616
0.6436120271682739,-0.033333333830038704,0.04168061291178068,2.0986817943307114,-2.0901320461272497,4.491889586518256e-18,0.18924403189292613,0.001784088822207195,0.0004394193649591425
0.6436120271682739,0.033333333830038704,-0.04168061291178068,2.3545226458070116,-2.3449306362820908,-4.51035640403326e-18,-0.2123139200422798,0.0020015790604204645,0.0004394193649591425
0.6450707912445068,-0.033333333830038704,-0.04154853398601214,2.3545226458070116,-2.3449306362820908,-4.51035640403326e-18,-0.2123139200422798,0.0020015790604204645,0.0004394193649591425
0.6450707912445068,0.033333333830038704,0.04154853398601214,2.0986817943307114,-2.0901320461272497,4.491889586518256e-18,0.18924403189292613,0.001784088822207195,0.0004394193649591425
0.6479882399241129,-0.033333333830038704,0.04128336409727732,2.087723524989503,-2.0790874569864024,5.803656129437745e-22,0.18969676590919937,0.0017747732004225116,0.0004394231032198139
0.6479882399241129,0.033333333830038704,-0.04128336409727732,2.351474143826323,-2.341747046166819,-5.693894944474831e-22,-0.21366193122013122,0.0019989875297163266,0.0004394231032198139
0.6494469245274862,-0.033333333830038704,-0.04115027313431104,2.351474143826323,-2.341747046166819,-5.693894944474831e-22,-0.21366193122013122,0.0019989875297163266,0.0004394231032198139
0.6494469245274862,0.033333333830038704,0.04115027313431104,2.087723524989503,-2.0790874569864024,5.803656129437745e-22,0.18969676590919937,0.0017747732004225116,0.0004394231032198139
0.652364174524943,-0.033333333830038704,0.04088310276468595,2.0766647689029,-2.0679457642256667,-2.242765322949506e-18,0.1900970242367276,0.0017653721548829156,0.00043941453367423
0.652364174524943,0.033333333830038704,-0.04088310276468595,2.349249785245875,-2.3393863156227206,2.253799359143929e-18,-0.21504934260523081,0.001997096603092444,0.00043941453367423
0.6538227399190267,-0.033333333830038704,-0.04074902335802714,2.349249785245875,-2.3393863156227206,2.253799359143929e-18,-0.21504934260523081,0.001997096603092444,0.00043941453367423
0.6538227399190267,0.033333333830038704,0.04074902335802714,2.0766647689029,-2.0679457642256667,-2.242765322949506e-18,0.1900970242367276,0.0017653721548829156,0.00043941453367423
0.6567397912343343,-0.033333333830038704,0.04047985995809237,2.065691443611734,-2.0568879402340063,-5.473298915924335e-22,0.1905075891680881,0.0017560437340392707,0.0004394184837291186
0.6567397912343343,0.033333333830038704,-0.04047985995809237,2.345914669052751,-2.3359169185287145,5.501502245764248e-22,-0.21635106703733561,0.0019942614217243167,0.0004394184837291186
0.6581982771555582,-0.033333333830038704,-0.040344775964816414,2.345914669052751,-2.3359169185287145,5.501502245764248e-22,-0.21635106703733561,0.0019942614217243167,0.0004394184837291186
0.6581982771555582,0.033333333830038704,0.040344775964816414,2.065691443611734,-2.0568879402340063,-5.473298915924335e-22,0.1905075891680881,0.0017560437340392707,0.0004394184837291186
0.6611151695251465,-0.033333333830038704,0.040073653062184654,2.0550356337257787,-2.0461531251508327,2.24042714185176e-18,0.19086341796738693,0.0017469852329551837,0.0004394212575292485
0.6611151695251465,0.033333333830038704,-0.040073653062184654,2.343261934507837,-2.333133621458163,-2.252698412767894e-18,-0.2176327138435968,0.001992006332809623,0.0004394212575292485
0.6625735759735107,-0.033333333830038704,-0.03993761415282885,2.343261934507837,-2.333133621458163,-2.252698412767894e-18,-0.2176327138435968,0.001992006332809623,0.0004394212575292485
0.6625735759735107,0.033333333830038704,0.03993761415282885,2.0550356337257787,-2.0461531251508327,2.24042714185176e-18,0.19086341796738693,0.0017469852329551837,0.0004394212575292485
0.6654902895291647,-0.033333333830038704,0.039664577692747116,2.0439539890190295,-2.0349940360325434,0.0,0.19117317421328145,0.0017375647298058306,0.00043941838955755897
0.6654902895291647,0.033333333830038704,-0.039664577692747116,2.3405555264161406,-2.330295379861172,0.0,-0.21891462910188128,0.001989705616027417,0.00043941838955755897
0.6669485966364542,-0.033333333830038704,-0.03952758014202118,2.3405555264161406,-2.330295379861172,0.0,-0.21891462910188128,0.001989705616027417,0.00043941838955755897
0.6669485966364542,0.033333333830038704,0.03952758014202118,2.0439539890190295,-2.0349940360325434,0.0,0.19117317421328145,0.0017375647298058306,0.00043941838955755897
0.6698651115099589,-0.033333333830038704,0.039252584179242454,2.0333037376088625,-2.024259407410453,5.463950787979721e-22,0.19156706628345907,0.0017285109539804987,0.0004394169049553555
0.6698651115099589,0.033333333830038704,-0.039252584179242454,2.337819748130048,-2.3274209014868426,-5.496680058957489e-22,-0.2202569455636141,0.001987379931650948,0.0004394169049553555
0.671323319276174,-0.033333333830038704,-0.03911458576718966,2.337819748130048,-2.3274209014868426,-5.496680058957489e-22,-0.2202569455636141,0.001987379931650948,0.0004394169049553555
0.671323319276174,0.033333333830038704,0.03911458576718966,2.0333037376088625,-2.024259407410453,5.463950787979721e-22,0.19156706628345907,0.0017285109539804987,0.0004394169049553555
0.6742396553357443,-0.033333333830038704,0.0388376439611117,2.0223682000546344,-2.013248737021875,2.2365269645840572e-18,0.19184019253547113,0.0017192146564817409,0.00043941997058726375
0.6742396553357443,0.033333333830038704,-0.0388376439611117,2.334572613415679,-2.32404532731379,-2.250499559904575e-18,-0.22145564770727844,0.0019846195433139663,0.00043941997058726375
0.6756977836290995,-0.033333333830038704,-0.03869870056708654,2.334572613415679,-2.32404532731379,-2.250499559904575e-18,-0.22145564770727844,0.0019846195433139663,0.00043941997058726375
0.6756977836290995,0.033333333830038704,0.03869870056708654,2.0223682000546344,-2.013248737021875,2.2365269645840572e-18,0.19184019253547113,0.0017192146564817409,0.00043941997058726375
0.6786139408747355,-0.033333333830038704,0.038419863830010094,2.0111912855095277,-2.001997396858246,2.234291379731662e-18,0.1920854233987356,0.0017097131644687276,0.0004394174294849369
0.6786139408747355,0.033333333830038704,-0.038419863830010094,2.3317634293207408,-2.3211040885187177,-2.249573913779855e-18,-0.22270271794325575,0.001982231456679375,0.0004394174294849369
0.6800719698270162,-0.033333333830038704,-0.038279970486958824,2.3317634293207408,-2.3211040885187177,-2.249573913779855e-18,-0.22270271794325575,0.001982231456679375,0.0004394174294849369
0.6800719698270162,0.033333333830038704,0.038279970486958824,2.0111912855095277,-2.001997396858246,2.234291379731662e-18,0.1920854233987356,0.0017097131644687276,0.0004394174294849369
0.6829879482587179,-0.033333333830038704,0.037999248752991356,2.0002295316239853,-1.9909629582185449,4.4664360913568996e-18,0.19231400932425044,0.001700394580473854,0.0004394205782339045
0.6829879482587179,0.033333333830038704,-0.037999248752991356,2.3286201020356803,-2.317832175566372,-4.498379242353798e-18,-0.22388743938398756,0.001979559315009797,0.0004394205782339045
0.6844458977381388,-0.033333333830038704,-0.03785842036207517,2.3286201020356803,-2.317832175566372,-4.498379242353798e-18,-0.22388743938398756,0.001979559315009797,0.0004394205782339045
0.6844458977381388,0.033333333830038704,0.03785842036207517,2.0002295316239853,-1.9909629582185449,4.4664360913568996e-18,0.19231400932425044,0.001700394580473854,0.0004394205782339045
0.6873616973559061,-0.033333333830038704,0.03757579376300176,1.9895374804733417,-1.9801926884891388,2.2318417360463744e-18,0.19260400479317422,0.0016913052707005188,0.0004394189845110009
0.6873616973559061,0.033333333830038704,-0.03757579376300176,2.3256780946067557,-2.314754461234869,-2.248301720337506e-18,-0.22514525073156663,0.0019770583152951314,0.0004394189845110009
0.6888195474942526,-0.033333333830038704,-0.037433995554844536,2.3256780946067557,-2.314754461234869,-2.248301720337506e-18,-0.22514525073156663,0.0019770583152951314,0.0004394189845110009
0.6888195474942526,0.033333333830038704,0.037433995554844536,1.9895374804733417,-1.9801926884891388,2.2318417360463744e-18,0.19260400479317422,0.0016913052707005188,0.0004394189845110009
0.6917351682980856,-0.033333333830038704,0.037149482717116676,1.9785642505604593,-1.9691503290100805,2.230239461350465e-18,0.19277830623637043,0.0016819769309379267,0.0004394219564755492
0.6917351682980856,0.033333333830038704,-0.037149482717116676,2.3231675038862534,-2.3121139752359814,-2.247540988177535e-18,-0.22635418403810048,0.0019749240628068863,0.0004394219564755492
0.6931929389635721,-0.033333333830038704,-0.03700676808754603,2.3231675038862534,-2.3121139752359814,-2.247540988177535e-18,-0.22635418403810048,0.0019749240628068863,0.0004394219564755492
0.6931929389635721,0.033333333830038704,0.03700676808754603,1.9785642505604593,-1.9691503290100805,2.230239461350465e-18,0.19277830623637043,0.0016819769309379267,0.0004394219564755492
0.6961083809534708,-0.033333333830038704,0.03672041123112043,1.9670423102742494,-1.9575607502869068,-2.228782594666485e-18,0.19290246070286046,0.0016721821326362999,0.0004394194987661817
0.6961083809534708,0.033333333830038704,-0.03672041123112043,2.320139204798124,-2.3089556430951674,2.246749857130053e-18,-0.22752970764331765,0.001972349706576215,0.0004394194987661817
0.6975660522778829,-0.033333333830038704,-0.036576769004265465,2.320139204798124,-2.3089556430951674,2.246749857130053e-18,-0.22752970764331765,0.001972349706576215,0.0004394194987661817
0.6975660522778829,0.033333333830038704,0.036576769004265465,1.9670423102742494,-1.9575607502869068,-2.228782594666485e-18,0.19290246070286046,0.0016721821326362999,0.0004394194987661817
0.7004812955856323,-0.033333333830038704,0.0362885445356369,1.9556949533880836,-1.9461439178651194,0.0,0.19304559478066766,0.0016625357476355378,0.00043941758700197936
0.7004812955856323,0.033333333830038704,-0.0362885445356369,2.317251666488464,-2.3059348949521175,0.0,-0.2287346630612237,0.0019698950110450127,0.00043941758700197936
0.7019388675689697,-0.033333333830038704,-0.036143962293863297,2.317251666488464,-2.3059348949521175,0.0,-0.2287346630612237,0.0019698950110450127,0.00043941758700197936
0.7019388675689697,0.033333333830038704,0.036143962293863297,1.9556949533880836,-1.9461439178651194,0.0,0.19304559478066766,0.0016625357476355378,0.00043941758700197936
0.7048539121945699,-0.033333333830038704,0.035853851586580276,1.9445987058541072,-1.9349767716373811,-5.433670027655789e-22,0.193207194569062,0.0016531028306267328,0.00043941604329387156
0.7048539121945699,0.033333333830038704,-0.035853851586580276,2.314290670092628,-2.3028394886643064,5.481535040293401e-22,-0.2299382419827124,0.0019673778688147434,0.00043941604329387156
0.7063113848368326,-0.033333333830038704,-0.03570832312107086,2.314290670092628,-2.3028394886643064,5.481535040293401e-22,-0.2299382419827124,0.0019673778688147434,0.00043941604329387156
0.7063113848368326,0.033333333830038704,0.03570832312107086,1.9445987058541072,-1.9349767716373811,-5.433670027655789e-22,0.193207194569062,0.0016531028306267328,0.00043941604329387156
0.7092262506484985,-0.033333333830038704,0.035416377087434135,1.9330321456799138,-1.923350046765871,-4.446517220315105e-18,0.19323010592972562,0.0016432701009704742,0.00043941890225343636
0.7092262506484985,0.033333333830038704,-0.035416377087434135,2.3114779884886643,-2.299900344230551,4.48795293058554e-18,-0.23106037712207445,0.001964986808948681,0.00043941890225343636
0.7106836438179016,-0.033333333830038704,-0.035269959519306816,2.3114779884886643,-2.299900344230551,4.48795293058554e-18,-0.23106037712207445,0.001964986808948681,0.00043941890225343636
0.7106836438179016,0.033333333830038704,0.035269959519306816,1.9330321456799138,-1.923350046765871,-4.446517220315105e-18,0.19323010592972562,0.0016432701009704742,0.00043941890225343636
0.713598350683848,-0.033333333830038704,0.03497620796163877,1.9214775481699102,-1.9117323342507555,-4.445224760947748e-18,0.19327558123365512,0.001633447540771788,0.0004394227486933535
0.713598350683848,0.033333333830038704,-0.03497620796163877,2.3084780801227684,-2.296770104278917,4.487845014534874e-18,-0.23220278744647954,0.001962436587663254,0.0004394227486933535
0.7150556643803915,-0.033333333830038704,-0.03482887397209803,2.3084780801227684,-2.296770104278917,4.487845014534874e-18,-0.23220278744647954,0.001962436587663254,0.0004394227486933535
0.7150556643803915,0.033333333830038704,0.03482887397209803,1.9214775481699102,-1.9117323342507555,-4.445224760947748e-18,0.19327558123365512,0.001633447540771788,0.0004394227486933535
0.7179701725641886,-0.033333333830038704,0.0345333032310009,1.9097616089311809,-1.899956079030926,-4.441509003597614e-18,0.1932777811877035,0.0016234878240134207,0.0004394144939483994
0.7179701725641886,0.033333333830038704,-0.0345333032310009,2.3060048820172914,-2.294164870303259,4.486823611914494e-18,-0.23337965582717662,0.0019603341226268655,0.0004394144939483994
0.7194273670514425,-0.033333333830038704,-0.034385066479444504,2.3060048820172914,-2.294164870303259,4.486823611914494e-18,-0.23337965582717662,0.0019603341226268655,0.0004394144939483994
0.7194273670514425,0.033333333830038704,0.034385066479444504,1.9097616089311809,-1.899956079030926,-4.441509003597614e-18,0.1932777811877035,0.0016234878240134207,0.0004394144939483994
0.7223416765530905,-0.033333333830038704,0.034087639302015305,1.8987513100167428,-1.8888763799274684,5.417651733658733e-22,0.19339741115743822,0.0016141279719026945,0.00043941982329608726
0.7223416765530905,0.033333333830038704,-0.034087639302015305,2.3027024745700895,-2.290726695629045,-5.473649586684811e-22,-0.2345418775478054,0.001957526746954745,0.00043941982329608726
0.7237987915674845,-0.033333333830038704,-0.0339384488761425,2.3027024745700895,-2.290726695629045,-5.473649586684811e-22,-0.2345418775478054,0.001957526746954745,0.00043941982329608726
0.7237987915674845,0.033333333830038704,0.0339384488761425,1.8987513100167428,-1.8888763799274684,5.417651733658733e-22,0.19339741115743822,0.0016141279719026945,0.00043941982329608726
0.7267129222551981,-0.033333333830038704,0.03363918513059616,1.8866626880902602,-1.8767337253295493,4.433695476210953e-18,0.19330448221041968,0.0016038514376928933,0.00043941723495596045
0.7267129222551981,0.033333333830038704,-0.03363918513059616,2.2996566083644896,-2.287554177457783,-4.481976509300813e-18,-0.23561918765226597,0.0019549374569222924,0.00043941723495596045
0.7281699379285177,-0.033333333830038704,-0.03348911181092262,2.2996566083644896,-2.287554177457783,-4.481976509300813e-18,-0.23561918765226597,0.0019549374569222924,0.00043941723495596045
0.7281699379285177,0.033333333830038704,0.03348911181092262,1.8866626880902602,-1.8767337253295493,4.433695476210953e-18,0.19330448221041968,0.0016038514376928933,0.00043941723495596045
0.731083889802297,-0.033333333830038704,0.03318804750839869,1.8748641135436412,-1.8648760916764675,5.979729340746773e-22,0.19326822539488303,0.0015938214726817783,0.00043942181212894787
0.731083889802297,0.033333333830038704,-0.03318804750839869,2.297025375024434,-2.2847883603472297,-5.84911406870715e-22,-0.23678623677899654,0.0019527006461759976,0.00043942181212894787
0.7325408260027567,-0.033333333830038704,-0.0330370565255483,2.297025375024434,-2.2847883603472297,-5.84911406870715e-22,-0.23678623677899654,0.0019527006461759976,0.00043942181212894787
0.7325408260027567,0.033333333830038704,0.0330370565255483,1.8748641135436412,-1.8648760916764675,5.979729340746773e-22,0.19326822539488303,0.0015938214726817783,0.00043942181212894787
0.7354545990626017,-0.033333333830038704,0.032734185457229614,1.863117970439961,-1.8530748766879201,-4.4272889106679415e-18,0.19318921596292152,0.0015838360796260364,0.0004394197461707673
0.7354545990626017,0.033333333830038704,-0.032734185457229614,2.293549566104235,-2.281186240924189,4.4797953891218755e-18,-0.23782124883006953,0.0019497458619588733,0.0004394197461707673
0.7369114359219869,-0.033333333830038704,-0.03258230537176132,2.293549566104235,-2.281186240924189,4.4797953891218755e-18,-0.23782124883006953,0.0019497458619588733,0.0004394197461707673
0.7369114359219869,0.033333333830038704,0.03258230537176132,1.863117970439961,-1.8530748766879201,-4.4272889106679415e-18,0.19318921596292152,0.0015838360796260364,0.0004394197461707673
0.7398250102996826,-0.033333333830038704,0.03227761139472326,1.8510941997222679,-1.8409924826306605,4.4219827848528404e-18,0.19312279809183575,0.001573614675411178,0.0004394192430907332
0.7398250102996826,0.033333333830038704,-0.03227761139472326,2.2900947179945788,-2.277597304865827,-4.4765943862669336e-18,-0.23892328110627933,0.0019468088965210867,0.0004394192430907332
0.7412817478179932,-0.033333333830038704,-0.03212479750315348,2.2900947179945788,-2.277597304865827,-4.4765943862669336e-18,-0.23892328110627933,0.0019468088965210867,0.0004394192430907332
0.7412817478179932,0.033333333830038704,0.03212479750315348,1.8510941997222679,-1.8409924826306605,4.4219827848528404e-18,0.19312279809183575,0.001573614675411178,0.0004394192430907332
0.7441951235135397,-0.033333333830038704,0.03181832283735275,1.8388747705017732,-1.8287277507518185,-8.838451211511126e-18,0.19291250664004045,0.001563226941956336,0.00043941618417747024
0.7441951235135397,0.033333333830038704,-0.03181832283735275,2.286828018803285,-2.2742091665335273,8.951943431442153e-18,-0.23990634514042555,0.0019440318764275956,0.00043941618417747024
0.7456517616907755,-0.033333333830038704,-0.031664662063121796,2.286828018803285,-2.2742091665335273,8.951943431442153e-18,-0.23990634514042555,0.0019440318764275956,0.00043941618417747024
0.7456517616907755,0.033333333830038704,0.031664662063121796,1.8388747705017732,-1.8287277507518185,-8.838451211511126e-18,0.19291250664004045,0.001563226941956336,0.00043941618417747024
0.7485649585723877,-0.033333333830038704,0.031356399257977806,1.8268405408586248,-1.816635981601125,-4.414913523562082e-18,0.19282134756491456,0.0015529966466117948,0.0004394221887976038
0.7485649585723877,0.033333333830038704,-0.031356399257977806,2.283711448550216,-2.2709548514184226,4.474004907699094e-18,-0.24104365384398013,0.0019413824809036318,0.0004394221887976038
0.7500215172767639,-0.033333333830038704,-0.03120179722706477,2.283711448550216,-2.2709548514184226,4.474004907699094e-18,-0.24104365384398013,0.0019413824809036318,0.0004394221887976038
0.7500215172767639,0.033333333830038704,0.03120179722706477,1.8268405408586248,-1.816635981601125,-4.414913523562082e-18,0.19282134756491456,0.0015529966466117948,0.0004394221887976038
0.7529345154762268,-0.033333333830038704,0.03089171275496483,1.814560479813512,-1.804308060078943,0.0,0.19261920785634037,0.001542557370059346,0.0004394145844954448
0.7529345154762268,0.033333333830038704,-0.03089171275496483,2.280738666292859,-2.267852300491429,0.0,-0.242104950546375,0.0019388553195156912,0.0004394145844954448
0.7543909549713135,-0.033333333830038704,-0.030736230313777924,2.280738666292859,-2.267852300491429,0.0,-0.242104950546375,0.0019388553195156912,0.0004394145844954448
0.7543909549713135,0.033333333830038704,0.030736230313777924,1.814560479813512,-1.804308060078943,0.0,0.19261920785634037,0.001542557370059346,0.0004394145844954448
0.7573037544886271,-0.033333333830038704,0.03042438191672166,1.8018860871045197,-1.7915891255226635,-5.380532584272042e-22,0.19235871752996855,0.00153178287226675,0.00043941909396285174
0.7573037544886271,0.033333333830038704,-0.03042438191672166,2.277341892897668,-2.2643279170710384,5.457695613250523e-22,-0.24311557152816626,0.0019359677233768665,0.00043941909396285174
0.7587601145108541,-0.033333333830038704,-0.030268015960852306,2.277341892897668,-2.2643279170710384,5.457695613250523e-22,-0.24311557152816626,0.0019359677233768665,0.00043941909396285174
0.7587601145108541,0.033333333830038704,0.030268015960852306,1.8018860871045197,-1.7915891255226635,-5.380532584272042e-22,0.19235871752996855,0.00153178287226675,0.00043941909396285174
0.7616727352142334,-0.033333333830038704,0.029954376940925915,1.7893795904530783,-1.7790347443818422,-4.402409954480549e-18,0.19213197810947516,0.0015211511028669852,0.00043941859847738295
0.7616727352142334,0.033333333830038704,-0.029954376940925915,2.2741644525887224,-2.261016945302831,4.468680542551486e-18,-0.24418503326702637,0.0019332665822349678,0.00043941859847738295
0.7631289958953857,-0.033333333830038704,-0.029797103876868885,2.2741644525887224,-2.261016945302831,4.468680542551486e-18,-0.24418503326702637,0.0019332665822349678,0.00043941859847738295
0.7631289958953857,0.033333333830038704,0.029797103876868885,1.7893795904530783,-1.7790347443818422,-4.402409954480549e-18,0.19213197810947516,0.0015211511028669852,0.00043941859847738295
0.7660414179166158,-0.033333333830038704,0.029481645673513412,1.7764241932769829,-1.766034423771419,4.398075073121434e-18,0.1918471488298202,0.00151013772325338,0.00043941843446918525
0.7660414179166158,0.033333333830038704,-0.029481645673513412,2.270799615167012,-2.257518392875513,-4.466832796838922e-18,-0.24523783980334338,0.0019304061348585074,0.00043941843446918525
0.7674975792566935,-0.033333333830038704,-0.029323460534214973,2.270799615167012,-2.257518392875513,-4.466832796838922e-18,-0.24523783980334338,0.0019304061348585074,0.00043941843446918525
0.7674975792566935,0.033333333830038704,0.029323460534214973,1.7764241932769829,-1.766034423771419,4.398075073121434e-18,0.1918471488298202,0.00151013772325338,0.00043941843446918525
0.7704098224639893,-0.033333333830038704,0.029006222262978554,1.7634176377440545,-1.7529903191104115,-4.394591867260762e-18,0.19148552481062103,0.0014990808539345536,0.0004394229318190395
0.7704098224639893,0.033333333830038704,-0.029006222262978554,2.267263164359351,-2.253856541370516,4.465324505370235e-18,-0.24619696866962637,0.0019273997989893551,0.0004394229318190395
0.7718659043312073,-0.033333333830038704,-0.028847169131040573,2.267263164359351,-2.253856541370516,4.465324505370235e-18,-0.24619696866962637,0.0019273997989893551,0.0004394229318190395
0.7718659043312073,0.033333333830038704,0.028847169131040573,1.7634176377440545,-1.7529903191104115,-4.394591867260762e-18,0.19148552481062103,0.0014990808539345536,0.0004394229318190395
0.7747779488563538,-0.033333333830038704,0.02852817562719186,1.7503215885095362,-1.739855255801632,0.0,0.19112653416515366,0.0014879479060443614,0.0004394163655359793
0.7747779488563538,0.033333333830038704,-0.02852817562719186,2.263788870955362,-2.250252177093267,0.0,-0.2471946434459391,0.0019244463031121482,0.0004394163655359793
0.7762339115142822,-0.033333333830038704,-0.02836823525528113,2.263788870955362,-2.250252177093267,0.0,-0.2471946434459391,0.0019244463031121482,0.0004394163655359793
0.7762339115142822,0.033333333830038704,0.02836823525528113,1.7503215885095362,-1.739855255801632,0.0,0.19112653416515366,0.0014879479060443614,0.0004394163655359793
0.7791457573572794,-0.033333333830038704,0.028047472859422367,1.7372427414929796,-1.726739676713443,-4.386316276783929e-18,0.1907417933584504,0.0014768295817549767,0.00043942162808664254
0.7791457573572794,0.033333333830038704,-0.028047472859422367,2.260692540840135,-2.2470247904239478,4.463354657459501e-18,-0.248214333652268,0.0019218141137238558,0.00043942162808664254
0.7806016405423483,-0.033333333830038704,-0.02788665083547433,2.260692540840135,-2.2470247904239478,4.463354657459501e-18,-0.248214333652268,0.0019218141137238558,0.00043942162808664254
0.7806016405423483,0.033333333830038704,0.02788665083547433,1.7372427414929796,-1.726739676713443,-4.386316276783929e-18,0.1907417933584504,0.0014768295817549767,0.00043942162808664254
0.7835132877031962,-0.033333333830038704,0.027564091607928276,1.723328693997086,-1.7127902113623694,0.0,0.1902931407459345,0.0014650012537654063,0.0004394163135487932
0.7835132877031962,0.033333333830038704,-0.027564091607928276,2.2569925812564784,-2.243190642481184,0.0,-0.24922129389687706,0.001918668779088728,0.0004394163135487932
0.7849690516789755,-0.033333333830038704,-0.027402354404330254,2.2569925812564784,-2.243190642481184,0.0,-0.24922129389687706,0.001918668779088728,0.0004394163135487932
0.7849690516789755,0.033333333830038704,0.027402354404330254,1.723328693997086,-1.7127902113623694,0.0,0.1902931407459345,0.0014650012537654063,0.0004394163135487932
0.7878804802894592,-0.033333333830038704,0.027077963575720787,1.709340161169369,-1.6987681005701656,0.0,0.18981761528308128,0.001453109605815524,0.00043941713837282725
0.7878804802894592,0.033333333830038704,-0.027077963575720787,2.2534580907190995,-2.2395207270310262,0.0,-0.25024044402492807,0.0019156641096448092,0.00043941713837282725
0.7893361449241638,-0.033333333830038704,-0.026915309950709343,2.2534580907190995,-2.2395207270310262,0.0,-0.25024044402492807,0.0019156641096448092,0.00043941713837282725
0.7893361449241638,0.033333333830038704,0.026915309950709343,1.709340161169369,-1.6987681005701656,0.0,0.18981761528308128,0.001453109605815524,0.00043941713837282725
0.7922473947207133,-0.033333333830038704,0.026589134708046913,1.695344842429062,-1.6847470354277627,-4.3715469772865525e-18,0.1892658483936974,0.0014412121891631956,0.00043942243821702026
0.7922473947207133,0.033333333830038704,-0.026589134708046913,2.2500997188755414,-2.2360340716057183,4.457139098259686e-18,-0.25119788116571257,0.0019128091586545766,0.00043942243821702026
0.7937029798825582,-0.033333333830038704,-0.026425613090395927,2.2500997188755414,-2.2360340716057183,4.457139098259686e-18,-0.25119788116571257,0.0019128091586545766,0.00043942243821702026
0.7937029798825582,0.033333333830038704,0.026425613090395927,1.695344842429062,-1.6847470354277627,-4.3715469772865525e-18,0.1892658483936974,0.0014412121891631956,0.00043942243821702026
0.7966140309969584,-0.033333333830038704,0.026097694411873817,1.6812012596119033,-1.6705783802005145,4.366563586327196e-18,0.18869433199562674,0.0014291887332594853,0.0004394162988497479
0.7966140309969584,0.033333333830038704,-0.026097694411873817,2.24696963754305,-2.2327718802167307,-4.4557878677098076e-18,-0.2521949304680614,0.001910148277365673,0.0004394162988497479
0.7980694969495138,-0.033333333830038704,-0.025933297351002693,2.24696963754305,-2.2327718802167307,-4.4557878677098076e-18,-0.2521949304680614,0.001910148277365673,0.0004394162988497479
0.7980694969495138,0.033333333830038704,0.025933297351002693,1.6812012596119033,-1.6705783802005145,4.366563586327196e-18,0.18869433199562674,0.0014291887332594853,0.0004394162988497479
0.8009803295135498,-0.033333333830038704,0.025603594879309338,1.6669538993056687,-1.6563040029617138,0.0,0.18812855228108472,0.0014170770561405548,0.0004394173557039543
0.8009803295135498,0.033333333830038704,-0.025603594879309338,2.2430775429644165,-2.228746886709331,0.0,-0.25314853097489814,0.0019068396088236048,0.0004394173557039543
0.8024356961250305,-0.033333333830038704,-0.025438289468487103,2.2430775429644165,-2.228746886709331,0.0,-0.25314853097489814,0.0019068396088236048,0.0004394173557039543
0.8024356961250305,0.033333333830038704,0.025438289468487103,1.6669538993056687,-1.6563040029617138,0.0,0.18812855228108472,0.0014170770561405548,0.0004394173557039543
0.8053463300069174,-0.033333333830038704,0.025106759121020634,1.652226891638728,-1.641553017449444,4.3563718526409e-18,0.1875030462600496,0.001404557630930823,0.00043941896404625283
0.8053463300069174,0.033333333830038704,-0.025106759121020634,2.2396031699500827,-2.2251346713492284,-4.451885663849604e-18,-0.25416147074255796,0.0019038860452696654,0.00043941896404625283
0.8068015972773234,-0.033333333830038704,-0.0249405341843764,2.2396031699500827,-2.2251346713492284,-4.451885663849604e-18,-0.25416147074255796,0.0019038860452696654,0.00043941896404625283
0.8068015972773234,0.033333333830038704,0.0249405341843764,1.652226891638728,-1.641553017449444,4.3563718526409e-18,0.1875030462600496,0.001404557630930823,0.00043941896404625283
0.8097120324770609,-0.033333333830038704,0.02460721197227637,1.6368618363371659,-1.6261755864129954,-4.351008982235777e-18,0.18673412492479582,0.0013914958016005437,0.00043941913241945477
0.8097120324770609,0.033333333830038704,-0.02460721197227637,2.23548503259407,-2.2208906720746144,4.450577498390367e-18,-0.25502539803728824,0.0019003852178240642,0.00043941913241945477
0.8111672004063925,-0.033333333830038704,-0.024440114696820576,2.23548503259407,-2.2208906720746144,4.450577498390367e-18,-0.25502539803728824,0.0019003852178240642,0.00043941913241945477
0.8111672004063925,0.033333333830038704,0.024440114696820576,1.6368618363371659,-1.6261755864129954,-4.351008982235777e-18,0.18673412492479582,0.0013914958016005437,0.00043941913241945477
0.8140774369239807,-0.033333333830038704,0.02410502793888251,1.6219162576619286,-1.6112138754942156,-4.344688040225923e-18,0.18601665055307837,0.001378790569236143,0.0004394201422358885
0.8140774369239807,0.033333333830038704,-0.02410502793888251,2.231608967772658,-2.2168834652017497,4.447657178596779e-18,-0.25594195974562406,0.0018970901761742476,0.0004394201422358885
0.8155325055122375,-0.033333333830038704,-0.023937038456400234,2.231608967772658,-2.2168834652017497,4.447657178596779e-18,-0.25594195974562406,0.0018970901761742476,0.0004394201422358885
0.8155325055122375,0.033333333830038704,0.023937038456400234,1.6219162576619286,-1.6112138754942156,-4.344688040225923e-18,0.18601665055307837,0.001378790569236143,0.0004394201422358885
0.8184425234794617,-0.033333333830038704,0.023600127547979355,1.6062610129217103,-1.595543446724598,4.338914784839397e-18,0.18524457143589598,0.0013654820499430366,0.0004394167710378175
0.8184425234794617,0.033333333830038704,-0.023600127547979355,2.227791416903302,-2.2129267705027833,-4.446150407072468e-18,-0.25692354041648774,0.0018938448772191493,0.0004394167710378175
0.819897472858429,-0.033333333830038704,-0.02343120612204075,2.227791416903302,-2.2129267705027833,-4.446150407072468e-18,-0.25692354041648774,0.0018938448772191493,0.0004394167710378175
0.819897472858429,0.033333333830038704,0.02343120612204075,1.6062610129217103,-1.595543446724598,4.338914784839397e-18,0.18524457143589598,0.0013654820499430366,0.0004394167710378175
0.8228072921435038,-0.033333333830038704,0.02309249776105086,1.5905355741737042,-1.5798138429556434,-7.004792234075621e-23,0.18436820310942034,0.001352113858743013,0.0004394231104364607
0.8228072921435038,0.033333333830038704,-0.02309249776105086,2.22383832025409,-2.208847522733214,4.2968304428833446e-23,-0.2577779974045026,0.001890484350833484,0.0004394231104364607
0.8242621620496114,-0.033333333830038704,-0.022922710825999577,2.22383832025409,-2.208847522733214,4.2968304428833446e-23,-0.2577779974045026,0.001890484350833484,0.0004394231104364607
0.8242621620496114,0.033333333830038704,0.022922710825999577,1.5905355741737042,-1.5798138429556434,-7.004792234075621e-23,0.18436820310942034,0.001352113858743013,0.0004394231104364607
0.8271717627843221,-0.033333333830038704,0.022582183902462322,1.5743422607518975,-1.5636093997088207,5.281906896738355e-22,0.1835189339867072,0.001338347927410123,0.0004394149055465437
0.8271717627843221,0.033333333830038704,-0.022582183902462322,2.2195411792700654,-2.2044097636621816,-5.423033014588014e-22,-0.2587288935283385,0.0018868313524524256,0.0004394149055465437
0.8286264936129252,-0.033333333830038704,-0.022411443913976353,2.2195411792700654,-2.2044097636621816,-5.423033014588014e-22,-0.2587288935283385,0.0018868313524524256,0.0004394149055465437
0.8286264936129252,0.033333333830038704,0.022411443913976353,1.5743422607518975,-1.5636093997088207,5.281906896738355e-22,0.1835189339867072,0.001338347927410123,0.0004394149055465437
0.8315358757972717,-0.033333333830038704,0.022069067383805912,1.5580170328353387,-1.547283618872049,4.31978172503977e-18,0.1825663643041851,0.0013244698556011444,0.0004394226621184628
0.8315358757972717,0.033333333830038704,-0.022069067383805912,2.215285969986701,-2.2000245313362754,-4.440130414048976e-18,-0.2595842644277983,0.0018832140001986868,0.0004394226621184628
0.8329905271530151,-0.033333333830038704,-0.02189743084212144,2.215285969986701,-2.2000245313362754,-4.440130414048976e-18,-0.2595842644277983,0.0018832140001986868,0.0004394226621184628
0.8329905271530151,0.033333333830038704,0.02189743084212144,1.5580170328353387,-1.547283618872049,4.31978172503977e-18,0.1825663643041851,0.0013244698556011444,0.0004394226621184628
0.8358997106552124,-0.033333333830038704,0.021553263689080875,1.541173575207966,-1.5304447117041522,4.313495235102428e-18,0.18153504712891766,0.0013101512368560385,0.0004394186587726164
0.8358997106552124,0.033333333830038704,-0.021553263689080875,2.2110963895882088,-2.195703865514815,-4.4392452997742705e-18,-0.26044534745952375,0.0018796524390421172,0.0004394186587726164
0.8373542428016663,-0.033333333830038704,-0.021380733077724774,2.2110963895882088,-2.195703865514815,-4.4392452997742705e-18,-0.26044534745952375,0.0018796524390421172,0.0004394186587726164
0.8373542428016663,0.033333333830038704,0.021380733077724774,1.541173575207966,-1.5304447117041522,4.313495235102428e-18,0.18153504712891766,0.0013101512368560385,0.0004394186587726164
0.8402631878852844,-0.033333333830038704,0.02103473370273908,1.5241916878584048,-1.513464815718331,0.0,0.18051191905060252,0.0012957149390417737,0.0004394163880553177
0.8402631878852844,0.033333333830038704,-0.02103473370273908,2.2067314943751097,-2.1912010812543716,0.0,-0.26134595802628485,0.001875941842809362,0.0004394163880553177
0.8417176008224487,-0.033333333830038704,-0.020861264939109486,2.2067314943751097,-2.1912010812543716,0.0,-0.26134595802628485,0.001875941842809362,0.0004394163880553177
0.8417176008224487,0.033333333830038704,0.020861264939109486,1.5241916878584048,-1.513464815718331,0.0,0.18051191905060252,0.0012957149390417737,0.0004394163880553177
0.8446263273557028,-0.033333333830038704,0.020513411611318588,1.5068128194479158,-1.4960957359344387,5.248674193663537e-22,0.17939459794366053,0.001280941167735652,0.0004394194201825013
0.8446263273557028,0.033333333830038704,-0.020513411611318588,2.2019298217728265,-2.186268775167581,-5.414043597474222e-22,-0.2621522129217234,0.0018718599422369293,0.0004394194201825013
0.8460806409517924,-0.033333333830038704,-0.020339027047157288,2.2019298217728265,-2.186268775167581,-5.414043597474222e-22,-0.2621522129217234,0.0018718599422369293,0.0004394194201825013
0.8460806409517924,0.033333333830038704,0.020339027047157288,1.5068128194479158,-1.4960957359344387,5.248674193663537e-22,0.17939459794366053,0.001280941167735652,0.0004394194201825013
0.8489891688028971,-0.033333333830038704,0.019989361986517906,1.488677498708116,-1.4779800522363586,-1.0478420824798662e-21,0.17814505424306037,0.0012655243365102505,0.0004394219127771077
0.8489891688028971,0.033333333830038704,-0.019989361986517906,2.197246056234953,-2.18145692655962,1.0823491985512223e-21,-0.2629370822176129,0.0018678782744278634,0.0004394219127771077
0.8504433830579122,-0.033333333830038704,-0.019814081490039825,2.197246056234953,-2.18145692655962,1.0823491985512223e-21,-0.2629370822176129,0.0018678782744278634,0.0004394219127771077
0.8504433830579122,0.033333333830038704,0.019814081490039825,1.488677498708116,-1.4779800522363586,-1.0478420824798662e-21,0.17814505424306037,0.0012655243365102505,0.0004394219127771077
0.8533516724904379,-0.033333333830038704,0.019462586070100468,1.470397736082043,-1.4597178958621135,4.284672023260441e-18,0.1768987472399989,0.001249984715276638,0.00043941412659771696
0.8533516724904379,0.033333333830038704,-0.019462586070100468,2.1922781373019475,-2.176355112089453,-4.4315984596207975e-18,-0.26374581963360305,0.0018636550478949277,0.00043941412659771696
0.8548057476679484,-0.033333333830038704,-0.019286371146639187,2.1922781373019475,-2.176355112089453,-4.4315984596207975e-18,-0.26374581963360305,0.0018636550478949277,0.00043941412659771696
0.8548057476679484,0.033333333830038704,0.019286371146639187,1.470397736082043,-1.4597178958621135,4.284672023260441e-18,0.1768987472399989,0.001249984715276638,0.00043941412659771696
0.8577137986818949,-0.033333333830038704,0.018932998180389404,1.4517762090678425,-1.4411182507879348,-4.2758011212365114e-18,0.175591424794377,0.001234154560229689,0.00043941867189535686
0.8577137986818949,0.033333333830038704,-0.018932998180389404,2.1875551163959344,-2.171495567396632,4.428573770313421e-18,-0.2645834236055052,0.0018596400091080896,0.00043941867189535686
0.8591677745183309,-0.033333333830038704,-0.0187558401376009,2.1875551163959344,-2.171495567396632,4.428573770313421e-18,-0.2645834236055052,0.0018596400091080896,0.00043941867189535686
0.8591677745183309,0.033333333830038704,0.0187558401376009,1.4517762090678425,-1.4411182507879348,-4.2758011212365114e-18,0.175591424794377,0.001234154560229689,0.00043941867189535686
0.8620756268501282,-0.033333333830038704,0.01840061880648136,1.4328365029754635,-1.4222095729366566,-5.209421333300404e-22,0.17418488713515903,0.0012180539212349724,0.00043942201994434367
0.8620756268501282,0.033333333830038704,-0.01840061880648136,2.182702360315467,-2.166513894129379,5.404600844086306e-22,-0.26534343834183116,0.0018555146824847553,0.00043942201994434367
0.8635295033454895,-0.033333333830038704,-0.01822255551815033,2.182702360315467,-2.166513894129379,5.404600844086306e-22,-0.26534343834183116,0.0018555146824847553,0.00043942201994434367
0.8635295033454895,0.033333333830038704,0.01822255551815033,1.4328365029754635,-1.4222095729366566,-5.209421333300404e-22,0.17418488713515903,0.0012180539212349724,0.00043942201994434367
0.8664371172587076,-0.033333333830038704,0.017865469058354694,1.4130226401145918,-1.402428637349344,8.517988165959252e-18,0.17270465720087994,0.0012012101618092605,0.00043941570931666494
0.8664371172587076,0.033333333830038704,-0.017865469058354694,2.1774701871154503,-2.1611448116199274,-8.850332110046802e-18,-0.2661381577017141,0.0018510668134713495,0.00043941570931666494
0.8678908546765646,-0.033333333830038704,-0.017686445886890095,2.1774701871154503,-2.1611448116199274,-8.850332110046802e-18,-0.2661381577017141,0.0018510668134713495,0.00043941570931666494
0.8678908546765646,0.033333333830038704,0.017686445886890095,1.4130226401145918,-1.402428637349344,8.517988165959252e-18,0.17270465720087994,0.0012012101618092605,0.00043941570931666494
0.8707982301712036,-0.033333333830038704,0.01732744835317135,1.392685748325029,-1.382132803545409,4.2497236889089854e-18,0.17112132231651841,0.0011839217756336102,0.00043942110144501445
0.8707982301712036,0.033333333830038704,-0.01732744835317135,2.172337491875337,-2.1558768096130034,-4.42384876989791e-18,-0.2669182653549354,0.0018467035106445853,0.00043942110144501445
0.8722518682479858,-0.033333333830038704,-0.017147473990917206,2.172337491875337,-2.1558768096130034,-4.42384876989791e-18,-0.2669182653549354,0.0018467035106445853,0.00043942110144501445
0.8722518682479858,0.033333333830038704,0.017147473990917206,1.392685748325029,-1.382132803545409,4.2497236889089854e-18,0.17112132231651841,0.0011839217756336102,0.00043942110144501445
0.8751590251922607,-0.033333333830038704,0.016786605740586918,1.371852337844009,-1.3613502805772408,-4.239587179868334e-18,0.16942328771553483,0.001166211299053479,0.00043941959273064097
0.8751590251922607,0.033333333830038704,-0.016786605740586918,2.1666084763529656,-2.15002225517913,4.420707044873615e-18,-0.26757539505523986,0.0018418332761081608,0.00043941959273064097
0.8766125440597534,-0.033333333830038704,-0.01660571185251077,2.1666084763529656,-2.15002225517913,4.420707044873615e-18,-0.26757539505523986,0.0018418332761081608,0.00043941959273064097
0.8766125440597534,0.033333333830038704,0.01660571185251077,1.371852337844009,-1.3613502805772408,-4.239587179868334e-18,0.16942328771553483,0.001166211299053479,0.00043941959273064097
0.8795194625854492,-0.033333333830038704,0.016242940599719684,1.3507227369776302,-1.3402693042787126,-8.461726918249544e-18,0.16772031539618723,0.001148249031107362,0.0004394206419343546
0.8795194625854492,0.033333333830038704,-0.016242940599719684,2.16125456619783,-2.1445283139963376,8.839328726063954e-18,-0.2683646965958737,0.0018372819185423393,0.0004394206419343546
0.8809728622436523,-0.033333333830038704,-0.016061063235004742,2.16125456619783,-2.1445283139963376,8.839328726063954e-18,-0.2683646965958737,0.0018372819185423393,0.0004394206419343546
0.8809728622436523,0.033333333830038704,0.016061063235004742,1.3507227369776302,-1.3402693042787126,-8.461726918249544e-18,0.16772031539618723,0.001148249031107362,0.0004394206419343546
0.8838795224825541,-0.033333333830038704,0.01569636104007562,1.3284136721840223,-1.3180247922000925,4.219486168825534e-18,0.1658117353848688,0.0011292841011976969,0.00043941462971819166
0.8838795224825541,0.033333333830038704,-0.01569636104007562,2.1551835949719043,-2.138328947823711,-4.416756202793394e-18,-0.2690086224178729,0.0018321209875553862,0.00043941462971819166
0.8853327830632528,-0.033333333830038704,-0.015513536209861437,2.1551835949719043,-2.138328947823711,-4.416756202793394e-18,-0.2690086224178729,0.0018321209875553862,0.00043941462971819166
0.8853327830632528,0.033333333830038704,0.015513536209861437,1.3284136721840223,-1.3180247922000925,4.219486168825534e-18,0.1658117353848688,0.0011292841011976969,0.00043941462971819166
0.8882392048835754,-0.033333333830038704,0.015146965471406778,1.3058861660913368,-1.2955701250977962,4.208526356581452e-18,0.163819198334051,0.0011101334743991345,0.00043941963883875986
0.8882392048835754,0.033333333830038704,-0.015146965471406778,2.149304497308487,-2.1323257484117133,-4.414775715272031e-18,-0.26962330168387766,0.0018271231682317037,0.00043941963883875986
0.8896923661231995,-0.033333333830038704,-0.0149632195631663,2.149304497308487,-2.1323257484117133,-4.414775715272031e-18,-0.26962330168387766,0.0018271231682317037,0.00043941963883875986
0.8896923661231995,0.033333333830038704,0.0149632195631663,1.3058861660913368,-1.2955701250977962,4.208526356581452e-18,0.163819198334051,0.0011101334743991345,0.00043941963883875986
0.892598569393158,-0.033333333830038704,0.014594730300207933,1.2823399412568615,-1.2720992861311857,0.0,0.16173784704631838,0.0010901168350754195,0.0004394217998317343
0.892598569393158,0.033333333830038704,-0.014594730300207933,2.1434354710928942,-2.126318182036072,0.0,-0.27034534854891074,0.0018221339106430756,0.0004394217998317343
0.8940516114234924,-0.033333333830038704,-0.014409986945490042,2.1434354710928942,-2.126318182036072,0.0,-0.27034534854891074,0.0018221339106430756,0.0004394217998317343
0.8940516114234924,0.033333333830038704,0.014409986945490042,1.2823399412568615,-1.2720992861311857,0.0,0.16173784704631838,0.0010901168350754195,0.0004394217998317343
0.8969575564066569,-0.033333333830038704,0.01403950434178114,1.2583306422607057,-1.2481724807443304,0.0,0.15956648634592446,0.0010697065365328849,0.00043941819609648547
0.8969575564066569,0.033333333830038704,-0.01403950434178114,2.136862485392177,-2.1196121749126524,0.0,-0.27097141812096576,0.0018165462172877248,0.00043941819609648547
0.8984104593594869,-0.033333333830038704,-0.013853765092790127,2.136862485392177,-2.1196121749126524,0.0,-0.27097141812096576,0.0018165462172877248,0.00043941819609648547
0.8984104593594869,0.033333333830038704,0.013853765092790127,1.2583306422607057,-1.2481724807443304,0.0,0.15956648634592446,0.0010697065365328849,0.00043941819609648547
0.9013161460558573,-0.033333333830038704,0.013481302186846733,1.233323230726459,-1.2232607923238983,-2.5468407141674023e-22,0.1572234887434411,0.0010484477427933543,0.0004394202719664071
0.9013161460558573,0.033333333830038704,-0.013481302186846733,2.1301029276005474,-2.1127238424052823,2.6908290970602417e-22,-0.2715445597037118,0.0018107999190486647,0.0004394202719664071
0.9027689297993978,-0.033333333830038704,-0.013294578529894352,2.1301029276005474,-2.1127238424052823,2.6908290970602417e-22,-0.2715445597037118,0.0018107999190486647,0.0004394202719664071
0.9027689297993978,0.033333333830038704,0.013294578529894352,1.233323230726459,-1.2232607923238983,-2.5468407141674023e-22,0.1572234887434411,0.0010484477427933543,0.0004394202719664071
0.9056743582089742,-0.033333333830038704,0.012920167918006579,1.2077906391005762,-1.197833953973018,-4.158681300729134e-18,0.15476448755558853,0.0010267424936008507,0.0004394158263511111
0.9056743582089742,0.033333333830038704,-0.012920167918006579,2.122863921344023,-2.1053636303588106,4.405338887292266e-18,-0.2720206104443041,0.0018046460418000788,0.0004394158263511111
0.9071270028750101,-0.033333333830038704,-0.012732480963071188,2.122863921344023,-2.1053636303588106,4.405338887292266e-18,-0.2720206104443041,0.0018046460418000788,0.0004394158263511111
0.9071270028750101,0.033333333830038704,0.012732480963071188,1.2077906391005762,-1.197833953973018,-4.158681300729134e-18,0.15476448755558853,0.0010267424936008507,0.0004394158263511111
0.9100321729977926,-0.033333333830038704,0.012356134441991648,1.1816262552846744,-1.1717837086481198,-4.145858543328732e-18,0.15219575330783996,0.0010045001580395534,0.0004394178453931295
0.9100321729977926,0.033333333830038704,-0.012356134441991648,2.1153935739545293,-2.097773061704402,4.404150797438698e-18,-0.27246679488601,0.001798295501517315,0.0004394178453931295
0.9114846984545389,-0.033333333830038704,-0.012167474875847498,2.1153935739545293,-2.097773061704402,4.404150797438698e-18,-0.27246679488601,0.001798295501517315,0.0004394178453931295
0.9114846984545389,0.033333333830038704,0.012167474875847498,1.1816262552846744,-1.1717837086481198,-4.145858543328732e-18,0.15219575330783996,0.0010045001580395534,0.0004394178453931295
0.9143896301587423,-0.033333333830038704,0.01178916854163011,1.1547926913080124,-1.1450724237111958,5.043182983425399e-22,0.1495169032403036,0.0009816889526057103,0.0004394206278053614
0.9143896301587423,0.033333333830038704,-0.01178916854163011,2.1077388031948203,-2.0899972766459802,-5.372846895488204e-22,-0.27289969971680117,0.0017917881829777216,0.0004394206278053614
0.9158420364061991,-0.033333333830038704,-0.011599521773556868,2.1077388031948203,-2.0899972766459802,-5.372846895488204e-22,-0.27289969971680117,0.0017917881829777216,0.0004394206278053614
0.9158420364061991,0.033333333830038704,0.011599521773556868,1.1547926913080124,-1.1450724237111958,5.043182983425399e-22,0.1495169032403036,0.0009816889526057103,0.0004394206278053614
0.9187467098236084,-0.033333333830038704,0.01121916559835275,1.126947537949775,-1.1173545939693568,-2.5124397270246135e-22,0.1467292221291785,0.0009580177953138927,0.00043942064896249723
0.9187467098236084,0.033333333830038704,-0.01121916559835275,2.0996789711901522,-2.0818058208710757,2.685042411045437e-22,-0.2733794181086851,0.0017849365219840252,0.00043942064896249723
0.9201989769935608,-0.033333333830038704,-0.011028456191221872,2.0996789711901522,-2.0818058208710757,2.685042411045437e-22,-0.2733794181086851,0.0017849365219840252,0.00043942064896249723
0.9201989769935608,0.033333333830038704,0.011028456191221872,1.126947537949775,-1.1173545939693568,-2.5124397270246135e-22,0.1467292221291785,0.0009580177953138927,0.00043942064896249723
0.9231033722559611,-0.033333333830038704,0.010646069732805094,1.098069995930385,-1.0886272108367865,4.101127846976132e-18,0.1436959003878482,0.0009334690047021922,0.0004394171750767168
0.9231033722559611,0.033333333830038704,-0.010646069732805094,2.0913486773891443,-2.0733642536369636,-4.3967182694421794e-18,-0.2736785745318013,0.0017778549414908663,0.0004394171750767168
0.924555500348409,-0.033333333830038704,-0.01045439268151919,2.0913486773891443,-2.0733642536369636,-4.3967182694421794e-18,-0.2736785745318013,0.0017778549414908663,0.0004394171750767168
0.924555500348409,0.033333333830038704,0.01045439268151919,1.098069995930385,-1.0886272108367865,4.101127846976132e-18,0.1436959003878482,0.0009334690047021922,0.0004394171750767168
0.9274596174558004,-0.033333333830038704,0.010070016607642174,1.0684493152168386,-1.0591625346858224,-2.49309995627423e-22,0.1405655160600751,0.0009082884720888336,0.0004394160407957181
0.9274596174558004,0.033333333830038704,-0.010070016607642174,2.082284716041803,-2.064185849876079,2.681865655558337e-22,-0.2739460089737818,0.0017701496704162364,0.0004394160407957181
0.9289116064707438,-0.033333333830038704,-0.00987731758505106,2.082284716041803,-2.064185849876079,2.681865655558337e-22,-0.2739460089737818,0.0017701496704162364,0.0004394160407957181
0.9289116064707438,0.033333333830038704,0.00987731758505106,1.0684493152168386,-1.0591625346858224,-2.49309995627423e-22,0.1405655160600751,0.0009082884720888336,0.0004394160407957181
0.9318154652913412,-0.033333333830038704,0.009490902225176493,1.037698575741255,-1.0285833681077559,0.0,0.13723916695875643,0.0008821472768294111,0.0004394208477365962
0.9318154652913412,0.033333333830038704,-0.009490902225176493,2.073346115598842,-2.055133716756248,0.0,-0.2742070774441425,0.0017625509686123027,0.0004394208477365962
0.933267335096995,-0.033333333830038704,-0.009297185887893042,2.073346115598842,-2.055133716756248,0.0,-0.2742070774441425,0.0017625509686123027,0.0004394208477365962
0.933267335096995,0.033333333830038704,0.009297185887893042,1.037698575741255,-1.0285833681077559,0.0,0.13723916695875643,0.0008821472768294111,0.0004394208477365962
0.9361709356307983,-0.033333333830038704,0.008908689022064209,1.0059060560295776,-0.9969723717836857,0.0,0.13376503077034868,0.0008551204644748043,0.00043942183181585833
0.9361709356307983,0.033333333830038704,-0.008908689022064209,2.063190717880219,-2.0448670441115673,0.0,-0.274362370330764,0.0017539178677754787,0.00043942183181585833
0.9376226663589478,-0.033333333830038704,-0.00871390849351883,2.063190717880219,-2.0448670441115673,0.0,-0.274362370330764,0.0017539178677754787,0.00043942183181585833
0.9376226663589478,0.033333333830038704,0.00871390849351883,1.0059060560295776,-0.9969723717836857,0.0,0.13376503077034868,0.0008551204644748043,0.00043942183181585833
0.9405259688695272,-0.033333333830038704,0.008323331363499165,0.9730734455398686,-0.964340283682708,2.4612971487871025e-22,0.13007593044674376,0.0008272094712328522,0.0004394152149585132
0.9405259688695272,0.033333333830038704,-0.008323331363499165,2.0522865740521246,-2.033867665478855,-2.677190973119081e-22,-0.27434011984067924,0.0017446482580747633,0.0004394152149585132
0.9419775406519572,-0.033333333830038704,-0.00812753476202488,2.0522865740521246,-2.033867665478855,-2.677190973119081e-22,-0.27434011984067924,0.0017446482580747633,0.0004394152149585132
0.9419775406519572,0.033333333830038704,0.00812753476202488,0.9730734455398686,-0.964340283682708,2.4612971487871025e-22,0.13007593044674376,0.0008272094712328522,0.0004394152149585132
0.9448805650075277,-0.033333333830038704,0.0077348727112015086,0.9390643269893658,-0.9305439954302467,-4.899355711172955e-22,0.12621284717770845,0.0007982983288086043,0.0004394227551057345
0.9448805650075277,0.033333333830038704,-0.0077348727112015086,2.040669848325435,-2.022154414173897,5.351114585342932e-22,-0.2742716811877918,0.0017347728826959802,0.0004394227551057345
0.9463320175806681,-0.033333333830038704,-0.007538007261852424,2.040669848325435,-2.022154414173897,5.351114585342932e-22,-0.2742716811877918,0.0017347728826959802,0.0004394227551057345
0.9463320175806681,0.033333333830038704,0.007538007261852424,0.9390643269893658,-0.9305439954302467,-4.899355711172955e-22,0.12621284717770845,0.0007982983288086043,0.0004394227551057345
0.9492347637812296,-0.033333333830038704,0.007143237628042698,0.9039554034047323,-0.8956662422892698,7.988056519529349e-18,0.12213661927542999,0.0007684522424241522,0.0004394174997474089
0.9492347637812296,0.033333333830038704,-0.007143237628042698,2.028116332164435,-2.00951875204611,-8.761721379543794e-18,-0.27402598775875886,0.001724101142023936,0.0004394174997474089
0.9506860574086508,-0.033333333830038704,-0.006945333443582058,2.028116332164435,-2.00951875204611,-8.761721379543794e-18,-0.27402598775875886,0.001724101142023936,0.0004394174997474089
0.9506860574086508,0.033333333830038704,0.006945333443582058,0.9039554034047323,-0.8956662422892698,7.988056519529349e-18,0.12213661927542999,0.0007684522424241522,0.0004394174997474089
0.9535885055859884,-0.033333333830038704,0.006548454674581687,0.867531813480502,-0.8594900417310716,3.973674177983342e-18,0.11784869776917054,0.0007374885585421936,0.0004394196660685461
0.9535885055859884,0.033333333830038704,-0.006548454674581687,2.014689674143165,-1.9960140771752646,-4.377697685526344e-18,-0.2736828215604139,0.001712687143694101,0.0004394196660685461
0.9550396601359049,-0.033333333830038704,-0.006349480090041955,2.014689674143165,-1.9960140771752646,-4.377697685526344e-18,-0.2736828215604139,0.001712687143694101,0.0004394196660685461
0.9550396601359049,0.033333333830038704,0.006349480090041955,0.867531813480502,-0.8594900417310716,3.973674177983342e-18,0.11784869776917054,0.0007374885585421936,0.0004394196660685461
0.9579418102900187,-0.033333333830038704,0.005950466729700565,0.8295374155490479,-0.8217648440982976,-2.4121366025066213e-22,0.11329106231249829,0.0007051895312007873,0.0004394159120065651
0.9579418102900187,0.033333333830038704,-0.005950466729700565,2.0004251285631525,-1.981681613259093,2.669850698126646e-22,-0.27320080281313797,0.0017005608573786085,0.0004394159120065651
0.9593928058942159,-0.033333333830038704,-0.005750427953898907,2.0004251285631525,-1.981681613259093,2.669850698126646e-22,-0.27320080281313797,0.0017005608573786085,0.0004394159120065651
0.9593928058942159,0.033333333830038704,0.005750427953898907,0.8295374155490479,-0.8217648440982976,-2.4121366025066213e-22,0.11329106231249829,0.0007051895312007873,0.0004394159120065651
0.9622946580251058,-0.033333333830038704,0.005349252838641405,0.790142379962166,-0.7826572053112953,2.398171618782547e-22,0.10850197964363974,0.0006716998221696832,0.0004394196737552919
0.9622946580251058,0.033333333830038704,-0.005349252838641405,1.9849171963923136,-1.9661136841908486,-2.668056216272111e-22,-0.2725678949755633,0.0016873775684606406,0.0004394196737552919
0.9637455145517985,-0.033333333830038704,-0.005148116499185562,1.9849171963923136,-1.9661136841908486,-2.668056216272111e-22,-0.2725678949755633,0.0016873775684606406,0.0004394196737552919
0.9637455145517985,0.033333333830038704,0.005148116499185562,0.790142379962166,-0.7826572053112953,2.398171618782547e-22,0.10850197964363974,0.0006716998221696832,0.0004394196737552919
0.9666470686594645,-0.033333333830038704,0.0047447831990818186,0.7493291932948417,-0.7421551143176948,-3.9046162652516805e-18,0.10344093104756782,0.0006370045432910432,0.00043941625273169536
0.9666470686594645,0.033333333830038704,-0.0047447831990818186,1.967647322798716,-1.9488090639676932,4.367517604746927e-18,-0.2716233037026058,0.0016726964536186955,0.00043941625273169536
0.9680977662404379,-0.033333333830038704,-0.004542586238433917,1.967647322798716,-1.9488090639676932,4.367517604746927e-18,-0.2716233037026058,0.0016726964536186955,0.00043941625273169536
0.9680977662404379,0.033333333830038704,0.004542586238433917,0.7493291932948417,-0.7421551143176948,-3.9046162652516805e-18,0.10344093104756782,0.0006370045432910432,0.00043941625273169536
0.97099902232488,-0.033333333830038704,0.004137072945013642,0.7056212029240185,-0.6987903731481353,-3.877357582820277e-18,0.09794537463009027,0.0005998483925718753,0.0004394214162267951
0.97099902232488,0.033333333830038704,-0.004137072945013642,1.9489053322617977,-1.9300387781973432,4.363960934908102e-18,-0.2705222888654,0.0016567638925638682,0.0004394214162267951
0.9724495808283488,-0.033333333830038704,-0.003933756612241268,1.9489053322617977,-1.9300387781973432,4.363960934908102e-18,-0.2705222888654,0.0016567638925638682,0.0004394214162267951
0.9724495808283488,0.033333333830038704,0.003933756612241268,0.7056212029240185,-0.6987903731481353,-3.877357582820277e-18,0.09794537463009027,0.0005998483925718753,0.0004394214162267951
0.975350538889567,-0.033333333830038704,0.0035259988314161697,0.6585740896259568,-0.6521275913039003,-3.8460885271539414e-18,0.09192081476374599,0.0005598536543609998,0.0004394211786051131
0.975350538889567,0.033333333830038704,-0.0035259988314161697,1.9275286473438813,-1.908660898997032,4.359331690988252e-18,-0.2690357949626318,0.0016385915785327825,0.0004394211786051131
0.9768009384473165,-0.033333333830038704,-0.0033215573833634457,1.9275286473438813,-1.908660898997032,4.359331690988252e-18,-0.2690357949626318,0.0016385915785327825,0.0004394211786051131
0.9768009384473165,0.033333333830038704,0.0033215573833634457,0.6585740896259568,-0.6521275913039003,-3.8460885271539414e-18,0.09192081476374599,0.0005598536543609998,0.0004394211786051131
0.979701578617096,-0.033333333830038704,0.0029116075796385608,0.6072806504814569,-0.6012736588291915,-3.81130181355442e-18,0.08520431706984379,0.0005162491157036988,0.00043941875504739626
0.979701578617096,0.033333333830038704,-0.0029116075796385608,1.9027951224182802,-1.8839733891598993,4.354243423866982e-18,-0.26697105992253223,0.0016175656157247237,0.00043941875504739626
0.981151819229126,-0.033333333830038704,-0.0027060992239663997,1.9027951224182802,-1.8839733891598993,4.354243423866982e-18,-0.26697105992253223,0.0016175656157247237,0.00043941875504739626
0.981151819229126,0.033333333830038704,0.0027060992239663997,0.6072806504814569,-0.6012736588291915,-3.81130181355442e-18,0.08520431706984379,0.0005162491157036988,0.00043941875504739626
0.9840521216392517,-0.033333333830038704,0.002293924529415866,0.5525641825653015,-0.5470362369144887,3.7735405688119164e-18,0.07796493671193062,0.00046973466121918604,0.00043941452320941677
0.9840521216392517,0.033333333830038704,-0.002293924529415866,1.8746075910400233,-1.8558536992626715,-4.348161619772217e-18,-0.26450078887961187,0.001593603402971265,0.00043941452320941677
0.9855021834373474,-0.033333333830038704,-0.0020872581905374923,1.8746075910400233,-1.8558536992626715,-4.348161619772217e-18,-0.26450078887961187,0.001593603402971265,0.00043941452320941677
0.9855021834373474,0.033333333830038704,0.0020872581905374923,0.5525641825653015,-0.5470362369144887,3.7735405688119164e-18,0.07796493671193062,0.00046973466121918604,0.00043941452320941677
0.9884021679560343,-0.033333333830038704,0.0016727991945420702,0.48835438318272256,-0.4834152800725544,3.7328058062226804e-18,0.06927965477794461,0.00041514992823866363,0.0004394210251205715
0.9884021679560343,0.033333333830038704,-0.0016727991945420702,1.8395488734110534,-1.8209441022144544,-4.340550244987506e-18,-0.26096481425332174,0.0015637999966560592,0.0004394210251205715
0.9898520906766256,-0.033333333830038704,-0.0014650065374250214,1.8395488734110534,-1.8209441022144544,-4.340550244987506e-18,-0.26096481425332174,0.0015637999966560592,0.0004394210251205715
0.9898520906766256,0.033333333830038704,0.0014650065374250214,0.48835438318272256,-0.4834152800725544,3.7328058062226804e-18,0.06927965477794461,0.00041514992823866363,0.0004394210251205715
0.9927517573038737,-0.033333333830038704,0.0010482702249040206,0.44143708336181087,-0.4369225553614146,-1.4134789623240052e-23,0.06297125680367135,0.0003752655444293848,0.00043941704779908706
0.9927517573038737,0.033333333830038704,-0.0010482702249040206,1.8018941120559357,-1.7834663411929286,1.6527381201277362e-23,-0.2570412435656145,0.0015317896942757647,0.00043941704779908706
0.9942015012105306,-0.033333333830038704,-0.0008393265695000688,1.8018941120559357,-1.7834663411929286,1.6527381201277362e-23,-0.2570412435656145,0.0015317896942757647,0.00043941704779908706
0.9942015012105306,0.033333333830038704,0.0008393265695000688,0.44143708336181087,-0.4369225553614146,-1.4134789623240052e-23,0.06297125680367135,0.0003752655444293848,0.00043941704779908706
0.997100830078125,-0.033333333830038704,0.00042025527606407245,0.23840292320809733,-0.23593698945000202,1.1438434621578386e-17,0.0342007427322212,0.00020266626013817828,0.0004394206666125807
0.997100830078125,0.033333333830038704,-0.0004202552760640835,1.708237501742608,-1.6905682531205426,-1.0195533547235397e-17,-0.24505987819466402,0.0014521722353369214,0.00043942066661258023
0.9985504150390625,-0.033333333830038704,-0.00021012763803205007,1.708237501742608,-1.6905682531205426,-1.019390516969135e-17,-0.24505987819466396,0.0014521722353369214,0.00043942066661258023
0.9985504150390625,0.033333333830038704,0.00021012763803202796,0.23840292320809733,-0.23593698945000202,1.1474373058671441e-17,0.034200742732221186,0.00020266626013817828,0.0004394206666125807
