/*--------------------------------*- C++ -*----------------------------------*\
  =========                 |
  \\      /  F ield         | OpenFOAM: The Open Source CFD Toolbox
   \\    /   O peration     | Website:  https://openfoam.org
    \\  /    A nd           | Version:  13
     \\/     M anipulation  |
\*---------------------------------------------------------------------------*/
FoamFile
{
    format      ascii;
    class       volVectorField;
    location    "0";
    object      wallShearStress;
}
// * * * * * * * * * * * * * * * * * * * * * * * * * * * * * * * * * * * * * //

dimensions      [0 2 -2 0 0 0 0];

internalField   uniform (0 0 0);

boundaryField
{
    inlet
    {
        type            cyclic;
    }
    outlet
    {
        type            cyclic;
    }
    top
    {
        type            calculated;
        value           nonuniform List<vector> 
7200
(
(-4.15068e-07 0 0)
(-4.15068e-07 0 0)
(-4.15068e-07 0 0)
(-4.15068e-07 0 0)
(-4.15068e-07 5.20853e-24 0)
(-4.15068e-07 0 0)
(-4.15068e-07 5.20853e-24 0)
(-4.15068e-07 0 0)
(-4.15068e-07 0 0)
(-4.15068e-07 0 0)
(-4.15068e-07 0 0)
(-4.15068e-07 0 0)
(-4.15068e-07 0 0)
(-4.15068e-07 0 0)
(-4.15068e-07 0 0)
(-4.15068e-07 0 0)
(-4.15068e-07 0 0)
(-4.15068e-07 0 0)
(-4.15068e-07 0 0)
(-4.15068e-07 0 0)
(-4.15068e-07 0 0)
(-4.15068e-07 0 0)
(-4.15068e-07 0 0)
(-4.15068e-07 0 0)
(-4.15068e-07 0 0)
(-4.15068e-07 0 0)
(-4.15068e-07 0 0)
(-4.15068e-07 0 0)
(-4.15068e-07 5.20853e-24 0)
(-4.15068e-07 0 0)
(-4.15068e-07 0 0)
(-4.15068e-07 5.20853e-24 0)
(-4.15068e-07 0 0)
(-4.15068e-07 5.20853e-24 0)
(-4.15068e-07 0 0)
(-4.15068e-07 0 0)
(-4.15068e-07 5.20853e-24 0)
(-4.15068e-07 0 0)
(-4.15068e-07 5.20853e-24 0)
(-4.15068e-07 0 0)
(-4.15068e-07 0 0)
(-4.15068e-07 5.20853e-24 0)
(-4.15068e-07 0 0)
(-4.15068e-07 5.20853e-24 0)
(-4.15068e-07 0 0)
(-4.15068e-07 0 0)
(-4.15068e-07 5.20853e-24 0)
(-4.15068e-07 0 0)
(-4.15068e-07 5.20853e-24 0)
(-4.15068e-07 0 0)
(-4.15068e-07 0 0)
(-4.15068e-07 5.20853e-24 0)
(-4.15068e-07 0 0)
(-4.15068e-07 5.20853e-24 0)
(-4.15068e-07 0 0)
(-4.15068e-07 0 0)
(-4.15068e-07 0 0)
(-4.15068e-07 0 0)
(-4.15068e-07 0 0)
(-4.15068e-07 0 0)
(-4.1493e-07 0 0)
(-4.1493e-07 5.2068e-24 0)
(-4.1493e-07 0 0)
(-4.1493e-07 0 0)
(-4.1493e-07 -5.2068e-24 0)
(-4.1493e-07 -5.2068e-24 0)
(-4.1493e-07 -5.2068e-24 0)
(-4.1493e-07 0 0)
(-4.1493e-07 0 0)
(-4.1493e-07 0 0)
(-4.1493e-07 0 0)
(-4.1493e-07 0 0)
(-4.1493e-07 0 0)
(-4.1493e-07 0 0)
(-4.1493e-07 0 0)
(-4.1493e-07 0 0)
(-4.1493e-07 0 0)
(-4.1493e-07 0 0)
(-4.1493e-07 0 0)
(-4.1493e-07 0 0)
(-4.1493e-07 0 0)
(-4.1493e-07 0 0)
(-4.1493e-07 0 0)
(-4.1493e-07 0 0)
(-4.1493e-07 0 0)
(-4.1493e-07 0 0)
(-4.1493e-07 0 0)
(-4.1493e-07 0 0)
(-4.1493e-07 0 0)
(-4.1493e-07 0 0)
(-4.1493e-07 0 0)
(-4.1493e-07 0 0)
(-4.1493e-07 0 0)
(-4.1493e-07 0 0)
(-4.1493e-07 0 0)
(-4.1493e-07 0 0)
(-4.1493e-07 0 0)
(-4.1493e-07 0 0)
(-4.1493e-07 0 0)
(-4.1493e-07 0 0)
(-4.1493e-07 0 0)
(-4.1493e-07 0 0)
(-4.1493e-07 0 0)
(-4.1493e-07 0 0)
(-4.1493e-07 0 0)
(-4.1493e-07 0 0)
(-4.1493e-07 0 0)
(-4.1493e-07 0 0)
(-4.1493e-07 0 0)
(-4.1493e-07 0 0)
(-4.1493e-07 0 0)
(-4.1493e-07 0 0)
(-4.1493e-07 0 0)
(-4.1493e-07 0 0)
(-4.1493e-07 0 0)
(-4.1493e-07 0 0)
(-4.1493e-07 0 0)
(-4.1493e-07 0 0)
(-4.1493e-07 0 0)
(-4.1493e-07 0 0)
(-4.13982e-07 0 0)
(-4.13982e-07 -5.19494e-24 0)
(-4.13982e-07 5.19494e-24 0)
(-4.13982e-07 0 0)
(-4.13982e-07 5.19494e-24 0)
(-4.13982e-07 5.19494e-24 0)
(-4.13982e-07 5.19494e-24 0)
(-4.13982e-07 0 0)
(-4.13982e-07 0 0)
(-4.13982e-07 0 0)
(-4.13982e-07 0 0)
(-4.13982e-07 0 0)
(-4.13982e-07 0 0)
(-4.13982e-07 0 0)
(-4.13982e-07 0 0)
(-4.13982e-07 0 0)
(-4.13982e-07 0 0)
(-4.13982e-07 -5.19494e-24 0)
(-4.13982e-07 0 0)
(-4.13982e-07 0 0)
(-4.13982e-07 0 0)
(-4.13982e-07 0 0)
(-4.13982e-07 -5.19494e-24 0)
(-4.13982e-07 0 0)
(-4.13982e-07 0 0)
(-4.13982e-07 0 0)
(-4.13982e-07 0 0)
(-4.13982e-07 -5.19494e-24 0)
(-4.13982e-07 -5.19494e-24 0)
(-4.13982e-07 -5.19494e-24 0)
(-4.13982e-07 -5.19494e-24 0)
(-4.13982e-07 -5.19494e-24 0)
(-4.13982e-07 -5.19494e-24 0)
(-4.13982e-07 -5.19494e-24 0)
(-4.13982e-07 -5.19494e-24 0)
(-4.13982e-07 -5.19494e-24 0)
(-4.13982e-07 -5.19494e-24 0)
(-4.13982e-07 -5.19494e-24 0)
(-4.13982e-07 -5.19494e-24 0)
(-4.13982e-07 -5.19494e-24 0)
(-4.13982e-07 -5.19494e-24 0)
(-4.13982e-07 -5.19494e-24 0)
(-4.13982e-07 -5.19494e-24 0)
(-4.13982e-07 -5.19494e-24 0)
(-4.13982e-07 -5.19494e-24 0)
(-4.13982e-07 -5.19494e-24 0)
(-4.13982e-07 -5.19494e-24 0)
(-4.13982e-07 -5.19494e-24 0)
(-4.13982e-07 -5.19494e-24 0)
(-4.13982e-07 -5.19494e-24 0)
(-4.13982e-07 -5.19494e-24 0)
(-4.13982e-07 -5.19494e-24 0)
(-4.13982e-07 -5.19494e-24 0)
(-4.13982e-07 -5.19494e-24 0)
(-4.13982e-07 -5.19494e-24 0)
(-4.13982e-07 -5.19494e-24 0)
(-4.13982e-07 -5.19494e-24 0)
(-4.13982e-07 0 0)
(-4.13982e-07 -5.19494e-24 0)
(-4.13982e-07 -5.19494e-24 0)
(-4.11351e-07 0 0)
(-4.11351e-07 0 0)
(-4.11351e-07 -5.16208e-24 0)
(-4.11351e-07 0 0)
(-4.11351e-07 0 0)
(-4.11351e-07 -5.16208e-24 0)
(-4.11351e-07 0 0)
(-4.11351e-07 0 0)
(-4.11351e-07 0 0)
(-4.11351e-07 0 0)
(-4.11351e-07 -5.16208e-24 0)
(-4.11351e-07 0 0)
(-4.11351e-07 0 0)
(-4.11351e-07 0 0)
(-4.11351e-07 -5.16208e-24 0)
(-4.11351e-07 -5.16208e-24 0)
(-4.11351e-07 -5.16208e-24 0)
(-4.11351e-07 0 0)
(-4.11351e-07 -5.16208e-24 0)
(-4.11351e-07 -5.16208e-24 0)
(-4.11351e-07 -5.16208e-24 0)
(-4.11351e-07 -5.16208e-24 0)
(-4.11351e-07 0 0)
(-4.11351e-07 -5.16208e-24 0)
(-4.11351e-07 -5.16208e-24 0)
(-4.11351e-07 -5.16208e-24 0)
(-4.11351e-07 -5.16208e-24 0)
(-4.11351e-07 0 0)
(-4.11351e-07 5.16208e-24 0)
(-4.11351e-07 0 0)
(-4.11351e-07 0 0)
(-4.11351e-07 5.16208e-24 0)
(-4.11351e-07 0 0)
(-4.11351e-07 5.16208e-24 0)
(-4.11351e-07 0 0)
(-4.11351e-07 0 0)
(-4.11351e-07 5.16208e-24 0)
(-4.11351e-07 0 0)
(-4.11351e-07 5.16208e-24 0)
(-4.11351e-07 0 0)
(-4.11351e-07 0 0)
(-4.11351e-07 5.16208e-24 0)
(-4.11351e-07 0 0)
(-4.11351e-07 5.16208e-24 0)
(-4.11351e-07 0 0)
(-4.11351e-07 0 0)
(-4.11351e-07 5.16208e-24 0)
(-4.11351e-07 0 0)
(-4.11351e-07 5.16208e-24 0)
(-4.11351e-07 0 0)
(-4.11351e-07 0 0)
(-4.11351e-07 5.16208e-24 0)
(-4.11351e-07 0 0)
(-4.11351e-07 5.16208e-24 0)
(-4.11351e-07 0 0)
(-4.11351e-07 0 0)
(-4.11351e-07 0 0)
(-4.11351e-07 0 0)
(-4.11351e-07 0 0)
(-4.11351e-07 0 0)
(-4.06509e-07 0 0)
(-4.06509e-07 0 0)
(-4.06509e-07 5.10167e-24 0)
(-4.06509e-07 0 0)
(-4.06509e-07 -5.10167e-24 0)
(-4.06509e-07 5.10167e-24 0)
(-4.06509e-07 -5.10167e-24 0)
(-4.06509e-07 0 0)
(-4.06509e-07 0 0)
(-4.06509e-07 0 0)
(-4.06509e-07 5.10167e-24 0)
(-4.06509e-07 0 0)
(-4.06509e-07 0 0)
(-4.06509e-07 0 0)
(-4.06509e-07 5.10167e-24 0)
(-4.06509e-07 5.10167e-24 0)
(-4.06509e-07 5.10167e-24 0)
(-4.06509e-07 0 0)
(-4.06509e-07 5.10167e-24 0)
(-4.06509e-07 5.10167e-24 0)
(-4.06509e-07 5.10167e-24 0)
(-4.06509e-07 5.10167e-24 0)
(-4.06509e-07 0 0)
(-4.06509e-07 5.10167e-24 0)
(-4.06509e-07 5.10167e-24 0)
(-4.06509e-07 5.10167e-24 0)
(-4.06509e-07 5.10167e-24 0)
(-4.06509e-07 0 0)
(-4.06509e-07 -5.10167e-24 0)
(-4.06509e-07 0 0)
(-4.06509e-07 0 0)
(-4.06509e-07 -5.10167e-24 0)
(-4.06509e-07 0 0)
(-4.06509e-07 -5.10167e-24 0)
(-4.06509e-07 0 0)
(-4.06509e-07 0 0)
(-4.06509e-07 -5.10167e-24 0)
(-4.06509e-07 0 0)
(-4.06509e-07 -5.10167e-24 0)
(-4.06509e-07 0 0)
(-4.06509e-07 0 0)
(-4.06509e-07 -5.10167e-24 0)
(-4.06509e-07 0 0)
(-4.06509e-07 -5.10167e-24 0)
(-4.06509e-07 0 0)
(-4.06509e-07 0 0)
(-4.06509e-07 -5.10167e-24 0)
(-4.06509e-07 0 0)
(-4.06509e-07 -5.10167e-24 0)
(-4.06509e-07 0 0)
(-4.06509e-07 0 0)
(-4.06509e-07 -5.10167e-24 0)
(-4.06509e-07 0 0)
(-4.06509e-07 -5.10167e-24 0)
(-4.06509e-07 0 0)
(-4.06509e-07 0 0)
(-4.06509e-07 0 0)
(-4.06509e-07 0 0)
(-4.06509e-07 0 0)
(-4.06509e-07 0 0)
(-3.99598e-07 0 0)
(-3.99598e-07 0 0)
(-3.99598e-07 -5.01541e-24 0)
(-3.99598e-07 0 0)
(-3.99598e-07 0 0)
(-3.99598e-07 -1.00308e-23 0)
(-3.99598e-07 0 0)
(-3.99598e-07 -5.01541e-24 0)
(-3.99598e-07 -5.01541e-24 0)
(-3.99598e-07 -5.01541e-24 0)
(-3.99598e-07 -5.01541e-24 0)
(-3.99598e-07 -5.01541e-24 0)
(-3.99598e-07 -5.01541e-24 0)
(-3.99598e-07 -5.01541e-24 0)
(-3.99598e-07 -5.01541e-24 0)
(-3.99598e-07 -5.01541e-24 0)
(-3.99598e-07 -5.01541e-24 0)
(-3.99598e-07 5.01541e-24 0)
(-3.99598e-07 -5.01541e-24 0)
(-3.99598e-07 -5.01541e-24 0)
(-3.99598e-07 -5.01541e-24 0)
(-3.99598e-07 -5.01541e-24 0)
(-3.99598e-07 5.01541e-24 0)
(-3.99598e-07 -5.01541e-24 0)
(-3.99598e-07 -5.01541e-24 0)
(-3.99598e-07 -5.01541e-24 0)
(-3.99598e-07 -5.01541e-24 0)
(-3.99598e-07 5.01541e-24 0)
(-3.99598e-07 0 0)
(-3.99598e-07 5.01541e-24 0)
(-3.99598e-07 5.01541e-24 0)
(-3.99598e-07 0 0)
(-3.99598e-07 5.01541e-24 0)
(-3.99598e-07 0 0)
(-3.99598e-07 5.01541e-24 0)
(-3.99598e-07 5.01541e-24 0)
(-3.99598e-07 0 0)
(-3.99598e-07 5.01541e-24 0)
(-3.99598e-07 0 0)
(-3.99598e-07 5.01541e-24 0)
(-3.99598e-07 5.01541e-24 0)
(-3.99598e-07 0 0)
(-3.99598e-07 5.01541e-24 0)
(-3.99598e-07 0 0)
(-3.99598e-07 5.01541e-24 0)
(-3.99598e-07 5.01541e-24 0)
(-3.99598e-07 0 0)
(-3.99598e-07 5.01541e-24 0)
(-3.99598e-07 0 0)
(-3.99598e-07 5.01541e-24 0)
(-3.99598e-07 5.01541e-24 0)
(-3.99598e-07 0 0)
(-3.99598e-07 5.01541e-24 0)
(-3.99598e-07 0 0)
(-3.99598e-07 5.01541e-24 0)
(-3.99598e-07 5.01541e-24 0)
(-3.99598e-07 5.01541e-24 0)
(-3.99598e-07 0 0)
(-3.99598e-07 5.01541e-24 0)
(-3.99598e-07 5.01541e-24 0)
(-3.91417e-07 0 0)
(-3.91417e-07 0 0)
(-3.91417e-07 0 0)
(-3.91417e-07 0 0)
(-3.91417e-07 0 0)
(-3.91417e-07 4.91314e-24 0)
(-3.91417e-07 0 0)
(-3.91417e-07 4.91314e-24 0)
(-3.91417e-07 4.91314e-24 0)
(-3.91417e-07 4.91314e-24 0)
(-3.91417e-07 4.91314e-24 0)
(-3.91417e-07 4.91314e-24 0)
(-3.91417e-07 4.91314e-24 0)
(-3.91417e-07 4.91314e-24 0)
(-3.91417e-07 4.91314e-24 0)
(-3.91417e-07 4.91314e-24 0)
(-3.91417e-07 4.91314e-24 0)
(-3.91417e-07 0 0)
(-3.91417e-07 4.91314e-24 0)
(-3.91417e-07 4.91314e-24 0)
(-3.91417e-07 4.91314e-24 0)
(-3.91417e-07 4.91314e-24 0)
(-3.91417e-07 0 0)
(-3.91417e-07 4.91314e-24 0)
(-3.91417e-07 4.91314e-24 0)
(-3.91417e-07 4.91314e-24 0)
(-3.91417e-07 4.91314e-24 0)
(-3.91417e-07 0 0)
(-3.91417e-07 0 0)
(-3.91417e-07 0 0)
(-3.91417e-07 0 0)
(-3.91417e-07 0 0)
(-3.91417e-07 0 0)
(-3.91417e-07 0 0)
(-3.91417e-07 0 0)
(-3.91417e-07 0 0)
(-3.91417e-07 0 0)
(-3.91417e-07 0 0)
(-3.91417e-07 0 0)
(-3.91417e-07 0 0)
(-3.91417e-07 0 0)
(-3.91417e-07 0 0)
(-3.91417e-07 0 0)
(-3.91417e-07 0 0)
(-3.91417e-07 0 0)
(-3.91417e-07 0 0)
(-3.91417e-07 0 0)
(-3.91417e-07 0 0)
(-3.91417e-07 0 0)
(-3.91417e-07 0 0)
(-3.91417e-07 0 0)
(-3.91417e-07 0 0)
(-3.91417e-07 0 0)
(-3.91417e-07 0 0)
(-3.91417e-07 0 0)
(-3.91417e-07 0 0)
(-3.91417e-07 0 0)
(-3.91417e-07 4.91314e-24 0)
(-3.91417e-07 0 0)
(-3.91417e-07 0 0)
(-3.82728e-07 0 0)
(-3.82728e-07 0 0)
(-3.82728e-07 0 0)
(-3.82728e-07 -4.80437e-24 0)
(-3.82728e-07 0 0)
(-3.82728e-07 0 0)
(-3.82728e-07 0 0)
(-3.82728e-07 -4.80437e-24 0)
(-3.82728e-07 0 0)
(-3.82728e-07 -4.80437e-24 0)
(-3.82728e-07 -4.80437e-24 0)
(-3.82728e-07 0 0)
(-3.82728e-07 -4.80437e-24 0)
(-3.82728e-07 0 0)
(-3.82728e-07 -4.80437e-24 0)
(-3.82728e-07 -4.80437e-24 0)
(-3.82728e-07 -4.80437e-24 0)
(-3.82728e-07 -4.80437e-24 0)
(-3.82728e-07 -4.80437e-24 0)
(-3.82728e-07 -4.80437e-24 0)
(-3.82728e-07 -4.80437e-24 0)
(-3.82728e-07 -4.80437e-24 0)
(-3.82728e-07 -4.80437e-24 0)
(-3.82728e-07 -4.80437e-24 0)
(-3.82728e-07 -4.80437e-24 0)
(-3.82728e-07 -4.80437e-24 0)
(-3.82728e-07 -4.80437e-24 0)
(-3.82728e-07 -4.80437e-24 0)
(-3.82728e-07 0 0)
(-3.82728e-07 -4.80437e-24 0)
(-3.82728e-07 -4.80437e-24 0)
(-3.82728e-07 0 0)
(-3.82728e-07 -4.80437e-24 0)
(-3.82728e-07 0 0)
(-3.82728e-07 -4.80437e-24 0)
(-3.82728e-07 -4.80437e-24 0)
(-3.82728e-07 0 0)
(-3.82728e-07 -4.80437e-24 0)
(-3.82728e-07 0 0)
(-3.82728e-07 -4.80437e-24 0)
(-3.82728e-07 -4.80437e-24 0)
(-3.82728e-07 0 0)
(-3.82728e-07 -4.80437e-24 0)
(-3.82728e-07 0 0)
(-3.82728e-07 -4.80437e-24 0)
(-3.82728e-07 -4.80437e-24 0)
(-3.82728e-07 0 0)
(-3.82728e-07 -4.80437e-24 0)
(-3.82728e-07 0 0)
(-3.82728e-07 -4.80437e-24 0)
(-3.82728e-07 -4.80437e-24 0)
(-3.82728e-07 0 0)
(-3.82728e-07 -4.80437e-24 0)
(-3.82728e-07 0 0)
(-3.82728e-07 -4.80437e-24 0)
(-3.82728e-07 -4.80437e-24 0)
(-3.82728e-07 -4.80437e-24 0)
(-3.82728e-07 -4.80437e-24 0)
(-3.82728e-07 -4.80437e-24 0)
(-3.82728e-07 -4.80437e-24 0)
(-3.74002e-07 0 0)
(-3.74002e-07 -4.69499e-24 0)
(-3.74002e-07 4.69499e-24 0)
(-3.74002e-07 0 0)
(-3.74002e-07 4.69499e-24 0)
(-3.74002e-07 4.69499e-24 0)
(-3.74002e-07 4.69499e-24 0)
(-3.74002e-07 4.69499e-24 0)
(-3.74002e-07 0 0)
(-3.74002e-07 4.69499e-24 0)
(-3.74002e-07 4.69499e-24 0)
(-3.74002e-07 0 0)
(-3.74002e-07 4.69499e-24 0)
(-3.74002e-07 0 0)
(-3.74002e-07 4.69499e-24 0)
(-3.74002e-07 4.69499e-24 0)
(-3.74002e-07 4.69499e-24 0)
(-3.74002e-07 4.69499e-24 0)
(-3.74002e-07 4.69499e-24 0)
(-3.74002e-07 4.69499e-24 0)
(-3.74002e-07 4.69499e-24 0)
(-3.74002e-07 4.69499e-24 0)
(-3.74002e-07 4.69499e-24 0)
(-3.74002e-07 4.69499e-24 0)
(-3.74002e-07 4.69499e-24 0)
(-3.74002e-07 4.69499e-24 0)
(-3.74002e-07 4.69499e-24 0)
(-3.74002e-07 4.69499e-24 0)
(-3.74002e-07 -4.69499e-24 0)
(-3.74002e-07 4.69499e-24 0)
(-3.74002e-07 4.69499e-24 0)
(-3.74002e-07 -4.69499e-24 0)
(-3.74002e-07 4.69499e-24 0)
(-3.74002e-07 -4.69499e-24 0)
(-3.74002e-07 4.69499e-24 0)
(-3.74002e-07 4.69499e-24 0)
(-3.74002e-07 -4.69499e-24 0)
(-3.74002e-07 4.69499e-24 0)
(-3.74002e-07 -4.69499e-24 0)
(-3.74002e-07 4.69499e-24 0)
(-3.74002e-07 4.69499e-24 0)
(-3.74002e-07 -4.69499e-24 0)
(-3.74002e-07 4.69499e-24 0)
(-3.74002e-07 -4.69499e-24 0)
(-3.74002e-07 4.69499e-24 0)
(-3.74002e-07 4.69499e-24 0)
(-3.74002e-07 -4.69499e-24 0)
(-3.74002e-07 4.69499e-24 0)
(-3.74002e-07 -4.69499e-24 0)
(-3.74002e-07 4.69499e-24 0)
(-3.74002e-07 4.69499e-24 0)
(-3.74002e-07 -4.69499e-24 0)
(-3.74002e-07 4.69499e-24 0)
(-3.74002e-07 -4.69499e-24 0)
(-3.74002e-07 4.69499e-24 0)
(-3.74002e-07 4.69499e-24 0)
(-3.74002e-07 4.69499e-24 0)
(-3.74002e-07 -4.69499e-24 0)
(-3.74002e-07 4.69499e-24 0)
(-3.74002e-07 4.69499e-24 0)
(-3.65515e-07 0 0)
(-3.65515e-07 4.58851e-24 0)
(-3.65515e-07 -4.58851e-24 0)
(-3.65515e-07 4.58851e-24 0)
(-3.65515e-07 -4.58851e-24 0)
(-3.65515e-07 -4.58851e-24 0)
(-3.65515e-07 -4.58851e-24 0)
(-3.65515e-07 -4.58851e-24 0)
(-3.65515e-07 0 0)
(-3.65515e-07 -4.58851e-24 0)
(-3.65515e-07 -4.58851e-24 0)
(-3.65515e-07 0 0)
(-3.65515e-07 -4.58851e-24 0)
(-3.65515e-07 0 0)
(-3.65515e-07 0 0)
(-3.65515e-07 -4.58851e-24 0)
(-3.65515e-07 0 0)
(-3.65515e-07 0 0)
(-3.65515e-07 0 0)
(-3.65515e-07 0 0)
(-3.65515e-07 -4.58851e-24 0)
(-3.65515e-07 0 0)
(-3.65515e-07 0 0)
(-3.65515e-07 0 0)
(-3.65515e-07 0 0)
(-3.65515e-07 -4.58851e-24 0)
(-3.65515e-07 0 0)
(-3.65515e-07 0 0)
(-3.65515e-07 4.58851e-24 0)
(-3.65515e-07 0 0)
(-3.65515e-07 0 0)
(-3.65515e-07 4.58851e-24 0)
(-3.65515e-07 0 0)
(-3.65515e-07 4.58851e-24 0)
(-3.65515e-07 0 0)
(-3.65515e-07 0 0)
(-3.65515e-07 4.58851e-24 0)
(-3.65515e-07 0 0)
(-3.65515e-07 4.58851e-24 0)
(-3.65515e-07 0 0)
(-3.65515e-07 0 0)
(-3.65515e-07 4.58851e-24 0)
(-3.65515e-07 0 0)
(-3.65515e-07 4.58851e-24 0)
(-3.65515e-07 0 0)
(-3.65515e-07 0 0)
(-3.65515e-07 4.58851e-24 0)
(-3.65515e-07 0 0)
(-3.65515e-07 4.58851e-24 0)
(-3.65515e-07 0 0)
(-3.65515e-07 0 0)
(-3.65515e-07 4.58851e-24 0)
(-3.65515e-07 0 0)
(-3.65515e-07 4.58851e-24 0)
(-3.65515e-07 0 0)
(-3.65515e-07 0 0)
(-3.65515e-07 0 0)
(-3.65515e-07 9.17702e-24 0)
(-3.65515e-07 0 0)
(-3.65515e-07 0 0)
(-3.57443e-07 -4.48714e-24 0)
(-3.57443e-07 -4.48714e-24 0)
(-3.57443e-07 0 0)
(-3.57443e-07 0 0)
(-3.57443e-07 0 0)
(-3.57443e-07 0 0)
(-3.57443e-07 0 0)
(-3.57443e-07 0 0)
(-3.57443e-07 0 0)
(-3.57443e-07 0 0)
(-3.57443e-07 0 0)
(-3.57443e-07 0 0)
(-3.57443e-07 0 0)
(-3.57443e-07 0 0)
(-3.57443e-07 -4.48714e-24 0)
(-3.57443e-07 0 0)
(-3.57443e-07 -4.48714e-24 0)
(-3.57443e-07 0 0)
(-3.57443e-07 -4.48714e-24 0)
(-3.57443e-07 -4.48714e-24 0)
(-3.57443e-07 0 0)
(-3.57443e-07 -4.48714e-24 0)
(-3.57443e-07 0 0)
(-3.57443e-07 -4.48714e-24 0)
(-3.57443e-07 -4.48714e-24 0)
(-3.57443e-07 0 0)
(-3.57443e-07 -4.48714e-24 0)
(-3.57443e-07 0 0)
(-3.57443e-07 -4.48714e-24 0)
(-3.57443e-07 0 0)
(-3.57443e-07 0 0)
(-3.57443e-07 -4.48714e-24 0)
(-3.57443e-07 0 0)
(-3.57443e-07 -4.48714e-24 0)
(-3.57443e-07 0 0)
(-3.57443e-07 0 0)
(-3.57443e-07 -4.48714e-24 0)
(-3.57443e-07 0 0)
(-3.57443e-07 -4.48714e-24 0)
(-3.57443e-07 0 0)
(-3.57443e-07 0 0)
(-3.57443e-07 -4.48714e-24 0)
(-3.57443e-07 0 0)
(-3.57443e-07 -4.48714e-24 0)
(-3.57443e-07 0 0)
(-3.57443e-07 0 0)
(-3.57443e-07 -4.48714e-24 0)
(-3.57443e-07 0 0)
(-3.57443e-07 -4.48714e-24 0)
(-3.57443e-07 0 0)
(-3.57443e-07 0 0)
(-3.57443e-07 -4.48714e-24 0)
(-3.57443e-07 0 0)
(-3.57443e-07 -4.48714e-24 0)
(-3.57443e-07 -4.48714e-24 0)
(-3.57443e-07 0 0)
(-3.57443e-07 -4.48714e-24 0)
(-3.57443e-07 -4.48714e-24 0)
(-3.57443e-07 -4.48714e-24 0)
(-3.57443e-07 -4.48714e-24 0)
(-3.49854e-07 4.39179e-24 0)
(-3.49854e-07 0 0)
(-3.49854e-07 0 0)
(-3.49854e-07 -4.39179e-24 0)
(-3.49854e-07 4.39179e-24 0)
(-3.49854e-07 0 0)
(-3.49854e-07 4.39179e-24 0)
(-3.49854e-07 0 0)
(-3.49854e-07 0 0)
(-3.49854e-07 0 0)
(-3.49854e-07 4.39179e-24 0)
(-3.49854e-07 0 0)
(-3.49854e-07 0 0)
(-3.49854e-07 0 0)
(-3.49854e-07 0 0)
(-3.49854e-07 4.39179e-24 0)
(-3.49854e-07 0 0)
(-3.49854e-07 0 0)
(-3.49854e-07 0 0)
(-3.49854e-07 0 0)
(-3.49854e-07 4.39179e-24 0)
(-3.49854e-07 0 0)
(-3.49854e-07 0 0)
(-3.49854e-07 0 0)
(-3.49854e-07 0 0)
(-3.49854e-07 4.39179e-24 0)
(-3.49854e-07 0 0)
(-3.49854e-07 0 0)
(-3.49854e-07 0 0)
(-3.49854e-07 0 0)
(-3.49854e-07 0 0)
(-3.49854e-07 0 0)
(-3.49854e-07 0 0)
(-3.49854e-07 0 0)
(-3.49854e-07 0 0)
(-3.49854e-07 0 0)
(-3.49854e-07 0 0)
(-3.49854e-07 0 0)
(-3.49854e-07 0 0)
(-3.49854e-07 0 0)
(-3.49854e-07 -4.39179e-24 0)
(-3.49854e-07 0 0)
(-3.49854e-07 0 0)
(-3.49854e-07 0 0)
(-3.49854e-07 0 0)
(-3.49854e-07 -4.39179e-24 0)
(-3.49854e-07 0 0)
(-3.49854e-07 0 0)
(-3.49854e-07 0 0)
(-3.49854e-07 0 0)
(-3.49854e-07 -4.39179e-24 0)
(-3.49854e-07 0 0)
(-3.49854e-07 0 0)
(-3.49854e-07 0 0)
(-3.49854e-07 0 0)
(-3.49854e-07 -4.39179e-24 0)
(-3.49854e-07 0 0)
(-3.49854e-07 0 0)
(-3.49854e-07 0 0)
(-3.49854e-07 0 0)
(-3.42711e-07 -4.30204e-24 0)
(-3.42711e-07 0 0)
(-3.42711e-07 0 0)
(-3.42711e-07 4.30204e-24 0)
(-3.42711e-07 -4.30204e-24 0)
(-3.42711e-07 0 0)
(-3.42711e-07 -4.30204e-24 0)
(-3.42711e-07 0 0)
(-3.42711e-07 4.30204e-24 0)
(-3.42711e-07 0 0)
(-3.42711e-07 -4.30204e-24 0)
(-3.42711e-07 4.30204e-24 0)
(-3.42711e-07 0 0)
(-3.42711e-07 4.30204e-24 0)
(-3.42711e-07 0 0)
(-3.42711e-07 -4.30204e-24 0)
(-3.42711e-07 0 0)
(-3.42711e-07 -4.30204e-24 0)
(-3.42711e-07 0 0)
(-3.42711e-07 0 0)
(-3.42711e-07 -4.30204e-24 0)
(-3.42711e-07 0 0)
(-3.42711e-07 -4.30204e-24 0)
(-3.42711e-07 0 0)
(-3.42711e-07 0 0)
(-3.42711e-07 -4.30204e-24 0)
(-3.42711e-07 0 0)
(-3.42711e-07 -4.30204e-24 0)
(-3.42711e-07 0 0)
(-3.42711e-07 -4.30204e-24 0)
(-3.42711e-07 -4.30204e-24 0)
(-3.42711e-07 0 0)
(-3.42711e-07 -4.30204e-24 0)
(-3.42711e-07 0 0)
(-3.42711e-07 -4.30204e-24 0)
(-3.42711e-07 -4.30204e-24 0)
(-3.42711e-07 0 0)
(-3.42711e-07 -4.30204e-24 0)
(-3.42711e-07 0 0)
(-3.42711e-07 -4.30204e-24 0)
(-3.42711e-07 0 0)
(-3.42711e-07 0 0)
(-3.42711e-07 -4.30204e-24 0)
(-3.42711e-07 0 0)
(-3.42711e-07 -4.30204e-24 0)
(-3.42711e-07 0 0)
(-3.42711e-07 0 0)
(-3.42711e-07 -4.30204e-24 0)
(-3.42711e-07 0 0)
(-3.42711e-07 -4.30204e-24 0)
(-3.42711e-07 0 0)
(-3.42711e-07 0 0)
(-3.42711e-07 -4.30204e-24 0)
(-3.42711e-07 0 0)
(-3.42711e-07 0 0)
(-3.42711e-07 0 0)
(-3.42711e-07 0 0)
(-3.42711e-07 0 0)
(-3.42711e-07 0 0)
(-3.42711e-07 0 0)
(-3.35946e-07 4.21704e-24 0)
(-3.35946e-07 4.21704e-24 0)
(-3.35946e-07 4.21704e-24 0)
(-3.35946e-07 -4.21704e-24 0)
(-3.35946e-07 4.21704e-24 0)
(-3.35946e-07 4.21704e-24 0)
(-3.35946e-07 4.21704e-24 0)
(-3.35946e-07 0 0)
(-3.35946e-07 4.21704e-24 0)
(-3.35946e-07 0 0)
(-3.35946e-07 0 0)
(-3.35946e-07 4.21704e-24 0)
(-3.35946e-07 0 0)
(-3.35946e-07 4.21704e-24 0)
(-3.35946e-07 0 0)
(-3.35946e-07 0 0)
(-3.35946e-07 0 0)
(-3.35946e-07 0 0)
(-3.35946e-07 0 0)
(-3.35946e-07 0 0)
(-3.35946e-07 0 0)
(-3.35946e-07 0 0)
(-3.35946e-07 0 0)
(-3.35946e-07 0 0)
(-3.35946e-07 0 0)
(-3.35946e-07 0 0)
(-3.35946e-07 0 0)
(-3.35946e-07 0 0)
(-3.35946e-07 0 0)
(-3.35946e-07 0 0)
(-3.35946e-07 0 0)
(-3.35946e-07 0 0)
(-3.35946e-07 0 0)
(-3.35946e-07 0 0)
(-3.35946e-07 0 0)
(-3.35946e-07 0 0)
(-3.35946e-07 0 0)
(-3.35946e-07 0 0)
(-3.35946e-07 0 0)
(-3.35946e-07 0 0)
(-3.35946e-07 0 0)
(-3.35946e-07 0 0)
(-3.35946e-07 0 0)
(-3.35946e-07 0 0)
(-3.35946e-07 0 0)
(-3.35946e-07 0 0)
(-3.35946e-07 0 0)
(-3.35946e-07 0 0)
(-3.35946e-07 0 0)
(-3.35946e-07 0 0)
(-3.35946e-07 0 0)
(-3.35946e-07 0 0)
(-3.35946e-07 0 0)
(-3.35946e-07 0 0)
(-3.35946e-07 0 0)
(-3.35946e-07 0 0)
(-3.35946e-07 0 0)
(-3.35946e-07 0 0)
(-3.35946e-07 0 0)
(-3.35946e-07 0 0)
(-3.29505e-07 0 0)
(-3.29505e-07 0 0)
(-3.29505e-07 -4.13612e-24 0)
(-3.29505e-07 0 0)
(-3.29505e-07 -4.13612e-24 0)
(-3.29505e-07 -4.13612e-24 0)
(-3.29505e-07 -4.13612e-24 0)
(-3.29505e-07 0 0)
(-3.29505e-07 -4.13612e-24 0)
(-3.29505e-07 0 0)
(-3.29505e-07 0 0)
(-3.29505e-07 -4.13612e-24 0)
(-3.29505e-07 0 0)
(-3.29505e-07 -4.13612e-24 0)
(-3.29505e-07 0 0)
(-3.29505e-07 0 0)
(-3.29505e-07 0 0)
(-3.29505e-07 4.13612e-24 0)
(-3.29505e-07 0 0)
(-3.29505e-07 0 0)
(-3.29505e-07 0 0)
(-3.29505e-07 0 0)
(-3.29505e-07 4.13612e-24 0)
(-3.29505e-07 0 0)
(-3.29505e-07 0 0)
(-3.29505e-07 0 0)
(-3.29505e-07 0 0)
(-3.29505e-07 4.13612e-24 0)
(-3.29505e-07 4.13612e-24 0)
(-3.29505e-07 4.13612e-24 0)
(-3.29505e-07 4.13612e-24 0)
(-3.29505e-07 4.13612e-24 0)
(-3.29505e-07 4.13612e-24 0)
(-3.29505e-07 4.13612e-24 0)
(-3.29505e-07 4.13612e-24 0)
(-3.29505e-07 4.13612e-24 0)
(-3.29505e-07 4.13612e-24 0)
(-3.29505e-07 4.13612e-24 0)
(-3.29505e-07 4.13612e-24 0)
(-3.29505e-07 4.13612e-24 0)
(-3.29505e-07 4.13612e-24 0)
(-3.29505e-07 4.13612e-24 0)
(-3.29505e-07 4.13612e-24 0)
(-3.29505e-07 4.13612e-24 0)
(-3.29505e-07 4.13612e-24 0)
(-3.29505e-07 4.13612e-24 0)
(-3.29505e-07 4.13612e-24 0)
(-3.29505e-07 4.13612e-24 0)
(-3.29505e-07 4.13612e-24 0)
(-3.29505e-07 4.13612e-24 0)
(-3.29505e-07 4.13612e-24 0)
(-3.29505e-07 4.13612e-24 0)
(-3.29505e-07 4.13612e-24 0)
(-3.29505e-07 4.13612e-24 0)
(-3.29505e-07 4.13612e-24 0)
(-3.29505e-07 4.13612e-24 0)
(-3.29505e-07 4.13612e-24 0)
(-3.29505e-07 0 0)
(-3.29505e-07 4.13612e-24 0)
(-3.29505e-07 4.13612e-24 0)
(-3.2334e-07 0 0)
(-3.2334e-07 0 0)
(-3.2334e-07 4.05866e-24 0)
(-3.2334e-07 0 0)
(-3.2334e-07 4.05866e-24 0)
(-3.2334e-07 4.05866e-24 0)
(-3.2334e-07 4.05866e-24 0)
(-3.2334e-07 0 0)
(-3.2334e-07 4.05866e-24 0)
(-3.2334e-07 0 0)
(-3.2334e-07 0 0)
(-3.2334e-07 4.05866e-24 0)
(-3.2334e-07 0 0)
(-3.2334e-07 4.05866e-24 0)
(-3.2334e-07 0 0)
(-3.2334e-07 0 0)
(-3.2334e-07 0 0)
(-3.2334e-07 -4.05866e-24 0)
(-3.2334e-07 0 0)
(-3.2334e-07 0 0)
(-3.2334e-07 0 0)
(-3.2334e-07 0 0)
(-3.2334e-07 -4.05866e-24 0)
(-3.2334e-07 0 0)
(-3.2334e-07 0 0)
(-3.2334e-07 0 0)
(-3.2334e-07 0 0)
(-3.2334e-07 -4.05866e-24 0)
(-3.2334e-07 0 0)
(-3.2334e-07 -4.05866e-24 0)
(-3.2334e-07 -4.05866e-24 0)
(-3.2334e-07 0 0)
(-3.2334e-07 -4.05866e-24 0)
(-3.2334e-07 0 0)
(-3.2334e-07 -4.05866e-24 0)
(-3.2334e-07 -4.05866e-24 0)
(-3.2334e-07 0 0)
(-3.2334e-07 -4.05866e-24 0)
(-3.2334e-07 0 0)
(-3.2334e-07 -4.05866e-24 0)
(-3.2334e-07 -4.05866e-24 0)
(-3.2334e-07 0 0)
(-3.2334e-07 -4.05866e-24 0)
(-3.2334e-07 0 0)
(-3.2334e-07 -4.05866e-24 0)
(-3.2334e-07 -4.05866e-24 0)
(-3.2334e-07 0 0)
(-3.2334e-07 -4.05866e-24 0)
(-3.2334e-07 0 0)
(-3.2334e-07 -4.05866e-24 0)
(-3.2334e-07 -4.05866e-24 0)
(-3.2334e-07 0 0)
(-3.2334e-07 -4.05866e-24 0)
(-3.2334e-07 0 0)
(-3.2334e-07 -4.05866e-24 0)
(-3.2334e-07 -4.05866e-24 0)
(-3.2334e-07 -4.05866e-24 0)
(-3.2334e-07 -4.05866e-24 0)
(-3.2334e-07 -4.05866e-24 0)
(-3.2334e-07 -4.05866e-24 0)
(-3.17416e-07 0 0)
(-3.17416e-07 0 0)
(-3.17416e-07 -3.98424e-24 0)
(-3.17416e-07 -3.98424e-24 0)
(-3.17416e-07 -3.98424e-24 0)
(-3.17416e-07 -3.98424e-24 0)
(-3.17416e-07 -3.98424e-24 0)
(-3.17416e-07 -3.98424e-24 0)
(-3.17416e-07 -3.98424e-24 0)
(-3.17416e-07 -3.98424e-24 0)
(-3.17416e-07 -3.98424e-24 0)
(-3.17416e-07 -3.98424e-24 0)
(-3.17416e-07 -3.98424e-24 0)
(-3.17416e-07 -3.98424e-24 0)
(-3.17416e-07 -3.98424e-24 0)
(-3.17416e-07 -3.98424e-24 0)
(-3.17416e-07 -3.98424e-24 0)
(-3.17416e-07 3.98424e-24 0)
(-3.17416e-07 -3.98424e-24 0)
(-3.17416e-07 -3.98424e-24 0)
(-3.17416e-07 -3.98424e-24 0)
(-3.17416e-07 -3.98424e-24 0)
(-3.17416e-07 3.98424e-24 0)
(-3.17416e-07 -3.98424e-24 0)
(-3.17416e-07 -3.98424e-24 0)
(-3.17416e-07 -3.98424e-24 0)
(-3.17416e-07 -3.98424e-24 0)
(-3.17416e-07 3.98424e-24 0)
(-3.17416e-07 0 0)
(-3.17416e-07 3.98424e-24 0)
(-3.17416e-07 3.98424e-24 0)
(-3.17416e-07 0 0)
(-3.17416e-07 3.98424e-24 0)
(-3.17416e-07 0 0)
(-3.17416e-07 3.98424e-24 0)
(-3.17416e-07 3.98424e-24 0)
(-3.17416e-07 0 0)
(-3.17416e-07 3.98424e-24 0)
(-3.17416e-07 0 0)
(-3.17416e-07 3.98424e-24 0)
(-3.17416e-07 3.98424e-24 0)
(-3.17416e-07 0 0)
(-3.17416e-07 3.98424e-24 0)
(-3.17416e-07 0 0)
(-3.17416e-07 3.98424e-24 0)
(-3.17416e-07 3.98424e-24 0)
(-3.17416e-07 0 0)
(-3.17416e-07 3.98424e-24 0)
(-3.17416e-07 0 0)
(-3.17416e-07 3.98424e-24 0)
(-3.17416e-07 3.98424e-24 0)
(-3.17416e-07 0 0)
(-3.17416e-07 3.98424e-24 0)
(-3.17416e-07 0 0)
(-3.17416e-07 0 0)
(-3.17416e-07 3.98424e-24 0)
(-3.17416e-07 0 0)
(-3.17416e-07 0 0)
(-3.17416e-07 0 0)
(-3.17416e-07 0 0)
(-3.11734e-07 0 0)
(-3.11734e-07 0 0)
(-3.11734e-07 3.91284e-24 0)
(-3.11734e-07 3.91284e-24 0)
(-3.11734e-07 3.91284e-24 0)
(-3.11734e-07 3.91284e-24 0)
(-3.11734e-07 3.91284e-24 0)
(-3.11734e-07 3.91284e-24 0)
(-3.11734e-07 3.91284e-24 0)
(-3.11734e-07 3.91284e-24 0)
(-3.11734e-07 0 0)
(-3.11734e-07 3.91284e-24 0)
(-3.11734e-07 3.91284e-24 0)
(-3.11734e-07 3.91284e-24 0)
(-3.11734e-07 3.91284e-24 0)
(-3.11734e-07 0 0)
(-3.11734e-07 3.91284e-24 0)
(-3.11734e-07 0 0)
(-3.11734e-07 3.91284e-24 0)
(-3.11734e-07 3.91284e-24 0)
(-3.11734e-07 0 0)
(-3.11734e-07 3.91284e-24 0)
(-3.11734e-07 0 0)
(-3.11734e-07 3.91284e-24 0)
(-3.11734e-07 3.91284e-24 0)
(-3.11734e-07 0 0)
(-3.11734e-07 3.91284e-24 0)
(-3.11734e-07 0 0)
(-3.11734e-07 0 0)
(-3.11734e-07 0 0)
(-3.11734e-07 0 0)
(-3.11734e-07 0 0)
(-3.11734e-07 0 0)
(-3.11734e-07 0 0)
(-3.11734e-07 0 0)
(-3.11734e-07 0 0)
(-3.11734e-07 0 0)
(-3.11734e-07 0 0)
(-3.11734e-07 0 0)
(-3.11734e-07 0 0)
(-3.11734e-07 0 0)
(-3.11734e-07 0 0)
(-3.11734e-07 0 0)
(-3.11734e-07 0 0)
(-3.11734e-07 0 0)
(-3.11734e-07 0 0)
(-3.11734e-07 0 0)
(-3.11734e-07 0 0)
(-3.11734e-07 0 0)
(-3.11734e-07 0 0)
(-3.11734e-07 0 0)
(-3.11734e-07 0 0)
(-3.11734e-07 0 0)
(-3.11734e-07 0 0)
(-3.11734e-07 3.91284e-24 0)
(-3.11734e-07 0 0)
(-3.11734e-07 3.91284e-24 0)
(-3.11734e-07 0 0)
(-3.11734e-07 3.91284e-24 0)
(-3.11734e-07 3.91284e-24 0)
(-3.06334e-07 0 0)
(-3.06334e-07 0 0)
(-3.06334e-07 0 0)
(-3.06334e-07 -3.84495e-24 0)
(-3.06334e-07 0 0)
(-3.06334e-07 0 0)
(-3.06334e-07 0 0)
(-3.06334e-07 -3.84495e-24 0)
(-3.06334e-07 0 0)
(-3.06334e-07 -3.84495e-24 0)
(-3.06334e-07 0 0)
(-3.06334e-07 0 0)
(-3.06334e-07 -3.84495e-24 0)
(-3.06334e-07 0 0)
(-3.06334e-07 0 0)
(-3.06334e-07 0 0)
(-3.06334e-07 0 0)
(-3.06334e-07 0 0)
(-3.06334e-07 0 0)
(-3.06334e-07 0 0)
(-3.06334e-07 0 0)
(-3.06334e-07 0 0)
(-3.06334e-07 0 0)
(-3.06334e-07 0 0)
(-3.06334e-07 0 0)
(-3.06334e-07 0 0)
(-3.06334e-07 0 0)
(-3.06334e-07 0 0)
(-3.06334e-07 0 0)
(-3.06334e-07 0 0)
(-3.06334e-07 0 0)
(-3.06334e-07 0 0)
(-3.06334e-07 0 0)
(-3.06334e-07 0 0)
(-3.06334e-07 0 0)
(-3.06334e-07 0 0)
(-3.06334e-07 0 0)
(-3.06334e-07 0 0)
(-3.06334e-07 0 0)
(-3.06334e-07 0 0)
(-3.06334e-07 -3.84495e-24 0)
(-3.06334e-07 0 0)
(-3.06334e-07 0 0)
(-3.06334e-07 0 0)
(-3.06334e-07 0 0)
(-3.06334e-07 -3.84495e-24 0)
(-3.06334e-07 0 0)
(-3.06334e-07 0 0)
(-3.06334e-07 0 0)
(-3.06334e-07 0 0)
(-3.06334e-07 -3.84495e-24 0)
(-3.06334e-07 0 0)
(-3.06334e-07 0 0)
(-3.06334e-07 0 0)
(-3.06334e-07 0 0)
(-3.06334e-07 -3.84495e-24 0)
(-3.06334e-07 0 0)
(-3.06334e-07 0 0)
(-3.06334e-07 0 0)
(-3.06334e-07 0 0)
(-3.01265e-07 0 0)
(-3.01265e-07 0 0)
(-3.01265e-07 -3.78118e-24 0)
(-3.01265e-07 0 0)
(-3.01265e-07 -3.78118e-24 0)
(-3.01265e-07 -3.78118e-24 0)
(-3.01265e-07 -3.78118e-24 0)
(-3.01265e-07 0 0)
(-3.01265e-07 -3.78118e-24 0)
(-3.01265e-07 0 0)
(-3.01265e-07 0 0)
(-3.01265e-07 -3.78118e-24 0)
(-3.01265e-07 0 0)
(-3.01265e-07 -3.78118e-24 0)
(-3.01265e-07 -3.78118e-24 0)
(-3.01265e-07 0 0)
(-3.01265e-07 -3.78118e-24 0)
(-3.01265e-07 -3.78118e-24 0)
(-3.01265e-07 -3.78118e-24 0)
(-3.01265e-07 -3.78118e-24 0)
(-3.01265e-07 0 0)
(-3.01265e-07 -3.78118e-24 0)
(-3.01265e-07 -3.78118e-24 0)
(-3.01265e-07 -3.78118e-24 0)
(-3.01265e-07 -3.78118e-24 0)
(-3.01265e-07 0 0)
(-3.01265e-07 -3.78118e-24 0)
(-3.01265e-07 -3.78118e-24 0)
(-3.01265e-07 3.78118e-24 0)
(-3.01265e-07 -3.78118e-24 0)
(-3.01265e-07 -3.78118e-24 0)
(-3.01265e-07 3.78118e-24 0)
(-3.01265e-07 -3.78118e-24 0)
(-3.01265e-07 3.78118e-24 0)
(-3.01265e-07 -3.78118e-24 0)
(-3.01265e-07 -3.78118e-24 0)
(-3.01265e-07 3.78118e-24 0)
(-3.01265e-07 -3.78118e-24 0)
(-3.01265e-07 3.78118e-24 0)
(-3.01265e-07 -3.78118e-24 0)
(-3.01265e-07 0 0)
(-3.01265e-07 3.78118e-24 0)
(-3.01265e-07 -3.78118e-24 0)
(-3.01265e-07 3.78118e-24 0)
(-3.01265e-07 -3.78118e-24 0)
(-3.01265e-07 0 0)
(-3.01265e-07 3.78118e-24 0)
(-3.01265e-07 -3.78118e-24 0)
(-3.01265e-07 3.78118e-24 0)
(-3.01265e-07 -3.78118e-24 0)
(-3.01265e-07 0 0)
(-3.01265e-07 3.78118e-24 0)
(-3.01265e-07 -3.78118e-24 0)
(-3.01265e-07 3.78118e-24 0)
(-3.01265e-07 0 0)
(-3.01265e-07 0 0)
(-3.01265e-07 0 0)
(-3.01265e-07 3.78118e-24 0)
(-3.01265e-07 0 0)
(-3.01265e-07 0 0)
(-2.9658e-07 0 0)
(-2.9658e-07 0 0)
(-2.9658e-07 0 0)
(-2.9658e-07 0 0)
(-2.9658e-07 0 0)
(-2.9658e-07 0 0)
(-2.9658e-07 0 0)
(-2.9658e-07 0 0)
(-2.9658e-07 3.72222e-24 0)
(-2.9658e-07 0 0)
(-2.9658e-07 3.72222e-24 0)
(-2.9658e-07 3.72222e-24 0)
(-2.9658e-07 0 0)
(-2.9658e-07 3.72222e-24 0)
(-2.9658e-07 3.72222e-24 0)
(-2.9658e-07 3.72222e-24 0)
(-2.9658e-07 3.72222e-24 0)
(-2.9658e-07 3.72222e-24 0)
(-2.9658e-07 3.72222e-24 0)
(-2.9658e-07 3.72222e-24 0)
(-2.9658e-07 3.72222e-24 0)
(-2.9658e-07 3.72222e-24 0)
(-2.9658e-07 3.72222e-24 0)
(-2.9658e-07 3.72222e-24 0)
(-2.9658e-07 3.72222e-24 0)
(-2.9658e-07 3.72222e-24 0)
(-2.9658e-07 3.72222e-24 0)
(-2.9658e-07 3.72222e-24 0)
(-2.9658e-07 -7.44443e-24 0)
(-2.9658e-07 3.72222e-24 0)
(-2.9658e-07 3.72222e-24 0)
(-2.9658e-07 -7.44443e-24 0)
(-2.9658e-07 3.72222e-24 0)
(-2.9658e-07 -7.44443e-24 0)
(-2.9658e-07 3.72222e-24 0)
(-2.9658e-07 3.72222e-24 0)
(-2.9658e-07 -7.44443e-24 0)
(-2.9658e-07 3.72222e-24 0)
(-2.9658e-07 -7.44443e-24 0)
(-2.9658e-07 3.72222e-24 0)
(-2.9658e-07 -3.72222e-24 0)
(-2.9658e-07 -7.44443e-24 0)
(-2.9658e-07 3.72222e-24 0)
(-2.9658e-07 -7.44443e-24 0)
(-2.9658e-07 3.72222e-24 0)
(-2.9658e-07 -3.72222e-24 0)
(-2.9658e-07 -7.44443e-24 0)
(-2.9658e-07 3.72222e-24 0)
(-2.9658e-07 -7.44443e-24 0)
(-2.9658e-07 3.72222e-24 0)
(-2.9658e-07 -3.72222e-24 0)
(-2.9658e-07 -7.44443e-24 0)
(-2.9658e-07 3.72222e-24 0)
(-2.9658e-07 -7.44443e-24 0)
(-2.9658e-07 0 0)
(-2.9658e-07 -3.72222e-24 0)
(-2.9658e-07 0 0)
(-2.9658e-07 -3.72222e-24 0)
(-2.9658e-07 0 0)
(-2.9658e-07 0 0)
(-2.9234e-07 0 0)
(-2.9234e-07 0 0)
(-2.9234e-07 3.66881e-24 0)
(-2.9234e-07 0 0)
(-2.9234e-07 3.66881e-24 0)
(-2.9234e-07 3.66881e-24 0)
(-2.9234e-07 3.66881e-24 0)
(-2.9234e-07 3.66881e-24 0)
(-2.9234e-07 3.66881e-24 0)
(-2.9234e-07 3.66881e-24 0)
(-2.9234e-07 0 0)
(-2.9234e-07 3.66881e-24 0)
(-2.9234e-07 3.66881e-24 0)
(-2.9234e-07 3.66881e-24 0)
(-2.9234e-07 -3.66881e-24 0)
(-2.9234e-07 0 0)
(-2.9234e-07 -3.66881e-24 0)
(-2.9234e-07 -7.33762e-24 0)
(-2.9234e-07 -3.66881e-24 0)
(-2.9234e-07 -3.66881e-24 0)
(-2.9234e-07 0 0)
(-2.9234e-07 -3.66881e-24 0)
(-2.9234e-07 -7.33762e-24 0)
(-2.9234e-07 -3.66881e-24 0)
(-2.9234e-07 -3.66881e-24 0)
(-2.9234e-07 0 0)
(-2.9234e-07 -3.66881e-24 0)
(-2.9234e-07 -7.33762e-24 0)
(-2.9234e-07 7.33762e-24 0)
(-2.9234e-07 -7.33762e-24 0)
(-2.9234e-07 -7.33762e-24 0)
(-2.9234e-07 7.33762e-24 0)
(-2.9234e-07 -7.33762e-24 0)
(-2.9234e-07 7.33762e-24 0)
(-2.9234e-07 -7.33762e-24 0)
(-2.9234e-07 -7.33762e-24 0)
(-2.9234e-07 7.33762e-24 0)
(-2.9234e-07 -7.33762e-24 0)
(-2.9234e-07 7.33762e-24 0)
(-2.9234e-07 -7.33762e-24 0)
(-2.9234e-07 3.66881e-24 0)
(-2.9234e-07 7.33762e-24 0)
(-2.9234e-07 -7.33762e-24 0)
(-2.9234e-07 7.33762e-24 0)
(-2.9234e-07 -7.33762e-24 0)
(-2.9234e-07 3.66881e-24 0)
(-2.9234e-07 7.33762e-24 0)
(-2.9234e-07 -7.33762e-24 0)
(-2.9234e-07 7.33762e-24 0)
(-2.9234e-07 -7.33762e-24 0)
(-2.9234e-07 3.66881e-24 0)
(-2.9234e-07 7.33762e-24 0)
(-2.9234e-07 -7.33762e-24 0)
(-2.9234e-07 7.33762e-24 0)
(-2.9234e-07 -3.66881e-24 0)
(-2.9234e-07 3.66881e-24 0)
(-2.9234e-07 -3.66881e-24 0)
(-2.9234e-07 3.66881e-24 0)
(-2.9234e-07 -3.66881e-24 0)
(-2.9234e-07 -3.66881e-24 0)
(-2.88603e-07 -3.6217e-24 0)
(-2.88603e-07 -3.6217e-24 0)
(-2.88603e-07 -3.6217e-24 0)
(-2.88603e-07 -3.6217e-24 0)
(-2.88603e-07 -3.6217e-24 0)
(-2.88603e-07 0 0)
(-2.88603e-07 -3.6217e-24 0)
(-2.88603e-07 -3.6217e-24 0)
(-2.88603e-07 -7.2434e-24 0)
(-2.88603e-07 -3.6217e-24 0)
(-2.88603e-07 -3.6217e-24 0)
(-2.88603e-07 -7.2434e-24 0)
(-2.88603e-07 -3.6217e-24 0)
(-2.88603e-07 -7.2434e-24 0)
(-2.88603e-07 0 0)
(-2.88603e-07 -3.6217e-24 0)
(-2.88603e-07 0 0)
(-2.88603e-07 7.2434e-24 0)
(-2.88603e-07 0 0)
(-2.88603e-07 0 0)
(-2.88603e-07 -3.6217e-24 0)
(-2.88603e-07 0 0)
(-2.88603e-07 7.2434e-24 0)
(-2.88603e-07 0 0)
(-2.88603e-07 0 0)
(-2.88603e-07 -3.6217e-24 0)
(-2.88603e-07 0 0)
(-2.88603e-07 7.2434e-24 0)
(-2.88603e-07 0 0)
(-2.88603e-07 7.2434e-24 0)
(-2.88603e-07 7.2434e-24 0)
(-2.88603e-07 0 0)
(-2.88603e-07 7.2434e-24 0)
(-2.88603e-07 0 0)
(-2.88603e-07 7.2434e-24 0)
(-2.88603e-07 7.2434e-24 0)
(-2.88603e-07 0 0)
(-2.88603e-07 7.2434e-24 0)
(-2.88603e-07 0 0)
(-2.88603e-07 7.2434e-24 0)
(-2.88603e-07 0 0)
(-2.88603e-07 0 0)
(-2.88603e-07 7.2434e-24 0)
(-2.88603e-07 0 0)
(-2.88603e-07 7.2434e-24 0)
(-2.88603e-07 0 0)
(-2.88603e-07 0 0)
(-2.88603e-07 7.2434e-24 0)
(-2.88603e-07 0 0)
(-2.88603e-07 7.2434e-24 0)
(-2.88603e-07 0 0)
(-2.88603e-07 0 0)
(-2.88603e-07 7.2434e-24 0)
(-2.88603e-07 0 0)
(-2.88603e-07 -3.6217e-24 0)
(-2.88603e-07 -3.6217e-24 0)
(-2.88603e-07 -3.6217e-24 0)
(-2.88603e-07 0 0)
(-2.88603e-07 -3.6217e-24 0)
(-2.88603e-07 -3.6217e-24 0)
(-2.85404e-07 0 0)
(-2.85404e-07 0 0)
(-2.85404e-07 -3.58133e-24 0)
(-2.85404e-07 3.58133e-24 0)
(-2.85404e-07 -3.58133e-24 0)
(-2.85404e-07 -7.16267e-24 0)
(-2.85404e-07 -3.58133e-24 0)
(-2.85404e-07 0 0)
(-2.85404e-07 0 0)
(-2.85404e-07 0 0)
(-2.85404e-07 0 0)
(-2.85404e-07 0 0)
(-2.85404e-07 0 0)
(-2.85404e-07 0 0)
(-2.85404e-07 0 0)
(-2.85404e-07 0 0)
(-2.85404e-07 0 0)
(-2.85404e-07 -3.58133e-24 0)
(-2.85404e-07 0 0)
(-2.85404e-07 0 0)
(-2.85404e-07 0 0)
(-2.85404e-07 0 0)
(-2.85404e-07 -3.58133e-24 0)
(-2.85404e-07 0 0)
(-2.85404e-07 0 0)
(-2.85404e-07 0 0)
(-2.85404e-07 0 0)
(-2.85404e-07 -3.58133e-24 0)
(-2.85404e-07 -3.58133e-24 0)
(-2.85404e-07 -3.58133e-24 0)
(-2.85404e-07 -3.58133e-24 0)
(-2.85404e-07 -3.58133e-24 0)
(-2.85404e-07 -3.58133e-24 0)
(-2.85404e-07 -3.58133e-24 0)
(-2.85404e-07 -3.58133e-24 0)
(-2.85404e-07 -3.58133e-24 0)
(-2.85404e-07 -3.58133e-24 0)
(-2.85404e-07 -3.58133e-24 0)
(-2.85404e-07 -3.58133e-24 0)
(-2.85404e-07 -3.58133e-24 0)
(-2.85404e-07 0 0)
(-2.85404e-07 -3.58133e-24 0)
(-2.85404e-07 -3.58133e-24 0)
(-2.85404e-07 -3.58133e-24 0)
(-2.85404e-07 -3.58133e-24 0)
(-2.85404e-07 0 0)
(-2.85404e-07 -3.58133e-24 0)
(-2.85404e-07 -3.58133e-24 0)
(-2.85404e-07 -3.58133e-24 0)
(-2.85404e-07 -3.58133e-24 0)
(-2.85404e-07 0 0)
(-2.85404e-07 -3.58133e-24 0)
(-2.85404e-07 -3.58133e-24 0)
(-2.85404e-07 -3.58133e-24 0)
(-2.85404e-07 0 0)
(-2.85404e-07 0 0)
(-2.85404e-07 0 0)
(-2.85404e-07 0 0)
(-2.85404e-07 0 0)
(-2.85404e-07 0 0)
(-2.82765e-07 -3.54801e-24 0)
(-2.82765e-07 -3.54801e-24 0)
(-2.82765e-07 3.54801e-24 0)
(-2.82765e-07 -7.09602e-24 0)
(-2.82765e-07 -3.54801e-24 0)
(-2.82765e-07 -3.54801e-24 0)
(-2.82765e-07 -3.54801e-24 0)
(-2.82765e-07 0 0)
(-2.82765e-07 -3.54801e-24 0)
(-2.82765e-07 0 0)
(-2.82765e-07 0 0)
(-2.82765e-07 -3.54801e-24 0)
(-2.82765e-07 0 0)
(-2.82765e-07 -3.54801e-24 0)
(-2.82765e-07 0 0)
(-2.82765e-07 0 0)
(-2.82765e-07 0 0)
(-2.82765e-07 3.54801e-24 0)
(-2.82765e-07 0 0)
(-2.82765e-07 0 0)
(-2.82765e-07 0 0)
(-2.82765e-07 0 0)
(-2.82765e-07 3.54801e-24 0)
(-2.82765e-07 0 0)
(-2.82765e-07 0 0)
(-2.82765e-07 0 0)
(-2.82765e-07 0 0)
(-2.82765e-07 3.54801e-24 0)
(-2.82765e-07 -3.54801e-24 0)
(-2.82765e-07 3.54801e-24 0)
(-2.82765e-07 3.54801e-24 0)
(-2.82765e-07 -3.54801e-24 0)
(-2.82765e-07 3.54801e-24 0)
(-2.82765e-07 -3.54801e-24 0)
(-2.82765e-07 3.54801e-24 0)
(-2.82765e-07 3.54801e-24 0)
(-2.82765e-07 -3.54801e-24 0)
(-2.82765e-07 3.54801e-24 0)
(-2.82765e-07 -3.54801e-24 0)
(-2.82765e-07 3.54801e-24 0)
(-2.82765e-07 3.54801e-24 0)
(-2.82765e-07 -3.54801e-24 0)
(-2.82765e-07 3.54801e-24 0)
(-2.82765e-07 -3.54801e-24 0)
(-2.82765e-07 3.54801e-24 0)
(-2.82765e-07 3.54801e-24 0)
(-2.82765e-07 -3.54801e-24 0)
(-2.82765e-07 3.54801e-24 0)
(-2.82765e-07 -3.54801e-24 0)
(-2.82765e-07 3.54801e-24 0)
(-2.82765e-07 3.54801e-24 0)
(-2.82765e-07 -3.54801e-24 0)
(-2.82765e-07 3.54801e-24 0)
(-2.82765e-07 -3.54801e-24 0)
(-2.82765e-07 3.54801e-24 0)
(-2.82765e-07 3.54801e-24 0)
(-2.82765e-07 3.54801e-24 0)
(-2.82765e-07 3.54801e-24 0)
(-2.82765e-07 3.54801e-24 0)
(-2.82765e-07 3.54801e-24 0)
(-2.8072e-07 3.52214e-24 0)
(-2.8072e-07 3.52214e-24 0)
(-2.8072e-07 3.52214e-24 0)
(-2.8072e-07 3.52214e-24 0)
(-2.8072e-07 7.04428e-24 0)
(-2.8072e-07 7.04428e-24 0)
(-2.8072e-07 7.04428e-24 0)
(-2.8072e-07 0 0)
(-2.8072e-07 3.52214e-24 0)
(-2.8072e-07 0 0)
(-2.8072e-07 -3.52214e-24 0)
(-2.8072e-07 3.52214e-24 0)
(-2.8072e-07 0 0)
(-2.8072e-07 3.52214e-24 0)
(-2.8072e-07 0 0)
(-2.8072e-07 -3.52214e-24 0)
(-2.8072e-07 0 0)
(-2.8072e-07 -3.52214e-24 0)
(-2.8072e-07 0 0)
(-2.8072e-07 0 0)
(-2.8072e-07 -3.52214e-24 0)
(-2.8072e-07 0 0)
(-2.8072e-07 -3.52214e-24 0)
(-2.8072e-07 0 0)
(-2.8072e-07 0 0)
(-2.8072e-07 -3.52214e-24 0)
(-2.8072e-07 0 0)
(-2.8072e-07 -3.52214e-24 0)
(-2.8072e-07 3.52214e-24 0)
(-2.8072e-07 -3.52214e-24 0)
(-2.8072e-07 -3.52214e-24 0)
(-2.8072e-07 3.52214e-24 0)
(-2.8072e-07 -3.52214e-24 0)
(-2.8072e-07 3.52214e-24 0)
(-2.8072e-07 -3.52214e-24 0)
(-2.8072e-07 -3.52214e-24 0)
(-2.8072e-07 3.52214e-24 0)
(-2.8072e-07 -3.52214e-24 0)
(-2.8072e-07 3.52214e-24 0)
(-2.8072e-07 -3.52214e-24 0)
(-2.8072e-07 -3.52214e-24 0)
(-2.8072e-07 3.52214e-24 0)
(-2.8072e-07 -3.52214e-24 0)
(-2.8072e-07 3.52214e-24 0)
(-2.8072e-07 -3.52214e-24 0)
(-2.8072e-07 -3.52214e-24 0)
(-2.8072e-07 3.52214e-24 0)
(-2.8072e-07 -3.52214e-24 0)
(-2.8072e-07 3.52214e-24 0)
(-2.8072e-07 -3.52214e-24 0)
(-2.8072e-07 -3.52214e-24 0)
(-2.8072e-07 3.52214e-24 0)
(-2.8072e-07 -3.52214e-24 0)
(-2.8072e-07 3.52214e-24 0)
(-2.8072e-07 -3.52214e-24 0)
(-2.8072e-07 -3.52214e-24 0)
(-2.8072e-07 -3.52214e-24 0)
(-2.8072e-07 -3.52214e-24 0)
(-2.8072e-07 -3.52214e-24 0)
(-2.8072e-07 -3.52214e-24 0)
(-2.79309e-07 -3.50423e-24 0)
(-2.79309e-07 -3.50423e-24 0)
(-2.79309e-07 -3.50423e-24 0)
(-2.79309e-07 -3.50423e-24 0)
(-2.79309e-07 -3.50423e-24 0)
(-2.79309e-07 -3.50423e-24 0)
(-2.79309e-07 -3.50423e-24 0)
(-2.79309e-07 -3.50423e-24 0)
(-2.79309e-07 0 0)
(-2.79309e-07 -3.50423e-24 0)
(-2.79309e-07 0 0)
(-2.79309e-07 0 0)
(-2.79309e-07 -3.50423e-24 0)
(-2.79309e-07 0 0)
(-2.79309e-07 -3.50423e-24 0)
(-2.79309e-07 0 0)
(-2.79309e-07 -3.50423e-24 0)
(-2.79309e-07 0 0)
(-2.79309e-07 -3.50423e-24 0)
(-2.79309e-07 -3.50423e-24 0)
(-2.79309e-07 0 0)
(-2.79309e-07 -3.50423e-24 0)
(-2.79309e-07 0 0)
(-2.79309e-07 -3.50423e-24 0)
(-2.79309e-07 -3.50423e-24 0)
(-2.79309e-07 0 0)
(-2.79309e-07 -3.50423e-24 0)
(-2.79309e-07 0 0)
(-2.79309e-07 0 0)
(-2.79309e-07 0 0)
(-2.79309e-07 0 0)
(-2.79309e-07 0 0)
(-2.79309e-07 0 0)
(-2.79309e-07 0 0)
(-2.79309e-07 0 0)
(-2.79309e-07 0 0)
(-2.79309e-07 0 0)
(-2.79309e-07 0 0)
(-2.79309e-07 0 0)
(-2.79309e-07 0 0)
(-2.79309e-07 0 0)
(-2.79309e-07 0 0)
(-2.79309e-07 0 0)
(-2.79309e-07 0 0)
(-2.79309e-07 0 0)
(-2.79309e-07 0 0)
(-2.79309e-07 0 0)
(-2.79309e-07 0 0)
(-2.79309e-07 0 0)
(-2.79309e-07 0 0)
(-2.79309e-07 0 0)
(-2.79309e-07 0 0)
(-2.79309e-07 0 0)
(-2.79309e-07 0 0)
(-2.79309e-07 0 0)
(-2.79309e-07 0 0)
(-2.79309e-07 0 0)
(-2.79309e-07 0 0)
(-2.79309e-07 0 0)
(-2.79309e-07 0 0)
(-2.7858e-07 3.4949e-24 0)
(-2.7858e-07 0 0)
(-2.7858e-07 -3.4949e-24 0)
(-2.7858e-07 3.4949e-24 0)
(-2.7858e-07 3.4949e-24 0)
(-2.7858e-07 3.4949e-24 0)
(-2.7858e-07 3.4949e-24 0)
(-2.7858e-07 3.4949e-24 0)
(-2.7858e-07 -3.4949e-24 0)
(-2.7858e-07 3.4949e-24 0)
(-2.7858e-07 3.4949e-24 0)
(-2.7858e-07 -3.4949e-24 0)
(-2.7858e-07 3.4949e-24 0)
(-2.7858e-07 -3.4949e-24 0)
(-2.7858e-07 3.4949e-24 0)
(-2.7858e-07 3.4949e-24 0)
(-2.7858e-07 3.4949e-24 0)
(-2.7858e-07 0 0)
(-2.7858e-07 3.4949e-24 0)
(-2.7858e-07 3.4949e-24 0)
(-2.7858e-07 3.4949e-24 0)
(-2.7858e-07 3.4949e-24 0)
(-2.7858e-07 0 0)
(-2.7858e-07 3.4949e-24 0)
(-2.7858e-07 3.4949e-24 0)
(-2.7858e-07 3.4949e-24 0)
(-2.7858e-07 3.4949e-24 0)
(-2.7858e-07 0 0)
(-2.7858e-07 0 0)
(-2.7858e-07 0 0)
(-2.7858e-07 0 0)
(-2.7858e-07 0 0)
(-2.7858e-07 0 0)
(-2.7858e-07 0 0)
(-2.7858e-07 0 0)
(-2.7858e-07 0 0)
(-2.7858e-07 0 0)
(-2.7858e-07 0 0)
(-2.7858e-07 0 0)
(-2.7858e-07 0 0)
(-2.7858e-07 0 0)
(-2.7858e-07 0 0)
(-2.7858e-07 0 0)
(-2.7858e-07 0 0)
(-2.7858e-07 0 0)
(-2.7858e-07 0 0)
(-2.7858e-07 0 0)
(-2.7858e-07 0 0)
(-2.7858e-07 0 0)
(-2.7858e-07 0 0)
(-2.7858e-07 0 0)
(-2.7858e-07 0 0)
(-2.7858e-07 0 0)
(-2.7858e-07 0 0)
(-2.7858e-07 0 0)
(-2.7858e-07 0 0)
(-2.7858e-07 0 0)
(-2.7858e-07 -3.4949e-24 0)
(-2.7858e-07 0 0)
(-2.7858e-07 0 0)
(-2.78395e-07 -3.49252e-24 0)
(-2.78395e-07 0 0)
(-2.78395e-07 0 0)
(-2.78395e-07 0 0)
(-2.78395e-07 -3.49252e-24 0)
(-2.78395e-07 -6.98504e-24 0)
(-2.78395e-07 -3.49252e-24 0)
(-2.78395e-07 -6.98504e-24 0)
(-2.78395e-07 0 0)
(-2.78395e-07 -6.98504e-24 0)
(-2.78395e-07 -6.98504e-24 0)
(-2.78395e-07 0 0)
(-2.78395e-07 -6.98504e-24 0)
(-2.78395e-07 0 0)
(-2.78395e-07 -6.98504e-24 0)
(-2.78395e-07 -6.98504e-24 0)
(-2.78395e-07 -6.98504e-24 0)
(-2.78395e-07 -3.49252e-24 0)
(-2.78395e-07 -6.98504e-24 0)
(-2.78395e-07 -6.98504e-24 0)
(-2.78395e-07 -6.98504e-24 0)
(-2.78395e-07 -6.98504e-24 0)
(-2.78395e-07 -3.49252e-24 0)
(-2.78395e-07 -6.98504e-24 0)
(-2.78395e-07 -6.98504e-24 0)
(-2.78395e-07 -6.98504e-24 0)
(-2.78395e-07 -6.98504e-24 0)
(-2.78395e-07 -3.49252e-24 0)
(-2.78395e-07 -3.49252e-24 0)
(-2.78395e-07 -3.49252e-24 0)
(-2.78395e-07 -3.49252e-24 0)
(-2.78395e-07 -3.49252e-24 0)
(-2.78395e-07 -3.49252e-24 0)
(-2.78395e-07 -3.49252e-24 0)
(-2.78395e-07 -3.49252e-24 0)
(-2.78395e-07 -3.49252e-24 0)
(-2.78395e-07 -3.49252e-24 0)
(-2.78395e-07 -3.49252e-24 0)
(-2.78395e-07 -3.49252e-24 0)
(-2.78395e-07 -3.49252e-24 0)
(-2.78395e-07 -3.49252e-24 0)
(-2.78395e-07 -3.49252e-24 0)
(-2.78395e-07 -3.49252e-24 0)
(-2.78395e-07 -3.49252e-24 0)
(-2.78395e-07 -3.49252e-24 0)
(-2.78395e-07 -3.49252e-24 0)
(-2.78395e-07 -3.49252e-24 0)
(-2.78395e-07 -3.49252e-24 0)
(-2.78395e-07 -3.49252e-24 0)
(-2.78395e-07 -3.49252e-24 0)
(-2.78395e-07 -3.49252e-24 0)
(-2.78395e-07 -3.49252e-24 0)
(-2.78395e-07 -3.49252e-24 0)
(-2.78395e-07 -3.49252e-24 0)
(-2.78395e-07 -3.49252e-24 0)
(-2.78395e-07 -3.49252e-24 0)
(-2.78395e-07 -3.49252e-24 0)
(-2.78395e-07 0 0)
(-2.78395e-07 -3.49252e-24 0)
(-2.78395e-07 -3.49252e-24 0)
(-2.78397e-07 0 0)
(-2.78397e-07 0 0)
(-2.78397e-07 0 0)
(-2.78397e-07 0 0)
(-2.78397e-07 0 0)
(-2.78397e-07 0 0)
(-2.78397e-07 0 0)
(-2.78397e-07 0 0)
(-2.78397e-07 0 0)
(-2.78397e-07 0 0)
(-2.78397e-07 0 0)
(-2.78397e-07 0 0)
(-2.78397e-07 0 0)
(-2.78397e-07 0 0)
(-2.78397e-07 0 0)
(-2.78397e-07 0 0)
(-2.78397e-07 0 0)
(-2.78397e-07 0 0)
(-2.78397e-07 0 0)
(-2.78397e-07 0 0)
(-2.78397e-07 0 0)
(-2.78397e-07 0 0)
(-2.78397e-07 0 0)
(-2.78397e-07 0 0)
(-2.78397e-07 0 0)
(-2.78397e-07 0 0)
(-2.78397e-07 0 0)
(-2.78397e-07 0 0)
(-2.78397e-07 0 0)
(-2.78397e-07 0 0)
(-2.78397e-07 0 0)
(-2.78397e-07 0 0)
(-2.78397e-07 0 0)
(-2.78397e-07 0 0)
(-2.78397e-07 0 0)
(-2.78397e-07 0 0)
(-2.78397e-07 0 0)
(-2.78397e-07 0 0)
(-2.78397e-07 0 0)
(-2.78397e-07 0 0)
(-2.78397e-07 0 0)
(-2.78397e-07 0 0)
(-2.78397e-07 0 0)
(-2.78397e-07 0 0)
(-2.78397e-07 0 0)
(-2.78397e-07 0 0)
(-2.78397e-07 0 0)
(-2.78397e-07 0 0)
(-2.78397e-07 0 0)
(-2.78397e-07 0 0)
(-2.78397e-07 0 0)
(-2.78397e-07 0 0)
(-2.78397e-07 0 0)
(-2.78397e-07 0 0)
(-2.78397e-07 0 0)
(-2.78397e-07 0 0)
(-2.78397e-07 0 0)
(-2.78397e-07 0 0)
(-2.78397e-07 0 0)
(-2.78397e-07 0 0)
(-2.78399e-07 0 0)
(-2.78399e-07 0 0)
(-2.78399e-07 0 0)
(-2.78399e-07 0 0)
(-2.78399e-07 0 0)
(-2.78399e-07 0 0)
(-2.78399e-07 0 0)
(-2.78399e-07 0 0)
(-2.78399e-07 0 0)
(-2.78399e-07 0 0)
(-2.78399e-07 0 0)
(-2.78399e-07 0 0)
(-2.78399e-07 0 0)
(-2.78399e-07 0 0)
(-2.78399e-07 0 0)
(-2.78399e-07 0 0)
(-2.78399e-07 0 0)
(-2.78399e-07 0 0)
(-2.78399e-07 0 0)
(-2.78399e-07 0 0)
(-2.78399e-07 0 0)
(-2.78399e-07 0 0)
(-2.78399e-07 0 0)
(-2.78399e-07 0 0)
(-2.78399e-07 0 0)
(-2.78399e-07 0 0)
(-2.78399e-07 0 0)
(-2.78399e-07 0 0)
(-2.78399e-07 0 0)
(-2.78399e-07 0 0)
(-2.78399e-07 0 0)
(-2.78399e-07 0 0)
(-2.78399e-07 0 0)
(-2.78399e-07 0 0)
(-2.78399e-07 0 0)
(-2.78399e-07 0 0)
(-2.78399e-07 0 0)
(-2.78399e-07 0 0)
(-2.78399e-07 0 0)
(-2.78399e-07 0 0)
(-2.78399e-07 0 0)
(-2.78399e-07 0 0)
(-2.78399e-07 0 0)
(-2.78399e-07 0 0)
(-2.78399e-07 0 0)
(-2.78399e-07 0 0)
(-2.78399e-07 0 0)
(-2.78399e-07 0 0)
(-2.78399e-07 0 0)
(-2.78399e-07 0 0)
(-2.78399e-07 0 0)
(-2.78399e-07 0 0)
(-2.78399e-07 0 0)
(-2.78399e-07 0 0)
(-2.78399e-07 0 0)
(-2.78399e-07 0 0)
(-2.78399e-07 0 0)
(-2.78399e-07 0 0)
(-2.78399e-07 0 0)
(-2.78399e-07 0 0)
(-2.78401e-07 0 0)
(-2.78401e-07 0 0)
(-2.78401e-07 0 0)
(-2.78401e-07 0 0)
(-2.78401e-07 0 0)
(-2.78401e-07 0 0)
(-2.78401e-07 0 0)
(-2.78401e-07 0 0)
(-2.78401e-07 0 0)
(-2.78401e-07 0 0)
(-2.78401e-07 0 0)
(-2.78401e-07 0 0)
(-2.78401e-07 0 0)
(-2.78401e-07 0 0)
(-2.78401e-07 0 0)
(-2.78401e-07 0 0)
(-2.78401e-07 0 0)
(-2.78401e-07 0 0)
(-2.78401e-07 0 0)
(-2.78401e-07 0 0)
(-2.78401e-07 0 0)
(-2.78401e-07 0 0)
(-2.78401e-07 0 0)
(-2.78401e-07 0 0)
(-2.78401e-07 0 0)
(-2.78401e-07 0 0)
(-2.78401e-07 0 0)
(-2.78401e-07 0 0)
(-2.78401e-07 0 0)
(-2.78401e-07 0 0)
(-2.78401e-07 0 0)
(-2.78401e-07 0 0)
(-2.78401e-07 0 0)
(-2.78401e-07 0 0)
(-2.78401e-07 0 0)
(-2.78401e-07 0 0)
(-2.78401e-07 0 0)
(-2.78401e-07 0 0)
(-2.78401e-07 0 0)
(-2.78401e-07 0 0)
(-2.78401e-07 0 0)
(-2.78401e-07 0 0)
(-2.78401e-07 0 0)
(-2.78401e-07 0 0)
(-2.78401e-07 0 0)
(-2.78401e-07 0 0)
(-2.78401e-07 0 0)
(-2.78401e-07 0 0)
(-2.78401e-07 0 0)
(-2.78401e-07 0 0)
(-2.78401e-07 0 0)
(-2.78401e-07 0 0)
(-2.78401e-07 0 0)
(-2.78401e-07 0 0)
(-2.78401e-07 0 0)
(-2.78401e-07 0 0)
(-2.78401e-07 0 0)
(-2.78401e-07 0 0)
(-2.78401e-07 0 0)
(-2.78401e-07 0 0)
(-2.78403e-07 0 0)
(-2.78403e-07 0 0)
(-2.78403e-07 0 0)
(-2.78403e-07 0 0)
(-2.78403e-07 0 0)
(-2.78403e-07 0 0)
(-2.78403e-07 0 0)
(-2.78403e-07 0 0)
(-2.78403e-07 0 0)
(-2.78403e-07 0 0)
(-2.78403e-07 0 0)
(-2.78403e-07 0 0)
(-2.78403e-07 0 0)
(-2.78403e-07 0 0)
(-2.78403e-07 0 0)
(-2.78403e-07 0 0)
(-2.78403e-07 0 0)
(-2.78403e-07 0 0)
(-2.78403e-07 0 0)
(-2.78403e-07 0 0)
(-2.78403e-07 0 0)
(-2.78403e-07 0 0)
(-2.78403e-07 0 0)
(-2.78403e-07 0 0)
(-2.78403e-07 0 0)
(-2.78403e-07 0 0)
(-2.78403e-07 0 0)
(-2.78403e-07 0 0)
(-2.78403e-07 0 0)
(-2.78403e-07 0 0)
(-2.78403e-07 0 0)
(-2.78403e-07 0 0)
(-2.78403e-07 0 0)
(-2.78403e-07 0 0)
(-2.78403e-07 0 0)
(-2.78403e-07 0 0)
(-2.78403e-07 0 0)
(-2.78403e-07 0 0)
(-2.78403e-07 0 0)
(-2.78403e-07 0 0)
(-2.78403e-07 0 0)
(-2.78403e-07 0 0)
(-2.78403e-07 0 0)
(-2.78403e-07 0 0)
(-2.78403e-07 0 0)
(-2.78403e-07 0 0)
(-2.78403e-07 0 0)
(-2.78403e-07 0 0)
(-2.78403e-07 0 0)
(-2.78403e-07 0 0)
(-2.78403e-07 0 0)
(-2.78403e-07 0 0)
(-2.78403e-07 0 0)
(-2.78403e-07 0 0)
(-2.78403e-07 0 0)
(-2.78403e-07 0 0)
(-2.78403e-07 0 0)
(-2.78403e-07 0 0)
(-2.78403e-07 0 0)
(-2.78403e-07 0 0)
(-2.78405e-07 0 0)
(-2.78405e-07 0 0)
(-2.78405e-07 0 0)
(-2.78405e-07 0 0)
(-2.78405e-07 0 0)
(-2.78405e-07 0 0)
(-2.78405e-07 0 0)
(-2.78405e-07 0 0)
(-2.78405e-07 0 0)
(-2.78405e-07 0 0)
(-2.78405e-07 0 0)
(-2.78405e-07 0 0)
(-2.78405e-07 0 0)
(-2.78405e-07 0 0)
(-2.78405e-07 0 0)
(-2.78405e-07 0 0)
(-2.78405e-07 0 0)
(-2.78405e-07 0 0)
(-2.78405e-07 0 0)
(-2.78405e-07 0 0)
(-2.78405e-07 0 0)
(-2.78405e-07 0 0)
(-2.78405e-07 0 0)
(-2.78405e-07 0 0)
(-2.78405e-07 0 0)
(-2.78405e-07 0 0)
(-2.78405e-07 0 0)
(-2.78405e-07 0 0)
(-2.78405e-07 0 0)
(-2.78405e-07 0 0)
(-2.78405e-07 0 0)
(-2.78405e-07 0 0)
(-2.78405e-07 0 0)
(-2.78405e-07 0 0)
(-2.78405e-07 0 0)
(-2.78405e-07 0 0)
(-2.78405e-07 0 0)
(-2.78405e-07 0 0)
(-2.78405e-07 0 0)
(-2.78405e-07 0 0)
(-2.78405e-07 0 0)
(-2.78405e-07 0 0)
(-2.78405e-07 0 0)
(-2.78405e-07 0 0)
(-2.78405e-07 0 0)
(-2.78405e-07 0 0)
(-2.78405e-07 0 0)
(-2.78405e-07 0 0)
(-2.78405e-07 0 0)
(-2.78405e-07 0 0)
(-2.78405e-07 0 0)
(-2.78405e-07 0 0)
(-2.78405e-07 0 0)
(-2.78405e-07 0 0)
(-2.78405e-07 0 0)
(-2.78405e-07 0 0)
(-2.78405e-07 0 0)
(-2.78405e-07 0 0)
(-2.78405e-07 0 0)
(-2.78405e-07 0 0)
(-2.78406e-07 0 0)
(-2.78406e-07 0 0)
(-2.78406e-07 0 0)
(-2.78406e-07 0 0)
(-2.78406e-07 0 0)
(-2.78406e-07 0 0)
(-2.78406e-07 0 0)
(-2.78406e-07 0 0)
(-2.78406e-07 0 0)
(-2.78406e-07 0 0)
(-2.78406e-07 0 0)
(-2.78406e-07 0 0)
(-2.78406e-07 0 0)
(-2.78406e-07 0 0)
(-2.78406e-07 0 0)
(-2.78406e-07 0 0)
(-2.78406e-07 0 0)
(-2.78406e-07 0 0)
(-2.78406e-07 0 0)
(-2.78406e-07 0 0)
(-2.78406e-07 0 0)
(-2.78406e-07 0 0)
(-2.78406e-07 0 0)
(-2.78406e-07 0 0)
(-2.78406e-07 0 0)
(-2.78406e-07 0 0)
(-2.78406e-07 0 0)
(-2.78406e-07 0 0)
(-2.78406e-07 0 0)
(-2.78406e-07 0 0)
(-2.78406e-07 0 0)
(-2.78406e-07 0 0)
(-2.78406e-07 0 0)
(-2.78406e-07 0 0)
(-2.78406e-07 0 0)
(-2.78406e-07 0 0)
(-2.78406e-07 0 0)
(-2.78406e-07 0 0)
(-2.78406e-07 0 0)
(-2.78406e-07 0 0)
(-2.78406e-07 0 0)
(-2.78406e-07 0 0)
(-2.78406e-07 0 0)
(-2.78406e-07 0 0)
(-2.78406e-07 0 0)
(-2.78406e-07 0 0)
(-2.78406e-07 0 0)
(-2.78406e-07 0 0)
(-2.78406e-07 0 0)
(-2.78406e-07 0 0)
(-2.78406e-07 0 0)
(-2.78406e-07 0 0)
(-2.78406e-07 0 0)
(-2.78406e-07 0 0)
(-2.78406e-07 0 0)
(-2.78406e-07 0 0)
(-2.78406e-07 0 0)
(-2.78406e-07 0 0)
(-2.78406e-07 0 0)
(-2.78406e-07 0 0)
(-2.78407e-07 0 0)
(-2.78407e-07 0 0)
(-2.78407e-07 0 0)
(-2.78407e-07 0 0)
(-2.78407e-07 0 0)
(-2.78407e-07 0 0)
(-2.78407e-07 0 0)
(-2.78407e-07 0 0)
(-2.78407e-07 0 0)
(-2.78407e-07 0 0)
(-2.78407e-07 0 0)
(-2.78407e-07 0 0)
(-2.78407e-07 0 0)
(-2.78407e-07 0 0)
(-2.78407e-07 0 0)
(-2.78407e-07 0 0)
(-2.78407e-07 0 0)
(-2.78407e-07 0 0)
(-2.78407e-07 0 0)
(-2.78407e-07 0 0)
(-2.78407e-07 0 0)
(-2.78407e-07 0 0)
(-2.78407e-07 0 0)
(-2.78407e-07 0 0)
(-2.78407e-07 0 0)
(-2.78407e-07 0 0)
(-2.78407e-07 0 0)
(-2.78407e-07 0 0)
(-2.78407e-07 0 0)
(-2.78407e-07 0 0)
(-2.78407e-07 0 0)
(-2.78407e-07 0 0)
(-2.78407e-07 0 0)
(-2.78407e-07 0 0)
(-2.78407e-07 0 0)
(-2.78407e-07 0 0)
(-2.78407e-07 0 0)
(-2.78407e-07 0 0)
(-2.78407e-07 0 0)
(-2.78407e-07 0 0)
(-2.78407e-07 0 0)
(-2.78407e-07 0 0)
(-2.78407e-07 0 0)
(-2.78407e-07 0 0)
(-2.78407e-07 0 0)
(-2.78407e-07 0 0)
(-2.78407e-07 0 0)
(-2.78407e-07 0 0)
(-2.78407e-07 0 0)
(-2.78407e-07 0 0)
(-2.78407e-07 0 0)
(-2.78407e-07 0 0)
(-2.78407e-07 0 0)
(-2.78407e-07 0 0)
(-2.78407e-07 0 0)
(-2.78407e-07 0 0)
(-2.78407e-07 0 0)
(-2.78407e-07 0 0)
(-2.78407e-07 0 0)
(-2.78407e-07 0 0)
(-2.78409e-07 0 0)
(-2.78409e-07 0 0)
(-2.78409e-07 0 0)
(-2.78409e-07 0 0)
(-2.78409e-07 0 0)
(-2.78409e-07 0 0)
(-2.78409e-07 0 0)
(-2.78409e-07 0 0)
(-2.78409e-07 0 0)
(-2.78409e-07 0 0)
(-2.78409e-07 0 0)
(-2.78409e-07 0 0)
(-2.78409e-07 0 0)
(-2.78409e-07 0 0)
(-2.78409e-07 0 0)
(-2.78409e-07 0 0)
(-2.78409e-07 0 0)
(-2.78409e-07 0 0)
(-2.78409e-07 0 0)
(-2.78409e-07 0 0)
(-2.78409e-07 0 0)
(-2.78409e-07 0 0)
(-2.78409e-07 0 0)
(-2.78409e-07 0 0)
(-2.78409e-07 0 0)
(-2.78409e-07 0 0)
(-2.78409e-07 0 0)
(-2.78409e-07 0 0)
(-2.78409e-07 0 0)
(-2.78409e-07 0 0)
(-2.78409e-07 0 0)
(-2.78409e-07 0 0)
(-2.78409e-07 0 0)
(-2.78409e-07 0 0)
(-2.78409e-07 0 0)
(-2.78409e-07 0 0)
(-2.78409e-07 0 0)
(-2.78409e-07 0 0)
(-2.78409e-07 0 0)
(-2.78409e-07 0 0)
(-2.78409e-07 0 0)
(-2.78409e-07 0 0)
(-2.78409e-07 0 0)
(-2.78409e-07 0 0)
(-2.78409e-07 0 0)
(-2.78409e-07 0 0)
(-2.78409e-07 0 0)
(-2.78409e-07 0 0)
(-2.78409e-07 0 0)
(-2.78409e-07 0 0)
(-2.78409e-07 0 0)
(-2.78409e-07 0 0)
(-2.78409e-07 0 0)
(-2.78409e-07 0 0)
(-2.78409e-07 0 0)
(-2.78409e-07 0 0)
(-2.78409e-07 0 0)
(-2.78409e-07 0 0)
(-2.78409e-07 0 0)
(-2.78409e-07 0 0)
(-2.7841e-07 0 0)
(-2.7841e-07 0 0)
(-2.7841e-07 0 0)
(-2.7841e-07 0 0)
(-2.7841e-07 0 0)
(-2.7841e-07 0 0)
(-2.7841e-07 0 0)
(-2.7841e-07 0 0)
(-2.7841e-07 0 0)
(-2.7841e-07 0 0)
(-2.7841e-07 0 0)
(-2.7841e-07 0 0)
(-2.7841e-07 0 0)
(-2.7841e-07 0 0)
(-2.7841e-07 0 0)
(-2.7841e-07 0 0)
(-2.7841e-07 0 0)
(-2.7841e-07 0 0)
(-2.7841e-07 0 0)
(-2.7841e-07 0 0)
(-2.7841e-07 0 0)
(-2.7841e-07 0 0)
(-2.7841e-07 0 0)
(-2.7841e-07 0 0)
(-2.7841e-07 0 0)
(-2.7841e-07 0 0)
(-2.7841e-07 0 0)
(-2.7841e-07 0 0)
(-2.7841e-07 0 0)
(-2.7841e-07 0 0)
(-2.7841e-07 0 0)
(-2.7841e-07 0 0)
(-2.7841e-07 0 0)
(-2.7841e-07 0 0)
(-2.7841e-07 0 0)
(-2.7841e-07 0 0)
(-2.7841e-07 0 0)
(-2.7841e-07 0 0)
(-2.7841e-07 0 0)
(-2.7841e-07 0 0)
(-2.7841e-07 0 0)
(-2.7841e-07 0 0)
(-2.7841e-07 0 0)
(-2.7841e-07 0 0)
(-2.7841e-07 0 0)
(-2.7841e-07 0 0)
(-2.7841e-07 0 0)
(-2.7841e-07 0 0)
(-2.7841e-07 0 0)
(-2.7841e-07 0 0)
(-2.7841e-07 0 0)
(-2.7841e-07 0 0)
(-2.7841e-07 0 0)
(-2.7841e-07 0 0)
(-2.7841e-07 0 0)
(-2.7841e-07 0 0)
(-2.7841e-07 0 0)
(-2.7841e-07 0 0)
(-2.7841e-07 0 0)
(-2.7841e-07 0 0)
(-2.78411e-07 0 0)
(-2.78411e-07 0 0)
(-2.78411e-07 0 0)
(-2.78411e-07 0 0)
(-2.78411e-07 0 0)
(-2.78411e-07 0 0)
(-2.78411e-07 0 0)
(-2.78411e-07 0 0)
(-2.78411e-07 0 0)
(-2.78411e-07 0 0)
(-2.78411e-07 0 0)
(-2.78411e-07 0 0)
(-2.78411e-07 0 0)
(-2.78411e-07 0 0)
(-2.78411e-07 0 0)
(-2.78411e-07 0 0)
(-2.78411e-07 0 0)
(-2.78411e-07 0 0)
(-2.78411e-07 0 0)
(-2.78411e-07 0 0)
(-2.78411e-07 0 0)
(-2.78411e-07 0 0)
(-2.78411e-07 0 0)
(-2.78411e-07 0 0)
(-2.78411e-07 0 0)
(-2.78411e-07 0 0)
(-2.78411e-07 0 0)
(-2.78411e-07 0 0)
(-2.78411e-07 0 0)
(-2.78411e-07 0 0)
(-2.78411e-07 0 0)
(-2.78411e-07 0 0)
(-2.78411e-07 0 0)
(-2.78411e-07 0 0)
(-2.78411e-07 0 0)
(-2.78411e-07 0 0)
(-2.78411e-07 0 0)
(-2.78411e-07 0 0)
(-2.78411e-07 0 0)
(-2.78411e-07 0 0)
(-2.78411e-07 0 0)
(-2.78411e-07 0 0)
(-2.78411e-07 0 0)
(-2.78411e-07 0 0)
(-2.78411e-07 0 0)
(-2.78411e-07 0 0)
(-2.78411e-07 0 0)
(-2.78411e-07 0 0)
(-2.78411e-07 0 0)
(-2.78411e-07 0 0)
(-2.78411e-07 0 0)
(-2.78411e-07 0 0)
(-2.78411e-07 0 0)
(-2.78411e-07 0 0)
(-2.78411e-07 0 0)
(-2.78411e-07 0 0)
(-2.78411e-07 0 0)
(-2.78411e-07 0 0)
(-2.78411e-07 0 0)
(-2.78411e-07 0 0)
(-2.78411e-07 0 0)
(-2.78411e-07 0 0)
(-2.78411e-07 0 0)
(-2.78411e-07 0 0)
(-2.78411e-07 0 0)
(-2.78411e-07 0 0)
(-2.78411e-07 0 0)
(-2.78411e-07 0 0)
(-2.78411e-07 0 0)
(-2.78411e-07 0 0)
(-2.78411e-07 0 0)
(-2.78411e-07 0 0)
(-2.78411e-07 0 0)
(-2.78411e-07 0 0)
(-2.78411e-07 0 0)
(-2.78411e-07 0 0)
(-2.78411e-07 0 0)
(-2.78411e-07 0 0)
(-2.78411e-07 0 0)
(-2.78411e-07 0 0)
(-2.78411e-07 0 0)
(-2.78411e-07 0 0)
(-2.78411e-07 0 0)
(-2.78411e-07 0 0)
(-2.78411e-07 0 0)
(-2.78411e-07 0 0)
(-2.78411e-07 0 0)
(-2.78411e-07 0 0)
(-2.78411e-07 0 0)
(-2.78411e-07 0 0)
(-2.78411e-07 0 0)
(-2.78411e-07 0 0)
(-2.78411e-07 0 0)
(-2.78411e-07 0 0)
(-2.78411e-07 0 0)
(-2.78411e-07 0 0)
(-2.78411e-07 0 0)
(-2.78411e-07 0 0)
(-2.78411e-07 0 0)
(-2.78411e-07 0 0)
(-2.78411e-07 0 0)
(-2.78411e-07 0 0)
(-2.78411e-07 0 0)
(-2.78411e-07 0 0)
(-2.78411e-07 0 0)
(-2.78411e-07 0 0)
(-2.78411e-07 0 0)
(-2.78411e-07 0 0)
(-2.78411e-07 0 0)
(-2.78411e-07 0 0)
(-2.78411e-07 0 0)
(-2.78411e-07 0 0)
(-2.78411e-07 0 0)
(-2.78411e-07 0 0)
(-2.78411e-07 0 0)
(-2.78411e-07 0 0)
(-2.78411e-07 0 0)
(-2.78411e-07 0 0)
(-2.78411e-07 0 0)
(-2.78411e-07 0 0)
(-2.78412e-07 0 0)
(-2.78412e-07 0 0)
(-2.78412e-07 0 0)
(-2.78412e-07 0 0)
(-2.78412e-07 0 0)
(-2.78412e-07 0 0)
(-2.78412e-07 0 0)
(-2.78412e-07 0 0)
(-2.78412e-07 0 0)
(-2.78412e-07 0 0)
(-2.78412e-07 0 0)
(-2.78412e-07 0 0)
(-2.78412e-07 0 0)
(-2.78412e-07 0 0)
(-2.78412e-07 0 0)
(-2.78412e-07 0 0)
(-2.78412e-07 0 0)
(-2.78412e-07 0 0)
(-2.78412e-07 0 0)
(-2.78412e-07 0 0)
(-2.78412e-07 0 0)
(-2.78412e-07 0 0)
(-2.78412e-07 0 0)
(-2.78412e-07 0 0)
(-2.78412e-07 0 0)
(-2.78412e-07 0 0)
(-2.78412e-07 0 0)
(-2.78412e-07 0 0)
(-2.78412e-07 0 0)
(-2.78412e-07 0 0)
(-2.78412e-07 0 0)
(-2.78412e-07 0 0)
(-2.78412e-07 0 0)
(-2.78412e-07 0 0)
(-2.78412e-07 0 0)
(-2.78412e-07 0 0)
(-2.78412e-07 0 0)
(-2.78412e-07 0 0)
(-2.78412e-07 0 0)
(-2.78412e-07 0 0)
(-2.78412e-07 0 0)
(-2.78412e-07 0 0)
(-2.78412e-07 0 0)
(-2.78412e-07 0 0)
(-2.78412e-07 0 0)
(-2.78412e-07 0 0)
(-2.78412e-07 0 0)
(-2.78412e-07 0 0)
(-2.78412e-07 0 0)
(-2.78412e-07 0 0)
(-2.78412e-07 0 0)
(-2.78412e-07 0 0)
(-2.78412e-07 0 0)
(-2.78412e-07 0 0)
(-2.78412e-07 0 0)
(-2.78412e-07 0 0)
(-2.78412e-07 0 0)
(-2.78412e-07 0 0)
(-2.78412e-07 0 0)
(-2.78412e-07 0 0)
(-2.78413e-07 0 0)
(-2.78413e-07 0 0)
(-2.78413e-07 0 0)
(-2.78413e-07 0 0)
(-2.78413e-07 0 0)
(-2.78413e-07 0 0)
(-2.78413e-07 0 0)
(-2.78413e-07 0 0)
(-2.78413e-07 0 0)
(-2.78413e-07 0 0)
(-2.78413e-07 0 0)
(-2.78413e-07 0 0)
(-2.78413e-07 0 0)
(-2.78413e-07 0 0)
(-2.78413e-07 0 0)
(-2.78413e-07 0 0)
(-2.78413e-07 0 0)
(-2.78413e-07 0 0)
(-2.78413e-07 0 0)
(-2.78413e-07 0 0)
(-2.78413e-07 0 0)
(-2.78413e-07 0 0)
(-2.78413e-07 0 0)
(-2.78413e-07 0 0)
(-2.78413e-07 0 0)
(-2.78413e-07 0 0)
(-2.78413e-07 0 0)
(-2.78413e-07 0 0)
(-2.78413e-07 0 0)
(-2.78413e-07 0 0)
(-2.78413e-07 0 0)
(-2.78413e-07 0 0)
(-2.78413e-07 0 0)
(-2.78413e-07 0 0)
(-2.78413e-07 0 0)
(-2.78413e-07 0 0)
(-2.78413e-07 0 0)
(-2.78413e-07 0 0)
(-2.78413e-07 0 0)
(-2.78413e-07 0 0)
(-2.78413e-07 0 0)
(-2.78413e-07 0 0)
(-2.78413e-07 0 0)
(-2.78413e-07 0 0)
(-2.78413e-07 0 0)
(-2.78413e-07 0 0)
(-2.78413e-07 0 0)
(-2.78413e-07 0 0)
(-2.78413e-07 0 0)
(-2.78413e-07 0 0)
(-2.78413e-07 0 0)
(-2.78413e-07 0 0)
(-2.78413e-07 0 0)
(-2.78413e-07 0 0)
(-2.78413e-07 0 0)
(-2.78413e-07 0 0)
(-2.78413e-07 0 0)
(-2.78413e-07 0 0)
(-2.78413e-07 0 0)
(-2.78413e-07 0 0)
(-2.78414e-07 0 0)
(-2.78414e-07 0 0)
(-2.78414e-07 0 0)
(-2.78414e-07 0 0)
(-2.78414e-07 0 0)
(-2.78414e-07 0 0)
(-2.78414e-07 0 0)
(-2.78414e-07 0 0)
(-2.78414e-07 0 0)
(-2.78414e-07 0 0)
(-2.78414e-07 0 0)
(-2.78414e-07 0 0)
(-2.78414e-07 0 0)
(-2.78414e-07 0 0)
(-2.78414e-07 0 0)
(-2.78414e-07 0 0)
(-2.78414e-07 0 0)
(-2.78414e-07 0 0)
(-2.78414e-07 0 0)
(-2.78414e-07 0 0)
(-2.78414e-07 0 0)
(-2.78414e-07 0 0)
(-2.78414e-07 0 0)
(-2.78414e-07 0 0)
(-2.78414e-07 0 0)
(-2.78414e-07 0 0)
(-2.78414e-07 0 0)
(-2.78414e-07 0 0)
(-2.78414e-07 0 0)
(-2.78414e-07 0 0)
(-2.78414e-07 0 0)
(-2.78414e-07 0 0)
(-2.78414e-07 0 0)
(-2.78414e-07 0 0)
(-2.78414e-07 0 0)
(-2.78414e-07 0 0)
(-2.78414e-07 0 0)
(-2.78414e-07 0 0)
(-2.78414e-07 0 0)
(-2.78414e-07 0 0)
(-2.78414e-07 0 0)
(-2.78414e-07 0 0)
(-2.78414e-07 0 0)
(-2.78414e-07 0 0)
(-2.78414e-07 0 0)
(-2.78414e-07 0 0)
(-2.78414e-07 0 0)
(-2.78414e-07 0 0)
(-2.78414e-07 0 0)
(-2.78414e-07 0 0)
(-2.78414e-07 0 0)
(-2.78414e-07 0 0)
(-2.78414e-07 0 0)
(-2.78414e-07 0 0)
(-2.78414e-07 0 0)
(-2.78414e-07 0 0)
(-2.78414e-07 0 0)
(-2.78414e-07 0 0)
(-2.78414e-07 0 0)
(-2.78414e-07 0 0)
(-2.78414e-07 0 0)
(-2.78414e-07 0 0)
(-2.78414e-07 0 0)
(-2.78414e-07 0 0)
(-2.78414e-07 0 0)
(-2.78414e-07 0 0)
(-2.78414e-07 0 0)
(-2.78414e-07 0 0)
(-2.78414e-07 0 0)
(-2.78414e-07 0 0)
(-2.78414e-07 0 0)
(-2.78414e-07 0 0)
(-2.78414e-07 0 0)
(-2.78414e-07 0 0)
(-2.78414e-07 0 0)
(-2.78414e-07 0 0)
(-2.78414e-07 0 0)
(-2.78414e-07 0 0)
(-2.78414e-07 0 0)
(-2.78414e-07 0 0)
(-2.78414e-07 0 0)
(-2.78414e-07 0 0)
(-2.78414e-07 0 0)
(-2.78414e-07 0 0)
(-2.78414e-07 0 0)
(-2.78414e-07 0 0)
(-2.78414e-07 0 0)
(-2.78414e-07 0 0)
(-2.78414e-07 0 0)
(-2.78414e-07 0 0)
(-2.78414e-07 0 0)
(-2.78414e-07 0 0)
(-2.78414e-07 0 0)
(-2.78414e-07 0 0)
(-2.78414e-07 0 0)
(-2.78414e-07 0 0)
(-2.78414e-07 0 0)
(-2.78414e-07 0 0)
(-2.78414e-07 0 0)
(-2.78414e-07 0 0)
(-2.78414e-07 0 0)
(-2.78414e-07 0 0)
(-2.78414e-07 0 0)
(-2.78414e-07 0 0)
(-2.78414e-07 0 0)
(-2.78414e-07 0 0)
(-2.78414e-07 0 0)
(-2.78414e-07 0 0)
(-2.78414e-07 0 0)
(-2.78414e-07 0 0)
(-2.78414e-07 0 0)
(-2.78414e-07 0 0)
(-2.78414e-07 0 0)
(-2.78414e-07 0 0)
(-2.78414e-07 0 0)
(-2.78414e-07 0 0)
(-2.78414e-07 0 0)
(-2.78414e-07 0 0)
(-2.78414e-07 0 0)
(-2.78414e-07 0 0)
(-2.78415e-07 0 0)
(-2.78415e-07 0 0)
(-2.78415e-07 0 0)
(-2.78415e-07 0 0)
(-2.78415e-07 0 0)
(-2.78415e-07 0 0)
(-2.78415e-07 0 0)
(-2.78415e-07 0 0)
(-2.78415e-07 0 0)
(-2.78415e-07 0 0)
(-2.78415e-07 0 0)
(-2.78415e-07 0 0)
(-2.78415e-07 0 0)
(-2.78415e-07 0 0)
(-2.78415e-07 0 0)
(-2.78415e-07 0 0)
(-2.78415e-07 0 0)
(-2.78415e-07 0 0)
(-2.78415e-07 0 0)
(-2.78415e-07 0 0)
(-2.78415e-07 0 0)
(-2.78415e-07 0 0)
(-2.78415e-07 0 0)
(-2.78415e-07 0 0)
(-2.78415e-07 0 0)
(-2.78415e-07 0 0)
(-2.78415e-07 0 0)
(-2.78415e-07 0 0)
(-2.78415e-07 0 0)
(-2.78415e-07 0 0)
(-2.78415e-07 0 0)
(-2.78415e-07 0 0)
(-2.78415e-07 0 0)
(-2.78415e-07 0 0)
(-2.78415e-07 0 0)
(-2.78415e-07 0 0)
(-2.78415e-07 0 0)
(-2.78415e-07 0 0)
(-2.78415e-07 0 0)
(-2.78415e-07 0 0)
(-2.78415e-07 0 0)
(-2.78415e-07 0 0)
(-2.78415e-07 0 0)
(-2.78415e-07 0 0)
(-2.78415e-07 0 0)
(-2.78415e-07 0 0)
(-2.78415e-07 0 0)
(-2.78415e-07 0 0)
(-2.78415e-07 0 0)
(-2.78415e-07 0 0)
(-2.78415e-07 0 0)
(-2.78415e-07 0 0)
(-2.78415e-07 0 0)
(-2.78415e-07 0 0)
(-2.78415e-07 0 0)
(-2.78415e-07 0 0)
(-2.78415e-07 0 0)
(-2.78415e-07 0 0)
(-2.78415e-07 0 0)
(-2.78415e-07 0 0)
(-2.78415e-07 0 0)
(-2.78415e-07 0 0)
(-2.78415e-07 0 0)
(-2.78415e-07 0 0)
(-2.78415e-07 0 0)
(-2.78415e-07 0 0)
(-2.78415e-07 0 0)
(-2.78415e-07 0 0)
(-2.78415e-07 0 0)
(-2.78415e-07 0 0)
(-2.78415e-07 0 0)
(-2.78415e-07 0 0)
(-2.78415e-07 0 0)
(-2.78415e-07 0 0)
(-2.78415e-07 0 0)
(-2.78415e-07 0 0)
(-2.78415e-07 0 0)
(-2.78415e-07 0 0)
(-2.78415e-07 0 0)
(-2.78415e-07 0 0)
(-2.78415e-07 0 0)
(-2.78415e-07 0 0)
(-2.78415e-07 0 0)
(-2.78415e-07 0 0)
(-2.78415e-07 0 0)
(-2.78415e-07 0 0)
(-2.78415e-07 0 0)
(-2.78415e-07 0 0)
(-2.78415e-07 0 0)
(-2.78415e-07 0 0)
(-2.78415e-07 0 0)
(-2.78415e-07 0 0)
(-2.78415e-07 0 0)
(-2.78415e-07 0 0)
(-2.78415e-07 0 0)
(-2.78415e-07 0 0)
(-2.78415e-07 0 0)
(-2.78415e-07 0 0)
(-2.78415e-07 0 0)
(-2.78415e-07 0 0)
(-2.78415e-07 0 0)
(-2.78415e-07 0 0)
(-2.78415e-07 0 0)
(-2.78415e-07 0 0)
(-2.78415e-07 0 0)
(-2.78415e-07 0 0)
(-2.78415e-07 0 0)
(-2.78415e-07 0 0)
(-2.78415e-07 0 0)
(-2.78415e-07 0 0)
(-2.78415e-07 0 0)
(-2.78415e-07 0 0)
(-2.78415e-07 0 0)
(-2.78415e-07 0 0)
(-2.78415e-07 0 0)
(-2.78415e-07 0 0)
(-2.78415e-07 0 0)
(-2.78415e-07 0 0)
(-2.78415e-07 0 0)
(-2.78415e-07 0 0)
(-2.78416e-07 0 0)
(-2.78416e-07 0 0)
(-2.78416e-07 0 0)
(-2.78416e-07 0 0)
(-2.78416e-07 0 0)
(-2.78416e-07 0 0)
(-2.78416e-07 0 0)
(-2.78416e-07 0 0)
(-2.78416e-07 0 0)
(-2.78416e-07 0 0)
(-2.78416e-07 0 0)
(-2.78416e-07 0 0)
(-2.78416e-07 0 0)
(-2.78416e-07 0 0)
(-2.78416e-07 0 0)
(-2.78416e-07 0 0)
(-2.78416e-07 0 0)
(-2.78416e-07 0 0)
(-2.78416e-07 0 0)
(-2.78416e-07 0 0)
(-2.78416e-07 0 0)
(-2.78416e-07 0 0)
(-2.78416e-07 0 0)
(-2.78416e-07 0 0)
(-2.78416e-07 0 0)
(-2.78416e-07 0 0)
(-2.78416e-07 0 0)
(-2.78416e-07 0 0)
(-2.78416e-07 0 0)
(-2.78416e-07 0 0)
(-2.78416e-07 0 0)
(-2.78416e-07 0 0)
(-2.78416e-07 0 0)
(-2.78416e-07 0 0)
(-2.78416e-07 0 0)
(-2.78416e-07 0 0)
(-2.78416e-07 0 0)
(-2.78416e-07 0 0)
(-2.78416e-07 0 0)
(-2.78416e-07 0 0)
(-2.78416e-07 0 0)
(-2.78416e-07 0 0)
(-2.78416e-07 0 0)
(-2.78416e-07 0 0)
(-2.78416e-07 0 0)
(-2.78416e-07 0 0)
(-2.78416e-07 0 0)
(-2.78416e-07 0 0)
(-2.78416e-07 0 0)
(-2.78416e-07 0 0)
(-2.78416e-07 0 0)
(-2.78416e-07 0 0)
(-2.78416e-07 0 0)
(-2.78416e-07 0 0)
(-2.78416e-07 0 0)
(-2.78416e-07 0 0)
(-2.78416e-07 0 0)
(-2.78416e-07 0 0)
(-2.78416e-07 0 0)
(-2.78416e-07 0 0)
(-2.78416e-07 0 0)
(-2.78416e-07 0 0)
(-2.78416e-07 0 0)
(-2.78416e-07 0 0)
(-2.78416e-07 0 0)
(-2.78416e-07 0 0)
(-2.78416e-07 0 0)
(-2.78416e-07 0 0)
(-2.78416e-07 0 0)
(-2.78416e-07 0 0)
(-2.78416e-07 0 0)
(-2.78416e-07 0 0)
(-2.78416e-07 0 0)
(-2.78416e-07 0 0)
(-2.78416e-07 0 0)
(-2.78416e-07 0 0)
(-2.78416e-07 0 0)
(-2.78416e-07 0 0)
(-2.78416e-07 0 0)
(-2.78416e-07 0 0)
(-2.78416e-07 0 0)
(-2.78416e-07 0 0)
(-2.78416e-07 0 0)
(-2.78416e-07 0 0)
(-2.78416e-07 0 0)
(-2.78416e-07 0 0)
(-2.78416e-07 0 0)
(-2.78416e-07 0 0)
(-2.78416e-07 0 0)
(-2.78416e-07 0 0)
(-2.78416e-07 0 0)
(-2.78416e-07 0 0)
(-2.78416e-07 0 0)
(-2.78416e-07 0 0)
(-2.78416e-07 0 0)
(-2.78416e-07 0 0)
(-2.78416e-07 0 0)
(-2.78416e-07 0 0)
(-2.78416e-07 0 0)
(-2.78416e-07 0 0)
(-2.78416e-07 0 0)
(-2.78416e-07 0 0)
(-2.78416e-07 0 0)
(-2.78416e-07 0 0)
(-2.78416e-07 0 0)
(-2.78416e-07 0 0)
(-2.78416e-07 0 0)
(-2.78416e-07 0 0)
(-2.78416e-07 0 0)
(-2.78416e-07 0 0)
(-2.78416e-07 0 0)
(-2.78416e-07 0 0)
(-2.78416e-07 0 0)
(-2.78416e-07 0 0)
(-2.78416e-07 0 0)
(-2.78416e-07 0 0)
(-2.78416e-07 0 0)
(-2.78416e-07 0 0)
(-2.78416e-07 0 0)
(-2.78416e-07 0 0)
(-2.78416e-07 0 0)
(-2.78416e-07 0 0)
(-2.78416e-07 0 0)
(-2.78416e-07 0 0)
(-2.78416e-07 0 0)
(-2.78416e-07 0 0)
(-2.78416e-07 0 0)
(-2.78416e-07 0 0)
(-2.78416e-07 0 0)
(-2.78416e-07 0 0)
(-2.78416e-07 0 0)
(-2.78416e-07 0 0)
(-2.78416e-07 0 0)
(-2.78416e-07 0 0)
(-2.78416e-07 0 0)
(-2.78416e-07 0 0)
(-2.78416e-07 0 0)
(-2.78416e-07 0 0)
(-2.78416e-07 0 0)
(-2.78416e-07 0 0)
(-2.78416e-07 0 0)
(-2.78416e-07 0 0)
(-2.78416e-07 0 0)
(-2.78416e-07 0 0)
(-2.78416e-07 0 0)
(-2.78416e-07 0 0)
(-2.78416e-07 0 0)
(-2.78416e-07 0 0)
(-2.78416e-07 0 0)
(-2.78416e-07 0 0)
(-2.78416e-07 0 0)
(-2.78416e-07 0 0)
(-2.78416e-07 0 0)
(-2.78416e-07 0 0)
(-2.78416e-07 0 0)
(-2.78416e-07 0 0)
(-2.78416e-07 0 0)
(-2.78416e-07 0 0)
(-2.78416e-07 0 0)
(-2.78416e-07 0 0)
(-2.78416e-07 0 0)
(-2.78416e-07 0 0)
(-2.78416e-07 0 0)
(-2.78416e-07 0 0)
(-2.78416e-07 0 0)
(-2.78416e-07 0 0)
(-2.78416e-07 0 0)
(-2.78416e-07 0 0)
(-2.78416e-07 0 0)
(-2.78416e-07 0 0)
(-2.78416e-07 0 0)
(-2.78416e-07 0 0)
(-2.78416e-07 0 0)
(-2.78416e-07 0 0)
(-2.78416e-07 0 0)
(-2.78416e-07 0 0)
(-2.78416e-07 0 0)
(-2.78416e-07 0 0)
(-2.78416e-07 0 0)
(-2.78416e-07 0 0)
(-2.78417e-07 0 0)
(-2.78417e-07 0 0)
(-2.78417e-07 0 0)
(-2.78417e-07 0 0)
(-2.78417e-07 0 0)
(-2.78417e-07 0 0)
(-2.78417e-07 0 0)
(-2.78417e-07 0 0)
(-2.78417e-07 0 0)
(-2.78417e-07 0 0)
(-2.78417e-07 0 0)
(-2.78417e-07 0 0)
(-2.78417e-07 0 0)
(-2.78417e-07 0 0)
(-2.78417e-07 0 0)
(-2.78417e-07 0 0)
(-2.78417e-07 0 0)
(-2.78417e-07 0 0)
(-2.78417e-07 0 0)
(-2.78417e-07 0 0)
(-2.78417e-07 0 0)
(-2.78417e-07 0 0)
(-2.78417e-07 0 0)
(-2.78417e-07 0 0)
(-2.78417e-07 0 0)
(-2.78417e-07 0 0)
(-2.78417e-07 0 0)
(-2.78417e-07 0 0)
(-2.78417e-07 0 0)
(-2.78417e-07 0 0)
(-2.78417e-07 0 0)
(-2.78417e-07 0 0)
(-2.78417e-07 0 0)
(-2.78417e-07 0 0)
(-2.78417e-07 0 0)
(-2.78417e-07 0 0)
(-2.78417e-07 0 0)
(-2.78417e-07 0 0)
(-2.78417e-07 0 0)
(-2.78417e-07 0 0)
(-2.78417e-07 0 0)
(-2.78417e-07 0 0)
(-2.78417e-07 0 0)
(-2.78417e-07 0 0)
(-2.78417e-07 0 0)
(-2.78417e-07 0 0)
(-2.78417e-07 0 0)
(-2.78417e-07 0 0)
(-2.78417e-07 0 0)
(-2.78417e-07 0 0)
(-2.78417e-07 0 0)
(-2.78417e-07 0 0)
(-2.78417e-07 0 0)
(-2.78417e-07 0 0)
(-2.78417e-07 0 0)
(-2.78417e-07 0 0)
(-2.78417e-07 0 0)
(-2.78417e-07 0 0)
(-2.78417e-07 0 0)
(-2.78417e-07 0 0)
(-2.78417e-07 0 0)
(-2.78417e-07 0 0)
(-2.78417e-07 0 0)
(-2.78417e-07 0 0)
(-2.78417e-07 0 0)
(-2.78417e-07 0 0)
(-2.78417e-07 0 0)
(-2.78417e-07 0 0)
(-2.78417e-07 0 0)
(-2.78417e-07 0 0)
(-2.78417e-07 0 0)
(-2.78417e-07 0 0)
(-2.78417e-07 0 0)
(-2.78417e-07 0 0)
(-2.78417e-07 0 0)
(-2.78417e-07 0 0)
(-2.78417e-07 0 0)
(-2.78417e-07 0 0)
(-2.78417e-07 0 0)
(-2.78417e-07 0 0)
(-2.78417e-07 0 0)
(-2.78417e-07 0 0)
(-2.78417e-07 0 0)
(-2.78417e-07 0 0)
(-2.78417e-07 0 0)
(-2.78417e-07 0 0)
(-2.78417e-07 0 0)
(-2.78417e-07 0 0)
(-2.78417e-07 0 0)
(-2.78417e-07 0 0)
(-2.78417e-07 0 0)
(-2.78417e-07 0 0)
(-2.78417e-07 0 0)
(-2.78417e-07 0 0)
(-2.78417e-07 0 0)
(-2.78417e-07 0 0)
(-2.78417e-07 0 0)
(-2.78417e-07 0 0)
(-2.78417e-07 0 0)
(-2.78417e-07 0 0)
(-2.78417e-07 0 0)
(-2.78417e-07 0 0)
(-2.78417e-07 0 0)
(-2.78417e-07 0 0)
(-2.78417e-07 0 0)
(-2.78417e-07 0 0)
(-2.78417e-07 0 0)
(-2.78417e-07 0 0)
(-2.78417e-07 0 0)
(-2.78417e-07 0 0)
(-2.78417e-07 0 0)
(-2.78417e-07 0 0)
(-2.78417e-07 0 0)
(-2.78417e-07 0 0)
(-2.78417e-07 0 0)
(-2.78417e-07 0 0)
(-2.78417e-07 0 0)
(-2.78417e-07 0 0)
(-2.78417e-07 0 0)
(-2.78417e-07 0 0)
(-2.78417e-07 0 0)
(-2.78417e-07 0 0)
(-2.78417e-07 0 0)
(-2.78417e-07 0 0)
(-2.78417e-07 0 0)
(-2.78417e-07 0 0)
(-2.78417e-07 0 0)
(-2.78417e-07 0 0)
(-2.78417e-07 0 0)
(-2.78417e-07 0 0)
(-2.78417e-07 0 0)
(-2.78417e-07 0 0)
(-2.78417e-07 0 0)
(-2.78417e-07 0 0)
(-2.78417e-07 0 0)
(-2.78417e-07 0 0)
(-2.78417e-07 0 0)
(-2.78417e-07 0 0)
(-2.78417e-07 0 0)
(-2.78417e-07 0 0)
(-2.78417e-07 0 0)
(-2.78417e-07 0 0)
(-2.78417e-07 0 0)
(-2.78417e-07 0 0)
(-2.78417e-07 0 0)
(-2.78417e-07 0 0)
(-2.78417e-07 0 0)
(-2.78417e-07 0 0)
(-2.78417e-07 0 0)
(-2.78417e-07 0 0)
(-2.78417e-07 0 0)
(-2.78417e-07 0 0)
(-2.78417e-07 0 0)
(-2.78417e-07 0 0)
(-2.78417e-07 0 0)
(-2.78417e-07 0 0)
(-2.78417e-07 0 0)
(-2.78417e-07 0 0)
(-2.78417e-07 0 0)
(-2.78417e-07 0 0)
(-2.78417e-07 0 0)
(-2.78417e-07 0 0)
(-2.78417e-07 0 0)
(-2.78417e-07 0 0)
(-2.78417e-07 0 0)
(-2.78417e-07 0 0)
(-2.78417e-07 0 0)
(-2.78417e-07 0 0)
(-2.78417e-07 0 0)
(-2.78417e-07 0 0)
(-2.78417e-07 0 0)
(-2.78417e-07 0 0)
(-2.78417e-07 0 0)
(-2.78417e-07 0 0)
(-2.78417e-07 0 0)
(-2.78417e-07 0 0)
(-2.78417e-07 0 0)
(-2.78417e-07 0 0)
(-2.78417e-07 0 0)
(-2.78417e-07 0 0)
(-2.78417e-07 0 0)
(-2.78417e-07 0 0)
(-2.78417e-07 0 0)
(-2.78417e-07 0 0)
(-2.78417e-07 0 0)
(-2.78417e-07 0 0)
(-2.78417e-07 0 0)
(-2.78417e-07 0 0)
(-2.78417e-07 0 0)
(-2.78417e-07 0 0)
(-2.78417e-07 0 0)
(-2.78417e-07 0 0)
(-2.78417e-07 0 0)
(-2.78417e-07 0 0)
(-2.78417e-07 0 0)
(-2.78417e-07 0 0)
(-2.78417e-07 0 0)
(-2.78417e-07 0 0)
(-2.78417e-07 0 0)
(-2.78417e-07 0 0)
(-2.78417e-07 0 0)
(-2.78417e-07 0 0)
(-2.78417e-07 0 0)
(-2.78417e-07 0 0)
(-2.78417e-07 0 0)
(-2.78417e-07 0 0)
(-2.78417e-07 0 0)
(-2.78417e-07 0 0)
(-2.78417e-07 0 0)
(-2.78417e-07 0 0)
(-2.78417e-07 0 0)
(-2.78417e-07 0 0)
(-2.78417e-07 0 0)
(-2.78417e-07 0 0)
(-2.78417e-07 0 0)
(-2.78417e-07 0 0)
(-2.78417e-07 0 0)
(-2.78417e-07 0 0)
(-2.78417e-07 0 0)
(-2.78417e-07 0 0)
(-2.78417e-07 0 0)
(-2.78417e-07 0 0)
(-2.78417e-07 0 0)
(-2.78417e-07 0 0)
(-2.78417e-07 0 0)
(-2.78417e-07 0 0)
(-2.78417e-07 0 0)
(-2.78417e-07 0 0)
(-2.78417e-07 0 0)
(-2.78417e-07 0 0)
(-2.78417e-07 0 0)
(-2.78417e-07 0 0)
(-2.78417e-07 0 0)
(-2.78417e-07 0 0)
(-2.78417e-07 0 0)
(-2.78417e-07 0 0)
(-2.78417e-07 0 0)
(-2.78417e-07 0 0)
(-2.78417e-07 0 0)
(-2.78417e-07 0 0)
(-2.78418e-07 0 0)
(-2.78418e-07 0 0)
(-2.78418e-07 0 0)
(-2.78418e-07 0 0)
(-2.78418e-07 0 0)
(-2.78418e-07 0 0)
(-2.78418e-07 0 0)
(-2.78418e-07 0 0)
(-2.78418e-07 0 0)
(-2.78418e-07 0 0)
(-2.78418e-07 0 0)
(-2.78418e-07 0 0)
(-2.78418e-07 0 0)
(-2.78418e-07 0 0)
(-2.78418e-07 0 0)
(-2.78418e-07 0 0)
(-2.78418e-07 0 0)
(-2.78418e-07 0 0)
(-2.78418e-07 0 0)
(-2.78418e-07 0 0)
(-2.78418e-07 0 0)
(-2.78418e-07 0 0)
(-2.78418e-07 0 0)
(-2.78418e-07 0 0)
(-2.78418e-07 0 0)
(-2.78418e-07 0 0)
(-2.78418e-07 0 0)
(-2.78418e-07 0 0)
(-2.78418e-07 0 0)
(-2.78418e-07 0 0)
(-2.78418e-07 0 0)
(-2.78418e-07 0 0)
(-2.78418e-07 0 0)
(-2.78418e-07 0 0)
(-2.78418e-07 0 0)
(-2.78418e-07 0 0)
(-2.78418e-07 0 0)
(-2.78418e-07 0 0)
(-2.78418e-07 0 0)
(-2.78418e-07 0 0)
(-2.78418e-07 0 0)
(-2.78418e-07 0 0)
(-2.78418e-07 0 0)
(-2.78418e-07 0 0)
(-2.78418e-07 0 0)
(-2.78418e-07 0 0)
(-2.78418e-07 0 0)
(-2.78418e-07 0 0)
(-2.78418e-07 0 0)
(-2.78418e-07 0 0)
(-2.78418e-07 0 0)
(-2.78418e-07 0 0)
(-2.78418e-07 0 0)
(-2.78418e-07 0 0)
(-2.78418e-07 0 0)
(-2.78418e-07 0 0)
(-2.78418e-07 0 0)
(-2.78418e-07 0 0)
(-2.78418e-07 0 0)
(-2.78418e-07 0 0)
(-2.78418e-07 0 0)
(-2.78418e-07 0 0)
(-2.78418e-07 0 0)
(-2.78418e-07 0 0)
(-2.78418e-07 0 0)
(-2.78418e-07 0 0)
(-2.78418e-07 0 0)
(-2.78418e-07 0 0)
(-2.78418e-07 0 0)
(-2.78418e-07 0 0)
(-2.78418e-07 0 0)
(-2.78418e-07 0 0)
(-2.78418e-07 0 0)
(-2.78418e-07 0 0)
(-2.78418e-07 0 0)
(-2.78418e-07 0 0)
(-2.78418e-07 0 0)
(-2.78418e-07 0 0)
(-2.78418e-07 0 0)
(-2.78418e-07 0 0)
(-2.78418e-07 0 0)
(-2.78418e-07 0 0)
(-2.78418e-07 0 0)
(-2.78418e-07 0 0)
(-2.78418e-07 0 0)
(-2.78418e-07 0 0)
(-2.78418e-07 0 0)
(-2.78418e-07 0 0)
(-2.78418e-07 0 0)
(-2.78418e-07 0 0)
(-2.78418e-07 0 0)
(-2.78418e-07 0 0)
(-2.78418e-07 0 0)
(-2.78418e-07 0 0)
(-2.78418e-07 0 0)
(-2.78418e-07 0 0)
(-2.78418e-07 0 0)
(-2.78418e-07 0 0)
(-2.78418e-07 0 0)
(-2.78418e-07 0 0)
(-2.78418e-07 0 0)
(-2.78418e-07 0 0)
(-2.78418e-07 0 0)
(-2.78418e-07 0 0)
(-2.78418e-07 0 0)
(-2.78418e-07 0 0)
(-2.78418e-07 0 0)
(-2.78418e-07 0 0)
(-2.78418e-07 0 0)
(-2.78418e-07 0 0)
(-2.78418e-07 0 0)
(-2.78418e-07 0 0)
(-2.78418e-07 0 0)
(-2.78418e-07 0 0)
(-2.78418e-07 0 0)
(-2.78418e-07 0 0)
(-2.78418e-07 0 0)
(-2.78418e-07 0 0)
(-2.78418e-07 0 0)
(-2.78418e-07 0 0)
(-2.78418e-07 0 0)
(-2.78418e-07 0 0)
(-2.78418e-07 0 0)
(-2.78418e-07 0 0)
(-2.78418e-07 0 0)
(-2.78418e-07 0 0)
(-2.78418e-07 0 0)
(-2.78418e-07 0 0)
(-2.78418e-07 0 0)
(-2.78418e-07 0 0)
(-2.78418e-07 0 0)
(-2.78418e-07 0 0)
(-2.78418e-07 0 0)
(-2.78418e-07 0 0)
(-2.78418e-07 0 0)
(-2.78418e-07 0 0)
(-2.78418e-07 0 0)
(-2.78418e-07 0 0)
(-2.78418e-07 0 0)
(-2.78418e-07 0 0)
(-2.78418e-07 0 0)
(-2.78418e-07 0 0)
(-2.78418e-07 0 0)
(-2.78418e-07 0 0)
(-2.78418e-07 0 0)
(-2.78418e-07 0 0)
(-2.78418e-07 0 0)
(-2.78418e-07 0 0)
(-2.78418e-07 0 0)
(-2.78418e-07 0 0)
(-2.78418e-07 0 0)
(-2.78418e-07 0 0)
(-2.78418e-07 0 0)
(-2.78418e-07 0 0)
(-2.78418e-07 0 0)
(-2.78418e-07 0 0)
(-2.78418e-07 0 0)
(-2.78418e-07 0 0)
(-2.78418e-07 0 0)
(-2.78418e-07 0 0)
(-2.78418e-07 0 0)
(-2.78418e-07 0 0)
(-2.78418e-07 0 0)
(-2.78418e-07 0 0)
(-2.78418e-07 0 0)
(-2.78418e-07 0 0)
(-2.78418e-07 0 0)
(-2.78418e-07 0 0)
(-2.78418e-07 0 0)
(-2.78418e-07 0 0)
(-2.78418e-07 0 0)
(-2.78418e-07 0 0)
(-2.78418e-07 0 0)
(-2.78418e-07 0 0)
(-2.78418e-07 0 0)
(-2.78418e-07 0 0)
(-2.78418e-07 0 0)
(-2.78418e-07 0 0)
(-2.78418e-07 0 0)
(-2.78418e-07 0 0)
(-2.78418e-07 0 0)
(-2.78418e-07 0 0)
(-2.78418e-07 0 0)
(-2.78418e-07 0 0)
(-2.78418e-07 0 0)
(-2.78418e-07 0 0)
(-2.78418e-07 0 0)
(-2.78418e-07 0 0)
(-2.78418e-07 0 0)
(-2.78418e-07 0 0)
(-2.78418e-07 0 0)
(-2.78418e-07 0 0)
(-2.78418e-07 0 0)
(-2.78418e-07 0 0)
(-2.78418e-07 0 0)
(-2.78418e-07 0 0)
(-2.78418e-07 0 0)
(-2.78418e-07 0 0)
(-2.78418e-07 0 0)
(-2.78418e-07 0 0)
(-2.78418e-07 0 0)
(-2.78418e-07 0 0)
(-2.78418e-07 0 0)
(-2.78418e-07 0 0)
(-2.78418e-07 0 0)
(-2.78418e-07 0 0)
(-2.78418e-07 0 0)
(-2.78418e-07 0 0)
(-2.78418e-07 0 0)
(-2.78418e-07 0 0)
(-2.78418e-07 0 0)
(-2.78418e-07 0 0)
(-2.78418e-07 0 0)
(-2.78418e-07 0 0)
(-2.78418e-07 0 0)
(-2.78418e-07 0 0)
(-2.78418e-07 0 0)
(-2.78418e-07 0 0)
(-2.78418e-07 0 0)
(-2.78418e-07 0 0)
(-2.78418e-07 0 0)
(-2.78418e-07 0 0)
(-2.78418e-07 0 0)
(-2.78418e-07 0 0)
(-2.78418e-07 0 0)
(-2.78418e-07 0 0)
(-2.78418e-07 0 0)
(-2.78418e-07 0 0)
(-2.78418e-07 0 0)
(-2.78418e-07 0 0)
(-2.78418e-07 0 0)
(-2.78418e-07 0 0)
(-2.78418e-07 0 0)
(-2.78418e-07 0 0)
(-2.78418e-07 0 0)
(-2.78418e-07 0 0)
(-2.78418e-07 0 0)
(-2.78418e-07 0 0)
(-2.78418e-07 0 0)
(-2.78418e-07 0 0)
(-2.78418e-07 0 0)
(-2.78418e-07 0 0)
(-2.78418e-07 0 0)
(-2.78418e-07 0 0)
(-2.78418e-07 0 0)
(-2.78418e-07 0 0)
(-2.78418e-07 0 0)
(-2.78418e-07 0 0)
(-2.78418e-07 0 0)
(-2.78418e-07 0 0)
(-2.78418e-07 0 0)
(-2.78418e-07 0 0)
(-2.78418e-07 0 0)
(-2.78418e-07 0 0)
(-2.78418e-07 0 0)
(-2.78418e-07 0 0)
(-2.78418e-07 0 0)
(-2.78418e-07 0 0)
(-2.78418e-07 0 0)
(-2.78418e-07 0 0)
(-2.78418e-07 0 0)
(-2.78418e-07 0 0)
(-2.78418e-07 0 0)
(-2.78418e-07 0 0)
(-2.78418e-07 0 0)
(-2.78418e-07 0 0)
(-2.78418e-07 0 0)
(-2.78418e-07 0 0)
(-2.78418e-07 0 0)
(-2.78418e-07 0 0)
(-2.78418e-07 0 0)
(-2.78418e-07 0 0)
(-2.78418e-07 0 0)
(-2.78418e-07 0 0)
(-2.78418e-07 0 0)
(-2.78418e-07 0 0)
(-2.78418e-07 0 0)
(-2.78418e-07 0 0)
(-2.78418e-07 0 0)
(-2.78418e-07 0 0)
(-2.78418e-07 0 0)
(-2.78418e-07 0 0)
(-2.78418e-07 0 0)
(-2.78418e-07 0 0)
(-2.78418e-07 0 0)
(-2.78418e-07 0 0)
(-2.78418e-07 0 0)
(-2.78418e-07 0 0)
(-2.78418e-07 0 0)
(-2.78418e-07 0 0)
(-2.78418e-07 0 0)
(-2.78418e-07 0 0)
(-2.78418e-07 0 0)
(-2.78418e-07 0 0)
(-2.78418e-07 0 0)
(-2.78418e-07 0 0)
(-2.78418e-07 0 0)
(-2.78418e-07 0 0)
(-2.78418e-07 0 0)
(-2.78418e-07 0 0)
(-2.78418e-07 0 0)
(-2.78418e-07 0 0)
(-2.78418e-07 0 0)
(-2.78418e-07 0 0)
(-2.78418e-07 0 0)
(-2.78418e-07 0 0)
(-2.78418e-07 0 0)
(-2.78418e-07 0 0)
(-2.78418e-07 0 0)
(-2.78418e-07 0 0)
(-2.78418e-07 0 0)
(-2.78418e-07 0 0)
(-2.78418e-07 0 0)
(-2.78418e-07 0 0)
(-2.78418e-07 0 0)
(-2.78418e-07 0 0)
(-2.78418e-07 0 0)
(-2.78418e-07 0 0)
(-2.78418e-07 0 0)
(-2.78418e-07 0 0)
(-2.78418e-07 0 0)
(-2.78418e-07 0 0)
(-2.78418e-07 0 0)
(-2.78418e-07 0 0)
(-2.78418e-07 0 0)
(-2.78418e-07 0 0)
(-2.78418e-07 0 0)
(-2.78418e-07 0 0)
(-2.78418e-07 0 0)
(-2.78418e-07 0 0)
(-2.78418e-07 0 0)
(-2.78418e-07 0 0)
(-2.78418e-07 0 0)
(-2.78418e-07 0 0)
(-2.78418e-07 0 0)
(-2.78418e-07 0 0)
(-2.78418e-07 0 0)
(-2.78418e-07 0 0)
(-2.78418e-07 0 0)
(-2.78418e-07 0 0)
(-2.78418e-07 0 0)
(-2.78418e-07 0 0)
(-2.78418e-07 0 0)
(-2.78418e-07 0 0)
(-2.78418e-07 0 0)
(-2.78418e-07 0 0)
(-2.78418e-07 0 0)
(-2.78418e-07 0 0)
(-2.78418e-07 0 0)
(-2.78418e-07 0 0)
(-2.78418e-07 0 0)
(-2.78418e-07 0 0)
(-2.78418e-07 0 0)
(-2.78418e-07 0 0)
(-2.78418e-07 0 0)
(-2.78418e-07 0 0)
(-2.78418e-07 0 0)
(-2.78418e-07 0 0)
(-2.78418e-07 0 0)
(-2.78418e-07 0 0)
(-2.78418e-07 0 0)
(-2.78418e-07 0 0)
(-2.78418e-07 0 0)
(-2.78418e-07 0 0)
(-2.78418e-07 0 0)
(-2.78418e-07 0 0)
(-2.78418e-07 0 0)
(-2.78418e-07 0 0)
(-2.78418e-07 0 0)
(-2.78418e-07 0 0)
(-2.78418e-07 0 0)
(-2.78418e-07 0 0)
(-2.78418e-07 0 0)
(-2.78418e-07 0 0)
(-2.78418e-07 0 0)
(-2.78418e-07 0 0)
(-2.78418e-07 0 0)
(-2.78418e-07 0 0)
(-2.78418e-07 0 0)
(-2.78418e-07 0 0)
(-2.78418e-07 0 0)
(-2.78418e-07 0 0)
(-2.78418e-07 0 0)
(-2.78418e-07 0 0)
(-2.78418e-07 0 0)
(-2.78418e-07 0 0)
(-2.78418e-07 0 0)
(-2.78418e-07 0 0)
(-2.78418e-07 0 0)
(-2.78418e-07 0 0)
(-2.78418e-07 0 0)
(-2.78418e-07 0 0)
(-2.78418e-07 0 0)
(-2.78418e-07 0 0)
(-2.78418e-07 0 0)
(-2.78418e-07 0 0)
(-2.78418e-07 0 0)
(-2.78418e-07 0 0)
(-2.78418e-07 0 0)
(-2.78418e-07 0 0)
(-2.78418e-07 0 0)
(-2.78418e-07 0 0)
(-2.78418e-07 0 0)
(-2.78418e-07 0 0)
(-2.78418e-07 0 0)
(-2.78418e-07 0 0)
(-2.78418e-07 0 0)
(-2.78418e-07 0 0)
(-2.78418e-07 0 0)
(-2.78418e-07 0 0)
(-2.78418e-07 0 0)
(-2.78418e-07 0 0)
(-2.78418e-07 0 0)
(-2.78418e-07 0 0)
(-2.78418e-07 0 0)
(-2.78418e-07 0 0)
(-2.78418e-07 0 0)
(-2.78418e-07 0 0)
(-2.78418e-07 0 0)
(-2.78418e-07 0 0)
(-2.78418e-07 0 0)
(-2.78418e-07 0 0)
(-2.78418e-07 0 0)
(-2.78418e-07 0 0)
(-2.78418e-07 0 0)
(-2.78418e-07 0 0)
(-2.78418e-07 0 0)
(-2.78418e-07 0 0)
(-2.78418e-07 0 0)
(-2.78418e-07 0 0)
(-2.78418e-07 0 0)
(-2.78418e-07 0 0)
(-2.78418e-07 0 0)
(-2.78418e-07 0 0)
(-2.78418e-07 0 0)
(-2.78418e-07 0 0)
(-2.78418e-07 0 0)
(-2.78418e-07 0 0)
(-2.78418e-07 0 0)
(-2.78418e-07 0 0)
(-2.78418e-07 0 0)
(-2.78418e-07 0 0)
(-2.78418e-07 0 0)
(-2.78418e-07 0 0)
(-2.78418e-07 0 0)
(-2.78418e-07 0 0)
(-2.78418e-07 0 0)
(-2.78418e-07 0 0)
(-2.78418e-07 0 0)
(-2.78418e-07 0 0)
(-2.78418e-07 0 0)
(-2.78418e-07 0 0)
(-2.78418e-07 0 0)
(-2.78418e-07 0 0)
(-2.78418e-07 0 0)
(-2.78418e-07 0 0)
(-2.78418e-07 0 0)
(-2.78418e-07 0 0)
(-2.78418e-07 0 0)
(-2.78418e-07 0 0)
(-2.78418e-07 0 0)
(-2.78418e-07 0 0)
(-2.78418e-07 0 0)
(-2.78418e-07 0 0)
(-2.78418e-07 0 0)
(-2.78418e-07 0 0)
(-2.78418e-07 0 0)
(-2.78418e-07 0 0)
(-2.78418e-07 0 0)
(-2.78418e-07 0 0)
(-2.78418e-07 0 0)
(-2.78418e-07 0 0)
(-2.78418e-07 0 0)
(-2.78418e-07 0 0)
(-2.78418e-07 0 0)
(-2.78418e-07 0 0)
(-2.78418e-07 0 0)
(-2.78418e-07 0 0)
(-2.78418e-07 0 0)
(-2.78418e-07 0 0)
(-2.78418e-07 0 0)
(-2.78418e-07 0 0)
(-2.78418e-07 0 0)
(-2.78418e-07 0 0)
(-2.78418e-07 0 0)
(-2.78418e-07 0 0)
(-2.78418e-07 0 0)
(-2.78418e-07 0 0)
(-2.78418e-07 0 0)
(-2.78418e-07 0 0)
(-2.78418e-07 0 0)
(-2.78418e-07 0 0)
(-2.78418e-07 0 0)
(-2.78418e-07 0 0)
(-2.78418e-07 0 0)
(-2.78418e-07 0 0)
(-2.78418e-07 0 0)
(-2.78418e-07 0 0)
(-2.78418e-07 0 0)
(-2.78418e-07 0 0)
(-2.78418e-07 0 0)
(-2.78418e-07 0 0)
(-2.78418e-07 0 0)
(-2.78418e-07 0 0)
(-2.78418e-07 0 0)
(-2.78418e-07 0 0)
(-2.78418e-07 0 0)
(-2.78418e-07 0 0)
(-2.78418e-07 0 0)
(-2.78418e-07 0 0)
(-2.78418e-07 0 0)
(-2.78418e-07 0 0)
(-2.78418e-07 0 0)
(-2.78418e-07 0 0)
(-2.78418e-07 0 0)
(-2.78418e-07 0 0)
(-2.78418e-07 0 0)
(-2.78418e-07 0 0)
(-2.78418e-07 0 0)
(-2.78418e-07 0 0)
(-2.78418e-07 0 0)
(-2.78418e-07 0 0)
(-2.78418e-07 0 0)
(-2.78418e-07 0 0)
(-2.78418e-07 0 0)
(-2.78418e-07 0 0)
(-2.78418e-07 0 0)
(-2.78418e-07 0 0)
(-2.78418e-07 0 0)
(-2.78418e-07 0 0)
(-2.78418e-07 0 0)
(-2.78418e-07 0 0)
(-2.78418e-07 0 0)
(-2.78418e-07 0 0)
(-2.78418e-07 0 0)
(-2.78418e-07 0 0)
(-2.78418e-07 0 0)
(-2.78418e-07 0 0)
(-2.78418e-07 0 0)
(-2.78418e-07 0 0)
(-2.78418e-07 0 0)
(-2.78418e-07 0 0)
(-2.78418e-07 0 0)
(-2.78418e-07 0 0)
(-2.78418e-07 0 0)
(-2.78418e-07 0 0)
(-2.78418e-07 0 0)
(-2.78418e-07 0 0)
(-2.78418e-07 0 0)
(-2.78418e-07 0 0)
(-2.78418e-07 0 0)
(-2.78418e-07 0 0)
(-2.78418e-07 0 0)
(-2.78418e-07 0 0)
(-2.78418e-07 0 0)
(-2.78418e-07 0 0)
(-2.78418e-07 0 0)
(-2.78418e-07 0 0)
(-2.78418e-07 0 0)
(-2.78418e-07 0 0)
(-2.78418e-07 0 0)
(-2.78418e-07 0 0)
(-2.78418e-07 0 0)
(-2.78418e-07 0 0)
(-2.78418e-07 0 0)
(-2.78418e-07 0 0)
(-2.78418e-07 0 0)
(-2.78418e-07 0 0)
(-2.78418e-07 0 0)
(-2.78418e-07 0 0)
(-2.78418e-07 0 0)
(-2.78418e-07 0 0)
(-2.78418e-07 0 0)
(-2.78418e-07 0 0)
(-2.78418e-07 0 0)
(-2.78418e-07 0 0)
(-2.78418e-07 0 0)
(-2.78418e-07 0 0)
(-2.78418e-07 0 0)
(-2.78418e-07 0 0)
(-2.78418e-07 0 0)
(-2.78418e-07 0 0)
(-2.78418e-07 0 0)
(-2.78418e-07 0 0)
(-2.78418e-07 0 0)
(-2.78418e-07 0 0)
(-2.78418e-07 0 0)
(-2.78418e-07 0 0)
(-2.78418e-07 0 0)
(-2.78418e-07 0 0)
(-2.78418e-07 0 0)
(-2.78418e-07 0 0)
(-2.78418e-07 0 0)
(-2.78418e-07 0 0)
(-2.78418e-07 0 0)
(-2.78418e-07 0 0)
(-2.78418e-07 0 0)
(-2.78418e-07 0 0)
(-2.78418e-07 0 0)
(-2.78418e-07 0 0)
(-2.78418e-07 0 0)
(-2.78418e-07 0 0)
(-2.78418e-07 0 0)
(-2.78418e-07 0 0)
(-2.78418e-07 0 0)
(-2.78418e-07 0 0)
(-2.78418e-07 0 0)
(-2.78418e-07 0 0)
(-2.78418e-07 0 0)
(-2.78418e-07 0 0)
(-2.78418e-07 0 0)
(-2.78418e-07 0 0)
(-2.78418e-07 0 0)
(-2.78418e-07 0 0)
(-2.78418e-07 0 0)
(-2.78418e-07 0 0)
(-2.78418e-07 0 0)
(-2.78418e-07 0 0)
(-2.78418e-07 0 0)
(-2.78418e-07 0 0)
(-2.78418e-07 0 0)
(-2.78418e-07 0 0)
(-2.78418e-07 0 0)
(-2.78418e-07 0 0)
(-2.78418e-07 0 0)
(-2.78418e-07 0 0)
(-2.78418e-07 0 0)
(-2.78418e-07 0 0)
(-2.78418e-07 0 0)
(-2.78418e-07 0 0)
(-2.78418e-07 0 0)
(-2.78418e-07 0 0)
(-2.78418e-07 0 0)
(-2.78418e-07 0 0)
(-2.78418e-07 0 0)
(-2.78418e-07 0 0)
(-2.78418e-07 0 0)
(-2.78418e-07 0 0)
(-2.78418e-07 0 0)
(-2.78418e-07 0 0)
(-2.78418e-07 0 0)
(-2.78418e-07 0 0)
(-2.78418e-07 0 0)
(-2.78418e-07 0 0)
(-2.78418e-07 0 0)
(-2.78418e-07 0 0)
(-2.78418e-07 0 0)
(-2.78418e-07 0 0)
(-2.78418e-07 0 0)
(-2.78418e-07 0 0)
(-2.78418e-07 0 0)
(-2.78418e-07 0 0)
(-2.78418e-07 0 0)
(-2.78418e-07 0 0)
(-2.78418e-07 0 0)
(-2.78418e-07 0 0)
(-2.78418e-07 0 0)
(-2.78418e-07 0 0)
(-2.78418e-07 0 0)
(-2.78418e-07 0 0)
(-2.78418e-07 0 0)
(-2.78418e-07 0 0)
(-2.78418e-07 0 0)
(-2.78418e-07 0 0)
(-2.78418e-07 0 0)
(-2.78418e-07 0 0)
(-2.78418e-07 0 0)
(-2.78418e-07 0 0)
(-2.78418e-07 0 0)
(-2.78418e-07 0 0)
(-2.78418e-07 0 0)
(-2.78418e-07 0 0)
(-2.78418e-07 0 0)
(-2.78418e-07 0 0)
(-2.78418e-07 0 0)
(-2.78418e-07 0 0)
(-2.78418e-07 0 0)
(-2.78418e-07 0 0)
(-2.78418e-07 0 0)
(-2.78418e-07 0 0)
(-2.78418e-07 0 0)
(-2.78418e-07 0 0)
(-2.78418e-07 0 0)
(-2.78418e-07 0 0)
(-2.78418e-07 0 0)
(-2.78418e-07 0 0)
(-2.78418e-07 0 0)
(-2.78418e-07 0 0)
(-2.78418e-07 0 0)
(-2.78418e-07 0 0)
(-2.78418e-07 0 0)
(-2.78418e-07 0 0)
(-2.78418e-07 0 0)
(-2.78418e-07 0 0)
(-2.78418e-07 0 0)
(-2.78418e-07 0 0)
(-2.78418e-07 0 0)
(-2.78418e-07 0 0)
(-2.78418e-07 0 0)
(-2.78418e-07 0 0)
(-2.78418e-07 0 0)
(-2.78418e-07 0 0)
(-2.78418e-07 0 0)
(-2.78418e-07 0 0)
(-2.78418e-07 0 0)
(-2.78418e-07 0 0)
(-2.78418e-07 0 0)
(-2.78418e-07 0 0)
(-2.78418e-07 0 0)
(-2.78418e-07 0 0)
(-2.78418e-07 0 0)
(-2.78418e-07 0 0)
(-2.78418e-07 0 0)
(-2.78418e-07 0 0)
(-2.78418e-07 0 0)
(-2.78418e-07 0 0)
(-2.78418e-07 0 0)
(-2.78418e-07 0 0)
(-2.78418e-07 0 0)
(-2.78418e-07 0 0)
(-2.78418e-07 0 0)
(-2.78418e-07 0 0)
(-2.78418e-07 0 0)
(-2.78418e-07 0 0)
(-2.78418e-07 0 0)
(-2.78418e-07 0 0)
(-2.78418e-07 0 0)
(-2.78418e-07 0 0)
(-2.78418e-07 0 0)
(-2.78418e-07 0 0)
(-2.78418e-07 0 0)
(-2.78418e-07 0 0)
(-2.78418e-07 0 0)
(-2.78418e-07 0 0)
(-2.78418e-07 0 0)
(-2.78418e-07 0 0)
(-2.78418e-07 0 0)
(-2.78418e-07 0 0)
(-2.78418e-07 0 0)
(-2.78418e-07 0 0)
(-2.78418e-07 0 0)
(-2.78418e-07 0 0)
(-2.78418e-07 0 0)
(-2.78418e-07 0 0)
(-2.78418e-07 0 0)
(-2.78418e-07 0 0)
(-2.78418e-07 0 0)
(-2.78418e-07 0 0)
(-2.78418e-07 0 0)
(-2.78418e-07 0 0)
(-2.78418e-07 0 0)
(-2.78418e-07 0 0)
(-2.78418e-07 0 0)
(-2.78418e-07 0 0)
(-2.78418e-07 0 0)
(-2.78418e-07 0 0)
(-2.78418e-07 0 0)
(-2.78418e-07 0 0)
(-2.78418e-07 0 0)
(-2.78418e-07 0 0)
(-2.78418e-07 0 0)
(-2.78418e-07 0 0)
(-2.78418e-07 0 0)
(-2.78418e-07 0 0)
(-2.78418e-07 0 0)
(-2.78418e-07 0 0)
(-2.78418e-07 0 0)
(-2.78418e-07 0 0)
(-2.78418e-07 0 0)
(-2.78418e-07 0 0)
(-2.78418e-07 0 0)
(-2.78418e-07 0 0)
(-2.78418e-07 0 0)
(-2.78418e-07 0 0)
(-2.78418e-07 0 0)
(-2.78418e-07 0 0)
(-2.78418e-07 0 0)
(-2.78418e-07 0 0)
(-2.78418e-07 0 0)
(-2.78418e-07 0 0)
(-2.78418e-07 0 0)
(-2.78418e-07 0 0)
(-2.78418e-07 0 0)
(-2.78418e-07 0 0)
(-2.78418e-07 0 0)
(-2.78418e-07 0 0)
(-2.78418e-07 0 0)
(-2.78418e-07 0 0)
(-2.78418e-07 0 0)
(-2.78418e-07 0 0)
(-2.78418e-07 0 0)
(-2.78418e-07 0 0)
(-2.78418e-07 0 0)
(-2.78418e-07 0 0)
(-2.78418e-07 0 0)
(-2.78418e-07 0 0)
(-2.78418e-07 0 0)
(-2.78418e-07 0 0)
(-2.78418e-07 0 0)
(-2.78418e-07 0 0)
(-2.78418e-07 0 0)
(-2.78418e-07 0 0)
(-2.78418e-07 0 0)
(-2.78418e-07 0 0)
(-2.78418e-07 0 0)
(-2.78418e-07 0 0)
(-2.78418e-07 0 0)
(-2.78418e-07 0 0)
(-2.78418e-07 0 0)
(-2.78418e-07 0 0)
(-2.78418e-07 0 0)
(-2.78418e-07 0 0)
(-2.78418e-07 0 0)
(-2.78418e-07 0 0)
(-2.78418e-07 0 0)
(-2.78418e-07 0 0)
(-2.78418e-07 0 0)
(-2.78418e-07 0 0)
(-2.78418e-07 0 0)
(-2.78418e-07 0 0)
(-2.78418e-07 0 0)
(-2.78418e-07 0 0)
(-2.78418e-07 0 0)
(-2.78418e-07 0 0)
(-2.78418e-07 0 0)
(-2.78418e-07 0 0)
(-2.78418e-07 0 0)
(-2.78418e-07 0 0)
(-2.78418e-07 0 0)
(-2.78418e-07 0 0)
(-2.78418e-07 0 0)
(-2.78418e-07 0 0)
(-2.78418e-07 0 0)
(-2.78418e-07 0 0)
(-2.78418e-07 0 0)
(-2.78418e-07 0 0)
(-2.78418e-07 0 0)
(-2.78418e-07 0 0)
(-2.78418e-07 0 0)
(-2.78418e-07 0 0)
(-2.78417e-07 0 0)
(-2.78417e-07 0 0)
(-2.78417e-07 0 0)
(-2.78417e-07 0 0)
(-2.78417e-07 0 0)
(-2.78417e-07 0 0)
(-2.78417e-07 0 0)
(-2.78417e-07 0 0)
(-2.78417e-07 0 0)
(-2.78417e-07 0 0)
(-2.78417e-07 0 0)
(-2.78417e-07 0 0)
(-2.78417e-07 0 0)
(-2.78417e-07 0 0)
(-2.78417e-07 0 0)
(-2.78417e-07 0 0)
(-2.78417e-07 0 0)
(-2.78417e-07 0 0)
(-2.78417e-07 0 0)
(-2.78417e-07 0 0)
(-2.78417e-07 0 0)
(-2.78417e-07 0 0)
(-2.78417e-07 0 0)
(-2.78417e-07 0 0)
(-2.78417e-07 0 0)
(-2.78417e-07 0 0)
(-2.78417e-07 0 0)
(-2.78417e-07 0 0)
(-2.78417e-07 0 0)
(-2.78417e-07 0 0)
(-2.78417e-07 0 0)
(-2.78417e-07 0 0)
(-2.78417e-07 0 0)
(-2.78417e-07 0 0)
(-2.78417e-07 0 0)
(-2.78417e-07 0 0)
(-2.78417e-07 0 0)
(-2.78417e-07 0 0)
(-2.78417e-07 0 0)
(-2.78417e-07 0 0)
(-2.78417e-07 0 0)
(-2.78417e-07 0 0)
(-2.78417e-07 0 0)
(-2.78417e-07 0 0)
(-2.78417e-07 0 0)
(-2.78417e-07 0 0)
(-2.78417e-07 0 0)
(-2.78417e-07 0 0)
(-2.78417e-07 0 0)
(-2.78417e-07 0 0)
(-2.78417e-07 0 0)
(-2.78417e-07 0 0)
(-2.78417e-07 0 0)
(-2.78417e-07 0 0)
(-2.78417e-07 0 0)
(-2.78417e-07 0 0)
(-2.78417e-07 0 0)
(-2.78417e-07 0 0)
(-2.78417e-07 0 0)
(-2.78417e-07 0 0)
(-2.78417e-07 0 0)
(-2.78417e-07 0 0)
(-2.78417e-07 0 0)
(-2.78417e-07 0 0)
(-2.78417e-07 0 0)
(-2.78417e-07 0 0)
(-2.78417e-07 0 0)
(-2.78417e-07 0 0)
(-2.78417e-07 0 0)
(-2.78417e-07 0 0)
(-2.78417e-07 0 0)
(-2.78417e-07 0 0)
(-2.78417e-07 0 0)
(-2.78417e-07 0 0)
(-2.78417e-07 0 0)
(-2.78417e-07 0 0)
(-2.78417e-07 0 0)
(-2.78417e-07 0 0)
(-2.78417e-07 0 0)
(-2.78417e-07 0 0)
(-2.78417e-07 0 0)
(-2.78417e-07 0 0)
(-2.78417e-07 0 0)
(-2.78417e-07 0 0)
(-2.78417e-07 0 0)
(-2.78417e-07 0 0)
(-2.78417e-07 0 0)
(-2.78417e-07 0 0)
(-2.78417e-07 0 0)
(-2.78417e-07 0 0)
(-2.78417e-07 0 0)
(-2.78417e-07 0 0)
(-2.78417e-07 0 0)
(-2.78417e-07 0 0)
(-2.78417e-07 0 0)
(-2.78417e-07 0 0)
(-2.78417e-07 0 0)
(-2.78417e-07 0 0)
(-2.78417e-07 0 0)
(-2.78417e-07 0 0)
(-2.78417e-07 0 0)
(-2.78417e-07 0 0)
(-2.78417e-07 0 0)
(-2.78417e-07 0 0)
(-2.78417e-07 0 0)
(-2.78417e-07 0 0)
(-2.78417e-07 0 0)
(-2.78417e-07 0 0)
(-2.78417e-07 0 0)
(-2.78417e-07 0 0)
(-2.78417e-07 0 0)
(-2.78417e-07 0 0)
(-2.78417e-07 0 0)
(-2.78417e-07 0 0)
(-2.78417e-07 0 0)
(-2.78417e-07 0 0)
(-2.78417e-07 0 0)
(-2.78417e-07 0 0)
(-2.78417e-07 0 0)
(-2.78417e-07 0 0)
(-2.78417e-07 0 0)
(-2.78417e-07 0 0)
(-2.78417e-07 0 0)
(-2.78417e-07 0 0)
(-2.78417e-07 0 0)
(-2.78417e-07 0 0)
(-2.78417e-07 0 0)
(-2.78417e-07 0 0)
(-2.78417e-07 0 0)
(-2.78417e-07 0 0)
(-2.78417e-07 0 0)
(-2.78417e-07 0 0)
(-2.78417e-07 0 0)
(-2.78417e-07 0 0)
(-2.78417e-07 0 0)
(-2.78417e-07 0 0)
(-2.78417e-07 0 0)
(-2.78417e-07 0 0)
(-2.78417e-07 0 0)
(-2.78417e-07 0 0)
(-2.78417e-07 0 0)
(-2.78417e-07 0 0)
(-2.78417e-07 0 0)
(-2.78417e-07 0 0)
(-2.78417e-07 0 0)
(-2.78417e-07 0 0)
(-2.78417e-07 0 0)
(-2.78417e-07 0 0)
(-2.78417e-07 0 0)
(-2.78417e-07 0 0)
(-2.78417e-07 0 0)
(-2.78417e-07 0 0)
(-2.78417e-07 0 0)
(-2.78417e-07 0 0)
(-2.78417e-07 0 0)
(-2.78417e-07 0 0)
(-2.78417e-07 0 0)
(-2.78417e-07 0 0)
(-2.78417e-07 0 0)
(-2.78417e-07 0 0)
(-2.78417e-07 0 0)
(-2.78417e-07 0 0)
(-2.78417e-07 0 0)
(-2.78417e-07 0 0)
(-2.78417e-07 0 0)
(-2.78417e-07 0 0)
(-2.78417e-07 0 0)
(-2.78417e-07 0 0)
(-2.78417e-07 0 0)
(-2.78417e-07 0 0)
(-2.78417e-07 0 0)
(-2.78417e-07 0 0)
(-2.78417e-07 0 0)
(-2.78417e-07 0 0)
(-2.78417e-07 0 0)
(-2.78417e-07 0 0)
(-2.78417e-07 0 0)
(-2.78417e-07 0 0)
(-2.78417e-07 0 0)
(-2.78417e-07 0 0)
(-2.78417e-07 0 0)
(-2.78417e-07 0 0)
(-2.78417e-07 0 0)
(-2.78417e-07 0 0)
(-2.78417e-07 0 0)
(-2.78417e-07 0 0)
(-2.78417e-07 0 0)
(-2.78417e-07 0 0)
(-2.78417e-07 0 0)
(-2.78417e-07 0 0)
(-2.78417e-07 0 0)
(-2.78417e-07 0 0)
(-2.78417e-07 0 0)
(-2.78417e-07 0 0)
(-2.78417e-07 0 0)
(-2.78417e-07 0 0)
(-2.78417e-07 0 0)
(-2.78417e-07 0 0)
(-2.78417e-07 0 0)
(-2.78417e-07 0 0)
(-2.78417e-07 0 0)
(-2.78417e-07 0 0)
(-2.78417e-07 0 0)
(-2.78417e-07 0 0)
(-2.78417e-07 0 0)
(-2.78417e-07 0 0)
(-2.78417e-07 0 0)
(-2.78417e-07 0 0)
(-2.78417e-07 0 0)
(-2.78417e-07 0 0)
(-2.78417e-07 0 0)
(-2.78417e-07 0 0)
(-2.78417e-07 0 0)
(-2.78417e-07 0 0)
(-2.78417e-07 0 0)
(-2.78417e-07 0 0)
(-2.78417e-07 0 0)
(-2.78417e-07 0 0)
(-2.78417e-07 0 0)
(-2.78417e-07 0 0)
(-2.78417e-07 0 0)
(-2.78417e-07 0 0)
(-2.78417e-07 0 0)
(-2.78417e-07 0 0)
(-2.78417e-07 0 0)
(-2.78417e-07 0 0)
(-2.78417e-07 0 0)
(-2.78417e-07 0 0)
(-2.78417e-07 0 0)
(-2.78417e-07 0 0)
(-2.78417e-07 0 0)
(-2.78417e-07 0 0)
(-2.78417e-07 0 0)
(-2.78417e-07 0 0)
(-2.78417e-07 0 0)
(-2.78417e-07 0 0)
(-2.78417e-07 0 0)
(-2.78417e-07 0 0)
(-2.78417e-07 0 0)
(-2.78417e-07 0 0)
(-2.78416e-07 0 0)
(-2.78416e-07 0 0)
(-2.78416e-07 0 0)
(-2.78416e-07 0 0)
(-2.78416e-07 0 0)
(-2.78416e-07 0 0)
(-2.78416e-07 0 0)
(-2.78416e-07 0 0)
(-2.78416e-07 0 0)
(-2.78416e-07 0 0)
(-2.78416e-07 0 0)
(-2.78416e-07 0 0)
(-2.78416e-07 0 0)
(-2.78416e-07 0 0)
(-2.78416e-07 0 0)
(-2.78416e-07 0 0)
(-2.78416e-07 0 0)
(-2.78416e-07 0 0)
(-2.78416e-07 0 0)
(-2.78416e-07 0 0)
(-2.78416e-07 0 0)
(-2.78416e-07 0 0)
(-2.78416e-07 0 0)
(-2.78416e-07 0 0)
(-2.78416e-07 0 0)
(-2.78416e-07 0 0)
(-2.78416e-07 0 0)
(-2.78416e-07 0 0)
(-2.78416e-07 0 0)
(-2.78416e-07 0 0)
(-2.78416e-07 0 0)
(-2.78416e-07 0 0)
(-2.78416e-07 0 0)
(-2.78416e-07 0 0)
(-2.78416e-07 0 0)
(-2.78416e-07 0 0)
(-2.78416e-07 0 0)
(-2.78416e-07 0 0)
(-2.78416e-07 0 0)
(-2.78416e-07 0 0)
(-2.78416e-07 0 0)
(-2.78416e-07 0 0)
(-2.78416e-07 0 0)
(-2.78416e-07 0 0)
(-2.78416e-07 0 0)
(-2.78416e-07 0 0)
(-2.78416e-07 0 0)
(-2.78416e-07 0 0)
(-2.78416e-07 0 0)
(-2.78416e-07 0 0)
(-2.78416e-07 0 0)
(-2.78416e-07 0 0)
(-2.78416e-07 0 0)
(-2.78416e-07 0 0)
(-2.78416e-07 0 0)
(-2.78416e-07 0 0)
(-2.78416e-07 0 0)
(-2.78416e-07 0 0)
(-2.78416e-07 0 0)
(-2.78416e-07 0 0)
(-2.78416e-07 0 0)
(-2.78416e-07 0 0)
(-2.78416e-07 0 0)
(-2.78416e-07 0 0)
(-2.78416e-07 0 0)
(-2.78416e-07 0 0)
(-2.78416e-07 0 0)
(-2.78416e-07 0 0)
(-2.78416e-07 0 0)
(-2.78416e-07 0 0)
(-2.78416e-07 0 0)
(-2.78416e-07 0 0)
(-2.78416e-07 0 0)
(-2.78416e-07 0 0)
(-2.78416e-07 0 0)
(-2.78416e-07 0 0)
(-2.78416e-07 0 0)
(-2.78416e-07 0 0)
(-2.78416e-07 0 0)
(-2.78416e-07 0 0)
(-2.78416e-07 0 0)
(-2.78416e-07 0 0)
(-2.78416e-07 0 0)
(-2.78416e-07 0 0)
(-2.78416e-07 0 0)
(-2.78416e-07 0 0)
(-2.78416e-07 0 0)
(-2.78416e-07 0 0)
(-2.78416e-07 0 0)
(-2.78416e-07 0 0)
(-2.78416e-07 0 0)
(-2.78416e-07 0 0)
(-2.78416e-07 0 0)
(-2.78416e-07 0 0)
(-2.78416e-07 0 0)
(-2.78416e-07 0 0)
(-2.78416e-07 0 0)
(-2.78416e-07 0 0)
(-2.78416e-07 0 0)
(-2.78416e-07 0 0)
(-2.78416e-07 0 0)
(-2.78416e-07 0 0)
(-2.78416e-07 0 0)
(-2.78416e-07 0 0)
(-2.78416e-07 0 0)
(-2.78416e-07 0 0)
(-2.78416e-07 0 0)
(-2.78416e-07 0 0)
(-2.78416e-07 0 0)
(-2.78416e-07 0 0)
(-2.78416e-07 0 0)
(-2.78416e-07 0 0)
(-2.78416e-07 0 0)
(-2.78416e-07 0 0)
(-2.78416e-07 0 0)
(-2.78416e-07 0 0)
(-2.78416e-07 0 0)
(-2.78416e-07 0 0)
(-2.78416e-07 0 0)
(-2.78416e-07 0 0)
(-2.78416e-07 0 0)
(-2.78416e-07 0 0)
(-2.78416e-07 0 0)
(-2.78416e-07 0 0)
(-2.78416e-07 0 0)
(-2.78416e-07 0 0)
(-2.78416e-07 0 0)
(-2.78416e-07 0 0)
(-2.78416e-07 0 0)
(-2.78416e-07 0 0)
(-2.78416e-07 0 0)
(-2.78416e-07 0 0)
(-2.78416e-07 0 0)
(-2.78416e-07 0 0)
(-2.78416e-07 0 0)
(-2.78416e-07 0 0)
(-2.78416e-07 0 0)
(-2.78416e-07 0 0)
(-2.78416e-07 0 0)
(-2.78416e-07 0 0)
(-2.78416e-07 0 0)
(-2.78416e-07 0 0)
(-2.78416e-07 0 0)
(-2.78416e-07 0 0)
(-2.78416e-07 0 0)
(-2.78416e-07 0 0)
(-2.78416e-07 0 0)
(-2.78416e-07 0 0)
(-2.78416e-07 0 0)
(-2.78416e-07 0 0)
(-2.78416e-07 0 0)
(-2.78416e-07 0 0)
(-2.78416e-07 0 0)
(-2.78416e-07 0 0)
(-2.78416e-07 0 0)
(-2.78416e-07 0 0)
(-2.78416e-07 0 0)
(-2.78416e-07 0 0)
(-2.78416e-07 0 0)
(-2.78416e-07 0 0)
(-2.78416e-07 0 0)
(-2.78416e-07 0 0)
(-2.78416e-07 0 0)
(-2.78416e-07 0 0)
(-2.78416e-07 0 0)
(-2.78416e-07 0 0)
(-2.78416e-07 0 0)
(-2.78416e-07 0 0)
(-2.78416e-07 0 0)
(-2.78416e-07 0 0)
(-2.78416e-07 0 0)
(-2.78416e-07 0 0)
(-2.78416e-07 0 0)
(-2.78416e-07 0 0)
(-2.78416e-07 0 0)
(-2.78416e-07 0 0)
(-2.78416e-07 0 0)
(-2.78416e-07 0 0)
(-2.78416e-07 0 0)
(-2.78416e-07 0 0)
(-2.78415e-07 0 0)
(-2.78415e-07 0 0)
(-2.78415e-07 0 0)
(-2.78415e-07 0 0)
(-2.78415e-07 0 0)
(-2.78415e-07 0 0)
(-2.78415e-07 0 0)
(-2.78415e-07 0 0)
(-2.78415e-07 0 0)
(-2.78415e-07 0 0)
(-2.78415e-07 0 0)
(-2.78415e-07 0 0)
(-2.78415e-07 0 0)
(-2.78415e-07 0 0)
(-2.78415e-07 0 0)
(-2.78415e-07 0 0)
(-2.78415e-07 0 0)
(-2.78415e-07 0 0)
(-2.78415e-07 0 0)
(-2.78415e-07 0 0)
(-2.78415e-07 0 0)
(-2.78415e-07 0 0)
(-2.78415e-07 0 0)
(-2.78415e-07 0 0)
(-2.78415e-07 0 0)
(-2.78415e-07 0 0)
(-2.78415e-07 0 0)
(-2.78415e-07 0 0)
(-2.78415e-07 0 0)
(-2.78415e-07 0 0)
(-2.78415e-07 0 0)
(-2.78415e-07 0 0)
(-2.78415e-07 0 0)
(-2.78415e-07 0 0)
(-2.78415e-07 0 0)
(-2.78415e-07 0 0)
(-2.78415e-07 0 0)
(-2.78415e-07 0 0)
(-2.78415e-07 0 0)
(-2.78415e-07 0 0)
(-2.78415e-07 0 0)
(-2.78415e-07 0 0)
(-2.78415e-07 0 0)
(-2.78415e-07 0 0)
(-2.78415e-07 0 0)
(-2.78415e-07 0 0)
(-2.78415e-07 0 0)
(-2.78415e-07 0 0)
(-2.78415e-07 0 0)
(-2.78415e-07 0 0)
(-2.78415e-07 0 0)
(-2.78415e-07 0 0)
(-2.78415e-07 0 0)
(-2.78415e-07 0 0)
(-2.78415e-07 0 0)
(-2.78415e-07 0 0)
(-2.78415e-07 0 0)
(-2.78415e-07 0 0)
(-2.78415e-07 0 0)
(-2.78415e-07 0 0)
(-2.78415e-07 0 0)
(-2.78415e-07 0 0)
(-2.78415e-07 0 0)
(-2.78415e-07 0 0)
(-2.78415e-07 0 0)
(-2.78415e-07 0 0)
(-2.78415e-07 0 0)
(-2.78415e-07 0 0)
(-2.78415e-07 0 0)
(-2.78415e-07 0 0)
(-2.78415e-07 0 0)
(-2.78415e-07 0 0)
(-2.78415e-07 0 0)
(-2.78415e-07 0 0)
(-2.78415e-07 0 0)
(-2.78415e-07 0 0)
(-2.78415e-07 0 0)
(-2.78415e-07 0 0)
(-2.78415e-07 0 0)
(-2.78415e-07 0 0)
(-2.78415e-07 0 0)
(-2.78415e-07 0 0)
(-2.78415e-07 0 0)
(-2.78415e-07 0 0)
(-2.78415e-07 0 0)
(-2.78415e-07 0 0)
(-2.78415e-07 0 0)
(-2.78415e-07 0 0)
(-2.78415e-07 0 0)
(-2.78415e-07 0 0)
(-2.78415e-07 0 0)
(-2.78415e-07 0 0)
(-2.78415e-07 0 0)
(-2.78415e-07 0 0)
(-2.78415e-07 0 0)
(-2.78415e-07 0 0)
(-2.78415e-07 0 0)
(-2.78415e-07 0 0)
(-2.78415e-07 0 0)
(-2.78415e-07 0 0)
(-2.78415e-07 0 0)
(-2.78415e-07 0 0)
(-2.78415e-07 0 0)
(-2.78415e-07 0 0)
(-2.78415e-07 0 0)
(-2.78415e-07 0 0)
(-2.78415e-07 0 0)
(-2.78415e-07 0 0)
(-2.78415e-07 0 0)
(-2.78415e-07 0 0)
(-2.78415e-07 0 0)
(-2.78415e-07 0 0)
(-2.78415e-07 0 0)
(-2.78415e-07 0 0)
(-2.78415e-07 0 0)
(-2.78415e-07 0 0)
(-2.78415e-07 0 0)
(-2.78415e-07 0 0)
(-2.78415e-07 0 0)
(-2.78415e-07 0 0)
(-2.78414e-07 0 0)
(-2.78414e-07 0 0)
(-2.78414e-07 0 0)
(-2.78414e-07 0 0)
(-2.78414e-07 0 0)
(-2.78414e-07 0 0)
(-2.78414e-07 0 0)
(-2.78414e-07 0 0)
(-2.78414e-07 0 0)
(-2.78414e-07 0 0)
(-2.78414e-07 0 0)
(-2.78414e-07 0 0)
(-2.78414e-07 0 0)
(-2.78414e-07 0 0)
(-2.78414e-07 0 0)
(-2.78414e-07 0 0)
(-2.78414e-07 0 0)
(-2.78414e-07 0 0)
(-2.78414e-07 0 0)
(-2.78414e-07 0 0)
(-2.78414e-07 0 0)
(-2.78414e-07 0 0)
(-2.78414e-07 0 0)
(-2.78414e-07 0 0)
(-2.78414e-07 0 0)
(-2.78414e-07 0 0)
(-2.78414e-07 0 0)
(-2.78414e-07 0 0)
(-2.78414e-07 0 0)
(-2.78414e-07 0 0)
(-2.78414e-07 0 0)
(-2.78414e-07 0 0)
(-2.78414e-07 0 0)
(-2.78414e-07 0 0)
(-2.78414e-07 0 0)
(-2.78414e-07 0 0)
(-2.78414e-07 0 0)
(-2.78414e-07 0 0)
(-2.78414e-07 0 0)
(-2.78414e-07 0 0)
(-2.78414e-07 0 0)
(-2.78414e-07 0 0)
(-2.78414e-07 0 0)
(-2.78414e-07 0 0)
(-2.78414e-07 0 0)
(-2.78414e-07 0 0)
(-2.78414e-07 0 0)
(-2.78414e-07 0 0)
(-2.78414e-07 0 0)
(-2.78414e-07 0 0)
(-2.78414e-07 0 0)
(-2.78414e-07 0 0)
(-2.78414e-07 0 0)
(-2.78414e-07 0 0)
(-2.78414e-07 0 0)
(-2.78414e-07 0 0)
(-2.78414e-07 0 0)
(-2.78414e-07 0 0)
(-2.78414e-07 0 0)
(-2.78414e-07 0 0)
(-2.78414e-07 0 0)
(-2.78414e-07 0 0)
(-2.78414e-07 0 0)
(-2.78414e-07 0 0)
(-2.78414e-07 0 0)
(-2.78414e-07 0 0)
(-2.78414e-07 0 0)
(-2.78414e-07 0 0)
(-2.78414e-07 0 0)
(-2.78414e-07 0 0)
(-2.78414e-07 0 0)
(-2.78414e-07 0 0)
(-2.78414e-07 0 0)
(-2.78414e-07 0 0)
(-2.78414e-07 0 0)
(-2.78414e-07 0 0)
(-2.78414e-07 0 0)
(-2.78414e-07 0 0)
(-2.78414e-07 0 0)
(-2.78414e-07 0 0)
(-2.78414e-07 0 0)
(-2.78414e-07 0 0)
(-2.78414e-07 0 0)
(-2.78414e-07 0 0)
(-2.78414e-07 0 0)
(-2.78414e-07 0 0)
(-2.78414e-07 0 0)
(-2.78414e-07 0 0)
(-2.78414e-07 0 0)
(-2.78414e-07 0 0)
(-2.78414e-07 0 0)
(-2.78414e-07 0 0)
(-2.78414e-07 0 0)
(-2.78414e-07 0 0)
(-2.78414e-07 0 0)
(-2.78414e-07 0 0)
(-2.78414e-07 0 0)
(-2.78414e-07 0 0)
(-2.78414e-07 0 0)
(-2.78414e-07 0 0)
(-2.78414e-07 0 0)
(-2.78414e-07 0 0)
(-2.78414e-07 0 0)
(-2.78414e-07 0 0)
(-2.78414e-07 0 0)
(-2.78414e-07 0 0)
(-2.78414e-07 0 0)
(-2.78414e-07 0 0)
(-2.78414e-07 0 0)
(-2.78414e-07 0 0)
(-2.78414e-07 0 0)
(-2.78414e-07 0 0)
(-2.78414e-07 0 0)
(-2.78414e-07 0 0)
(-2.78414e-07 0 0)
(-2.78414e-07 0 0)
(-2.78414e-07 0 0)
(-2.78414e-07 0 0)
(-2.78414e-07 0 0)
(-2.78414e-07 0 0)
(-2.78413e-07 0 0)
(-2.78413e-07 0 0)
(-2.78413e-07 0 0)
(-2.78413e-07 0 0)
(-2.78413e-07 0 0)
(-2.78413e-07 0 0)
(-2.78413e-07 0 0)
(-2.78413e-07 0 0)
(-2.78413e-07 0 0)
(-2.78413e-07 0 0)
(-2.78413e-07 0 0)
(-2.78413e-07 0 0)
(-2.78413e-07 0 0)
(-2.78413e-07 0 0)
(-2.78413e-07 0 0)
(-2.78413e-07 0 0)
(-2.78413e-07 0 0)
(-2.78413e-07 0 0)
(-2.78413e-07 0 0)
(-2.78413e-07 0 0)
(-2.78413e-07 0 0)
(-2.78413e-07 0 0)
(-2.78413e-07 0 0)
(-2.78413e-07 0 0)
(-2.78413e-07 0 0)
(-2.78413e-07 0 0)
(-2.78413e-07 0 0)
(-2.78413e-07 0 0)
(-2.78413e-07 0 0)
(-2.78413e-07 0 0)
(-2.78413e-07 0 0)
(-2.78413e-07 0 0)
(-2.78413e-07 0 0)
(-2.78413e-07 0 0)
(-2.78413e-07 0 0)
(-2.78413e-07 0 0)
(-2.78413e-07 0 0)
(-2.78413e-07 0 0)
(-2.78413e-07 0 0)
(-2.78413e-07 0 0)
(-2.78413e-07 0 0)
(-2.78413e-07 0 0)
(-2.78413e-07 0 0)
(-2.78413e-07 0 0)
(-2.78413e-07 0 0)
(-2.78413e-07 0 0)
(-2.78413e-07 0 0)
(-2.78413e-07 0 0)
(-2.78413e-07 0 0)
(-2.78413e-07 0 0)
(-2.78413e-07 0 0)
(-2.78413e-07 0 0)
(-2.78413e-07 0 0)
(-2.78413e-07 0 0)
(-2.78413e-07 0 0)
(-2.78413e-07 0 0)
(-2.78413e-07 0 0)
(-2.78413e-07 0 0)
(-2.78413e-07 0 0)
(-2.78413e-07 0 0)
(-2.78412e-07 0 0)
(-2.78412e-07 0 0)
(-2.78412e-07 0 0)
(-2.78412e-07 0 0)
(-2.78412e-07 0 0)
(-2.78412e-07 0 0)
(-2.78412e-07 0 0)
(-2.78412e-07 0 0)
(-2.78412e-07 0 0)
(-2.78412e-07 0 0)
(-2.78412e-07 0 0)
(-2.78412e-07 0 0)
(-2.78412e-07 0 0)
(-2.78412e-07 0 0)
(-2.78412e-07 0 0)
(-2.78412e-07 0 0)
(-2.78412e-07 0 0)
(-2.78412e-07 0 0)
(-2.78412e-07 0 0)
(-2.78412e-07 0 0)
(-2.78412e-07 0 0)
(-2.78412e-07 0 0)
(-2.78412e-07 0 0)
(-2.78412e-07 0 0)
(-2.78412e-07 0 0)
(-2.78412e-07 0 0)
(-2.78412e-07 0 0)
(-2.78412e-07 0 0)
(-2.78412e-07 0 0)
(-2.78412e-07 0 0)
(-2.78412e-07 0 0)
(-2.78412e-07 0 0)
(-2.78412e-07 0 0)
(-2.78412e-07 0 0)
(-2.78412e-07 0 0)
(-2.78412e-07 0 0)
(-2.78412e-07 0 0)
(-2.78412e-07 0 0)
(-2.78412e-07 0 0)
(-2.78412e-07 0 0)
(-2.78412e-07 0 0)
(-2.78412e-07 0 0)
(-2.78412e-07 0 0)
(-2.78412e-07 0 0)
(-2.78412e-07 0 0)
(-2.78412e-07 0 0)
(-2.78412e-07 0 0)
(-2.78412e-07 0 0)
(-2.78412e-07 0 0)
(-2.78412e-07 0 0)
(-2.78412e-07 0 0)
(-2.78412e-07 0 0)
(-2.78412e-07 0 0)
(-2.78412e-07 0 0)
(-2.78412e-07 0 0)
(-2.78412e-07 0 0)
(-2.78412e-07 0 0)
(-2.78412e-07 0 0)
(-2.78412e-07 0 0)
(-2.78412e-07 0 0)
(-2.78411e-07 0 0)
(-2.78411e-07 0 0)
(-2.78411e-07 0 0)
(-2.78411e-07 0 0)
(-2.78411e-07 0 0)
(-2.78411e-07 0 0)
(-2.78411e-07 0 0)
(-2.78411e-07 0 0)
(-2.78411e-07 0 0)
(-2.78411e-07 0 0)
(-2.78411e-07 0 0)
(-2.78411e-07 0 0)
(-2.78411e-07 0 0)
(-2.78411e-07 0 0)
(-2.78411e-07 0 0)
(-2.78411e-07 0 0)
(-2.78411e-07 0 0)
(-2.78411e-07 0 0)
(-2.78411e-07 0 0)
(-2.78411e-07 0 0)
(-2.78411e-07 0 0)
(-2.78411e-07 0 0)
(-2.78411e-07 0 0)
(-2.78411e-07 0 0)
(-2.78411e-07 0 0)
(-2.78411e-07 0 0)
(-2.78411e-07 0 0)
(-2.78411e-07 0 0)
(-2.78411e-07 0 0)
(-2.78411e-07 0 0)
(-2.78411e-07 0 0)
(-2.78411e-07 0 0)
(-2.78411e-07 0 0)
(-2.78411e-07 0 0)
(-2.78411e-07 0 0)
(-2.78411e-07 0 0)
(-2.78411e-07 0 0)
(-2.78411e-07 0 0)
(-2.78411e-07 0 0)
(-2.78411e-07 0 0)
(-2.78411e-07 0 0)
(-2.78411e-07 0 0)
(-2.78411e-07 0 0)
(-2.78411e-07 0 0)
(-2.78411e-07 0 0)
(-2.78411e-07 0 0)
(-2.78411e-07 0 0)
(-2.78411e-07 0 0)
(-2.78411e-07 0 0)
(-2.78411e-07 0 0)
(-2.78411e-07 0 0)
(-2.78411e-07 0 0)
(-2.78411e-07 0 0)
(-2.78411e-07 0 0)
(-2.78411e-07 0 0)
(-2.78411e-07 0 0)
(-2.78411e-07 0 0)
(-2.78411e-07 0 0)
(-2.78411e-07 0 0)
(-2.78411e-07 0 0)
(-2.78411e-07 0 0)
(-2.78411e-07 0 0)
(-2.78411e-07 0 0)
(-2.78411e-07 0 0)
(-2.78411e-07 0 0)
(-2.78411e-07 0 0)
(-2.78411e-07 0 0)
(-2.78411e-07 0 0)
(-2.78411e-07 0 0)
(-2.78411e-07 0 0)
(-2.78411e-07 0 0)
(-2.78411e-07 0 0)
(-2.78411e-07 0 0)
(-2.78411e-07 0 0)
(-2.78411e-07 0 0)
(-2.78411e-07 0 0)
(-2.78411e-07 0 0)
(-2.78411e-07 0 0)
(-2.78411e-07 0 0)
(-2.78411e-07 0 0)
(-2.78411e-07 0 0)
(-2.78411e-07 0 0)
(-2.78411e-07 0 0)
(-2.78411e-07 0 0)
(-2.78411e-07 0 0)
(-2.78411e-07 0 0)
(-2.78411e-07 0 0)
(-2.78411e-07 0 0)
(-2.78411e-07 0 0)
(-2.78411e-07 0 0)
(-2.78411e-07 0 0)
(-2.78411e-07 0 0)
(-2.78411e-07 0 0)
(-2.78411e-07 0 0)
(-2.78411e-07 0 0)
(-2.78411e-07 0 0)
(-2.78411e-07 0 0)
(-2.78411e-07 0 0)
(-2.78411e-07 0 0)
(-2.78411e-07 0 0)
(-2.78411e-07 0 0)
(-2.78411e-07 0 0)
(-2.78411e-07 0 0)
(-2.78411e-07 0 0)
(-2.78411e-07 0 0)
(-2.78411e-07 0 0)
(-2.78411e-07 0 0)
(-2.78411e-07 0 0)
(-2.78411e-07 0 0)
(-2.78411e-07 0 0)
(-2.78411e-07 0 0)
(-2.78411e-07 0 0)
(-2.78411e-07 0 0)
(-2.78411e-07 0 0)
(-2.78411e-07 0 0)
(-2.78411e-07 0 0)
(-2.78411e-07 0 0)
(-2.78411e-07 0 0)
(-2.78411e-07 0 0)
(-2.78411e-07 0 0)
(-2.7841e-07 0 0)
(-2.7841e-07 0 0)
(-2.7841e-07 0 0)
(-2.7841e-07 0 0)
(-2.7841e-07 0 0)
(-2.7841e-07 0 0)
(-2.7841e-07 0 0)
(-2.7841e-07 0 0)
(-2.7841e-07 0 0)
(-2.7841e-07 0 0)
(-2.7841e-07 0 0)
(-2.7841e-07 0 0)
(-2.7841e-07 0 0)
(-2.7841e-07 0 0)
(-2.7841e-07 0 0)
(-2.7841e-07 0 0)
(-2.7841e-07 0 0)
(-2.7841e-07 0 0)
(-2.7841e-07 0 0)
(-2.7841e-07 0 0)
(-2.7841e-07 0 0)
(-2.7841e-07 0 0)
(-2.7841e-07 0 0)
(-2.7841e-07 0 0)
(-2.7841e-07 0 0)
(-2.7841e-07 0 0)
(-2.7841e-07 0 0)
(-2.7841e-07 0 0)
(-2.7841e-07 0 0)
(-2.7841e-07 0 0)
(-2.7841e-07 0 0)
(-2.7841e-07 0 0)
(-2.7841e-07 0 0)
(-2.7841e-07 0 0)
(-2.7841e-07 0 0)
(-2.7841e-07 0 0)
(-2.7841e-07 0 0)
(-2.7841e-07 0 0)
(-2.7841e-07 0 0)
(-2.7841e-07 0 0)
(-2.7841e-07 0 0)
(-2.7841e-07 0 0)
(-2.7841e-07 0 0)
(-2.7841e-07 0 0)
(-2.7841e-07 0 0)
(-2.7841e-07 0 0)
(-2.7841e-07 0 0)
(-2.7841e-07 0 0)
(-2.7841e-07 0 0)
(-2.7841e-07 0 0)
(-2.7841e-07 0 0)
(-2.7841e-07 0 0)
(-2.7841e-07 0 0)
(-2.7841e-07 0 0)
(-2.7841e-07 0 0)
(-2.7841e-07 0 0)
(-2.7841e-07 0 0)
(-2.7841e-07 0 0)
(-2.7841e-07 0 0)
(-2.7841e-07 0 0)
(-2.78409e-07 0 0)
(-2.78409e-07 0 0)
(-2.78409e-07 0 0)
(-2.78409e-07 0 0)
(-2.78409e-07 0 0)
(-2.78409e-07 0 0)
(-2.78409e-07 0 0)
(-2.78409e-07 0 0)
(-2.78409e-07 0 0)
(-2.78409e-07 0 0)
(-2.78409e-07 0 0)
(-2.78409e-07 0 0)
(-2.78409e-07 0 0)
(-2.78409e-07 0 0)
(-2.78409e-07 0 0)
(-2.78409e-07 0 0)
(-2.78409e-07 0 0)
(-2.78409e-07 0 0)
(-2.78409e-07 0 0)
(-2.78409e-07 0 0)
(-2.78409e-07 0 0)
(-2.78409e-07 0 0)
(-2.78409e-07 0 0)
(-2.78409e-07 0 0)
(-2.78409e-07 0 0)
(-2.78409e-07 0 0)
(-2.78409e-07 0 0)
(-2.78409e-07 0 0)
(-2.78409e-07 0 0)
(-2.78409e-07 0 0)
(-2.78409e-07 0 0)
(-2.78409e-07 0 0)
(-2.78409e-07 0 0)
(-2.78409e-07 0 0)
(-2.78409e-07 0 0)
(-2.78409e-07 0 0)
(-2.78409e-07 0 0)
(-2.78409e-07 0 0)
(-2.78409e-07 0 0)
(-2.78409e-07 0 0)
(-2.78409e-07 0 0)
(-2.78409e-07 0 0)
(-2.78409e-07 0 0)
(-2.78409e-07 0 0)
(-2.78409e-07 0 0)
(-2.78409e-07 0 0)
(-2.78409e-07 0 0)
(-2.78409e-07 0 0)
(-2.78409e-07 0 0)
(-2.78409e-07 0 0)
(-2.78409e-07 0 0)
(-2.78409e-07 0 0)
(-2.78409e-07 0 0)
(-2.78409e-07 0 0)
(-2.78409e-07 0 0)
(-2.78409e-07 0 0)
(-2.78409e-07 0 0)
(-2.78409e-07 0 0)
(-2.78409e-07 0 0)
(-2.78409e-07 0 0)
(-2.78407e-07 0 0)
(-2.78407e-07 0 0)
(-2.78407e-07 0 0)
(-2.78407e-07 0 0)
(-2.78407e-07 0 0)
(-2.78407e-07 0 0)
(-2.78407e-07 0 0)
(-2.78407e-07 0 0)
(-2.78407e-07 0 0)
(-2.78407e-07 0 0)
(-2.78407e-07 0 0)
(-2.78407e-07 0 0)
(-2.78407e-07 0 0)
(-2.78407e-07 0 0)
(-2.78407e-07 0 0)
(-2.78407e-07 0 0)
(-2.78407e-07 0 0)
(-2.78407e-07 0 0)
(-2.78407e-07 0 0)
(-2.78407e-07 0 0)
(-2.78407e-07 0 0)
(-2.78407e-07 0 0)
(-2.78407e-07 0 0)
(-2.78407e-07 0 0)
(-2.78407e-07 0 0)
(-2.78407e-07 0 0)
(-2.78407e-07 0 0)
(-2.78407e-07 0 0)
(-2.78407e-07 0 0)
(-2.78407e-07 0 0)
(-2.78407e-07 0 0)
(-2.78407e-07 0 0)
(-2.78407e-07 0 0)
(-2.78407e-07 0 0)
(-2.78407e-07 0 0)
(-2.78407e-07 0 0)
(-2.78407e-07 0 0)
(-2.78407e-07 0 0)
(-2.78407e-07 0 0)
(-2.78407e-07 0 0)
(-2.78407e-07 0 0)
(-2.78407e-07 0 0)
(-2.78407e-07 0 0)
(-2.78407e-07 0 0)
(-2.78407e-07 0 0)
(-2.78407e-07 0 0)
(-2.78407e-07 0 0)
(-2.78407e-07 0 0)
(-2.78407e-07 0 0)
(-2.78407e-07 0 0)
(-2.78407e-07 0 0)
(-2.78407e-07 0 0)
(-2.78407e-07 0 0)
(-2.78407e-07 0 0)
(-2.78407e-07 0 0)
(-2.78407e-07 0 0)
(-2.78407e-07 0 0)
(-2.78407e-07 0 0)
(-2.78407e-07 0 0)
(-2.78407e-07 0 0)
(-2.78406e-07 0 0)
(-2.78406e-07 0 0)
(-2.78406e-07 0 0)
(-2.78406e-07 0 0)
(-2.78406e-07 0 0)
(-2.78406e-07 0 0)
(-2.78406e-07 0 0)
(-2.78406e-07 0 0)
(-2.78406e-07 0 0)
(-2.78406e-07 0 0)
(-2.78406e-07 0 0)
(-2.78406e-07 0 0)
(-2.78406e-07 0 0)
(-2.78406e-07 0 0)
(-2.78406e-07 0 0)
(-2.78406e-07 0 0)
(-2.78406e-07 0 0)
(-2.78406e-07 0 0)
(-2.78406e-07 0 0)
(-2.78406e-07 0 0)
(-2.78406e-07 0 0)
(-2.78406e-07 0 0)
(-2.78406e-07 0 0)
(-2.78406e-07 0 0)
(-2.78406e-07 0 0)
(-2.78406e-07 0 0)
(-2.78406e-07 0 0)
(-2.78406e-07 0 0)
(-2.78406e-07 0 0)
(-2.78406e-07 0 0)
(-2.78406e-07 0 0)
(-2.78406e-07 0 0)
(-2.78406e-07 0 0)
(-2.78406e-07 0 0)
(-2.78406e-07 0 0)
(-2.78406e-07 0 0)
(-2.78406e-07 0 0)
(-2.78406e-07 0 0)
(-2.78406e-07 0 0)
(-2.78406e-07 0 0)
(-2.78406e-07 0 0)
(-2.78406e-07 0 0)
(-2.78406e-07 0 0)
(-2.78406e-07 0 0)
(-2.78406e-07 0 0)
(-2.78406e-07 0 0)
(-2.78406e-07 0 0)
(-2.78406e-07 0 0)
(-2.78406e-07 0 0)
(-2.78406e-07 0 0)
(-2.78406e-07 0 0)
(-2.78406e-07 0 0)
(-2.78406e-07 0 0)
(-2.78406e-07 0 0)
(-2.78406e-07 0 0)
(-2.78406e-07 0 0)
(-2.78406e-07 0 0)
(-2.78406e-07 0 0)
(-2.78406e-07 0 0)
(-2.78406e-07 0 0)
(-2.78405e-07 0 0)
(-2.78405e-07 0 0)
(-2.78405e-07 0 0)
(-2.78405e-07 0 0)
(-2.78405e-07 0 0)
(-2.78405e-07 0 0)
(-2.78405e-07 0 0)
(-2.78405e-07 0 0)
(-2.78405e-07 0 0)
(-2.78405e-07 0 0)
(-2.78405e-07 0 0)
(-2.78405e-07 0 0)
(-2.78405e-07 0 0)
(-2.78405e-07 0 0)
(-2.78405e-07 0 0)
(-2.78405e-07 0 0)
(-2.78405e-07 0 0)
(-2.78405e-07 0 0)
(-2.78405e-07 0 0)
(-2.78405e-07 0 0)
(-2.78405e-07 0 0)
(-2.78405e-07 0 0)
(-2.78405e-07 0 0)
(-2.78405e-07 0 0)
(-2.78405e-07 0 0)
(-2.78405e-07 0 0)
(-2.78405e-07 0 0)
(-2.78405e-07 0 0)
(-2.78405e-07 0 0)
(-2.78405e-07 0 0)
(-2.78405e-07 0 0)
(-2.78405e-07 0 0)
(-2.78405e-07 0 0)
(-2.78405e-07 0 0)
(-2.78405e-07 0 0)
(-2.78405e-07 0 0)
(-2.78405e-07 0 0)
(-2.78405e-07 0 0)
(-2.78405e-07 0 0)
(-2.78405e-07 0 0)
(-2.78405e-07 0 0)
(-2.78405e-07 0 0)
(-2.78405e-07 0 0)
(-2.78405e-07 0 0)
(-2.78405e-07 0 0)
(-2.78405e-07 0 0)
(-2.78405e-07 0 0)
(-2.78405e-07 0 0)
(-2.78405e-07 0 0)
(-2.78405e-07 0 0)
(-2.78405e-07 0 0)
(-2.78405e-07 0 0)
(-2.78405e-07 0 0)
(-2.78405e-07 0 0)
(-2.78405e-07 0 0)
(-2.78405e-07 0 0)
(-2.78405e-07 0 0)
(-2.78405e-07 0 0)
(-2.78405e-07 0 0)
(-2.78405e-07 0 0)
(-2.78403e-07 0 0)
(-2.78403e-07 0 0)
(-2.78403e-07 0 0)
(-2.78403e-07 0 0)
(-2.78403e-07 0 0)
(-2.78403e-07 0 0)
(-2.78403e-07 0 0)
(-2.78403e-07 0 0)
(-2.78403e-07 0 0)
(-2.78403e-07 0 0)
(-2.78403e-07 0 0)
(-2.78403e-07 0 0)
(-2.78403e-07 0 0)
(-2.78403e-07 0 0)
(-2.78403e-07 0 0)
(-2.78403e-07 0 0)
(-2.78403e-07 0 0)
(-2.78403e-07 0 0)
(-2.78403e-07 0 0)
(-2.78403e-07 0 0)
(-2.78403e-07 0 0)
(-2.78403e-07 0 0)
(-2.78403e-07 0 0)
(-2.78403e-07 0 0)
(-2.78403e-07 0 0)
(-2.78403e-07 0 0)
(-2.78403e-07 0 0)
(-2.78403e-07 0 0)
(-2.78403e-07 0 0)
(-2.78403e-07 0 0)
(-2.78403e-07 0 0)
(-2.78403e-07 0 0)
(-2.78403e-07 0 0)
(-2.78403e-07 0 0)
(-2.78403e-07 0 0)
(-2.78403e-07 0 0)
(-2.78403e-07 0 0)
(-2.78403e-07 0 0)
(-2.78403e-07 0 0)
(-2.78403e-07 0 0)
(-2.78403e-07 0 0)
(-2.78403e-07 0 0)
(-2.78403e-07 0 0)
(-2.78403e-07 0 0)
(-2.78403e-07 0 0)
(-2.78403e-07 0 0)
(-2.78403e-07 0 0)
(-2.78403e-07 0 0)
(-2.78403e-07 0 0)
(-2.78403e-07 0 0)
(-2.78403e-07 0 0)
(-2.78403e-07 0 0)
(-2.78403e-07 0 0)
(-2.78403e-07 0 0)
(-2.78403e-07 0 0)
(-2.78403e-07 0 0)
(-2.78403e-07 0 0)
(-2.78403e-07 0 0)
(-2.78403e-07 0 0)
(-2.78403e-07 0 0)
(-2.78401e-07 0 0)
(-2.78401e-07 0 0)
(-2.78401e-07 0 0)
(-2.78401e-07 0 0)
(-2.78401e-07 0 0)
(-2.78401e-07 0 0)
(-2.78401e-07 0 0)
(-2.78401e-07 0 0)
(-2.78401e-07 0 0)
(-2.78401e-07 0 0)
(-2.78401e-07 0 0)
(-2.78401e-07 0 0)
(-2.78401e-07 0 0)
(-2.78401e-07 0 0)
(-2.78401e-07 0 0)
(-2.78401e-07 0 0)
(-2.78401e-07 0 0)
(-2.78401e-07 0 0)
(-2.78401e-07 0 0)
(-2.78401e-07 0 0)
(-2.78401e-07 0 0)
(-2.78401e-07 0 0)
(-2.78401e-07 0 0)
(-2.78401e-07 0 0)
(-2.78401e-07 0 0)
(-2.78401e-07 0 0)
(-2.78401e-07 0 0)
(-2.78401e-07 0 0)
(-2.78401e-07 0 0)
(-2.78401e-07 0 0)
(-2.78401e-07 0 0)
(-2.78401e-07 0 0)
(-2.78401e-07 0 0)
(-2.78401e-07 0 0)
(-2.78401e-07 0 0)
(-2.78401e-07 0 0)
(-2.78401e-07 0 0)
(-2.78401e-07 0 0)
(-2.78401e-07 0 0)
(-2.78401e-07 0 0)
(-2.78401e-07 0 0)
(-2.78401e-07 0 0)
(-2.78401e-07 0 0)
(-2.78401e-07 0 0)
(-2.78401e-07 0 0)
(-2.78401e-07 0 0)
(-2.78401e-07 0 0)
(-2.78401e-07 0 0)
(-2.78401e-07 0 0)
(-2.78401e-07 0 0)
(-2.78401e-07 0 0)
(-2.78401e-07 0 0)
(-2.78401e-07 0 0)
(-2.78401e-07 0 0)
(-2.78401e-07 0 0)
(-2.78401e-07 0 0)
(-2.78401e-07 0 0)
(-2.78401e-07 0 0)
(-2.78401e-07 0 0)
(-2.78401e-07 0 0)
(-2.78399e-07 0 0)
(-2.78399e-07 0 0)
(-2.78399e-07 0 0)
(-2.78399e-07 0 0)
(-2.78399e-07 0 0)
(-2.78399e-07 0 0)
(-2.78399e-07 0 0)
(-2.78399e-07 0 0)
(-2.78399e-07 0 0)
(-2.78399e-07 0 0)
(-2.78399e-07 0 0)
(-2.78399e-07 0 0)
(-2.78399e-07 0 0)
(-2.78399e-07 0 0)
(-2.78399e-07 0 0)
(-2.78399e-07 0 0)
(-2.78399e-07 0 0)
(-2.78399e-07 0 0)
(-2.78399e-07 0 0)
(-2.78399e-07 0 0)
(-2.78399e-07 0 0)
(-2.78399e-07 0 0)
(-2.78399e-07 0 0)
(-2.78399e-07 0 0)
(-2.78399e-07 0 0)
(-2.78399e-07 0 0)
(-2.78399e-07 0 0)
(-2.78399e-07 0 0)
(-2.78399e-07 0 0)
(-2.78399e-07 0 0)
(-2.78399e-07 0 0)
(-2.78399e-07 0 0)
(-2.78399e-07 0 0)
(-2.78399e-07 0 0)
(-2.78399e-07 0 0)
(-2.78399e-07 0 0)
(-2.78399e-07 0 0)
(-2.78399e-07 0 0)
(-2.78399e-07 0 0)
(-2.78399e-07 0 0)
(-2.78399e-07 0 0)
(-2.78399e-07 0 0)
(-2.78399e-07 0 0)
(-2.78399e-07 0 0)
(-2.78399e-07 0 0)
(-2.78399e-07 0 0)
(-2.78399e-07 0 0)
(-2.78399e-07 0 0)
(-2.78399e-07 0 0)
(-2.78399e-07 0 0)
(-2.78399e-07 0 0)
(-2.78399e-07 0 0)
(-2.78399e-07 0 0)
(-2.78399e-07 0 0)
(-2.78399e-07 0 0)
(-2.78399e-07 0 0)
(-2.78399e-07 0 0)
(-2.78399e-07 0 0)
(-2.78399e-07 0 0)
(-2.78399e-07 0 0)
(-2.78397e-07 0 0)
(-2.78397e-07 0 0)
(-2.78397e-07 0 0)
(-2.78397e-07 0 0)
(-2.78397e-07 0 0)
(-2.78397e-07 0 0)
(-2.78397e-07 0 0)
(-2.78397e-07 0 0)
(-2.78397e-07 0 0)
(-2.78397e-07 0 0)
(-2.78397e-07 0 0)
(-2.78397e-07 0 0)
(-2.78397e-07 0 0)
(-2.78397e-07 0 0)
(-2.78397e-07 0 0)
(-2.78397e-07 0 0)
(-2.78397e-07 0 0)
(-2.78397e-07 0 0)
(-2.78397e-07 0 0)
(-2.78397e-07 0 0)
(-2.78397e-07 0 0)
(-2.78397e-07 0 0)
(-2.78397e-07 0 0)
(-2.78397e-07 0 0)
(-2.78397e-07 0 0)
(-2.78397e-07 0 0)
(-2.78397e-07 0 0)
(-2.78397e-07 0 0)
(-2.78397e-07 0 0)
(-2.78397e-07 0 0)
(-2.78397e-07 0 0)
(-2.78397e-07 0 0)
(-2.78397e-07 0 0)
(-2.78397e-07 0 0)
(-2.78397e-07 0 0)
(-2.78397e-07 0 0)
(-2.78397e-07 0 0)
(-2.78397e-07 0 0)
(-2.78397e-07 0 0)
(-2.78397e-07 0 0)
(-2.78397e-07 0 0)
(-2.78397e-07 0 0)
(-2.78397e-07 0 0)
(-2.78397e-07 0 0)
(-2.78397e-07 0 0)
(-2.78397e-07 0 0)
(-2.78397e-07 0 0)
(-2.78397e-07 0 0)
(-2.78397e-07 0 0)
(-2.78397e-07 0 0)
(-2.78397e-07 0 0)
(-2.78397e-07 0 0)
(-2.78397e-07 0 0)
(-2.78397e-07 0 0)
(-2.78397e-07 0 0)
(-2.78397e-07 0 0)
(-2.78397e-07 0 0)
(-2.78397e-07 0 0)
(-2.78397e-07 0 0)
(-2.78397e-07 0 0)
(-2.78395e-07 3.49252e-24 0)
(-2.78395e-07 0 0)
(-2.78395e-07 0 0)
(-2.78395e-07 0 0)
(-2.78395e-07 3.49252e-24 0)
(-2.78395e-07 6.98504e-24 0)
(-2.78395e-07 3.49252e-24 0)
(-2.78395e-07 6.98504e-24 0)
(-2.78395e-07 0 0)
(-2.78395e-07 6.98504e-24 0)
(-2.78395e-07 6.98504e-24 0)
(-2.78395e-07 0 0)
(-2.78395e-07 6.98504e-24 0)
(-2.78395e-07 0 0)
(-2.78395e-07 6.98504e-24 0)
(-2.78395e-07 6.98504e-24 0)
(-2.78395e-07 6.98504e-24 0)
(-2.78395e-07 3.49252e-24 0)
(-2.78395e-07 6.98504e-24 0)
(-2.78395e-07 6.98504e-24 0)
(-2.78395e-07 6.98504e-24 0)
(-2.78395e-07 6.98504e-24 0)
(-2.78395e-07 3.49252e-24 0)
(-2.78395e-07 6.98504e-24 0)
(-2.78395e-07 6.98504e-24 0)
(-2.78395e-07 6.98504e-24 0)
(-2.78395e-07 6.98504e-24 0)
(-2.78395e-07 3.49252e-24 0)
(-2.78395e-07 3.49252e-24 0)
(-2.78395e-07 3.49252e-24 0)
(-2.78395e-07 3.49252e-24 0)
(-2.78395e-07 3.49252e-24 0)
(-2.78395e-07 3.49252e-24 0)
(-2.78395e-07 3.49252e-24 0)
(-2.78395e-07 3.49252e-24 0)
(-2.78395e-07 3.49252e-24 0)
(-2.78395e-07 3.49252e-24 0)
(-2.78395e-07 3.49252e-24 0)
(-2.78395e-07 3.49252e-24 0)
(-2.78395e-07 3.49252e-24 0)
(-2.78395e-07 3.49252e-24 0)
(-2.78395e-07 3.49252e-24 0)
(-2.78395e-07 3.49252e-24 0)
(-2.78395e-07 3.49252e-24 0)
(-2.78395e-07 3.49252e-24 0)
(-2.78395e-07 3.49252e-24 0)
(-2.78395e-07 3.49252e-24 0)
(-2.78395e-07 3.49252e-24 0)
(-2.78395e-07 3.49252e-24 0)
(-2.78395e-07 3.49252e-24 0)
(-2.78395e-07 3.49252e-24 0)
(-2.78395e-07 3.49252e-24 0)
(-2.78395e-07 3.49252e-24 0)
(-2.78395e-07 3.49252e-24 0)
(-2.78395e-07 3.49252e-24 0)
(-2.78395e-07 3.49252e-24 0)
(-2.78395e-07 3.49252e-24 0)
(-2.78395e-07 0 0)
(-2.78395e-07 3.49252e-24 0)
(-2.78395e-07 3.49252e-24 0)
(-2.7858e-07 -3.4949e-24 0)
(-2.7858e-07 0 0)
(-2.7858e-07 3.4949e-24 0)
(-2.7858e-07 -3.4949e-24 0)
(-2.7858e-07 -3.4949e-24 0)
(-2.7858e-07 -3.4949e-24 0)
(-2.7858e-07 -3.4949e-24 0)
(-2.7858e-07 -3.4949e-24 0)
(-2.7858e-07 3.4949e-24 0)
(-2.7858e-07 -3.4949e-24 0)
(-2.7858e-07 -3.4949e-24 0)
(-2.7858e-07 3.4949e-24 0)
(-2.7858e-07 -3.4949e-24 0)
(-2.7858e-07 3.4949e-24 0)
(-2.7858e-07 -3.4949e-24 0)
(-2.7858e-07 -3.4949e-24 0)
(-2.7858e-07 -3.4949e-24 0)
(-2.7858e-07 0 0)
(-2.7858e-07 -3.4949e-24 0)
(-2.7858e-07 -3.4949e-24 0)
(-2.7858e-07 -3.4949e-24 0)
(-2.7858e-07 -3.4949e-24 0)
(-2.7858e-07 0 0)
(-2.7858e-07 -3.4949e-24 0)
(-2.7858e-07 -3.4949e-24 0)
(-2.7858e-07 -3.4949e-24 0)
(-2.7858e-07 -3.4949e-24 0)
(-2.7858e-07 0 0)
(-2.7858e-07 0 0)
(-2.7858e-07 0 0)
(-2.7858e-07 0 0)
(-2.7858e-07 0 0)
(-2.7858e-07 0 0)
(-2.7858e-07 0 0)
(-2.7858e-07 0 0)
(-2.7858e-07 0 0)
(-2.7858e-07 0 0)
(-2.7858e-07 0 0)
(-2.7858e-07 0 0)
(-2.7858e-07 0 0)
(-2.7858e-07 0 0)
(-2.7858e-07 0 0)
(-2.7858e-07 0 0)
(-2.7858e-07 0 0)
(-2.7858e-07 0 0)
(-2.7858e-07 0 0)
(-2.7858e-07 0 0)
(-2.7858e-07 0 0)
(-2.7858e-07 0 0)
(-2.7858e-07 0 0)
(-2.7858e-07 0 0)
(-2.7858e-07 0 0)
(-2.7858e-07 0 0)
(-2.7858e-07 0 0)
(-2.7858e-07 0 0)
(-2.7858e-07 0 0)
(-2.7858e-07 0 0)
(-2.7858e-07 3.4949e-24 0)
(-2.7858e-07 0 0)
(-2.7858e-07 0 0)
(-2.79309e-07 3.50423e-24 0)
(-2.79309e-07 3.50423e-24 0)
(-2.79309e-07 3.50423e-24 0)
(-2.79309e-07 3.50423e-24 0)
(-2.79309e-07 3.50423e-24 0)
(-2.79309e-07 3.50423e-24 0)
(-2.79309e-07 3.50423e-24 0)
(-2.79309e-07 3.50423e-24 0)
(-2.79309e-07 0 0)
(-2.79309e-07 3.50423e-24 0)
(-2.79309e-07 0 0)
(-2.79309e-07 0 0)
(-2.79309e-07 3.50423e-24 0)
(-2.79309e-07 0 0)
(-2.79309e-07 3.50423e-24 0)
(-2.79309e-07 0 0)
(-2.79309e-07 3.50423e-24 0)
(-2.79309e-07 0 0)
(-2.79309e-07 3.50423e-24 0)
(-2.79309e-07 3.50423e-24 0)
(-2.79309e-07 0 0)
(-2.79309e-07 3.50423e-24 0)
(-2.79309e-07 0 0)
(-2.79309e-07 3.50423e-24 0)
(-2.79309e-07 3.50423e-24 0)
(-2.79309e-07 0 0)
(-2.79309e-07 3.50423e-24 0)
(-2.79309e-07 0 0)
(-2.79309e-07 0 0)
(-2.79309e-07 0 0)
(-2.79309e-07 0 0)
(-2.79309e-07 0 0)
(-2.79309e-07 0 0)
(-2.79309e-07 0 0)
(-2.79309e-07 0 0)
(-2.79309e-07 0 0)
(-2.79309e-07 0 0)
(-2.79309e-07 0 0)
(-2.79309e-07 0 0)
(-2.79309e-07 0 0)
(-2.79309e-07 0 0)
(-2.79309e-07 0 0)
(-2.79309e-07 0 0)
(-2.79309e-07 0 0)
(-2.79309e-07 0 0)
(-2.79309e-07 0 0)
(-2.79309e-07 0 0)
(-2.79309e-07 0 0)
(-2.79309e-07 0 0)
(-2.79309e-07 0 0)
(-2.79309e-07 0 0)
(-2.79309e-07 0 0)
(-2.79309e-07 0 0)
(-2.79309e-07 0 0)
(-2.79309e-07 0 0)
(-2.79309e-07 0 0)
(-2.79309e-07 0 0)
(-2.79309e-07 0 0)
(-2.79309e-07 0 0)
(-2.79309e-07 0 0)
(-2.8072e-07 -3.52214e-24 0)
(-2.8072e-07 -3.52214e-24 0)
(-2.8072e-07 -3.52214e-24 0)
(-2.8072e-07 -3.52214e-24 0)
(-2.8072e-07 -7.04428e-24 0)
(-2.8072e-07 -7.04428e-24 0)
(-2.8072e-07 -7.04428e-24 0)
(-2.8072e-07 0 0)
(-2.8072e-07 -3.52214e-24 0)
(-2.8072e-07 0 0)
(-2.8072e-07 3.52214e-24 0)
(-2.8072e-07 -3.52214e-24 0)
(-2.8072e-07 0 0)
(-2.8072e-07 -3.52214e-24 0)
(-2.8072e-07 0 0)
(-2.8072e-07 3.52214e-24 0)
(-2.8072e-07 0 0)
(-2.8072e-07 3.52214e-24 0)
(-2.8072e-07 0 0)
(-2.8072e-07 0 0)
(-2.8072e-07 3.52214e-24 0)
(-2.8072e-07 0 0)
(-2.8072e-07 3.52214e-24 0)
(-2.8072e-07 0 0)
(-2.8072e-07 0 0)
(-2.8072e-07 3.52214e-24 0)
(-2.8072e-07 0 0)
(-2.8072e-07 3.52214e-24 0)
(-2.8072e-07 -3.52214e-24 0)
(-2.8072e-07 3.52214e-24 0)
(-2.8072e-07 3.52214e-24 0)
(-2.8072e-07 -3.52214e-24 0)
(-2.8072e-07 3.52214e-24 0)
(-2.8072e-07 -3.52214e-24 0)
(-2.8072e-07 3.52214e-24 0)
(-2.8072e-07 3.52214e-24 0)
(-2.8072e-07 -3.52214e-24 0)
(-2.8072e-07 3.52214e-24 0)
(-2.8072e-07 -3.52214e-24 0)
(-2.8072e-07 3.52214e-24 0)
(-2.8072e-07 3.52214e-24 0)
(-2.8072e-07 -3.52214e-24 0)
(-2.8072e-07 3.52214e-24 0)
(-2.8072e-07 -3.52214e-24 0)
(-2.8072e-07 3.52214e-24 0)
(-2.8072e-07 3.52214e-24 0)
(-2.8072e-07 -3.52214e-24 0)
(-2.8072e-07 3.52214e-24 0)
(-2.8072e-07 -3.52214e-24 0)
(-2.8072e-07 3.52214e-24 0)
(-2.8072e-07 3.52214e-24 0)
(-2.8072e-07 -3.52214e-24 0)
(-2.8072e-07 3.52214e-24 0)
(-2.8072e-07 -3.52214e-24 0)
(-2.8072e-07 3.52214e-24 0)
(-2.8072e-07 3.52214e-24 0)
(-2.8072e-07 3.52214e-24 0)
(-2.8072e-07 3.52214e-24 0)
(-2.8072e-07 3.52214e-24 0)
(-2.8072e-07 3.52214e-24 0)
(-2.82765e-07 3.54801e-24 0)
(-2.82765e-07 3.54801e-24 0)
(-2.82765e-07 -3.54801e-24 0)
(-2.82765e-07 7.09602e-24 0)
(-2.82765e-07 3.54801e-24 0)
(-2.82765e-07 3.54801e-24 0)
(-2.82765e-07 3.54801e-24 0)
(-2.82765e-07 0 0)
(-2.82765e-07 3.54801e-24 0)
(-2.82765e-07 0 0)
(-2.82765e-07 0 0)
(-2.82765e-07 3.54801e-24 0)
(-2.82765e-07 0 0)
(-2.82765e-07 3.54801e-24 0)
(-2.82765e-07 0 0)
(-2.82765e-07 0 0)
(-2.82765e-07 0 0)
(-2.82765e-07 -3.54801e-24 0)
(-2.82765e-07 0 0)
(-2.82765e-07 0 0)
(-2.82765e-07 0 0)
(-2.82765e-07 0 0)
(-2.82765e-07 -3.54801e-24 0)
(-2.82765e-07 0 0)
(-2.82765e-07 0 0)
(-2.82765e-07 0 0)
(-2.82765e-07 0 0)
(-2.82765e-07 -3.54801e-24 0)
(-2.82765e-07 3.54801e-24 0)
(-2.82765e-07 -3.54801e-24 0)
(-2.82765e-07 -3.54801e-24 0)
(-2.82765e-07 3.54801e-24 0)
(-2.82765e-07 -3.54801e-24 0)
(-2.82765e-07 3.54801e-24 0)
(-2.82765e-07 -3.54801e-24 0)
(-2.82765e-07 -3.54801e-24 0)
(-2.82765e-07 3.54801e-24 0)
(-2.82765e-07 -3.54801e-24 0)
(-2.82765e-07 3.54801e-24 0)
(-2.82765e-07 -3.54801e-24 0)
(-2.82765e-07 -3.54801e-24 0)
(-2.82765e-07 3.54801e-24 0)
(-2.82765e-07 -3.54801e-24 0)
(-2.82765e-07 3.54801e-24 0)
(-2.82765e-07 -3.54801e-24 0)
(-2.82765e-07 -3.54801e-24 0)
(-2.82765e-07 3.54801e-24 0)
(-2.82765e-07 -3.54801e-24 0)
(-2.82765e-07 3.54801e-24 0)
(-2.82765e-07 -3.54801e-24 0)
(-2.82765e-07 -3.54801e-24 0)
(-2.82765e-07 3.54801e-24 0)
(-2.82765e-07 -3.54801e-24 0)
(-2.82765e-07 3.54801e-24 0)
(-2.82765e-07 -3.54801e-24 0)
(-2.82765e-07 -3.54801e-24 0)
(-2.82765e-07 -3.54801e-24 0)
(-2.82765e-07 -3.54801e-24 0)
(-2.82765e-07 -3.54801e-24 0)
(-2.82765e-07 -3.54801e-24 0)
(-2.85404e-07 0 0)
(-2.85404e-07 0 0)
(-2.85404e-07 3.58133e-24 0)
(-2.85404e-07 -3.58133e-24 0)
(-2.85404e-07 3.58133e-24 0)
(-2.85404e-07 7.16267e-24 0)
(-2.85404e-07 3.58133e-24 0)
(-2.85404e-07 0 0)
(-2.85404e-07 0 0)
(-2.85404e-07 0 0)
(-2.85404e-07 0 0)
(-2.85404e-07 0 0)
(-2.85404e-07 0 0)
(-2.85404e-07 0 0)
(-2.85404e-07 0 0)
(-2.85404e-07 0 0)
(-2.85404e-07 0 0)
(-2.85404e-07 3.58133e-24 0)
(-2.85404e-07 0 0)
(-2.85404e-07 0 0)
(-2.85404e-07 0 0)
(-2.85404e-07 0 0)
(-2.85404e-07 3.58133e-24 0)
(-2.85404e-07 0 0)
(-2.85404e-07 0 0)
(-2.85404e-07 0 0)
(-2.85404e-07 0 0)
(-2.85404e-07 3.58133e-24 0)
(-2.85404e-07 3.58133e-24 0)
(-2.85404e-07 3.58133e-24 0)
(-2.85404e-07 3.58133e-24 0)
(-2.85404e-07 3.58133e-24 0)
(-2.85404e-07 3.58133e-24 0)
(-2.85404e-07 3.58133e-24 0)
(-2.85404e-07 3.58133e-24 0)
(-2.85404e-07 3.58133e-24 0)
(-2.85404e-07 3.58133e-24 0)
(-2.85404e-07 3.58133e-24 0)
(-2.85404e-07 3.58133e-24 0)
(-2.85404e-07 3.58133e-24 0)
(-2.85404e-07 0 0)
(-2.85404e-07 3.58133e-24 0)
(-2.85404e-07 3.58133e-24 0)
(-2.85404e-07 3.58133e-24 0)
(-2.85404e-07 3.58133e-24 0)
(-2.85404e-07 0 0)
(-2.85404e-07 3.58133e-24 0)
(-2.85404e-07 3.58133e-24 0)
(-2.85404e-07 3.58133e-24 0)
(-2.85404e-07 3.58133e-24 0)
(-2.85404e-07 0 0)
(-2.85404e-07 3.58133e-24 0)
(-2.85404e-07 3.58133e-24 0)
(-2.85404e-07 3.58133e-24 0)
(-2.85404e-07 0 0)
(-2.85404e-07 0 0)
(-2.85404e-07 0 0)
(-2.85404e-07 0 0)
(-2.85404e-07 0 0)
(-2.85404e-07 0 0)
(-2.88603e-07 3.6217e-24 0)
(-2.88603e-07 3.6217e-24 0)
(-2.88603e-07 3.6217e-24 0)
(-2.88603e-07 3.6217e-24 0)
(-2.88603e-07 3.6217e-24 0)
(-2.88603e-07 0 0)
(-2.88603e-07 3.6217e-24 0)
(-2.88603e-07 3.6217e-24 0)
(-2.88603e-07 7.2434e-24 0)
(-2.88603e-07 3.6217e-24 0)
(-2.88603e-07 3.6217e-24 0)
(-2.88603e-07 7.2434e-24 0)
(-2.88603e-07 3.6217e-24 0)
(-2.88603e-07 7.2434e-24 0)
(-2.88603e-07 0 0)
(-2.88603e-07 3.6217e-24 0)
(-2.88603e-07 0 0)
(-2.88603e-07 -7.2434e-24 0)
(-2.88603e-07 0 0)
(-2.88603e-07 0 0)
(-2.88603e-07 3.6217e-24 0)
(-2.88603e-07 0 0)
(-2.88603e-07 -7.2434e-24 0)
(-2.88603e-07 0 0)
(-2.88603e-07 0 0)
(-2.88603e-07 3.6217e-24 0)
(-2.88603e-07 0 0)
(-2.88603e-07 -7.2434e-24 0)
(-2.88603e-07 0 0)
(-2.88603e-07 -7.2434e-24 0)
(-2.88603e-07 -7.2434e-24 0)
(-2.88603e-07 0 0)
(-2.88603e-07 -7.2434e-24 0)
(-2.88603e-07 0 0)
(-2.88603e-07 -7.2434e-24 0)
(-2.88603e-07 -7.2434e-24 0)
(-2.88603e-07 0 0)
(-2.88603e-07 -7.2434e-24 0)
(-2.88603e-07 0 0)
(-2.88603e-07 -7.2434e-24 0)
(-2.88603e-07 0 0)
(-2.88603e-07 0 0)
(-2.88603e-07 -7.2434e-24 0)
(-2.88603e-07 0 0)
(-2.88603e-07 -7.2434e-24 0)
(-2.88603e-07 0 0)
(-2.88603e-07 0 0)
(-2.88603e-07 -7.2434e-24 0)
(-2.88603e-07 0 0)
(-2.88603e-07 -7.2434e-24 0)
(-2.88603e-07 0 0)
(-2.88603e-07 0 0)
(-2.88603e-07 -7.2434e-24 0)
(-2.88603e-07 0 0)
(-2.88603e-07 0 0)
(-2.88603e-07 0 0)
(-2.88603e-07 0 0)
(-2.88603e-07 0 0)
(-2.88603e-07 0 0)
(-2.88603e-07 0 0)
(-2.9234e-07 0 0)
(-2.9234e-07 0 0)
(-2.9234e-07 -3.66881e-24 0)
(-2.9234e-07 0 0)
(-2.9234e-07 -3.66881e-24 0)
(-2.9234e-07 -3.66881e-24 0)
(-2.9234e-07 -3.66881e-24 0)
(-2.9234e-07 -3.66881e-24 0)
(-2.9234e-07 -3.66881e-24 0)
(-2.9234e-07 -3.66881e-24 0)
(-2.9234e-07 0 0)
(-2.9234e-07 -3.66881e-24 0)
(-2.9234e-07 -3.66881e-24 0)
(-2.9234e-07 -3.66881e-24 0)
(-2.9234e-07 3.66881e-24 0)
(-2.9234e-07 0 0)
(-2.9234e-07 3.66881e-24 0)
(-2.9234e-07 7.33762e-24 0)
(-2.9234e-07 3.66881e-24 0)
(-2.9234e-07 3.66881e-24 0)
(-2.9234e-07 0 0)
(-2.9234e-07 3.66881e-24 0)
(-2.9234e-07 7.33762e-24 0)
(-2.9234e-07 3.66881e-24 0)
(-2.9234e-07 3.66881e-24 0)
(-2.9234e-07 0 0)
(-2.9234e-07 3.66881e-24 0)
(-2.9234e-07 7.33762e-24 0)
(-2.9234e-07 -7.33762e-24 0)
(-2.9234e-07 7.33762e-24 0)
(-2.9234e-07 7.33762e-24 0)
(-2.9234e-07 -7.33762e-24 0)
(-2.9234e-07 7.33762e-24 0)
(-2.9234e-07 -7.33762e-24 0)
(-2.9234e-07 7.33762e-24 0)
(-2.9234e-07 7.33762e-24 0)
(-2.9234e-07 -7.33762e-24 0)
(-2.9234e-07 7.33762e-24 0)
(-2.9234e-07 -7.33762e-24 0)
(-2.9234e-07 7.33762e-24 0)
(-2.9234e-07 -3.66881e-24 0)
(-2.9234e-07 -7.33762e-24 0)
(-2.9234e-07 7.33762e-24 0)
(-2.9234e-07 -7.33762e-24 0)
(-2.9234e-07 7.33762e-24 0)
(-2.9234e-07 -3.66881e-24 0)
(-2.9234e-07 -7.33762e-24 0)
(-2.9234e-07 7.33762e-24 0)
(-2.9234e-07 -7.33762e-24 0)
(-2.9234e-07 7.33762e-24 0)
(-2.9234e-07 -3.66881e-24 0)
(-2.9234e-07 -7.33762e-24 0)
(-2.9234e-07 7.33762e-24 0)
(-2.9234e-07 -7.33762e-24 0)
(-2.9234e-07 3.66881e-24 0)
(-2.9234e-07 -3.66881e-24 0)
(-2.9234e-07 3.66881e-24 0)
(-2.9234e-07 -3.66881e-24 0)
(-2.9234e-07 3.66881e-24 0)
(-2.9234e-07 3.66881e-24 0)
(-2.9658e-07 0 0)
(-2.9658e-07 0 0)
(-2.9658e-07 0 0)
(-2.9658e-07 0 0)
(-2.9658e-07 0 0)
(-2.9658e-07 0 0)
(-2.9658e-07 0 0)
(-2.9658e-07 0 0)
(-2.9658e-07 -3.72222e-24 0)
(-2.9658e-07 0 0)
(-2.9658e-07 -3.72222e-24 0)
(-2.9658e-07 -3.72222e-24 0)
(-2.9658e-07 0 0)
(-2.9658e-07 -3.72222e-24 0)
(-2.9658e-07 -3.72222e-24 0)
(-2.9658e-07 -3.72222e-24 0)
(-2.9658e-07 -3.72222e-24 0)
(-2.9658e-07 -3.72222e-24 0)
(-2.9658e-07 -3.72222e-24 0)
(-2.9658e-07 -3.72222e-24 0)
(-2.9658e-07 -3.72222e-24 0)
(-2.9658e-07 -3.72222e-24 0)
(-2.9658e-07 -3.72222e-24 0)
(-2.9658e-07 -3.72222e-24 0)
(-2.9658e-07 -3.72222e-24 0)
(-2.9658e-07 -3.72222e-24 0)
(-2.9658e-07 -3.72222e-24 0)
(-2.9658e-07 -3.72222e-24 0)
(-2.9658e-07 7.44443e-24 0)
(-2.9658e-07 -3.72222e-24 0)
(-2.9658e-07 -3.72222e-24 0)
(-2.9658e-07 7.44443e-24 0)
(-2.9658e-07 -3.72222e-24 0)
(-2.9658e-07 7.44443e-24 0)
(-2.9658e-07 -3.72222e-24 0)
(-2.9658e-07 -3.72222e-24 0)
(-2.9658e-07 7.44443e-24 0)
(-2.9658e-07 -3.72222e-24 0)
(-2.9658e-07 7.44443e-24 0)
(-2.9658e-07 -3.72222e-24 0)
(-2.9658e-07 3.72222e-24 0)
(-2.9658e-07 7.44443e-24 0)
(-2.9658e-07 -3.72222e-24 0)
(-2.9658e-07 7.44443e-24 0)
(-2.9658e-07 -3.72222e-24 0)
(-2.9658e-07 3.72222e-24 0)
(-2.9658e-07 7.44443e-24 0)
(-2.9658e-07 -3.72222e-24 0)
(-2.9658e-07 7.44443e-24 0)
(-2.9658e-07 -3.72222e-24 0)
(-2.9658e-07 3.72222e-24 0)
(-2.9658e-07 7.44443e-24 0)
(-2.9658e-07 -3.72222e-24 0)
(-2.9658e-07 7.44443e-24 0)
(-2.9658e-07 0 0)
(-2.9658e-07 3.72222e-24 0)
(-2.9658e-07 0 0)
(-2.9658e-07 3.72222e-24 0)
(-2.9658e-07 0 0)
(-2.9658e-07 0 0)
(-3.01265e-07 0 0)
(-3.01265e-07 0 0)
(-3.01265e-07 3.78118e-24 0)
(-3.01265e-07 0 0)
(-3.01265e-07 3.78118e-24 0)
(-3.01265e-07 3.78118e-24 0)
(-3.01265e-07 3.78118e-24 0)
(-3.01265e-07 0 0)
(-3.01265e-07 3.78118e-24 0)
(-3.01265e-07 0 0)
(-3.01265e-07 0 0)
(-3.01265e-07 3.78118e-24 0)
(-3.01265e-07 0 0)
(-3.01265e-07 3.78118e-24 0)
(-3.01265e-07 3.78118e-24 0)
(-3.01265e-07 0 0)
(-3.01265e-07 3.78118e-24 0)
(-3.01265e-07 3.78118e-24 0)
(-3.01265e-07 3.78118e-24 0)
(-3.01265e-07 3.78118e-24 0)
(-3.01265e-07 0 0)
(-3.01265e-07 3.78118e-24 0)
(-3.01265e-07 3.78118e-24 0)
(-3.01265e-07 3.78118e-24 0)
(-3.01265e-07 3.78118e-24 0)
(-3.01265e-07 0 0)
(-3.01265e-07 3.78118e-24 0)
(-3.01265e-07 3.78118e-24 0)
(-3.01265e-07 -3.78118e-24 0)
(-3.01265e-07 3.78118e-24 0)
(-3.01265e-07 3.78118e-24 0)
(-3.01265e-07 -3.78118e-24 0)
(-3.01265e-07 3.78118e-24 0)
(-3.01265e-07 -3.78118e-24 0)
(-3.01265e-07 3.78118e-24 0)
(-3.01265e-07 3.78118e-24 0)
(-3.01265e-07 -3.78118e-24 0)
(-3.01265e-07 3.78118e-24 0)
(-3.01265e-07 -3.78118e-24 0)
(-3.01265e-07 3.78118e-24 0)
(-3.01265e-07 0 0)
(-3.01265e-07 -3.78118e-24 0)
(-3.01265e-07 3.78118e-24 0)
(-3.01265e-07 -3.78118e-24 0)
(-3.01265e-07 3.78118e-24 0)
(-3.01265e-07 0 0)
(-3.01265e-07 -3.78118e-24 0)
(-3.01265e-07 3.78118e-24 0)
(-3.01265e-07 -3.78118e-24 0)
(-3.01265e-07 3.78118e-24 0)
(-3.01265e-07 0 0)
(-3.01265e-07 -3.78118e-24 0)
(-3.01265e-07 3.78118e-24 0)
(-3.01265e-07 -3.78118e-24 0)
(-3.01265e-07 0 0)
(-3.01265e-07 0 0)
(-3.01265e-07 0 0)
(-3.01265e-07 -3.78118e-24 0)
(-3.01265e-07 0 0)
(-3.01265e-07 0 0)
(-3.06334e-07 0 0)
(-3.06334e-07 0 0)
(-3.06334e-07 0 0)
(-3.06334e-07 3.84495e-24 0)
(-3.06334e-07 0 0)
(-3.06334e-07 0 0)
(-3.06334e-07 0 0)
(-3.06334e-07 3.84495e-24 0)
(-3.06334e-07 0 0)
(-3.06334e-07 3.84495e-24 0)
(-3.06334e-07 0 0)
(-3.06334e-07 0 0)
(-3.06334e-07 3.84495e-24 0)
(-3.06334e-07 0 0)
(-3.06334e-07 0 0)
(-3.06334e-07 0 0)
(-3.06334e-07 0 0)
(-3.06334e-07 0 0)
(-3.06334e-07 0 0)
(-3.06334e-07 0 0)
(-3.06334e-07 0 0)
(-3.06334e-07 0 0)
(-3.06334e-07 0 0)
(-3.06334e-07 0 0)
(-3.06334e-07 0 0)
(-3.06334e-07 0 0)
(-3.06334e-07 0 0)
(-3.06334e-07 0 0)
(-3.06334e-07 0 0)
(-3.06334e-07 0 0)
(-3.06334e-07 0 0)
(-3.06334e-07 0 0)
(-3.06334e-07 0 0)
(-3.06334e-07 0 0)
(-3.06334e-07 0 0)
(-3.06334e-07 0 0)
(-3.06334e-07 0 0)
(-3.06334e-07 0 0)
(-3.06334e-07 0 0)
(-3.06334e-07 0 0)
(-3.06334e-07 3.84495e-24 0)
(-3.06334e-07 0 0)
(-3.06334e-07 0 0)
(-3.06334e-07 0 0)
(-3.06334e-07 0 0)
(-3.06334e-07 3.84495e-24 0)
(-3.06334e-07 0 0)
(-3.06334e-07 0 0)
(-3.06334e-07 0 0)
(-3.06334e-07 0 0)
(-3.06334e-07 3.84495e-24 0)
(-3.06334e-07 0 0)
(-3.06334e-07 0 0)
(-3.06334e-07 0 0)
(-3.06334e-07 0 0)
(-3.06334e-07 3.84495e-24 0)
(-3.06334e-07 0 0)
(-3.06334e-07 0 0)
(-3.06334e-07 0 0)
(-3.06334e-07 0 0)
(-3.11734e-07 0 0)
(-3.11734e-07 0 0)
(-3.11734e-07 -3.91284e-24 0)
(-3.11734e-07 -3.91284e-24 0)
(-3.11734e-07 -3.91284e-24 0)
(-3.11734e-07 -3.91284e-24 0)
(-3.11734e-07 -3.91284e-24 0)
(-3.11734e-07 -3.91284e-24 0)
(-3.11734e-07 -3.91284e-24 0)
(-3.11734e-07 -3.91284e-24 0)
(-3.11734e-07 0 0)
(-3.11734e-07 -3.91284e-24 0)
(-3.11734e-07 -3.91284e-24 0)
(-3.11734e-07 -3.91284e-24 0)
(-3.11734e-07 -3.91284e-24 0)
(-3.11734e-07 0 0)
(-3.11734e-07 -3.91284e-24 0)
(-3.11734e-07 0 0)
(-3.11734e-07 -3.91284e-24 0)
(-3.11734e-07 -3.91284e-24 0)
(-3.11734e-07 0 0)
(-3.11734e-07 -3.91284e-24 0)
(-3.11734e-07 0 0)
(-3.11734e-07 -3.91284e-24 0)
(-3.11734e-07 -3.91284e-24 0)
(-3.11734e-07 0 0)
(-3.11734e-07 -3.91284e-24 0)
(-3.11734e-07 0 0)
(-3.11734e-07 0 0)
(-3.11734e-07 0 0)
(-3.11734e-07 0 0)
(-3.11734e-07 0 0)
(-3.11734e-07 0 0)
(-3.11734e-07 0 0)
(-3.11734e-07 0 0)
(-3.11734e-07 0 0)
(-3.11734e-07 0 0)
(-3.11734e-07 0 0)
(-3.11734e-07 0 0)
(-3.11734e-07 0 0)
(-3.11734e-07 0 0)
(-3.11734e-07 0 0)
(-3.11734e-07 0 0)
(-3.11734e-07 0 0)
(-3.11734e-07 0 0)
(-3.11734e-07 0 0)
(-3.11734e-07 0 0)
(-3.11734e-07 0 0)
(-3.11734e-07 0 0)
(-3.11734e-07 0 0)
(-3.11734e-07 0 0)
(-3.11734e-07 0 0)
(-3.11734e-07 0 0)
(-3.11734e-07 0 0)
(-3.11734e-07 -3.91284e-24 0)
(-3.11734e-07 0 0)
(-3.11734e-07 -3.91284e-24 0)
(-3.11734e-07 0 0)
(-3.11734e-07 -3.91284e-24 0)
(-3.11734e-07 -3.91284e-24 0)
(-3.17416e-07 0 0)
(-3.17416e-07 0 0)
(-3.17416e-07 3.98424e-24 0)
(-3.17416e-07 0 0)
(-3.17416e-07 3.98424e-24 0)
(-3.17416e-07 3.98424e-24 0)
(-3.17416e-07 3.98424e-24 0)
(-3.17416e-07 3.98424e-24 0)
(-3.17416e-07 3.98424e-24 0)
(-3.17416e-07 3.98424e-24 0)
(-3.17416e-07 3.98424e-24 0)
(-3.17416e-07 3.98424e-24 0)
(-3.17416e-07 3.98424e-24 0)
(-3.17416e-07 3.98424e-24 0)
(-3.17416e-07 3.98424e-24 0)
(-3.17416e-07 3.98424e-24 0)
(-3.17416e-07 3.98424e-24 0)
(-3.17416e-07 -3.98424e-24 0)
(-3.17416e-07 3.98424e-24 0)
(-3.17416e-07 3.98424e-24 0)
(-3.17416e-07 3.98424e-24 0)
(-3.17416e-07 3.98424e-24 0)
(-3.17416e-07 -3.98424e-24 0)
(-3.17416e-07 3.98424e-24 0)
(-3.17416e-07 3.98424e-24 0)
(-3.17416e-07 3.98424e-24 0)
(-3.17416e-07 3.98424e-24 0)
(-3.17416e-07 -3.98424e-24 0)
(-3.17416e-07 0 0)
(-3.17416e-07 -3.98424e-24 0)
(-3.17416e-07 -3.98424e-24 0)
(-3.17416e-07 0 0)
(-3.17416e-07 -3.98424e-24 0)
(-3.17416e-07 0 0)
(-3.17416e-07 -3.98424e-24 0)
(-3.17416e-07 -3.98424e-24 0)
(-3.17416e-07 0 0)
(-3.17416e-07 -3.98424e-24 0)
(-3.17416e-07 0 0)
(-3.17416e-07 -3.98424e-24 0)
(-3.17416e-07 -3.98424e-24 0)
(-3.17416e-07 0 0)
(-3.17416e-07 -3.98424e-24 0)
(-3.17416e-07 0 0)
(-3.17416e-07 -3.98424e-24 0)
(-3.17416e-07 -3.98424e-24 0)
(-3.17416e-07 0 0)
(-3.17416e-07 -3.98424e-24 0)
(-3.17416e-07 0 0)
(-3.17416e-07 -3.98424e-24 0)
(-3.17416e-07 -3.98424e-24 0)
(-3.17416e-07 0 0)
(-3.17416e-07 -3.98424e-24 0)
(-3.17416e-07 0 0)
(-3.17416e-07 0 0)
(-3.17416e-07 -3.98424e-24 0)
(-3.17416e-07 0 0)
(-3.17416e-07 0 0)
(-3.17416e-07 0 0)
(-3.17416e-07 0 0)
(-3.2334e-07 0 0)
(-3.2334e-07 0 0)
(-3.2334e-07 -4.05866e-24 0)
(-3.2334e-07 0 0)
(-3.2334e-07 -4.05866e-24 0)
(-3.2334e-07 -4.05866e-24 0)
(-3.2334e-07 -4.05866e-24 0)
(-3.2334e-07 0 0)
(-3.2334e-07 -4.05866e-24 0)
(-3.2334e-07 0 0)
(-3.2334e-07 0 0)
(-3.2334e-07 -4.05866e-24 0)
(-3.2334e-07 0 0)
(-3.2334e-07 -4.05866e-24 0)
(-3.2334e-07 0 0)
(-3.2334e-07 0 0)
(-3.2334e-07 0 0)
(-3.2334e-07 4.05866e-24 0)
(-3.2334e-07 0 0)
(-3.2334e-07 0 0)
(-3.2334e-07 0 0)
(-3.2334e-07 0 0)
(-3.2334e-07 4.05866e-24 0)
(-3.2334e-07 0 0)
(-3.2334e-07 0 0)
(-3.2334e-07 0 0)
(-3.2334e-07 0 0)
(-3.2334e-07 4.05866e-24 0)
(-3.2334e-07 0 0)
(-3.2334e-07 4.05866e-24 0)
(-3.2334e-07 4.05866e-24 0)
(-3.2334e-07 0 0)
(-3.2334e-07 4.05866e-24 0)
(-3.2334e-07 0 0)
(-3.2334e-07 4.05866e-24 0)
(-3.2334e-07 4.05866e-24 0)
(-3.2334e-07 0 0)
(-3.2334e-07 4.05866e-24 0)
(-3.2334e-07 0 0)
(-3.2334e-07 4.05866e-24 0)
(-3.2334e-07 4.05866e-24 0)
(-3.2334e-07 0 0)
(-3.2334e-07 4.05866e-24 0)
(-3.2334e-07 0 0)
(-3.2334e-07 4.05866e-24 0)
(-3.2334e-07 4.05866e-24 0)
(-3.2334e-07 0 0)
(-3.2334e-07 4.05866e-24 0)
(-3.2334e-07 0 0)
(-3.2334e-07 4.05866e-24 0)
(-3.2334e-07 4.05866e-24 0)
(-3.2334e-07 0 0)
(-3.2334e-07 4.05866e-24 0)
(-3.2334e-07 0 0)
(-3.2334e-07 4.05866e-24 0)
(-3.2334e-07 4.05866e-24 0)
(-3.2334e-07 4.05866e-24 0)
(-3.2334e-07 4.05866e-24 0)
(-3.2334e-07 4.05866e-24 0)
(-3.2334e-07 4.05866e-24 0)
(-3.29505e-07 0 0)
(-3.29505e-07 -4.13612e-24 0)
(-3.29505e-07 0 0)
(-3.29505e-07 -4.13612e-24 0)
(-3.29505e-07 0 0)
(-3.29505e-07 0 0)
(-3.29505e-07 0 0)
(-3.29505e-07 -4.13612e-24 0)
(-3.29505e-07 0 0)
(-3.29505e-07 -4.13612e-24 0)
(-3.29505e-07 -4.13612e-24 0)
(-3.29505e-07 0 0)
(-3.29505e-07 -4.13612e-24 0)
(-3.29505e-07 0 0)
(-3.29505e-07 -4.13612e-24 0)
(-3.29505e-07 -4.13612e-24 0)
(-3.29505e-07 -4.13612e-24 0)
(-3.29505e-07 0 0)
(-3.29505e-07 -4.13612e-24 0)
(-3.29505e-07 -4.13612e-24 0)
(-3.29505e-07 -4.13612e-24 0)
(-3.29505e-07 -4.13612e-24 0)
(-3.29505e-07 0 0)
(-3.29505e-07 -4.13612e-24 0)
(-3.29505e-07 -4.13612e-24 0)
(-3.29505e-07 -4.13612e-24 0)
(-3.29505e-07 -4.13612e-24 0)
(-3.29505e-07 0 0)
(-3.29505e-07 -4.13612e-24 0)
(-3.29505e-07 0 0)
(-3.29505e-07 0 0)
(-3.29505e-07 -4.13612e-24 0)
(-3.29505e-07 0 0)
(-3.29505e-07 -4.13612e-24 0)
(-3.29505e-07 0 0)
(-3.29505e-07 0 0)
(-3.29505e-07 -4.13612e-24 0)
(-3.29505e-07 0 0)
(-3.29505e-07 -4.13612e-24 0)
(-3.29505e-07 0 0)
(-3.29505e-07 0 0)
(-3.29505e-07 -4.13612e-24 0)
(-3.29505e-07 0 0)
(-3.29505e-07 -4.13612e-24 0)
(-3.29505e-07 0 0)
(-3.29505e-07 0 0)
(-3.29505e-07 -4.13612e-24 0)
(-3.29505e-07 0 0)
(-3.29505e-07 -4.13612e-24 0)
(-3.29505e-07 0 0)
(-3.29505e-07 0 0)
(-3.29505e-07 -4.13612e-24 0)
(-3.29505e-07 0 0)
(-3.29505e-07 -4.13612e-24 0)
(-3.29505e-07 0 0)
(-3.29505e-07 0 0)
(-3.29505e-07 0 0)
(-3.29505e-07 0 0)
(-3.29505e-07 0 0)
(-3.29505e-07 0 0)
(-3.35946e-07 0 0)
(-3.35946e-07 4.21704e-24 0)
(-3.35946e-07 4.21704e-24 0)
(-3.35946e-07 4.21704e-24 0)
(-3.35946e-07 4.21704e-24 0)
(-3.35946e-07 4.21704e-24 0)
(-3.35946e-07 4.21704e-24 0)
(-3.35946e-07 4.21704e-24 0)
(-3.35946e-07 0 0)
(-3.35946e-07 4.21704e-24 0)
(-3.35946e-07 4.21704e-24 0)
(-3.35946e-07 0 0)
(-3.35946e-07 4.21704e-24 0)
(-3.35946e-07 0 0)
(-3.35946e-07 4.21704e-24 0)
(-3.35946e-07 4.21704e-24 0)
(-3.35946e-07 4.21704e-24 0)
(-3.35946e-07 0 0)
(-3.35946e-07 4.21704e-24 0)
(-3.35946e-07 4.21704e-24 0)
(-3.35946e-07 4.21704e-24 0)
(-3.35946e-07 4.21704e-24 0)
(-3.35946e-07 0 0)
(-3.35946e-07 4.21704e-24 0)
(-3.35946e-07 4.21704e-24 0)
(-3.35946e-07 4.21704e-24 0)
(-3.35946e-07 4.21704e-24 0)
(-3.35946e-07 0 0)
(-3.35946e-07 0 0)
(-3.35946e-07 0 0)
(-3.35946e-07 0 0)
(-3.35946e-07 0 0)
(-3.35946e-07 0 0)
(-3.35946e-07 0 0)
(-3.35946e-07 0 0)
(-3.35946e-07 0 0)
(-3.35946e-07 0 0)
(-3.35946e-07 0 0)
(-3.35946e-07 0 0)
(-3.35946e-07 0 0)
(-3.35946e-07 0 0)
(-3.35946e-07 0 0)
(-3.35946e-07 0 0)
(-3.35946e-07 0 0)
(-3.35946e-07 0 0)
(-3.35946e-07 0 0)
(-3.35946e-07 0 0)
(-3.35946e-07 0 0)
(-3.35946e-07 0 0)
(-3.35946e-07 0 0)
(-3.35946e-07 0 0)
(-3.35946e-07 0 0)
(-3.35946e-07 0 0)
(-3.35946e-07 0 0)
(-3.35946e-07 0 0)
(-3.35946e-07 0 0)
(-3.35946e-07 0 0)
(-3.35946e-07 0 0)
(-3.35946e-07 0 0)
(-3.35946e-07 0 0)
(-3.42711e-07 0 0)
(-3.42711e-07 -4.30203e-24 0)
(-3.42711e-07 -4.30203e-24 0)
(-3.42711e-07 -4.30203e-24 0)
(-3.42711e-07 0 0)
(-3.42711e-07 -4.30203e-24 0)
(-3.42711e-07 0 0)
(-3.42711e-07 0 0)
(-3.42711e-07 -4.30203e-24 0)
(-3.42711e-07 0 0)
(-3.42711e-07 4.30203e-24 0)
(-3.42711e-07 -4.30203e-24 0)
(-3.42711e-07 0 0)
(-3.42711e-07 -4.30203e-24 0)
(-3.42711e-07 0 0)
(-3.42711e-07 4.30203e-24 0)
(-3.42711e-07 0 0)
(-3.42711e-07 0 0)
(-3.42711e-07 0 0)
(-3.42711e-07 0 0)
(-3.42711e-07 4.30203e-24 0)
(-3.42711e-07 0 0)
(-3.42711e-07 0 0)
(-3.42711e-07 0 0)
(-3.42711e-07 0 0)
(-3.42711e-07 4.30203e-24 0)
(-3.42711e-07 0 0)
(-3.42711e-07 0 0)
(-3.42711e-07 4.30203e-24 0)
(-3.42711e-07 0 0)
(-3.42711e-07 0 0)
(-3.42711e-07 4.30203e-24 0)
(-3.42711e-07 0 0)
(-3.42711e-07 4.30203e-24 0)
(-3.42711e-07 0 0)
(-3.42711e-07 0 0)
(-3.42711e-07 4.30203e-24 0)
(-3.42711e-07 0 0)
(-3.42711e-07 4.30203e-24 0)
(-3.42711e-07 0 0)
(-3.42711e-07 -4.30203e-24 0)
(-3.42711e-07 4.30203e-24 0)
(-3.42711e-07 0 0)
(-3.42711e-07 4.30203e-24 0)
(-3.42711e-07 0 0)
(-3.42711e-07 -4.30203e-24 0)
(-3.42711e-07 4.30203e-24 0)
(-3.42711e-07 0 0)
(-3.42711e-07 4.30203e-24 0)
(-3.42711e-07 0 0)
(-3.42711e-07 -4.30203e-24 0)
(-3.42711e-07 4.30203e-24 0)
(-3.42711e-07 0 0)
(-3.42711e-07 4.30203e-24 0)
(-3.42711e-07 -4.30203e-24 0)
(-3.42711e-07 -4.30203e-24 0)
(-3.42711e-07 -4.30203e-24 0)
(-3.42711e-07 0 0)
(-3.42711e-07 -4.30203e-24 0)
(-3.42711e-07 -4.30203e-24 0)
(-3.49854e-07 0 0)
(-3.49854e-07 4.39179e-24 0)
(-3.49854e-07 4.39179e-24 0)
(-3.49854e-07 4.39179e-24 0)
(-3.49854e-07 0 0)
(-3.49854e-07 4.39179e-24 0)
(-3.49854e-07 0 0)
(-3.49854e-07 0 0)
(-3.49854e-07 8.78359e-24 0)
(-3.49854e-07 0 0)
(-3.49854e-07 -4.39179e-24 0)
(-3.49854e-07 8.78359e-24 0)
(-3.49854e-07 0 0)
(-3.49854e-07 8.78359e-24 0)
(-3.49854e-07 0 0)
(-3.49854e-07 -4.39179e-24 0)
(-3.49854e-07 0 0)
(-3.49854e-07 4.39179e-24 0)
(-3.49854e-07 0 0)
(-3.49854e-07 0 0)
(-3.49854e-07 -4.39179e-24 0)
(-3.49854e-07 0 0)
(-3.49854e-07 4.39179e-24 0)
(-3.49854e-07 0 0)
(-3.49854e-07 0 0)
(-3.49854e-07 -4.39179e-24 0)
(-3.49854e-07 0 0)
(-3.49854e-07 4.39179e-24 0)
(-3.49854e-07 0 0)
(-3.49854e-07 4.39179e-24 0)
(-3.49854e-07 4.39179e-24 0)
(-3.49854e-07 0 0)
(-3.49854e-07 4.39179e-24 0)
(-3.49854e-07 0 0)
(-3.49854e-07 4.39179e-24 0)
(-3.49854e-07 4.39179e-24 0)
(-3.49854e-07 0 0)
(-3.49854e-07 4.39179e-24 0)
(-3.49854e-07 0 0)
(-3.49854e-07 4.39179e-24 0)
(-3.49854e-07 8.78359e-24 0)
(-3.49854e-07 0 0)
(-3.49854e-07 4.39179e-24 0)
(-3.49854e-07 0 0)
(-3.49854e-07 4.39179e-24 0)
(-3.49854e-07 8.78359e-24 0)
(-3.49854e-07 0 0)
(-3.49854e-07 4.39179e-24 0)
(-3.49854e-07 0 0)
(-3.49854e-07 4.39179e-24 0)
(-3.49854e-07 8.78359e-24 0)
(-3.49854e-07 0 0)
(-3.49854e-07 4.39179e-24 0)
(-3.49854e-07 0 0)
(-3.49854e-07 4.39179e-24 0)
(-3.49854e-07 8.78359e-24 0)
(-3.49854e-07 4.39179e-24 0)
(-3.49854e-07 0 0)
(-3.49854e-07 4.39179e-24 0)
(-3.49854e-07 4.39179e-24 0)
(-3.57443e-07 0 0)
(-3.57443e-07 0 0)
(-3.57443e-07 0 0)
(-3.57443e-07 4.48714e-24 0)
(-3.57443e-07 0 0)
(-3.57443e-07 0 0)
(-3.57443e-07 0 0)
(-3.57443e-07 0 0)
(-3.57443e-07 -4.48714e-24 0)
(-3.57443e-07 0 0)
(-3.57443e-07 0 0)
(-3.57443e-07 -4.48714e-24 0)
(-3.57443e-07 0 0)
(-3.57443e-07 -4.48714e-24 0)
(-3.57443e-07 0 0)
(-3.57443e-07 0 0)
(-3.57443e-07 0 0)
(-3.57443e-07 0 0)
(-3.57443e-07 0 0)
(-3.57443e-07 0 0)
(-3.57443e-07 0 0)
(-3.57443e-07 0 0)
(-3.57443e-07 0 0)
(-3.57443e-07 0 0)
(-3.57443e-07 0 0)
(-3.57443e-07 0 0)
(-3.57443e-07 0 0)
(-3.57443e-07 0 0)
(-3.57443e-07 -4.48714e-24 0)
(-3.57443e-07 0 0)
(-3.57443e-07 0 0)
(-3.57443e-07 -4.48714e-24 0)
(-3.57443e-07 0 0)
(-3.57443e-07 -4.48714e-24 0)
(-3.57443e-07 0 0)
(-3.57443e-07 0 0)
(-3.57443e-07 -4.48714e-24 0)
(-3.57443e-07 0 0)
(-3.57443e-07 -4.48714e-24 0)
(-3.57443e-07 0 0)
(-3.57443e-07 0 0)
(-3.57443e-07 -4.48714e-24 0)
(-3.57443e-07 0 0)
(-3.57443e-07 -4.48714e-24 0)
(-3.57443e-07 0 0)
(-3.57443e-07 0 0)
(-3.57443e-07 -4.48714e-24 0)
(-3.57443e-07 0 0)
(-3.57443e-07 -4.48714e-24 0)
(-3.57443e-07 0 0)
(-3.57443e-07 0 0)
(-3.57443e-07 -4.48714e-24 0)
(-3.57443e-07 0 0)
(-3.57443e-07 -4.48714e-24 0)
(-3.57443e-07 4.48714e-24 0)
(-3.57443e-07 0 0)
(-3.57443e-07 4.48714e-24 0)
(-3.57443e-07 0 0)
(-3.57443e-07 4.48714e-24 0)
(-3.57443e-07 4.48714e-24 0)
(-3.65514e-07 4.5885e-24 0)
(-3.65514e-07 0 0)
(-3.65514e-07 4.5885e-24 0)
(-3.65514e-07 -4.5885e-24 0)
(-3.65514e-07 4.5885e-24 0)
(-3.65514e-07 4.5885e-24 0)
(-3.65514e-07 4.5885e-24 0)
(-3.65514e-07 4.5885e-24 0)
(-3.65514e-07 4.5885e-24 0)
(-3.65514e-07 4.5885e-24 0)
(-3.65514e-07 4.5885e-24 0)
(-3.65514e-07 0 0)
(-3.65514e-07 4.5885e-24 0)
(-3.65514e-07 4.5885e-24 0)
(-3.65514e-07 4.5885e-24 0)
(-3.65514e-07 4.5885e-24 0)
(-3.65514e-07 4.5885e-24 0)
(-3.65514e-07 0 0)
(-3.65514e-07 4.5885e-24 0)
(-3.65514e-07 4.5885e-24 0)
(-3.65514e-07 4.5885e-24 0)
(-3.65514e-07 4.5885e-24 0)
(-3.65514e-07 0 0)
(-3.65514e-07 4.5885e-24 0)
(-3.65514e-07 4.5885e-24 0)
(-3.65514e-07 4.5885e-24 0)
(-3.65514e-07 4.5885e-24 0)
(-3.65514e-07 0 0)
(-3.65514e-07 0 0)
(-3.65514e-07 0 0)
(-3.65514e-07 0 0)
(-3.65514e-07 0 0)
(-3.65514e-07 0 0)
(-3.65514e-07 0 0)
(-3.65514e-07 0 0)
(-3.65514e-07 0 0)
(-3.65514e-07 0 0)
(-3.65514e-07 0 0)
(-3.65514e-07 0 0)
(-3.65514e-07 0 0)
(-3.65514e-07 0 0)
(-3.65514e-07 0 0)
(-3.65514e-07 0 0)
(-3.65514e-07 0 0)
(-3.65514e-07 0 0)
(-3.65514e-07 0 0)
(-3.65514e-07 0 0)
(-3.65514e-07 0 0)
(-3.65514e-07 0 0)
(-3.65514e-07 0 0)
(-3.65514e-07 0 0)
(-3.65514e-07 0 0)
(-3.65514e-07 0 0)
(-3.65514e-07 0 0)
(-3.65514e-07 0 0)
(-3.65514e-07 0 0)
(-3.65514e-07 0 0)
(-3.65514e-07 -4.5885e-24 0)
(-3.65514e-07 0 0)
(-3.65514e-07 0 0)
(-3.74002e-07 0 0)
(-3.74002e-07 4.69499e-24 0)
(-3.74002e-07 0 0)
(-3.74002e-07 4.69499e-24 0)
(-3.74002e-07 -4.69499e-24 0)
(-3.74002e-07 0 0)
(-3.74002e-07 -4.69499e-24 0)
(-3.74002e-07 -4.69499e-24 0)
(-3.74002e-07 0 0)
(-3.74002e-07 -4.69499e-24 0)
(-3.74002e-07 0 0)
(-3.74002e-07 0 0)
(-3.74002e-07 -4.69499e-24 0)
(-3.74002e-07 0 0)
(-3.74002e-07 0 0)
(-3.74002e-07 0 0)
(-3.74002e-07 0 0)
(-3.74002e-07 0 0)
(-3.74002e-07 0 0)
(-3.74002e-07 0 0)
(-3.74002e-07 0 0)
(-3.74002e-07 0 0)
(-3.74002e-07 0 0)
(-3.74002e-07 0 0)
(-3.74002e-07 0 0)
(-3.74002e-07 0 0)
(-3.74002e-07 0 0)
(-3.74002e-07 0 0)
(-3.74002e-07 0 0)
(-3.74002e-07 0 0)
(-3.74002e-07 0 0)
(-3.74002e-07 0 0)
(-3.74002e-07 0 0)
(-3.74002e-07 0 0)
(-3.74002e-07 0 0)
(-3.74002e-07 0 0)
(-3.74002e-07 0 0)
(-3.74002e-07 0 0)
(-3.74002e-07 0 0)
(-3.74002e-07 0 0)
(-3.74002e-07 0 0)
(-3.74002e-07 0 0)
(-3.74002e-07 0 0)
(-3.74002e-07 0 0)
(-3.74002e-07 0 0)
(-3.74002e-07 0 0)
(-3.74002e-07 0 0)
(-3.74002e-07 0 0)
(-3.74002e-07 0 0)
(-3.74002e-07 0 0)
(-3.74002e-07 0 0)
(-3.74002e-07 0 0)
(-3.74002e-07 0 0)
(-3.74002e-07 0 0)
(-3.74002e-07 0 0)
(-3.74002e-07 0 0)
(-3.74002e-07 0 0)
(-3.74002e-07 4.69499e-24 0)
(-3.74002e-07 0 0)
(-3.74002e-07 0 0)
(-3.82728e-07 -4.80437e-24 0)
(-3.82728e-07 0 0)
(-3.82728e-07 0 0)
(-3.82728e-07 -4.80437e-24 0)
(-3.82728e-07 4.80437e-24 0)
(-3.82728e-07 0 0)
(-3.82728e-07 4.80437e-24 0)
(-3.82728e-07 0 0)
(-3.82728e-07 0 0)
(-3.82728e-07 0 0)
(-3.82728e-07 -4.80437e-24 0)
(-3.82728e-07 0 0)
(-3.82728e-07 0 0)
(-3.82728e-07 0 0)
(-3.82728e-07 -4.80437e-24 0)
(-3.82728e-07 -4.80437e-24 0)
(-3.82728e-07 -4.80437e-24 0)
(-3.82728e-07 0 0)
(-3.82728e-07 -4.80437e-24 0)
(-3.82728e-07 -4.80437e-24 0)
(-3.82728e-07 -4.80437e-24 0)
(-3.82728e-07 -4.80437e-24 0)
(-3.82728e-07 0 0)
(-3.82728e-07 -4.80437e-24 0)
(-3.82728e-07 -4.80437e-24 0)
(-3.82728e-07 -4.80437e-24 0)
(-3.82728e-07 -4.80437e-24 0)
(-3.82728e-07 0 0)
(-3.82728e-07 0 0)
(-3.82728e-07 0 0)
(-3.82728e-07 0 0)
(-3.82728e-07 0 0)
(-3.82728e-07 0 0)
(-3.82728e-07 0 0)
(-3.82728e-07 0 0)
(-3.82728e-07 0 0)
(-3.82728e-07 0 0)
(-3.82728e-07 0 0)
(-3.82728e-07 0 0)
(-3.82728e-07 0 0)
(-3.82728e-07 0 0)
(-3.82728e-07 0 0)
(-3.82728e-07 0 0)
(-3.82728e-07 0 0)
(-3.82728e-07 0 0)
(-3.82728e-07 0 0)
(-3.82728e-07 0 0)
(-3.82728e-07 0 0)
(-3.82728e-07 0 0)
(-3.82728e-07 0 0)
(-3.82728e-07 0 0)
(-3.82728e-07 0 0)
(-3.82728e-07 0 0)
(-3.82728e-07 0 0)
(-3.82728e-07 0 0)
(-3.82728e-07 0 0)
(-3.82728e-07 0 0)
(-3.82728e-07 0 0)
(-3.82728e-07 0 0)
(-3.82728e-07 0 0)
(-3.91416e-07 -4.91314e-24 0)
(-3.91416e-07 -9.82627e-24 0)
(-3.91416e-07 -4.91314e-24 0)
(-3.91416e-07 0 0)
(-3.91416e-07 -9.82627e-24 0)
(-3.91416e-07 -4.91314e-24 0)
(-3.91416e-07 -9.82627e-24 0)
(-3.91416e-07 0 0)
(-3.91416e-07 -4.91314e-24 0)
(-3.91416e-07 0 0)
(-3.91416e-07 0 0)
(-3.91416e-07 -4.91314e-24 0)
(-3.91416e-07 0 0)
(-3.91416e-07 -4.91314e-24 0)
(-3.91416e-07 0 0)
(-3.91416e-07 0 0)
(-3.91416e-07 0 0)
(-3.91416e-07 -4.91314e-24 0)
(-3.91416e-07 0 0)
(-3.91416e-07 0 0)
(-3.91416e-07 0 0)
(-3.91416e-07 0 0)
(-3.91416e-07 -4.91314e-24 0)
(-3.91416e-07 0 0)
(-3.91416e-07 0 0)
(-3.91416e-07 0 0)
(-3.91416e-07 0 0)
(-3.91416e-07 -4.91314e-24 0)
(-3.91416e-07 0 0)
(-3.91416e-07 -4.91314e-24 0)
(-3.91416e-07 -4.91314e-24 0)
(-3.91416e-07 0 0)
(-3.91416e-07 -4.91314e-24 0)
(-3.91416e-07 0 0)
(-3.91416e-07 -4.91314e-24 0)
(-3.91416e-07 -4.91314e-24 0)
(-3.91416e-07 0 0)
(-3.91416e-07 -4.91314e-24 0)
(-3.91416e-07 0 0)
(-3.91416e-07 -4.91314e-24 0)
(-3.91416e-07 -4.91314e-24 0)
(-3.91416e-07 0 0)
(-3.91416e-07 -4.91314e-24 0)
(-3.91416e-07 0 0)
(-3.91416e-07 -4.91314e-24 0)
(-3.91416e-07 -4.91314e-24 0)
(-3.91416e-07 0 0)
(-3.91416e-07 -4.91314e-24 0)
(-3.91416e-07 0 0)
(-3.91416e-07 -4.91314e-24 0)
(-3.91416e-07 -4.91314e-24 0)
(-3.91416e-07 0 0)
(-3.91416e-07 -4.91314e-24 0)
(-3.91416e-07 0 0)
(-3.91416e-07 -4.91314e-24 0)
(-3.91416e-07 -4.91314e-24 0)
(-3.91416e-07 -4.91314e-24 0)
(-3.91416e-07 0 0)
(-3.91416e-07 -4.91314e-24 0)
(-3.91416e-07 -4.91314e-24 0)
(-3.99598e-07 5.01541e-24 0)
(-3.99598e-07 5.01541e-24 0)
(-3.99598e-07 5.01541e-24 0)
(-3.99598e-07 0 0)
(-3.99598e-07 5.01541e-24 0)
(-3.99598e-07 5.01541e-24 0)
(-3.99598e-07 5.01541e-24 0)
(-3.99598e-07 0 0)
(-3.99598e-07 5.01541e-24 0)
(-3.99598e-07 0 0)
(-3.99598e-07 0 0)
(-3.99598e-07 5.01541e-24 0)
(-3.99598e-07 0 0)
(-3.99598e-07 5.01541e-24 0)
(-3.99598e-07 0 0)
(-3.99598e-07 0 0)
(-3.99598e-07 0 0)
(-3.99598e-07 0 0)
(-3.99598e-07 0 0)
(-3.99598e-07 0 0)
(-3.99598e-07 0 0)
(-3.99598e-07 0 0)
(-3.99598e-07 0 0)
(-3.99598e-07 0 0)
(-3.99598e-07 0 0)
(-3.99598e-07 0 0)
(-3.99598e-07 0 0)
(-3.99598e-07 0 0)
(-3.99598e-07 0 0)
(-3.99598e-07 0 0)
(-3.99598e-07 0 0)
(-3.99598e-07 0 0)
(-3.99598e-07 0 0)
(-3.99598e-07 0 0)
(-3.99598e-07 0 0)
(-3.99598e-07 0 0)
(-3.99598e-07 0 0)
(-3.99598e-07 0 0)
(-3.99598e-07 0 0)
(-3.99598e-07 0 0)
(-3.99598e-07 0 0)
(-3.99598e-07 0 0)
(-3.99598e-07 0 0)
(-3.99598e-07 0 0)
(-3.99598e-07 0 0)
(-3.99598e-07 0 0)
(-3.99598e-07 0 0)
(-3.99598e-07 0 0)
(-3.99598e-07 0 0)
(-3.99598e-07 0 0)
(-3.99598e-07 0 0)
(-3.99598e-07 0 0)
(-3.99598e-07 0 0)
(-3.99598e-07 0 0)
(-3.99598e-07 0 0)
(-3.99598e-07 0 0)
(-3.99598e-07 0 0)
(-3.99598e-07 0 0)
(-3.99598e-07 0 0)
(-3.99598e-07 0 0)
(-4.0651e-07 5.10168e-24 0)
(-4.0651e-07 0 0)
(-4.0651e-07 -5.10168e-24 0)
(-4.0651e-07 0 0)
(-4.0651e-07 0 0)
(-4.0651e-07 -5.10168e-24 0)
(-4.0651e-07 0 0)
(-4.0651e-07 0 0)
(-4.0651e-07 0 0)
(-4.0651e-07 0 0)
(-4.0651e-07 0 0)
(-4.0651e-07 0 0)
(-4.0651e-07 0 0)
(-4.0651e-07 0 0)
(-4.0651e-07 0 0)
(-4.0651e-07 0 0)
(-4.0651e-07 0 0)
(-4.0651e-07 5.10168e-24 0)
(-4.0651e-07 0 0)
(-4.0651e-07 0 0)
(-4.0651e-07 0 0)
(-4.0651e-07 0 0)
(-4.0651e-07 5.10168e-24 0)
(-4.0651e-07 0 0)
(-4.0651e-07 0 0)
(-4.0651e-07 0 0)
(-4.0651e-07 0 0)
(-4.0651e-07 5.10168e-24 0)
(-4.0651e-07 0 0)
(-4.0651e-07 5.10168e-24 0)
(-4.0651e-07 5.10168e-24 0)
(-4.0651e-07 0 0)
(-4.0651e-07 5.10168e-24 0)
(-4.0651e-07 0 0)
(-4.0651e-07 5.10168e-24 0)
(-4.0651e-07 5.10168e-24 0)
(-4.0651e-07 0 0)
(-4.0651e-07 5.10168e-24 0)
(-4.0651e-07 0 0)
(-4.0651e-07 5.10168e-24 0)
(-4.0651e-07 5.10168e-24 0)
(-4.0651e-07 0 0)
(-4.0651e-07 5.10168e-24 0)
(-4.0651e-07 0 0)
(-4.0651e-07 5.10168e-24 0)
(-4.0651e-07 5.10168e-24 0)
(-4.0651e-07 0 0)
(-4.0651e-07 5.10168e-24 0)
(-4.0651e-07 0 0)
(-4.0651e-07 5.10168e-24 0)
(-4.0651e-07 5.10168e-24 0)
(-4.0651e-07 0 0)
(-4.0651e-07 5.10168e-24 0)
(-4.0651e-07 0 0)
(-4.0651e-07 5.10168e-24 0)
(-4.0651e-07 5.10168e-24 0)
(-4.0651e-07 5.10168e-24 0)
(-4.0651e-07 5.10168e-24 0)
(-4.0651e-07 5.10168e-24 0)
(-4.0651e-07 5.10168e-24 0)
(-4.11352e-07 -1.03242e-23 0)
(-4.11352e-07 0 0)
(-4.11352e-07 -5.16208e-24 0)
(-4.11352e-07 -5.16208e-24 0)
(-4.11352e-07 0 0)
(-4.11352e-07 -5.16208e-24 0)
(-4.11352e-07 0 0)
(-4.11352e-07 -5.16208e-24 0)
(-4.11352e-07 -5.16208e-24 0)
(-4.11352e-07 -5.16208e-24 0)
(-4.11352e-07 -5.16208e-24 0)
(-4.11352e-07 -5.16208e-24 0)
(-4.11352e-07 -5.16208e-24 0)
(-4.11352e-07 -5.16208e-24 0)
(-4.11352e-07 -5.16208e-24 0)
(-4.11352e-07 -5.16208e-24 0)
(-4.11352e-07 -5.16208e-24 0)
(-4.11352e-07 0 0)
(-4.11352e-07 -5.16208e-24 0)
(-4.11352e-07 -5.16208e-24 0)
(-4.11352e-07 -5.16208e-24 0)
(-4.11352e-07 -5.16208e-24 0)
(-4.11352e-07 0 0)
(-4.11352e-07 -5.16208e-24 0)
(-4.11352e-07 -5.16208e-24 0)
(-4.11352e-07 -5.16208e-24 0)
(-4.11352e-07 -5.16208e-24 0)
(-4.11352e-07 0 0)
(-4.11352e-07 0 0)
(-4.11352e-07 0 0)
(-4.11352e-07 0 0)
(-4.11352e-07 0 0)
(-4.11352e-07 0 0)
(-4.11352e-07 0 0)
(-4.11352e-07 0 0)
(-4.11352e-07 0 0)
(-4.11352e-07 0 0)
(-4.11352e-07 0 0)
(-4.11352e-07 0 0)
(-4.11352e-07 0 0)
(-4.11352e-07 0 0)
(-4.11352e-07 0 0)
(-4.11352e-07 0 0)
(-4.11352e-07 0 0)
(-4.11352e-07 0 0)
(-4.11352e-07 0 0)
(-4.11352e-07 0 0)
(-4.11352e-07 0 0)
(-4.11352e-07 0 0)
(-4.11352e-07 0 0)
(-4.11352e-07 0 0)
(-4.11352e-07 0 0)
(-4.11352e-07 0 0)
(-4.11352e-07 0 0)
(-4.11352e-07 0 0)
(-4.11352e-07 0 0)
(-4.11352e-07 0 0)
(-4.11352e-07 -5.16208e-24 0)
(-4.11352e-07 0 0)
(-4.11352e-07 0 0)
(-4.13982e-07 5.19494e-24 0)
(-4.13982e-07 0 0)
(-4.13982e-07 5.19494e-24 0)
(-4.13982e-07 5.19494e-24 0)
(-4.13982e-07 0 0)
(-4.13982e-07 5.19494e-24 0)
(-4.13982e-07 0 0)
(-4.13982e-07 0 0)
(-4.13982e-07 5.19494e-24 0)
(-4.13982e-07 0 0)
(-4.13982e-07 0 0)
(-4.13982e-07 5.19494e-24 0)
(-4.13982e-07 0 0)
(-4.13982e-07 5.19494e-24 0)
(-4.13982e-07 0 0)
(-4.13982e-07 0 0)
(-4.13982e-07 0 0)
(-4.13982e-07 0 0)
(-4.13982e-07 0 0)
(-4.13982e-07 0 0)
(-4.13982e-07 0 0)
(-4.13982e-07 0 0)
(-4.13982e-07 0 0)
(-4.13982e-07 0 0)
(-4.13982e-07 0 0)
(-4.13982e-07 0 0)
(-4.13982e-07 0 0)
(-4.13982e-07 0 0)
(-4.13982e-07 5.19494e-24 0)
(-4.13982e-07 0 0)
(-4.13982e-07 0 0)
(-4.13982e-07 5.19494e-24 0)
(-4.13982e-07 0 0)
(-4.13982e-07 5.19494e-24 0)
(-4.13982e-07 0 0)
(-4.13982e-07 0 0)
(-4.13982e-07 5.19494e-24 0)
(-4.13982e-07 0 0)
(-4.13982e-07 5.19494e-24 0)
(-4.13982e-07 0 0)
(-4.13982e-07 0 0)
(-4.13982e-07 5.19494e-24 0)
(-4.13982e-07 0 0)
(-4.13982e-07 5.19494e-24 0)
(-4.13982e-07 0 0)
(-4.13982e-07 0 0)
(-4.13982e-07 5.19494e-24 0)
(-4.13982e-07 0 0)
(-4.13982e-07 5.19494e-24 0)
(-4.13982e-07 0 0)
(-4.13982e-07 0 0)
(-4.13982e-07 5.19494e-24 0)
(-4.13982e-07 0 0)
(-4.13982e-07 5.19494e-24 0)
(-4.13982e-07 0 0)
(-4.13982e-07 0 0)
(-4.13982e-07 0 0)
(-4.13982e-07 5.19494e-24 0)
(-4.13982e-07 0 0)
(-4.13982e-07 0 0)
(-4.1493e-07 -5.2068e-24 0)
(-4.1493e-07 -5.2068e-24 0)
(-4.1493e-07 -5.2068e-24 0)
(-4.1493e-07 0 0)
(-4.1493e-07 0 0)
(-4.1493e-07 0 0)
(-4.1493e-07 0 0)
(-4.1493e-07 5.2068e-24 0)
(-4.1493e-07 -5.2068e-24 0)
(-4.1493e-07 5.2068e-24 0)
(-4.1493e-07 5.2068e-24 0)
(-4.1493e-07 -5.2068e-24 0)
(-4.1493e-07 5.2068e-24 0)
(-4.1493e-07 -5.2068e-24 0)
(-4.1493e-07 5.2068e-24 0)
(-4.1493e-07 5.2068e-24 0)
(-4.1493e-07 5.2068e-24 0)
(-4.1493e-07 0 0)
(-4.1493e-07 5.2068e-24 0)
(-4.1493e-07 5.2068e-24 0)
(-4.1493e-07 5.2068e-24 0)
(-4.1493e-07 5.2068e-24 0)
(-4.1493e-07 0 0)
(-4.1493e-07 5.2068e-24 0)
(-4.1493e-07 5.2068e-24 0)
(-4.1493e-07 5.2068e-24 0)
(-4.1493e-07 5.2068e-24 0)
(-4.1493e-07 0 0)
(-4.1493e-07 5.2068e-24 0)
(-4.1493e-07 0 0)
(-4.1493e-07 0 0)
(-4.1493e-07 5.2068e-24 0)
(-4.1493e-07 0 0)
(-4.1493e-07 5.2068e-24 0)
(-4.1493e-07 0 0)
(-4.1493e-07 0 0)
(-4.1493e-07 5.2068e-24 0)
(-4.1493e-07 0 0)
(-4.1493e-07 5.2068e-24 0)
(-4.1493e-07 0 0)
(-4.1493e-07 0 0)
(-4.1493e-07 5.2068e-24 0)
(-4.1493e-07 0 0)
(-4.1493e-07 5.2068e-24 0)
(-4.1493e-07 0 0)
(-4.1493e-07 0 0)
(-4.1493e-07 5.2068e-24 0)
(-4.1493e-07 0 0)
(-4.1493e-07 5.2068e-24 0)
(-4.1493e-07 0 0)
(-4.1493e-07 0 0)
(-4.1493e-07 5.2068e-24 0)
(-4.1493e-07 0 0)
(-4.1493e-07 5.2068e-24 0)
(-4.1493e-07 0 0)
(-4.1493e-07 0 0)
(-4.1493e-07 0 0)
(-4.1493e-07 0 0)
(-4.1493e-07 0 0)
(-4.1493e-07 0 0)
(-4.15068e-07 5.20853e-24 0)
(-4.15068e-07 0 0)
(-4.15068e-07 0 0)
(-4.15068e-07 0 0)
(-4.15068e-07 -5.20853e-24 0)
(-4.15068e-07 -5.20853e-24 0)
(-4.15068e-07 -5.20853e-24 0)
(-4.15068e-07 0 0)
(-4.15068e-07 0 0)
(-4.15068e-07 0 0)
(-4.15068e-07 0 0)
(-4.15068e-07 0 0)
(-4.15068e-07 0 0)
(-4.15068e-07 0 0)
(-4.15068e-07 0 0)
(-4.15068e-07 0 0)
(-4.15068e-07 0 0)
(-4.15068e-07 -5.20853e-24 0)
(-4.15068e-07 0 0)
(-4.15068e-07 0 0)
(-4.15068e-07 0 0)
(-4.15068e-07 0 0)
(-4.15068e-07 -5.20853e-24 0)
(-4.15068e-07 0 0)
(-4.15068e-07 0 0)
(-4.15068e-07 0 0)
(-4.15068e-07 0 0)
(-4.15068e-07 -5.20853e-24 0)
(-4.15068e-07 -5.20853e-24 0)
(-4.15068e-07 -5.20853e-24 0)
(-4.15068e-07 -5.20853e-24 0)
(-4.15068e-07 -5.20853e-24 0)
(-4.15068e-07 -5.20853e-24 0)
(-4.15068e-07 -5.20853e-24 0)
(-4.15068e-07 -5.20853e-24 0)
(-4.15068e-07 -5.20853e-24 0)
(-4.15068e-07 -5.20853e-24 0)
(-4.15068e-07 -5.20853e-24 0)
(-4.15068e-07 -5.20853e-24 0)
(-4.15068e-07 -5.20853e-24 0)
(-4.15068e-07 -5.20853e-24 0)
(-4.15068e-07 -5.20853e-24 0)
(-4.15068e-07 -5.20853e-24 0)
(-4.15068e-07 -5.20853e-24 0)
(-4.15068e-07 -5.20853e-24 0)
(-4.15068e-07 -5.20853e-24 0)
(-4.15068e-07 -5.20853e-24 0)
(-4.15068e-07 -5.20853e-24 0)
(-4.15068e-07 -5.20853e-24 0)
(-4.15068e-07 -5.20853e-24 0)
(-4.15068e-07 -5.20853e-24 0)
(-4.15068e-07 -5.20853e-24 0)
(-4.15068e-07 -5.20853e-24 0)
(-4.15068e-07 -5.20853e-24 0)
(-4.15068e-07 -5.20853e-24 0)
(-4.15068e-07 -5.20853e-24 0)
(-4.15068e-07 -5.20853e-24 0)
(-4.15068e-07 -5.20853e-24 0)
(-4.15068e-07 -5.20853e-24 0)
(-4.15068e-07 0 0)
)
;
    }
    hills
    {
        type            calculated;
        value           nonuniform List<vector> 
7200
(
(-4.15068e-07 0 0)
(-4.15068e-07 0 0)
(-4.15068e-07 0 0)
(-4.15068e-07 0 0)
(-4.15068e-07 0 0)
(-4.15068e-07 0 0)
(-4.15068e-07 0 0)
(-4.15068e-07 0 0)
(-4.15068e-07 -5.20853e-24 0)
(-4.15068e-07 0 0)
(-4.15068e-07 0 0)
(-4.15068e-07 0 0)
(-4.15068e-07 0 0)
(-4.15068e-07 -5.20853e-24 0)
(-4.15068e-07 0 0)
(-4.15068e-07 0 0)
(-4.15068e-07 0 0)
(-4.15068e-07 0 0)
(-4.15068e-07 0 0)
(-4.15068e-07 0 0)
(-4.15068e-07 0 0)
(-4.15068e-07 0 0)
(-4.15068e-07 0 0)
(-4.15068e-07 0 0)
(-4.15068e-07 0 0)
(-4.15068e-07 0 0)
(-4.15068e-07 0 0)
(-4.15068e-07 0 0)
(-4.15068e-07 0 0)
(-4.15068e-07 0 0)
(-4.15068e-07 0 0)
(-4.15068e-07 0 0)
(-4.15068e-07 0 0)
(-4.15068e-07 0 0)
(-4.15068e-07 0 0)
(-4.15068e-07 0 0)
(-4.15068e-07 0 0)
(-4.15068e-07 0 0)
(-4.15068e-07 0 0)
(-4.15068e-07 0 0)
(-4.15068e-07 0 0)
(-4.15068e-07 0 0)
(-4.15068e-07 0 0)
(-4.15068e-07 0 0)
(-4.15068e-07 0 0)
(-4.15068e-07 0 0)
(-4.15068e-07 0 0)
(-4.15068e-07 0 0)
(-4.15068e-07 0 0)
(-4.15068e-07 0 0)
(-4.15068e-07 0 0)
(-4.15068e-07 0 0)
(-4.15068e-07 0 0)
(-4.15068e-07 0 0)
(-4.15068e-07 0 0)
(-4.15068e-07 0 0)
(-4.15068e-07 0 0)
(-4.15068e-07 0 0)
(-4.15068e-07 0 0)
(-4.15068e-07 0 0)
(-4.15042e-07 -2.49477e-09 0)
(-4.15042e-07 -2.49477e-09 0)
(-4.15042e-07 -2.49477e-09 0)
(-4.15042e-07 -2.49477e-09 0)
(-4.15042e-07 -2.49477e-09 0)
(-4.15042e-07 -2.49477e-09 0)
(-4.15042e-07 -2.49477e-09 0)
(-4.15042e-07 -2.49477e-09 0)
(-4.15042e-07 -2.49477e-09 0)
(-4.15042e-07 -2.49477e-09 0)
(-4.15042e-07 -2.49477e-09 0)
(-4.15042e-07 -2.49477e-09 0)
(-4.15042e-07 -2.49477e-09 0)
(-4.15042e-07 -2.49477e-09 0)
(-4.15042e-07 -2.49477e-09 0)
(-4.15042e-07 -2.49477e-09 0)
(-4.15042e-07 -2.49477e-09 0)
(-4.15042e-07 -2.49477e-09 0)
(-4.15042e-07 -2.49477e-09 0)
(-4.15042e-07 -2.49477e-09 0)
(-4.15042e-07 -2.49477e-09 0)
(-4.15042e-07 -2.49477e-09 0)
(-4.15042e-07 -2.49477e-09 0)
(-4.15042e-07 -2.49477e-09 0)
(-4.15042e-07 -2.49477e-09 0)
(-4.15042e-07 -2.49477e-09 0)
(-4.15042e-07 -2.49477e-09 0)
(-4.15042e-07 -2.49477e-09 0)
(-4.15042e-07 -2.49477e-09 0)
(-4.15042e-07 -2.49477e-09 0)
(-4.15042e-07 -2.49477e-09 0)
(-4.15042e-07 -2.49477e-09 0)
(-4.15042e-07 -2.49477e-09 0)
(-4.15042e-07 -2.49477e-09 0)
(-4.15042e-07 -2.49477e-09 0)
(-4.15042e-07 -2.49477e-09 0)
(-4.15042e-07 -2.49477e-09 0)
(-4.15042e-07 -2.49477e-09 0)
(-4.15042e-07 -2.49477e-09 0)
(-4.15042e-07 -2.49477e-09 0)
(-4.15042e-07 -2.49477e-09 0)
(-4.15042e-07 -2.49477e-09 0)
(-4.15042e-07 -2.49477e-09 0)
(-4.15042e-07 -2.49477e-09 0)
(-4.15042e-07 -2.49477e-09 0)
(-4.15042e-07 -2.49477e-09 0)
(-4.15042e-07 -2.49477e-09 0)
(-4.15042e-07 -2.49477e-09 0)
(-4.15042e-07 -2.49477e-09 0)
(-4.15042e-07 -2.49477e-09 0)
(-4.15042e-07 -2.49477e-09 0)
(-4.15042e-07 -2.49477e-09 0)
(-4.15042e-07 -2.49477e-09 0)
(-4.15042e-07 -2.49477e-09 0)
(-4.15042e-07 -2.49477e-09 0)
(-4.15042e-07 -2.49477e-09 0)
(-4.15042e-07 -2.49477e-09 0)
(-4.15042e-07 -2.49477e-09 0)
(-4.15042e-07 -2.49477e-09 0)
(-4.15042e-07 -2.49477e-09 0)
(-4.17889e-07 -1.46436e-08 0)
(-4.17889e-07 -1.46436e-08 0)
(-4.17889e-07 -1.46436e-08 0)
(-4.17889e-07 -1.46436e-08 0)
(-4.17889e-07 -1.46436e-08 0)
(-4.17889e-07 -1.46436e-08 0)
(-4.17889e-07 -1.46436e-08 0)
(-4.17889e-07 -1.46436e-08 0)
(-4.17889e-07 -1.46436e-08 0)
(-4.17889e-07 -1.46436e-08 0)
(-4.17889e-07 -1.46436e-08 0)
(-4.17889e-07 -1.46436e-08 0)
(-4.17889e-07 -1.46436e-08 0)
(-4.17889e-07 -1.46436e-08 0)
(-4.17889e-07 -1.46436e-08 0)
(-4.17889e-07 -1.46436e-08 0)
(-4.17889e-07 -1.46436e-08 0)
(-4.17889e-07 -1.46436e-08 0)
(-4.17889e-07 -1.46436e-08 0)
(-4.17889e-07 -1.46436e-08 0)
(-4.17889e-07 -1.46436e-08 0)
(-4.17889e-07 -1.46436e-08 0)
(-4.17889e-07 -1.46436e-08 0)
(-4.17889e-07 -1.46436e-08 0)
(-4.17889e-07 -1.46436e-08 0)
(-4.17889e-07 -1.46436e-08 0)
(-4.17889e-07 -1.46436e-08 0)
(-4.17889e-07 -1.46436e-08 0)
(-4.17889e-07 -1.46436e-08 0)
(-4.17889e-07 -1.46436e-08 0)
(-4.17889e-07 -1.46436e-08 0)
(-4.17889e-07 -1.46436e-08 0)
(-4.17889e-07 -1.46436e-08 0)
(-4.17889e-07 -1.46436e-08 0)
(-4.17889e-07 -1.46436e-08 0)
(-4.17889e-07 -1.46436e-08 0)
(-4.17889e-07 -1.46436e-08 0)
(-4.17889e-07 -1.46436e-08 0)
(-4.17889e-07 -1.46436e-08 0)
(-4.17889e-07 -1.46436e-08 0)
(-4.17889e-07 -1.46436e-08 0)
(-4.17889e-07 -1.46436e-08 0)
(-4.17889e-07 -1.46436e-08 0)
(-4.17889e-07 -1.46436e-08 0)
(-4.17889e-07 -1.46436e-08 0)
(-4.17889e-07 -1.46436e-08 0)
(-4.17889e-07 -1.46436e-08 0)
(-4.17889e-07 -1.46436e-08 0)
(-4.17889e-07 -1.46436e-08 0)
(-4.17889e-07 -1.46436e-08 0)
(-4.17889e-07 -1.46436e-08 0)
(-4.17889e-07 -1.46436e-08 0)
(-4.17889e-07 -1.46436e-08 0)
(-4.17889e-07 -1.46436e-08 0)
(-4.17889e-07 -1.46436e-08 0)
(-4.17889e-07 -1.46436e-08 0)
(-4.17889e-07 -1.46436e-08 0)
(-4.17889e-07 -1.46436e-08 0)
(-4.17889e-07 -1.46436e-08 0)
(-4.17889e-07 -1.46436e-08 0)
(-4.31522e-07 -3.26784e-08 -9.35479e-25)
(-4.31522e-07 -3.26784e-08 0)
(-4.31522e-07 -3.26784e-08 0)
(-4.31522e-07 -3.26784e-08 0)
(-4.31522e-07 -3.26784e-08 0)
(-4.31522e-07 -3.26784e-08 0)
(-4.31522e-07 -3.26784e-08 0)
(-4.31522e-07 -3.26784e-08 0)
(-4.31522e-07 -3.26784e-08 0)
(-4.31522e-07 -3.26784e-08 0)
(-4.31522e-07 -3.26784e-08 0)
(-4.31522e-07 -3.26784e-08 0)
(-4.31522e-07 -3.26784e-08 0)
(-4.31522e-07 -3.26784e-08 0)
(-4.31522e-07 -3.26784e-08 0)
(-4.31522e-07 -3.26784e-08 0)
(-4.31522e-07 -3.26784e-08 0)
(-4.31522e-07 -3.26784e-08 0)
(-4.31522e-07 -3.26784e-08 0)
(-4.31522e-07 -3.26784e-08 0)
(-4.31522e-07 -3.26784e-08 0)
(-4.31522e-07 -3.26784e-08 0)
(-4.31522e-07 -3.26784e-08 0)
(-4.31522e-07 -3.26784e-08 0)
(-4.31522e-07 -3.26784e-08 0)
(-4.31522e-07 -3.26784e-08 0)
(-4.31522e-07 -3.26784e-08 0)
(-4.31522e-07 -3.26784e-08 0)
(-4.31522e-07 -3.26784e-08 0)
(-4.31522e-07 -3.26784e-08 0)
(-4.31522e-07 -3.26784e-08 0)
(-4.31522e-07 -3.26784e-08 0)
(-4.31522e-07 -3.26784e-08 0)
(-4.31522e-07 -3.26784e-08 0)
(-4.31522e-07 -3.26784e-08 0)
(-4.31522e-07 -3.26784e-08 0)
(-4.31522e-07 -3.26784e-08 0)
(-4.31522e-07 -3.26784e-08 0)
(-4.31522e-07 -3.26784e-08 0)
(-4.31522e-07 -3.26784e-08 0)
(-4.31522e-07 -3.26784e-08 0)
(-4.31522e-07 -3.26784e-08 0)
(-4.31522e-07 -3.26784e-08 0)
(-4.31522e-07 -3.26784e-08 0)
(-4.31522e-07 -3.26784e-08 0)
(-4.31522e-07 -3.26784e-08 0)
(-4.31522e-07 -3.26784e-08 0)
(-4.31522e-07 -3.26784e-08 0)
(-4.31522e-07 -3.26784e-08 0)
(-4.31522e-07 -3.26784e-08 0)
(-4.31522e-07 -3.26784e-08 0)
(-4.31522e-07 -3.26784e-08 0)
(-4.31522e-07 -3.26784e-08 0)
(-4.31522e-07 -3.26784e-08 0)
(-4.31522e-07 -3.26784e-08 0)
(-4.31522e-07 -3.26784e-08 0)
(-4.31522e-07 -3.26784e-08 0)
(-4.31522e-07 -3.26784e-08 0)
(-4.31522e-07 -3.26784e-08 0)
(-4.31522e-07 -3.26784e-08 9.35479e-25)
(-4.65103e-07 -5.34596e-08 3.15096e-24)
(-4.65103e-07 -5.34596e-08 0)
(-4.65103e-07 -5.34596e-08 0)
(-4.65103e-07 -5.34596e-08 0)
(-4.65103e-07 -5.34596e-08 0)
(-4.65103e-07 -5.34596e-08 0)
(-4.65103e-07 -5.34596e-08 0)
(-4.65103e-07 -5.34596e-08 0)
(-4.65103e-07 -5.34596e-08 0)
(-4.65103e-07 -5.34596e-08 0)
(-4.65103e-07 -5.34596e-08 0)
(-4.65103e-07 -5.34596e-08 0)
(-4.65103e-07 -5.34596e-08 0)
(-4.65103e-07 -5.34596e-08 0)
(-4.65103e-07 -5.34596e-08 0)
(-4.65103e-07 -5.34596e-08 0)
(-4.65103e-07 -5.34596e-08 0)
(-4.65103e-07 -5.34596e-08 0)
(-4.65103e-07 -5.34596e-08 0)
(-4.65103e-07 -5.34596e-08 0)
(-4.65103e-07 -5.34596e-08 0)
(-4.65103e-07 -5.34596e-08 0)
(-4.65103e-07 -5.34596e-08 0)
(-4.65103e-07 -5.34596e-08 0)
(-4.65103e-07 -5.34596e-08 0)
(-4.65103e-07 -5.34596e-08 0)
(-4.65103e-07 -5.34596e-08 0)
(-4.65103e-07 -5.34596e-08 0)
(-4.65103e-07 -5.34596e-08 0)
(-4.65103e-07 -5.34596e-08 0)
(-4.65103e-07 -5.34596e-08 0)
(-4.65103e-07 -5.34596e-08 0)
(-4.65103e-07 -5.34596e-08 0)
(-4.65103e-07 -5.34596e-08 0)
(-4.65103e-07 -5.34596e-08 0)
(-4.65103e-07 -5.34596e-08 0)
(-4.65103e-07 -5.34596e-08 0)
(-4.65103e-07 -5.34596e-08 0)
(-4.65103e-07 -5.34596e-08 0)
(-4.65103e-07 -5.34596e-08 0)
(-4.65103e-07 -5.34596e-08 0)
(-4.65103e-07 -5.34596e-08 0)
(-4.65103e-07 -5.34596e-08 0)
(-4.65103e-07 -5.34596e-08 0)
(-4.65103e-07 -5.34596e-08 0)
(-4.65103e-07 -5.34596e-08 0)
(-4.65103e-07 -5.34596e-08 0)
(-4.65103e-07 -5.34596e-08 0)
(-4.65103e-07 -5.34596e-08 0)
(-4.65103e-07 -5.34596e-08 0)
(-4.65103e-07 -5.34596e-08 0)
(-4.65103e-07 -5.34596e-08 0)
(-4.65103e-07 -5.34596e-08 0)
(-4.65103e-07 -5.34596e-08 0)
(-4.65103e-07 -5.34596e-08 0)
(-4.65103e-07 -5.34596e-08 0)
(-4.65103e-07 -5.34596e-08 0)
(-4.65103e-07 -5.34596e-08 0)
(-4.65103e-07 -5.34596e-08 0)
(-4.65103e-07 -5.34596e-08 -1.57548e-24)
(-5.05376e-07 -6.82281e-08 7.16263e-25)
(-5.05376e-07 -6.82281e-08 7.16263e-25)
(-5.05376e-07 -6.82281e-08 7.16263e-25)
(-5.05376e-07 -6.82281e-08 7.16263e-25)
(-5.05376e-07 -6.82281e-08 7.16263e-25)
(-5.05376e-07 -6.82281e-08 7.16263e-25)
(-5.05376e-07 -6.82281e-08 7.16263e-25)
(-5.05376e-07 -6.82281e-08 7.16263e-25)
(-5.05376e-07 -6.82281e-08 7.16263e-25)
(-5.05376e-07 -6.82281e-08 7.16263e-25)
(-5.05376e-07 -6.82281e-08 7.16263e-25)
(-5.05376e-07 -6.82281e-08 7.16263e-25)
(-5.05376e-07 -6.82281e-08 7.16263e-25)
(-5.05376e-07 -6.82281e-08 7.16263e-25)
(-5.05376e-07 -6.82281e-08 7.16263e-25)
(-5.05376e-07 -6.82281e-08 7.16263e-25)
(-5.05376e-07 -6.82281e-08 7.16263e-25)
(-5.05376e-07 -6.82281e-08 7.16263e-25)
(-5.05376e-07 -6.82281e-08 7.16263e-25)
(-5.05376e-07 -6.82281e-08 7.16263e-25)
(-5.05376e-07 -6.82281e-08 7.16263e-25)
(-5.05376e-07 -6.82281e-08 7.16263e-25)
(-5.05376e-07 -6.82281e-08 7.16263e-25)
(-5.05376e-07 -6.82281e-08 7.16263e-25)
(-5.05376e-07 -6.82281e-08 7.16263e-25)
(-5.05376e-07 -6.82281e-08 7.16263e-25)
(-5.05376e-07 -6.82281e-08 7.16263e-25)
(-5.05376e-07 -6.82281e-08 7.16263e-25)
(-5.05376e-07 -6.82281e-08 7.16263e-25)
(-5.05376e-07 -6.82281e-08 7.16263e-25)
(-5.05376e-07 -6.82281e-08 7.16263e-25)
(-5.05376e-07 -6.82281e-08 7.16263e-25)
(-5.05376e-07 -6.82281e-08 7.16263e-25)
(-5.05376e-07 -6.82281e-08 7.16263e-25)
(-5.05376e-07 -6.82281e-08 7.16263e-25)
(-5.05376e-07 -6.82281e-08 7.16263e-25)
(-5.05376e-07 -6.82281e-08 7.16263e-25)
(-5.05376e-07 -6.82281e-08 7.16263e-25)
(-5.05376e-07 -6.82281e-08 7.16263e-25)
(-5.05376e-07 -6.82281e-08 7.16263e-25)
(-5.05376e-07 -6.82281e-08 7.16263e-25)
(-5.05376e-07 -6.82281e-08 7.16263e-25)
(-5.05376e-07 -6.82281e-08 7.16263e-25)
(-5.05376e-07 -6.82281e-08 7.16263e-25)
(-5.05376e-07 -6.82281e-08 7.16263e-25)
(-5.05376e-07 -6.82281e-08 7.16263e-25)
(-5.05376e-07 -6.82281e-08 7.16263e-25)
(-5.05376e-07 -6.82281e-08 7.16263e-25)
(-5.05376e-07 -6.82281e-08 7.16263e-25)
(-5.05376e-07 -6.82281e-08 7.16263e-25)
(-5.05376e-07 -6.82281e-08 7.16263e-25)
(-5.05376e-07 -6.82281e-08 7.16263e-25)
(-5.05376e-07 -6.82281e-08 7.16263e-25)
(-5.05376e-07 -6.82281e-08 7.16263e-25)
(-5.05376e-07 -6.82281e-08 7.16263e-25)
(-5.05376e-07 -6.82281e-08 7.16263e-25)
(-5.05376e-07 -6.82281e-08 7.16263e-25)
(-5.05376e-07 -6.82281e-08 7.16263e-25)
(-5.05376e-07 -6.82281e-08 7.16263e-25)
(-5.05376e-07 -6.82281e-08 7.16263e-25)
(-5.33963e-07 -7.57574e-08 0)
(-5.33963e-07 -7.57574e-08 -2.43328e-24)
(-5.33963e-07 -7.57574e-08 -2.43328e-24)
(-5.33963e-07 -7.57574e-08 -2.43328e-24)
(-5.33963e-07 -7.57574e-08 -2.43328e-24)
(-5.33963e-07 -7.57574e-08 -2.43328e-24)
(-5.33963e-07 -7.57574e-08 -2.43328e-24)
(-5.33963e-07 -7.57574e-08 -2.43328e-24)
(-5.33963e-07 -7.57574e-08 -2.43328e-24)
(-5.33963e-07 -7.57574e-08 -2.43328e-24)
(-5.33963e-07 -7.57574e-08 -2.43328e-24)
(-5.33963e-07 -7.57574e-08 -2.43328e-24)
(-5.33963e-07 -7.57574e-08 -2.43328e-24)
(-5.33963e-07 -7.57574e-08 -2.43328e-24)
(-5.33963e-07 -7.57574e-08 -2.43328e-24)
(-5.33963e-07 -7.57574e-08 -2.43328e-24)
(-5.33963e-07 -7.57574e-08 -2.43328e-24)
(-5.33963e-07 -7.57574e-08 -2.43328e-24)
(-5.33963e-07 -7.57574e-08 -2.43328e-24)
(-5.33963e-07 -7.57574e-08 -2.43328e-24)
(-5.33963e-07 -7.57574e-08 -2.43328e-24)
(-5.33963e-07 -7.57574e-08 -2.43328e-24)
(-5.33963e-07 -7.57574e-08 -2.43328e-24)
(-5.33963e-07 -7.57574e-08 -2.43328e-24)
(-5.33963e-07 -7.57574e-08 -2.43328e-24)
(-5.33963e-07 -7.57574e-08 -2.43328e-24)
(-5.33963e-07 -7.57574e-08 -2.43328e-24)
(-5.33963e-07 -7.57574e-08 -2.43328e-24)
(-5.33963e-07 -7.57574e-08 -2.43328e-24)
(-5.33963e-07 -7.57574e-08 -2.43328e-24)
(-5.33963e-07 -7.57574e-08 -2.43328e-24)
(-5.33963e-07 -7.57574e-08 -2.43328e-24)
(-5.33963e-07 -7.57574e-08 -2.43328e-24)
(-5.33963e-07 -7.57574e-08 -2.43328e-24)
(-5.33963e-07 -7.57574e-08 -2.43328e-24)
(-5.33963e-07 -7.57574e-08 -2.43328e-24)
(-5.33963e-07 -7.57574e-08 -2.43328e-24)
(-5.33963e-07 -7.57574e-08 -2.43328e-24)
(-5.33963e-07 -7.57574e-08 -2.43328e-24)
(-5.33963e-07 -7.57574e-08 -2.43328e-24)
(-5.33963e-07 -7.57574e-08 -2.43328e-24)
(-5.33963e-07 -7.57574e-08 -2.43328e-24)
(-5.33963e-07 -7.57574e-08 -2.43328e-24)
(-5.33963e-07 -7.57574e-08 -2.43328e-24)
(-5.33963e-07 -7.57574e-08 -2.43328e-24)
(-5.33963e-07 -7.57574e-08 -2.43328e-24)
(-5.33963e-07 -7.57574e-08 -2.43328e-24)
(-5.33963e-07 -7.57574e-08 -2.43328e-24)
(-5.33963e-07 -7.57574e-08 -2.43328e-24)
(-5.33963e-07 -7.57574e-08 -2.43328e-24)
(-5.33963e-07 -7.57574e-08 -2.43328e-24)
(-5.33963e-07 -7.57574e-08 -2.43328e-24)
(-5.33963e-07 -7.57574e-08 -2.43328e-24)
(-5.33963e-07 -7.57574e-08 -2.43328e-24)
(-5.33963e-07 -7.57574e-08 -2.43328e-24)
(-5.33963e-07 -7.57574e-08 -2.43328e-24)
(-5.33963e-07 -7.57574e-08 -2.43328e-24)
(-5.33963e-07 -7.57574e-08 -2.43328e-24)
(-5.33963e-07 -7.57574e-08 -2.43328e-24)
(-5.33963e-07 -7.57574e-08 0)
(-5.47913e-07 -7.8822e-08 -8.94516e-25)
(-5.47913e-07 -7.8822e-08 -8.94516e-25)
(-5.47913e-07 -7.8822e-08 -8.94516e-25)
(-5.47913e-07 -7.8822e-08 -8.94516e-25)
(-5.47913e-07 -7.8822e-08 -8.94516e-25)
(-5.47913e-07 -7.8822e-08 -8.94516e-25)
(-5.47913e-07 -7.8822e-08 -8.94516e-25)
(-5.47913e-07 -7.8822e-08 -8.94516e-25)
(-5.47913e-07 -7.8822e-08 -8.94516e-25)
(-5.47913e-07 -7.8822e-08 -8.94516e-25)
(-5.47913e-07 -7.8822e-08 -8.94516e-25)
(-5.47913e-07 -7.8822e-08 -8.94516e-25)
(-5.47913e-07 -7.8822e-08 -8.94516e-25)
(-5.47913e-07 -7.8822e-08 -8.94516e-25)
(-5.47913e-07 -7.8822e-08 -8.94516e-25)
(-5.47913e-07 -7.8822e-08 -8.94516e-25)
(-5.47913e-07 -7.8822e-08 -8.94516e-25)
(-5.47913e-07 -7.8822e-08 -8.94516e-25)
(-5.47913e-07 -7.8822e-08 -8.94516e-25)
(-5.47913e-07 -7.8822e-08 -8.94516e-25)
(-5.47913e-07 -7.8822e-08 -8.94516e-25)
(-5.47913e-07 -7.8822e-08 -8.94516e-25)
(-5.47913e-07 -7.8822e-08 -8.94516e-25)
(-5.47913e-07 -7.8822e-08 -8.94516e-25)
(-5.47913e-07 -7.8822e-08 -8.94516e-25)
(-5.47913e-07 -7.8822e-08 -8.94516e-25)
(-5.47913e-07 -7.8822e-08 -8.94516e-25)
(-5.47913e-07 -7.8822e-08 -8.94516e-25)
(-5.47913e-07 -7.8822e-08 -8.94516e-25)
(-5.47913e-07 -7.8822e-08 -8.94516e-25)
(-5.47913e-07 -7.8822e-08 -8.94516e-25)
(-5.47913e-07 -7.8822e-08 -8.94516e-25)
(-5.47913e-07 -7.8822e-08 -8.94516e-25)
(-5.47913e-07 -7.8822e-08 -8.94516e-25)
(-5.47913e-07 -7.8822e-08 -8.94516e-25)
(-5.47913e-07 -7.8822e-08 -8.94516e-25)
(-5.47913e-07 -7.8822e-08 -8.94516e-25)
(-5.47913e-07 -7.8822e-08 -8.94516e-25)
(-5.47913e-07 -7.8822e-08 -8.94516e-25)
(-5.47913e-07 -7.8822e-08 -8.94516e-25)
(-5.47913e-07 -7.8822e-08 -8.94516e-25)
(-5.47913e-07 -7.8822e-08 -8.94516e-25)
(-5.47913e-07 -7.8822e-08 -8.94516e-25)
(-5.47913e-07 -7.8822e-08 -8.94516e-25)
(-5.47913e-07 -7.8822e-08 -8.94516e-25)
(-5.47913e-07 -7.8822e-08 -8.94516e-25)
(-5.47913e-07 -7.8822e-08 -8.94516e-25)
(-5.47913e-07 -7.8822e-08 -8.94516e-25)
(-5.47913e-07 -7.8822e-08 -8.94516e-25)
(-5.47913e-07 -7.8822e-08 -8.94516e-25)
(-5.47913e-07 -7.8822e-08 -8.94516e-25)
(-5.47913e-07 -7.8822e-08 -8.94516e-25)
(-5.47913e-07 -7.8822e-08 -8.94516e-25)
(-5.47913e-07 -7.8822e-08 -8.94516e-25)
(-5.47913e-07 -7.8822e-08 -8.94516e-25)
(-5.47913e-07 -7.8822e-08 -8.94516e-25)
(-5.47913e-07 -7.8822e-08 -8.94516e-25)
(-5.47913e-07 -7.8822e-08 -8.94516e-25)
(-5.47913e-07 -7.8822e-08 -8.94516e-25)
(-5.47913e-07 -7.8822e-08 -8.94516e-25)
(-5.49093e-07 -7.92272e-08 0)
(-5.49093e-07 -7.92272e-08 -2.70056e-24)
(-5.49093e-07 -7.92272e-08 -2.70056e-24)
(-5.49093e-07 -7.92272e-08 -2.70056e-24)
(-5.49093e-07 -7.92272e-08 -2.70056e-24)
(-5.49093e-07 -7.92272e-08 -2.70056e-24)
(-5.49093e-07 -7.92272e-08 -2.70056e-24)
(-5.49093e-07 -7.92272e-08 -2.70056e-24)
(-5.49093e-07 -7.92272e-08 -2.70056e-24)
(-5.49093e-07 -7.92272e-08 -2.70056e-24)
(-5.49093e-07 -7.92272e-08 -2.70056e-24)
(-5.49093e-07 -7.92272e-08 -2.70056e-24)
(-5.49093e-07 -7.92272e-08 -2.70056e-24)
(-5.49093e-07 -7.92272e-08 -2.70056e-24)
(-5.49093e-07 -7.92272e-08 -2.70056e-24)
(-5.49093e-07 -7.92272e-08 -2.70056e-24)
(-5.49093e-07 -7.92272e-08 -2.70056e-24)
(-5.49093e-07 -7.92272e-08 -2.70056e-24)
(-5.49093e-07 -7.92272e-08 -2.70056e-24)
(-5.49093e-07 -7.92272e-08 -2.70056e-24)
(-5.49093e-07 -7.92272e-08 -2.70056e-24)
(-5.49093e-07 -7.92272e-08 -2.70056e-24)
(-5.49093e-07 -7.92272e-08 -2.70056e-24)
(-5.49093e-07 -7.92272e-08 -2.70056e-24)
(-5.49093e-07 -7.92272e-08 -2.70056e-24)
(-5.49093e-07 -7.92272e-08 -2.70056e-24)
(-5.49093e-07 -7.92272e-08 -2.70056e-24)
(-5.49093e-07 -7.92272e-08 -2.70056e-24)
(-5.49093e-07 -7.92272e-08 -2.70056e-24)
(-5.49093e-07 -7.92272e-08 -2.70056e-24)
(-5.49093e-07 -7.92272e-08 -2.70056e-24)
(-5.49093e-07 -7.92272e-08 -2.70056e-24)
(-5.49093e-07 -7.92272e-08 -2.70056e-24)
(-5.49093e-07 -7.92272e-08 -2.70056e-24)
(-5.49093e-07 -7.92272e-08 -2.70056e-24)
(-5.49093e-07 -7.92272e-08 -2.70056e-24)
(-5.49093e-07 -7.92272e-08 -2.70056e-24)
(-5.49093e-07 -7.92272e-08 -2.70056e-24)
(-5.49093e-07 -7.92272e-08 -2.70056e-24)
(-5.49093e-07 -7.92272e-08 -2.70056e-24)
(-5.49093e-07 -7.92272e-08 -2.70056e-24)
(-5.49093e-07 -7.92272e-08 -2.70056e-24)
(-5.49093e-07 -7.92272e-08 -2.70056e-24)
(-5.49093e-07 -7.92272e-08 -2.70056e-24)
(-5.49093e-07 -7.92272e-08 -2.70056e-24)
(-5.49093e-07 -7.92272e-08 -2.70056e-24)
(-5.49093e-07 -7.92272e-08 -2.70056e-24)
(-5.49093e-07 -7.92272e-08 -2.70056e-24)
(-5.49093e-07 -7.92272e-08 -2.70056e-24)
(-5.49093e-07 -7.92272e-08 -2.70056e-24)
(-5.49093e-07 -7.92272e-08 -2.70056e-24)
(-5.49093e-07 -7.92272e-08 -2.70056e-24)
(-5.49093e-07 -7.92272e-08 -2.70056e-24)
(-5.49093e-07 -7.92272e-08 -2.70056e-24)
(-5.49093e-07 -7.92272e-08 -2.70056e-24)
(-5.49093e-07 -7.92272e-08 -2.70056e-24)
(-5.49093e-07 -7.92272e-08 -2.70056e-24)
(-5.49093e-07 -7.92272e-08 -2.70056e-24)
(-5.49093e-07 -7.92272e-08 -2.70056e-24)
(-5.49093e-07 -7.92272e-08 -5.40112e-24)
(-5.39412e-07 -7.78545e-08 -1.77071e-24)
(-5.39412e-07 -7.78545e-08 -1.77071e-24)
(-5.39412e-07 -7.78545e-08 -1.77071e-24)
(-5.39412e-07 -7.78545e-08 -1.77071e-24)
(-5.39412e-07 -7.78545e-08 -1.77071e-24)
(-5.39412e-07 -7.78545e-08 -1.77071e-24)
(-5.39412e-07 -7.78545e-08 -1.77071e-24)
(-5.39412e-07 -7.78545e-08 -1.77071e-24)
(-5.39412e-07 -7.78545e-08 -1.77071e-24)
(-5.39412e-07 -7.78545e-08 -1.77071e-24)
(-5.39412e-07 -7.78545e-08 -1.77071e-24)
(-5.39412e-07 -7.78545e-08 -1.77071e-24)
(-5.39412e-07 -7.78545e-08 -1.77071e-24)
(-5.39412e-07 -7.78545e-08 -1.77071e-24)
(-5.39412e-07 -7.78545e-08 -1.77071e-24)
(-5.39412e-07 -7.78545e-08 -1.77071e-24)
(-5.39412e-07 -7.78545e-08 -1.77071e-24)
(-5.39412e-07 -7.78545e-08 -1.77071e-24)
(-5.39412e-07 -7.78545e-08 -1.77071e-24)
(-5.39412e-07 -7.78545e-08 -1.77071e-24)
(-5.39412e-07 -7.78545e-08 -1.77071e-24)
(-5.39412e-07 -7.78545e-08 -1.77071e-24)
(-5.39412e-07 -7.78545e-08 -1.77071e-24)
(-5.39412e-07 -7.78545e-08 -1.77071e-24)
(-5.39412e-07 -7.78545e-08 -1.77071e-24)
(-5.39412e-07 -7.78545e-08 -1.77071e-24)
(-5.39412e-07 -7.78545e-08 -1.77071e-24)
(-5.39412e-07 -7.78545e-08 -1.77071e-24)
(-5.39412e-07 -7.78545e-08 -1.77071e-24)
(-5.39412e-07 -7.78545e-08 -1.77071e-24)
(-5.39412e-07 -7.78545e-08 -1.77071e-24)
(-5.39412e-07 -7.78545e-08 -1.77071e-24)
(-5.39412e-07 -7.78545e-08 -1.77071e-24)
(-5.39412e-07 -7.78545e-08 -1.77071e-24)
(-5.39412e-07 -7.78545e-08 -1.77071e-24)
(-5.39412e-07 -7.78545e-08 -1.77071e-24)
(-5.39412e-07 -7.78545e-08 -1.77071e-24)
(-5.39412e-07 -7.78545e-08 -1.77071e-24)
(-5.39412e-07 -7.78545e-08 -1.77071e-24)
(-5.39412e-07 -7.78545e-08 -1.77071e-24)
(-5.39412e-07 -7.78545e-08 -1.77071e-24)
(-5.39412e-07 -7.78545e-08 -1.77071e-24)
(-5.39412e-07 -7.78545e-08 -1.77071e-24)
(-5.39412e-07 -7.78545e-08 -1.77071e-24)
(-5.39412e-07 -7.78545e-08 -1.77071e-24)
(-5.39412e-07 -7.78545e-08 -1.77071e-24)
(-5.39412e-07 -7.78545e-08 -1.77071e-24)
(-5.39412e-07 -7.78545e-08 -1.77071e-24)
(-5.39412e-07 -7.78545e-08 -1.77071e-24)
(-5.39412e-07 -7.78545e-08 -1.77071e-24)
(-5.39412e-07 -7.78545e-08 -1.77071e-24)
(-5.39412e-07 -7.78545e-08 -1.77071e-24)
(-5.39412e-07 -7.78545e-08 -1.77071e-24)
(-5.39412e-07 -7.78545e-08 -1.77071e-24)
(-5.39412e-07 -7.78545e-08 -1.77071e-24)
(-5.39412e-07 -7.78545e-08 -1.77071e-24)
(-5.39412e-07 -7.78545e-08 -1.77071e-24)
(-5.39412e-07 -7.78545e-08 -1.77071e-24)
(-5.39412e-07 -7.78545e-08 -1.77071e-24)
(-5.39412e-07 -7.78545e-08 -1.77071e-24)
(-5.21016e-07 -7.5182e-08 -5.19468e-24)
(-5.21016e-07 -7.5182e-08 0)
(-5.21016e-07 -7.5182e-08 0)
(-5.21016e-07 -7.5182e-08 0)
(-5.21016e-07 -7.5182e-08 0)
(-5.21016e-07 -7.5182e-08 0)
(-5.21016e-07 -7.5182e-08 0)
(-5.21016e-07 -7.5182e-08 0)
(-5.21016e-07 -7.5182e-08 0)
(-5.21016e-07 -7.5182e-08 0)
(-5.21016e-07 -7.5182e-08 0)
(-5.21016e-07 -7.5182e-08 0)
(-5.21016e-07 -7.5182e-08 0)
(-5.21016e-07 -7.5182e-08 0)
(-5.21016e-07 -7.5182e-08 0)
(-5.21016e-07 -7.5182e-08 0)
(-5.21016e-07 -7.5182e-08 0)
(-5.21016e-07 -7.5182e-08 0)
(-5.21016e-07 -7.5182e-08 0)
(-5.21016e-07 -7.5182e-08 0)
(-5.21016e-07 -7.5182e-08 0)
(-5.21016e-07 -7.5182e-08 0)
(-5.21016e-07 -7.5182e-08 0)
(-5.21016e-07 -7.5182e-08 0)
(-5.21016e-07 -7.5182e-08 0)
(-5.21016e-07 -7.5182e-08 0)
(-5.21016e-07 -7.5182e-08 0)
(-5.21016e-07 -7.5182e-08 0)
(-5.21016e-07 -7.5182e-08 0)
(-5.21016e-07 -7.5182e-08 0)
(-5.21016e-07 -7.5182e-08 0)
(-5.21016e-07 -7.5182e-08 0)
(-5.21016e-07 -7.5182e-08 0)
(-5.21016e-07 -7.5182e-08 0)
(-5.21016e-07 -7.5182e-08 0)
(-5.21016e-07 -7.5182e-08 0)
(-5.21016e-07 -7.5182e-08 0)
(-5.21016e-07 -7.5182e-08 0)
(-5.21016e-07 -7.5182e-08 0)
(-5.21016e-07 -7.5182e-08 0)
(-5.21016e-07 -7.5182e-08 0)
(-5.21016e-07 -7.5182e-08 0)
(-5.21016e-07 -7.5182e-08 0)
(-5.21016e-07 -7.5182e-08 0)
(-5.21016e-07 -7.5182e-08 0)
(-5.21016e-07 -7.5182e-08 0)
(-5.21016e-07 -7.5182e-08 0)
(-5.21016e-07 -7.5182e-08 0)
(-5.21016e-07 -7.5182e-08 0)
(-5.21016e-07 -7.5182e-08 0)
(-5.21016e-07 -7.5182e-08 0)
(-5.21016e-07 -7.5182e-08 0)
(-5.21016e-07 -7.5182e-08 0)
(-5.21016e-07 -7.5182e-08 0)
(-5.21016e-07 -7.5182e-08 0)
(-5.21016e-07 -7.5182e-08 0)
(-5.21016e-07 -7.5182e-08 0)
(-5.21016e-07 -7.5182e-08 0)
(-5.21016e-07 -7.5182e-08 0)
(-5.21016e-07 -7.5182e-08 2.59734e-24)
(-5.00981e-07 -7.22234e-08 4.96477e-24)
(-5.00981e-07 -7.22234e-08 0)
(-5.00981e-07 -7.22234e-08 0)
(-5.00981e-07 -7.22234e-08 0)
(-5.00981e-07 -7.22234e-08 0)
(-5.00981e-07 -7.22234e-08 0)
(-5.00981e-07 -7.22234e-08 0)
(-5.00981e-07 -7.22234e-08 0)
(-5.00981e-07 -7.22234e-08 0)
(-5.00981e-07 -7.22234e-08 0)
(-5.00981e-07 -7.22234e-08 0)
(-5.00981e-07 -7.22234e-08 0)
(-5.00981e-07 -7.22234e-08 0)
(-5.00981e-07 -7.22234e-08 0)
(-5.00981e-07 -7.22234e-08 0)
(-5.00981e-07 -7.22234e-08 0)
(-5.00981e-07 -7.22234e-08 0)
(-5.00981e-07 -7.22234e-08 0)
(-5.00981e-07 -7.22234e-08 0)
(-5.00981e-07 -7.22234e-08 0)
(-5.00981e-07 -7.22234e-08 0)
(-5.00981e-07 -7.22234e-08 0)
(-5.00981e-07 -7.22234e-08 0)
(-5.00981e-07 -7.22234e-08 0)
(-5.00981e-07 -7.22234e-08 0)
(-5.00981e-07 -7.22234e-08 0)
(-5.00981e-07 -7.22234e-08 0)
(-5.00981e-07 -7.22234e-08 0)
(-5.00981e-07 -7.22234e-08 0)
(-5.00981e-07 -7.22234e-08 0)
(-5.00981e-07 -7.22234e-08 0)
(-5.00981e-07 -7.22234e-08 0)
(-5.00981e-07 -7.22234e-08 0)
(-5.00981e-07 -7.22234e-08 0)
(-5.00981e-07 -7.22234e-08 0)
(-5.00981e-07 -7.22234e-08 0)
(-5.00981e-07 -7.22234e-08 0)
(-5.00981e-07 -7.22234e-08 0)
(-5.00981e-07 -7.22234e-08 0)
(-5.00981e-07 -7.22234e-08 0)
(-5.00981e-07 -7.22234e-08 0)
(-5.00981e-07 -7.22234e-08 0)
(-5.00981e-07 -7.22234e-08 0)
(-5.00981e-07 -7.22234e-08 0)
(-5.00981e-07 -7.22234e-08 0)
(-5.00981e-07 -7.22234e-08 0)
(-5.00981e-07 -7.22234e-08 0)
(-5.00981e-07 -7.22234e-08 0)
(-5.00981e-07 -7.22234e-08 0)
(-5.00981e-07 -7.22234e-08 0)
(-5.00981e-07 -7.22234e-08 0)
(-5.00981e-07 -7.22234e-08 0)
(-5.00981e-07 -7.22234e-08 0)
(-5.00981e-07 -7.22234e-08 0)
(-5.00981e-07 -7.22234e-08 0)
(-5.00981e-07 -7.22234e-08 0)
(-5.00981e-07 -7.22234e-08 0)
(-5.00981e-07 -7.22234e-08 0)
(-5.00981e-07 -7.22234e-08 0)
(-5.00981e-07 -7.22234e-08 -4.96477e-24)
(-4.83352e-07 -6.95881e-08 3.9428e-24)
(-4.83352e-07 -6.95881e-08 -8.10757e-25)
(-4.83352e-07 -6.95881e-08 -8.10757e-25)
(-4.83352e-07 -6.95881e-08 -8.10757e-25)
(-4.83352e-07 -6.95881e-08 -8.10757e-25)
(-4.83352e-07 -6.95881e-08 -8.10757e-25)
(-4.83352e-07 -6.95881e-08 -8.10757e-25)
(-4.83352e-07 -6.95881e-08 -8.10757e-25)
(-4.83352e-07 -6.95881e-08 -8.10757e-25)
(-4.83352e-07 -6.95881e-08 -8.10757e-25)
(-4.83352e-07 -6.95881e-08 -8.10757e-25)
(-4.83352e-07 -6.95881e-08 -8.10757e-25)
(-4.83352e-07 -6.95881e-08 -8.10757e-25)
(-4.83352e-07 -6.95881e-08 -8.10757e-25)
(-4.83352e-07 -6.95881e-08 -8.10757e-25)
(-4.83352e-07 -6.95881e-08 -8.10757e-25)
(-4.83352e-07 -6.95881e-08 -8.10757e-25)
(-4.83352e-07 -6.95881e-08 -8.10757e-25)
(-4.83352e-07 -6.95881e-08 -8.10757e-25)
(-4.83352e-07 -6.95881e-08 -8.10757e-25)
(-4.83352e-07 -6.95881e-08 -8.10757e-25)
(-4.83352e-07 -6.95881e-08 -8.10757e-25)
(-4.83352e-07 -6.95881e-08 -8.10757e-25)
(-4.83352e-07 -6.95881e-08 -8.10757e-25)
(-4.83352e-07 -6.95881e-08 -8.10757e-25)
(-4.83352e-07 -6.95881e-08 -8.10757e-25)
(-4.83352e-07 -6.95881e-08 -8.10757e-25)
(-4.83352e-07 -6.95881e-08 -8.10757e-25)
(-4.83352e-07 -6.95881e-08 -8.10757e-25)
(-4.83352e-07 -6.95881e-08 -8.10757e-25)
(-4.83352e-07 -6.95881e-08 -8.10757e-25)
(-4.83352e-07 -6.95881e-08 -8.10757e-25)
(-4.83352e-07 -6.95881e-08 -8.10757e-25)
(-4.83352e-07 -6.95881e-08 -8.10757e-25)
(-4.83352e-07 -6.95881e-08 -8.10757e-25)
(-4.83352e-07 -6.95881e-08 -8.10757e-25)
(-4.83352e-07 -6.95881e-08 -8.10757e-25)
(-4.83352e-07 -6.95881e-08 -8.10757e-25)
(-4.83352e-07 -6.95881e-08 -8.10757e-25)
(-4.83352e-07 -6.95881e-08 -8.10757e-25)
(-4.83352e-07 -6.95881e-08 -8.10757e-25)
(-4.83352e-07 -6.95881e-08 -8.10757e-25)
(-4.83352e-07 -6.95881e-08 -8.10757e-25)
(-4.83352e-07 -6.95881e-08 -8.10757e-25)
(-4.83352e-07 -6.95881e-08 -8.10757e-25)
(-4.83352e-07 -6.95881e-08 -8.10757e-25)
(-4.83352e-07 -6.95881e-08 -8.10757e-25)
(-4.83352e-07 -6.95881e-08 -8.10757e-25)
(-4.83352e-07 -6.95881e-08 -8.10757e-25)
(-4.83352e-07 -6.95881e-08 -8.10757e-25)
(-4.83352e-07 -6.95881e-08 -8.10757e-25)
(-4.83352e-07 -6.95881e-08 -8.10757e-25)
(-4.83352e-07 -6.95881e-08 -8.10757e-25)
(-4.83352e-07 -6.95881e-08 -8.10757e-25)
(-4.83352e-07 -6.95881e-08 -8.10757e-25)
(-4.83352e-07 -6.95881e-08 -8.10757e-25)
(-4.83352e-07 -6.95881e-08 -8.10757e-25)
(-4.83352e-07 -6.95881e-08 -8.10757e-25)
(-4.83352e-07 -6.95881e-08 -8.10757e-25)
(-4.83352e-07 -6.95881e-08 -8.10757e-25)
(-4.67925e-07 -6.72679e-08 4.56499e-24)
(-4.67925e-07 -6.72679e-08 4.56499e-24)
(-4.67925e-07 -6.72679e-08 4.56499e-24)
(-4.67925e-07 -6.72679e-08 4.56499e-24)
(-4.67925e-07 -6.72679e-08 4.56499e-24)
(-4.67925e-07 -6.72679e-08 4.56499e-24)
(-4.67925e-07 -6.72679e-08 4.56499e-24)
(-4.67925e-07 -6.72679e-08 4.56499e-24)
(-4.67925e-07 -6.72679e-08 4.56499e-24)
(-4.67925e-07 -6.72679e-08 4.56499e-24)
(-4.67925e-07 -6.72679e-08 4.56499e-24)
(-4.67925e-07 -6.72679e-08 4.56499e-24)
(-4.67925e-07 -6.72679e-08 4.56499e-24)
(-4.67925e-07 -6.72679e-08 4.56499e-24)
(-4.67925e-07 -6.72679e-08 4.56499e-24)
(-4.67925e-07 -6.72679e-08 4.56499e-24)
(-4.67925e-07 -6.72679e-08 4.56499e-24)
(-4.67925e-07 -6.72679e-08 4.56499e-24)
(-4.67925e-07 -6.72679e-08 4.56499e-24)
(-4.67925e-07 -6.72679e-08 4.56499e-24)
(-4.67925e-07 -6.72679e-08 4.56499e-24)
(-4.67925e-07 -6.72679e-08 4.56499e-24)
(-4.67925e-07 -6.72679e-08 4.56499e-24)
(-4.67925e-07 -6.72679e-08 4.56499e-24)
(-4.67925e-07 -6.72679e-08 4.56499e-24)
(-4.67925e-07 -6.72679e-08 4.56499e-24)
(-4.67925e-07 -6.72679e-08 4.56499e-24)
(-4.67925e-07 -6.72679e-08 4.56499e-24)
(-4.67925e-07 -6.72679e-08 4.56499e-24)
(-4.67925e-07 -6.72679e-08 4.56499e-24)
(-4.67925e-07 -6.72679e-08 4.56499e-24)
(-4.67925e-07 -6.72679e-08 4.56499e-24)
(-4.67925e-07 -6.72679e-08 4.56499e-24)
(-4.67925e-07 -6.72679e-08 4.56499e-24)
(-4.67925e-07 -6.72679e-08 4.56499e-24)
(-4.67925e-07 -6.72679e-08 4.56499e-24)
(-4.67925e-07 -6.72679e-08 4.56499e-24)
(-4.67925e-07 -6.72679e-08 4.56499e-24)
(-4.67925e-07 -6.72679e-08 4.56499e-24)
(-4.67925e-07 -6.72679e-08 4.56499e-24)
(-4.67925e-07 -6.72679e-08 4.56499e-24)
(-4.67925e-07 -6.72679e-08 4.56499e-24)
(-4.67925e-07 -6.72679e-08 4.56499e-24)
(-4.67925e-07 -6.72679e-08 4.56499e-24)
(-4.67925e-07 -6.72679e-08 4.56499e-24)
(-4.67925e-07 -6.72679e-08 4.56499e-24)
(-4.67925e-07 -6.72679e-08 4.56499e-24)
(-4.67925e-07 -6.72679e-08 4.56499e-24)
(-4.67925e-07 -6.72679e-08 4.56499e-24)
(-4.67925e-07 -6.72679e-08 4.56499e-24)
(-4.67925e-07 -6.72679e-08 4.56499e-24)
(-4.67925e-07 -6.72679e-08 4.56499e-24)
(-4.67925e-07 -6.72679e-08 4.56499e-24)
(-4.67925e-07 -6.72679e-08 4.56499e-24)
(-4.67925e-07 -6.72679e-08 4.56499e-24)
(-4.67925e-07 -6.72679e-08 4.56499e-24)
(-4.67925e-07 -6.72679e-08 4.56499e-24)
(-4.67925e-07 -6.72679e-08 4.56499e-24)
(-4.67925e-07 -6.72679e-08 4.56499e-24)
(-4.67925e-07 -6.72679e-08 4.56499e-24)
(-4.54457e-07 -6.52444e-08 5.15039e-24)
(-4.54457e-07 -6.52444e-08 7.50494e-25)
(-4.54457e-07 -6.52444e-08 7.50494e-25)
(-4.54457e-07 -6.52444e-08 7.50494e-25)
(-4.54457e-07 -6.52444e-08 7.50494e-25)
(-4.54457e-07 -6.52444e-08 7.50494e-25)
(-4.54457e-07 -6.52444e-08 7.50494e-25)
(-4.54457e-07 -6.52444e-08 7.50494e-25)
(-4.54457e-07 -6.52444e-08 7.50494e-25)
(-4.54457e-07 -6.52444e-08 7.50494e-25)
(-4.54457e-07 -6.52444e-08 7.50494e-25)
(-4.54457e-07 -6.52444e-08 7.50494e-25)
(-4.54457e-07 -6.52444e-08 7.50494e-25)
(-4.54457e-07 -6.52444e-08 7.50494e-25)
(-4.54457e-07 -6.52444e-08 7.50494e-25)
(-4.54457e-07 -6.52444e-08 7.50494e-25)
(-4.54457e-07 -6.52444e-08 7.50494e-25)
(-4.54457e-07 -6.52444e-08 7.50494e-25)
(-4.54457e-07 -6.52444e-08 7.50494e-25)
(-4.54457e-07 -6.52444e-08 7.50494e-25)
(-4.54457e-07 -6.52444e-08 7.50494e-25)
(-4.54457e-07 -6.52444e-08 7.50494e-25)
(-4.54457e-07 -6.52444e-08 7.50494e-25)
(-4.54457e-07 -6.52444e-08 7.50494e-25)
(-4.54457e-07 -6.52444e-08 7.50494e-25)
(-4.54457e-07 -6.52444e-08 7.50494e-25)
(-4.54457e-07 -6.52444e-08 7.50494e-25)
(-4.54457e-07 -6.52444e-08 7.50494e-25)
(-4.54457e-07 -6.52444e-08 7.50494e-25)
(-4.54457e-07 -6.52444e-08 7.50494e-25)
(-4.54457e-07 -6.52444e-08 7.50494e-25)
(-4.54457e-07 -6.52444e-08 7.50494e-25)
(-4.54457e-07 -6.52444e-08 7.50494e-25)
(-4.54457e-07 -6.52444e-08 7.50494e-25)
(-4.54457e-07 -6.52444e-08 7.50494e-25)
(-4.54457e-07 -6.52444e-08 7.50494e-25)
(-4.54457e-07 -6.52444e-08 7.50494e-25)
(-4.54457e-07 -6.52444e-08 7.50494e-25)
(-4.54457e-07 -6.52444e-08 7.50494e-25)
(-4.54457e-07 -6.52444e-08 7.50494e-25)
(-4.54457e-07 -6.52444e-08 7.50494e-25)
(-4.54457e-07 -6.52444e-08 7.50494e-25)
(-4.54457e-07 -6.52444e-08 7.50494e-25)
(-4.54457e-07 -6.52444e-08 7.50494e-25)
(-4.54457e-07 -6.52444e-08 7.50494e-25)
(-4.54457e-07 -6.52444e-08 7.50494e-25)
(-4.54457e-07 -6.52444e-08 7.50494e-25)
(-4.54457e-07 -6.52444e-08 7.50494e-25)
(-4.54457e-07 -6.52444e-08 7.50494e-25)
(-4.54457e-07 -6.52444e-08 7.50494e-25)
(-4.54457e-07 -6.52444e-08 7.50494e-25)
(-4.54457e-07 -6.52444e-08 7.50494e-25)
(-4.54457e-07 -6.52444e-08 7.50494e-25)
(-4.54457e-07 -6.52444e-08 7.50494e-25)
(-4.54457e-07 -6.52444e-08 7.50494e-25)
(-4.54457e-07 -6.52444e-08 7.50494e-25)
(-4.54457e-07 -6.52444e-08 7.50494e-25)
(-4.54457e-07 -6.52444e-08 7.50494e-25)
(-4.54457e-07 -6.52444e-08 7.50494e-25)
(-4.54457e-07 -6.52444e-08 -3.6494e-24)
(-4.42762e-07 -6.35027e-08 0)
(-4.42762e-07 -6.35027e-08 0)
(-4.42762e-07 -6.35027e-08 0)
(-4.42762e-07 -6.35027e-08 0)
(-4.42762e-07 -6.35027e-08 0)
(-4.42762e-07 -6.35027e-08 0)
(-4.42762e-07 -6.35027e-08 0)
(-4.42762e-07 -6.35027e-08 0)
(-4.42762e-07 -6.35027e-08 0)
(-4.42762e-07 -6.35027e-08 0)
(-4.42762e-07 -6.35027e-08 0)
(-4.42762e-07 -6.35027e-08 0)
(-4.42762e-07 -6.35027e-08 0)
(-4.42762e-07 -6.35027e-08 0)
(-4.42762e-07 -6.35027e-08 0)
(-4.42762e-07 -6.35027e-08 0)
(-4.42762e-07 -6.35027e-08 0)
(-4.42762e-07 -6.35027e-08 0)
(-4.42762e-07 -6.35027e-08 0)
(-4.42762e-07 -6.35027e-08 0)
(-4.42762e-07 -6.35027e-08 0)
(-4.42762e-07 -6.35027e-08 0)
(-4.42762e-07 -6.35027e-08 0)
(-4.42762e-07 -6.35027e-08 0)
(-4.42762e-07 -6.35027e-08 0)
(-4.42762e-07 -6.35027e-08 0)
(-4.42762e-07 -6.35027e-08 0)
(-4.42762e-07 -6.35027e-08 0)
(-4.42762e-07 -6.35027e-08 0)
(-4.42762e-07 -6.35027e-08 0)
(-4.42762e-07 -6.35027e-08 0)
(-4.42762e-07 -6.35027e-08 0)
(-4.42762e-07 -6.35027e-08 0)
(-4.42762e-07 -6.35027e-08 0)
(-4.42762e-07 -6.35027e-08 0)
(-4.42762e-07 -6.35027e-08 0)
(-4.42762e-07 -6.35027e-08 0)
(-4.42762e-07 -6.35027e-08 0)
(-4.42762e-07 -6.35027e-08 0)
(-4.42762e-07 -6.35027e-08 0)
(-4.42762e-07 -6.35027e-08 0)
(-4.42762e-07 -6.35027e-08 0)
(-4.42762e-07 -6.35027e-08 0)
(-4.42762e-07 -6.35027e-08 0)
(-4.42762e-07 -6.35027e-08 0)
(-4.42762e-07 -6.35027e-08 0)
(-4.42762e-07 -6.35027e-08 0)
(-4.42762e-07 -6.35027e-08 0)
(-4.42762e-07 -6.35027e-08 0)
(-4.42762e-07 -6.35027e-08 0)
(-4.42762e-07 -6.35027e-08 0)
(-4.42762e-07 -6.35027e-08 0)
(-4.42762e-07 -6.35027e-08 0)
(-4.42762e-07 -6.35027e-08 0)
(-4.42762e-07 -6.35027e-08 0)
(-4.42762e-07 -6.35027e-08 0)
(-4.42762e-07 -6.35027e-08 0)
(-4.42762e-07 -6.35027e-08 0)
(-4.42762e-07 -6.35027e-08 0)
(-4.42762e-07 -6.35027e-08 0)
(-4.32104e-07 -6.19241e-08 0)
(-4.32104e-07 -6.19241e-08 0)
(-4.32104e-07 -6.19241e-08 0)
(-4.32104e-07 -6.19241e-08 0)
(-4.32104e-07 -6.19241e-08 0)
(-4.32104e-07 -6.19241e-08 0)
(-4.32104e-07 -6.19241e-08 0)
(-4.32104e-07 -6.19241e-08 0)
(-4.32104e-07 -6.19241e-08 0)
(-4.32104e-07 -6.19241e-08 0)
(-4.32104e-07 -6.19241e-08 0)
(-4.32104e-07 -6.19241e-08 0)
(-4.32104e-07 -6.19241e-08 0)
(-4.32104e-07 -6.19241e-08 0)
(-4.32104e-07 -6.19241e-08 0)
(-4.32104e-07 -6.19241e-08 0)
(-4.32104e-07 -6.19241e-08 0)
(-4.32104e-07 -6.19241e-08 0)
(-4.32104e-07 -6.19241e-08 0)
(-4.32104e-07 -6.19241e-08 0)
(-4.32104e-07 -6.19241e-08 0)
(-4.32104e-07 -6.19241e-08 0)
(-4.32104e-07 -6.19241e-08 0)
(-4.32104e-07 -6.19241e-08 0)
(-4.32104e-07 -6.19241e-08 0)
(-4.32104e-07 -6.19241e-08 0)
(-4.32104e-07 -6.19241e-08 0)
(-4.32104e-07 -6.19241e-08 0)
(-4.32104e-07 -6.19241e-08 0)
(-4.32104e-07 -6.19241e-08 0)
(-4.32104e-07 -6.19241e-08 0)
(-4.32104e-07 -6.19241e-08 0)
(-4.32104e-07 -6.19241e-08 0)
(-4.32104e-07 -6.19241e-08 0)
(-4.32104e-07 -6.19241e-08 0)
(-4.32104e-07 -6.19241e-08 0)
(-4.32104e-07 -6.19241e-08 0)
(-4.32104e-07 -6.19241e-08 0)
(-4.32104e-07 -6.19241e-08 0)
(-4.32104e-07 -6.19241e-08 0)
(-4.32104e-07 -6.19241e-08 0)
(-4.32104e-07 -6.19241e-08 0)
(-4.32104e-07 -6.19241e-08 0)
(-4.32104e-07 -6.19241e-08 0)
(-4.32104e-07 -6.19241e-08 0)
(-4.32104e-07 -6.19241e-08 0)
(-4.32104e-07 -6.19241e-08 0)
(-4.32104e-07 -6.19241e-08 0)
(-4.32104e-07 -6.19241e-08 0)
(-4.32104e-07 -6.19241e-08 0)
(-4.32104e-07 -6.19241e-08 0)
(-4.32104e-07 -6.19241e-08 0)
(-4.32104e-07 -6.19241e-08 0)
(-4.32104e-07 -6.19241e-08 0)
(-4.32104e-07 -6.19241e-08 0)
(-4.32104e-07 -6.19241e-08 0)
(-4.32104e-07 -6.19241e-08 0)
(-4.32104e-07 -6.19241e-08 0)
(-4.32104e-07 -6.19241e-08 0)
(-4.32104e-07 -6.19241e-08 0)
(-4.19854e-07 -6.00299e-08 4.64466e-24)
(-4.19854e-07 -6.00299e-08 4.64466e-24)
(-4.19854e-07 -6.00299e-08 4.64466e-24)
(-4.19854e-07 -6.00299e-08 4.64466e-24)
(-4.19854e-07 -6.00299e-08 4.64466e-24)
(-4.19854e-07 -6.00299e-08 4.64466e-24)
(-4.19854e-07 -6.00299e-08 4.64466e-24)
(-4.19854e-07 -6.00299e-08 4.64466e-24)
(-4.19854e-07 -6.00299e-08 4.64466e-24)
(-4.19854e-07 -6.00299e-08 4.64466e-24)
(-4.19854e-07 -6.00299e-08 4.64466e-24)
(-4.19854e-07 -6.00299e-08 4.64466e-24)
(-4.19854e-07 -6.00299e-08 4.64466e-24)
(-4.19854e-07 -6.00299e-08 4.64466e-24)
(-4.19854e-07 -6.00299e-08 4.64466e-24)
(-4.19854e-07 -6.00299e-08 4.64466e-24)
(-4.19854e-07 -6.00299e-08 4.64466e-24)
(-4.19854e-07 -6.00299e-08 4.64466e-24)
(-4.19854e-07 -6.00299e-08 4.64466e-24)
(-4.19854e-07 -6.00299e-08 4.64466e-24)
(-4.19854e-07 -6.00299e-08 4.64466e-24)
(-4.19854e-07 -6.00299e-08 4.64466e-24)
(-4.19854e-07 -6.00299e-08 4.64466e-24)
(-4.19854e-07 -6.00299e-08 4.64466e-24)
(-4.19854e-07 -6.00299e-08 4.64466e-24)
(-4.19854e-07 -6.00299e-08 4.64466e-24)
(-4.19854e-07 -6.00299e-08 4.64466e-24)
(-4.19854e-07 -6.00299e-08 4.64466e-24)
(-4.19854e-07 -6.00299e-08 4.64466e-24)
(-4.19854e-07 -6.00299e-08 4.64466e-24)
(-4.19854e-07 -6.00299e-08 4.64466e-24)
(-4.19854e-07 -6.00299e-08 4.64466e-24)
(-4.19854e-07 -6.00299e-08 4.64466e-24)
(-4.19854e-07 -6.00299e-08 4.64466e-24)
(-4.19854e-07 -6.00299e-08 4.64466e-24)
(-4.19854e-07 -6.00299e-08 4.64466e-24)
(-4.19854e-07 -6.00299e-08 4.64466e-24)
(-4.19854e-07 -6.00299e-08 4.64466e-24)
(-4.19854e-07 -6.00299e-08 4.64466e-24)
(-4.19854e-07 -6.00299e-08 4.64466e-24)
(-4.19854e-07 -6.00299e-08 4.64466e-24)
(-4.19854e-07 -6.00299e-08 4.64466e-24)
(-4.19854e-07 -6.00299e-08 4.64466e-24)
(-4.19854e-07 -6.00299e-08 4.64466e-24)
(-4.19854e-07 -6.00299e-08 4.64466e-24)
(-4.19854e-07 -6.00299e-08 4.64466e-24)
(-4.19854e-07 -6.00299e-08 4.64466e-24)
(-4.19854e-07 -6.00299e-08 4.64466e-24)
(-4.19854e-07 -6.00299e-08 4.64466e-24)
(-4.19854e-07 -6.00299e-08 4.64466e-24)
(-4.19854e-07 -6.00299e-08 4.64466e-24)
(-4.19854e-07 -6.00299e-08 4.64466e-24)
(-4.19854e-07 -6.00299e-08 4.64466e-24)
(-4.19854e-07 -6.00299e-08 4.64466e-24)
(-4.19854e-07 -6.00299e-08 4.64466e-24)
(-4.19854e-07 -6.00299e-08 4.64466e-24)
(-4.19854e-07 -6.00299e-08 4.64466e-24)
(-4.19854e-07 -6.00299e-08 4.64466e-24)
(-4.19854e-07 -6.00299e-08 4.64466e-24)
(-4.19854e-07 -6.00299e-08 4.64466e-24)
(-4.05256e-07 -5.76274e-08 3.75773e-24)
(-4.05256e-07 -5.76274e-08 3.75773e-24)
(-4.05256e-07 -5.76274e-08 3.75773e-24)
(-4.05256e-07 -5.76274e-08 3.75773e-24)
(-4.05256e-07 -5.76274e-08 3.75773e-24)
(-4.05256e-07 -5.76274e-08 3.75773e-24)
(-4.05256e-07 -5.76274e-08 3.75773e-24)
(-4.05256e-07 -5.76274e-08 3.75773e-24)
(-4.05256e-07 -5.76274e-08 3.75773e-24)
(-4.05256e-07 -5.76274e-08 3.75773e-24)
(-4.05256e-07 -5.76274e-08 3.75773e-24)
(-4.05256e-07 -5.76274e-08 3.75773e-24)
(-4.05256e-07 -5.76274e-08 3.75773e-24)
(-4.05256e-07 -5.76274e-08 3.75773e-24)
(-4.05256e-07 -5.76274e-08 3.75773e-24)
(-4.05256e-07 -5.76274e-08 3.75773e-24)
(-4.05256e-07 -5.76274e-08 3.75773e-24)
(-4.05256e-07 -5.76274e-08 3.75773e-24)
(-4.05256e-07 -5.76274e-08 3.75773e-24)
(-4.05256e-07 -5.76274e-08 3.75773e-24)
(-4.05256e-07 -5.76274e-08 3.75773e-24)
(-4.05256e-07 -5.76274e-08 3.75773e-24)
(-4.05256e-07 -5.76274e-08 3.75773e-24)
(-4.05256e-07 -5.76274e-08 3.75773e-24)
(-4.05256e-07 -5.76274e-08 3.75773e-24)
(-4.05256e-07 -5.76274e-08 3.75773e-24)
(-4.05256e-07 -5.76274e-08 3.75773e-24)
(-4.05256e-07 -5.76274e-08 3.75773e-24)
(-4.05256e-07 -5.76274e-08 3.75773e-24)
(-4.05256e-07 -5.76274e-08 3.75773e-24)
(-4.05256e-07 -5.76274e-08 3.75773e-24)
(-4.05256e-07 -5.76274e-08 3.75773e-24)
(-4.05256e-07 -5.76274e-08 3.75773e-24)
(-4.05256e-07 -5.76274e-08 3.75773e-24)
(-4.05256e-07 -5.76274e-08 3.75773e-24)
(-4.05256e-07 -5.76274e-08 3.75773e-24)
(-4.05256e-07 -5.76274e-08 3.75773e-24)
(-4.05256e-07 -5.76274e-08 3.75773e-24)
(-4.05256e-07 -5.76274e-08 3.75773e-24)
(-4.05256e-07 -5.76274e-08 3.75773e-24)
(-4.05256e-07 -5.76274e-08 3.75773e-24)
(-4.05256e-07 -5.76274e-08 3.75773e-24)
(-4.05256e-07 -5.76274e-08 3.75773e-24)
(-4.05256e-07 -5.76274e-08 3.75773e-24)
(-4.05256e-07 -5.76274e-08 3.75773e-24)
(-4.05256e-07 -5.76274e-08 3.75773e-24)
(-4.05256e-07 -5.76274e-08 3.75773e-24)
(-4.05256e-07 -5.76274e-08 3.75773e-24)
(-4.05256e-07 -5.76274e-08 3.75773e-24)
(-4.05256e-07 -5.76274e-08 3.75773e-24)
(-4.05256e-07 -5.76274e-08 3.75773e-24)
(-4.05256e-07 -5.76274e-08 3.75773e-24)
(-4.05256e-07 -5.76274e-08 3.75773e-24)
(-4.05256e-07 -5.76274e-08 3.75773e-24)
(-4.05256e-07 -5.76274e-08 3.75773e-24)
(-4.05256e-07 -5.76274e-08 3.75773e-24)
(-4.05256e-07 -5.76274e-08 3.75773e-24)
(-4.05256e-07 -5.76274e-08 3.75773e-24)
(-4.05256e-07 -5.76274e-08 3.75773e-24)
(-4.05256e-07 -5.76274e-08 0)
(-3.8862e-07 -5.46584e-08 2.9022e-24)
(-3.8862e-07 -5.46584e-08 -5.97009e-25)
(-3.8862e-07 -5.46584e-08 -5.97009e-25)
(-3.8862e-07 -5.46584e-08 -5.97009e-25)
(-3.8862e-07 -5.46584e-08 -5.97009e-25)
(-3.8862e-07 -5.46584e-08 -5.97009e-25)
(-3.8862e-07 -5.46584e-08 -5.97009e-25)
(-3.8862e-07 -5.46584e-08 -5.97009e-25)
(-3.8862e-07 -5.46584e-08 -5.97009e-25)
(-3.8862e-07 -5.46584e-08 -5.97009e-25)
(-3.8862e-07 -5.46584e-08 -5.97009e-25)
(-3.8862e-07 -5.46584e-08 -5.97009e-25)
(-3.8862e-07 -5.46584e-08 -5.97009e-25)
(-3.8862e-07 -5.46584e-08 -5.97009e-25)
(-3.8862e-07 -5.46584e-08 -5.97009e-25)
(-3.8862e-07 -5.46584e-08 -5.97009e-25)
(-3.8862e-07 -5.46584e-08 -5.97009e-25)
(-3.8862e-07 -5.46584e-08 -5.97009e-25)
(-3.8862e-07 -5.46584e-08 -5.97009e-25)
(-3.8862e-07 -5.46584e-08 -5.97009e-25)
(-3.8862e-07 -5.46584e-08 -5.97009e-25)
(-3.8862e-07 -5.46584e-08 -5.97009e-25)
(-3.8862e-07 -5.46584e-08 -5.97009e-25)
(-3.8862e-07 -5.46584e-08 -5.97009e-25)
(-3.8862e-07 -5.46584e-08 -5.97009e-25)
(-3.8862e-07 -5.46584e-08 -5.97009e-25)
(-3.8862e-07 -5.46584e-08 -5.97009e-25)
(-3.8862e-07 -5.46584e-08 -5.97009e-25)
(-3.8862e-07 -5.46584e-08 -5.97009e-25)
(-3.8862e-07 -5.46584e-08 -5.97009e-25)
(-3.8862e-07 -5.46584e-08 -5.97009e-25)
(-3.8862e-07 -5.46584e-08 -5.97009e-25)
(-3.8862e-07 -5.46584e-08 -5.97009e-25)
(-3.8862e-07 -5.46584e-08 -5.97009e-25)
(-3.8862e-07 -5.46584e-08 -5.97009e-25)
(-3.8862e-07 -5.46584e-08 -5.97009e-25)
(-3.8862e-07 -5.46584e-08 -5.97009e-25)
(-3.8862e-07 -5.46584e-08 -5.97009e-25)
(-3.8862e-07 -5.46584e-08 -5.97009e-25)
(-3.8862e-07 -5.46584e-08 -5.97009e-25)
(-3.8862e-07 -5.46584e-08 -5.97009e-25)
(-3.8862e-07 -5.46584e-08 -5.97009e-25)
(-3.8862e-07 -5.46584e-08 -5.97009e-25)
(-3.8862e-07 -5.46584e-08 -5.97009e-25)
(-3.8862e-07 -5.46584e-08 -5.97009e-25)
(-3.8862e-07 -5.46584e-08 -5.97009e-25)
(-3.8862e-07 -5.46584e-08 -5.97009e-25)
(-3.8862e-07 -5.46584e-08 -5.97009e-25)
(-3.8862e-07 -5.46584e-08 -5.97009e-25)
(-3.8862e-07 -5.46584e-08 -5.97009e-25)
(-3.8862e-07 -5.46584e-08 -5.97009e-25)
(-3.8862e-07 -5.46584e-08 -5.97009e-25)
(-3.8862e-07 -5.46584e-08 -5.97009e-25)
(-3.8862e-07 -5.46584e-08 -5.97009e-25)
(-3.8862e-07 -5.46584e-08 -5.97009e-25)
(-3.8862e-07 -5.46584e-08 -5.97009e-25)
(-3.8862e-07 -5.46584e-08 -5.97009e-25)
(-3.8862e-07 -5.46584e-08 -5.97009e-25)
(-3.8862e-07 -5.46584e-08 -5.97009e-25)
(-3.8862e-07 -5.46584e-08 2.9022e-24)
(-3.7024e-07 -5.0986e-08 -3.18839e-24)
(-3.7024e-07 -5.0986e-08 -3.18839e-24)
(-3.7024e-07 -5.0986e-08 -3.18839e-24)
(-3.7024e-07 -5.0986e-08 -3.18839e-24)
(-3.7024e-07 -5.0986e-08 -3.18839e-24)
(-3.7024e-07 -5.0986e-08 -3.18839e-24)
(-3.7024e-07 -5.0986e-08 -3.18839e-24)
(-3.7024e-07 -5.0986e-08 -3.18839e-24)
(-3.7024e-07 -5.0986e-08 -3.18839e-24)
(-3.7024e-07 -5.0986e-08 -3.18839e-24)
(-3.7024e-07 -5.0986e-08 -3.18839e-24)
(-3.7024e-07 -5.0986e-08 -3.18839e-24)
(-3.7024e-07 -5.0986e-08 -3.18839e-24)
(-3.7024e-07 -5.0986e-08 -3.18839e-24)
(-3.7024e-07 -5.0986e-08 -3.18839e-24)
(-3.7024e-07 -5.0986e-08 -3.18839e-24)
(-3.7024e-07 -5.0986e-08 -3.18839e-24)
(-3.7024e-07 -5.0986e-08 -3.18839e-24)
(-3.7024e-07 -5.0986e-08 -3.18839e-24)
(-3.7024e-07 -5.0986e-08 -3.18839e-24)
(-3.7024e-07 -5.0986e-08 -3.18839e-24)
(-3.7024e-07 -5.0986e-08 -3.18839e-24)
(-3.7024e-07 -5.0986e-08 -3.18839e-24)
(-3.7024e-07 -5.0986e-08 -3.18839e-24)
(-3.7024e-07 -5.0986e-08 -3.18839e-24)
(-3.7024e-07 -5.0986e-08 -3.18839e-24)
(-3.7024e-07 -5.0986e-08 -3.18839e-24)
(-3.7024e-07 -5.0986e-08 -3.18839e-24)
(-3.7024e-07 -5.0986e-08 -3.18839e-24)
(-3.7024e-07 -5.0986e-08 -3.18839e-24)
(-3.7024e-07 -5.0986e-08 -3.18839e-24)
(-3.7024e-07 -5.0986e-08 -3.18839e-24)
(-3.7024e-07 -5.0986e-08 -3.18839e-24)
(-3.7024e-07 -5.0986e-08 -3.18839e-24)
(-3.7024e-07 -5.0986e-08 -3.18839e-24)
(-3.7024e-07 -5.0986e-08 -3.18839e-24)
(-3.7024e-07 -5.0986e-08 -3.18839e-24)
(-3.7024e-07 -5.0986e-08 -3.18839e-24)
(-3.7024e-07 -5.0986e-08 -3.18839e-24)
(-3.7024e-07 -5.0986e-08 -3.18839e-24)
(-3.7024e-07 -5.0986e-08 -3.18839e-24)
(-3.7024e-07 -5.0986e-08 -3.18839e-24)
(-3.7024e-07 -5.0986e-08 -3.18839e-24)
(-3.7024e-07 -5.0986e-08 -3.18839e-24)
(-3.7024e-07 -5.0986e-08 -3.18839e-24)
(-3.7024e-07 -5.0986e-08 -3.18839e-24)
(-3.7024e-07 -5.0986e-08 -3.18839e-24)
(-3.7024e-07 -5.0986e-08 -3.18839e-24)
(-3.7024e-07 -5.0986e-08 -3.18839e-24)
(-3.7024e-07 -5.0986e-08 -3.18839e-24)
(-3.7024e-07 -5.0986e-08 -3.18839e-24)
(-3.7024e-07 -5.0986e-08 -3.18839e-24)
(-3.7024e-07 -5.0986e-08 -3.18839e-24)
(-3.7024e-07 -5.0986e-08 -3.18839e-24)
(-3.7024e-07 -5.0986e-08 -3.18839e-24)
(-3.7024e-07 -5.0986e-08 -3.18839e-24)
(-3.7024e-07 -5.0986e-08 -3.18839e-24)
(-3.7024e-07 -5.0986e-08 -3.18839e-24)
(-3.7024e-07 -5.0986e-08 -3.18839e-24)
(-3.7024e-07 -5.0986e-08 0)
(-3.5063e-07 -4.64122e-08 3.30163e-24)
(-3.5063e-07 -4.64122e-08 4.8128e-25)
(-3.5063e-07 -4.64122e-08 4.8128e-25)
(-3.5063e-07 -4.64122e-08 4.8128e-25)
(-3.5063e-07 -4.64122e-08 4.8128e-25)
(-3.5063e-07 -4.64122e-08 4.8128e-25)
(-3.5063e-07 -4.64122e-08 4.8128e-25)
(-3.5063e-07 -4.64122e-08 4.8128e-25)
(-3.5063e-07 -4.64122e-08 4.8128e-25)
(-3.5063e-07 -4.64122e-08 4.8128e-25)
(-3.5063e-07 -4.64122e-08 4.8128e-25)
(-3.5063e-07 -4.64122e-08 4.8128e-25)
(-3.5063e-07 -4.64122e-08 4.8128e-25)
(-3.5063e-07 -4.64122e-08 4.8128e-25)
(-3.5063e-07 -4.64122e-08 4.8128e-25)
(-3.5063e-07 -4.64122e-08 4.8128e-25)
(-3.5063e-07 -4.64122e-08 4.8128e-25)
(-3.5063e-07 -4.64122e-08 4.8128e-25)
(-3.5063e-07 -4.64122e-08 4.8128e-25)
(-3.5063e-07 -4.64122e-08 4.8128e-25)
(-3.5063e-07 -4.64122e-08 4.8128e-25)
(-3.5063e-07 -4.64122e-08 4.8128e-25)
(-3.5063e-07 -4.64122e-08 4.8128e-25)
(-3.5063e-07 -4.64122e-08 4.8128e-25)
(-3.5063e-07 -4.64122e-08 4.8128e-25)
(-3.5063e-07 -4.64122e-08 4.8128e-25)
(-3.5063e-07 -4.64122e-08 4.8128e-25)
(-3.5063e-07 -4.64122e-08 4.8128e-25)
(-3.5063e-07 -4.64122e-08 4.8128e-25)
(-3.5063e-07 -4.64122e-08 4.8128e-25)
(-3.5063e-07 -4.64122e-08 4.8128e-25)
(-3.5063e-07 -4.64122e-08 4.8128e-25)
(-3.5063e-07 -4.64122e-08 4.8128e-25)
(-3.5063e-07 -4.64122e-08 4.8128e-25)
(-3.5063e-07 -4.64122e-08 4.8128e-25)
(-3.5063e-07 -4.64122e-08 4.8128e-25)
(-3.5063e-07 -4.64122e-08 4.8128e-25)
(-3.5063e-07 -4.64122e-08 4.8128e-25)
(-3.5063e-07 -4.64122e-08 4.8128e-25)
(-3.5063e-07 -4.64122e-08 4.8128e-25)
(-3.5063e-07 -4.64122e-08 4.8128e-25)
(-3.5063e-07 -4.64122e-08 4.8128e-25)
(-3.5063e-07 -4.64122e-08 4.8128e-25)
(-3.5063e-07 -4.64122e-08 4.8128e-25)
(-3.5063e-07 -4.64122e-08 4.8128e-25)
(-3.5063e-07 -4.64122e-08 4.8128e-25)
(-3.5063e-07 -4.64122e-08 4.8128e-25)
(-3.5063e-07 -4.64122e-08 4.8128e-25)
(-3.5063e-07 -4.64122e-08 4.8128e-25)
(-3.5063e-07 -4.64122e-08 4.8128e-25)
(-3.5063e-07 -4.64122e-08 4.8128e-25)
(-3.5063e-07 -4.64122e-08 4.8128e-25)
(-3.5063e-07 -4.64122e-08 4.8128e-25)
(-3.5063e-07 -4.64122e-08 4.8128e-25)
(-3.5063e-07 -4.64122e-08 4.8128e-25)
(-3.5063e-07 -4.64122e-08 4.8128e-25)
(-3.5063e-07 -4.64122e-08 4.8128e-25)
(-3.5063e-07 -4.64122e-08 4.8128e-25)
(-3.5063e-07 -4.64122e-08 4.8128e-25)
(-3.5063e-07 -4.64122e-08 -2.33907e-24)
(-3.31529e-07 -4.10131e-08 2.82617e-24)
(-3.31529e-07 -4.10131e-08 4.1201e-25)
(-3.31529e-07 -4.10131e-08 4.1201e-25)
(-3.31529e-07 -4.10131e-08 4.1201e-25)
(-3.31529e-07 -4.10131e-08 4.1201e-25)
(-3.31529e-07 -4.10131e-08 4.1201e-25)
(-3.31529e-07 -4.10131e-08 4.1201e-25)
(-3.31529e-07 -4.10131e-08 4.1201e-25)
(-3.31529e-07 -4.10131e-08 4.1201e-25)
(-3.31529e-07 -4.10131e-08 4.1201e-25)
(-3.31529e-07 -4.10131e-08 4.1201e-25)
(-3.31529e-07 -4.10131e-08 4.1201e-25)
(-3.31529e-07 -4.10131e-08 4.1201e-25)
(-3.31529e-07 -4.10131e-08 4.1201e-25)
(-3.31529e-07 -4.10131e-08 4.1201e-25)
(-3.31529e-07 -4.10131e-08 4.1201e-25)
(-3.31529e-07 -4.10131e-08 4.1201e-25)
(-3.31529e-07 -4.10131e-08 4.1201e-25)
(-3.31529e-07 -4.10131e-08 4.1201e-25)
(-3.31529e-07 -4.10131e-08 4.1201e-25)
(-3.31529e-07 -4.10131e-08 4.1201e-25)
(-3.31529e-07 -4.10131e-08 4.1201e-25)
(-3.31529e-07 -4.10131e-08 4.1201e-25)
(-3.31529e-07 -4.10131e-08 4.1201e-25)
(-3.31529e-07 -4.10131e-08 4.1201e-25)
(-3.31529e-07 -4.10131e-08 4.1201e-25)
(-3.31529e-07 -4.10131e-08 4.1201e-25)
(-3.31529e-07 -4.10131e-08 4.1201e-25)
(-3.31529e-07 -4.10131e-08 4.1201e-25)
(-3.31529e-07 -4.10131e-08 4.1201e-25)
(-3.31529e-07 -4.10131e-08 4.1201e-25)
(-3.31529e-07 -4.10131e-08 4.1201e-25)
(-3.31529e-07 -4.10131e-08 4.1201e-25)
(-3.31529e-07 -4.10131e-08 4.1201e-25)
(-3.31529e-07 -4.10131e-08 4.1201e-25)
(-3.31529e-07 -4.10131e-08 4.1201e-25)
(-3.31529e-07 -4.10131e-08 4.1201e-25)
(-3.31529e-07 -4.10131e-08 4.1201e-25)
(-3.31529e-07 -4.10131e-08 4.1201e-25)
(-3.31529e-07 -4.10131e-08 4.1201e-25)
(-3.31529e-07 -4.10131e-08 4.1201e-25)
(-3.31529e-07 -4.10131e-08 4.1201e-25)
(-3.31529e-07 -4.10131e-08 4.1201e-25)
(-3.31529e-07 -4.10131e-08 4.1201e-25)
(-3.31529e-07 -4.10131e-08 4.1201e-25)
(-3.31529e-07 -4.10131e-08 4.1201e-25)
(-3.31529e-07 -4.10131e-08 4.1201e-25)
(-3.31529e-07 -4.10131e-08 4.1201e-25)
(-3.31529e-07 -4.10131e-08 4.1201e-25)
(-3.31529e-07 -4.10131e-08 4.1201e-25)
(-3.31529e-07 -4.10131e-08 4.1201e-25)
(-3.31529e-07 -4.10131e-08 4.1201e-25)
(-3.31529e-07 -4.10131e-08 4.1201e-25)
(-3.31529e-07 -4.10131e-08 4.1201e-25)
(-3.31529e-07 -4.10131e-08 4.1201e-25)
(-3.31529e-07 -4.10131e-08 4.1201e-25)
(-3.31529e-07 -4.10131e-08 4.1201e-25)
(-3.31529e-07 -4.10131e-08 4.1201e-25)
(-3.31529e-07 -4.10131e-08 4.1201e-25)
(-3.31529e-07 -4.10131e-08 4.1201e-25)
(-3.1464e-07 -3.50394e-08 -3.40847e-25)
(-3.1464e-07 -3.50394e-08 -3.40847e-25)
(-3.1464e-07 -3.50394e-08 -3.40847e-25)
(-3.1464e-07 -3.50394e-08 -3.40847e-25)
(-3.1464e-07 -3.50394e-08 -3.40847e-25)
(-3.1464e-07 -3.50394e-08 -3.40847e-25)
(-3.1464e-07 -3.50394e-08 -3.40847e-25)
(-3.1464e-07 -3.50394e-08 -3.40847e-25)
(-3.1464e-07 -3.50394e-08 -3.40847e-25)
(-3.1464e-07 -3.50394e-08 -3.40847e-25)
(-3.1464e-07 -3.50394e-08 -3.40847e-25)
(-3.1464e-07 -3.50394e-08 -3.40847e-25)
(-3.1464e-07 -3.50394e-08 -3.40847e-25)
(-3.1464e-07 -3.50394e-08 -3.40847e-25)
(-3.1464e-07 -3.50394e-08 -3.40847e-25)
(-3.1464e-07 -3.50394e-08 -3.40847e-25)
(-3.1464e-07 -3.50394e-08 -3.40847e-25)
(-3.1464e-07 -3.50394e-08 -3.40847e-25)
(-3.1464e-07 -3.50394e-08 -3.40847e-25)
(-3.1464e-07 -3.50394e-08 -3.40847e-25)
(-3.1464e-07 -3.50394e-08 -3.40847e-25)
(-3.1464e-07 -3.50394e-08 -3.40847e-25)
(-3.1464e-07 -3.50394e-08 -3.40847e-25)
(-3.1464e-07 -3.50394e-08 -3.40847e-25)
(-3.1464e-07 -3.50394e-08 -3.40847e-25)
(-3.1464e-07 -3.50394e-08 -3.40847e-25)
(-3.1464e-07 -3.50394e-08 -3.40847e-25)
(-3.1464e-07 -3.50394e-08 -3.40847e-25)
(-3.1464e-07 -3.50394e-08 -3.40847e-25)
(-3.1464e-07 -3.50394e-08 -3.40847e-25)
(-3.1464e-07 -3.50394e-08 -3.40847e-25)
(-3.1464e-07 -3.50394e-08 -3.40847e-25)
(-3.1464e-07 -3.50394e-08 -3.40847e-25)
(-3.1464e-07 -3.50394e-08 -3.40847e-25)
(-3.1464e-07 -3.50394e-08 -3.40847e-25)
(-3.1464e-07 -3.50394e-08 -3.40847e-25)
(-3.1464e-07 -3.50394e-08 -3.40847e-25)
(-3.1464e-07 -3.50394e-08 -3.40847e-25)
(-3.1464e-07 -3.50394e-08 -3.40847e-25)
(-3.1464e-07 -3.50394e-08 -3.40847e-25)
(-3.1464e-07 -3.50394e-08 -3.40847e-25)
(-3.1464e-07 -3.50394e-08 -3.40847e-25)
(-3.1464e-07 -3.50394e-08 -3.40847e-25)
(-3.1464e-07 -3.50394e-08 -3.40847e-25)
(-3.1464e-07 -3.50394e-08 -3.40847e-25)
(-3.1464e-07 -3.50394e-08 -3.40847e-25)
(-3.1464e-07 -3.50394e-08 -3.40847e-25)
(-3.1464e-07 -3.50394e-08 -3.40847e-25)
(-3.1464e-07 -3.50394e-08 -3.40847e-25)
(-3.1464e-07 -3.50394e-08 -3.40847e-25)
(-3.1464e-07 -3.50394e-08 -3.40847e-25)
(-3.1464e-07 -3.50394e-08 -3.40847e-25)
(-3.1464e-07 -3.50394e-08 -3.40847e-25)
(-3.1464e-07 -3.50394e-08 -3.40847e-25)
(-3.1464e-07 -3.50394e-08 -3.40847e-25)
(-3.1464e-07 -3.50394e-08 -3.40847e-25)
(-3.1464e-07 -3.50394e-08 -3.40847e-25)
(-3.1464e-07 -3.50394e-08 -3.40847e-25)
(-3.1464e-07 -3.50394e-08 -3.40847e-25)
(-3.1464e-07 -3.50394e-08 -3.40847e-25)
(-3.00376e-07 -2.84249e-08 0)
(-3.00376e-07 -2.84249e-08 0)
(-3.00376e-07 -2.84249e-08 0)
(-3.00376e-07 -2.84249e-08 0)
(-3.00376e-07 -2.84249e-08 0)
(-3.00376e-07 -2.84249e-08 0)
(-3.00376e-07 -2.84249e-08 0)
(-3.00376e-07 -2.84249e-08 0)
(-3.00376e-07 -2.84249e-08 0)
(-3.00376e-07 -2.84249e-08 0)
(-3.00376e-07 -2.84249e-08 0)
(-3.00376e-07 -2.84249e-08 0)
(-3.00376e-07 -2.84249e-08 0)
(-3.00376e-07 -2.84249e-08 0)
(-3.00376e-07 -2.84249e-08 0)
(-3.00376e-07 -2.84249e-08 0)
(-3.00376e-07 -2.84249e-08 0)
(-3.00376e-07 -2.84249e-08 0)
(-3.00376e-07 -2.84249e-08 0)
(-3.00376e-07 -2.84249e-08 0)
(-3.00376e-07 -2.84249e-08 0)
(-3.00376e-07 -2.84249e-08 0)
(-3.00376e-07 -2.84249e-08 0)
(-3.00376e-07 -2.84249e-08 0)
(-3.00376e-07 -2.84249e-08 0)
(-3.00376e-07 -2.84249e-08 0)
(-3.00376e-07 -2.84249e-08 0)
(-3.00376e-07 -2.84249e-08 0)
(-3.00376e-07 -2.84249e-08 0)
(-3.00376e-07 -2.84249e-08 0)
(-3.00376e-07 -2.84249e-08 0)
(-3.00376e-07 -2.84249e-08 0)
(-3.00376e-07 -2.84249e-08 0)
(-3.00376e-07 -2.84249e-08 0)
(-3.00376e-07 -2.84249e-08 0)
(-3.00376e-07 -2.84249e-08 0)
(-3.00376e-07 -2.84249e-08 0)
(-3.00376e-07 -2.84249e-08 0)
(-3.00376e-07 -2.84249e-08 0)
(-3.00376e-07 -2.84249e-08 0)
(-3.00376e-07 -2.84249e-08 0)
(-3.00376e-07 -2.84249e-08 0)
(-3.00376e-07 -2.84249e-08 0)
(-3.00376e-07 -2.84249e-08 0)
(-3.00376e-07 -2.84249e-08 0)
(-3.00376e-07 -2.84249e-08 0)
(-3.00376e-07 -2.84249e-08 0)
(-3.00376e-07 -2.84249e-08 0)
(-3.00376e-07 -2.84249e-08 0)
(-3.00376e-07 -2.84249e-08 0)
(-3.00376e-07 -2.84249e-08 0)
(-3.00376e-07 -2.84249e-08 0)
(-3.00376e-07 -2.84249e-08 0)
(-3.00376e-07 -2.84249e-08 0)
(-3.00376e-07 -2.84249e-08 0)
(-3.00376e-07 -2.84249e-08 0)
(-3.00376e-07 -2.84249e-08 0)
(-3.00376e-07 -2.84249e-08 0)
(-3.00376e-07 -2.84249e-08 0)
(-3.00376e-07 -2.84249e-08 0)
(-2.89194e-07 -2.11081e-08 0)
(-2.89194e-07 -2.11081e-08 0)
(-2.89194e-07 -2.11081e-08 0)
(-2.89194e-07 -2.11081e-08 0)
(-2.89194e-07 -2.11081e-08 0)
(-2.89194e-07 -2.11081e-08 0)
(-2.89194e-07 -2.11081e-08 0)
(-2.89194e-07 -2.11081e-08 0)
(-2.89194e-07 -2.11081e-08 0)
(-2.89194e-07 -2.11081e-08 0)
(-2.89194e-07 -2.11081e-08 0)
(-2.89194e-07 -2.11081e-08 0)
(-2.89194e-07 -2.11081e-08 0)
(-2.89194e-07 -2.11081e-08 0)
(-2.89194e-07 -2.11081e-08 0)
(-2.89194e-07 -2.11081e-08 0)
(-2.89194e-07 -2.11081e-08 0)
(-2.89194e-07 -2.11081e-08 0)
(-2.89194e-07 -2.11081e-08 0)
(-2.89194e-07 -2.11081e-08 0)
(-2.89194e-07 -2.11081e-08 0)
(-2.89194e-07 -2.11081e-08 0)
(-2.89194e-07 -2.11081e-08 0)
(-2.89194e-07 -2.11081e-08 0)
(-2.89194e-07 -2.11081e-08 0)
(-2.89194e-07 -2.11081e-08 0)
(-2.89194e-07 -2.11081e-08 0)
(-2.89194e-07 -2.11081e-08 0)
(-2.89194e-07 -2.11081e-08 0)
(-2.89194e-07 -2.11081e-08 0)
(-2.89194e-07 -2.11081e-08 0)
(-2.89194e-07 -2.11081e-08 0)
(-2.89194e-07 -2.11081e-08 0)
(-2.89194e-07 -2.11081e-08 0)
(-2.89194e-07 -2.11081e-08 0)
(-2.89194e-07 -2.11081e-08 0)
(-2.89194e-07 -2.11081e-08 0)
(-2.89194e-07 -2.11081e-08 0)
(-2.89194e-07 -2.11081e-08 0)
(-2.89194e-07 -2.11081e-08 0)
(-2.89194e-07 -2.11081e-08 0)
(-2.89194e-07 -2.11081e-08 0)
(-2.89194e-07 -2.11081e-08 0)
(-2.89194e-07 -2.11081e-08 0)
(-2.89194e-07 -2.11081e-08 0)
(-2.89194e-07 -2.11081e-08 0)
(-2.89194e-07 -2.11081e-08 0)
(-2.89194e-07 -2.11081e-08 0)
(-2.89194e-07 -2.11081e-08 0)
(-2.89194e-07 -2.11081e-08 0)
(-2.89194e-07 -2.11081e-08 0)
(-2.89194e-07 -2.11081e-08 0)
(-2.89194e-07 -2.11081e-08 0)
(-2.89194e-07 -2.11081e-08 0)
(-2.89194e-07 -2.11081e-08 0)
(-2.89194e-07 -2.11081e-08 0)
(-2.89194e-07 -2.11081e-08 0)
(-2.89194e-07 -2.11081e-08 0)
(-2.89194e-07 -2.11081e-08 0)
(-2.89194e-07 -2.11081e-08 -1.12865e-24)
(-2.81664e-07 -1.30851e-08 6.78725e-25)
(-2.81664e-07 -1.30851e-08 0)
(-2.81664e-07 -1.30851e-08 0)
(-2.81664e-07 -1.30851e-08 0)
(-2.81664e-07 -1.30851e-08 0)
(-2.81664e-07 -1.30851e-08 0)
(-2.81664e-07 -1.30851e-08 0)
(-2.81664e-07 -1.30851e-08 0)
(-2.81664e-07 -1.30851e-08 0)
(-2.81664e-07 -1.30851e-08 0)
(-2.81664e-07 -1.30851e-08 0)
(-2.81664e-07 -1.30851e-08 0)
(-2.81664e-07 -1.30851e-08 0)
(-2.81664e-07 -1.30851e-08 0)
(-2.81664e-07 -1.30851e-08 0)
(-2.81664e-07 -1.30851e-08 0)
(-2.81664e-07 -1.30851e-08 0)
(-2.81664e-07 -1.30851e-08 0)
(-2.81664e-07 -1.30851e-08 0)
(-2.81664e-07 -1.30851e-08 0)
(-2.81664e-07 -1.30851e-08 0)
(-2.81664e-07 -1.30851e-08 0)
(-2.81664e-07 -1.30851e-08 0)
(-2.81664e-07 -1.30851e-08 0)
(-2.81664e-07 -1.30851e-08 0)
(-2.81664e-07 -1.30851e-08 0)
(-2.81664e-07 -1.30851e-08 0)
(-2.81664e-07 -1.30851e-08 0)
(-2.81664e-07 -1.30851e-08 0)
(-2.81664e-07 -1.30851e-08 0)
(-2.81664e-07 -1.30851e-08 0)
(-2.81664e-07 -1.30851e-08 0)
(-2.81664e-07 -1.30851e-08 0)
(-2.81664e-07 -1.30851e-08 0)
(-2.81664e-07 -1.30851e-08 0)
(-2.81664e-07 -1.30851e-08 0)
(-2.81664e-07 -1.30851e-08 0)
(-2.81664e-07 -1.30851e-08 0)
(-2.81664e-07 -1.30851e-08 0)
(-2.81664e-07 -1.30851e-08 0)
(-2.81664e-07 -1.30851e-08 0)
(-2.81664e-07 -1.30851e-08 0)
(-2.81664e-07 -1.30851e-08 0)
(-2.81664e-07 -1.30851e-08 0)
(-2.81664e-07 -1.30851e-08 0)
(-2.81664e-07 -1.30851e-08 0)
(-2.81664e-07 -1.30851e-08 0)
(-2.81664e-07 -1.30851e-08 0)
(-2.81664e-07 -1.30851e-08 0)
(-2.81664e-07 -1.30851e-08 0)
(-2.81664e-07 -1.30851e-08 0)
(-2.81664e-07 -1.30851e-08 0)
(-2.81664e-07 -1.30851e-08 0)
(-2.81664e-07 -1.30851e-08 0)
(-2.81664e-07 -1.30851e-08 0)
(-2.81664e-07 -1.30851e-08 0)
(-2.81664e-07 -1.30851e-08 0)
(-2.81664e-07 -1.30851e-08 0)
(-2.81664e-07 -1.30851e-08 0)
(-2.81664e-07 -1.30851e-08 -6.78725e-25)
(-2.7841e-07 -4.40929e-09 -4.74422e-27)
(-2.7841e-07 -4.40929e-09 -4.74422e-27)
(-2.7841e-07 -4.40929e-09 -4.74422e-27)
(-2.7841e-07 -4.40929e-09 -4.74422e-27)
(-2.7841e-07 -4.40929e-09 -4.74422e-27)
(-2.7841e-07 -4.40929e-09 -4.74422e-27)
(-2.7841e-07 -4.40929e-09 -4.74422e-27)
(-2.7841e-07 -4.40929e-09 -4.74422e-27)
(-2.7841e-07 -4.40929e-09 -4.74422e-27)
(-2.7841e-07 -4.40929e-09 -4.74422e-27)
(-2.7841e-07 -4.40929e-09 -4.74422e-27)
(-2.7841e-07 -4.40929e-09 -4.74422e-27)
(-2.7841e-07 -4.40929e-09 -4.74422e-27)
(-2.7841e-07 -4.40929e-09 -4.74422e-27)
(-2.7841e-07 -4.40929e-09 -4.74422e-27)
(-2.7841e-07 -4.40929e-09 -4.74422e-27)
(-2.7841e-07 -4.40929e-09 2.90777e-23)
(-2.7841e-07 -4.40929e-09 -2.90871e-23)
(-2.7841e-07 -4.40929e-09 -4.74422e-27)
(-2.7841e-07 -4.40929e-09 -4.74422e-27)
(-2.7841e-07 -4.40929e-09 -4.74422e-27)
(-2.7841e-07 -4.40929e-09 -4.74422e-27)
(-2.7841e-07 -4.40929e-09 -4.74422e-27)
(-2.7841e-07 -4.40929e-09 -4.74422e-27)
(-2.7841e-07 -4.40929e-09 -4.74422e-27)
(-2.7841e-07 -4.40929e-09 2.90777e-23)
(-2.7841e-07 -4.40929e-09 -2.90871e-23)
(-2.7841e-07 -4.40929e-09 -4.74422e-27)
(-2.7841e-07 -4.40929e-09 -4.74422e-27)
(-2.7841e-07 -4.40929e-09 -4.74422e-27)
(-2.7841e-07 -4.40929e-09 -4.74422e-27)
(-2.7841e-07 -4.40929e-09 -4.74422e-27)
(-2.7841e-07 -4.40929e-09 -4.74422e-27)
(-2.7841e-07 -4.40929e-09 2.90777e-23)
(-2.7841e-07 -4.40929e-09 -2.90871e-23)
(-2.7841e-07 -4.40929e-09 -4.74422e-27)
(-2.7841e-07 -4.40929e-09 -4.74422e-27)
(-2.7841e-07 -4.40929e-09 -4.74422e-27)
(-2.7841e-07 -4.40929e-09 -4.74422e-27)
(-2.7841e-07 -4.40929e-09 -4.74422e-27)
(-2.7841e-07 -4.40929e-09 -4.74422e-27)
(-2.7841e-07 -4.40929e-09 -4.74422e-27)
(-2.7841e-07 -4.40929e-09 -4.74422e-27)
(-2.7841e-07 -4.40929e-09 -4.74422e-27)
(-2.7841e-07 -4.40929e-09 -4.74422e-27)
(-2.7841e-07 -4.40929e-09 -4.74422e-27)
(-2.7841e-07 -4.40929e-09 -4.74422e-27)
(-2.7841e-07 -4.40929e-09 -4.74422e-27)
(-2.7841e-07 -4.40929e-09 -4.74422e-27)
(-2.7841e-07 -4.40929e-09 -4.74422e-27)
(-2.7841e-07 -4.40929e-09 -4.74422e-27)
(-2.7841e-07 -4.40929e-09 -4.74422e-27)
(-2.7841e-07 -4.40929e-09 -4.74422e-27)
(-2.7841e-07 -4.40929e-09 -4.74422e-27)
(-2.7841e-07 -4.40929e-09 -4.74422e-27)
(-2.7841e-07 -4.40929e-09 -4.74422e-27)
(-2.7841e-07 -4.40929e-09 -4.74422e-27)
(-2.7841e-07 -4.40929e-09 -4.74422e-27)
(-2.7841e-07 -4.40929e-09 -4.74422e-27)
(-2.7841e-07 -4.40929e-09 -4.74422e-27)
(-2.78466e-07 3.35136e-12 1.67464e-28)
(-2.78466e-07 3.35136e-12 0)
(-2.78466e-07 3.35136e-12 2.44307e-27)
(-2.78466e-07 3.35136e-12 -2.44306e-27)
(-2.78466e-07 3.35136e-12 0)
(-2.78466e-07 3.35136e-12 0)
(-2.78466e-07 3.35136e-12 0)
(-2.78466e-07 3.35136e-12 0)
(-2.78466e-07 3.35136e-12 2.44307e-27)
(-2.78466e-07 3.35136e-12 -7.3292e-27)
(-2.78466e-07 3.35136e-12 4.88613e-27)
(-2.78466e-07 3.35136e-12 0)
(-2.78466e-07 3.35136e-12 0)
(-2.78466e-07 3.35136e-12 2.44307e-27)
(-2.78466e-07 3.35136e-12 -2.44306e-27)
(-2.78466e-07 3.35136e-12 0)
(-2.78466e-07 3.35136e-12 -2.2481e-26)
(-2.78466e-07 3.35136e-12 2.2481e-26)
(-2.78466e-07 3.35136e-12 0)
(-2.78466e-07 3.35136e-12 0)
(-2.78466e-07 3.35136e-12 2.44307e-27)
(-2.78466e-07 3.35136e-12 -2.44306e-27)
(-2.78466e-07 3.35136e-12 0)
(-2.78466e-07 3.35136e-12 0)
(-2.78466e-07 3.35136e-12 0)
(-2.78466e-07 3.35136e-12 -2.2481e-26)
(-2.78466e-07 3.35136e-12 2.49241e-26)
(-2.78466e-07 3.35136e-12 -2.44306e-27)
(-2.78466e-07 3.35136e-12 0)
(-2.78466e-07 3.35136e-12 0)
(-2.78466e-07 3.35136e-12 0)
(-2.78466e-07 3.35136e-12 0)
(-2.78466e-07 3.35136e-12 0)
(-2.78466e-07 3.35136e-12 -2.2481e-26)
(-2.78466e-07 3.35136e-12 2.2481e-26)
(-2.78466e-07 3.35136e-12 0)
(-2.78466e-07 3.35136e-12 0)
(-2.78466e-07 3.35136e-12 0)
(-2.78466e-07 3.35136e-12 2.44307e-27)
(-2.78466e-07 3.35136e-12 -2.44306e-27)
(-2.78466e-07 3.35136e-12 0)
(-2.78466e-07 3.35136e-12 0)
(-2.78466e-07 3.35136e-12 0)
(-2.78466e-07 3.35136e-12 0)
(-2.78466e-07 3.35136e-12 2.44307e-27)
(-2.78466e-07 3.35136e-12 -2.44306e-27)
(-2.78466e-07 3.35136e-12 0)
(-2.78466e-07 3.35136e-12 0)
(-2.78466e-07 3.35136e-12 0)
(-2.78466e-07 3.35136e-12 0)
(-2.78466e-07 3.35136e-12 2.44307e-27)
(-2.78466e-07 3.35136e-12 -2.44306e-27)
(-2.78466e-07 3.35136e-12 0)
(-2.78466e-07 3.35136e-12 0)
(-2.78466e-07 3.35136e-12 0)
(-2.78466e-07 3.35136e-12 0)
(-2.78466e-07 3.35136e-12 0)
(-2.78466e-07 3.35136e-12 0)
(-2.78466e-07 3.35136e-12 0)
(-2.78466e-07 3.35136e-12 0)
(-2.78464e-07 0 0)
(-2.78464e-07 0 0)
(-2.78464e-07 5.70817e-23 4.20921e-38)
(-2.78464e-07 6.0198e-23 -4.43986e-38)
(-2.78464e-07 0 0)
(-2.78464e-07 0 0)
(-2.78464e-07 0 0)
(-2.78464e-07 0 0)
(-2.78464e-07 6.0198e-23 4.43986e-38)
(-2.78464e-07 -6.0198e-23 1.36281e-37)
(-2.78464e-07 0 0)
(-2.78464e-07 1.26629e-22 1.9299e-37)
(-2.78464e-07 0 0)
(-2.78464e-07 6.0198e-23 4.43986e-38)
(-2.78464e-07 6.0198e-23 -4.43986e-38)
(-2.78464e-07 0 0)
(-2.78464e-07 0 0)
(-2.78464e-07 0 0)
(-2.78464e-07 0 0)
(-2.78464e-07 0 0)
(-2.78464e-07 6.0198e-23 4.43986e-38)
(-2.78464e-07 6.0198e-23 -4.43986e-38)
(-2.78464e-07 0 0)
(-2.78464e-07 0 0)
(-2.78464e-07 0 0)
(-2.78464e-07 0 0)
(-2.78464e-07 6.0198e-23 4.43986e-38)
(-2.78464e-07 6.33143e-23 -4.67051e-38)
(-2.78464e-07 0 0)
(-2.78464e-07 0 0)
(-2.78464e-07 0 0)
(-2.78464e-07 0 0)
(-2.78464e-07 0 0)
(-2.78464e-07 0 0)
(-2.78464e-07 0 0)
(-2.78464e-07 0 0)
(-2.78464e-07 0 0)
(-2.78464e-07 0 0)
(-2.78464e-07 6.0198e-23 4.43986e-38)
(-2.78464e-07 6.33143e-23 -4.67051e-38)
(-2.78464e-07 0 0)
(-2.78464e-07 0 0)
(-2.78464e-07 0 0)
(-2.78464e-07 0 0)
(-2.78464e-07 6.0198e-23 4.43986e-38)
(-2.78464e-07 6.33143e-23 -4.67051e-38)
(-2.78464e-07 0 0)
(-2.78464e-07 0 0)
(-2.78464e-07 0 0)
(-2.78464e-07 0 0)
(-2.78464e-07 6.0198e-23 4.43986e-38)
(-2.78464e-07 6.33143e-23 -4.67051e-38)
(-2.78464e-07 0 0)
(-2.78464e-07 0 0)
(-2.78464e-07 0 0)
(-2.78464e-07 0 0)
(-2.78464e-07 0 0)
(-2.78464e-07 0 0)
(-2.78464e-07 0 0)
(-2.78464e-07 0 0)
(-2.78462e-07 -5.7478e-23 -3.97314e-38)
(-2.78462e-07 -6.06159e-23 4.20539e-38)
(-2.78462e-07 0 0)
(-2.78462e-07 0 0)
(-2.78462e-07 0 0)
(-2.78462e-07 6.37538e-23 -5.06319e-38)
(-2.78462e-07 -3.13789e-24 -4.64501e-39)
(-2.78462e-07 -6.06159e-23 4.20539e-38)
(-2.78462e-07 0 0)
(-2.78462e-07 0 0)
(-2.78462e-07 0 0)
(-2.78462e-07 0 0)
(-2.78462e-07 0 0)
(-2.78462e-07 1.27508e-22 -1.90017e-37)
(-2.78462e-07 1.21232e-22 1.80727e-37)
(-2.78462e-07 0 0)
(-2.78462e-07 0 0)
(-2.78462e-07 -6.06159e-23 -4.20539e-38)
(-2.78462e-07 -1.2437e-22 0)
(-2.78462e-07 -6.06159e-23 4.20539e-38)
(-2.78462e-07 0 0)
(-2.78462e-07 0 0)
(-2.78462e-07 0 0)
(-2.78462e-07 0 0)
(-2.78462e-07 0 0)
(-2.78462e-07 0 0)
(-2.78462e-07 0 0)
(-2.78462e-07 0 0)
(-2.78462e-07 0 0)
(-2.78462e-07 0 0)
(-2.78462e-07 0 0)
(-2.78462e-07 0 0)
(-2.78462e-07 0 0)
(-2.78462e-07 0 0)
(-2.78462e-07 0 0)
(-2.78462e-07 0 0)
(-2.78462e-07 0 0)
(-2.78462e-07 0 0)
(-2.78462e-07 0 0)
(-2.78462e-07 0 0)
(-2.78462e-07 0 0)
(-2.78462e-07 1.2437e-22 -1.85372e-37)
(-2.78462e-07 1.21232e-22 1.80727e-37)
(-2.78462e-07 0 0)
(-2.78462e-07 1.2437e-22 -1.85372e-37)
(-2.78462e-07 1.2437e-22 1.85372e-37)
(-2.78462e-07 0 0)
(-2.78462e-07 1.2437e-22 -1.85372e-37)
(-2.78462e-07 1.2437e-22 1.85372e-37)
(-2.78462e-07 0 0)
(-2.78462e-07 0 0)
(-2.78462e-07 0 0)
(-2.78462e-07 0 0)
(-2.78462e-07 6.06159e-23 -4.83094e-38)
(-2.78462e-07 6.06159e-23 4.83094e-38)
(-2.78462e-07 0 0)
(-2.78462e-07 0 0)
(-2.78462e-07 0 0)
(-2.78462e-07 0 0)
(-2.78462e-07 0 0)
(-2.7846e-07 5.78341e-23 4.03873e-38)
(-2.7846e-07 6.09914e-23 -4.27242e-38)
(-2.7846e-07 1.2514e-22 -1.88237e-37)
(-2.7846e-07 1.21983e-22 1.83563e-37)
(-2.7846e-07 0 0)
(-2.7846e-07 -6.41487e-23 4.82276e-38)
(-2.7846e-07 3.15729e-24 4.67373e-39)
(-2.7846e-07 1.21983e-22 -1.83563e-37)
(-2.7846e-07 6.41487e-23 5.13942e-38)
(-2.7846e-07 0 0)
(-2.7846e-07 -1.21983e-22 1.83563e-37)
(-2.7846e-07 -6.41487e-23 -4.5061e-38)
(-2.7846e-07 1.21983e-22 0)
(-2.7846e-07 -6.41487e-23 4.5061e-38)
(-2.7846e-07 -1.21983e-22 -1.83563e-37)
(-2.7846e-07 0 0)
(-2.7846e-07 0 0)
(-2.7846e-07 1.86132e-22 -1.59009e-37)
(-2.7846e-07 2.47123e-22 3.84466e-37)
(-2.7846e-07 6.09914e-23 -4.27242e-38)
(-2.7846e-07 0 0)
(-2.7846e-07 0 0)
(-2.7846e-07 0 0)
(-2.7846e-07 0 0)
(-2.7846e-07 0 0)
(-2.7846e-07 1.21983e-22 -1.83563e-37)
(-2.7846e-07 1.21983e-22 1.83563e-37)
(-2.7846e-07 0 0)
(-2.7846e-07 0 0)
(-2.7846e-07 0 0)
(-2.7846e-07 0 0)
(-2.7846e-07 0 0)
(-2.7846e-07 0 0)
(-2.7846e-07 0 0)
(-2.7846e-07 0 0)
(-2.7846e-07 0 0)
(-2.7846e-07 0 0)
(-2.7846e-07 0 0)
(-2.7846e-07 0 0)
(-2.7846e-07 0 0)
(-2.7846e-07 0 0)
(-2.7846e-07 -1.2514e-22 1.88237e-37)
(-2.7846e-07 -1.21983e-22 -1.83563e-37)
(-2.7846e-07 0 0)
(-2.7846e-07 -1.2514e-22 1.88237e-37)
(-2.7846e-07 -1.2514e-22 -1.88237e-37)
(-2.7846e-07 6.09914e-23 -4.90574e-38)
(-2.7846e-07 -6.09914e-23 4.27242e-38)
(-2.7846e-07 0 0)
(-2.7846e-07 1.21983e-22 1.83563e-37)
(-2.7846e-07 0 0)
(-2.7846e-07 0 0)
(-2.7846e-07 0 0)
(-2.7846e-07 -6.09914e-23 4.58908e-38)
(-2.7846e-07 -6.09914e-23 -4.58908e-38)
(-2.7846e-07 0 0)
(-2.7846e-07 0 0)
(-2.7846e-07 0 0)
(-2.7846e-07 0 0)
(-2.7846e-07 0 0)
(-2.78459e-07 0 0)
(-2.78459e-07 0 0)
(-2.78459e-07 -1.83989e-22 1.29998e-37)
(-2.78459e-07 -1.83989e-22 -1.29998e-37)
(-2.78459e-07 -6.13298e-23 -4.33326e-38)
(-2.78459e-07 -6.13298e-23 4.33326e-38)
(-2.78459e-07 -6.13298e-23 -4.33326e-38)
(-2.78459e-07 -1.2266e-22 1.79734e-37)
(-2.78459e-07 -6.45046e-23 -4.88842e-38)
(-2.78459e-07 0 0)
(-2.78459e-07 0 0)
(-2.78459e-07 -6.45046e-23 4.88842e-38)
(-2.78459e-07 -1.83989e-22 -1.49209e-37)
(-2.78459e-07 -1.25834e-22 6.40362e-39)
(-2.78459e-07 0 0)
(-2.78459e-07 0 0)
(-2.78459e-07 -6.13298e-23 -4.33326e-38)
(-2.78459e-07 -2.51669e-22 3.5606e-37)
(-2.78459e-07 -1.83989e-22 -1.29998e-37)
(-2.78459e-07 0 0)
(-2.78459e-07 -6.13298e-23 -4.33326e-38)
(-2.78459e-07 -1.25834e-22 0)
(-2.78459e-07 -6.45046e-23 4.56824e-38)
(-2.78459e-07 0 0)
(-2.78459e-07 -6.13298e-23 -4.33326e-38)
(-2.78459e-07 -1.87164e-22 4.06648e-37)
(-2.78459e-07 -1.2266e-22 -1.79734e-37)
(-2.78459e-07 0 0)
(-2.78459e-07 -6.13298e-23 -4.33326e-38)
(-2.78459e-07 -6.45046e-23 4.56824e-38)
(-2.78459e-07 0 0)
(-2.78459e-07 0 0)
(-2.78459e-07 0 0)
(-2.78459e-07 0 0)
(-2.78459e-07 -6.13298e-23 -4.33326e-38)
(-2.78459e-07 -6.45046e-23 4.56824e-38)
(-2.78459e-07 0 0)
(-2.78459e-07 0 0)
(-2.78459e-07 -6.13298e-23 -4.33326e-38)
(-2.78459e-07 -6.45046e-23 4.56824e-38)
(-2.78459e-07 0 0)
(-2.78459e-07 0 0)
(-2.78459e-07 -6.13298e-23 -4.33326e-38)
(-2.78459e-07 -6.45046e-23 4.56824e-38)
(-2.78459e-07 0 0)
(-2.78459e-07 0 0)
(-2.78459e-07 -1.2266e-22 -6.40362e-39)
(-2.78459e-07 -1.29009e-22 6.40362e-39)
(-2.78459e-07 -1.25834e-22 1.84433e-37)
(-2.78459e-07 -1.2266e-22 -1.79734e-37)
(-2.78459e-07 0 0)
(-2.78459e-07 0 0)
(-2.78459e-07 0 0)
(-2.78459e-07 0 0)
(-2.78459e-07 0 0)
(-2.78459e-07 0 0)
(-2.78459e-07 0 0)
(-2.78459e-07 0 0)
(-2.78459e-07 0 0)
(-2.78459e-07 0 0)
(-2.78458e-07 0 0)
(-2.78458e-07 0 0)
(-2.78458e-07 0 0)
(-2.78458e-07 0 0)
(-2.78458e-07 6.16355e-23 4.06519e-38)
(-2.78458e-07 6.16355e-23 -4.06519e-38)
(-2.78458e-07 1.84907e-22 -1.5106e-37)
(-2.78458e-07 1.84907e-22 1.5106e-37)
(-2.78458e-07 -6.16355e-23 -4.38857e-38)
(-2.78458e-07 -6.16355e-23 4.38857e-38)
(-2.78458e-07 0 0)
(-2.78458e-07 -6.16355e-23 -4.38857e-38)
(-2.78458e-07 0 0)
(-2.78458e-07 0 0)
(-2.78458e-07 -6.16355e-23 4.38857e-38)
(-2.78458e-07 0 0)
(-2.78458e-07 0 0)
(-2.78458e-07 6.16355e-23 -4.71195e-38)
(-2.78458e-07 6.16355e-23 -4.06519e-38)
(-2.78458e-07 0 0)
(-2.78458e-07 0 0)
(-2.78458e-07 6.48261e-23 -4.9481e-38)
(-2.78458e-07 6.48261e-23 -4.30134e-38)
(-2.78458e-07 -6.16355e-23 -4.38857e-38)
(-2.78458e-07 0 0)
(-2.78458e-07 6.48261e-23 -4.30134e-38)
(-2.78458e-07 0 0)
(-2.78458e-07 0 0)
(-2.78458e-07 6.16355e-23 4.06519e-38)
(-2.78458e-07 6.48261e-23 -4.30134e-38)
(-2.78458e-07 0 0)
(-2.78458e-07 0 0)
(-2.78458e-07 0 0)
(-2.78458e-07 0 0)
(-2.78458e-07 6.16355e-23 4.06519e-38)
(-2.78458e-07 3.19057e-24 0)
(-2.78458e-07 -6.48261e-23 4.62472e-38)
(-2.78458e-07 0 0)
(-2.78458e-07 0 0)
(-2.78458e-07 0 0)
(-2.78458e-07 0 0)
(-2.78458e-07 0 0)
(-2.78458e-07 6.16355e-23 4.06519e-38)
(-2.78458e-07 6.48261e-23 -4.30134e-38)
(-2.78458e-07 0 0)
(-2.78458e-07 0 0)
(-2.78458e-07 6.16355e-23 4.06519e-38)
(-2.78458e-07 6.48261e-23 -4.30134e-38)
(-2.78458e-07 0 0)
(-2.78458e-07 0 0)
(-2.78458e-07 -6.16355e-23 -4.38857e-38)
(-2.78458e-07 -6.48261e-23 4.62472e-38)
(-2.78458e-07 0 0)
(-2.78458e-07 0 0)
(-2.78458e-07 0 0)
(-2.78458e-07 0 0)
(-2.78458e-07 0 0)
(-2.78458e-07 0 0)
(-2.78458e-07 0 0)
(-2.78458e-07 0 0)
(-2.78457e-07 -1.23825e-22 -6.52577e-39)
(-2.78457e-07 -1.27029e-22 0)
(-2.78457e-07 -6.51172e-23 -4.67615e-38)
(-2.78457e-07 -6.51172e-23 4.67615e-38)
(-2.78457e-07 -1.27029e-22 0)
(-2.78457e-07 6.51172e-23 -1.43547e-37)
(-2.78457e-07 -6.19123e-23 -4.43894e-38)
(-2.78457e-07 -1.85737e-22 -1.33168e-37)
(-2.78457e-07 0 0)
(-2.78457e-07 0 0)
(-2.78457e-07 -6.19123e-23 -4.76523e-38)
(-2.78457e-07 -6.19123e-23 -4.43894e-38)
(-2.78457e-07 -6.51172e-23 4.67615e-38)
(-2.78457e-07 0 0)
(-2.78457e-07 0 0)
(-2.78457e-07 -6.51172e-23 5.00244e-38)
(-2.78457e-07 0 0)
(-2.78457e-07 -6.19123e-23 4.43894e-38)
(-2.78457e-07 -1.27029e-22 0)
(-2.78457e-07 -1.27029e-22 0)
(-2.78457e-07 -6.8322e-23 -4.91336e-38)
(-2.78457e-07 -6.51172e-23 4.67615e-38)
(-2.78457e-07 -6.51172e-23 5.00244e-38)
(-2.78457e-07 0 0)
(-2.78457e-07 0 0)
(-2.78457e-07 -6.19123e-23 -4.76523e-38)
(-2.78457e-07 -1.27029e-22 0)
(-2.78457e-07 -1.27029e-22 0)
(-2.78457e-07 -6.51172e-23 5.00244e-38)
(-2.78457e-07 -6.19123e-23 -4.76523e-38)
(-2.78457e-07 -1.27029e-22 0)
(-2.78457e-07 -1.27029e-22 0)
(-2.78457e-07 -1.27029e-22 0)
(-2.78457e-07 -1.27029e-22 0)
(-2.78457e-07 -1.27029e-22 0)
(-2.78457e-07 -6.51172e-23 -4.67615e-38)
(-2.78457e-07 -6.19123e-23 4.43894e-38)
(-2.78457e-07 -1.27029e-22 0)
(-2.78457e-07 -6.51172e-23 -4.67615e-38)
(-2.78457e-07 -6.19123e-23 4.43894e-38)
(-2.78457e-07 -1.27029e-22 0)
(-2.78457e-07 -1.27029e-22 0)
(-2.78457e-07 -1.27029e-22 0)
(-2.78457e-07 -1.27029e-22 0)
(-2.78457e-07 -1.27029e-22 0)
(-2.78457e-07 -1.27029e-22 0)
(-2.78457e-07 -1.27029e-22 0)
(-2.78457e-07 -1.27029e-22 0)
(-2.78457e-07 -1.27029e-22 0)
(-2.78457e-07 -1.27029e-22 0)
(-2.78457e-07 -6.51172e-23 -4.67615e-38)
(-2.78457e-07 -6.19123e-23 4.43894e-38)
(-2.78457e-07 -1.27029e-22 0)
(-2.78457e-07 -1.27029e-22 0)
(-2.78457e-07 -1.27029e-22 0)
(-2.78457e-07 -1.27029e-22 0)
(-2.78457e-07 -1.27029e-22 0)
(-2.78457e-07 -1.23825e-22 0)
(-2.78457e-07 -1.27029e-22 0)
(-2.78457e-07 -1.27029e-22 0)
(-2.78455e-07 1.24327e-22 -6.57879e-39)
(-2.78455e-07 1.27545e-22 0)
(-2.78455e-07 6.53812e-23 4.72304e-38)
(-2.78455e-07 6.53812e-23 -4.72304e-38)
(-2.78455e-07 6.53812e-23 4.72304e-38)
(-2.78455e-07 -1.27545e-22 3.81474e-37)
(-2.78455e-07 -1.24327e-22 -3.71948e-37)
(-2.78455e-07 0 0)
(-2.78455e-07 6.21634e-23 4.81381e-38)
(-2.78455e-07 6.21634e-23 -4.81381e-38)
(-2.78455e-07 6.21634e-23 4.81381e-38)
(-2.78455e-07 1.24327e-22 0)
(-2.78455e-07 6.53812e-23 4.72304e-38)
(-2.78455e-07 0 0)
(-2.78455e-07 6.21634e-23 4.81381e-38)
(-2.78455e-07 6.53812e-23 -5.05198e-38)
(-2.78455e-07 6.21634e-23 4.81381e-38)
(-2.78455e-07 1.27545e-22 0)
(-2.78455e-07 1.27545e-22 0)
(-2.78455e-07 1.27545e-22 0)
(-2.78455e-07 1.30762e-22 0)
(-2.78455e-07 6.53812e-23 4.72304e-38)
(-2.78455e-07 0 0)
(-2.78455e-07 0 0)
(-2.78455e-07 0 0)
(-2.78455e-07 -1.27545e-22 -3.74896e-37)
(-2.78455e-07 -6.21634e-23 1.34546e-37)
(-2.78455e-07 6.53812e-23 4.72304e-38)
(-2.78455e-07 0 0)
(-2.78455e-07 6.21634e-23 4.81381e-38)
(-2.78455e-07 1.27545e-22 0)
(-2.78455e-07 6.53812e-23 4.72304e-38)
(-2.78455e-07 6.21634e-23 -4.48488e-38)
(-2.78455e-07 1.27545e-22 0)
(-2.78455e-07 1.27545e-22 0)
(-2.78455e-07 6.53812e-23 4.72304e-38)
(-2.78455e-07 6.21634e-23 -4.48488e-38)
(-2.78455e-07 1.27545e-22 0)
(-2.78455e-07 1.27545e-22 0)
(-2.78455e-07 1.27545e-22 0)
(-2.78455e-07 1.27545e-22 0)
(-2.78455e-07 1.27545e-22 0)
(-2.78455e-07 1.27545e-22 0)
(-2.78455e-07 1.27545e-22 0)
(-2.78455e-07 1.27545e-22 0)
(-2.78455e-07 1.27545e-22 0)
(-2.78455e-07 1.27545e-22 0)
(-2.78455e-07 1.27545e-22 0)
(-2.78455e-07 1.27545e-22 0)
(-2.78455e-07 1.27545e-22 0)
(-2.78455e-07 6.53812e-23 4.72304e-38)
(-2.78455e-07 6.21634e-23 -4.48488e-38)
(-2.78455e-07 1.27545e-22 0)
(-2.78455e-07 1.27545e-22 0)
(-2.78455e-07 6.53812e-23 4.72304e-38)
(-2.78455e-07 6.21634e-23 -4.48488e-38)
(-2.78455e-07 1.27545e-22 0)
(-2.78455e-07 1.24327e-22 0)
(-2.78455e-07 1.27545e-22 0)
(-2.78455e-07 1.27545e-22 0)
(-2.78454e-07 0 0)
(-2.78454e-07 6.56212e-23 -5.42857e-38)
(-2.78454e-07 1.24783e-22 1.877e-37)
(-2.78454e-07 1.90404e-22 -4.24525e-37)
(-2.78454e-07 1.87175e-22 4.17354e-37)
(-2.78454e-07 1.28013e-22 -1.9248e-37)
(-2.78454e-07 1.24783e-22 1.877e-37)
(-2.78454e-07 6.23916e-23 -4.19545e-38)
(-2.78454e-07 0 0)
(-2.78454e-07 6.23916e-23 -5.18953e-38)
(-2.78454e-07 6.56212e-23 5.42857e-38)
(-2.78454e-07 0 0)
(-2.78454e-07 6.23916e-23 4.19545e-38)
(-2.78454e-07 6.23916e-23 -4.19545e-38)
(-2.78454e-07 0 0)
(-2.78454e-07 0 0)
(-2.78454e-07 0 0)
(-2.78454e-07 0 0)
(-2.78454e-07 0 0)
(-2.78454e-07 0 0)
(-2.78454e-07 0 0)
(-2.78454e-07 6.23916e-23 4.19545e-38)
(-2.78454e-07 6.56212e-23 -4.43449e-38)
(-2.78454e-07 6.23916e-23 4.19545e-38)
(-2.78454e-07 6.23916e-23 -4.19545e-38)
(-2.78454e-07 1.90404e-22 4.14584e-37)
(-2.78454e-07 1.90404e-22 -4.14584e-37)
(-2.78454e-07 6.23916e-23 4.19545e-38)
(-2.78454e-07 6.56212e-23 -4.43449e-38)
(-2.78454e-07 0 0)
(-2.78454e-07 0 0)
(-2.78454e-07 6.23916e-23 4.19545e-38)
(-2.78454e-07 6.56212e-23 -4.43449e-38)
(-2.78454e-07 0 0)
(-2.78454e-07 0 0)
(-2.78454e-07 6.23916e-23 4.19545e-38)
(-2.78454e-07 6.56212e-23 -4.43449e-38)
(-2.78454e-07 0 0)
(-2.78454e-07 0 0)
(-2.78454e-07 0 0)
(-2.78454e-07 0 0)
(-2.78454e-07 0 0)
(-2.78454e-07 0 0)
(-2.78454e-07 0 0)
(-2.78454e-07 0 0)
(-2.78454e-07 0 0)
(-2.78454e-07 0 0)
(-2.78454e-07 0 0)
(-2.78454e-07 0 0)
(-2.78454e-07 0 0)
(-2.78454e-07 6.23916e-23 4.19545e-38)
(-2.78454e-07 6.56212e-23 -4.43449e-38)
(-2.78454e-07 0 0)
(-2.78454e-07 0 0)
(-2.78454e-07 6.23916e-23 4.19545e-38)
(-2.78454e-07 1.93634e-22 -4.31696e-37)
(-2.78454e-07 1.28013e-22 1.99108e-37)
(-2.78454e-07 0 0)
(-2.78454e-07 0 0)
(-2.78454e-07 0 0)
(-2.78454e-07 0 0)
(-2.78454e-07 -6.58396e-23 4.80497e-38)
(-2.78454e-07 -6.58396e-23 -4.80497e-38)
(-2.78454e-07 -1.28439e-22 1.87402e-37)
(-2.78454e-07 -1.25198e-22 -1.82605e-37)
(-2.78454e-07 -6.58396e-23 4.80497e-38)
(-2.78454e-07 -6.25992e-23 -4.56514e-38)
(-2.78454e-07 0 0)
(-2.78454e-07 0 0)
(-2.78454e-07 0 0)
(-2.78454e-07 0 0)
(-2.78454e-07 0 0)
(-2.78454e-07 0 0)
(-2.78454e-07 0 0)
(-2.78454e-07 0 0)
(-2.78454e-07 0 0)
(-2.78454e-07 0 0)
(-2.78454e-07 0 0)
(-2.78454e-07 0 0)
(-2.78454e-07 0 0)
(-2.78454e-07 0 0)
(-2.78454e-07 0 0)
(-2.78454e-07 0 0)
(-2.78454e-07 0 0)
(-2.78454e-07 0 0)
(-2.78454e-07 0 0)
(-2.78454e-07 0 0)
(-2.78454e-07 0 0)
(-2.78454e-07 0 0)
(-2.78454e-07 0 0)
(-2.78454e-07 0 0)
(-2.78454e-07 0 0)
(-2.78454e-07 0 0)
(-2.78454e-07 0 0)
(-2.78454e-07 0 0)
(-2.78454e-07 0 0)
(-2.78454e-07 0 0)
(-2.78454e-07 0 0)
(-2.78454e-07 0 0)
(-2.78454e-07 0 0)
(-2.78454e-07 0 0)
(-2.78454e-07 0 0)
(-2.78454e-07 0 0)
(-2.78454e-07 0 0)
(-2.78454e-07 0 0)
(-2.78454e-07 0 0)
(-2.78454e-07 0 0)
(-2.78454e-07 0 0)
(-2.78454e-07 0 0)
(-2.78454e-07 0 0)
(-2.78454e-07 0 0)
(-2.78454e-07 0 0)
(-2.78454e-07 0 0)
(-2.78454e-07 0 0)
(-2.78454e-07 0 0)
(-2.78454e-07 -1.28439e-22 1.87402e-37)
(-2.78454e-07 -1.28439e-22 -1.87402e-37)
(-2.78454e-07 0 0)
(-2.78454e-07 0 0)
(-2.78454e-07 0 0)
(-2.78453e-07 0 0)
(-2.78453e-07 6.60385e-23 -5.5119e-38)
(-2.78453e-07 6.60385e-23 5.5119e-38)
(-2.78453e-07 0 0)
(-2.78453e-07 0 0)
(-2.78453e-07 6.60385e-23 -5.5119e-38)
(-2.78453e-07 6.27884e-23 5.27134e-38)
(-2.78453e-07 0 0)
(-2.78453e-07 0 0)
(-2.78453e-07 0 0)
(-2.78453e-07 0 0)
(-2.78453e-07 0 0)
(-2.78453e-07 0 0)
(-2.78453e-07 1.32077e-22 -2.00341e-37)
(-2.78453e-07 1.25577e-22 1.90719e-37)
(-2.78453e-07 0 0)
(-2.78453e-07 0 0)
(-2.78453e-07 0 0)
(-2.78453e-07 1.25577e-22 -1.90719e-37)
(-2.78453e-07 1.25577e-22 1.90719e-37)
(-2.78453e-07 0 0)
(-2.78453e-07 0 0)
(-2.78453e-07 0 0)
(-2.78453e-07 0 0)
(-2.78453e-07 1.25577e-22 -1.90719e-37)
(-2.78453e-07 1.25577e-22 1.90719e-37)
(-2.78453e-07 0 0)
(-2.78453e-07 0 0)
(-2.78453e-07 0 0)
(-2.78453e-07 0 0)
(-2.78453e-07 0 0)
(-2.78453e-07 0 0)
(-2.78453e-07 0 0)
(-2.78453e-07 0 0)
(-2.78453e-07 0 0)
(-2.78453e-07 0 0)
(-2.78453e-07 0 0)
(-2.78453e-07 0 0)
(-2.78453e-07 0 0)
(-2.78453e-07 1.28827e-22 -1.9553e-37)
(-2.78453e-07 2.54404e-22 0)
(-2.78453e-07 1.28827e-22 1.9553e-37)
(-2.78453e-07 0 0)
(-2.78453e-07 0 0)
(-2.78453e-07 0 0)
(-2.78453e-07 0 0)
(-2.78453e-07 0 0)
(-2.78453e-07 0 0)
(-2.78453e-07 0 0)
(-2.78453e-07 0 0)
(-2.78453e-07 0 0)
(-2.78453e-07 0 0)
(-2.78453e-07 0 0)
(-2.78453e-07 0 0)
(-2.78453e-07 0 0)
(-2.78453e-07 0 0)
(-2.78453e-07 0 0)
(-2.78453e-07 0 0)
(-2.78453e-07 0 0)
(-2.78453e-07 0 0)
(-2.78452e-07 2.55102e-22 0)
(-2.78452e-07 6.29608e-23 4.96966e-38)
(-2.78452e-07 6.29608e-23 -4.96966e-38)
(-2.78452e-07 3.21322e-22 -2.19565e-37)
(-2.78452e-07 3.18063e-22 2.17153e-37)
(-2.78452e-07 1.29181e-22 6.74856e-39)
(-2.78452e-07 0 0)
(-2.78452e-07 1.25922e-22 -1.85289e-37)
(-2.78452e-07 2.58361e-22 0)
(-2.78452e-07 1.29181e-22 6.74856e-39)
(-2.78452e-07 1.25922e-22 -6.74856e-39)
(-2.78452e-07 2.58361e-22 0)
(-2.78452e-07 1.25922e-22 1.85289e-37)
(-2.78452e-07 0 0)
(-2.78452e-07 1.29181e-22 1.83365e-37)
(-2.78452e-07 2.55102e-22 0)
(-2.78452e-07 2.55102e-22 0)
(-2.78452e-07 2.55102e-22 0)
(-2.78452e-07 1.29181e-22 -1.83365e-37)
(-2.78452e-07 0 0)
(-2.78452e-07 1.25922e-22 -1.85289e-37)
(-2.78452e-07 1.25922e-22 1.85289e-37)
(-2.78452e-07 1.29181e-22 -1.90114e-37)
(-2.78452e-07 2.55102e-22 0)
(-2.78452e-07 1.29181e-22 -1.83365e-37)
(-2.78452e-07 1.29181e-22 1.83365e-37)
(-2.78452e-07 2.55102e-22 0)
(-2.78452e-07 2.55102e-22 0)
(-2.78452e-07 1.29181e-22 1.90114e-37)
(-2.78452e-07 1.29181e-22 -1.90114e-37)
(-2.78452e-07 2.55102e-22 0)
(-2.78452e-07 2.55102e-22 0)
(-2.78452e-07 2.55102e-22 0)
(-2.78452e-07 2.55102e-22 0)
(-2.78452e-07 2.55102e-22 0)
(-2.78452e-07 2.55102e-22 0)
(-2.78452e-07 2.55102e-22 0)
(-2.78452e-07 2.55102e-22 0)
(-2.78452e-07 2.55102e-22 0)
(-2.78452e-07 1.25922e-22 -1.78541e-37)
(-2.78452e-07 0 0)
(-2.78452e-07 1.25922e-22 1.78541e-37)
(-2.78452e-07 2.55102e-22 0)
(-2.78452e-07 2.55102e-22 0)
(-2.78452e-07 2.55102e-22 0)
(-2.78452e-07 1.29181e-22 1.90114e-37)
(-2.78452e-07 0 0)
(-2.78452e-07 1.29181e-22 -1.90114e-37)
(-2.78452e-07 2.55102e-22 0)
(-2.78452e-07 2.55102e-22 0)
(-2.78452e-07 2.55102e-22 0)
(-2.78452e-07 2.55102e-22 0)
(-2.78452e-07 2.55102e-22 0)
(-2.78452e-07 3.18063e-22 -2.17153e-37)
(-2.78452e-07 3.18063e-22 2.17153e-37)
(-2.78452e-07 2.55102e-22 0)
(-2.78452e-07 2.55102e-22 0)
(-2.78452e-07 2.55102e-22 0)
(-2.78452e-07 2.55102e-22 0)
(-2.78452e-07 2.55102e-22 0)
(-2.78451e-07 -2.55739e-22 0)
(-2.78451e-07 -1.29503e-22 -1.91299e-37)
(-2.78451e-07 -1.29503e-22 1.91299e-37)
(-2.78451e-07 -1.92621e-22 4.36969e-37)
(-2.78451e-07 -1.92621e-22 -4.36969e-37)
(-2.78451e-07 -1.95889e-22 -1.3451e-37)
(-2.78451e-07 -6.31181e-23 -5.00068e-38)
(-2.78451e-07 -1.26236e-22 1.86463e-37)
(-2.78451e-07 -2.59007e-22 0)
(-2.78451e-07 -1.29503e-22 6.78229e-39)
(-2.78451e-07 -1.26236e-22 -6.78229e-39)
(-2.78451e-07 -1.26236e-22 1.86463e-37)
(-2.78451e-07 0 0)
(-2.78451e-07 -1.3277e-22 1.96135e-37)
(-2.78451e-07 -2.55739e-22 0)
(-2.78451e-07 -2.55739e-22 0)
(-2.78451e-07 -2.55739e-22 0)
(-2.78451e-07 -2.55739e-22 0)
(-2.78451e-07 -2.55739e-22 0)
(-2.78451e-07 -1.26236e-22 -1.86463e-37)
(-2.78451e-07 -1.26236e-22 1.86463e-37)
(-2.78451e-07 -1.26236e-22 -1.86463e-37)
(-2.78451e-07 -1.29503e-22 1.91299e-37)
(-2.78451e-07 -2.55739e-22 0)
(-2.78451e-07 -2.55739e-22 0)
(-2.78451e-07 -2.55739e-22 0)
(-2.78451e-07 -2.55739e-22 0)
(-2.78451e-07 -2.55739e-22 0)
(-2.78451e-07 -1.29503e-22 -1.91299e-37)
(-2.78451e-07 -1.29503e-22 1.91299e-37)
(-2.78451e-07 -2.55739e-22 0)
(-2.78451e-07 -2.55739e-22 0)
(-2.78451e-07 -2.55739e-22 0)
(-2.78451e-07 -2.55739e-22 0)
(-2.78451e-07 -2.55739e-22 0)
(-2.78451e-07 -2.55739e-22 0)
(-2.78451e-07 -2.55739e-22 0)
(-2.78451e-07 -2.55739e-22 0)
(-2.78451e-07 -2.55739e-22 0)
(-2.78451e-07 -2.55739e-22 0)
(-2.78451e-07 -2.55739e-22 0)
(-2.78451e-07 -2.55739e-22 0)
(-2.78451e-07 -2.55739e-22 0)
(-2.78451e-07 -2.55739e-22 0)
(-2.78451e-07 -2.55739e-22 0)
(-2.78451e-07 -1.29503e-22 -1.91299e-37)
(-2.78451e-07 0 0)
(-2.78451e-07 -1.29503e-22 1.91299e-37)
(-2.78451e-07 -2.55739e-22 0)
(-2.78451e-07 -2.55739e-22 0)
(-2.78451e-07 -2.55739e-22 0)
(-2.78451e-07 -2.55739e-22 0)
(-2.78451e-07 -2.55739e-22 0)
(-2.78451e-07 -3.18857e-22 2.35496e-37)
(-2.78451e-07 -3.18857e-22 -2.35496e-37)
(-2.78451e-07 -2.55739e-22 0)
(-2.78451e-07 -2.55739e-22 0)
(-2.78451e-07 -2.55739e-22 0)
(-2.78451e-07 -2.55739e-22 0)
(-2.78451e-07 -2.55739e-22 1.35646e-38)
(-2.78451e-07 0 0)
(-2.78451e-07 6.65361e-23 -4.93076e-38)
(-2.78451e-07 1.96334e-22 -1.45499e-37)
(-2.78451e-07 -3.27457e-24 0)
(-2.78451e-07 -1.26523e-22 -1.87536e-37)
(-2.78451e-07 6.65361e-23 -4.93076e-38)
(-2.78451e-07 6.32615e-23 4.68839e-38)
(-2.78451e-07 0 0)
(-2.78451e-07 0 0)
(-2.78451e-07 0 0)
(-2.78451e-07 0 0)
(-2.78451e-07 -1.33072e-22 1.9723e-37)
(-2.78451e-07 -1.26523e-22 -1.87536e-37)
(-2.78451e-07 0 0)
(-2.78451e-07 0 0)
(-2.78451e-07 1.26523e-22 -1.87536e-37)
(-2.78451e-07 1.26523e-22 1.87536e-37)
(-2.78451e-07 0 0)
(-2.78451e-07 1.26523e-22 -1.87536e-37)
(-2.78451e-07 2.56321e-22 0)
(-2.78451e-07 1.26523e-22 1.87536e-37)
(-2.78451e-07 0 0)
(-2.78451e-07 1.29798e-22 -1.92383e-37)
(-2.78451e-07 1.26523e-22 1.87536e-37)
(-2.78451e-07 0 0)
(-2.78451e-07 0 0)
(-2.78451e-07 0 0)
(-2.78451e-07 0 0)
(-2.78451e-07 0 0)
(-2.78451e-07 0 0)
(-2.78451e-07 0 0)
(-2.78451e-07 0 0)
(-2.78451e-07 0 0)
(-2.78451e-07 0 0)
(-2.78451e-07 0 0)
(-2.78451e-07 0 0)
(-2.78451e-07 0 0)
(-2.78451e-07 0 0)
(-2.78451e-07 0 0)
(-2.78451e-07 0 0)
(-2.78451e-07 0 0)
(-2.78451e-07 0 0)
(-2.78451e-07 0 0)
(-2.78451e-07 0 0)
(-2.78451e-07 0 0)
(-2.78451e-07 0 0)
(-2.78451e-07 0 0)
(-2.78451e-07 0 0)
(-2.78451e-07 0 0)
(-2.78451e-07 0 0)
(-2.78451e-07 0 0)
(-2.78451e-07 0 0)
(-2.78451e-07 0 0)
(-2.78451e-07 0 0)
(-2.78451e-07 0 0)
(-2.78451e-07 0 0)
(-2.78451e-07 0 0)
(-2.78451e-07 0 0)
(-2.78451e-07 0 0)
(-2.78451e-07 0 0)
(-2.7845e-07 0 0)
(-2.7845e-07 -6.66736e-23 5.29786e-38)
(-2.7845e-07 -2.56851e-22 -1.36827e-38)
(-2.7845e-07 -1.90177e-22 -1.41388e-37)
(-2.7845e-07 0 0)
(-2.7845e-07 -6.66736e-23 5.29786e-38)
(-2.7845e-07 -6.33923e-23 -5.05499e-38)
(-2.7845e-07 0 0)
(-2.7845e-07 0 0)
(-2.7845e-07 -6.33923e-23 5.05499e-38)
(-2.7845e-07 -6.66736e-23 -5.29786e-38)
(-2.7845e-07 0 0)
(-2.7845e-07 0 0)
(-2.7845e-07 0 0)
(-2.7845e-07 0 0)
(-2.7845e-07 -1.26785e-22 1.88517e-37)
(-2.7845e-07 -1.26785e-22 -1.88517e-37)
(-2.7845e-07 0 0)
(-2.7845e-07 -1.26785e-22 1.88517e-37)
(-2.7845e-07 -2.56851e-22 0)
(-2.7845e-07 -1.26785e-22 -1.88517e-37)
(-2.7845e-07 0 0)
(-2.7845e-07 -1.30066e-22 1.93374e-37)
(-2.7845e-07 -1.26785e-22 -1.88517e-37)
(-2.7845e-07 0 0)
(-2.7845e-07 0 0)
(-2.7845e-07 0 0)
(-2.7845e-07 0 0)
(-2.7845e-07 0 0)
(-2.7845e-07 0 0)
(-2.7845e-07 0 0)
(-2.7845e-07 0 0)
(-2.7845e-07 -6.33923e-23 -4.37086e-38)
(-2.7845e-07 -6.66736e-23 4.61373e-38)
(-2.7845e-07 0 0)
(-2.7845e-07 0 0)
(-2.7845e-07 0 0)
(-2.7845e-07 0 0)
(-2.7845e-07 0 0)
(-2.7845e-07 0 0)
(-2.7845e-07 0 0)
(-2.7845e-07 0 0)
(-2.7845e-07 0 0)
(-2.7845e-07 0 0)
(-2.7845e-07 0 0)
(-2.7845e-07 0 0)
(-2.7845e-07 0 0)
(-2.7845e-07 0 0)
(-2.7845e-07 0 0)
(-2.7845e-07 0 0)
(-2.7845e-07 0 0)
(-2.7845e-07 0 0)
(-2.7845e-07 0 0)
(-2.7845e-07 0 0)
(-2.7845e-07 0 0)
(-2.7845e-07 0 0)
(-2.7845e-07 0 0)
(-2.7845e-07 0 0)
(-2.7845e-07 0 0)
(-2.7845e-07 0 0)
(-2.7845e-07 0 0)
(-2.7845e-07 0 0)
(-2.7845e-07 6.0224e-23 4.14866e-38)
(-2.7845e-07 6.35115e-23 -4.39198e-38)
(-2.7845e-07 0 0)
(-2.7845e-07 0 0)
(-2.7845e-07 0 0)
(-2.7845e-07 0 0)
(-2.7845e-07 0 0)
(-2.7845e-07 0 0)
(-2.7845e-07 0 0)
(-2.7845e-07 0 0)
(-2.7845e-07 0 0)
(-2.7845e-07 0 0)
(-2.7845e-07 0 0)
(-2.7845e-07 0 0)
(-2.7845e-07 0 0)
(-2.7845e-07 1.30311e-22 -1.9428e-37)
(-2.7845e-07 6.35115e-23 1.38626e-37)
(-2.7845e-07 -6.35115e-23 4.39198e-38)
(-2.7845e-07 0 0)
(-2.7845e-07 0 0)
(-2.7845e-07 0 0)
(-2.7845e-07 0 0)
(-2.7845e-07 0 0)
(-2.7845e-07 0 0)
(-2.7845e-07 0 0)
(-2.7845e-07 0 0)
(-2.7845e-07 0 0)
(-2.7845e-07 0 0)
(-2.7845e-07 0 0)
(-2.7845e-07 0 0)
(-2.7845e-07 6.35115e-23 4.39198e-38)
(-2.7845e-07 6.6799e-23 -4.6353e-38)
(-2.7845e-07 -6.35115e-23 -4.39198e-38)
(-2.7845e-07 -6.6799e-23 4.6353e-38)
(-2.7845e-07 0 0)
(-2.7845e-07 -6.35115e-23 -4.39198e-38)
(-2.7845e-07 -6.6799e-23 4.6353e-38)
(-2.7845e-07 0 0)
(-2.7845e-07 -6.35115e-23 -4.39198e-38)
(-2.7845e-07 -6.6799e-23 4.6353e-38)
(-2.7845e-07 0 0)
(-2.7845e-07 -6.35115e-23 -4.39198e-38)
(-2.7845e-07 -6.6799e-23 4.6353e-38)
(-2.7845e-07 0 0)
(-2.7845e-07 0 0)
(-2.7845e-07 0 0)
(-2.7845e-07 0 0)
(-2.7845e-07 0 0)
(-2.7845e-07 -6.35115e-23 -4.39198e-38)
(-2.7845e-07 -6.6799e-23 4.6353e-38)
(-2.7845e-07 0 0)
(-2.7845e-07 0 0)
(-2.7845e-07 0 0)
(-2.7845e-07 0 0)
(-2.7845e-07 0 0)
(-2.7845e-07 -6.35115e-23 -4.39198e-38)
(-2.7845e-07 -6.6799e-23 4.6353e-38)
(-2.7845e-07 0 0)
(-2.78449e-07 0 0)
(-2.78449e-07 0 0)
(-2.78449e-07 0 0)
(-2.78449e-07 0 0)
(-2.78449e-07 0 0)
(-2.78449e-07 0 0)
(-2.78449e-07 0 0)
(-2.78449e-07 0 0)
(-2.78449e-07 0 0)
(-2.78449e-07 0 0)
(-2.78449e-07 0 0)
(-2.78449e-07 0 0)
(-2.78449e-07 0 0)
(-2.78449e-07 0 0)
(-2.78449e-07 0 0)
(-2.78449e-07 0 0)
(-2.78449e-07 0 0)
(-2.78449e-07 -1.30533e-22 1.88215e-37)
(-2.78449e-07 -6.362e-23 -1.39228e-37)
(-2.78449e-07 6.362e-23 -4.75578e-38)
(-2.78449e-07 0 0)
(-2.78449e-07 0 0)
(-2.78449e-07 0 0)
(-2.78449e-07 0 0)
(-2.78449e-07 0 0)
(-2.78449e-07 0 0)
(-2.78449e-07 0 0)
(-2.78449e-07 0 0)
(-2.78449e-07 0 0)
(-2.78449e-07 0 0)
(-2.78449e-07 0 0)
(-2.78449e-07 0 0)
(-2.78449e-07 0 0)
(-2.78449e-07 0 0)
(-2.78449e-07 6.362e-23 4.75578e-38)
(-2.78449e-07 6.69131e-23 -4.99952e-38)
(-2.78449e-07 0 0)
(-2.78449e-07 6.362e-23 4.75578e-38)
(-2.78449e-07 6.69131e-23 -4.99952e-38)
(-2.78449e-07 0 0)
(-2.78449e-07 6.362e-23 4.75578e-38)
(-2.78449e-07 6.69131e-23 -4.99952e-38)
(-2.78449e-07 0 0)
(-2.78449e-07 6.362e-23 4.75578e-38)
(-2.78449e-07 6.69131e-23 -4.99952e-38)
(-2.78449e-07 0 0)
(-2.78449e-07 0 0)
(-2.78449e-07 0 0)
(-2.78449e-07 0 0)
(-2.78449e-07 0 0)
(-2.78449e-07 6.362e-23 4.75578e-38)
(-2.78449e-07 6.69131e-23 -4.99952e-38)
(-2.78449e-07 0 0)
(-2.78449e-07 0 0)
(-2.78449e-07 0 0)
(-2.78449e-07 0 0)
(-2.78449e-07 0 0)
(-2.78449e-07 6.362e-23 4.75578e-38)
(-2.78449e-07 6.69131e-23 -4.99952e-38)
(-2.78449e-07 0 0)
(-2.78449e-07 0 0)
(-2.78449e-07 6.70169e-23 -5.01851e-38)
(-2.78449e-07 1.97752e-22 -1.48114e-37)
(-2.78449e-07 1.27437e-22 1.90976e-37)
(-2.78449e-07 0 0)
(-2.78449e-07 0 0)
(-2.78449e-07 0 0)
(-2.78449e-07 0 0)
(-2.78449e-07 0 0)
(-2.78449e-07 6.37187e-23 -4.7744e-38)
(-2.78449e-07 6.70169e-23 5.01851e-38)
(-2.78449e-07 0 0)
(-2.78449e-07 0 0)
(-2.78449e-07 0 0)
(-2.78449e-07 0 0)
(-2.78449e-07 0 0)
(-2.78449e-07 0 0)
(-2.78449e-07 0 0)
(-2.78449e-07 1.27437e-22 -1.90976e-37)
(-2.78449e-07 1.27437e-22 1.90976e-37)
(-2.78449e-07 0 0)
(-2.78449e-07 0 0)
(-2.78449e-07 0 0)
(-2.78449e-07 0 0)
(-2.78449e-07 1.27437e-22 -1.90976e-37)
(-2.78449e-07 1.27437e-22 1.90976e-37)
(-2.78449e-07 1.27437e-22 -1.90976e-37)
(-2.78449e-07 1.27437e-22 1.90976e-37)
(-2.78449e-07 0 0)
(-2.78449e-07 0 0)
(-2.78449e-07 0 0)
(-2.78449e-07 0 0)
(-2.78449e-07 0 0)
(-2.78449e-07 0 0)
(-2.78449e-07 0 0)
(-2.78449e-07 0 0)
(-2.78449e-07 0 0)
(-2.78449e-07 0 0)
(-2.78449e-07 0 0)
(-2.78449e-07 0 0)
(-2.78449e-07 0 0)
(-2.78449e-07 0 0)
(-2.78449e-07 0 0)
(-2.78449e-07 0 0)
(-2.78449e-07 1.30736e-22 -1.95858e-37)
(-2.78449e-07 1.91156e-22 1.43232e-37)
(-2.78449e-07 6.37187e-23 4.7744e-38)
(-2.78449e-07 0 0)
(-2.78449e-07 0 0)
(-2.78449e-07 0 0)
(-2.78449e-07 0 0)
(-2.78449e-07 0 0)
(-2.78449e-07 0 0)
(-2.78449e-07 0 0)
(-2.78449e-07 0 0)
(-2.78449e-07 0 0)
(-2.78449e-07 0 0)
(-2.78449e-07 0 0)
(-2.78449e-07 0 0)
(-2.78449e-07 0 0)
(-2.78448e-07 0 0)
(-2.78448e-07 0 0)
(-2.78448e-07 -1.30919e-22 -6.93133e-39)
(-2.78448e-07 -1.27616e-22 -1.91652e-37)
(-2.78448e-07 0 0)
(-2.78448e-07 6.71109e-23 -5.7289e-38)
(-2.78448e-07 6.38081e-23 5.48444e-38)
(-2.78448e-07 0 0)
(-2.78448e-07 0 0)
(-2.78448e-07 -6.38081e-23 4.79131e-38)
(-2.78448e-07 -6.71109e-23 -5.03577e-38)
(-2.78448e-07 1.34222e-22 -2.08362e-37)
(-2.78448e-07 1.27616e-22 1.98584e-37)
(-2.78448e-07 1.34222e-22 -2.08362e-37)
(-2.78448e-07 1.27616e-22 1.98584e-37)
(-2.78448e-07 0 0)
(-2.78448e-07 0 0)
(-2.78448e-07 0 0)
(-2.78448e-07 0 0)
(-2.78448e-07 0 0)
(-2.78448e-07 0 0)
(-2.78448e-07 0 0)
(-2.78448e-07 0 0)
(-2.78448e-07 0 0)
(-2.78448e-07 -1.27616e-22 1.91652e-37)
(-2.78448e-07 -1.27616e-22 -1.91652e-37)
(-2.78448e-07 -1.27616e-22 1.91652e-37)
(-2.78448e-07 -1.27616e-22 -1.91652e-37)
(-2.78448e-07 0 0)
(-2.78448e-07 0 0)
(-2.78448e-07 0 0)
(-2.78448e-07 0 0)
(-2.78448e-07 0 0)
(-2.78448e-07 0 0)
(-2.78448e-07 0 0)
(-2.78448e-07 1.30919e-22 -2.03473e-37)
(-2.78448e-07 1.30919e-22 2.03473e-37)
(-2.78448e-07 0 0)
(-2.78448e-07 0 0)
(-2.78448e-07 0 0)
(-2.78448e-07 0 0)
(-2.78448e-07 0 0)
(-2.78448e-07 1.30919e-22 -2.03473e-37)
(-2.78448e-07 1.30919e-22 2.03473e-37)
(-2.78448e-07 -1.30919e-22 1.96542e-37)
(-2.78448e-07 -1.91424e-22 -1.43739e-37)
(-2.78448e-07 -6.38081e-23 -4.79131e-38)
(-2.78448e-07 0 0)
(-2.78448e-07 1.30919e-22 -2.03473e-37)
(-2.78448e-07 1.27616e-22 1.98584e-37)
(-2.78448e-07 0 0)
(-2.78448e-07 0 0)
(-2.78448e-07 0 0)
(-2.78448e-07 0 0)
(-2.78448e-07 0 0)
(-2.78448e-07 0 0)
(-2.78448e-07 0 0)
(-2.78448e-07 0 0)
(-2.78448e-07 0 0)
(-2.78448e-07 0 0)
(-2.78448e-07 -6.0582e-23 -4.56186e-38)
(-2.78448e-07 -1.31085e-22 1.90212e-37)
(-2.78448e-07 -1.27778e-22 -1.85316e-37)
(-2.78448e-07 -6.3889e-23 4.80663e-38)
(-2.78448e-07 0 0)
(-2.78448e-07 0 0)
(-2.78448e-07 0 0)
(-2.78448e-07 0 0)
(-2.78448e-07 -6.3889e-23 -4.80663e-38)
(-2.78448e-07 -6.3889e-23 4.80663e-38)
(-2.78448e-07 0 0)
(-2.78448e-07 -1.34392e-22 1.95107e-37)
(-2.78448e-07 -1.27778e-22 -1.85316e-37)
(-2.78448e-07 -1.98281e-22 1.38671e-37)
(-2.78448e-07 -1.91667e-22 -1.33776e-37)
(-2.78448e-07 0 0)
(-2.78448e-07 -6.3889e-23 -4.80663e-38)
(-2.78448e-07 -1.31085e-22 0)
(-2.78448e-07 -1.91667e-22 4.22173e-37)
(-2.78448e-07 -1.91667e-22 -4.22173e-37)
(-2.78448e-07 -6.7196e-23 5.0514e-38)
(-2.78448e-07 0 0)
(-2.78448e-07 0 0)
(-2.78448e-07 -6.3889e-23 -4.80663e-38)
(-2.78448e-07 -6.3889e-23 4.80663e-38)
(-2.78448e-07 -6.3889e-23 -4.80663e-38)
(-2.78448e-07 -6.3889e-23 4.80663e-38)
(-2.78448e-07 0 0)
(-2.78448e-07 0 0)
(-2.78448e-07 0 0)
(-2.78448e-07 0 0)
(-2.78448e-07 0 0)
(-2.78448e-07 0 0)
(-2.78448e-07 0 0)
(-2.78448e-07 0 0)
(-2.78448e-07 -1.31085e-22 1.90212e-37)
(-2.78448e-07 -1.31085e-22 -1.90212e-37)
(-2.78448e-07 0 0)
(-2.78448e-07 0 0)
(-2.78448e-07 -6.3889e-23 -4.80663e-38)
(-2.78448e-07 -6.7196e-23 5.0514e-38)
(-2.78448e-07 0 0)
(-2.78448e-07 -1.94974e-22 1.36223e-37)
(-2.78448e-07 -1.98281e-22 -1.38671e-37)
(-2.78448e-07 0 0)
(-2.78448e-07 -6.3889e-23 -4.80663e-38)
(-2.78448e-07 -1.31085e-22 0)
(-2.78448e-07 -6.7196e-23 5.0514e-38)
(-2.78448e-07 -1.31085e-22 1.90212e-37)
(-2.78448e-07 -1.27778e-22 -1.85316e-37)
(-2.78448e-07 0 0)
(-2.78448e-07 0 0)
(-2.78448e-07 0 0)
(-2.78448e-07 0 0)
(-2.78448e-07 0 0)
(-2.78448e-07 0 0)
(-2.78448e-07 0 0)
(-2.78448e-07 0 0)
(-2.78448e-07 0 0)
(-2.78448e-07 0 0)
(-2.78448e-07 0 0)
(-2.78448e-07 0 0)
(-2.78448e-07 6.06511e-23 4.22717e-38)
(-2.78448e-07 1.95196e-22 -4.20298e-37)
(-2.78448e-07 6.39619e-23 1.37649e-37)
(-2.78448e-07 -1.17253e-31 3.50248e-46)
(-2.78448e-07 -1.17253e-31 -3.50248e-46)
(-2.78448e-07 -6.39619e-23 4.47221e-38)
(-2.78448e-07 6.39619e-23 4.47221e-38)
(-2.78448e-07 6.39619e-23 -4.47221e-38)
(-2.78448e-07 0 0)
(-2.78448e-07 0 0)
(-2.78448e-07 0 0)
(-2.78448e-07 6.39619e-23 4.47221e-38)
(-2.78448e-07 6.39619e-23 -4.47221e-38)
(-2.78448e-07 0 0)
(-2.78448e-07 6.39619e-23 4.47221e-38)
(-2.78448e-07 1.31234e-22 0)
(-2.78448e-07 1.91886e-22 -4.12946e-37)
(-2.78448e-07 1.27924e-22 3.71707e-37)
(-2.78448e-07 -6.72726e-23 5.0655e-38)
(-2.78448e-07 -1.31234e-22 0)
(-2.78448e-07 -6.72726e-23 4.71726e-38)
(-2.78448e-07 6.39619e-23 4.47221e-38)
(-2.78448e-07 6.39619e-23 -4.47221e-38)
(-2.78448e-07 6.39619e-23 4.47221e-38)
(-2.78448e-07 6.39619e-23 -4.47221e-38)
(-2.78448e-07 0 0)
(-2.78448e-07 0 0)
(-2.78448e-07 0 0)
(-2.78448e-07 -6.39619e-23 -4.47221e-38)
(-2.78448e-07 -6.72726e-23 4.71726e-38)
(-2.78448e-07 -6.39619e-23 -4.47221e-38)
(-2.78448e-07 -6.72726e-23 4.71726e-38)
(-2.78448e-07 -6.39619e-23 -4.47221e-38)
(-2.78448e-07 -6.72726e-23 4.71726e-38)
(-2.78448e-07 0 0)
(-2.78448e-07 0 0)
(-2.78448e-07 -6.39619e-23 -4.47221e-38)
(-2.78448e-07 -6.72726e-23 -5.0655e-38)
(-2.78448e-07 0 0)
(-2.78448e-07 0 0)
(-2.78448e-07 6.39619e-23 4.47221e-38)
(-2.78448e-07 6.72726e-23 -4.71726e-38)
(-2.78448e-07 0 0)
(-2.78448e-07 6.39619e-23 4.47221e-38)
(-2.78448e-07 1.31234e-22 0)
(-2.78448e-07 6.72726e-23 -4.71726e-38)
(-2.78448e-07 0 0)
(-2.78448e-07 -6.39619e-23 -4.47221e-38)
(-2.78448e-07 -6.72726e-23 4.71726e-38)
(-2.78448e-07 0 0)
(-2.78448e-07 0 0)
(-2.78448e-07 -6.39619e-23 -4.47221e-38)
(-2.78448e-07 -6.72726e-23 4.71726e-38)
(-2.78448e-07 0 0)
(-2.78448e-07 0 0)
(-2.78448e-07 0 0)
(-2.78448e-07 0 0)
(-2.78448e-07 0 0)
(-2.78447e-07 -3.31413e-24 0)
(-2.78447e-07 3.31413e-24 0)
(-2.78447e-07 -1.28054e-22 0)
(-2.78447e-07 -2.62737e-22 3.9644e-37)
(-2.78447e-07 0 0)
(-2.78447e-07 0 0)
(-2.78447e-07 -1.95396e-22 -4.31847e-37)
(-2.78447e-07 0 0)
(-2.78447e-07 -6.40272e-23 -4.83286e-38)
(-2.78447e-07 -6.40272e-23 4.83286e-38)
(-2.78447e-07 -6.40272e-23 -4.83286e-38)
(-2.78447e-07 -6.40272e-23 4.83286e-38)
(-2.78447e-07 -6.40272e-23 -4.83286e-38)
(-2.78447e-07 -6.40272e-23 4.83286e-38)
(-2.78447e-07 -6.40272e-23 -4.83286e-38)
(-2.78447e-07 -1.34683e-22 0)
(-2.78447e-07 -6.40272e-23 4.83286e-38)
(-2.78447e-07 -6.40272e-23 -4.83286e-38)
(-2.78447e-07 -1.92082e-22 4.34957e-37)
(-2.78447e-07 -6.40272e-23 -1.41496e-37)
(-2.78447e-07 1.34683e-22 0)
(-2.78447e-07 6.73413e-23 5.07815e-38)
(-2.78447e-07 0 0)
(-2.78447e-07 -6.40272e-23 -4.83286e-38)
(-2.78447e-07 -6.40272e-23 4.83286e-38)
(-2.78447e-07 -6.40272e-23 -4.83286e-38)
(-2.78447e-07 -1.31369e-22 0)
(-2.78447e-07 -1.31369e-22 0)
(-2.78447e-07 6.40272e-23 -1.44986e-37)
(-2.78447e-07 6.40272e-23 1.44986e-37)
(-2.78447e-07 -6.73413e-23 -4.7292e-38)
(-2.78447e-07 -6.40272e-23 4.48391e-38)
(-2.78447e-07 -6.73413e-23 -4.7292e-38)
(-2.78447e-07 -6.40272e-23 4.48391e-38)
(-2.78447e-07 -6.73413e-23 -4.7292e-38)
(-2.78447e-07 -6.40272e-23 4.48391e-38)
(-2.78447e-07 -1.31369e-22 0)
(-2.78447e-07 6.40272e-23 -1.44986e-37)
(-2.78447e-07 1.95396e-22 4.31847e-37)
(-2.78447e-07 1.31369e-22 0)
(-2.78447e-07 6.73413e-23 -4.7292e-38)
(-2.78447e-07 0 0)
(-2.78447e-07 0 0)
(-2.78447e-07 0 0)
(-2.78447e-07 -6.40272e-23 -4.83286e-38)
(-2.78447e-07 -1.31369e-22 0)
(-2.78447e-07 -1.31369e-22 0)
(-2.78447e-07 -1.31369e-22 0)
(-2.78447e-07 -1.31369e-22 0)
(-2.78447e-07 -6.73413e-23 -4.7292e-38)
(-2.78447e-07 -6.40272e-23 4.48391e-38)
(-2.78447e-07 -1.31369e-22 0)
(-2.78447e-07 -1.31369e-22 0)
(-2.78447e-07 -3.31413e-24 0)
(-2.78447e-07 6.73413e-23 -4.7292e-38)
(-2.78447e-07 -6.40272e-23 -4.83286e-38)
(-2.78447e-07 -1.31369e-22 0)
(-2.78447e-07 -1.28054e-22 0)
(-2.78447e-07 -1.31369e-22 0)
(-2.78447e-07 -1.31369e-22 6.97897e-39)
(-2.78447e-07 6.40854e-23 -4.84392e-38)
(-2.78447e-07 6.07682e-23 4.5984e-38)
(-2.78447e-07 1.28171e-22 0)
(-2.78447e-07 1.31488e-22 0)
(-2.78447e-07 -6.40854e-23 1.45318e-37)
(-2.78447e-07 -6.74025e-23 -1.52683e-37)
(-2.78447e-07 1.31488e-22 0)
(-2.78447e-07 6.40854e-23 -4.84392e-38)
(-2.78447e-07 6.40854e-23 4.84392e-38)
(-2.78447e-07 6.40854e-23 -4.84392e-38)
(-2.78447e-07 6.40854e-23 4.84392e-38)
(-2.78447e-07 6.40854e-23 -4.84392e-38)
(-2.78447e-07 6.40854e-23 4.84392e-38)
(-2.78447e-07 6.40854e-23 -4.84392e-38)
(-2.78447e-07 6.40854e-23 4.84392e-38)
(-2.78447e-07 1.34805e-22 0)
(-2.78447e-07 6.40854e-23 -4.84392e-38)
(-2.78447e-07 6.40854e-23 4.84392e-38)
(-2.78447e-07 0 0)
(-2.78447e-07 -6.40854e-23 5.1935e-38)
(-2.78447e-07 0 0)
(-2.78447e-07 6.40854e-23 4.84392e-38)
(-2.78447e-07 6.74025e-23 -5.08944e-38)
(-2.78447e-07 6.40854e-23 4.84392e-38)
(-2.78447e-07 0 0)
(-2.78447e-07 -1.9889e-22 -4.40196e-37)
(-2.78447e-07 -6.40854e-23 1.45318e-37)
(-2.78447e-07 6.74025e-23 4.73985e-38)
(-2.78447e-07 -1.95573e-22 4.32831e-37)
(-2.78447e-07 -1.31488e-22 -1.98667e-37)
(-2.78447e-07 6.74025e-23 4.73985e-38)
(-2.78447e-07 0 0)
(-2.78447e-07 0 0)
(-2.78447e-07 -1.28171e-22 -2.00748e-37)
(-2.78447e-07 -6.74025e-23 1.52683e-37)
(-2.78447e-07 1.31488e-22 0)
(-2.78447e-07 1.31488e-22 0)
(-2.78447e-07 -6.40854e-23 1.45318e-37)
(-2.78447e-07 -1.95573e-22 -4.53806e-37)
(-2.78447e-07 -6.74025e-23 5.43902e-38)
(-2.78447e-07 -6.40854e-23 -5.1935e-38)
(-2.78447e-07 -6.74025e-23 5.43902e-38)
(-2.78447e-07 0 0)
(-2.78447e-07 -6.40854e-23 -5.1935e-38)
(-2.78447e-07 -3.31713e-24 0)
(-2.78447e-07 1.31488e-22 0)
(-2.78447e-07 6.74025e-23 4.73985e-38)
(-2.78447e-07 6.40854e-23 -4.49434e-38)
(-2.78447e-07 6.74025e-23 4.73985e-38)
(-2.78447e-07 6.40854e-23 -4.49434e-38)
(-2.78447e-07 1.31488e-22 0)
(-2.78447e-07 1.31488e-22 0)
(-2.78447e-07 1.31488e-22 0)
(-2.78447e-07 6.74025e-23 -5.08944e-38)
(-2.78447e-07 0 0)
(-2.78447e-07 6.40854e-23 4.84392e-38)
(-2.78447e-07 1.31488e-22 0)
(-2.78447e-07 1.28171e-22 0)
(-2.78447e-07 1.31488e-22 0)
(-2.78447e-07 1.31488e-22 0)
(-2.78447e-07 0 0)
(-2.78447e-07 6.74566e-23 -5.44957e-38)
(-2.78447e-07 6.74566e-23 5.44957e-38)
(-2.78447e-07 0 0)
(-2.78447e-07 -6.41368e-23 -4.85371e-38)
(-2.78447e-07 -6.41368e-23 4.85371e-38)
(-2.78447e-07 0 0)
(-2.78447e-07 0 0)
(-2.78447e-07 0 0)
(-2.78447e-07 0 0)
(-2.78447e-07 0 0)
(-2.78447e-07 0 0)
(-2.78447e-07 0 0)
(-2.78447e-07 -6.41368e-23 -4.85371e-38)
(-2.78447e-07 -6.41368e-23 4.85371e-38)
(-2.78447e-07 0 0)
(-2.78447e-07 0 0)
(-2.78447e-07 0 0)
(-2.78447e-07 6.41368e-23 4.85371e-38)
(-2.78447e-07 6.41368e-23 -4.85371e-38)
(-2.78447e-07 0 0)
(-2.78447e-07 0 0)
(-2.78447e-07 0 0)
(-2.78447e-07 0 0)
(-2.78447e-07 6.41368e-23 4.85371e-38)
(-2.78447e-07 2.63187e-22 3.84119e-37)
(-2.78447e-07 1.9573e-22 -4.33701e-37)
(-2.78447e-07 6.41368e-23 4.85371e-38)
(-2.78447e-07 1.31593e-22 0)
(-2.78447e-07 6.74566e-23 -5.09942e-38)
(-2.78447e-07 6.41368e-23 4.85371e-38)
(-2.78447e-07 1.31593e-22 0)
(-2.78447e-07 1.31593e-22 0)
(-2.78447e-07 2.59867e-22 3.79205e-37)
(-2.78447e-07 1.9905e-22 -4.41072e-37)
(-2.78447e-07 0 0)
(-2.78447e-07 0 0)
(-2.78447e-07 0 0)
(-2.78447e-07 6.41368e-23 4.85371e-38)
(-2.78447e-07 6.74566e-23 -5.09942e-38)
(-2.78447e-07 6.41368e-23 4.85371e-38)
(-2.78447e-07 6.74566e-23 -5.09942e-38)
(-2.78447e-07 0 0)
(-2.78447e-07 6.41368e-23 4.85371e-38)
(-2.78447e-07 6.74566e-23 -5.09942e-38)
(-2.78447e-07 0 0)
(-2.78447e-07 6.41368e-23 4.85371e-38)
(-2.78447e-07 6.74566e-23 -5.09942e-38)
(-2.78447e-07 6.41368e-23 4.85371e-38)
(-2.78447e-07 6.74566e-23 -5.09942e-38)
(-2.78447e-07 0 0)
(-2.78447e-07 0 0)
(-2.78447e-07 0 0)
(-2.78447e-07 0 0)
(-2.78447e-07 0 0)
(-2.78447e-07 0 0)
(-2.78447e-07 0 0)
(-2.78447e-07 0 0)
(-2.78447e-07 0 0)
(-2.78447e-07 0 0)
(-2.78447e-07 0 0)
(-2.78447e-07 6.41818e-23 -1.45868e-37)
(-2.78447e-07 -1.28364e-22 -5.69448e-37)
(-2.78447e-07 -1.95867e-22 4.23943e-37)
(-2.78447e-07 6.41818e-23 4.51164e-38)
(-2.78447e-07 2.63371e-22 -7.8361e-37)
(-2.78447e-07 1.95867e-22 4.44981e-37)
(-2.78447e-07 0 0)
(-2.78447e-07 0 0)
(-2.78447e-07 0 0)
(-2.78447e-07 0 0)
(-2.78447e-07 0 0)
(-2.78447e-07 0 0)
(-2.78447e-07 6.41818e-23 4.51164e-38)
(-2.78447e-07 6.41818e-23 -4.51164e-38)
(-2.78447e-07 0 0)
(-2.78447e-07 0 0)
(-2.78447e-07 0 0)
(-2.78447e-07 0 0)
(-2.78447e-07 0 0)
(-2.78447e-07 0 0)
(-2.78447e-07 0 0)
(-2.78447e-07 0 0)
(-2.78447e-07 0 0)
(-2.78447e-07 -1.95867e-22 -4.23943e-37)
(-2.78447e-07 -1.95867e-22 4.23943e-37)
(-2.78447e-07 0 0)
(-2.78447e-07 0 0)
(-2.78447e-07 0 0)
(-2.78447e-07 0 0)
(-2.78447e-07 0 0)
(-2.78447e-07 0 0)
(-2.78447e-07 0 0)
(-2.78447e-07 0 0)
(-2.78447e-07 0 0)
(-2.78447e-07 0 0)
(-2.78447e-07 0 0)
(-2.78447e-07 0 0)
(-2.78447e-07 0 0)
(-2.78447e-07 0 0)
(-2.78447e-07 0 0)
(-2.78447e-07 0 0)
(-2.78447e-07 0 0)
(-2.78447e-07 0 0)
(-2.78447e-07 0 0)
(-2.78447e-07 0 0)
(-2.78447e-07 0 0)
(-2.78447e-07 0 0)
(-2.78447e-07 0 0)
(-2.78447e-07 0 0)
(-2.78447e-07 0 0)
(-2.78447e-07 0 0)
(-2.78447e-07 0 0)
(-2.78447e-07 0 0)
(-2.78447e-07 0 0)
(-2.78447e-07 0 0)
(-2.78447e-07 0 0)
(-2.78447e-07 0 0)
(-2.78447e-07 0 0)
(-2.78447e-07 0 0)
(-2.78447e-07 0 0)
(-2.78447e-07 -6.42206e-23 1.4609e-37)
(-2.78447e-07 1.28441e-22 5.84361e-37)
(-2.78447e-07 2.60206e-22 -7.88989e-37)
(-2.78447e-07 6.42206e-23 4.86967e-38)
(-2.78447e-07 -1.31765e-22 3.99415e-37)
(-2.78447e-07 -1.31765e-22 -3.99415e-37)
(-2.78447e-07 0 0)
(-2.78447e-07 0 0)
(-2.78447e-07 0 0)
(-2.78447e-07 0 0)
(-2.78447e-07 0 0)
(-2.78447e-07 0 0)
(-2.78447e-07 0 0)
(-2.78447e-07 0 0)
(-2.78447e-07 0 0)
(-2.78447e-07 0 0)
(-2.78447e-07 0 0)
(-2.78447e-07 1.28441e-22 -2.01808e-37)
(-2.78447e-07 1.28441e-22 2.01808e-37)
(-2.78447e-07 0 0)
(-2.78447e-07 0 0)
(-2.78447e-07 1.31765e-22 -2.06729e-37)
(-2.78447e-07 1.28441e-22 2.01808e-37)
(-2.78447e-07 1.95986e-22 4.45652e-37)
(-2.78447e-07 3.24427e-22 -1.24727e-36)
(-2.78447e-07 1.28441e-22 2.01808e-37)
(-2.78447e-07 0 0)
(-2.78447e-07 0 0)
(-2.78447e-07 0 0)
(-2.78447e-07 0 0)
(-2.78447e-07 0 0)
(-2.78447e-07 0 0)
(-2.78447e-07 0 0)
(-2.78447e-07 0 0)
(-2.78447e-07 0 0)
(-2.78447e-07 0 0)
(-2.78447e-07 0 0)
(-2.78447e-07 0 0)
(-2.78447e-07 0 0)
(-2.78447e-07 0 0)
(-2.78447e-07 0 0)
(-2.78447e-07 0 0)
(-2.78447e-07 0 0)
(-2.78447e-07 0 0)
(-2.78447e-07 6.08965e-23 -4.62364e-38)
(-2.78447e-07 6.42206e-23 4.86967e-38)
(-2.78447e-07 0 0)
(-2.78447e-07 0 0)
(-2.78447e-07 0 0)
(-2.78447e-07 0 0)
(-2.78447e-07 0 0)
(-2.78447e-07 0 0)
(-2.78447e-07 0 0)
(-2.78447e-07 0 0)
(-2.78447e-07 0 0)
(-2.78447e-07 0 0)
(-2.78447e-07 0 0)
(-2.78447e-07 1.31765e-22 -2.06729e-37)
(-2.78447e-07 1.31765e-22 2.06729e-37)
(-2.78446e-07 2.60339e-22 0)
(-2.78446e-07 1.9276e-22 -1.35736e-37)
(-2.78446e-07 6.42534e-23 1.3925e-37)
(-2.78446e-07 6.75792e-23 -1.46635e-37)
(-2.78446e-07 6.42534e-23 1.3925e-37)
(-2.78446e-07 0 0)
(-2.78446e-07 0 0)
(-2.78446e-07 1.28507e-22 -1.88009e-37)
(-2.78446e-07 1.35158e-22 1.97856e-37)
(-2.78446e-07 1.28507e-22 -1.88009e-37)
(-2.78446e-07 2.60339e-22 0)
(-2.78446e-07 2.63665e-22 0)
(-2.78446e-07 2.60339e-22 0)
(-2.78446e-07 2.63665e-22 0)
(-2.78446e-07 2.60339e-22 0)
(-2.78446e-07 2.60339e-22 0)
(-2.78446e-07 2.60339e-22 0)
(-2.78446e-07 1.28507e-22 1.88009e-37)
(-2.78446e-07 0 0)
(-2.78446e-07 1.31833e-22 1.92932e-37)
(-2.78446e-07 1.28507e-22 1.88009e-37)
(-2.78446e-07 0 0)
(-2.78446e-07 0 0)
(-2.78446e-07 1.31833e-22 1.92932e-37)
(-2.78446e-07 1.28507e-22 1.88009e-37)
(-2.78446e-07 -1.28507e-22 1.88009e-37)
(-2.78446e-07 -1.9276e-22 -4.28292e-37)
(-2.78446e-07 6.42534e-23 -1.42764e-37)
(-2.78446e-07 1.31833e-22 1.92932e-37)
(-2.78446e-07 1.31833e-22 -1.92932e-37)
(-2.78446e-07 2.60339e-22 0)
(-2.78446e-07 2.60339e-22 0)
(-2.78446e-07 1.28507e-22 1.88009e-37)
(-2.78446e-07 0 0)
(-2.78446e-07 1.31833e-22 -1.92932e-37)
(-2.78446e-07 2.60339e-22 0)
(-2.78446e-07 2.60339e-22 0)
(-2.78446e-07 2.60339e-22 0)
(-2.78446e-07 2.60339e-22 0)
(-2.78446e-07 2.60339e-22 0)
(-2.78446e-07 2.60339e-22 0)
(-2.78446e-07 2.60339e-22 0)
(-2.78446e-07 2.60339e-22 0)
(-2.78446e-07 2.60339e-22 0)
(-2.78446e-07 2.60339e-22 0)
(-2.78446e-07 1.99412e-22 -1.40659e-37)
(-2.78446e-07 1.96086e-22 1.38197e-37)
(-2.78446e-07 2.60339e-22 0)
(-2.78446e-07 2.60339e-22 0)
(-2.78446e-07 1.28507e-22 1.88009e-37)
(-2.78446e-07 0 0)
(-2.78446e-07 1.31833e-22 -1.92932e-37)
(-2.78446e-07 2.60339e-22 0)
(-2.78446e-07 2.60339e-22 0)
(-2.78446e-07 2.60339e-22 0)
(-2.78446e-07 2.60339e-22 0)
(-2.78446e-07 2.60339e-22 0)
(-2.78446e-07 2.60339e-22 0)
(-2.78446e-07 1.28507e-22 -1.88009e-37)
(-2.78446e-07 1.28507e-22 1.88009e-37)
(-2.78446e-07 -2.60449e-22 0)
(-2.78446e-07 -2.60449e-22 0)
(-2.78446e-07 0 0)
(-2.78446e-07 -3.32721e-24 0)
(-2.78446e-07 -1.28561e-22 -1.8821e-37)
(-2.78446e-07 -6.76077e-23 4.77566e-38)
(-2.78446e-07 -6.42805e-23 -4.5294e-38)
(-2.78446e-07 -1.28561e-22 1.8821e-37)
(-2.78446e-07 -1.35215e-22 -1.98061e-37)
(-2.78446e-07 -1.28561e-22 1.8821e-37)
(-2.78446e-07 -2.60449e-22 0)
(-2.78446e-07 -2.63776e-22 0)
(-2.78446e-07 -2.60449e-22 0)
(-2.78446e-07 -2.63776e-22 0)
(-2.78446e-07 -2.60449e-22 0)
(-2.78446e-07 -2.60449e-22 0)
(-2.78446e-07 -2.60449e-22 0)
(-2.78446e-07 -1.28561e-22 -1.8821e-37)
(-2.78446e-07 -1.28561e-22 1.8821e-37)
(-2.78446e-07 -2.60449e-22 0)
(-2.78446e-07 -1.28561e-22 -1.8821e-37)
(-2.78446e-07 0 0)
(-2.78446e-07 -1.31888e-22 1.93135e-37)
(-2.78446e-07 -2.60449e-22 0)
(-2.78446e-07 -1.28561e-22 -1.8821e-37)
(-2.78446e-07 0 0)
(-2.78446e-07 6.42805e-23 4.88111e-38)
(-2.78446e-07 -6.42805e-23 1.42916e-37)
(-2.78446e-07 -1.31888e-22 -1.93135e-37)
(-2.78446e-07 -1.31888e-22 1.93135e-37)
(-2.78446e-07 -2.60449e-22 0)
(-2.78446e-07 -2.60449e-22 0)
(-2.78446e-07 -1.28561e-22 -1.8821e-37)
(-2.78446e-07 0 0)
(-2.78446e-07 -1.31888e-22 1.93135e-37)
(-2.78446e-07 -2.60449e-22 0)
(-2.78446e-07 -2.60449e-22 0)
(-2.78446e-07 -2.60449e-22 0)
(-2.78446e-07 -2.60449e-22 0)
(-2.78446e-07 -2.60449e-22 0)
(-2.78446e-07 -2.60449e-22 0)
(-2.78446e-07 -2.60449e-22 0)
(-2.78446e-07 -2.60449e-22 0)
(-2.78446e-07 -2.60449e-22 0)
(-2.78446e-07 -2.60449e-22 0)
(-2.78446e-07 -2.60449e-22 0)
(-2.78446e-07 -2.60449e-22 0)
(-2.78446e-07 -2.60449e-22 0)
(-2.78446e-07 -2.60449e-22 0)
(-2.78446e-07 -1.28561e-22 -1.8821e-37)
(-2.78446e-07 0 0)
(-2.78446e-07 -1.31888e-22 1.93135e-37)
(-2.78446e-07 -2.60449e-22 0)
(-2.78446e-07 -2.60449e-22 0)
(-2.78446e-07 -2.60449e-22 0)
(-2.78446e-07 -2.60449e-22 0)
(-2.78446e-07 -2.60449e-22 0)
(-2.78446e-07 -2.60449e-22 0)
(-2.78446e-07 -2.60449e-22 0)
(-2.78446e-07 -2.60449e-22 0)
(-2.78446e-07 0 0)
(-2.78446e-07 6.76303e-23 -4.77961e-38)
(-2.78446e-07 -6.4302e-23 4.88522e-38)
(-2.78446e-07 -1.28604e-22 -1.8837e-37)
(-2.78446e-07 1.28604e-22 -1.8837e-37)
(-2.78446e-07 2.67193e-22 0)
(-2.78446e-07 1.28604e-22 1.8837e-37)
(-2.78446e-07 0 0)
(-2.78446e-07 0 0)
(-2.78446e-07 0 0)
(-2.78446e-07 0 0)
(-2.78446e-07 0 0)
(-2.78446e-07 0 0)
(-2.78446e-07 0 0)
(-2.78446e-07 0 0)
(-2.78446e-07 1.28604e-22 -1.8837e-37)
(-2.78446e-07 1.28604e-22 1.8837e-37)
(-2.78446e-07 1.31932e-22 -1.93297e-37)
(-2.78446e-07 1.28604e-22 1.8837e-37)
(-2.78446e-07 0 0)
(-2.78446e-07 0 0)
(-2.78446e-07 0 0)
(-2.78446e-07 0 0)
(-2.78446e-07 0 0)
(-2.78446e-07 0 0)
(-2.78446e-07 0 0)
(-2.78446e-07 1.28604e-22 -1.8837e-37)
(-2.78446e-07 1.28604e-22 1.8837e-37)
(-2.78446e-07 0 0)
(-2.78446e-07 0 0)
(-2.78446e-07 0 0)
(-2.78446e-07 0 0)
(-2.78446e-07 0 0)
(-2.78446e-07 0 0)
(-2.78446e-07 0 0)
(-2.78446e-07 0 0)
(-2.78446e-07 0 0)
(-2.78446e-07 0 0)
(-2.78446e-07 0 0)
(-2.78446e-07 0 0)
(-2.78446e-07 0 0)
(-2.78446e-07 0 0)
(-2.78446e-07 0 0)
(-2.78446e-07 0 0)
(-2.78446e-07 0 0)
(-2.78446e-07 0 0)
(-2.78446e-07 0 0)
(-2.78446e-07 0 0)
(-2.78446e-07 0 0)
(-2.78446e-07 0 0)
(-2.78446e-07 0 0)
(-2.78446e-07 0 0)
(-2.78446e-07 0 0)
(-2.78446e-07 0 0)
(-2.78446e-07 0 0)
(-2.78446e-07 0 0)
(-2.78446e-07 0 0)
(-2.78446e-07 0 0)
(-2.78446e-07 0 0)
(-2.78446e-07 0 0)
(-2.78446e-07 0 0)
(-2.78446e-07 -6.76472e-23 4.78256e-38)
(-2.78446e-07 -6.76472e-23 -4.78256e-38)
(-2.78446e-07 0 0)
(-2.78446e-07 0 0)
(-2.78446e-07 -1.35294e-22 -2.05387e-37)
(-2.78446e-07 -1.28636e-22 -1.88489e-37)
(-2.78446e-07 0 0)
(-2.78446e-07 0 0)
(-2.78446e-07 0 0)
(-2.78446e-07 0 0)
(-2.78446e-07 0 0)
(-2.78446e-07 0 0)
(-2.78446e-07 0 0)
(-2.78446e-07 0 0)
(-2.78446e-07 -1.28636e-22 1.88489e-37)
(-2.78446e-07 -1.28636e-22 -1.88489e-37)
(-2.78446e-07 -1.31965e-22 1.93417e-37)
(-2.78446e-07 -1.28636e-22 -1.88489e-37)
(-2.78446e-07 0 0)
(-2.78446e-07 0 0)
(-2.78446e-07 0 0)
(-2.78446e-07 0 0)
(-2.78446e-07 0 0)
(-2.78446e-07 0 0)
(-2.78446e-07 0 0)
(-2.78446e-07 -1.28636e-22 1.88489e-37)
(-2.78446e-07 -1.28636e-22 -1.88489e-37)
(-2.78446e-07 0 0)
(-2.78446e-07 0 0)
(-2.78446e-07 0 0)
(-2.78446e-07 0 0)
(-2.78446e-07 0 0)
(-2.78446e-07 0 0)
(-2.78446e-07 0 0)
(-2.78446e-07 0 0)
(-2.78446e-07 0 0)
(-2.78446e-07 0 0)
(-2.78446e-07 0 0)
(-2.78446e-07 0 0)
(-2.78446e-07 0 0)
(-2.78446e-07 0 0)
(-2.78446e-07 0 0)
(-2.78446e-07 0 0)
(-2.78446e-07 0 0)
(-2.78446e-07 0 0)
(-2.78446e-07 0 0)
(-2.78446e-07 0 0)
(-2.78446e-07 0 0)
(-2.78446e-07 0 0)
(-2.78446e-07 0 0)
(-2.78446e-07 0 0)
(-2.78446e-07 0 0)
(-2.78446e-07 0 0)
(-2.78446e-07 0 0)
(-2.78446e-07 0 0)
(-2.78446e-07 0 0)
(-2.78446e-07 0 0)
(-2.78446e-07 0 0)
(-2.78446e-07 0 0)
(-2.78446e-07 0 0)
(-2.78446e-07 0 0)
(-2.78446e-07 0 0)
(-2.78446e-07 0 0)
(-2.78446e-07 -1.28657e-22 1.95612e-37)
(-2.78446e-07 -1.31987e-22 -2.00541e-37)
(-2.78446e-07 0 0)
(-2.78446e-07 0 0)
(-2.78446e-07 0 0)
(-2.78446e-07 0 0)
(-2.78446e-07 0 0)
(-2.78446e-07 0 0)
(-2.78446e-07 0 0)
(-2.78446e-07 0 0)
(-2.78446e-07 0 0)
(-2.78446e-07 0 0)
(-2.78446e-07 0 0)
(-2.78446e-07 0 0)
(-2.78446e-07 0 0)
(-2.78446e-07 0 0)
(-2.78446e-07 0 0)
(-2.78446e-07 0 0)
(-2.78446e-07 0 0)
(-2.78446e-07 -6.43286e-23 -4.53807e-38)
(-2.78446e-07 -6.43286e-23 4.53807e-38)
(-2.78446e-07 0 0)
(-2.78446e-07 0 0)
(-2.78446e-07 0 0)
(-2.78446e-07 0 0)
(-2.78446e-07 0 0)
(-2.78446e-07 0 0)
(-2.78446e-07 0 0)
(-2.78446e-07 0 0)
(-2.78446e-07 0 0)
(-2.78446e-07 0 0)
(-2.78446e-07 -6.43286e-23 -4.53807e-38)
(-2.78446e-07 -1.31987e-22 0)
(-2.78446e-07 -6.76583e-23 4.78451e-38)
(-2.78446e-07 0 0)
(-2.78446e-07 0 0)
(-2.78446e-07 0 0)
(-2.78446e-07 -6.43286e-23 -4.53807e-38)
(-2.78446e-07 -6.76583e-23 4.78451e-38)
(-2.78446e-07 0 0)
(-2.78446e-07 0 0)
(-2.78446e-07 0 0)
(-2.78446e-07 0 0)
(-2.78446e-07 0 0)
(-2.78446e-07 0 0)
(-2.78446e-07 0 0)
(-2.78446e-07 0 0)
(-2.78446e-07 0 0)
(-2.78446e-07 0 0)
(-2.78446e-07 0 0)
(-2.78446e-07 0 0)
(-2.78446e-07 0 0)
(-2.78446e-07 0 0)
(-2.78446e-07 -6.43286e-23 -4.53807e-38)
(-2.78446e-07 -6.76583e-23 4.78451e-38)
(-2.78446e-07 0 0)
(-2.78446e-07 0 0)
(-2.78446e-07 0 0)
(-2.78446e-07 0 0)
(-2.78446e-07 1.31998e-22 -2.07628e-37)
(-2.78446e-07 2.63996e-22 0)
(-2.78446e-07 1.31998e-22 2.07628e-37)
(-2.78446e-07 0 0)
(-2.78446e-07 0 0)
(-2.78446e-07 0 0)
(-2.78446e-07 0 0)
(-2.78446e-07 -6.43339e-23 -4.53902e-38)
(-2.78446e-07 -6.43339e-23 4.53902e-38)
(-2.78446e-07 0 0)
(-2.78446e-07 0 0)
(-2.78446e-07 0 0)
(-2.78446e-07 0 0)
(-2.78446e-07 0 0)
(-2.78446e-07 0 0)
(-2.78446e-07 0 0)
(-2.78446e-07 1.28668e-22 -2.02699e-37)
(-2.78446e-07 1.28668e-22 2.02699e-37)
(-2.78446e-07 0 0)
(-2.78446e-07 0 0)
(-2.78446e-07 6.43339e-23 4.53902e-38)
(-2.78446e-07 0 0)
(-2.78446e-07 -6.76639e-23 4.78549e-38)
(-2.78446e-07 0 0)
(-2.78446e-07 0 0)
(-2.78446e-07 0 0)
(-2.78446e-07 0 0)
(-2.78446e-07 0 0)
(-2.78446e-07 0 0)
(-2.78446e-07 0 0)
(-2.78446e-07 0 0)
(-2.78446e-07 0 0)
(-2.78446e-07 6.43339e-23 4.53902e-38)
(-2.78446e-07 1.31998e-22 0)
(-2.78446e-07 6.76639e-23 -4.78549e-38)
(-2.78446e-07 0 0)
(-2.78446e-07 0 0)
(-2.78446e-07 0 0)
(-2.78446e-07 6.43339e-23 4.53902e-38)
(-2.78446e-07 6.76639e-23 -4.78549e-38)
(-2.78446e-07 0 0)
(-2.78446e-07 0 0)
(-2.78446e-07 0 0)
(-2.78446e-07 0 0)
(-2.78446e-07 0 0)
(-2.78446e-07 0 0)
(-2.78446e-07 0 0)
(-2.78446e-07 0 0)
(-2.78446e-07 0 0)
(-2.78446e-07 0 0)
(-2.78446e-07 0 0)
(-2.78446e-07 0 0)
(-2.78446e-07 0 0)
(-2.78446e-07 0 0)
(-2.78446e-07 6.43339e-23 4.53902e-38)
(-2.78446e-07 6.76639e-23 -4.78549e-38)
(-2.78446e-07 0 0)
(-2.78446e-07 0 0)
(-2.78446e-07 0 0)
(-2.78446e-07 0 0)
(-2.78446e-07 -1.31998e-22 1.93536e-37)
(-2.78446e-07 -2.63996e-22 0)
(-2.78446e-07 -1.31998e-22 -1.93536e-37)
(-2.78446e-07 0 0)
(-2.78446e-07 0 0)
(-2.78446e-07 0 0)
(-2.78446e-07 0 0)
(-2.78446e-07 6.43339e-23 4.53902e-38)
(-2.78446e-07 6.43339e-23 -4.53902e-38)
(-2.78446e-07 -6.43339e-23 -4.53902e-38)
(-2.78446e-07 -1.28668e-22 0)
(-2.78446e-07 -6.43339e-23 4.53902e-38)
(-2.78446e-07 0 0)
(-2.78446e-07 0 0)
(-2.78446e-07 1.31998e-22 -1.93536e-37)
(-2.78446e-07 2.60666e-22 0)
(-2.78446e-07 1.31998e-22 -1.93536e-37)
(-2.78446e-07 0 0)
(-2.78446e-07 0 0)
(-2.78446e-07 0 0)
(-2.78446e-07 0 0)
(-2.78446e-07 6.43339e-23 4.53902e-38)
(-2.78446e-07 6.76639e-23 -4.78549e-38)
(-2.78446e-07 0 0)
(-2.78446e-07 0 0)
(-2.78446e-07 0 0)
(-2.78446e-07 0 0)
(-2.78446e-07 0 0)
(-2.78446e-07 0 0)
(-2.78446e-07 0 0)
(-2.78446e-07 0 0)
(-2.78446e-07 0 0)
(-2.78446e-07 0 0)
(-2.78446e-07 0 0)
(-2.78446e-07 0 0)
(-2.78446e-07 0 0)
(-2.78446e-07 0 0)
(-2.78446e-07 0 0)
(-2.78446e-07 0 0)
(-2.78446e-07 0 0)
(-2.78446e-07 0 0)
(-2.78446e-07 0 0)
(-2.78446e-07 0 0)
(-2.78446e-07 -6.43339e-23 -4.53902e-38)
(-2.78446e-07 -6.76639e-23 4.78549e-38)
(-2.78446e-07 0 0)
(-2.78446e-07 0 0)
(-2.78446e-07 0 0)
(-2.78446e-07 0 0)
(-2.78446e-07 0 0)
(-2.78446e-07 0 0)
(-2.78446e-07 0 0)
(-2.78446e-07 0 0)
(-2.78446e-07 0 0)
(-2.78446e-07 0 0)
(-2.78446e-07 0 0)
(-2.78446e-07 0 0)
(-2.78446e-07 0 0)
(-2.78446e-07 0 0)
(-2.78446e-07 -6.09989e-23 -4.29162e-38)
(-2.78446e-07 -6.43286e-23 4.53807e-38)
(-2.78446e-07 0 0)
(-2.78446e-07 0 0)
(-2.78446e-07 0 0)
(-2.78446e-07 0 0)
(-2.78446e-07 -6.43286e-23 -4.53807e-38)
(-2.78446e-07 -1.31987e-22 0)
(-2.78446e-07 -6.76583e-23 4.78451e-38)
(-2.78446e-07 0 0)
(-2.78446e-07 0 0)
(-2.78446e-07 6.43286e-23 -4.89031e-38)
(-2.78446e-07 6.43286e-23 -4.53807e-38)
(-2.78446e-07 0 0)
(-2.78446e-07 0 0)
(-2.78446e-07 -1.31987e-22 2.00541e-37)
(-2.78446e-07 -2.60644e-22 0)
(-2.78446e-07 -2.60644e-22 0)
(-2.78446e-07 -1.28657e-22 -1.95612e-37)
(-2.78446e-07 0 0)
(-2.78446e-07 0 0)
(-2.78446e-07 0 0)
(-2.78446e-07 1.28657e-22 -1.88567e-37)
(-2.78446e-07 1.28657e-22 1.88567e-37)
(-2.78446e-07 0 0)
(-2.78446e-07 -6.43286e-23 -4.53807e-38)
(-2.78446e-07 -1.31987e-22 0)
(-2.78446e-07 -6.76583e-23 4.78451e-38)
(-2.78446e-07 -6.43286e-23 -4.53807e-38)
(-2.78446e-07 -6.76583e-23 4.78451e-38)
(-2.78446e-07 0 0)
(-2.78446e-07 -6.43286e-23 -4.53807e-38)
(-2.78446e-07 -6.76583e-23 4.78451e-38)
(-2.78446e-07 0 0)
(-2.78446e-07 0 0)
(-2.78446e-07 0 0)
(-2.78446e-07 0 0)
(-2.78446e-07 0 0)
(-2.78446e-07 0 0)
(-2.78446e-07 0 0)
(-2.78446e-07 0 0)
(-2.78446e-07 -6.43286e-23 -4.53807e-38)
(-2.78446e-07 -6.76583e-23 4.78451e-38)
(-2.78446e-07 -6.43286e-23 -4.53807e-38)
(-2.78446e-07 -6.76583e-23 -5.13675e-38)
(-2.78446e-07 0 0)
(-2.78446e-07 0 0)
(-2.78446e-07 -6.43286e-23 -4.53807e-38)
(-2.78446e-07 -6.76583e-23 4.78451e-38)
(-2.78446e-07 0 0)
(-2.78446e-07 0 0)
(-2.78446e-07 0 0)
(-2.78446e-07 0 0)
(-2.78446e-07 0 0)
(-2.78446e-07 0 0)
(-2.78446e-07 0 0)
(-2.78446e-07 -6.43286e-23 -4.53807e-38)
(-2.78446e-07 -6.76583e-23 4.78451e-38)
(-2.78446e-07 0 0)
(-2.78446e-07 6.76472e-23 -5.13468e-38)
(-2.78446e-07 1.28636e-22 1.95531e-37)
(-2.78446e-07 6.4318e-23 -4.88828e-38)
(-2.78446e-07 1.28636e-22 -1.95531e-37)
(-2.78446e-07 1.31965e-22 2.00459e-37)
(-2.78446e-07 0 0)
(-2.78446e-07 0 0)
(-2.78446e-07 6.4318e-23 4.88828e-38)
(-2.78446e-07 6.76472e-23 4.78256e-38)
(-2.78446e-07 0 0)
(-2.78446e-07 -6.4318e-23 -4.88828e-38)
(-2.78446e-07 0 0)
(-2.78446e-07 6.4318e-23 -4.88828e-38)
(-2.78446e-07 0 0)
(-2.78446e-07 0 0)
(-2.78446e-07 -6.4318e-23 -4.88828e-38)
(-2.78446e-07 -6.76472e-23 5.13468e-38)
(-2.78446e-07 0 0)
(-2.78446e-07 0 0)
(-2.78446e-07 0 0)
(-2.78446e-07 -6.4318e-23 -4.88828e-38)
(-2.78446e-07 -6.76472e-23 5.13468e-38)
(-2.78446e-07 -6.4318e-23 -4.88828e-38)
(-2.78446e-07 -1.92954e-22 4.29381e-37)
(-2.78446e-07 -1.92954e-22 -4.29381e-37)
(-2.78446e-07 -6.4318e-23 4.88828e-38)
(-2.78446e-07 6.4318e-23 4.88828e-38)
(-2.78446e-07 1.31965e-22 0)
(-2.78446e-07 6.76472e-23 -5.13468e-38)
(-2.78446e-07 0 0)
(-2.78446e-07 0 0)
(-2.78446e-07 0 0)
(-2.78446e-07 6.4318e-23 4.88828e-38)
(-2.78446e-07 3.32915e-24 0)
(-2.78446e-07 -1.31965e-22 0)
(-2.78446e-07 -6.76472e-23 5.13468e-38)
(-2.78446e-07 0 0)
(-2.78446e-07 0 0)
(-2.78446e-07 0 0)
(-2.78446e-07 0 0)
(-2.78446e-07 0 0)
(-2.78446e-07 -6.4318e-23 -4.88828e-38)
(-2.78446e-07 -3.32915e-24 0)
(-2.78446e-07 6.76472e-23 -5.13468e-38)
(-2.78446e-07 6.4318e-23 4.88828e-38)
(-2.78446e-07 1.31965e-22 0)
(-2.78446e-07 6.76472e-23 -5.13468e-38)
(-2.78446e-07 0 0)
(-2.78446e-07 0 0)
(-2.78446e-07 0 0)
(-2.78446e-07 0 0)
(-2.78446e-07 0 0)
(-2.78446e-07 -6.4318e-23 -4.88828e-38)
(-2.78446e-07 -1.31965e-22 0)
(-2.78446e-07 -6.76472e-23 5.13468e-38)
(-2.78446e-07 0 0)
(-2.78446e-07 0 0)
(-2.78446e-07 6.4318e-23 4.88828e-38)
(-2.78446e-07 6.76472e-23 -5.13468e-38)
(-2.78446e-07 0 0)
(-2.78446e-07 -1.28604e-22 0)
(-2.78446e-07 -1.31932e-22 0)
(-2.78446e-07 1.31932e-22 -1.93297e-37)
(-2.78446e-07 0 0)
(-2.78446e-07 -1.92906e-22 -4.29111e-37)
(-2.78446e-07 -6.76303e-23 5.13156e-38)
(-2.78446e-07 0 0)
(-2.78446e-07 0 0)
(-2.78446e-07 0 0)
(-2.78446e-07 0 0)
(-2.78446e-07 6.4302e-23 4.88522e-38)
(-2.78446e-07 6.4302e-23 -4.88522e-38)
(-2.78446e-07 -6.4302e-23 -4.88522e-38)
(-2.78446e-07 -6.4302e-23 4.88522e-38)
(-2.78446e-07 0 0)
(-2.78446e-07 6.4302e-23 4.88522e-38)
(-2.78446e-07 3.32832e-24 0)
(-2.78446e-07 -6.4302e-23 4.88522e-38)
(-2.78446e-07 0 0)
(-2.78446e-07 -6.4302e-23 -4.88522e-38)
(-2.78446e-07 0 0)
(-2.78446e-07 6.76303e-23 -5.13156e-38)
(-2.78446e-07 6.4302e-23 4.88522e-38)
(-2.78446e-07 6.4302e-23 -4.88522e-38)
(-2.78446e-07 6.4302e-23 4.88522e-38)
(-2.78446e-07 1.92906e-22 -4.29111e-37)
(-2.78446e-07 1.28604e-22 1.8837e-37)
(-2.78446e-07 -6.4302e-23 -4.88522e-38)
(-2.78446e-07 -6.76303e-23 5.13156e-38)
(-2.78446e-07 6.4302e-23 4.88522e-38)
(-2.78446e-07 6.76303e-23 -5.13156e-38)
(-2.78446e-07 0 0)
(-2.78446e-07 0 0)
(-2.78446e-07 6.4302e-23 4.88522e-38)
(-2.78446e-07 1.31932e-22 0)
(-2.78446e-07 6.76303e-23 -5.13156e-38)
(-2.78446e-07 0 0)
(-2.78446e-07 0 0)
(-2.78446e-07 0 0)
(-2.78446e-07 0 0)
(-2.78446e-07 0 0)
(-2.78446e-07 6.4302e-23 4.88522e-38)
(-2.78446e-07 3.32832e-24 0)
(-2.78446e-07 -6.76303e-23 5.13156e-38)
(-2.78446e-07 -6.4302e-23 -4.88522e-38)
(-2.78446e-07 -6.76303e-23 5.13156e-38)
(-2.78446e-07 0 0)
(-2.78446e-07 0 0)
(-2.78446e-07 0 0)
(-2.78446e-07 0 0)
(-2.78446e-07 0 0)
(-2.78446e-07 0 0)
(-2.78446e-07 6.4302e-23 4.88522e-38)
(-2.78446e-07 1.31932e-22 0)
(-2.78446e-07 6.76303e-23 -5.13156e-38)
(-2.78446e-07 0 0)
(-2.78446e-07 0 0)
(-2.78446e-07 0 0)
(-2.78446e-07 0 0)
(-2.78446e-07 0 0)
(-2.78446e-07 0 0)
(-2.78446e-07 0 0)
(-2.78446e-07 -1.31888e-22 1.93135e-37)
(-2.78446e-07 -1.92842e-22 -4.28749e-37)
(-2.78446e-07 -3.32721e-24 0)
(-2.78446e-07 6.76077e-23 -5.12738e-38)
(-2.78446e-07 0 0)
(-2.78446e-07 0 0)
(-2.78446e-07 0 0)
(-2.78446e-07 -6.76077e-23 4.77566e-38)
(-2.78446e-07 -6.42805e-23 4.88111e-38)
(-2.78446e-07 -6.42805e-23 -4.88111e-38)
(-2.78446e-07 0 0)
(-2.78446e-07 6.42805e-23 -4.88111e-38)
(-2.78446e-07 0 0)
(-2.78446e-07 0 0)
(-2.78446e-07 0 0)
(-2.78446e-07 0 0)
(-2.78446e-07 0 0)
(-2.78446e-07 0 0)
(-2.78446e-07 0 0)
(-2.78446e-07 0 0)
(-2.78446e-07 -6.42805e-23 -4.88111e-38)
(-2.78446e-07 -6.42805e-23 4.88111e-38)
(-2.78446e-07 0 0)
(-2.78446e-07 -1.28561e-22 1.8821e-37)
(-2.78446e-07 -1.28561e-22 -1.8821e-37)
(-2.78446e-07 6.42805e-23 4.88111e-38)
(-2.78446e-07 6.76077e-23 -5.12738e-38)
(-2.78446e-07 0 0)
(-2.78446e-07 0 0)
(-2.78446e-07 0 0)
(-2.78446e-07 0 0)
(-2.78446e-07 0 0)
(-2.78446e-07 0 0)
(-2.78446e-07 0 0)
(-2.78446e-07 0 0)
(-2.78446e-07 0 0)
(-2.78446e-07 0 0)
(-2.78446e-07 0 0)
(-2.78446e-07 0 0)
(-2.78446e-07 0 0)
(-2.78446e-07 6.42805e-23 4.88111e-38)
(-2.78446e-07 6.76077e-23 -5.12738e-38)
(-2.78446e-07 6.42805e-23 4.88111e-38)
(-2.78446e-07 3.32721e-24 0)
(-2.78446e-07 -6.76077e-23 5.12738e-38)
(-2.78446e-07 0 0)
(-2.78446e-07 0 0)
(-2.78446e-07 0 0)
(-2.78446e-07 0 0)
(-2.78446e-07 0 0)
(-2.78446e-07 0 0)
(-2.78446e-07 -6.42805e-23 -4.88111e-38)
(-2.78446e-07 -6.76077e-23 5.12738e-38)
(-2.78446e-07 0 0)
(-2.78446e-07 -6.42805e-23 -4.88111e-38)
(-2.78446e-07 -6.76077e-23 5.12738e-38)
(-2.78446e-07 0 0)
(-2.78446e-07 0 0)
(-2.78446e-07 6.09276e-23 4.62978e-38)
(-2.78446e-07 1.96086e-22 -4.35677e-37)
(-2.78446e-07 1.28507e-22 1.88009e-37)
(-2.78446e-07 6.42534e-23 4.87594e-38)
(-2.78446e-07 6.42534e-23 -4.87594e-38)
(-2.78446e-07 0 0)
(-2.78446e-07 0 0)
(-2.78446e-07 0 0)
(-2.78446e-07 6.42534e-23 4.87594e-38)
(-2.78446e-07 1.35158e-22 0)
(-2.78446e-07 6.42534e-23 -4.87594e-38)
(-2.78446e-07 6.42534e-23 4.87594e-38)
(-2.78446e-07 6.42534e-23 -4.87594e-38)
(-2.78446e-07 0 0)
(-2.78446e-07 0 0)
(-2.78446e-07 0 0)
(-2.78446e-07 6.42534e-23 4.87594e-38)
(-2.78446e-07 6.42534e-23 -4.87594e-38)
(-2.78446e-07 0 0)
(-2.78446e-07 6.42534e-23 4.87594e-38)
(-2.78446e-07 6.42534e-23 -4.87594e-38)
(-2.78446e-07 0 0)
(-2.78446e-07 6.42534e-23 4.87594e-38)
(-2.78446e-07 6.42534e-23 -4.87594e-38)
(-2.78446e-07 0 0)
(-2.78446e-07 0 0)
(-2.78446e-07 0 0)
(-2.78446e-07 0 0)
(-2.78446e-07 0 0)
(-2.78446e-07 0 0)
(-2.78446e-07 0 0)
(-2.78446e-07 0 0)
(-2.78446e-07 0 0)
(-2.78446e-07 0 0)
(-2.78446e-07 0 0)
(-2.78446e-07 0 0)
(-2.78446e-07 0 0)
(-2.78446e-07 0 0)
(-2.78446e-07 0 0)
(-2.78446e-07 0 0)
(-2.78446e-07 0 0)
(-2.78446e-07 0 0)
(-2.78446e-07 0 0)
(-2.78446e-07 0 0)
(-2.78446e-07 0 0)
(-2.78446e-07 6.42534e-23 4.87594e-38)
(-2.78446e-07 -1.28507e-22 -1.88009e-37)
(-2.78446e-07 -1.96086e-22 4.35677e-37)
(-2.78446e-07 6.42534e-23 4.87594e-38)
(-2.78446e-07 6.75792e-23 -5.1221e-38)
(-2.78446e-07 0 0)
(-2.78446e-07 0 0)
(-2.78446e-07 0 0)
(-2.78446e-07 6.42534e-23 4.87594e-38)
(-2.78446e-07 6.75792e-23 -5.1221e-38)
(-2.78446e-07 0 0)
(-2.78446e-07 6.42534e-23 4.87594e-38)
(-2.78446e-07 6.75792e-23 -5.1221e-38)
(-2.78446e-07 0 0)
(-2.78447e-07 0 0)
(-2.78447e-07 0 0)
(-2.78447e-07 -1.31765e-22 1.92686e-37)
(-2.78447e-07 -1.28441e-22 -1.87766e-37)
(-2.78447e-07 0 0)
(-2.78447e-07 6.75447e-23 -5.46677e-38)
(-2.78447e-07 6.42206e-23 5.22073e-38)
(-2.78447e-07 0 0)
(-2.78447e-07 0 0)
(-2.78447e-07 0 0)
(-2.78447e-07 0 0)
(-2.78447e-07 0 0)
(-2.78447e-07 0 0)
(-2.78447e-07 0 0)
(-2.78447e-07 0 0)
(-2.78447e-07 0 0)
(-2.78447e-07 0 0)
(-2.78447e-07 0 0)
(-2.78447e-07 1.28441e-22 -1.94787e-37)
(-2.78447e-07 1.28441e-22 1.94787e-37)
(-2.78447e-07 0 0)
(-2.78447e-07 0 0)
(-2.78447e-07 0 0)
(-2.78447e-07 0 0)
(-2.78447e-07 0 0)
(-2.78447e-07 0 0)
(-2.78447e-07 0 0)
(-2.78447e-07 0 0)
(-2.78447e-07 0 0)
(-2.78447e-07 0 0)
(-2.78447e-07 0 0)
(-2.78447e-07 0 0)
(-2.78447e-07 0 0)
(-2.78447e-07 0 0)
(-2.78447e-07 0 0)
(-2.78447e-07 0 0)
(-2.78447e-07 0 0)
(-2.78447e-07 0 0)
(-2.78447e-07 0 0)
(-2.78447e-07 0 0)
(-2.78447e-07 1.31765e-22 -1.99708e-37)
(-2.78447e-07 1.31765e-22 1.99708e-37)
(-2.78447e-07 0 0)
(-2.78447e-07 0 0)
(-2.78447e-07 0 0)
(-2.78447e-07 0 0)
(-2.78447e-07 0 0)
(-2.78447e-07 1.95986e-22 4.24588e-37)
(-2.78447e-07 1.95986e-22 -4.24588e-37)
(-2.78447e-07 0 0)
(-2.78447e-07 0 0)
(-2.78447e-07 0 0)
(-2.78447e-07 0 0)
(-2.78447e-07 0 0)
(-2.78447e-07 0 0)
(-2.78447e-07 0 0)
(-2.78447e-07 0 0)
(-2.78447e-07 0 0)
(-2.78447e-07 0 0)
(-2.78447e-07 0 0)
(-2.78447e-07 0 0)
(-2.78447e-07 6.75039e-23 -5.10816e-38)
(-2.78447e-07 6.75039e-23 5.10816e-38)
(-2.78447e-07 0 0)
(-2.78447e-07 0 0)
(-2.78447e-07 -6.75039e-23 5.80943e-38)
(-2.78447e-07 -6.41818e-23 -5.56355e-38)
(-2.78447e-07 0 0)
(-2.78447e-07 0 0)
(-2.78447e-07 0 0)
(-2.78447e-07 0 0)
(-2.78447e-07 0 0)
(-2.78447e-07 0 0)
(-2.78447e-07 0 0)
(-2.78447e-07 0 0)
(-2.78447e-07 0 0)
(-2.78447e-07 0 0)
(-2.78447e-07 0 0)
(-2.78447e-07 -1.28364e-22 1.94491e-37)
(-2.78447e-07 -1.28364e-22 -1.94491e-37)
(-2.78447e-07 0 0)
(-2.78447e-07 0 0)
(-2.78447e-07 0 0)
(-2.78447e-07 0 0)
(-2.78447e-07 0 0)
(-2.78447e-07 0 0)
(-2.78447e-07 0 0)
(-2.78447e-07 0 0)
(-2.78447e-07 0 0)
(-2.78447e-07 0 0)
(-2.78447e-07 0 0)
(-2.78447e-07 0 0)
(-2.78447e-07 0 0)
(-2.78447e-07 0 0)
(-2.78447e-07 0 0)
(-2.78447e-07 0 0)
(-2.78447e-07 0 0)
(-2.78447e-07 0 0)
(-2.78447e-07 0 0)
(-2.78447e-07 0 0)
(-2.78447e-07 -1.31686e-22 1.99409e-37)
(-2.78447e-07 -1.31686e-22 -1.99409e-37)
(-2.78447e-07 0 0)
(-2.78447e-07 0 0)
(-2.78447e-07 0 0)
(-2.78447e-07 0 0)
(-2.78447e-07 0 0)
(-2.78447e-07 0 0)
(-2.78447e-07 0 0)
(-2.78447e-07 0 0)
(-2.78447e-07 0 0)
(-2.78447e-07 0 0)
(-2.78447e-07 0 0)
(-2.78447e-07 0 0)
(-2.78447e-07 0 0)
(-2.78447e-07 0 0)
(-2.78447e-07 0 0)
(-2.78447e-07 0 0)
(-2.78447e-07 0 0)
(-2.78447e-07 0 0)
(-2.78447e-07 0 0)
(-2.78447e-07 -6.74566e-23 4.74928e-38)
(-2.78447e-07 -6.74566e-23 -4.74928e-38)
(-2.78447e-07 0 0)
(-2.78447e-07 0 0)
(-2.78447e-07 0 0)
(-2.78447e-07 0 0)
(-2.78447e-07 0 0)
(-2.78447e-07 0 0)
(-2.78447e-07 0 0)
(-2.78447e-07 1.28274e-22 -1.87145e-37)
(-2.78447e-07 1.34913e-22 1.96974e-37)
(-2.78447e-07 0 0)
(-2.78447e-07 0 0)
(-2.78447e-07 0 0)
(-2.78447e-07 0 0)
(-2.78447e-07 0 0)
(-2.78447e-07 -1.9573e-22 -4.44205e-37)
(-2.78447e-07 -1.9573e-22 4.44205e-37)
(-2.78447e-07 0 0)
(-2.78447e-07 0 0)
(-2.78447e-07 0 0)
(-2.78447e-07 0 0)
(-2.78447e-07 0 0)
(-2.78447e-07 0 0)
(-2.78447e-07 0 0)
(-2.78447e-07 0 0)
(-2.78447e-07 0 0)
(-2.78447e-07 1.31593e-22 -1.9206e-37)
(-2.78447e-07 1.28274e-22 1.87145e-37)
(-2.78447e-07 0 0)
(-2.78447e-07 0 0)
(-2.78447e-07 1.31593e-22 -1.9206e-37)
(-2.78447e-07 1.31593e-22 1.9206e-37)
(-2.78447e-07 0 0)
(-2.78447e-07 0 0)
(-2.78447e-07 0 0)
(-2.78447e-07 0 0)
(-2.78447e-07 0 0)
(-2.78447e-07 0 0)
(-2.78447e-07 0 0)
(-2.78447e-07 0 0)
(-2.78447e-07 0 0)
(-2.78447e-07 0 0)
(-2.78447e-07 0 0)
(-2.78447e-07 0 0)
(-2.78447e-07 0 0)
(-2.78447e-07 0 0)
(-2.78447e-07 0 0)
(-2.78447e-07 0 0)
(-2.78447e-07 0 0)
(-2.78447e-07 0 0)
(-2.78447e-07 0 0)
(-2.78447e-07 0 0)
(-2.78447e-07 0 0)
(-2.78447e-07 0 0)
(-2.78447e-07 0 0)
(-2.78447e-07 0 0)
(-2.78447e-07 0 0)
(-2.78447e-07 0 0)
(-2.78447e-07 0 0)
(-2.78447e-07 0 0)
(-2.78447e-07 0 0)
(-2.78447e-07 0 0)
(-2.78447e-07 0 0)
(-2.78447e-07 0 0)
(-2.78447e-07 0 0)
(-2.78447e-07 0 0)
(-2.78447e-07 0 0)
(-2.78447e-07 1.28171e-22 -1.86765e-37)
(-2.78447e-07 0 0)
(-2.78447e-07 -1.34805e-22 -1.96586e-37)
(-2.78447e-07 0 0)
(-2.78447e-07 0 0)
(-2.78447e-07 0 0)
(-2.78447e-07 0 0)
(-2.78447e-07 0 0)
(-2.78447e-07 1.95573e-22 4.32831e-37)
(-2.78447e-07 1.95573e-22 -4.32831e-37)
(-2.78447e-07 0 0)
(-2.78447e-07 0 0)
(-2.78447e-07 0 0)
(-2.78447e-07 0 0)
(-2.78447e-07 0 0)
(-2.78447e-07 0 0)
(-2.78447e-07 0 0)
(-2.78447e-07 0 0)
(-2.78447e-07 0 0)
(-2.78447e-07 -1.31488e-22 1.91676e-37)
(-2.78447e-07 -1.28171e-22 -1.86765e-37)
(-2.78447e-07 0 0)
(-2.78447e-07 0 0)
(-2.78447e-07 -1.31488e-22 1.91676e-37)
(-2.78447e-07 0 0)
(-2.78447e-07 1.28171e-22 1.86765e-37)
(-2.78447e-07 0 0)
(-2.78447e-07 0 0)
(-2.78447e-07 0 0)
(-2.78447e-07 0 0)
(-2.78447e-07 0 0)
(-2.78447e-07 0 0)
(-2.78447e-07 0 0)
(-2.78447e-07 0 0)
(-2.78447e-07 0 0)
(-2.78447e-07 0 0)
(-2.78447e-07 0 0)
(-2.78447e-07 0 0)
(-2.78447e-07 0 0)
(-2.78447e-07 0 0)
(-2.78447e-07 0 0)
(-2.78447e-07 0 0)
(-2.78447e-07 0 0)
(-2.78447e-07 0 0)
(-2.78447e-07 0 0)
(-2.78447e-07 0 0)
(-2.78447e-07 0 0)
(-2.78447e-07 0 0)
(-2.78447e-07 0 0)
(-2.78447e-07 0 0)
(-2.78447e-07 0 0)
(-2.78447e-07 0 0)
(-2.78447e-07 0 0)
(-2.78447e-07 0 0)
(-2.78447e-07 0 0)
(-2.78447e-07 0 0)
(-2.78447e-07 0 0)
(-2.78447e-07 0 0)
(-2.78447e-07 0 0)
(-2.78447e-07 0 0)
(-2.78447e-07 -1.28054e-22 1.86335e-37)
(-2.78447e-07 -1.28054e-22 -1.86335e-37)
(-2.78447e-07 0 0)
(-2.78447e-07 0 0)
(-2.78447e-07 0 0)
(-2.78447e-07 0 0)
(-2.78447e-07 0 0)
(-2.78447e-07 0 0)
(-2.78447e-07 0 0)
(-2.78447e-07 0 0)
(-2.78447e-07 0 0)
(-2.78447e-07 0 0)
(-2.78447e-07 0 0)
(-2.78447e-07 0 0)
(-2.78447e-07 0 0)
(-2.78447e-07 0 0)
(-2.78447e-07 0 0)
(-2.78447e-07 0 0)
(-2.78447e-07 0 0)
(-2.78447e-07 0 0)
(-2.78447e-07 0 0)
(-2.78447e-07 0 0)
(-2.78447e-07 0 0)
(-2.78447e-07 0 0)
(-2.78447e-07 -1.31369e-22 1.91241e-37)
(-2.78447e-07 -1.28054e-22 -1.86335e-37)
(-2.78447e-07 0 0)
(-2.78447e-07 0 0)
(-2.78447e-07 0 0)
(-2.78447e-07 0 0)
(-2.78447e-07 0 0)
(-2.78447e-07 0 0)
(-2.78447e-07 0 0)
(-2.78447e-07 0 0)
(-2.78447e-07 0 0)
(-2.78447e-07 0 0)
(-2.78447e-07 0 0)
(-2.78447e-07 0 0)
(-2.78447e-07 0 0)
(-2.78447e-07 0 0)
(-2.78447e-07 0 0)
(-2.78447e-07 0 0)
(-2.78447e-07 0 0)
(-2.78447e-07 0 0)
(-2.78447e-07 0 0)
(-2.78447e-07 0 0)
(-2.78447e-07 0 0)
(-2.78447e-07 0 0)
(-2.78447e-07 0 0)
(-2.78447e-07 0 0)
(-2.78447e-07 0 0)
(-2.78448e-07 0 0)
(-2.78448e-07 0 0)
(-2.78448e-07 0 0)
(-2.78448e-07 0 0)
(-2.78448e-07 0 0)
(-2.78448e-07 6.72726e-23 -4.71726e-38)
(-2.78448e-07 1.95196e-22 -1.47064e-37)
(-2.78448e-07 1.27924e-22 1.85853e-37)
(-2.78448e-07 0 0)
(-2.78448e-07 1.27924e-22 -1.85853e-37)
(-2.78448e-07 1.27924e-22 1.85853e-37)
(-2.78448e-07 0 0)
(-2.78448e-07 0 0)
(-2.78448e-07 0 0)
(-2.78448e-07 0 0)
(-2.78448e-07 0 0)
(-2.78448e-07 0 0)
(-2.78448e-07 0 0)
(-2.78448e-07 0 0)
(-2.78448e-07 0 0)
(-2.78448e-07 0 0)
(-2.78448e-07 0 0)
(-2.78448e-07 0 0)
(-2.78448e-07 0 0)
(-2.78448e-07 0 0)
(-2.78448e-07 0 0)
(-2.78448e-07 0 0)
(-2.78448e-07 0 0)
(-2.78448e-07 0 0)
(-2.78448e-07 0 0)
(-2.78448e-07 0 0)
(-2.78448e-07 0 0)
(-2.78448e-07 0 0)
(-2.78448e-07 0 0)
(-2.78448e-07 0 0)
(-2.78448e-07 0 0)
(-2.78448e-07 0 0)
(-2.78448e-07 0 0)
(-2.78448e-07 0 0)
(-2.78448e-07 0 0)
(-2.78448e-07 0 0)
(-2.78448e-07 0 0)
(-2.78448e-07 0 0)
(-2.78448e-07 0 0)
(-2.78448e-07 0 0)
(-2.78448e-07 0 0)
(-2.78448e-07 0 0)
(-2.78448e-07 0 0)
(-2.78448e-07 0 0)
(-2.78448e-07 0 0)
(-2.78448e-07 0 0)
(-2.78448e-07 0 0)
(-2.78448e-07 0 0)
(-2.78448e-07 0 0)
(-2.78448e-07 0 0)
(-2.78448e-07 0 0)
(-2.78448e-07 0 0)
(-2.78448e-07 0 0)
(-2.78448e-07 0 0)
(-2.78448e-07 0 0)
(-2.78448e-07 0 0)
(-2.78448e-07 6.7196e-23 -4.70395e-38)
(-2.78448e-07 1.98281e-22 -1.49094e-37)
(-2.78448e-07 1.27778e-22 1.85316e-37)
(-2.78448e-07 0 0)
(-2.78448e-07 -6.7196e-23 4.70395e-38)
(-2.78448e-07 -1.94974e-22 1.46647e-37)
(-2.78448e-07 -1.27778e-22 -1.85316e-37)
(-2.78448e-07 0 0)
(-2.78448e-07 -1.27778e-22 1.85316e-37)
(-2.78448e-07 -1.27778e-22 -1.85316e-37)
(-2.78448e-07 0 0)
(-2.78448e-07 0 0)
(-2.78448e-07 0 0)
(-2.78448e-07 0 0)
(-2.78448e-07 0 0)
(-2.78448e-07 0 0)
(-2.78448e-07 0 0)
(-2.78448e-07 0 0)
(-2.78448e-07 0 0)
(-2.78448e-07 0 0)
(-2.78448e-07 0 0)
(-2.78448e-07 0 0)
(-2.78448e-07 0 0)
(-2.78448e-07 0 0)
(-2.78448e-07 0 0)
(-2.78448e-07 0 0)
(-2.78448e-07 0 0)
(-2.78448e-07 0 0)
(-2.78448e-07 0 0)
(-2.78448e-07 0 0)
(-2.78448e-07 0 0)
(-2.78448e-07 0 0)
(-2.78448e-07 0 0)
(-2.78448e-07 0 0)
(-2.78448e-07 0 0)
(-2.78448e-07 0 0)
(-2.78448e-07 0 0)
(-2.78448e-07 0 0)
(-2.78448e-07 0 0)
(-2.78448e-07 0 0)
(-2.78448e-07 0 0)
(-2.78448e-07 0 0)
(-2.78448e-07 0 0)
(-2.78448e-07 0 0)
(-2.78448e-07 0 0)
(-2.78448e-07 0 0)
(-2.78448e-07 0 0)
(-2.78448e-07 0 0)
(-2.78448e-07 0 0)
(-2.78448e-07 0 0)
(-2.78448e-07 0 0)
(-2.78448e-07 0 0)
(-2.78448e-07 0 0)
(-2.78448e-07 0 0)
(-2.78448e-07 0 0)
(-2.78448e-07 0 0)
(-2.78448e-07 0 0)
(-2.78448e-07 0 0)
(-2.78448e-07 0 0)
(-2.78448e-07 0 0)
(-2.78448e-07 -6.71109e-23 5.03577e-38)
(-2.78448e-07 -1.9803e-22 1.48628e-37)
(-2.78448e-07 -1.27616e-22 -1.91652e-37)
(-2.78448e-07 0 0)
(-2.78448e-07 0 0)
(-2.78448e-07 0 0)
(-2.78448e-07 0 0)
(-2.78448e-07 0 0)
(-2.78448e-07 0 0)
(-2.78448e-07 0 0)
(-2.78448e-07 0 0)
(-2.78448e-07 0 0)
(-2.78448e-07 0 0)
(-2.78448e-07 0 0)
(-2.78448e-07 0 0)
(-2.78448e-07 0 0)
(-2.78448e-07 0 0)
(-2.78448e-07 0 0)
(-2.78448e-07 0 0)
(-2.78448e-07 0 0)
(-2.78448e-07 0 0)
(-2.78448e-07 0 0)
(-2.78448e-07 0 0)
(-2.78448e-07 0 0)
(-2.78448e-07 0 0)
(-2.78448e-07 1.27616e-22 -1.84721e-37)
(-2.78448e-07 1.27616e-22 1.84721e-37)
(-2.78448e-07 0 0)
(-2.78448e-07 0 0)
(-2.78448e-07 0 0)
(-2.78448e-07 0 0)
(-2.78448e-07 0 0)
(-2.78448e-07 0 0)
(-2.78448e-07 0 0)
(-2.78448e-07 0 0)
(-2.78448e-07 0 0)
(-2.78448e-07 0 0)
(-2.78448e-07 0 0)
(-2.78448e-07 0 0)
(-2.78448e-07 0 0)
(-2.78448e-07 0 0)
(-2.78448e-07 0 0)
(-2.78448e-07 0 0)
(-2.78448e-07 0 0)
(-2.78448e-07 0 0)
(-2.78448e-07 0 0)
(-2.78448e-07 0 0)
(-2.78448e-07 0 0)
(-2.78448e-07 0 0)
(-2.78448e-07 0 0)
(-2.78448e-07 0 0)
(-2.78448e-07 0 0)
(-2.78448e-07 0 0)
(-2.78448e-07 0 0)
(-2.78448e-07 0 0)
(-2.78448e-07 0 0)
(-2.78448e-07 0 0)
(-2.78448e-07 0 0)
(-2.78448e-07 0 0)
(-2.78449e-07 0 0)
(-2.78449e-07 0 0)
(-2.78449e-07 0 0)
(-2.78449e-07 1.30736e-22 -1.95858e-37)
(-2.78449e-07 1.27437e-22 1.90976e-37)
(-2.78449e-07 0 0)
(-2.78449e-07 0 0)
(-2.78449e-07 0 0)
(-2.78449e-07 0 0)
(-2.78449e-07 0 0)
(-2.78449e-07 0 0)
(-2.78449e-07 0 0)
(-2.78449e-07 0 0)
(-2.78449e-07 0 0)
(-2.78449e-07 0 0)
(-2.78449e-07 0 0)
(-2.78449e-07 0 0)
(-2.78449e-07 0 0)
(-2.78449e-07 1.27437e-22 -1.90976e-37)
(-2.78449e-07 1.27437e-22 1.90976e-37)
(-2.78449e-07 0 0)
(-2.78449e-07 0 0)
(-2.78449e-07 0 0)
(-2.78449e-07 0 0)
(-2.78449e-07 0 0)
(-2.78449e-07 0 0)
(-2.78449e-07 -1.27437e-22 1.97888e-37)
(-2.78449e-07 -1.27437e-22 -1.97888e-37)
(-2.78449e-07 0 0)
(-2.78449e-07 0 0)
(-2.78449e-07 0 0)
(-2.78449e-07 0 0)
(-2.78449e-07 0 0)
(-2.78449e-07 0 0)
(-2.78449e-07 0 0)
(-2.78449e-07 0 0)
(-2.78449e-07 0 0)
(-2.78449e-07 0 0)
(-2.78449e-07 0 0)
(-2.78449e-07 0 0)
(-2.78449e-07 0 0)
(-2.78449e-07 0 0)
(-2.78449e-07 0 0)
(-2.78449e-07 0 0)
(-2.78449e-07 0 0)
(-2.78449e-07 0 0)
(-2.78449e-07 0 0)
(-2.78449e-07 0 0)
(-2.78449e-07 0 0)
(-2.78449e-07 0 0)
(-2.78449e-07 0 0)
(-2.78449e-07 0 0)
(-2.78449e-07 0 0)
(-2.78449e-07 0 0)
(-2.78449e-07 0 0)
(-2.78449e-07 0 0)
(-2.78449e-07 0 0)
(-2.78449e-07 0 0)
(-2.78449e-07 0 0)
(-2.78449e-07 0 0)
(-2.78449e-07 0 0)
(-2.78449e-07 -6.0327e-23 -4.51204e-38)
(-2.78449e-07 6.69131e-23 -1.49986e-37)
(-2.78449e-07 -3.29309e-24 0)
(-2.78449e-07 -1.2724e-22 -1.90231e-37)
(-2.78449e-07 0 0)
(-2.78449e-07 0 0)
(-2.78449e-07 0 0)
(-2.78449e-07 0 0)
(-2.78449e-07 0 0)
(-2.78449e-07 0 0)
(-2.78449e-07 1.33826e-22 -1.99981e-37)
(-2.78449e-07 6.362e-23 1.42673e-37)
(-2.78449e-07 -6.362e-23 4.75578e-38)
(-2.78449e-07 0 0)
(-2.78449e-07 0 0)
(-2.78449e-07 0 0)
(-2.78449e-07 0 0)
(-2.78449e-07 -1.2724e-22 1.90231e-37)
(-2.78449e-07 -1.2724e-22 -1.90231e-37)
(-2.78449e-07 0 0)
(-2.78449e-07 -6.362e-23 -4.75578e-38)
(-2.78449e-07 -6.69131e-23 4.99952e-38)
(-2.78449e-07 0 0)
(-2.78449e-07 0 0)
(-2.78449e-07 0 0)
(-2.78449e-07 0 0)
(-2.78449e-07 0 0)
(-2.78449e-07 -6.362e-23 -4.75578e-38)
(-2.78449e-07 -6.69131e-23 4.99952e-38)
(-2.78449e-07 0 0)
(-2.78449e-07 0 0)
(-2.78449e-07 0 0)
(-2.78449e-07 0 0)
(-2.78449e-07 0 0)
(-2.78449e-07 0 0)
(-2.78449e-07 0 0)
(-2.78449e-07 0 0)
(-2.78449e-07 0 0)
(-2.78449e-07 0 0)
(-2.78449e-07 0 0)
(-2.78449e-07 0 0)
(-2.78449e-07 0 0)
(-2.78449e-07 0 0)
(-2.78449e-07 0 0)
(-2.78449e-07 0 0)
(-2.78449e-07 0 0)
(-2.78449e-07 0 0)
(-2.78449e-07 -6.362e-23 -4.75578e-38)
(-2.78449e-07 -6.69131e-23 4.99952e-38)
(-2.78449e-07 0 0)
(-2.78449e-07 0 0)
(-2.78449e-07 0 0)
(-2.78449e-07 0 0)
(-2.78449e-07 0 0)
(-2.78449e-07 0 0)
(-2.78449e-07 0 0)
(-2.78449e-07 0 0)
(-2.78449e-07 0 0)
(-2.78449e-07 0 0)
(-2.7845e-07 0 0)
(-2.7845e-07 6.0224e-23 4.14866e-38)
(-2.7845e-07 -1.27023e-22 1.9628e-37)
(-2.7845e-07 -2.57334e-22 -3.97427e-37)
(-2.7845e-07 -1.30311e-22 0)
(-2.7845e-07 -6.35115e-23 4.39198e-38)
(-2.7845e-07 0 0)
(-2.7845e-07 0 0)
(-2.7845e-07 0 0)
(-2.7845e-07 0 0)
(-2.7845e-07 0 0)
(-2.7845e-07 -1.33598e-22 2.06013e-37)
(-2.7845e-07 -6.35115e-23 -1.4206e-37)
(-2.7845e-07 6.35115e-23 -4.39198e-38)
(-2.7845e-07 0 0)
(-2.7845e-07 0 0)
(-2.7845e-07 0 0)
(-2.7845e-07 0 0)
(-2.7845e-07 0 0)
(-2.7845e-07 0 0)
(-2.7845e-07 0 0)
(-2.7845e-07 0 0)
(-2.7845e-07 0 0)
(-2.7845e-07 -6.35115e-23 -4.39198e-38)
(-2.7845e-07 -6.35115e-23 4.39198e-38)
(-2.7845e-07 0 0)
(-2.7845e-07 0 0)
(-2.7845e-07 -6.35115e-23 -4.39198e-38)
(-2.7845e-07 -3.28749e-24 0)
(-2.7845e-07 6.6799e-23 -4.6353e-38)
(-2.7845e-07 0 0)
(-2.7845e-07 -6.35115e-23 -4.39198e-38)
(-2.7845e-07 -6.6799e-23 4.6353e-38)
(-2.7845e-07 0 0)
(-2.7845e-07 0 0)
(-2.7845e-07 0 0)
(-2.7845e-07 0 0)
(-2.7845e-07 0 0)
(-2.7845e-07 0 0)
(-2.7845e-07 0 0)
(-2.7845e-07 0 0)
(-2.7845e-07 0 0)
(-2.7845e-07 -6.35115e-23 -4.39198e-38)
(-2.7845e-07 -6.6799e-23 4.6353e-38)
(-2.7845e-07 0 0)
(-2.7845e-07 0 0)
(-2.7845e-07 0 0)
(-2.7845e-07 0 0)
(-2.7845e-07 6.35115e-23 4.39198e-38)
(-2.7845e-07 6.6799e-23 -4.6353e-38)
(-2.7845e-07 -6.35115e-23 -4.39198e-38)
(-2.7845e-07 -6.6799e-23 4.6353e-38)
(-2.7845e-07 0 0)
(-2.7845e-07 0 0)
(-2.7845e-07 0 0)
(-2.7845e-07 0 0)
(-2.7845e-07 0 0)
(-2.7845e-07 0 0)
(-2.7845e-07 0 0)
(-2.7845e-07 0 0)
(-2.7845e-07 0 0)
(-2.7845e-07 6.66736e-23 -5.29786e-38)
(-2.7845e-07 1.26785e-22 1.95358e-37)
(-2.7845e-07 1.30066e-22 0)
(-2.7845e-07 6.66736e-23 4.61373e-38)
(-2.7845e-07 6.33923e-23 -1.41388e-37)
(-2.7845e-07 6.33923e-23 5.05499e-38)
(-2.7845e-07 0 0)
(-2.7845e-07 -6.33923e-23 -4.71293e-38)
(-2.7845e-07 -6.33923e-23 4.71293e-38)
(-2.7845e-07 0 0)
(-2.7845e-07 0 0)
(-2.7845e-07 0 0)
(-2.7845e-07 0 0)
(-2.7845e-07 0 0)
(-2.7845e-07 0 0)
(-2.7845e-07 -6.33923e-23 -4.71293e-38)
(-2.7845e-07 -1.30066e-22 0)
(-2.7845e-07 -6.33923e-23 4.71293e-38)
(-2.7845e-07 0 0)
(-2.7845e-07 0 0)
(-2.7845e-07 6.33923e-23 4.71293e-38)
(-2.7845e-07 6.66736e-23 -4.95579e-38)
(-2.7845e-07 6.33923e-23 4.71293e-38)
(-2.7845e-07 0 0)
(-2.7845e-07 -6.66736e-23 4.95579e-38)
(-2.7845e-07 0 0)
(-2.7845e-07 0 0)
(-2.7845e-07 0 0)
(-2.7845e-07 0 0)
(-2.7845e-07 0 0)
(-2.7845e-07 6.33923e-23 4.71293e-38)
(-2.7845e-07 6.66736e-23 -4.95579e-38)
(-2.7845e-07 0 0)
(-2.7845e-07 -6.33923e-23 -4.71293e-38)
(-2.7845e-07 -6.66736e-23 4.95579e-38)
(-2.7845e-07 0 0)
(-2.7845e-07 0 0)
(-2.7845e-07 0 0)
(-2.7845e-07 0 0)
(-2.7845e-07 0 0)
(-2.7845e-07 -6.33923e-23 -4.71293e-38)
(-2.7845e-07 -6.66736e-23 -4.61373e-38)
(-2.7845e-07 -6.33923e-23 4.37086e-38)
(-2.7845e-07 -6.66736e-23 4.95579e-38)
(-2.7845e-07 -6.33923e-23 -4.71293e-38)
(-2.7845e-07 -6.66736e-23 4.95579e-38)
(-2.7845e-07 0 0)
(-2.7845e-07 0 0)
(-2.7845e-07 0 0)
(-2.7845e-07 6.33923e-23 4.71293e-38)
(-2.7845e-07 6.66736e-23 -4.95579e-38)
(-2.7845e-07 0 0)
(-2.7845e-07 0 0)
(-2.7845e-07 0 0)
(-2.7845e-07 0 0)
(-2.7845e-07 0 0)
(-2.7845e-07 0 0)
(-2.7845e-07 0 0)
(-2.7845e-07 0 0)
(-2.78451e-07 0 0)
(-2.78451e-07 -6.65361e-23 4.93076e-38)
(-2.78451e-07 -6.65361e-23 -4.93076e-38)
(-2.78451e-07 0 0)
(-2.78451e-07 6.32615e-23 4.68839e-38)
(-2.78451e-07 0 0)
(-2.78451e-07 -6.32615e-23 -4.68839e-38)
(-2.78451e-07 0 0)
(-2.78451e-07 6.32615e-23 4.68839e-38)
(-2.78451e-07 6.32615e-23 -4.68839e-38)
(-2.78451e-07 0 0)
(-2.78451e-07 0 0)
(-2.78451e-07 0 0)
(-2.78451e-07 0 0)
(-2.78451e-07 0 0)
(-2.78451e-07 0 0)
(-2.78451e-07 6.32615e-23 4.68839e-38)
(-2.78451e-07 1.29798e-22 0)
(-2.78451e-07 6.32615e-23 -4.68839e-38)
(-2.78451e-07 0 0)
(-2.78451e-07 0 0)
(-2.78451e-07 0 0)
(-2.78451e-07 0 0)
(-2.78451e-07 0 0)
(-2.78451e-07 6.32615e-23 4.68839e-38)
(-2.78451e-07 6.65361e-23 -4.93076e-38)
(-2.78451e-07 0 0)
(-2.78451e-07 6.32615e-23 4.68839e-38)
(-2.78451e-07 6.65361e-23 -4.93076e-38)
(-2.78451e-07 0 0)
(-2.78451e-07 0 0)
(-2.78451e-07 0 0)
(-2.78451e-07 0 0)
(-2.78451e-07 0 0)
(-2.78451e-07 6.32615e-23 4.68839e-38)
(-2.78451e-07 6.65361e-23 -4.93076e-38)
(-2.78451e-07 0 0)
(-2.78451e-07 0 0)
(-2.78451e-07 0 0)
(-2.78451e-07 0 0)
(-2.78451e-07 0 0)
(-2.78451e-07 6.32615e-23 4.68839e-38)
(-2.78451e-07 1.29798e-22 0)
(-2.78451e-07 1.29798e-22 0)
(-2.78451e-07 6.65361e-23 -4.93076e-38)
(-2.78451e-07 6.32615e-23 4.68839e-38)
(-2.78451e-07 6.65361e-23 -4.93076e-38)
(-2.78451e-07 0 0)
(-2.78451e-07 0 0)
(-2.78451e-07 0 0)
(-2.78451e-07 0 0)
(-2.78451e-07 0 0)
(-2.78451e-07 0 0)
(-2.78451e-07 0 0)
(-2.78451e-07 0 0)
(-2.78451e-07 0 0)
(-2.78451e-07 0 0)
(-2.78451e-07 0 0)
(-2.78451e-07 0 0)
(-2.78451e-07 0 0)
(-2.78451e-07 0 0)
(-2.78451e-07 0 0)
(-2.78451e-07 0 0)
(-2.78451e-07 0 0)
(-2.78451e-07 -6.31181e-23 -5.00068e-38)
(-2.78451e-07 -6.31181e-23 5.00068e-38)
(-2.78451e-07 0 0)
(-2.78451e-07 0 0)
(-2.78451e-07 0 0)
(-2.78451e-07 0 0)
(-2.78451e-07 -6.31181e-23 -5.00068e-38)
(-2.78451e-07 -1.26236e-22 0)
(-2.78451e-07 -1.29503e-22 0)
(-2.78451e-07 -1.26236e-22 0)
(-2.78451e-07 -6.31181e-23 5.00068e-38)
(-2.78451e-07 0 0)
(-2.78451e-07 0 0)
(-2.78451e-07 0 0)
(-2.78451e-07 0 0)
(-2.78451e-07 0 0)
(-2.78451e-07 0 0)
(-2.78451e-07 0 0)
(-2.78451e-07 0 0)
(-2.78451e-07 -6.31181e-23 -5.00068e-38)
(-2.78451e-07 -6.31181e-23 5.00068e-38)
(-2.78451e-07 0 0)
(-2.78451e-07 0 0)
(-2.78451e-07 0 0)
(-2.78451e-07 0 0)
(-2.78451e-07 0 0)
(-2.78451e-07 0 0)
(-2.78451e-07 0 0)
(-2.78451e-07 -6.31181e-23 -5.00068e-38)
(-2.78451e-07 -1.29503e-22 0)
(-2.78451e-07 -1.29503e-22 0)
(-2.78451e-07 -1.29503e-22 0)
(-2.78451e-07 -1.29503e-22 0)
(-2.78451e-07 -6.63852e-23 5.2425e-38)
(-2.78451e-07 0 0)
(-2.78451e-07 0 0)
(-2.78451e-07 0 0)
(-2.78451e-07 0 0)
(-2.78451e-07 0 0)
(-2.78451e-07 0 0)
(-2.78451e-07 0 0)
(-2.78451e-07 -6.31181e-23 -5.00068e-38)
(-2.78451e-07 -1.29503e-22 0)
(-2.78451e-07 -6.63852e-23 5.2425e-38)
(-2.78451e-07 0 0)
(-2.78451e-07 0 0)
(-2.78451e-07 0 0)
(-2.78451e-07 0 0)
(-2.78451e-07 0 0)
(-2.78451e-07 0 0)
(-2.78451e-07 0 0)
(-2.78451e-07 0 0)
(-2.78451e-07 0 0)
(-2.78451e-07 -6.31181e-23 -5.00068e-38)
(-2.78451e-07 -1.29503e-22 0)
(-2.78451e-07 -6.63852e-23 5.2425e-38)
(-2.78452e-07 0 0)
(-2.78452e-07 6.62198e-23 -5.21088e-38)
(-2.78452e-07 6.62198e-23 5.21088e-38)
(-2.78452e-07 0 0)
(-2.78452e-07 6.29608e-23 4.29481e-38)
(-2.78452e-07 6.29608e-23 -4.29481e-38)
(-2.78452e-07 0 0)
(-2.78452e-07 0 0)
(-2.78452e-07 0 0)
(-2.78452e-07 6.29608e-23 -4.96966e-38)
(-2.78452e-07 1.29181e-22 1.90114e-37)
(-2.78452e-07 1.25922e-22 0)
(-2.78452e-07 1.29181e-22 0)
(-2.78452e-07 1.25922e-22 0)
(-2.78452e-07 6.29608e-23 -4.29481e-38)
(-2.78452e-07 0 0)
(-2.78452e-07 0 0)
(-2.78452e-07 0 0)
(-2.78452e-07 0 0)
(-2.78452e-07 0 0)
(-2.78452e-07 0 0)
(-2.78452e-07 0 0)
(-2.78452e-07 0 0)
(-2.78452e-07 6.29608e-23 4.29481e-38)
(-2.78452e-07 6.29608e-23 -4.29481e-38)
(-2.78452e-07 0 0)
(-2.78452e-07 0 0)
(-2.78452e-07 0 0)
(-2.78452e-07 0 0)
(-2.78452e-07 0 0)
(-2.78452e-07 0 0)
(-2.78452e-07 0 0)
(-2.78452e-07 6.29608e-23 4.29481e-38)
(-2.78452e-07 1.29181e-22 0)
(-2.78452e-07 1.29181e-22 0)
(-2.78452e-07 1.29181e-22 0)
(-2.78452e-07 1.29181e-22 0)
(-2.78452e-07 6.62198e-23 -4.53602e-38)
(-2.78452e-07 0 0)
(-2.78452e-07 0 0)
(-2.78452e-07 0 0)
(-2.78452e-07 0 0)
(-2.78452e-07 0 0)
(-2.78452e-07 0 0)
(-2.78452e-07 0 0)
(-2.78452e-07 6.29608e-23 4.29481e-38)
(-2.78452e-07 1.29181e-22 0)
(-2.78452e-07 6.62198e-23 -4.53602e-38)
(-2.78452e-07 0 0)
(-2.78452e-07 0 0)
(-2.78452e-07 0 0)
(-2.78452e-07 0 0)
(-2.78452e-07 0 0)
(-2.78452e-07 0 0)
(-2.78452e-07 0 0)
(-2.78452e-07 0 0)
(-2.78452e-07 0 0)
(-2.78452e-07 6.29608e-23 4.29481e-38)
(-2.78452e-07 1.29181e-22 0)
(-2.78452e-07 6.62198e-23 -4.87345e-38)
(-2.78453e-07 0 0)
(-2.78453e-07 -6.60385e-23 5.17632e-38)
(-2.78453e-07 -6.60385e-23 -5.17632e-38)
(-2.78453e-07 0 0)
(-2.78453e-07 0 0)
(-2.78453e-07 1.28827e-22 -1.88818e-37)
(-2.78453e-07 1.25577e-22 1.84007e-37)
(-2.78453e-07 0 0)
(-2.78453e-07 0 0)
(-2.78453e-07 0 0)
(-2.78453e-07 0 0)
(-2.78453e-07 1.32077e-22 -1.93629e-37)
(-2.78453e-07 1.25577e-22 1.84007e-37)
(-2.78453e-07 0 0)
(-2.78453e-07 0 0)
(-2.78453e-07 0 0)
(-2.78453e-07 0 0)
(-2.78453e-07 1.28827e-22 -1.88818e-37)
(-2.78453e-07 1.25577e-22 1.84007e-37)
(-2.78453e-07 1.25577e-22 -1.84007e-37)
(-2.78453e-07 1.25577e-22 1.84007e-37)
(-2.78453e-07 0 0)
(-2.78453e-07 0 0)
(-2.78453e-07 0 0)
(-2.78453e-07 0 0)
(-2.78453e-07 1.25577e-22 -1.84007e-37)
(-2.78453e-07 1.25577e-22 1.84007e-37)
(-2.78453e-07 0 0)
(-2.78453e-07 0 0)
(-2.78453e-07 0 0)
(-2.78453e-07 0 0)
(-2.78453e-07 0 0)
(-2.78453e-07 1.28827e-22 -1.88818e-37)
(-2.78453e-07 1.28827e-22 1.88818e-37)
(-2.78453e-07 0 0)
(-2.78453e-07 0 0)
(-2.78453e-07 0 0)
(-2.78453e-07 0 0)
(-2.78453e-07 1.28827e-22 -1.88818e-37)
(-2.78453e-07 1.25577e-22 1.84007e-37)
(-2.78453e-07 0 0)
(-2.78453e-07 0 0)
(-2.78453e-07 0 0)
(-2.78453e-07 0 0)
(-2.78453e-07 0 0)
(-2.78453e-07 1.28827e-22 -1.88818e-37)
(-2.78453e-07 1.28827e-22 1.88818e-37)
(-2.78453e-07 0 0)
(-2.78453e-07 0 0)
(-2.78453e-07 0 0)
(-2.78453e-07 0 0)
(-2.78453e-07 0 0)
(-2.78453e-07 0 0)
(-2.78453e-07 0 0)
(-2.78453e-07 0 0)
(-2.78453e-07 0 0)
(-2.78453e-07 0 0)
(-2.78453e-07 0 0)
(-2.78453e-07 0 0)
(-2.78453e-07 0 0)
(-2.78454e-07 0 0)
(-2.78454e-07 1.91038e-22 -4.0805e-37)
(-2.78454e-07 3.22717e-22 2.18774e-37)
(-2.78454e-07 1.25198e-22 1.82605e-37)
(-2.78454e-07 0 0)
(-2.78454e-07 -6.25992e-23 1.36954e-37)
(-2.78454e-07 -6.25992e-23 -1.36954e-37)
(-2.78454e-07 0 0)
(-2.78454e-07 0 0)
(-2.78454e-07 0 0)
(-2.78454e-07 1.25198e-22 -4.39504e-47)
(-2.78454e-07 0 0)
(-2.78454e-07 -1.25198e-22 -1.89277e-37)
(-2.78454e-07 0 0)
(-2.78454e-07 0 0)
(-2.78454e-07 0 0)
(-2.78454e-07 0 0)
(-2.78454e-07 -1.28439e-22 1.94073e-37)
(-2.78454e-07 -1.25198e-22 -1.89277e-37)
(-2.78454e-07 -1.25198e-22 1.89277e-37)
(-2.78454e-07 -1.25198e-22 -1.89277e-37)
(-2.78454e-07 0 0)
(-2.78454e-07 0 0)
(-2.78454e-07 0 0)
(-2.78454e-07 0 0)
(-2.78454e-07 -1.25198e-22 1.89277e-37)
(-2.78454e-07 -1.25198e-22 -1.89277e-37)
(-2.78454e-07 0 0)
(-2.78454e-07 0 0)
(-2.78454e-07 0 0)
(-2.78454e-07 0 0)
(-2.78454e-07 0 0)
(-2.78454e-07 -1.28439e-22 1.94073e-37)
(-2.78454e-07 -1.28439e-22 -1.94073e-37)
(-2.78454e-07 0 0)
(-2.78454e-07 0 0)
(-2.78454e-07 0 0)
(-2.78454e-07 0 0)
(-2.78454e-07 -1.28439e-22 1.94073e-37)
(-2.78454e-07 -1.25198e-22 -1.89277e-37)
(-2.78454e-07 0 0)
(-2.78454e-07 0 0)
(-2.78454e-07 0 0)
(-2.78454e-07 0 0)
(-2.78454e-07 0 0)
(-2.78454e-07 -1.28439e-22 1.94073e-37)
(-2.78454e-07 -1.28439e-22 -1.94073e-37)
(-2.78454e-07 0 0)
(-2.78454e-07 0 0)
(-2.78454e-07 0 0)
(-2.78454e-07 0 0)
(-2.78454e-07 0 0)
(-2.78454e-07 0 0)
(-2.78454e-07 0 0)
(-2.78454e-07 0 0)
(-2.78454e-07 0 0)
(-2.78454e-07 0 0)
(-2.78454e-07 0 0)
(-2.78454e-07 0 0)
(-2.78454e-07 0 0)
(-2.78454e-07 0 0)
(-2.78454e-07 -1.90404e-22 4.24525e-37)
(-2.78454e-07 -3.21647e-22 -2.33512e-37)
(-2.78454e-07 -1.24783e-22 -1.877e-37)
(-2.78454e-07 0 0)
(-2.78454e-07 0 0)
(-2.78454e-07 0 0)
(-2.78454e-07 0 0)
(-2.78454e-07 0 0)
(-2.78454e-07 0 0)
(-2.78454e-07 0 0)
(-2.78454e-07 0 0)
(-2.78454e-07 0 0)
(-2.78454e-07 0 0)
(-2.78454e-07 0 0)
(-2.78454e-07 0 0)
(-2.78454e-07 0 0)
(-2.78454e-07 0 0)
(-2.78454e-07 0 0)
(-2.78454e-07 0 0)
(-2.78454e-07 0 0)
(-2.78454e-07 0 0)
(-2.78454e-07 0 0)
(-2.78454e-07 0 0)
(-2.78454e-07 0 0)
(-2.78454e-07 0 0)
(-2.78454e-07 0 0)
(-2.78454e-07 0 0)
(-2.78454e-07 0 0)
(-2.78454e-07 0 0)
(-2.78454e-07 0 0)
(-2.78454e-07 0 0)
(-2.78454e-07 0 0)
(-2.78454e-07 0 0)
(-2.78454e-07 0 0)
(-2.78454e-07 0 0)
(-2.78454e-07 0 0)
(-2.78454e-07 0 0)
(-2.78454e-07 0 0)
(-2.78454e-07 0 0)
(-2.78454e-07 0 0)
(-2.78454e-07 0 0)
(-2.78454e-07 0 0)
(-2.78454e-07 1.28013e-22 -1.85853e-37)
(-2.78454e-07 1.24783e-22 1.81072e-37)
(-2.78454e-07 0 0)
(-2.78454e-07 0 0)
(-2.78454e-07 0 0)
(-2.78454e-07 0 0)
(-2.78454e-07 0 0)
(-2.78454e-07 0 0)
(-2.78454e-07 0 0)
(-2.78454e-07 0 0)
(-2.78454e-07 0 0)
(-2.78454e-07 0 0)
(-2.78454e-07 0 0)
(-2.78454e-07 1.28013e-22 -1.85853e-37)
(-2.78454e-07 1.28013e-22 1.85853e-37)
(-2.78454e-07 0 0)
(-2.78454e-07 0 0)
(-2.78455e-07 0 0)
(-2.78455e-07 0 0)
(-2.78455e-07 0 0)
(-2.78455e-07 0 0)
(-2.78455e-07 0 0)
(-2.78455e-07 -6.53812e-23 5.05198e-38)
(-2.78455e-07 -6.21634e-23 -4.81381e-38)
(-2.78455e-07 0 0)
(-2.78455e-07 0 0)
(-2.78455e-07 -6.21634e-23 4.81381e-38)
(-2.78455e-07 -1.89708e-22 1.36928e-37)
(-2.78455e-07 -1.30762e-22 -1.95501e-37)
(-2.78455e-07 0 0)
(-2.78455e-07 0 0)
(-2.78455e-07 0 0)
(-2.78455e-07 0 0)
(-2.78455e-07 -6.21634e-23 -4.15594e-38)
(-2.78455e-07 -6.53812e-23 4.3941e-38)
(-2.78455e-07 0 0)
(-2.78455e-07 0 0)
(-2.78455e-07 0 0)
(-2.78455e-07 0 0)
(-2.78455e-07 0 0)
(-2.78455e-07 0 0)
(-2.78455e-07 0 0)
(-2.78455e-07 0 0)
(-2.78455e-07 0 0)
(-2.78455e-07 0 0)
(-2.78455e-07 0 0)
(-2.78455e-07 0 0)
(-2.78455e-07 0 0)
(-2.78455e-07 0 0)
(-2.78455e-07 0 0)
(-2.78455e-07 0 0)
(-2.78455e-07 0 0)
(-2.78455e-07 0 0)
(-2.78455e-07 0 0)
(-2.78455e-07 0 0)
(-2.78455e-07 0 0)
(-2.78455e-07 0 0)
(-2.78455e-07 0 0)
(-2.78455e-07 0 0)
(-2.78455e-07 0 0)
(-2.78455e-07 -1.27545e-22 1.90737e-37)
(-2.78455e-07 -1.24327e-22 -1.85974e-37)
(-2.78455e-07 0 0)
(-2.78455e-07 0 0)
(-2.78455e-07 0 0)
(-2.78455e-07 0 0)
(-2.78455e-07 0 0)
(-2.78455e-07 0 0)
(-2.78455e-07 0 0)
(-2.78455e-07 0 0)
(-2.78455e-07 0 0)
(-2.78455e-07 0 0)
(-2.78455e-07 0 0)
(-2.78455e-07 -1.27545e-22 1.90737e-37)
(-2.78455e-07 -1.27545e-22 -1.90737e-37)
(-2.78455e-07 0 0)
(-2.78455e-07 0 0)
(-2.78457e-07 0 0)
(-2.78457e-07 6.51172e-23 -4.34986e-38)
(-2.78457e-07 6.51172e-23 4.34986e-38)
(-2.78457e-07 0 0)
(-2.78457e-07 0 0)
(-2.78457e-07 0 0)
(-2.78457e-07 0 0)
(-2.78457e-07 0 0)
(-2.78457e-07 0 0)
(-2.78457e-07 0 0)
(-2.78457e-07 0 0)
(-2.78457e-07 0 0)
(-2.78457e-07 0 0)
(-2.78457e-07 0 0)
(-2.78457e-07 0 0)
(-2.78457e-07 0 0)
(-2.78457e-07 6.19123e-23 5.09152e-38)
(-2.78457e-07 6.51172e-23 -5.32873e-38)
(-2.78457e-07 0 0)
(-2.78457e-07 0 0)
(-2.78457e-07 0 0)
(-2.78457e-07 0 0)
(-2.78457e-07 0 0)
(-2.78457e-07 0 0)
(-2.78457e-07 0 0)
(-2.78457e-07 0 0)
(-2.78457e-07 0 0)
(-2.78457e-07 0 0)
(-2.78457e-07 0 0)
(-2.78457e-07 0 0)
(-2.78457e-07 0 0)
(-2.78457e-07 0 0)
(-2.78457e-07 0 0)
(-2.78457e-07 0 0)
(-2.78457e-07 0 0)
(-2.78457e-07 0 0)
(-2.78457e-07 0 0)
(-2.78457e-07 0 0)
(-2.78457e-07 0 0)
(-2.78457e-07 0 0)
(-2.78457e-07 0 0)
(-2.78457e-07 0 0)
(-2.78457e-07 0 0)
(-2.78457e-07 0 0)
(-2.78457e-07 0 0)
(-2.78457e-07 0 0)
(-2.78457e-07 0 0)
(-2.78457e-07 0 0)
(-2.78457e-07 0 0)
(-2.78457e-07 0 0)
(-2.78457e-07 0 0)
(-2.78457e-07 0 0)
(-2.78457e-07 0 0)
(-2.78457e-07 0 0)
(-2.78457e-07 0 0)
(-2.78457e-07 0 0)
(-2.78457e-07 0 0)
(-2.78457e-07 0 0)
(-2.78457e-07 0 0)
(-2.78457e-07 0 0)
(-2.78458e-07 0 0)
(-2.78458e-07 -6.48261e-23 4.30134e-38)
(-2.78458e-07 -6.48261e-23 -4.30134e-38)
(-2.78458e-07 1.26462e-22 -1.80266e-37)
(-2.78458e-07 1.23271e-22 1.75543e-37)
(-2.78458e-07 0 0)
(-2.78458e-07 0 0)
(-2.78458e-07 0 0)
(-2.78458e-07 0 0)
(-2.78458e-07 0 0)
(-2.78458e-07 0 0)
(-2.78458e-07 0 0)
(-2.78458e-07 0 0)
(-2.78458e-07 0 0)
(-2.78458e-07 0 0)
(-2.78458e-07 0 0)
(-2.78458e-07 0 0)
(-2.78458e-07 0 0)
(-2.78458e-07 0 0)
(-2.78458e-07 0 0)
(-2.78458e-07 0 0)
(-2.78458e-07 0 0)
(-2.78458e-07 0 0)
(-2.78458e-07 0 0)
(-2.78458e-07 0 0)
(-2.78458e-07 0 0)
(-2.78458e-07 0 0)
(-2.78458e-07 0 0)
(-2.78458e-07 0 0)
(-2.78458e-07 0 0)
(-2.78458e-07 0 0)
(-2.78458e-07 0 0)
(-2.78458e-07 1.26462e-22 -1.80266e-37)
(-2.78458e-07 1.26462e-22 1.80266e-37)
(-2.78458e-07 0 0)
(-2.78458e-07 0 0)
(-2.78458e-07 0 0)
(-2.78458e-07 0 0)
(-2.78458e-07 0 0)
(-2.78458e-07 0 0)
(-2.78458e-07 0 0)
(-2.78458e-07 0 0)
(-2.78458e-07 0 0)
(-2.78458e-07 0 0)
(-2.78458e-07 0 0)
(-2.78458e-07 0 0)
(-2.78458e-07 0 0)
(-2.78458e-07 0 0)
(-2.78458e-07 0 0)
(-2.78458e-07 0 0)
(-2.78458e-07 0 0)
(-2.78458e-07 0 0)
(-2.78458e-07 0 0)
(-2.78458e-07 0 0)
(-2.78458e-07 0 0)
(-2.78458e-07 0 0)
(-2.78458e-07 0 0)
(-2.78458e-07 0 0)
(-2.78458e-07 0 0)
(-2.78458e-07 0 0)
(-2.78459e-07 0 0)
(-2.78459e-07 0 0)
(-2.78459e-07 0 0)
(-2.78459e-07 -1.25834e-22 1.90837e-37)
(-2.78459e-07 -1.2266e-22 -1.86137e-37)
(-2.78459e-07 0 0)
(-2.78459e-07 0 0)
(-2.78459e-07 0 0)
(-2.78459e-07 0 0)
(-2.78459e-07 0 0)
(-2.78459e-07 0 0)
(-2.78459e-07 0 0)
(-2.78459e-07 0 0)
(-2.78459e-07 0 0)
(-2.78459e-07 0 0)
(-2.78459e-07 0 0)
(-2.78459e-07 0 0)
(-2.78459e-07 0 0)
(-2.78459e-07 0 0)
(-2.78459e-07 0 0)
(-2.78459e-07 0 0)
(-2.78459e-07 0 0)
(-2.78459e-07 0 0)
(-2.78459e-07 0 0)
(-2.78459e-07 0 0)
(-2.78459e-07 0 0)
(-2.78459e-07 0 0)
(-2.78459e-07 0 0)
(-2.78459e-07 0 0)
(-2.78459e-07 0 0)
(-2.78459e-07 0 0)
(-2.78459e-07 0 0)
(-2.78459e-07 -1.25834e-22 1.90837e-37)
(-2.78459e-07 -1.25834e-22 -1.90837e-37)
(-2.78459e-07 0 0)
(-2.78459e-07 0 0)
(-2.78459e-07 0 0)
(-2.78459e-07 0 0)
(-2.78459e-07 0 0)
(-2.78459e-07 0 0)
(-2.78459e-07 0 0)
(-2.78459e-07 0 0)
(-2.78459e-07 0 0)
(-2.78459e-07 0 0)
(-2.78459e-07 0 0)
(-2.78459e-07 0 0)
(-2.78459e-07 0 0)
(-2.78459e-07 0 0)
(-2.78459e-07 0 0)
(-2.78459e-07 0 0)
(-2.78459e-07 0 0)
(-2.78459e-07 0 0)
(-2.78459e-07 0 0)
(-2.78459e-07 0 0)
(-2.78459e-07 0 0)
(-2.78459e-07 0 0)
(-2.78459e-07 0 0)
(-2.78459e-07 0 0)
(-2.78459e-07 0 0)
(-2.78459e-07 0 0)
(-2.7846e-07 0 0)
(-2.7846e-07 0 0)
(-2.7846e-07 0 0)
(-2.7846e-07 0 0)
(-2.7846e-07 -6.09914e-23 -4.27242e-38)
(-2.7846e-07 0 0)
(-2.7846e-07 6.09914e-23 4.90574e-38)
(-2.7846e-07 0 0)
(-2.7846e-07 0 0)
(-2.7846e-07 0 0)
(-2.7846e-07 0 0)
(-2.7846e-07 0 0)
(-2.7846e-07 0 0)
(-2.7846e-07 0 0)
(-2.7846e-07 0 0)
(-2.7846e-07 0 0)
(-2.7846e-07 0 0)
(-2.7846e-07 -6.09914e-23 -4.27242e-38)
(-2.7846e-07 6.09914e-23 -1.37672e-37)
(-2.7846e-07 1.21983e-22 1.83563e-37)
(-2.7846e-07 0 0)
(-2.7846e-07 -6.09914e-23 -4.27242e-38)
(-2.7846e-07 -6.41487e-23 4.5061e-38)
(-2.7846e-07 0 0)
(-2.7846e-07 1.21983e-22 -1.83563e-37)
(-2.7846e-07 1.21983e-22 1.83563e-37)
(-2.7846e-07 0 0)
(-2.7846e-07 -6.09914e-23 -4.27242e-38)
(-2.7846e-07 -6.41487e-23 4.5061e-38)
(-2.7846e-07 0 0)
(-2.7846e-07 0 0)
(-2.7846e-07 0 0)
(-2.7846e-07 0 0)
(-2.7846e-07 0 0)
(-2.7846e-07 0 0)
(-2.7846e-07 0 0)
(-2.7846e-07 0 0)
(-2.7846e-07 0 0)
(-2.7846e-07 0 0)
(-2.7846e-07 0 0)
(-2.7846e-07 0 0)
(-2.7846e-07 -6.09914e-23 -4.27242e-38)
(-2.7846e-07 -6.41487e-23 4.5061e-38)
(-2.7846e-07 0 0)
(-2.7846e-07 0 0)
(-2.7846e-07 0 0)
(-2.7846e-07 0 0)
(-2.7846e-07 0 0)
(-2.7846e-07 -6.09914e-23 -4.27242e-38)
(-2.7846e-07 -6.41487e-23 4.5061e-38)
(-2.7846e-07 0 0)
(-2.7846e-07 0 0)
(-2.7846e-07 0 0)
(-2.7846e-07 0 0)
(-2.7846e-07 1.2514e-22 -1.88237e-37)
(-2.7846e-07 1.2514e-22 1.88237e-37)
(-2.7846e-07 0 0)
(-2.7846e-07 0 0)
(-2.7846e-07 -6.09914e-23 -4.27242e-38)
(-2.7846e-07 -6.41487e-23 4.82276e-38)
(-2.78462e-07 0 0)
(-2.78462e-07 0 0)
(-2.78462e-07 1.2437e-22 -1.79116e-37)
(-2.78462e-07 1.21232e-22 1.74471e-37)
(-2.78462e-07 6.06159e-23 4.51816e-38)
(-2.78462e-07 0 0)
(-2.78462e-07 -6.06159e-23 -4.83094e-38)
(-2.78462e-07 0 0)
(-2.78462e-07 0 0)
(-2.78462e-07 0 0)
(-2.78462e-07 0 0)
(-2.78462e-07 0 0)
(-2.78462e-07 0 0)
(-2.78462e-07 0 0)
(-2.78462e-07 0 0)
(-2.78462e-07 0 0)
(-2.78462e-07 0 0)
(-2.78462e-07 1.84986e-22 -1.37867e-37)
(-2.78462e-07 6.06159e-23 -3.89261e-38)
(-2.78462e-07 -1.21232e-22 -1.74471e-37)
(-2.78462e-07 0 0)
(-2.78462e-07 1.81848e-22 -1.35545e-37)
(-2.78462e-07 1.2437e-22 1.91627e-37)
(-2.78462e-07 -6.06159e-23 4.51816e-38)
(-2.78462e-07 -1.21232e-22 1.74471e-37)
(-2.78462e-07 -1.21232e-22 -1.74471e-37)
(-2.78462e-07 0 0)
(-2.78462e-07 6.06159e-23 4.51816e-38)
(-2.78462e-07 6.37538e-23 -4.75041e-38)
(-2.78462e-07 0 0)
(-2.78462e-07 1.2437e-22 -1.79116e-37)
(-2.78462e-07 1.2437e-22 1.79116e-37)
(-2.78462e-07 0 0)
(-2.78462e-07 0 0)
(-2.78462e-07 0 0)
(-2.78462e-07 0 0)
(-2.78462e-07 0 0)
(-2.78462e-07 0 0)
(-2.78462e-07 0 0)
(-2.78462e-07 0 0)
(-2.78462e-07 0 0)
(-2.78462e-07 6.06159e-23 4.51816e-38)
(-2.78462e-07 6.37538e-23 -4.75041e-38)
(-2.78462e-07 0 0)
(-2.78462e-07 0 0)
(-2.78462e-07 1.2437e-22 -1.79116e-37)
(-2.78462e-07 1.2437e-22 1.79116e-37)
(-2.78462e-07 0 0)
(-2.78462e-07 6.06159e-23 4.51816e-38)
(-2.78462e-07 6.37538e-23 -4.75041e-38)
(-2.78462e-07 0 0)
(-2.78462e-07 0 0)
(-2.78462e-07 0 0)
(-2.78462e-07 0 0)
(-2.78462e-07 -1.2437e-22 1.79116e-37)
(-2.78462e-07 -1.2437e-22 -1.79116e-37)
(-2.78462e-07 0 0)
(-2.78462e-07 0 0)
(-2.78462e-07 6.06159e-23 4.51816e-38)
(-2.78462e-07 6.37538e-23 -4.75041e-38)
(-2.78464e-07 0 0)
(-2.78464e-07 0 0)
(-2.78464e-07 -1.80594e-22 1.33196e-37)
(-2.78464e-07 -2.43908e-22 -3.59802e-37)
(-2.78464e-07 -6.33143e-23 4.67051e-38)
(-2.78464e-07 0 0)
(-2.78464e-07 0 0)
(-2.78464e-07 0 0)
(-2.78464e-07 0 0)
(-2.78464e-07 0 0)
(-2.78464e-07 0 0)
(-2.78464e-07 0 0)
(-2.78464e-07 -6.0198e-23 -4.43986e-38)
(-2.78464e-07 -1.20396e-22 0)
(-2.78464e-07 -6.0198e-23 4.43986e-38)
(-2.78464e-07 0 0)
(-2.78464e-07 0 0)
(-2.78464e-07 -1.23512e-22 1.88377e-37)
(-2.78464e-07 -1.20396e-22 -1.83764e-37)
(-2.78464e-07 1.20396e-22 -1.77594e-37)
(-2.78464e-07 1.20396e-22 1.77594e-37)
(-2.78464e-07 -1.20396e-22 1.83764e-37)
(-2.78464e-07 -6.0198e-23 -1.33196e-37)
(-2.78464e-07 6.0198e-23 -4.43986e-38)
(-2.78464e-07 1.20396e-22 -1.77594e-37)
(-2.78464e-07 1.20396e-22 1.77594e-37)
(-2.78464e-07 0 0)
(-2.78464e-07 1.23512e-22 -1.82207e-37)
(-2.78464e-07 1.23512e-22 1.82207e-37)
(-2.78464e-07 0 0)
(-2.78464e-07 -1.23512e-22 1.88377e-37)
(-2.78464e-07 -1.23512e-22 -1.88377e-37)
(-2.78464e-07 -6.0198e-23 -4.43986e-38)
(-2.78464e-07 -6.33143e-23 4.67051e-38)
(-2.78464e-07 0 0)
(-2.78464e-07 0 0)
(-2.78464e-07 0 0)
(-2.78464e-07 0 0)
(-2.78464e-07 0 0)
(-2.78464e-07 0 0)
(-2.78464e-07 0 0)
(-2.78464e-07 0 0)
(-2.78464e-07 0 0)
(-2.78464e-07 0 0)
(-2.78464e-07 0 0)
(-2.78464e-07 -1.23512e-22 1.88377e-37)
(-2.78464e-07 -1.8371e-22 -4.15761e-37)
(-2.78464e-07 -6.33143e-23 4.67051e-38)
(-2.78464e-07 0 0)
(-2.78464e-07 0 0)
(-2.78464e-07 0 0)
(-2.78464e-07 0 0)
(-2.78464e-07 0 0)
(-2.78464e-07 0 0)
(-2.78464e-07 0 0)
(-2.78464e-07 -6.0198e-23 -4.43986e-38)
(-2.78464e-07 -6.33143e-23 4.67051e-38)
(-2.78464e-07 0 0)
(-2.78464e-07 -6.0198e-23 -4.43986e-38)
(-2.78464e-07 -6.33143e-23 4.67051e-38)
(-2.78466e-07 -3.35136e-12 0)
(-2.78466e-07 -3.35136e-12 0)
(-2.78466e-07 -3.35136e-12 -2.61053e-27)
(-2.78466e-07 -3.35136e-12 0)
(-2.78466e-07 -3.35136e-12 2.61053e-27)
(-2.78466e-07 -3.35136e-12 0)
(-2.78466e-07 -3.35136e-12 0)
(-2.78466e-07 -3.35136e-12 0)
(-2.78466e-07 -3.35136e-12 0)
(-2.78466e-07 -3.35136e-12 0)
(-2.78466e-07 -3.35136e-12 0)
(-2.78466e-07 -3.35136e-12 0)
(-2.78466e-07 -3.35136e-12 -2.61053e-27)
(-2.78466e-07 -3.35136e-12 0)
(-2.78466e-07 -3.35136e-12 2.61053e-27)
(-2.78466e-07 -3.35136e-12 0)
(-2.78466e-07 -3.35136e-12 0)
(-2.78466e-07 -3.35136e-12 0)
(-2.78466e-07 -3.35136e-12 0)
(-2.78466e-07 -3.35136e-12 4.88613e-27)
(-2.78466e-07 -3.35136e-12 -4.88613e-27)
(-2.78466e-07 -3.35136e-12 0)
(-2.78466e-07 -3.35136e-12 0)
(-2.78466e-07 -3.35136e-12 0)
(-2.78466e-07 -3.35136e-12 4.88613e-27)
(-2.78466e-07 -3.35136e-12 -4.88613e-27)
(-2.78466e-07 -3.35136e-12 0)
(-2.78466e-07 -3.35136e-12 4.88613e-27)
(-2.78466e-07 -3.35136e-12 -4.88613e-27)
(-2.78466e-07 -3.35136e-12 0)
(-2.78466e-07 -3.35136e-12 0)
(-2.78466e-07 -3.35136e-12 0)
(-2.78466e-07 -3.35136e-12 -2.61053e-27)
(-2.78466e-07 -3.35136e-12 2.61053e-27)
(-2.78466e-07 -3.35136e-12 0)
(-2.78466e-07 -3.35136e-12 0)
(-2.78466e-07 -3.35136e-12 0)
(-2.78466e-07 -3.35136e-12 0)
(-2.78466e-07 -3.35136e-12 0)
(-2.78466e-07 -3.35136e-12 0)
(-2.78466e-07 -3.35136e-12 0)
(-2.78466e-07 -3.35136e-12 0)
(-2.78466e-07 -3.35136e-12 0)
(-2.78466e-07 -3.35136e-12 0)
(-2.78466e-07 -3.35136e-12 0)
(-2.78466e-07 -3.35136e-12 0)
(-2.78466e-07 -3.35136e-12 -2.61053e-27)
(-2.78466e-07 -3.35136e-12 2.61053e-27)
(-2.78466e-07 -3.35136e-12 0)
(-2.78466e-07 -3.35136e-12 0)
(-2.78466e-07 -3.35136e-12 0)
(-2.78466e-07 -3.35136e-12 0)
(-2.78466e-07 -3.35136e-12 0)
(-2.78466e-07 -3.35136e-12 0)
(-2.78466e-07 -3.35136e-12 0)
(-2.78466e-07 -3.35136e-12 -2.61053e-27)
(-2.78466e-07 -3.35136e-12 2.61053e-27)
(-2.78466e-07 -3.35136e-12 0)
(-2.78466e-07 -3.35136e-12 -2.61053e-27)
(-2.78466e-07 -3.35136e-12 2.778e-27)
(-2.7841e-07 4.40929e-09 2.17539e-25)
(-2.7841e-07 4.40929e-09 -4.74422e-27)
(-2.7841e-07 4.40929e-09 -4.74422e-27)
(-2.7841e-07 4.40929e-09 -4.74422e-27)
(-2.7841e-07 4.40929e-09 -4.74422e-27)
(-2.7841e-07 4.40929e-09 -4.74422e-27)
(-2.7841e-07 4.40929e-09 -4.74422e-27)
(-2.7841e-07 4.40929e-09 -4.74422e-27)
(-2.7841e-07 4.40929e-09 -4.74422e-27)
(-2.7841e-07 4.40929e-09 -4.74422e-27)
(-2.7841e-07 4.40929e-09 -4.74422e-27)
(-2.7841e-07 4.40929e-09 -4.74422e-27)
(-2.7841e-07 4.40929e-09 -4.74422e-27)
(-2.7841e-07 4.40929e-09 -4.74422e-27)
(-2.7841e-07 4.40929e-09 -4.74422e-27)
(-2.7841e-07 4.40929e-09 -4.74422e-27)
(-2.7841e-07 4.40929e-09 -4.74422e-27)
(-2.7841e-07 4.40929e-09 -4.74422e-27)
(-2.7841e-07 4.40929e-09 -4.74422e-27)
(-2.7841e-07 4.40929e-09 -4.74422e-27)
(-2.7841e-07 4.40929e-09 -4.74422e-27)
(-2.7841e-07 4.40929e-09 -4.74422e-27)
(-2.7841e-07 4.40929e-09 -4.74422e-27)
(-2.7841e-07 4.40929e-09 -4.74422e-27)
(-2.7841e-07 4.40929e-09 -4.74422e-27)
(-2.7841e-07 4.40929e-09 -4.74422e-27)
(-2.7841e-07 4.40929e-09 -4.74422e-27)
(-2.7841e-07 4.40929e-09 -4.74422e-27)
(-2.7841e-07 4.40929e-09 -4.74422e-27)
(-2.7841e-07 4.40929e-09 -4.74422e-27)
(-2.7841e-07 4.40929e-09 -4.74422e-27)
(-2.7841e-07 4.40929e-09 -4.74422e-27)
(-2.7841e-07 4.40929e-09 -4.74422e-27)
(-2.7841e-07 4.40929e-09 -4.74422e-27)
(-2.7841e-07 4.40929e-09 -4.74422e-27)
(-2.7841e-07 4.40929e-09 -4.74422e-27)
(-2.7841e-07 4.40929e-09 -4.74422e-27)
(-2.7841e-07 4.40929e-09 -4.74422e-27)
(-2.7841e-07 4.40929e-09 -4.74422e-27)
(-2.7841e-07 4.40929e-09 -4.74422e-27)
(-2.7841e-07 4.40929e-09 -4.74422e-27)
(-2.7841e-07 4.40929e-09 -4.74422e-27)
(-2.7841e-07 4.40929e-09 -4.74422e-27)
(-2.7841e-07 4.40929e-09 -4.74422e-27)
(-2.7841e-07 4.40929e-09 -4.74422e-27)
(-2.7841e-07 4.40929e-09 -4.74422e-27)
(-2.7841e-07 4.40929e-09 -4.74422e-27)
(-2.7841e-07 4.40929e-09 -4.74422e-27)
(-2.7841e-07 4.40929e-09 -4.74422e-27)
(-2.7841e-07 4.40929e-09 -4.74422e-27)
(-2.7841e-07 4.40929e-09 -4.74422e-27)
(-2.7841e-07 4.40929e-09 -4.74422e-27)
(-2.7841e-07 4.40929e-09 -4.74422e-27)
(-2.7841e-07 4.40929e-09 -4.74422e-27)
(-2.7841e-07 4.40929e-09 -4.74422e-27)
(-2.7841e-07 4.40929e-09 -4.74422e-27)
(-2.7841e-07 4.40929e-09 -4.74422e-27)
(-2.7841e-07 4.40929e-09 -4.74422e-27)
(-2.7841e-07 4.40929e-09 -4.74422e-27)
(-2.7841e-07 4.40929e-09 -4.74422e-27)
(-2.81664e-07 1.30851e-08 0)
(-2.81664e-07 1.30851e-08 0)
(-2.81664e-07 1.30851e-08 0)
(-2.81664e-07 1.30851e-08 0)
(-2.81664e-07 1.30851e-08 0)
(-2.81664e-07 1.30851e-08 0)
(-2.81664e-07 1.30851e-08 0)
(-2.81664e-07 1.30851e-08 0)
(-2.81664e-07 1.30851e-08 0)
(-2.81664e-07 1.30851e-08 0)
(-2.81664e-07 1.30851e-08 0)
(-2.81664e-07 1.30851e-08 0)
(-2.81664e-07 1.30851e-08 0)
(-2.81664e-07 1.30851e-08 0)
(-2.81664e-07 1.30851e-08 0)
(-2.81664e-07 1.30851e-08 0)
(-2.81664e-07 1.30851e-08 0)
(-2.81664e-07 1.30851e-08 0)
(-2.81664e-07 1.30851e-08 0)
(-2.81664e-07 1.30851e-08 0)
(-2.81664e-07 1.30851e-08 0)
(-2.81664e-07 1.30851e-08 0)
(-2.81664e-07 1.30851e-08 0)
(-2.81664e-07 1.30851e-08 0)
(-2.81664e-07 1.30851e-08 0)
(-2.81664e-07 1.30851e-08 0)
(-2.81664e-07 1.30851e-08 0)
(-2.81664e-07 1.30851e-08 0)
(-2.81664e-07 1.30851e-08 0)
(-2.81664e-07 1.30851e-08 0)
(-2.81664e-07 1.30851e-08 0)
(-2.81664e-07 1.30851e-08 0)
(-2.81664e-07 1.30851e-08 0)
(-2.81664e-07 1.30851e-08 0)
(-2.81664e-07 1.30851e-08 0)
(-2.81664e-07 1.30851e-08 0)
(-2.81664e-07 1.30851e-08 0)
(-2.81664e-07 1.30851e-08 0)
(-2.81664e-07 1.30851e-08 0)
(-2.81664e-07 1.30851e-08 0)
(-2.81664e-07 1.30851e-08 0)
(-2.81664e-07 1.30851e-08 0)
(-2.81664e-07 1.30851e-08 0)
(-2.81664e-07 1.30851e-08 0)
(-2.81664e-07 1.30851e-08 0)
(-2.81664e-07 1.30851e-08 0)
(-2.81664e-07 1.30851e-08 0)
(-2.81664e-07 1.30851e-08 0)
(-2.81664e-07 1.30851e-08 0)
(-2.81664e-07 1.30851e-08 0)
(-2.81664e-07 1.30851e-08 0)
(-2.81664e-07 1.30851e-08 0)
(-2.81664e-07 1.30851e-08 0)
(-2.81664e-07 1.30851e-08 0)
(-2.81664e-07 1.30851e-08 0)
(-2.81664e-07 1.30851e-08 0)
(-2.81664e-07 1.30851e-08 0)
(-2.81664e-07 1.30851e-08 0)
(-2.81664e-07 1.30851e-08 0)
(-2.81664e-07 1.30851e-08 0)
(-2.89194e-07 2.11081e-08 0)
(-2.89194e-07 2.11081e-08 0)
(-2.89194e-07 2.11081e-08 0)
(-2.89194e-07 2.11081e-08 0)
(-2.89194e-07 2.11081e-08 0)
(-2.89194e-07 2.11081e-08 0)
(-2.89194e-07 2.11081e-08 0)
(-2.89194e-07 2.11081e-08 0)
(-2.89194e-07 2.11081e-08 0)
(-2.89194e-07 2.11081e-08 0)
(-2.89194e-07 2.11081e-08 0)
(-2.89194e-07 2.11081e-08 0)
(-2.89194e-07 2.11081e-08 0)
(-2.89194e-07 2.11081e-08 0)
(-2.89194e-07 2.11081e-08 0)
(-2.89194e-07 2.11081e-08 0)
(-2.89194e-07 2.11081e-08 0)
(-2.89194e-07 2.11081e-08 0)
(-2.89194e-07 2.11081e-08 0)
(-2.89194e-07 2.11081e-08 0)
(-2.89194e-07 2.11081e-08 0)
(-2.89194e-07 2.11081e-08 0)
(-2.89194e-07 2.11081e-08 0)
(-2.89194e-07 2.11081e-08 0)
(-2.89194e-07 2.11081e-08 0)
(-2.89194e-07 2.11081e-08 0)
(-2.89194e-07 2.11081e-08 0)
(-2.89194e-07 2.11081e-08 0)
(-2.89194e-07 2.11081e-08 0)
(-2.89194e-07 2.11081e-08 0)
(-2.89194e-07 2.11081e-08 0)
(-2.89194e-07 2.11081e-08 0)
(-2.89194e-07 2.11081e-08 0)
(-2.89194e-07 2.11081e-08 0)
(-2.89194e-07 2.11081e-08 0)
(-2.89194e-07 2.11081e-08 0)
(-2.89194e-07 2.11081e-08 0)
(-2.89194e-07 2.11081e-08 0)
(-2.89194e-07 2.11081e-08 0)
(-2.89194e-07 2.11081e-08 0)
(-2.89194e-07 2.11081e-08 0)
(-2.89194e-07 2.11081e-08 0)
(-2.89194e-07 2.11081e-08 0)
(-2.89194e-07 2.11081e-08 0)
(-2.89194e-07 2.11081e-08 0)
(-2.89194e-07 2.11081e-08 0)
(-2.89194e-07 2.11081e-08 0)
(-2.89194e-07 2.11081e-08 0)
(-2.89194e-07 2.11081e-08 0)
(-2.89194e-07 2.11081e-08 0)
(-2.89194e-07 2.11081e-08 0)
(-2.89194e-07 2.11081e-08 0)
(-2.89194e-07 2.11081e-08 0)
(-2.89194e-07 2.11081e-08 0)
(-2.89194e-07 2.11081e-08 0)
(-2.89194e-07 2.11081e-08 0)
(-2.89194e-07 2.11081e-08 0)
(-2.89194e-07 2.11081e-08 0)
(-2.89194e-07 2.11081e-08 0)
(-2.89194e-07 2.11081e-08 1.12865e-24)
(-3.00376e-07 2.84249e-08 -1.33885e-25)
(-3.00376e-07 2.84249e-08 -1.33885e-25)
(-3.00376e-07 2.84249e-08 -1.33885e-25)
(-3.00376e-07 2.84249e-08 -1.33885e-25)
(-3.00376e-07 2.84249e-08 -1.33885e-25)
(-3.00376e-07 2.84249e-08 -1.33885e-25)
(-3.00376e-07 2.84249e-08 -1.33885e-25)
(-3.00376e-07 2.84249e-08 -1.33885e-25)
(-3.00376e-07 2.84249e-08 -1.33885e-25)
(-3.00376e-07 2.84249e-08 -1.33885e-25)
(-3.00376e-07 2.84249e-08 -1.33885e-25)
(-3.00376e-07 2.84249e-08 -1.33885e-25)
(-3.00376e-07 2.84249e-08 -1.33885e-25)
(-3.00376e-07 2.84249e-08 -1.33885e-25)
(-3.00376e-07 2.84249e-08 -1.33885e-25)
(-3.00376e-07 2.84249e-08 -1.33885e-25)
(-3.00376e-07 2.84249e-08 -1.33885e-25)
(-3.00376e-07 2.84249e-08 -1.33885e-25)
(-3.00376e-07 2.84249e-08 -1.33885e-25)
(-3.00376e-07 2.84249e-08 -1.33885e-25)
(-3.00376e-07 2.84249e-08 -1.33885e-25)
(-3.00376e-07 2.84249e-08 -1.33885e-25)
(-3.00376e-07 2.84249e-08 -1.33885e-25)
(-3.00376e-07 2.84249e-08 -1.33885e-25)
(-3.00376e-07 2.84249e-08 -1.33885e-25)
(-3.00376e-07 2.84249e-08 -1.33885e-25)
(-3.00376e-07 2.84249e-08 -1.33885e-25)
(-3.00376e-07 2.84249e-08 -1.33885e-25)
(-3.00376e-07 2.84249e-08 -1.33885e-25)
(-3.00376e-07 2.84249e-08 -1.33885e-25)
(-3.00376e-07 2.84249e-08 -1.33885e-25)
(-3.00376e-07 2.84249e-08 -1.33885e-25)
(-3.00376e-07 2.84249e-08 -1.33885e-25)
(-3.00376e-07 2.84249e-08 -1.33885e-25)
(-3.00376e-07 2.84249e-08 -1.33885e-25)
(-3.00376e-07 2.84249e-08 -1.33885e-25)
(-3.00376e-07 2.84249e-08 -1.33885e-25)
(-3.00376e-07 2.84249e-08 -1.33885e-25)
(-3.00376e-07 2.84249e-08 -1.33885e-25)
(-3.00376e-07 2.84249e-08 -1.33885e-25)
(-3.00376e-07 2.84249e-08 -1.33885e-25)
(-3.00376e-07 2.84249e-08 -1.33885e-25)
(-3.00376e-07 2.84249e-08 -1.33885e-25)
(-3.00376e-07 2.84249e-08 -1.33885e-25)
(-3.00376e-07 2.84249e-08 -1.33885e-25)
(-3.00376e-07 2.84249e-08 -1.33885e-25)
(-3.00376e-07 2.84249e-08 -1.33885e-25)
(-3.00376e-07 2.84249e-08 -1.33885e-25)
(-3.00376e-07 2.84249e-08 -1.33885e-25)
(-3.00376e-07 2.84249e-08 -1.33885e-25)
(-3.00376e-07 2.84249e-08 -1.33885e-25)
(-3.00376e-07 2.84249e-08 -1.33885e-25)
(-3.00376e-07 2.84249e-08 -1.33885e-25)
(-3.00376e-07 2.84249e-08 -1.33885e-25)
(-3.00376e-07 2.84249e-08 -1.33885e-25)
(-3.00376e-07 2.84249e-08 -1.33885e-25)
(-3.00376e-07 2.84249e-08 -1.33885e-25)
(-3.00376e-07 2.84249e-08 -1.33885e-25)
(-3.00376e-07 2.84249e-08 -1.33885e-25)
(-3.00376e-07 2.84249e-08 -1.33885e-25)
(-3.1464e-07 3.50394e-08 0)
(-3.1464e-07 3.50394e-08 0)
(-3.1464e-07 3.50394e-08 0)
(-3.1464e-07 3.50394e-08 0)
(-3.1464e-07 3.50394e-08 0)
(-3.1464e-07 3.50394e-08 0)
(-3.1464e-07 3.50394e-08 0)
(-3.1464e-07 3.50394e-08 0)
(-3.1464e-07 3.50394e-08 0)
(-3.1464e-07 3.50394e-08 0)
(-3.1464e-07 3.50394e-08 0)
(-3.1464e-07 3.50394e-08 0)
(-3.1464e-07 3.50394e-08 0)
(-3.1464e-07 3.50394e-08 0)
(-3.1464e-07 3.50394e-08 0)
(-3.1464e-07 3.50394e-08 0)
(-3.1464e-07 3.50394e-08 0)
(-3.1464e-07 3.50394e-08 0)
(-3.1464e-07 3.50394e-08 0)
(-3.1464e-07 3.50394e-08 0)
(-3.1464e-07 3.50394e-08 0)
(-3.1464e-07 3.50394e-08 0)
(-3.1464e-07 3.50394e-08 0)
(-3.1464e-07 3.50394e-08 0)
(-3.1464e-07 3.50394e-08 0)
(-3.1464e-07 3.50394e-08 0)
(-3.1464e-07 3.50394e-08 0)
(-3.1464e-07 3.50394e-08 0)
(-3.1464e-07 3.50394e-08 0)
(-3.1464e-07 3.50394e-08 0)
(-3.1464e-07 3.50394e-08 0)
(-3.1464e-07 3.50394e-08 0)
(-3.1464e-07 3.50394e-08 0)
(-3.1464e-07 3.50394e-08 0)
(-3.1464e-07 3.50394e-08 0)
(-3.1464e-07 3.50394e-08 0)
(-3.1464e-07 3.50394e-08 0)
(-3.1464e-07 3.50394e-08 0)
(-3.1464e-07 3.50394e-08 0)
(-3.1464e-07 3.50394e-08 0)
(-3.1464e-07 3.50394e-08 0)
(-3.1464e-07 3.50394e-08 0)
(-3.1464e-07 3.50394e-08 0)
(-3.1464e-07 3.50394e-08 0)
(-3.1464e-07 3.50394e-08 0)
(-3.1464e-07 3.50394e-08 0)
(-3.1464e-07 3.50394e-08 0)
(-3.1464e-07 3.50394e-08 0)
(-3.1464e-07 3.50394e-08 0)
(-3.1464e-07 3.50394e-08 0)
(-3.1464e-07 3.50394e-08 0)
(-3.1464e-07 3.50394e-08 0)
(-3.1464e-07 3.50394e-08 0)
(-3.1464e-07 3.50394e-08 0)
(-3.1464e-07 3.50394e-08 0)
(-3.1464e-07 3.50394e-08 0)
(-3.1464e-07 3.50394e-08 0)
(-3.1464e-07 3.50394e-08 0)
(-3.1464e-07 3.50394e-08 0)
(-3.1464e-07 3.50394e-08 0)
(-3.31529e-07 4.10131e-08 2.41416e-24)
(-3.31529e-07 4.10131e-08 0)
(-3.31529e-07 4.10131e-08 0)
(-3.31529e-07 4.10131e-08 0)
(-3.31529e-07 4.10131e-08 0)
(-3.31529e-07 4.10131e-08 0)
(-3.31529e-07 4.10131e-08 0)
(-3.31529e-07 4.10131e-08 0)
(-3.31529e-07 4.10131e-08 0)
(-3.31529e-07 4.10131e-08 0)
(-3.31529e-07 4.10131e-08 0)
(-3.31529e-07 4.10131e-08 0)
(-3.31529e-07 4.10131e-08 0)
(-3.31529e-07 4.10131e-08 0)
(-3.31529e-07 4.10131e-08 0)
(-3.31529e-07 4.10131e-08 0)
(-3.31529e-07 4.10131e-08 0)
(-3.31529e-07 4.10131e-08 0)
(-3.31529e-07 4.10131e-08 0)
(-3.31529e-07 4.10131e-08 0)
(-3.31529e-07 4.10131e-08 0)
(-3.31529e-07 4.10131e-08 0)
(-3.31529e-07 4.10131e-08 0)
(-3.31529e-07 4.10131e-08 0)
(-3.31529e-07 4.10131e-08 0)
(-3.31529e-07 4.10131e-08 0)
(-3.31529e-07 4.10131e-08 0)
(-3.31529e-07 4.10131e-08 0)
(-3.31529e-07 4.10131e-08 0)
(-3.31529e-07 4.10131e-08 0)
(-3.31529e-07 4.10131e-08 0)
(-3.31529e-07 4.10131e-08 0)
(-3.31529e-07 4.10131e-08 0)
(-3.31529e-07 4.10131e-08 0)
(-3.31529e-07 4.10131e-08 0)
(-3.31529e-07 4.10131e-08 0)
(-3.31529e-07 4.10131e-08 0)
(-3.31529e-07 4.10131e-08 0)
(-3.31529e-07 4.10131e-08 0)
(-3.31529e-07 4.10131e-08 0)
(-3.31529e-07 4.10131e-08 0)
(-3.31529e-07 4.10131e-08 0)
(-3.31529e-07 4.10131e-08 0)
(-3.31529e-07 4.10131e-08 0)
(-3.31529e-07 4.10131e-08 0)
(-3.31529e-07 4.10131e-08 0)
(-3.31529e-07 4.10131e-08 0)
(-3.31529e-07 4.10131e-08 0)
(-3.31529e-07 4.10131e-08 0)
(-3.31529e-07 4.10131e-08 0)
(-3.31529e-07 4.10131e-08 0)
(-3.31529e-07 4.10131e-08 0)
(-3.31529e-07 4.10131e-08 0)
(-3.31529e-07 4.10131e-08 0)
(-3.31529e-07 4.10131e-08 0)
(-3.31529e-07 4.10131e-08 0)
(-3.31529e-07 4.10131e-08 0)
(-3.31529e-07 4.10131e-08 0)
(-3.31529e-07 4.10131e-08 0)
(-3.31529e-07 4.10131e-08 0)
(-3.5063e-07 4.64122e-08 -3.30163e-24)
(-3.5063e-07 4.64122e-08 -4.8128e-25)
(-3.5063e-07 4.64122e-08 -4.8128e-25)
(-3.5063e-07 4.64122e-08 -4.8128e-25)
(-3.5063e-07 4.64122e-08 -4.8128e-25)
(-3.5063e-07 4.64122e-08 -4.8128e-25)
(-3.5063e-07 4.64122e-08 -4.8128e-25)
(-3.5063e-07 4.64122e-08 -4.8128e-25)
(-3.5063e-07 4.64122e-08 -4.8128e-25)
(-3.5063e-07 4.64122e-08 -4.8128e-25)
(-3.5063e-07 4.64122e-08 -4.8128e-25)
(-3.5063e-07 4.64122e-08 -4.8128e-25)
(-3.5063e-07 4.64122e-08 -4.8128e-25)
(-3.5063e-07 4.64122e-08 -4.8128e-25)
(-3.5063e-07 4.64122e-08 -4.8128e-25)
(-3.5063e-07 4.64122e-08 -4.8128e-25)
(-3.5063e-07 4.64122e-08 -4.8128e-25)
(-3.5063e-07 4.64122e-08 -4.8128e-25)
(-3.5063e-07 4.64122e-08 -4.8128e-25)
(-3.5063e-07 4.64122e-08 -4.8128e-25)
(-3.5063e-07 4.64122e-08 -4.8128e-25)
(-3.5063e-07 4.64122e-08 -4.8128e-25)
(-3.5063e-07 4.64122e-08 -4.8128e-25)
(-3.5063e-07 4.64122e-08 -4.8128e-25)
(-3.5063e-07 4.64122e-08 -4.8128e-25)
(-3.5063e-07 4.64122e-08 -4.8128e-25)
(-3.5063e-07 4.64122e-08 -4.8128e-25)
(-3.5063e-07 4.64122e-08 -4.8128e-25)
(-3.5063e-07 4.64122e-08 -4.8128e-25)
(-3.5063e-07 4.64122e-08 -4.8128e-25)
(-3.5063e-07 4.64122e-08 -4.8128e-25)
(-3.5063e-07 4.64122e-08 -4.8128e-25)
(-3.5063e-07 4.64122e-08 -4.8128e-25)
(-3.5063e-07 4.64122e-08 -4.8128e-25)
(-3.5063e-07 4.64122e-08 -4.8128e-25)
(-3.5063e-07 4.64122e-08 -4.8128e-25)
(-3.5063e-07 4.64122e-08 -4.8128e-25)
(-3.5063e-07 4.64122e-08 -4.8128e-25)
(-3.5063e-07 4.64122e-08 -4.8128e-25)
(-3.5063e-07 4.64122e-08 -4.8128e-25)
(-3.5063e-07 4.64122e-08 -4.8128e-25)
(-3.5063e-07 4.64122e-08 -4.8128e-25)
(-3.5063e-07 4.64122e-08 -4.8128e-25)
(-3.5063e-07 4.64122e-08 -4.8128e-25)
(-3.5063e-07 4.64122e-08 -4.8128e-25)
(-3.5063e-07 4.64122e-08 -4.8128e-25)
(-3.5063e-07 4.64122e-08 -4.8128e-25)
(-3.5063e-07 4.64122e-08 -4.8128e-25)
(-3.5063e-07 4.64122e-08 -4.8128e-25)
(-3.5063e-07 4.64122e-08 -4.8128e-25)
(-3.5063e-07 4.64122e-08 -4.8128e-25)
(-3.5063e-07 4.64122e-08 -4.8128e-25)
(-3.5063e-07 4.64122e-08 -4.8128e-25)
(-3.5063e-07 4.64122e-08 -4.8128e-25)
(-3.5063e-07 4.64122e-08 -4.8128e-25)
(-3.5063e-07 4.64122e-08 -4.8128e-25)
(-3.5063e-07 4.64122e-08 -4.8128e-25)
(-3.5063e-07 4.64122e-08 -4.8128e-25)
(-3.5063e-07 4.64122e-08 -4.8128e-25)
(-3.5063e-07 4.64122e-08 -4.8128e-25)
(-3.7024e-07 5.0986e-08 -5.44027e-25)
(-3.7024e-07 5.0986e-08 2.64436e-24)
(-3.7024e-07 5.0986e-08 2.64436e-24)
(-3.7024e-07 5.0986e-08 2.64436e-24)
(-3.7024e-07 5.0986e-08 2.64436e-24)
(-3.7024e-07 5.0986e-08 2.64436e-24)
(-3.7024e-07 5.0986e-08 2.64436e-24)
(-3.7024e-07 5.0986e-08 2.64436e-24)
(-3.7024e-07 5.0986e-08 2.64436e-24)
(-3.7024e-07 5.0986e-08 2.64436e-24)
(-3.7024e-07 5.0986e-08 2.64436e-24)
(-3.7024e-07 5.0986e-08 2.64436e-24)
(-3.7024e-07 5.0986e-08 2.64436e-24)
(-3.7024e-07 5.0986e-08 2.64436e-24)
(-3.7024e-07 5.0986e-08 2.64436e-24)
(-3.7024e-07 5.0986e-08 2.64436e-24)
(-3.7024e-07 5.0986e-08 2.64436e-24)
(-3.7024e-07 5.0986e-08 2.64436e-24)
(-3.7024e-07 5.0986e-08 2.64436e-24)
(-3.7024e-07 5.0986e-08 2.64436e-24)
(-3.7024e-07 5.0986e-08 2.64436e-24)
(-3.7024e-07 5.0986e-08 2.64436e-24)
(-3.7024e-07 5.0986e-08 2.64436e-24)
(-3.7024e-07 5.0986e-08 2.64436e-24)
(-3.7024e-07 5.0986e-08 2.64436e-24)
(-3.7024e-07 5.0986e-08 2.64436e-24)
(-3.7024e-07 5.0986e-08 2.64436e-24)
(-3.7024e-07 5.0986e-08 2.64436e-24)
(-3.7024e-07 5.0986e-08 2.64436e-24)
(-3.7024e-07 5.0986e-08 2.64436e-24)
(-3.7024e-07 5.0986e-08 2.64436e-24)
(-3.7024e-07 5.0986e-08 2.64436e-24)
(-3.7024e-07 5.0986e-08 2.64436e-24)
(-3.7024e-07 5.0986e-08 2.64436e-24)
(-3.7024e-07 5.0986e-08 2.64436e-24)
(-3.7024e-07 5.0986e-08 2.64436e-24)
(-3.7024e-07 5.0986e-08 2.64436e-24)
(-3.7024e-07 5.0986e-08 2.64436e-24)
(-3.7024e-07 5.0986e-08 2.64436e-24)
(-3.7024e-07 5.0986e-08 2.64436e-24)
(-3.7024e-07 5.0986e-08 2.64436e-24)
(-3.7024e-07 5.0986e-08 2.64436e-24)
(-3.7024e-07 5.0986e-08 2.64436e-24)
(-3.7024e-07 5.0986e-08 2.64436e-24)
(-3.7024e-07 5.0986e-08 2.64436e-24)
(-3.7024e-07 5.0986e-08 2.64436e-24)
(-3.7024e-07 5.0986e-08 2.64436e-24)
(-3.7024e-07 5.0986e-08 2.64436e-24)
(-3.7024e-07 5.0986e-08 2.64436e-24)
(-3.7024e-07 5.0986e-08 2.64436e-24)
(-3.7024e-07 5.0986e-08 2.64436e-24)
(-3.7024e-07 5.0986e-08 2.64436e-24)
(-3.7024e-07 5.0986e-08 2.64436e-24)
(-3.7024e-07 5.0986e-08 2.64436e-24)
(-3.7024e-07 5.0986e-08 2.64436e-24)
(-3.7024e-07 5.0986e-08 2.64436e-24)
(-3.7024e-07 5.0986e-08 2.64436e-24)
(-3.7024e-07 5.0986e-08 2.64436e-24)
(-3.7024e-07 5.0986e-08 2.64436e-24)
(-3.7024e-07 5.0986e-08 5.83275e-24)
(-3.8862e-07 5.46584e-08 3.49921e-24)
(-3.8862e-07 5.46584e-08 0)
(-3.8862e-07 5.46584e-08 0)
(-3.8862e-07 5.46584e-08 0)
(-3.8862e-07 5.46584e-08 0)
(-3.8862e-07 5.46584e-08 0)
(-3.8862e-07 5.46584e-08 0)
(-3.8862e-07 5.46584e-08 0)
(-3.8862e-07 5.46584e-08 0)
(-3.8862e-07 5.46584e-08 0)
(-3.8862e-07 5.46584e-08 0)
(-3.8862e-07 5.46584e-08 0)
(-3.8862e-07 5.46584e-08 0)
(-3.8862e-07 5.46584e-08 0)
(-3.8862e-07 5.46584e-08 0)
(-3.8862e-07 5.46584e-08 0)
(-3.8862e-07 5.46584e-08 0)
(-3.8862e-07 5.46584e-08 0)
(-3.8862e-07 5.46584e-08 0)
(-3.8862e-07 5.46584e-08 0)
(-3.8862e-07 5.46584e-08 0)
(-3.8862e-07 5.46584e-08 0)
(-3.8862e-07 5.46584e-08 0)
(-3.8862e-07 5.46584e-08 0)
(-3.8862e-07 5.46584e-08 0)
(-3.8862e-07 5.46584e-08 0)
(-3.8862e-07 5.46584e-08 0)
(-3.8862e-07 5.46584e-08 0)
(-3.8862e-07 5.46584e-08 0)
(-3.8862e-07 5.46584e-08 0)
(-3.8862e-07 5.46584e-08 0)
(-3.8862e-07 5.46584e-08 0)
(-3.8862e-07 5.46584e-08 0)
(-3.8862e-07 5.46584e-08 0)
(-3.8862e-07 5.46584e-08 0)
(-3.8862e-07 5.46584e-08 0)
(-3.8862e-07 5.46584e-08 0)
(-3.8862e-07 5.46584e-08 0)
(-3.8862e-07 5.46584e-08 0)
(-3.8862e-07 5.46584e-08 0)
(-3.8862e-07 5.46584e-08 0)
(-3.8862e-07 5.46584e-08 0)
(-3.8862e-07 5.46584e-08 0)
(-3.8862e-07 5.46584e-08 0)
(-3.8862e-07 5.46584e-08 0)
(-3.8862e-07 5.46584e-08 0)
(-3.8862e-07 5.46584e-08 0)
(-3.8862e-07 5.46584e-08 0)
(-3.8862e-07 5.46584e-08 0)
(-3.8862e-07 5.46584e-08 0)
(-3.8862e-07 5.46584e-08 0)
(-3.8862e-07 5.46584e-08 0)
(-3.8862e-07 5.46584e-08 0)
(-3.8862e-07 5.46584e-08 0)
(-3.8862e-07 5.46584e-08 0)
(-3.8862e-07 5.46584e-08 0)
(-3.8862e-07 5.46584e-08 0)
(-3.8862e-07 5.46584e-08 0)
(-3.8862e-07 5.46584e-08 0)
(-3.8862e-07 5.46584e-08 -3.49921e-24)
(-4.05256e-07 5.76274e-08 0)
(-4.05256e-07 5.76274e-08 0)
(-4.05256e-07 5.76274e-08 0)
(-4.05256e-07 5.76274e-08 0)
(-4.05256e-07 5.76274e-08 0)
(-4.05256e-07 5.76274e-08 0)
(-4.05256e-07 5.76274e-08 0)
(-4.05256e-07 5.76274e-08 0)
(-4.05256e-07 5.76274e-08 0)
(-4.05256e-07 5.76274e-08 0)
(-4.05256e-07 5.76274e-08 0)
(-4.05256e-07 5.76274e-08 0)
(-4.05256e-07 5.76274e-08 0)
(-4.05256e-07 5.76274e-08 0)
(-4.05256e-07 5.76274e-08 0)
(-4.05256e-07 5.76274e-08 0)
(-4.05256e-07 5.76274e-08 0)
(-4.05256e-07 5.76274e-08 0)
(-4.05256e-07 5.76274e-08 0)
(-4.05256e-07 5.76274e-08 0)
(-4.05256e-07 5.76274e-08 0)
(-4.05256e-07 5.76274e-08 0)
(-4.05256e-07 5.76274e-08 0)
(-4.05256e-07 5.76274e-08 0)
(-4.05256e-07 5.76274e-08 0)
(-4.05256e-07 5.76274e-08 0)
(-4.05256e-07 5.76274e-08 0)
(-4.05256e-07 5.76274e-08 0)
(-4.05256e-07 5.76274e-08 0)
(-4.05256e-07 5.76274e-08 0)
(-4.05256e-07 5.76274e-08 0)
(-4.05256e-07 5.76274e-08 0)
(-4.05256e-07 5.76274e-08 0)
(-4.05256e-07 5.76274e-08 0)
(-4.05256e-07 5.76274e-08 0)
(-4.05256e-07 5.76274e-08 0)
(-4.05256e-07 5.76274e-08 0)
(-4.05256e-07 5.76274e-08 0)
(-4.05256e-07 5.76274e-08 0)
(-4.05256e-07 5.76274e-08 0)
(-4.05256e-07 5.76274e-08 0)
(-4.05256e-07 5.76274e-08 0)
(-4.05256e-07 5.76274e-08 0)
(-4.05256e-07 5.76274e-08 0)
(-4.05256e-07 5.76274e-08 0)
(-4.05256e-07 5.76274e-08 0)
(-4.05256e-07 5.76274e-08 0)
(-4.05256e-07 5.76274e-08 0)
(-4.05256e-07 5.76274e-08 0)
(-4.05256e-07 5.76274e-08 0)
(-4.05256e-07 5.76274e-08 0)
(-4.05256e-07 5.76274e-08 0)
(-4.05256e-07 5.76274e-08 0)
(-4.05256e-07 5.76274e-08 0)
(-4.05256e-07 5.76274e-08 0)
(-4.05256e-07 5.76274e-08 0)
(-4.05256e-07 5.76274e-08 0)
(-4.05256e-07 5.76274e-08 0)
(-4.05256e-07 5.76274e-08 0)
(-4.05256e-07 5.76274e-08 0)
(-4.19854e-07 6.00299e-08 0)
(-4.19854e-07 6.00299e-08 0)
(-4.19854e-07 6.00299e-08 0)
(-4.19854e-07 6.00299e-08 0)
(-4.19854e-07 6.00299e-08 0)
(-4.19854e-07 6.00299e-08 0)
(-4.19854e-07 6.00299e-08 0)
(-4.19854e-07 6.00299e-08 0)
(-4.19854e-07 6.00299e-08 0)
(-4.19854e-07 6.00299e-08 0)
(-4.19854e-07 6.00299e-08 0)
(-4.19854e-07 6.00299e-08 0)
(-4.19854e-07 6.00299e-08 0)
(-4.19854e-07 6.00299e-08 0)
(-4.19854e-07 6.00299e-08 0)
(-4.19854e-07 6.00299e-08 0)
(-4.19854e-07 6.00299e-08 0)
(-4.19854e-07 6.00299e-08 0)
(-4.19854e-07 6.00299e-08 0)
(-4.19854e-07 6.00299e-08 0)
(-4.19854e-07 6.00299e-08 0)
(-4.19854e-07 6.00299e-08 0)
(-4.19854e-07 6.00299e-08 0)
(-4.19854e-07 6.00299e-08 0)
(-4.19854e-07 6.00299e-08 0)
(-4.19854e-07 6.00299e-08 0)
(-4.19854e-07 6.00299e-08 0)
(-4.19854e-07 6.00299e-08 0)
(-4.19854e-07 6.00299e-08 0)
(-4.19854e-07 6.00299e-08 0)
(-4.19854e-07 6.00299e-08 0)
(-4.19854e-07 6.00299e-08 0)
(-4.19854e-07 6.00299e-08 0)
(-4.19854e-07 6.00299e-08 0)
(-4.19854e-07 6.00299e-08 0)
(-4.19854e-07 6.00299e-08 0)
(-4.19854e-07 6.00299e-08 0)
(-4.19854e-07 6.00299e-08 0)
(-4.19854e-07 6.00299e-08 0)
(-4.19854e-07 6.00299e-08 0)
(-4.19854e-07 6.00299e-08 0)
(-4.19854e-07 6.00299e-08 0)
(-4.19854e-07 6.00299e-08 0)
(-4.19854e-07 6.00299e-08 0)
(-4.19854e-07 6.00299e-08 0)
(-4.19854e-07 6.00299e-08 0)
(-4.19854e-07 6.00299e-08 0)
(-4.19854e-07 6.00299e-08 0)
(-4.19854e-07 6.00299e-08 0)
(-4.19854e-07 6.00299e-08 0)
(-4.19854e-07 6.00299e-08 0)
(-4.19854e-07 6.00299e-08 0)
(-4.19854e-07 6.00299e-08 0)
(-4.19854e-07 6.00299e-08 0)
(-4.19854e-07 6.00299e-08 0)
(-4.19854e-07 6.00299e-08 0)
(-4.19854e-07 6.00299e-08 0)
(-4.19854e-07 6.00299e-08 0)
(-4.19854e-07 6.00299e-08 0)
(-4.19854e-07 6.00299e-08 -7.93558e-24)
(-4.32104e-07 6.19241e-08 -8.25875e-24)
(-4.32104e-07 6.19241e-08 -4.12937e-24)
(-4.32104e-07 6.19241e-08 -4.12937e-24)
(-4.32104e-07 6.19241e-08 -4.12937e-24)
(-4.32104e-07 6.19241e-08 -4.12937e-24)
(-4.32104e-07 6.19241e-08 -4.12937e-24)
(-4.32104e-07 6.19241e-08 -4.12937e-24)
(-4.32104e-07 6.19241e-08 -4.12937e-24)
(-4.32104e-07 6.19241e-08 -4.12937e-24)
(-4.32104e-07 6.19241e-08 -4.12937e-24)
(-4.32104e-07 6.19241e-08 -4.12937e-24)
(-4.32104e-07 6.19241e-08 -4.12937e-24)
(-4.32104e-07 6.19241e-08 -4.12937e-24)
(-4.32104e-07 6.19241e-08 -4.12937e-24)
(-4.32104e-07 6.19241e-08 -4.12937e-24)
(-4.32104e-07 6.19241e-08 -4.12937e-24)
(-4.32104e-07 6.19241e-08 -4.12937e-24)
(-4.32104e-07 6.19241e-08 -4.12937e-24)
(-4.32104e-07 6.19241e-08 -4.12937e-24)
(-4.32104e-07 6.19241e-08 -4.12937e-24)
(-4.32104e-07 6.19241e-08 -4.12937e-24)
(-4.32104e-07 6.19241e-08 -4.12937e-24)
(-4.32104e-07 6.19241e-08 -4.12937e-24)
(-4.32104e-07 6.19241e-08 -4.12937e-24)
(-4.32104e-07 6.19241e-08 -4.12937e-24)
(-4.32104e-07 6.19241e-08 -4.12937e-24)
(-4.32104e-07 6.19241e-08 -4.12937e-24)
(-4.32104e-07 6.19241e-08 -4.12937e-24)
(-4.32104e-07 6.19241e-08 -4.12937e-24)
(-4.32104e-07 6.19241e-08 -4.12937e-24)
(-4.32104e-07 6.19241e-08 -4.12937e-24)
(-4.32104e-07 6.19241e-08 -4.12937e-24)
(-4.32104e-07 6.19241e-08 -4.12937e-24)
(-4.32104e-07 6.19241e-08 -4.12937e-24)
(-4.32104e-07 6.19241e-08 -4.12937e-24)
(-4.32104e-07 6.19241e-08 -4.12937e-24)
(-4.32104e-07 6.19241e-08 -4.12937e-24)
(-4.32104e-07 6.19241e-08 -4.12937e-24)
(-4.32104e-07 6.19241e-08 -4.12937e-24)
(-4.32104e-07 6.19241e-08 -4.12937e-24)
(-4.32104e-07 6.19241e-08 -4.12937e-24)
(-4.32104e-07 6.19241e-08 -4.12937e-24)
(-4.32104e-07 6.19241e-08 -4.12937e-24)
(-4.32104e-07 6.19241e-08 -4.12937e-24)
(-4.32104e-07 6.19241e-08 -4.12937e-24)
(-4.32104e-07 6.19241e-08 -4.12937e-24)
(-4.32104e-07 6.19241e-08 -4.12937e-24)
(-4.32104e-07 6.19241e-08 -4.12937e-24)
(-4.32104e-07 6.19241e-08 -4.12937e-24)
(-4.32104e-07 6.19241e-08 -4.12937e-24)
(-4.32104e-07 6.19241e-08 -4.12937e-24)
(-4.32104e-07 6.19241e-08 -4.12937e-24)
(-4.32104e-07 6.19241e-08 -4.12937e-24)
(-4.32104e-07 6.19241e-08 -4.12937e-24)
(-4.32104e-07 6.19241e-08 -4.12937e-24)
(-4.32104e-07 6.19241e-08 -4.12937e-24)
(-4.32104e-07 6.19241e-08 -4.12937e-24)
(-4.32104e-07 6.19241e-08 -4.12937e-24)
(-4.32104e-07 6.19241e-08 -4.12937e-24)
(-4.32104e-07 6.19241e-08 -4.12937e-24)
(-4.42762e-07 6.35028e-08 0)
(-4.42762e-07 6.35028e-08 0)
(-4.42762e-07 6.35028e-08 0)
(-4.42762e-07 6.35028e-08 0)
(-4.42762e-07 6.35028e-08 0)
(-4.42762e-07 6.35028e-08 0)
(-4.42762e-07 6.35028e-08 0)
(-4.42762e-07 6.35028e-08 0)
(-4.42762e-07 6.35028e-08 0)
(-4.42762e-07 6.35028e-08 0)
(-4.42762e-07 6.35028e-08 0)
(-4.42762e-07 6.35028e-08 0)
(-4.42762e-07 6.35028e-08 0)
(-4.42762e-07 6.35028e-08 0)
(-4.42762e-07 6.35028e-08 0)
(-4.42762e-07 6.35028e-08 0)
(-4.42762e-07 6.35028e-08 0)
(-4.42762e-07 6.35028e-08 0)
(-4.42762e-07 6.35028e-08 0)
(-4.42762e-07 6.35028e-08 0)
(-4.42762e-07 6.35028e-08 0)
(-4.42762e-07 6.35028e-08 0)
(-4.42762e-07 6.35028e-08 0)
(-4.42762e-07 6.35028e-08 0)
(-4.42762e-07 6.35028e-08 0)
(-4.42762e-07 6.35028e-08 0)
(-4.42762e-07 6.35028e-08 0)
(-4.42762e-07 6.35028e-08 0)
(-4.42762e-07 6.35028e-08 0)
(-4.42762e-07 6.35028e-08 0)
(-4.42762e-07 6.35028e-08 0)
(-4.42762e-07 6.35028e-08 0)
(-4.42762e-07 6.35028e-08 0)
(-4.42762e-07 6.35028e-08 0)
(-4.42762e-07 6.35028e-08 0)
(-4.42762e-07 6.35028e-08 0)
(-4.42762e-07 6.35028e-08 0)
(-4.42762e-07 6.35028e-08 0)
(-4.42762e-07 6.35028e-08 0)
(-4.42762e-07 6.35028e-08 0)
(-4.42762e-07 6.35028e-08 0)
(-4.42762e-07 6.35028e-08 0)
(-4.42762e-07 6.35028e-08 0)
(-4.42762e-07 6.35028e-08 0)
(-4.42762e-07 6.35028e-08 0)
(-4.42762e-07 6.35028e-08 0)
(-4.42762e-07 6.35028e-08 0)
(-4.42762e-07 6.35028e-08 0)
(-4.42762e-07 6.35028e-08 0)
(-4.42762e-07 6.35028e-08 0)
(-4.42762e-07 6.35028e-08 0)
(-4.42762e-07 6.35028e-08 0)
(-4.42762e-07 6.35028e-08 0)
(-4.42762e-07 6.35028e-08 0)
(-4.42762e-07 6.35028e-08 0)
(-4.42762e-07 6.35028e-08 0)
(-4.42762e-07 6.35028e-08 0)
(-4.42762e-07 6.35028e-08 0)
(-4.42762e-07 6.35028e-08 0)
(-4.42762e-07 6.35028e-08 0)
(-4.5447e-07 6.52466e-08 3.64958e-24)
(-4.5447e-07 6.52466e-08 3.64958e-24)
(-4.5447e-07 6.52466e-08 3.64958e-24)
(-4.5447e-07 6.52466e-08 3.64958e-24)
(-4.5447e-07 6.52466e-08 3.64958e-24)
(-4.5447e-07 6.52466e-08 3.64958e-24)
(-4.5447e-07 6.52466e-08 3.64958e-24)
(-4.5447e-07 6.52466e-08 3.64958e-24)
(-4.5447e-07 6.52466e-08 3.64958e-24)
(-4.5447e-07 6.52466e-08 3.64958e-24)
(-4.5447e-07 6.52466e-08 3.64958e-24)
(-4.5447e-07 6.52466e-08 3.64958e-24)
(-4.5447e-07 6.52466e-08 3.64958e-24)
(-4.5447e-07 6.52466e-08 3.64958e-24)
(-4.5447e-07 6.52466e-08 3.64958e-24)
(-4.5447e-07 6.52466e-08 3.64958e-24)
(-4.5447e-07 6.52466e-08 3.64958e-24)
(-4.5447e-07 6.52466e-08 3.64958e-24)
(-4.5447e-07 6.52466e-08 3.64958e-24)
(-4.5447e-07 6.52466e-08 3.64958e-24)
(-4.5447e-07 6.52466e-08 3.64958e-24)
(-4.5447e-07 6.52466e-08 3.64958e-24)
(-4.5447e-07 6.52466e-08 3.64958e-24)
(-4.5447e-07 6.52466e-08 3.64958e-24)
(-4.5447e-07 6.52466e-08 3.64958e-24)
(-4.5447e-07 6.52466e-08 3.64958e-24)
(-4.5447e-07 6.52466e-08 3.64958e-24)
(-4.5447e-07 6.52466e-08 3.64958e-24)
(-4.5447e-07 6.52466e-08 3.64958e-24)
(-4.5447e-07 6.52466e-08 3.64958e-24)
(-4.5447e-07 6.52466e-08 3.64958e-24)
(-4.5447e-07 6.52466e-08 3.64958e-24)
(-4.5447e-07 6.52466e-08 3.64958e-24)
(-4.5447e-07 6.52466e-08 3.64958e-24)
(-4.5447e-07 6.52466e-08 3.64958e-24)
(-4.5447e-07 6.52466e-08 3.64958e-24)
(-4.5447e-07 6.52466e-08 3.64958e-24)
(-4.5447e-07 6.52466e-08 3.64958e-24)
(-4.5447e-07 6.52466e-08 3.64958e-24)
(-4.5447e-07 6.52466e-08 3.64958e-24)
(-4.5447e-07 6.52466e-08 3.64958e-24)
(-4.5447e-07 6.52466e-08 3.64958e-24)
(-4.5447e-07 6.52466e-08 3.64958e-24)
(-4.5447e-07 6.52466e-08 3.64958e-24)
(-4.5447e-07 6.52466e-08 3.64958e-24)
(-4.5447e-07 6.52466e-08 3.64958e-24)
(-4.5447e-07 6.52466e-08 3.64958e-24)
(-4.5447e-07 6.52466e-08 3.64958e-24)
(-4.5447e-07 6.52466e-08 3.64958e-24)
(-4.5447e-07 6.52466e-08 3.64958e-24)
(-4.5447e-07 6.52466e-08 3.64958e-24)
(-4.5447e-07 6.52466e-08 3.64958e-24)
(-4.5447e-07 6.52466e-08 3.64958e-24)
(-4.5447e-07 6.52466e-08 3.64958e-24)
(-4.5447e-07 6.52466e-08 3.64958e-24)
(-4.5447e-07 6.52466e-08 3.64958e-24)
(-4.5447e-07 6.52466e-08 3.64958e-24)
(-4.5447e-07 6.52466e-08 3.64958e-24)
(-4.5447e-07 6.52466e-08 3.64958e-24)
(-4.5447e-07 6.52466e-08 3.64958e-24)
(-4.67898e-07 6.72633e-08 -4.56454e-24)
(-4.67898e-07 6.72633e-08 0)
(-4.67898e-07 6.72633e-08 0)
(-4.67898e-07 6.72633e-08 0)
(-4.67898e-07 6.72633e-08 0)
(-4.67898e-07 6.72633e-08 0)
(-4.67898e-07 6.72633e-08 0)
(-4.67898e-07 6.72633e-08 0)
(-4.67898e-07 6.72633e-08 0)
(-4.67898e-07 6.72633e-08 0)
(-4.67898e-07 6.72633e-08 0)
(-4.67898e-07 6.72633e-08 0)
(-4.67898e-07 6.72633e-08 0)
(-4.67898e-07 6.72633e-08 0)
(-4.67898e-07 6.72633e-08 0)
(-4.67898e-07 6.72633e-08 0)
(-4.67898e-07 6.72633e-08 0)
(-4.67898e-07 6.72633e-08 0)
(-4.67898e-07 6.72633e-08 0)
(-4.67898e-07 6.72633e-08 0)
(-4.67898e-07 6.72633e-08 0)
(-4.67898e-07 6.72633e-08 0)
(-4.67898e-07 6.72633e-08 0)
(-4.67898e-07 6.72633e-08 0)
(-4.67898e-07 6.72633e-08 0)
(-4.67898e-07 6.72633e-08 0)
(-4.67898e-07 6.72633e-08 0)
(-4.67898e-07 6.72633e-08 0)
(-4.67898e-07 6.72633e-08 0)
(-4.67898e-07 6.72633e-08 0)
(-4.67898e-07 6.72633e-08 0)
(-4.67898e-07 6.72633e-08 0)
(-4.67898e-07 6.72633e-08 0)
(-4.67898e-07 6.72633e-08 0)
(-4.67898e-07 6.72633e-08 0)
(-4.67898e-07 6.72633e-08 0)
(-4.67898e-07 6.72633e-08 0)
(-4.67898e-07 6.72633e-08 0)
(-4.67898e-07 6.72633e-08 0)
(-4.67898e-07 6.72633e-08 0)
(-4.67898e-07 6.72633e-08 0)
(-4.67898e-07 6.72633e-08 0)
(-4.67898e-07 6.72633e-08 0)
(-4.67898e-07 6.72633e-08 0)
(-4.67898e-07 6.72633e-08 0)
(-4.67898e-07 6.72633e-08 0)
(-4.67898e-07 6.72633e-08 0)
(-4.67898e-07 6.72633e-08 0)
(-4.67898e-07 6.72633e-08 0)
(-4.67898e-07 6.72633e-08 0)
(-4.67898e-07 6.72633e-08 0)
(-4.67898e-07 6.72633e-08 0)
(-4.67898e-07 6.72633e-08 0)
(-4.67898e-07 6.72633e-08 0)
(-4.67898e-07 6.72633e-08 0)
(-4.67898e-07 6.72633e-08 0)
(-4.67898e-07 6.72633e-08 0)
(-4.67898e-07 6.72633e-08 0)
(-4.67898e-07 6.72633e-08 0)
(-4.67898e-07 6.72633e-08 0)
(-4.83364e-07 6.959e-08 0)
(-4.83364e-07 6.959e-08 0)
(-4.83364e-07 6.959e-08 0)
(-4.83364e-07 6.959e-08 0)
(-4.83364e-07 6.959e-08 0)
(-4.83364e-07 6.959e-08 0)
(-4.83364e-07 6.959e-08 0)
(-4.83364e-07 6.959e-08 0)
(-4.83364e-07 6.959e-08 0)
(-4.83364e-07 6.959e-08 0)
(-4.83364e-07 6.959e-08 0)
(-4.83364e-07 6.959e-08 0)
(-4.83364e-07 6.959e-08 0)
(-4.83364e-07 6.959e-08 0)
(-4.83364e-07 6.959e-08 0)
(-4.83364e-07 6.959e-08 0)
(-4.83364e-07 6.959e-08 0)
(-4.83364e-07 6.959e-08 0)
(-4.83364e-07 6.959e-08 0)
(-4.83364e-07 6.959e-08 0)
(-4.83364e-07 6.959e-08 0)
(-4.83364e-07 6.959e-08 0)
(-4.83364e-07 6.959e-08 0)
(-4.83364e-07 6.959e-08 0)
(-4.83364e-07 6.959e-08 0)
(-4.83364e-07 6.959e-08 0)
(-4.83364e-07 6.959e-08 0)
(-4.83364e-07 6.959e-08 0)
(-4.83364e-07 6.959e-08 0)
(-4.83364e-07 6.959e-08 0)
(-4.83364e-07 6.959e-08 0)
(-4.83364e-07 6.959e-08 0)
(-4.83364e-07 6.959e-08 0)
(-4.83364e-07 6.959e-08 0)
(-4.83364e-07 6.959e-08 0)
(-4.83364e-07 6.959e-08 0)
(-4.83364e-07 6.959e-08 0)
(-4.83364e-07 6.959e-08 0)
(-4.83364e-07 6.959e-08 0)
(-4.83364e-07 6.959e-08 0)
(-4.83364e-07 6.959e-08 0)
(-4.83364e-07 6.959e-08 0)
(-4.83364e-07 6.959e-08 0)
(-4.83364e-07 6.959e-08 0)
(-4.83364e-07 6.959e-08 0)
(-4.83364e-07 6.959e-08 0)
(-4.83364e-07 6.959e-08 0)
(-4.83364e-07 6.959e-08 0)
(-4.83364e-07 6.959e-08 0)
(-4.83364e-07 6.959e-08 0)
(-4.83364e-07 6.959e-08 0)
(-4.83364e-07 6.959e-08 0)
(-4.83364e-07 6.959e-08 0)
(-4.83364e-07 6.959e-08 0)
(-4.83364e-07 6.959e-08 0)
(-4.83364e-07 6.959e-08 0)
(-4.83364e-07 6.959e-08 0)
(-4.83364e-07 6.959e-08 0)
(-4.83364e-07 6.959e-08 0)
(-4.83364e-07 6.959e-08 0)
(-5.00995e-07 7.22255e-08 4.96499e-24)
(-5.00995e-07 7.22255e-08 0)
(-5.00995e-07 7.22255e-08 0)
(-5.00995e-07 7.22255e-08 0)
(-5.00995e-07 7.22255e-08 0)
(-5.00995e-07 7.22255e-08 0)
(-5.00995e-07 7.22255e-08 0)
(-5.00995e-07 7.22255e-08 0)
(-5.00995e-07 7.22255e-08 0)
(-5.00995e-07 7.22255e-08 0)
(-5.00995e-07 7.22255e-08 0)
(-5.00995e-07 7.22255e-08 0)
(-5.00995e-07 7.22255e-08 0)
(-5.00995e-07 7.22255e-08 0)
(-5.00995e-07 7.22255e-08 0)
(-5.00995e-07 7.22255e-08 0)
(-5.00995e-07 7.22255e-08 0)
(-5.00995e-07 7.22255e-08 0)
(-5.00995e-07 7.22255e-08 0)
(-5.00995e-07 7.22255e-08 0)
(-5.00995e-07 7.22255e-08 0)
(-5.00995e-07 7.22255e-08 0)
(-5.00995e-07 7.22255e-08 0)
(-5.00995e-07 7.22255e-08 0)
(-5.00995e-07 7.22255e-08 0)
(-5.00995e-07 7.22255e-08 0)
(-5.00995e-07 7.22255e-08 0)
(-5.00995e-07 7.22255e-08 0)
(-5.00995e-07 7.22255e-08 0)
(-5.00995e-07 7.22255e-08 0)
(-5.00995e-07 7.22255e-08 0)
(-5.00995e-07 7.22255e-08 0)
(-5.00995e-07 7.22255e-08 0)
(-5.00995e-07 7.22255e-08 0)
(-5.00995e-07 7.22255e-08 0)
(-5.00995e-07 7.22255e-08 0)
(-5.00995e-07 7.22255e-08 0)
(-5.00995e-07 7.22255e-08 0)
(-5.00995e-07 7.22255e-08 0)
(-5.00995e-07 7.22255e-08 0)
(-5.00995e-07 7.22255e-08 0)
(-5.00995e-07 7.22255e-08 0)
(-5.00995e-07 7.22255e-08 0)
(-5.00995e-07 7.22255e-08 0)
(-5.00995e-07 7.22255e-08 0)
(-5.00995e-07 7.22255e-08 0)
(-5.00995e-07 7.22255e-08 0)
(-5.00995e-07 7.22255e-08 0)
(-5.00995e-07 7.22255e-08 0)
(-5.00995e-07 7.22255e-08 0)
(-5.00995e-07 7.22255e-08 0)
(-5.00995e-07 7.22255e-08 0)
(-5.00995e-07 7.22255e-08 0)
(-5.00995e-07 7.22255e-08 0)
(-5.00995e-07 7.22255e-08 0)
(-5.00995e-07 7.22255e-08 0)
(-5.00995e-07 7.22255e-08 0)
(-5.00995e-07 7.22255e-08 0)
(-5.00995e-07 7.22255e-08 0)
(-5.00995e-07 7.22255e-08 0)
(-5.20985e-07 7.51772e-08 8.85852e-25)
(-5.20985e-07 7.51772e-08 8.85852e-25)
(-5.20985e-07 7.51772e-08 8.85852e-25)
(-5.20985e-07 7.51772e-08 8.85852e-25)
(-5.20985e-07 7.51772e-08 8.85852e-25)
(-5.20985e-07 7.51772e-08 8.85852e-25)
(-5.20985e-07 7.51772e-08 8.85852e-25)
(-5.20985e-07 7.51772e-08 8.85852e-25)
(-5.20985e-07 7.51772e-08 8.85852e-25)
(-5.20985e-07 7.51772e-08 8.85852e-25)
(-5.20985e-07 7.51772e-08 8.85852e-25)
(-5.20985e-07 7.51772e-08 8.85852e-25)
(-5.20985e-07 7.51772e-08 8.85852e-25)
(-5.20985e-07 7.51772e-08 8.85852e-25)
(-5.20985e-07 7.51772e-08 8.85852e-25)
(-5.20985e-07 7.51772e-08 8.85852e-25)
(-5.20985e-07 7.51772e-08 8.85852e-25)
(-5.20985e-07 7.51772e-08 8.85852e-25)
(-5.20985e-07 7.51772e-08 8.85852e-25)
(-5.20985e-07 7.51772e-08 8.85852e-25)
(-5.20985e-07 7.51772e-08 8.85852e-25)
(-5.20985e-07 7.51772e-08 8.85852e-25)
(-5.20985e-07 7.51772e-08 8.85852e-25)
(-5.20985e-07 7.51772e-08 8.85852e-25)
(-5.20985e-07 7.51772e-08 8.85852e-25)
(-5.20985e-07 7.51772e-08 8.85852e-25)
(-5.20985e-07 7.51772e-08 8.85852e-25)
(-5.20985e-07 7.51772e-08 8.85852e-25)
(-5.20985e-07 7.51772e-08 8.85852e-25)
(-5.20985e-07 7.51772e-08 8.85852e-25)
(-5.20985e-07 7.51772e-08 8.85852e-25)
(-5.20985e-07 7.51772e-08 8.85852e-25)
(-5.20985e-07 7.51772e-08 8.85852e-25)
(-5.20985e-07 7.51772e-08 8.85852e-25)
(-5.20985e-07 7.51772e-08 8.85852e-25)
(-5.20985e-07 7.51772e-08 8.85852e-25)
(-5.20985e-07 7.51772e-08 8.85852e-25)
(-5.20985e-07 7.51772e-08 8.85852e-25)
(-5.20985e-07 7.51772e-08 8.85852e-25)
(-5.20985e-07 7.51772e-08 8.85852e-25)
(-5.20985e-07 7.51772e-08 8.85852e-25)
(-5.20985e-07 7.51772e-08 8.85852e-25)
(-5.20985e-07 7.51772e-08 8.85852e-25)
(-5.20985e-07 7.51772e-08 8.85852e-25)
(-5.20985e-07 7.51772e-08 8.85852e-25)
(-5.20985e-07 7.51772e-08 8.85852e-25)
(-5.20985e-07 7.51772e-08 8.85852e-25)
(-5.20985e-07 7.51772e-08 8.85852e-25)
(-5.20985e-07 7.51772e-08 8.85852e-25)
(-5.20985e-07 7.51772e-08 8.85852e-25)
(-5.20985e-07 7.51772e-08 8.85852e-25)
(-5.20985e-07 7.51772e-08 8.85852e-25)
(-5.20985e-07 7.51772e-08 8.85852e-25)
(-5.20985e-07 7.51772e-08 8.85852e-25)
(-5.20985e-07 7.51772e-08 8.85852e-25)
(-5.20985e-07 7.51772e-08 8.85852e-25)
(-5.20985e-07 7.51772e-08 8.85852e-25)
(-5.20985e-07 7.51772e-08 8.85852e-25)
(-5.20985e-07 7.51772e-08 8.85852e-25)
(-5.20985e-07 7.51772e-08 8.85852e-25)
(-5.39427e-07 7.78568e-08 -1.77078e-24)
(-5.39427e-07 7.78568e-08 -1.77078e-24)
(-5.39427e-07 7.78568e-08 -1.77078e-24)
(-5.39427e-07 7.78568e-08 -1.77078e-24)
(-5.39427e-07 7.78568e-08 -1.77078e-24)
(-5.39427e-07 7.78568e-08 -1.77078e-24)
(-5.39427e-07 7.78568e-08 -1.77078e-24)
(-5.39427e-07 7.78568e-08 -1.77078e-24)
(-5.39427e-07 7.78568e-08 -1.77078e-24)
(-5.39427e-07 7.78568e-08 -1.77078e-24)
(-5.39427e-07 7.78568e-08 -1.77078e-24)
(-5.39427e-07 7.78568e-08 -1.77078e-24)
(-5.39427e-07 7.78568e-08 -1.77078e-24)
(-5.39427e-07 7.78568e-08 -1.77078e-24)
(-5.39427e-07 7.78568e-08 -1.77078e-24)
(-5.39427e-07 7.78568e-08 -1.77078e-24)
(-5.39427e-07 7.78568e-08 -1.77078e-24)
(-5.39427e-07 7.78568e-08 -1.77078e-24)
(-5.39427e-07 7.78568e-08 -1.77078e-24)
(-5.39427e-07 7.78568e-08 -1.77078e-24)
(-5.39427e-07 7.78568e-08 -1.77078e-24)
(-5.39427e-07 7.78568e-08 -1.77078e-24)
(-5.39427e-07 7.78568e-08 -1.77078e-24)
(-5.39427e-07 7.78568e-08 -1.77078e-24)
(-5.39427e-07 7.78568e-08 -1.77078e-24)
(-5.39427e-07 7.78568e-08 -1.77078e-24)
(-5.39427e-07 7.78568e-08 -1.77078e-24)
(-5.39427e-07 7.78568e-08 -1.77078e-24)
(-5.39427e-07 7.78568e-08 -1.77078e-24)
(-5.39427e-07 7.78568e-08 -1.77078e-24)
(-5.39427e-07 7.78568e-08 -1.77078e-24)
(-5.39427e-07 7.78568e-08 -1.77078e-24)
(-5.39427e-07 7.78568e-08 -1.77078e-24)
(-5.39427e-07 7.78568e-08 -1.77078e-24)
(-5.39427e-07 7.78568e-08 -1.77078e-24)
(-5.39427e-07 7.78568e-08 -1.77078e-24)
(-5.39427e-07 7.78568e-08 -1.77078e-24)
(-5.39427e-07 7.78568e-08 -1.77078e-24)
(-5.39427e-07 7.78568e-08 -1.77078e-24)
(-5.39427e-07 7.78568e-08 -1.77078e-24)
(-5.39427e-07 7.78568e-08 -1.77078e-24)
(-5.39427e-07 7.78568e-08 -1.77078e-24)
(-5.39427e-07 7.78568e-08 -1.77078e-24)
(-5.39427e-07 7.78568e-08 -1.77078e-24)
(-5.39427e-07 7.78568e-08 -1.77078e-24)
(-5.39427e-07 7.78568e-08 -1.77078e-24)
(-5.39427e-07 7.78568e-08 -1.77078e-24)
(-5.39427e-07 7.78568e-08 -1.77078e-24)
(-5.39427e-07 7.78568e-08 -1.77078e-24)
(-5.39427e-07 7.78568e-08 -1.77078e-24)
(-5.39427e-07 7.78568e-08 -1.77078e-24)
(-5.39427e-07 7.78568e-08 -1.77078e-24)
(-5.39427e-07 7.78568e-08 -1.77078e-24)
(-5.39427e-07 7.78568e-08 -1.77078e-24)
(-5.39427e-07 7.78568e-08 -1.77078e-24)
(-5.39427e-07 7.78568e-08 -1.77078e-24)
(-5.39427e-07 7.78568e-08 -1.77078e-24)
(-5.39427e-07 7.78568e-08 -1.77078e-24)
(-5.39427e-07 7.78568e-08 -1.77078e-24)
(-5.39427e-07 7.78568e-08 -1.77078e-24)
(-5.49107e-07 7.92295e-08 2.70066e-24)
(-5.49107e-07 7.92295e-08 2.70066e-24)
(-5.49107e-07 7.92295e-08 2.70066e-24)
(-5.49107e-07 7.92295e-08 2.70066e-24)
(-5.49107e-07 7.92295e-08 2.70066e-24)
(-5.49107e-07 7.92295e-08 2.70066e-24)
(-5.49107e-07 7.92295e-08 2.70066e-24)
(-5.49107e-07 7.92295e-08 2.70066e-24)
(-5.49107e-07 7.92295e-08 2.70066e-24)
(-5.49107e-07 7.92295e-08 2.70066e-24)
(-5.49107e-07 7.92295e-08 2.70066e-24)
(-5.49107e-07 7.92295e-08 2.70066e-24)
(-5.49107e-07 7.92295e-08 2.70066e-24)
(-5.49107e-07 7.92295e-08 2.70066e-24)
(-5.49107e-07 7.92295e-08 2.70066e-24)
(-5.49107e-07 7.92295e-08 2.70066e-24)
(-5.49107e-07 7.92295e-08 2.70066e-24)
(-5.49107e-07 7.92295e-08 2.70066e-24)
(-5.49107e-07 7.92295e-08 2.70066e-24)
(-5.49107e-07 7.92295e-08 2.70066e-24)
(-5.49107e-07 7.92295e-08 2.70066e-24)
(-5.49107e-07 7.92295e-08 2.70066e-24)
(-5.49107e-07 7.92295e-08 2.70066e-24)
(-5.49107e-07 7.92295e-08 2.70066e-24)
(-5.49107e-07 7.92295e-08 2.70066e-24)
(-5.49107e-07 7.92295e-08 2.70066e-24)
(-5.49107e-07 7.92295e-08 2.70066e-24)
(-5.49107e-07 7.92295e-08 2.70066e-24)
(-5.49107e-07 7.92295e-08 2.70066e-24)
(-5.49107e-07 7.92295e-08 2.70066e-24)
(-5.49107e-07 7.92295e-08 2.70066e-24)
(-5.49107e-07 7.92295e-08 2.70066e-24)
(-5.49107e-07 7.92295e-08 2.70066e-24)
(-5.49107e-07 7.92295e-08 2.70066e-24)
(-5.49107e-07 7.92295e-08 2.70066e-24)
(-5.49107e-07 7.92295e-08 2.70066e-24)
(-5.49107e-07 7.92295e-08 2.70066e-24)
(-5.49107e-07 7.92295e-08 2.70066e-24)
(-5.49107e-07 7.92295e-08 2.70066e-24)
(-5.49107e-07 7.92295e-08 2.70066e-24)
(-5.49107e-07 7.92295e-08 2.70066e-24)
(-5.49107e-07 7.92295e-08 2.70066e-24)
(-5.49107e-07 7.92295e-08 2.70066e-24)
(-5.49107e-07 7.92295e-08 2.70066e-24)
(-5.49107e-07 7.92295e-08 2.70066e-24)
(-5.49107e-07 7.92295e-08 2.70066e-24)
(-5.49107e-07 7.92295e-08 2.70066e-24)
(-5.49107e-07 7.92295e-08 2.70066e-24)
(-5.49107e-07 7.92295e-08 2.70066e-24)
(-5.49107e-07 7.92295e-08 2.70066e-24)
(-5.49107e-07 7.92295e-08 2.70066e-24)
(-5.49107e-07 7.92295e-08 2.70066e-24)
(-5.49107e-07 7.92295e-08 2.70066e-24)
(-5.49107e-07 7.92295e-08 2.70066e-24)
(-5.49107e-07 7.92295e-08 2.70066e-24)
(-5.49107e-07 7.92295e-08 2.70066e-24)
(-5.49107e-07 7.92295e-08 2.70066e-24)
(-5.49107e-07 7.92295e-08 2.70066e-24)
(-5.49107e-07 7.92295e-08 2.70066e-24)
(-5.49107e-07 7.92295e-08 0)
(-5.4788e-07 7.88165e-08 2.62193e-24)
(-5.4788e-07 7.88165e-08 0)
(-5.4788e-07 7.88165e-08 0)
(-5.4788e-07 7.88165e-08 0)
(-5.4788e-07 7.88165e-08 0)
(-5.4788e-07 7.88165e-08 0)
(-5.4788e-07 7.88165e-08 0)
(-5.4788e-07 7.88165e-08 0)
(-5.4788e-07 7.88165e-08 0)
(-5.4788e-07 7.88165e-08 0)
(-5.4788e-07 7.88165e-08 0)
(-5.4788e-07 7.88165e-08 0)
(-5.4788e-07 7.88165e-08 0)
(-5.4788e-07 7.88165e-08 0)
(-5.4788e-07 7.88165e-08 0)
(-5.4788e-07 7.88165e-08 0)
(-5.4788e-07 7.88165e-08 0)
(-5.4788e-07 7.88165e-08 0)
(-5.4788e-07 7.88165e-08 0)
(-5.4788e-07 7.88165e-08 0)
(-5.4788e-07 7.88165e-08 0)
(-5.4788e-07 7.88165e-08 0)
(-5.4788e-07 7.88165e-08 0)
(-5.4788e-07 7.88165e-08 0)
(-5.4788e-07 7.88165e-08 0)
(-5.4788e-07 7.88165e-08 0)
(-5.4788e-07 7.88165e-08 0)
(-5.4788e-07 7.88165e-08 0)
(-5.4788e-07 7.88165e-08 0)
(-5.4788e-07 7.88165e-08 0)
(-5.4788e-07 7.88165e-08 0)
(-5.4788e-07 7.88165e-08 0)
(-5.4788e-07 7.88165e-08 0)
(-5.4788e-07 7.88165e-08 0)
(-5.4788e-07 7.88165e-08 0)
(-5.4788e-07 7.88165e-08 0)
(-5.4788e-07 7.88165e-08 0)
(-5.4788e-07 7.88165e-08 0)
(-5.4788e-07 7.88165e-08 0)
(-5.4788e-07 7.88165e-08 0)
(-5.4788e-07 7.88165e-08 0)
(-5.4788e-07 7.88165e-08 0)
(-5.4788e-07 7.88165e-08 0)
(-5.4788e-07 7.88165e-08 0)
(-5.4788e-07 7.88165e-08 0)
(-5.4788e-07 7.88165e-08 0)
(-5.4788e-07 7.88165e-08 0)
(-5.4788e-07 7.88165e-08 0)
(-5.4788e-07 7.88165e-08 0)
(-5.4788e-07 7.88165e-08 0)
(-5.4788e-07 7.88165e-08 0)
(-5.4788e-07 7.88165e-08 0)
(-5.4788e-07 7.88165e-08 0)
(-5.4788e-07 7.88165e-08 0)
(-5.4788e-07 7.88165e-08 0)
(-5.4788e-07 7.88165e-08 0)
(-5.4788e-07 7.88165e-08 0)
(-5.4788e-07 7.88165e-08 0)
(-5.4788e-07 7.88165e-08 0)
(-5.4788e-07 7.88165e-08 0)
(-5.3398e-07 7.57606e-08 0)
(-5.3398e-07 7.57606e-08 0)
(-5.3398e-07 7.57606e-08 0)
(-5.3398e-07 7.57606e-08 0)
(-5.3398e-07 7.57606e-08 0)
(-5.3398e-07 7.57606e-08 0)
(-5.3398e-07 7.57606e-08 0)
(-5.3398e-07 7.57606e-08 0)
(-5.3398e-07 7.57606e-08 0)
(-5.3398e-07 7.57606e-08 0)
(-5.3398e-07 7.57606e-08 0)
(-5.3398e-07 7.57606e-08 0)
(-5.3398e-07 7.57606e-08 0)
(-5.3398e-07 7.57606e-08 0)
(-5.3398e-07 7.57606e-08 0)
(-5.3398e-07 7.57606e-08 0)
(-5.3398e-07 7.57606e-08 0)
(-5.3398e-07 7.57606e-08 0)
(-5.3398e-07 7.57606e-08 0)
(-5.3398e-07 7.57606e-08 0)
(-5.3398e-07 7.57606e-08 0)
(-5.3398e-07 7.57606e-08 0)
(-5.3398e-07 7.57606e-08 0)
(-5.3398e-07 7.57606e-08 0)
(-5.3398e-07 7.57606e-08 0)
(-5.3398e-07 7.57606e-08 0)
(-5.3398e-07 7.57606e-08 0)
(-5.3398e-07 7.57606e-08 0)
(-5.3398e-07 7.57606e-08 0)
(-5.3398e-07 7.57606e-08 0)
(-5.3398e-07 7.57606e-08 0)
(-5.3398e-07 7.57606e-08 0)
(-5.3398e-07 7.57606e-08 0)
(-5.3398e-07 7.57606e-08 0)
(-5.3398e-07 7.57606e-08 0)
(-5.3398e-07 7.57606e-08 0)
(-5.3398e-07 7.57606e-08 0)
(-5.3398e-07 7.57606e-08 0)
(-5.3398e-07 7.57606e-08 0)
(-5.3398e-07 7.57606e-08 0)
(-5.3398e-07 7.57606e-08 0)
(-5.3398e-07 7.57606e-08 0)
(-5.3398e-07 7.57606e-08 0)
(-5.3398e-07 7.57606e-08 0)
(-5.3398e-07 7.57606e-08 0)
(-5.3398e-07 7.57606e-08 0)
(-5.3398e-07 7.57606e-08 0)
(-5.3398e-07 7.57606e-08 0)
(-5.3398e-07 7.57606e-08 0)
(-5.3398e-07 7.57606e-08 0)
(-5.3398e-07 7.57606e-08 0)
(-5.3398e-07 7.57606e-08 0)
(-5.3398e-07 7.57606e-08 0)
(-5.3398e-07 7.57606e-08 0)
(-5.3398e-07 7.57606e-08 0)
(-5.3398e-07 7.57606e-08 0)
(-5.3398e-07 7.57606e-08 0)
(-5.3398e-07 7.57606e-08 0)
(-5.3398e-07 7.57606e-08 0)
(-5.3398e-07 7.57606e-08 0)
(-5.05383e-07 6.82298e-08 -2.0991e-24)
(-5.05383e-07 6.82298e-08 -2.0991e-24)
(-5.05383e-07 6.82298e-08 -2.0991e-24)
(-5.05383e-07 6.82298e-08 -2.0991e-24)
(-5.05383e-07 6.82298e-08 -2.0991e-24)
(-5.05383e-07 6.82298e-08 -2.0991e-24)
(-5.05383e-07 6.82298e-08 -2.0991e-24)
(-5.05383e-07 6.82298e-08 -2.0991e-24)
(-5.05383e-07 6.82298e-08 -2.0991e-24)
(-5.05383e-07 6.82298e-08 -2.0991e-24)
(-5.05383e-07 6.82298e-08 -2.0991e-24)
(-5.05383e-07 6.82298e-08 -2.0991e-24)
(-5.05383e-07 6.82298e-08 -2.0991e-24)
(-5.05383e-07 6.82298e-08 -2.0991e-24)
(-5.05383e-07 6.82298e-08 -2.0991e-24)
(-5.05383e-07 6.82298e-08 -2.0991e-24)
(-5.05383e-07 6.82298e-08 -2.0991e-24)
(-5.05383e-07 6.82298e-08 -2.0991e-24)
(-5.05383e-07 6.82298e-08 -2.0991e-24)
(-5.05383e-07 6.82298e-08 -2.0991e-24)
(-5.05383e-07 6.82298e-08 -2.0991e-24)
(-5.05383e-07 6.82298e-08 -2.0991e-24)
(-5.05383e-07 6.82298e-08 -2.0991e-24)
(-5.05383e-07 6.82298e-08 -2.0991e-24)
(-5.05383e-07 6.82298e-08 -2.0991e-24)
(-5.05383e-07 6.82298e-08 -2.0991e-24)
(-5.05383e-07 6.82298e-08 -2.0991e-24)
(-5.05383e-07 6.82298e-08 -2.0991e-24)
(-5.05383e-07 6.82298e-08 -2.0991e-24)
(-5.05383e-07 6.82298e-08 -2.0991e-24)
(-5.05383e-07 6.82298e-08 -2.0991e-24)
(-5.05383e-07 6.82298e-08 -2.0991e-24)
(-5.05383e-07 6.82298e-08 -2.0991e-24)
(-5.05383e-07 6.82298e-08 -2.0991e-24)
(-5.05383e-07 6.82298e-08 -2.0991e-24)
(-5.05383e-07 6.82298e-08 -2.0991e-24)
(-5.05383e-07 6.82298e-08 -2.0991e-24)
(-5.05383e-07 6.82298e-08 -2.0991e-24)
(-5.05383e-07 6.82298e-08 -2.0991e-24)
(-5.05383e-07 6.82298e-08 -2.0991e-24)
(-5.05383e-07 6.82298e-08 -2.0991e-24)
(-5.05383e-07 6.82298e-08 -2.0991e-24)
(-5.05383e-07 6.82298e-08 -2.0991e-24)
(-5.05383e-07 6.82298e-08 -2.0991e-24)
(-5.05383e-07 6.82298e-08 -2.0991e-24)
(-5.05383e-07 6.82298e-08 -2.0991e-24)
(-5.05383e-07 6.82298e-08 -2.0991e-24)
(-5.05383e-07 6.82298e-08 -2.0991e-24)
(-5.05383e-07 6.82298e-08 -2.0991e-24)
(-5.05383e-07 6.82298e-08 -2.0991e-24)
(-5.05383e-07 6.82298e-08 -2.0991e-24)
(-5.05383e-07 6.82298e-08 -2.0991e-24)
(-5.05383e-07 6.82298e-08 -2.0991e-24)
(-5.05383e-07 6.82298e-08 -2.0991e-24)
(-5.05383e-07 6.82298e-08 -2.0991e-24)
(-5.05383e-07 6.82298e-08 -2.0991e-24)
(-5.05383e-07 6.82298e-08 -2.0991e-24)
(-5.05383e-07 6.82298e-08 -2.0991e-24)
(-5.05383e-07 6.82298e-08 -2.0991e-24)
(-5.05383e-07 6.82298e-08 -2.0991e-24)
(-4.65105e-07 5.34603e-08 -1.5755e-24)
(-4.65105e-07 5.34603e-08 -1.5755e-24)
(-4.65105e-07 5.34603e-08 -1.5755e-24)
(-4.65105e-07 5.34603e-08 -1.5755e-24)
(-4.65105e-07 5.34603e-08 -1.5755e-24)
(-4.65105e-07 5.34603e-08 -1.5755e-24)
(-4.65105e-07 5.34603e-08 -1.5755e-24)
(-4.65105e-07 5.34603e-08 -1.5755e-24)
(-4.65105e-07 5.34603e-08 -1.5755e-24)
(-4.65105e-07 5.34603e-08 -1.5755e-24)
(-4.65105e-07 5.34603e-08 -1.5755e-24)
(-4.65105e-07 5.34603e-08 -1.5755e-24)
(-4.65105e-07 5.34603e-08 -1.5755e-24)
(-4.65105e-07 5.34603e-08 -1.5755e-24)
(-4.65105e-07 5.34603e-08 -1.5755e-24)
(-4.65105e-07 5.34603e-08 -1.5755e-24)
(-4.65105e-07 5.34603e-08 -1.5755e-24)
(-4.65105e-07 5.34603e-08 -1.5755e-24)
(-4.65105e-07 5.34603e-08 -1.5755e-24)
(-4.65105e-07 5.34603e-08 -1.5755e-24)
(-4.65105e-07 5.34603e-08 -1.5755e-24)
(-4.65105e-07 5.34603e-08 -1.5755e-24)
(-4.65105e-07 5.34603e-08 -1.5755e-24)
(-4.65105e-07 5.34603e-08 -1.5755e-24)
(-4.65105e-07 5.34603e-08 -1.5755e-24)
(-4.65105e-07 5.34603e-08 -1.5755e-24)
(-4.65105e-07 5.34603e-08 -1.5755e-24)
(-4.65105e-07 5.34603e-08 -1.5755e-24)
(-4.65105e-07 5.34603e-08 -1.5755e-24)
(-4.65105e-07 5.34603e-08 -1.5755e-24)
(-4.65105e-07 5.34603e-08 -1.5755e-24)
(-4.65105e-07 5.34603e-08 -1.5755e-24)
(-4.65105e-07 5.34603e-08 -1.5755e-24)
(-4.65105e-07 5.34603e-08 -1.5755e-24)
(-4.65105e-07 5.34603e-08 -1.5755e-24)
(-4.65105e-07 5.34603e-08 -1.5755e-24)
(-4.65105e-07 5.34603e-08 -1.5755e-24)
(-4.65105e-07 5.34603e-08 -1.5755e-24)
(-4.65105e-07 5.34603e-08 -1.5755e-24)
(-4.65105e-07 5.34603e-08 -1.5755e-24)
(-4.65105e-07 5.34603e-08 -1.5755e-24)
(-4.65105e-07 5.34603e-08 -1.5755e-24)
(-4.65105e-07 5.34603e-08 -1.5755e-24)
(-4.65105e-07 5.34603e-08 -1.5755e-24)
(-4.65105e-07 5.34603e-08 -1.5755e-24)
(-4.65105e-07 5.34603e-08 -1.5755e-24)
(-4.65105e-07 5.34603e-08 -1.5755e-24)
(-4.65105e-07 5.34603e-08 -1.5755e-24)
(-4.65105e-07 5.34603e-08 -1.5755e-24)
(-4.65105e-07 5.34603e-08 -1.5755e-24)
(-4.65105e-07 5.34603e-08 -1.5755e-24)
(-4.65105e-07 5.34603e-08 -1.5755e-24)
(-4.65105e-07 5.34603e-08 -1.5755e-24)
(-4.65105e-07 5.34603e-08 -1.5755e-24)
(-4.65105e-07 5.34603e-08 -1.5755e-24)
(-4.65105e-07 5.34603e-08 -1.5755e-24)
(-4.65105e-07 5.34603e-08 -1.5755e-24)
(-4.65105e-07 5.34603e-08 -1.5755e-24)
(-4.65105e-07 5.34603e-08 -1.5755e-24)
(-4.65105e-07 5.34603e-08 -1.5755e-24)
(-4.31522e-07 3.26781e-08 0)
(-4.31522e-07 3.26781e-08 0)
(-4.31522e-07 3.26781e-08 0)
(-4.31522e-07 3.26781e-08 0)
(-4.31522e-07 3.26781e-08 0)
(-4.31522e-07 3.26781e-08 0)
(-4.31522e-07 3.26781e-08 0)
(-4.31522e-07 3.26781e-08 0)
(-4.31522e-07 3.26781e-08 0)
(-4.31522e-07 3.26781e-08 0)
(-4.31522e-07 3.26781e-08 0)
(-4.31522e-07 3.26781e-08 0)
(-4.31522e-07 3.26781e-08 0)
(-4.31522e-07 3.26781e-08 0)
(-4.31522e-07 3.26781e-08 0)
(-4.31522e-07 3.26781e-08 0)
(-4.31522e-07 3.26781e-08 0)
(-4.31522e-07 3.26781e-08 0)
(-4.31522e-07 3.26781e-08 0)
(-4.31522e-07 3.26781e-08 0)
(-4.31522e-07 3.26781e-08 0)
(-4.31522e-07 3.26781e-08 0)
(-4.31522e-07 3.26781e-08 0)
(-4.31522e-07 3.26781e-08 0)
(-4.31522e-07 3.26781e-08 0)
(-4.31522e-07 3.26781e-08 0)
(-4.31522e-07 3.26781e-08 0)
(-4.31522e-07 3.26781e-08 0)
(-4.31522e-07 3.26781e-08 0)
(-4.31522e-07 3.26781e-08 0)
(-4.31522e-07 3.26781e-08 0)
(-4.31522e-07 3.26781e-08 0)
(-4.31522e-07 3.26781e-08 0)
(-4.31522e-07 3.26781e-08 0)
(-4.31522e-07 3.26781e-08 0)
(-4.31522e-07 3.26781e-08 0)
(-4.31522e-07 3.26781e-08 0)
(-4.31522e-07 3.26781e-08 0)
(-4.31522e-07 3.26781e-08 0)
(-4.31522e-07 3.26781e-08 0)
(-4.31522e-07 3.26781e-08 0)
(-4.31522e-07 3.26781e-08 0)
(-4.31522e-07 3.26781e-08 0)
(-4.31522e-07 3.26781e-08 0)
(-4.31522e-07 3.26781e-08 0)
(-4.31522e-07 3.26781e-08 0)
(-4.31522e-07 3.26781e-08 0)
(-4.31522e-07 3.26781e-08 0)
(-4.31522e-07 3.26781e-08 0)
(-4.31522e-07 3.26781e-08 0)
(-4.31522e-07 3.26781e-08 0)
(-4.31522e-07 3.26781e-08 0)
(-4.31522e-07 3.26781e-08 0)
(-4.31522e-07 3.26781e-08 0)
(-4.31522e-07 3.26781e-08 0)
(-4.31522e-07 3.26781e-08 0)
(-4.31522e-07 3.26781e-08 0)
(-4.31522e-07 3.26781e-08 0)
(-4.31522e-07 3.26781e-08 0)
(-4.31522e-07 3.26781e-08 -9.3547e-25)
(-4.17888e-07 1.46417e-08 3.53626e-26)
(-4.17888e-07 1.46417e-08 3.53626e-26)
(-4.17888e-07 1.46417e-08 3.53626e-26)
(-4.17888e-07 1.46417e-08 3.53626e-26)
(-4.17888e-07 1.46417e-08 3.53626e-26)
(-4.17888e-07 1.46417e-08 3.53626e-26)
(-4.17888e-07 1.46417e-08 3.53626e-26)
(-4.17888e-07 1.46417e-08 3.53626e-26)
(-4.17888e-07 1.46417e-08 3.53626e-26)
(-4.17888e-07 1.46417e-08 3.53626e-26)
(-4.17888e-07 1.46417e-08 3.53626e-26)
(-4.17888e-07 1.46417e-08 3.53626e-26)
(-4.17888e-07 1.46417e-08 3.53626e-26)
(-4.17888e-07 1.46417e-08 3.53626e-26)
(-4.17888e-07 1.46417e-08 3.53626e-26)
(-4.17888e-07 1.46417e-08 3.53626e-26)
(-4.17888e-07 1.46417e-08 3.53626e-26)
(-4.17888e-07 1.46417e-08 3.53626e-26)
(-4.17888e-07 1.46417e-08 3.53626e-26)
(-4.17888e-07 1.46417e-08 3.53626e-26)
(-4.17888e-07 1.46417e-08 3.53626e-26)
(-4.17888e-07 1.46417e-08 3.53626e-26)
(-4.17888e-07 1.46417e-08 3.53626e-26)
(-4.17888e-07 1.46417e-08 3.53626e-26)
(-4.17888e-07 1.46417e-08 3.53626e-26)
(-4.17888e-07 1.46417e-08 3.53626e-26)
(-4.17888e-07 1.46417e-08 3.53626e-26)
(-4.17888e-07 1.46417e-08 3.53626e-26)
(-4.17888e-07 1.46417e-08 3.53626e-26)
(-4.17888e-07 1.46417e-08 3.53626e-26)
(-4.17888e-07 1.46417e-08 3.53626e-26)
(-4.17888e-07 1.46417e-08 3.53626e-26)
(-4.17888e-07 1.46417e-08 3.53626e-26)
(-4.17888e-07 1.46417e-08 3.53626e-26)
(-4.17888e-07 1.46417e-08 3.53626e-26)
(-4.17888e-07 1.46417e-08 3.53626e-26)
(-4.17888e-07 1.46417e-08 3.53626e-26)
(-4.17888e-07 1.46417e-08 3.53626e-26)
(-4.17888e-07 1.46417e-08 3.53626e-26)
(-4.17888e-07 1.46417e-08 3.53626e-26)
(-4.17888e-07 1.46417e-08 3.53626e-26)
(-4.17888e-07 1.46417e-08 3.53626e-26)
(-4.17888e-07 1.46417e-08 3.53626e-26)
(-4.17888e-07 1.46417e-08 3.53626e-26)
(-4.17888e-07 1.46417e-08 3.53626e-26)
(-4.17888e-07 1.46417e-08 3.53626e-26)
(-4.17888e-07 1.46417e-08 3.53626e-26)
(-4.17888e-07 1.46417e-08 3.53626e-26)
(-4.17888e-07 1.46417e-08 3.53626e-26)
(-4.17888e-07 1.46417e-08 3.53626e-26)
(-4.17888e-07 1.46417e-08 3.53626e-26)
(-4.17888e-07 1.46417e-08 3.53626e-26)
(-4.17888e-07 1.46417e-08 3.53626e-26)
(-4.17888e-07 1.46417e-08 3.53626e-26)
(-4.17888e-07 1.46417e-08 3.53626e-26)
(-4.17888e-07 1.46417e-08 3.53626e-26)
(-4.17888e-07 1.46417e-08 3.53626e-26)
(-4.17888e-07 1.46417e-08 3.53626e-26)
(-4.17888e-07 1.46417e-08 3.53626e-26)
(-4.17888e-07 1.46417e-08 3.53626e-26)
(-4.15042e-07 2.49515e-09 7.51517e-28)
(-4.15042e-07 2.49515e-09 7.51517e-28)
(-4.15042e-07 2.49515e-09 7.51517e-28)
(-4.15042e-07 2.49515e-09 7.51517e-28)
(-4.15042e-07 2.49515e-09 7.51517e-28)
(-4.15042e-07 2.49515e-09 7.51517e-28)
(-4.15042e-07 2.49515e-09 7.51517e-28)
(-4.15042e-07 2.49515e-09 7.51517e-28)
(-4.15042e-07 2.49515e-09 7.51517e-28)
(-4.15042e-07 2.49515e-09 7.51517e-28)
(-4.15042e-07 2.49515e-09 7.51517e-28)
(-4.15042e-07 2.49515e-09 7.51517e-28)
(-4.15042e-07 2.49515e-09 7.51517e-28)
(-4.15042e-07 2.49515e-09 7.51517e-28)
(-4.15042e-07 2.49515e-09 7.51517e-28)
(-4.15042e-07 2.49515e-09 7.51517e-28)
(-4.15042e-07 2.49515e-09 7.51517e-28)
(-4.15042e-07 2.49515e-09 7.51517e-28)
(-4.15042e-07 2.49515e-09 7.51517e-28)
(-4.15042e-07 2.49515e-09 7.51517e-28)
(-4.15042e-07 2.49515e-09 7.51517e-28)
(-4.15042e-07 2.49515e-09 7.51517e-28)
(-4.15042e-07 2.49515e-09 7.51517e-28)
(-4.15042e-07 2.49515e-09 7.51517e-28)
(-4.15042e-07 2.49515e-09 7.51517e-28)
(-4.15042e-07 2.49515e-09 7.51517e-28)
(-4.15042e-07 2.49515e-09 7.51517e-28)
(-4.15042e-07 2.49515e-09 7.51517e-28)
(-4.15042e-07 2.49515e-09 7.51517e-28)
(-4.15042e-07 2.49515e-09 7.51517e-28)
(-4.15042e-07 2.49515e-09 7.51517e-28)
(-4.15042e-07 2.49515e-09 7.51517e-28)
(-4.15042e-07 2.49515e-09 7.51517e-28)
(-4.15042e-07 2.49515e-09 7.51517e-28)
(-4.15042e-07 2.49515e-09 7.51517e-28)
(-4.15042e-07 2.49515e-09 7.51517e-28)
(-4.15042e-07 2.49515e-09 7.51517e-28)
(-4.15042e-07 2.49515e-09 7.51517e-28)
(-4.15042e-07 2.49515e-09 7.51517e-28)
(-4.15042e-07 2.49515e-09 7.51517e-28)
(-4.15042e-07 2.49515e-09 7.51517e-28)
(-4.15042e-07 2.49515e-09 7.51517e-28)
(-4.15042e-07 2.49515e-09 7.51517e-28)
(-4.15042e-07 2.49515e-09 7.51517e-28)
(-4.15042e-07 2.49515e-09 7.51517e-28)
(-4.15042e-07 2.49515e-09 7.51517e-28)
(-4.15042e-07 2.49515e-09 7.51517e-28)
(-4.15042e-07 2.49515e-09 7.51517e-28)
(-4.15042e-07 2.49515e-09 7.51517e-28)
(-4.15042e-07 2.49515e-09 7.51517e-28)
(-4.15042e-07 2.49515e-09 7.51517e-28)
(-4.15042e-07 2.49515e-09 7.51517e-28)
(-4.15042e-07 2.49515e-09 7.51517e-28)
(-4.15042e-07 2.49515e-09 7.51517e-28)
(-4.15042e-07 2.49515e-09 7.51517e-28)
(-4.15042e-07 2.49515e-09 7.51517e-28)
(-4.15042e-07 2.49515e-09 7.51517e-28)
(-4.15042e-07 2.49515e-09 7.51517e-28)
(-4.15042e-07 2.49515e-09 7.51517e-28)
(-4.15042e-07 2.49515e-09 7.51517e-28)
(-4.15068e-07 0 0)
(-4.15068e-07 0 0)
(-4.15068e-07 0 0)
(-4.15068e-07 0 0)
(-4.15068e-07 0 0)
(-4.15068e-07 0 0)
(-4.15068e-07 0 0)
(-4.15068e-07 0 0)
(-4.15068e-07 0 0)
(-4.15068e-07 0 0)
(-4.15068e-07 0 0)
(-4.15068e-07 0 0)
(-4.15068e-07 0 0)
(-4.15068e-07 0 0)
(-4.15068e-07 0 0)
(-4.15068e-07 0 0)
(-4.15068e-07 0 0)
(-4.15068e-07 0 0)
(-4.15068e-07 0 0)
(-4.15068e-07 0 0)
(-4.15068e-07 0 0)
(-4.15068e-07 0 0)
(-4.15068e-07 0 0)
(-4.15068e-07 0 0)
(-4.15068e-07 0 0)
(-4.15068e-07 0 0)
(-4.15068e-07 0 0)
(-4.15068e-07 0 0)
(-4.15068e-07 0 0)
(-4.15068e-07 0 0)
(-4.15068e-07 0 0)
(-4.15068e-07 0 0)
(-4.15068e-07 0 0)
(-4.15068e-07 0 0)
(-4.15068e-07 0 0)
(-4.15068e-07 0 0)
(-4.15068e-07 0 0)
(-4.15068e-07 0 0)
(-4.15068e-07 0 0)
(-4.15068e-07 0 0)
(-4.15068e-07 0 0)
(-4.15068e-07 0 0)
(-4.15068e-07 0 0)
(-4.15068e-07 0 0)
(-4.15068e-07 0 0)
(-4.15068e-07 0 0)
(-4.15068e-07 0 0)
(-4.15068e-07 0 0)
(-4.15068e-07 0 0)
(-4.15068e-07 0 0)
(-4.15068e-07 0 0)
(-4.15068e-07 0 0)
(-4.15068e-07 0 0)
(-4.15068e-07 0 0)
(-4.15068e-07 0 0)
(-4.15068e-07 0 0)
(-4.15068e-07 0 0)
(-4.15068e-07 0 0)
(-4.15068e-07 0 0)
(-4.15068e-07 0 0)
)
;
    }
    front
    {
        type            cyclic;
    }
    back
    {
        type            cyclic;
    }
}


// ************************************************************************* //
