/*--------------------------------*- C++ -*----------------------------------*\
  =========                 |
  \\      /  F ield         | OpenFOAM: The Open Source CFD Toolbox
   \\    /   O peration     | Website:  https://openfoam.org
    \\  /    A nd           | Version:  13
     \\/     M anipulation  |
\*---------------------------------------------------------------------------*/
FoamFile
{
    format      ascii;
    class       volVectorField;
    location    "0";
    object      wallShearStress;
}
// * * * * * * * * * * * * * * * * * * * * * * * * * * * * * * * * * * * * * //

dimensions      [0 2 -2 0 0 0 0];

internalField   uniform (0 0 0);

boundaryField
{
    inlet
    {
        type            cyclic;
    }
    outlet
    {
        type            cyclic;
    }
    top
    {
        type            calculated;
        value           nonuniform List<vector> 
7200
(
(-4.16087e-07 0 0)
(-4.16087e-07 0 0)
(-4.16087e-07 0 0)
(-4.16087e-07 0 0)
(-4.16087e-07 5.22133e-24 0)
(-4.16087e-07 0 0)
(-4.16087e-07 5.22133e-24 0)
(-4.16087e-07 0 0)
(-4.16087e-07 0 0)
(-4.16087e-07 0 0)
(-4.16087e-07 0 0)
(-4.16087e-07 0 0)
(-4.16087e-07 0 0)
(-4.16087e-07 0 0)
(-4.16087e-07 0 0)
(-4.16087e-07 0 0)
(-4.16087e-07 0 0)
(-4.16087e-07 0 0)
(-4.16087e-07 0 0)
(-4.16087e-07 0 0)
(-4.16087e-07 0 0)
(-4.16087e-07 0 0)
(-4.16087e-07 0 0)
(-4.16087e-07 0 0)
(-4.16087e-07 0 0)
(-4.16087e-07 0 0)
(-4.16087e-07 0 0)
(-4.16087e-07 0 0)
(-4.16087e-07 5.22133e-24 0)
(-4.16087e-07 0 0)
(-4.16087e-07 0 0)
(-4.16087e-07 5.22133e-24 0)
(-4.16087e-07 0 0)
(-4.16087e-07 5.22133e-24 0)
(-4.16087e-07 0 0)
(-4.16087e-07 0 0)
(-4.16087e-07 5.22133e-24 0)
(-4.16087e-07 0 0)
(-4.16087e-07 5.22133e-24 0)
(-4.16087e-07 0 0)
(-4.16087e-07 0 0)
(-4.16087e-07 5.22133e-24 0)
(-4.16087e-07 0 0)
(-4.16087e-07 5.22133e-24 0)
(-4.16087e-07 0 0)
(-4.16087e-07 0 0)
(-4.16087e-07 5.22133e-24 0)
(-4.16087e-07 0 0)
(-4.16087e-07 5.22133e-24 0)
(-4.16087e-07 0 0)
(-4.16087e-07 0 0)
(-4.16087e-07 5.22133e-24 0)
(-4.16087e-07 0 0)
(-4.16087e-07 5.22133e-24 0)
(-4.16087e-07 0 0)
(-4.16087e-07 0 0)
(-4.16087e-07 0 0)
(-4.16087e-07 0 0)
(-4.16087e-07 0 0)
(-4.16087e-07 0 0)
(-4.1595e-07 0 0)
(-4.1595e-07 5.2196e-24 0)
(-4.1595e-07 0 0)
(-4.1595e-07 0 0)
(-4.1595e-07 -5.2196e-24 0)
(-4.1595e-07 -5.2196e-24 0)
(-4.1595e-07 -5.2196e-24 0)
(-4.1595e-07 0 0)
(-4.1595e-07 0 0)
(-4.1595e-07 0 0)
(-4.1595e-07 0 0)
(-4.1595e-07 0 0)
(-4.1595e-07 0 0)
(-4.1595e-07 0 0)
(-4.1595e-07 0 0)
(-4.1595e-07 0 0)
(-4.1595e-07 0 0)
(-4.1595e-07 0 0)
(-4.1595e-07 0 0)
(-4.1595e-07 0 0)
(-4.1595e-07 0 0)
(-4.1595e-07 0 0)
(-4.1595e-07 0 0)
(-4.1595e-07 0 0)
(-4.1595e-07 0 0)
(-4.1595e-07 0 0)
(-4.1595e-07 0 0)
(-4.1595e-07 0 0)
(-4.1595e-07 0 0)
(-4.1595e-07 0 0)
(-4.1595e-07 0 0)
(-4.1595e-07 0 0)
(-4.1595e-07 0 0)
(-4.1595e-07 0 0)
(-4.1595e-07 0 0)
(-4.1595e-07 0 0)
(-4.1595e-07 0 0)
(-4.1595e-07 0 0)
(-4.1595e-07 0 0)
(-4.1595e-07 0 0)
(-4.1595e-07 0 0)
(-4.1595e-07 0 0)
(-4.1595e-07 0 0)
(-4.1595e-07 0 0)
(-4.1595e-07 0 0)
(-4.1595e-07 0 0)
(-4.1595e-07 0 0)
(-4.1595e-07 0 0)
(-4.1595e-07 0 0)
(-4.1595e-07 0 0)
(-4.1595e-07 0 0)
(-4.1595e-07 0 0)
(-4.1595e-07 0 0)
(-4.1595e-07 0 0)
(-4.1595e-07 0 0)
(-4.1595e-07 0 0)
(-4.1595e-07 0 0)
(-4.1595e-07 0 0)
(-4.1595e-07 0 0)
(-4.1595e-07 0 0)
(-4.15003e-07 0 0)
(-4.15003e-07 -5.20776e-24 0)
(-4.15003e-07 5.20776e-24 0)
(-4.15003e-07 0 0)
(-4.15003e-07 5.20776e-24 0)
(-4.15003e-07 5.20776e-24 0)
(-4.15003e-07 5.20776e-24 0)
(-4.15003e-07 0 0)
(-4.15003e-07 0 0)
(-4.15003e-07 0 0)
(-4.15003e-07 0 0)
(-4.15003e-07 0 0)
(-4.15003e-07 0 0)
(-4.15003e-07 0 0)
(-4.15003e-07 0 0)
(-4.15003e-07 0 0)
(-4.15003e-07 0 0)
(-4.15003e-07 -5.20776e-24 0)
(-4.15003e-07 0 0)
(-4.15003e-07 0 0)
(-4.15003e-07 0 0)
(-4.15003e-07 0 0)
(-4.15003e-07 -5.20776e-24 0)
(-4.15003e-07 0 0)
(-4.15003e-07 0 0)
(-4.15003e-07 0 0)
(-4.15003e-07 0 0)
(-4.15003e-07 -5.20776e-24 0)
(-4.15003e-07 -5.20776e-24 0)
(-4.15003e-07 -5.20776e-24 0)
(-4.15003e-07 -5.20776e-24 0)
(-4.15003e-07 -5.20776e-24 0)
(-4.15003e-07 -5.20776e-24 0)
(-4.15003e-07 -5.20776e-24 0)
(-4.15003e-07 -5.20776e-24 0)
(-4.15003e-07 -5.20776e-24 0)
(-4.15003e-07 -5.20776e-24 0)
(-4.15003e-07 -5.20776e-24 0)
(-4.15003e-07 -5.20776e-24 0)
(-4.15003e-07 -5.20776e-24 0)
(-4.15003e-07 -5.20776e-24 0)
(-4.15003e-07 -5.20776e-24 0)
(-4.15003e-07 -5.20776e-24 0)
(-4.15003e-07 -5.20776e-24 0)
(-4.15003e-07 -5.20776e-24 0)
(-4.15003e-07 -5.20776e-24 0)
(-4.15003e-07 -5.20776e-24 0)
(-4.15003e-07 -5.20776e-24 0)
(-4.15003e-07 -5.20776e-24 0)
(-4.15003e-07 -5.20776e-24 0)
(-4.15003e-07 -5.20776e-24 0)
(-4.15003e-07 -5.20776e-24 0)
(-4.15003e-07 -5.20776e-24 0)
(-4.15003e-07 -5.20776e-24 0)
(-4.15003e-07 -5.20776e-24 0)
(-4.15003e-07 -5.20776e-24 0)
(-4.15003e-07 -5.20776e-24 0)
(-4.15003e-07 0 0)
(-4.15003e-07 -5.20776e-24 0)
(-4.15003e-07 -5.20776e-24 0)
(-4.12378e-07 0 0)
(-4.12378e-07 0 0)
(-4.12378e-07 -5.17496e-24 0)
(-4.12378e-07 0 0)
(-4.12378e-07 0 0)
(-4.12378e-07 -5.17496e-24 0)
(-4.12378e-07 0 0)
(-4.12378e-07 0 0)
(-4.12378e-07 0 0)
(-4.12378e-07 0 0)
(-4.12378e-07 -5.17496e-24 0)
(-4.12378e-07 0 0)
(-4.12378e-07 0 0)
(-4.12378e-07 0 0)
(-4.12378e-07 -5.17496e-24 0)
(-4.12378e-07 -5.17496e-24 0)
(-4.12378e-07 -5.17496e-24 0)
(-4.12378e-07 0 0)
(-4.12378e-07 -5.17496e-24 0)
(-4.12378e-07 -5.17496e-24 0)
(-4.12378e-07 -5.17496e-24 0)
(-4.12378e-07 -5.17496e-24 0)
(-4.12378e-07 0 0)
(-4.12378e-07 -5.17496e-24 0)
(-4.12378e-07 -5.17496e-24 0)
(-4.12378e-07 -5.17496e-24 0)
(-4.12378e-07 -5.17496e-24 0)
(-4.12378e-07 0 0)
(-4.12378e-07 5.17496e-24 0)
(-4.12378e-07 0 0)
(-4.12378e-07 0 0)
(-4.12378e-07 5.17496e-24 0)
(-4.12378e-07 0 0)
(-4.12378e-07 5.17496e-24 0)
(-4.12378e-07 0 0)
(-4.12378e-07 0 0)
(-4.12378e-07 5.17496e-24 0)
(-4.12378e-07 0 0)
(-4.12378e-07 5.17496e-24 0)
(-4.12378e-07 0 0)
(-4.12378e-07 0 0)
(-4.12378e-07 5.17496e-24 0)
(-4.12378e-07 0 0)
(-4.12378e-07 5.17496e-24 0)
(-4.12378e-07 0 0)
(-4.12378e-07 0 0)
(-4.12378e-07 5.17496e-24 0)
(-4.12378e-07 0 0)
(-4.12378e-07 5.17496e-24 0)
(-4.12378e-07 0 0)
(-4.12378e-07 0 0)
(-4.12378e-07 5.17496e-24 0)
(-4.12378e-07 0 0)
(-4.12378e-07 5.17496e-24 0)
(-4.12378e-07 0 0)
(-4.12378e-07 0 0)
(-4.12378e-07 0 0)
(-4.12378e-07 0 0)
(-4.12378e-07 0 0)
(-4.12378e-07 0 0)
(-4.07544e-07 0 0)
(-4.07544e-07 0 0)
(-4.07544e-07 5.11466e-24 0)
(-4.07544e-07 0 0)
(-4.07544e-07 -5.11466e-24 0)
(-4.07544e-07 5.11466e-24 0)
(-4.07544e-07 -5.11466e-24 0)
(-4.07544e-07 0 0)
(-4.07544e-07 0 0)
(-4.07544e-07 0 0)
(-4.07544e-07 5.11466e-24 0)
(-4.07544e-07 0 0)
(-4.07544e-07 0 0)
(-4.07544e-07 0 0)
(-4.07544e-07 5.11466e-24 0)
(-4.07544e-07 5.11466e-24 0)
(-4.07544e-07 5.11466e-24 0)
(-4.07544e-07 0 0)
(-4.07544e-07 5.11466e-24 0)
(-4.07544e-07 5.11466e-24 0)
(-4.07544e-07 5.11466e-24 0)
(-4.07544e-07 5.11466e-24 0)
(-4.07544e-07 0 0)
(-4.07544e-07 5.11466e-24 0)
(-4.07544e-07 5.11466e-24 0)
(-4.07544e-07 5.11466e-24 0)
(-4.07544e-07 5.11466e-24 0)
(-4.07544e-07 0 0)
(-4.07544e-07 -5.11466e-24 0)
(-4.07544e-07 0 0)
(-4.07544e-07 0 0)
(-4.07544e-07 -5.11466e-24 0)
(-4.07544e-07 0 0)
(-4.07544e-07 -5.11466e-24 0)
(-4.07544e-07 0 0)
(-4.07544e-07 0 0)
(-4.07544e-07 -5.11466e-24 0)
(-4.07544e-07 0 0)
(-4.07544e-07 -5.11466e-24 0)
(-4.07544e-07 0 0)
(-4.07544e-07 0 0)
(-4.07544e-07 -5.11466e-24 0)
(-4.07544e-07 0 0)
(-4.07544e-07 -5.11466e-24 0)
(-4.07544e-07 0 0)
(-4.07544e-07 0 0)
(-4.07544e-07 -5.11466e-24 0)
(-4.07544e-07 0 0)
(-4.07544e-07 -5.11466e-24 0)
(-4.07544e-07 0 0)
(-4.07544e-07 0 0)
(-4.07544e-07 -5.11466e-24 0)
(-4.07544e-07 0 0)
(-4.07544e-07 -5.11466e-24 0)
(-4.07544e-07 0 0)
(-4.07544e-07 0 0)
(-4.07544e-07 0 0)
(-4.07544e-07 0 0)
(-4.07544e-07 0 0)
(-4.07544e-07 0 0)
(-4.00645e-07 0 0)
(-4.00645e-07 0 0)
(-4.00645e-07 -5.02855e-24 0)
(-4.00645e-07 0 0)
(-4.00645e-07 0 0)
(-4.00645e-07 -1.00571e-23 0)
(-4.00645e-07 0 0)
(-4.00645e-07 -5.02855e-24 0)
(-4.00645e-07 -5.02855e-24 0)
(-4.00645e-07 -5.02855e-24 0)
(-4.00645e-07 -5.02855e-24 0)
(-4.00645e-07 -5.02855e-24 0)
(-4.00645e-07 -5.02855e-24 0)
(-4.00645e-07 -5.02855e-24 0)
(-4.00645e-07 -5.02855e-24 0)
(-4.00645e-07 -5.02855e-24 0)
(-4.00645e-07 -5.02855e-24 0)
(-4.00645e-07 5.02855e-24 0)
(-4.00645e-07 -5.02855e-24 0)
(-4.00645e-07 -5.02855e-24 0)
(-4.00645e-07 -5.02855e-24 0)
(-4.00645e-07 -5.02855e-24 0)
(-4.00645e-07 5.02855e-24 0)
(-4.00645e-07 -5.02855e-24 0)
(-4.00645e-07 -5.02855e-24 0)
(-4.00645e-07 -5.02855e-24 0)
(-4.00645e-07 -5.02855e-24 0)
(-4.00645e-07 5.02855e-24 0)
(-4.00645e-07 0 0)
(-4.00645e-07 5.02855e-24 0)
(-4.00645e-07 5.02855e-24 0)
(-4.00645e-07 0 0)
(-4.00645e-07 5.02855e-24 0)
(-4.00645e-07 0 0)
(-4.00645e-07 5.02855e-24 0)
(-4.00645e-07 5.02855e-24 0)
(-4.00645e-07 0 0)
(-4.00645e-07 5.02855e-24 0)
(-4.00645e-07 0 0)
(-4.00645e-07 5.02855e-24 0)
(-4.00645e-07 5.02855e-24 0)
(-4.00645e-07 0 0)
(-4.00645e-07 5.02855e-24 0)
(-4.00645e-07 0 0)
(-4.00645e-07 5.02855e-24 0)
(-4.00645e-07 5.02855e-24 0)
(-4.00645e-07 0 0)
(-4.00645e-07 5.02855e-24 0)
(-4.00645e-07 0 0)
(-4.00645e-07 5.02855e-24 0)
(-4.00645e-07 5.02855e-24 0)
(-4.00645e-07 0 0)
(-4.00645e-07 5.02855e-24 0)
(-4.00645e-07 0 0)
(-4.00645e-07 5.02855e-24 0)
(-4.00645e-07 5.02855e-24 0)
(-4.00645e-07 5.02855e-24 0)
(-4.00645e-07 0 0)
(-4.00645e-07 5.02855e-24 0)
(-4.00645e-07 5.02855e-24 0)
(-3.92478e-07 0 0)
(-3.92478e-07 0 0)
(-3.92478e-07 0 0)
(-3.92478e-07 0 0)
(-3.92478e-07 0 0)
(-3.92478e-07 4.92647e-24 0)
(-3.92478e-07 0 0)
(-3.92478e-07 4.92647e-24 0)
(-3.92478e-07 4.92647e-24 0)
(-3.92478e-07 4.92647e-24 0)
(-3.92478e-07 4.92647e-24 0)
(-3.92478e-07 4.92647e-24 0)
(-3.92478e-07 4.92647e-24 0)
(-3.92478e-07 4.92647e-24 0)
(-3.92478e-07 4.92647e-24 0)
(-3.92478e-07 4.92647e-24 0)
(-3.92478e-07 4.92647e-24 0)
(-3.92478e-07 0 0)
(-3.92478e-07 4.92647e-24 0)
(-3.92478e-07 4.92647e-24 0)
(-3.92478e-07 4.92647e-24 0)
(-3.92478e-07 4.92647e-24 0)
(-3.92478e-07 0 0)
(-3.92478e-07 4.92647e-24 0)
(-3.92478e-07 4.92647e-24 0)
(-3.92478e-07 4.92647e-24 0)
(-3.92478e-07 4.92647e-24 0)
(-3.92478e-07 0 0)
(-3.92478e-07 0 0)
(-3.92478e-07 0 0)
(-3.92478e-07 0 0)
(-3.92478e-07 0 0)
(-3.92478e-07 0 0)
(-3.92478e-07 0 0)
(-3.92478e-07 0 0)
(-3.92478e-07 0 0)
(-3.92478e-07 0 0)
(-3.92478e-07 0 0)
(-3.92478e-07 0 0)
(-3.92478e-07 0 0)
(-3.92478e-07 0 0)
(-3.92478e-07 0 0)
(-3.92478e-07 0 0)
(-3.92478e-07 0 0)
(-3.92478e-07 0 0)
(-3.92478e-07 0 0)
(-3.92478e-07 0 0)
(-3.92478e-07 0 0)
(-3.92478e-07 0 0)
(-3.92478e-07 0 0)
(-3.92478e-07 0 0)
(-3.92478e-07 0 0)
(-3.92478e-07 0 0)
(-3.92478e-07 0 0)
(-3.92478e-07 0 0)
(-3.92478e-07 0 0)
(-3.92478e-07 0 0)
(-3.92478e-07 4.92647e-24 0)
(-3.92478e-07 0 0)
(-3.92478e-07 0 0)
(-3.83806e-07 0 0)
(-3.83806e-07 0 0)
(-3.83806e-07 0 0)
(-3.83806e-07 -4.8179e-24 0)
(-3.83806e-07 0 0)
(-3.83806e-07 0 0)
(-3.83806e-07 0 0)
(-3.83806e-07 -4.8179e-24 0)
(-3.83806e-07 0 0)
(-3.83806e-07 -4.8179e-24 0)
(-3.83806e-07 -4.8179e-24 0)
(-3.83806e-07 0 0)
(-3.83806e-07 -4.8179e-24 0)
(-3.83806e-07 0 0)
(-3.83806e-07 -4.8179e-24 0)
(-3.83806e-07 -4.8179e-24 0)
(-3.83806e-07 -4.8179e-24 0)
(-3.83806e-07 -4.8179e-24 0)
(-3.83806e-07 -4.8179e-24 0)
(-3.83806e-07 -4.8179e-24 0)
(-3.83806e-07 -4.8179e-24 0)
(-3.83806e-07 -4.8179e-24 0)
(-3.83806e-07 -4.8179e-24 0)
(-3.83806e-07 -4.8179e-24 0)
(-3.83806e-07 -4.8179e-24 0)
(-3.83806e-07 -4.8179e-24 0)
(-3.83806e-07 -4.8179e-24 0)
(-3.83806e-07 -4.8179e-24 0)
(-3.83806e-07 0 0)
(-3.83806e-07 -4.8179e-24 0)
(-3.83806e-07 -4.8179e-24 0)
(-3.83806e-07 0 0)
(-3.83806e-07 -4.8179e-24 0)
(-3.83806e-07 0 0)
(-3.83806e-07 -4.8179e-24 0)
(-3.83806e-07 -4.8179e-24 0)
(-3.83806e-07 0 0)
(-3.83806e-07 -4.8179e-24 0)
(-3.83806e-07 0 0)
(-3.83806e-07 -4.8179e-24 0)
(-3.83806e-07 -4.8179e-24 0)
(-3.83806e-07 0 0)
(-3.83806e-07 -4.8179e-24 0)
(-3.83806e-07 0 0)
(-3.83806e-07 -4.8179e-24 0)
(-3.83806e-07 -4.8179e-24 0)
(-3.83806e-07 0 0)
(-3.83806e-07 -4.8179e-24 0)
(-3.83806e-07 0 0)
(-3.83806e-07 -4.8179e-24 0)
(-3.83806e-07 -4.8179e-24 0)
(-3.83806e-07 0 0)
(-3.83806e-07 -4.8179e-24 0)
(-3.83806e-07 0 0)
(-3.83806e-07 -4.8179e-24 0)
(-3.83806e-07 -4.8179e-24 0)
(-3.83806e-07 -4.8179e-24 0)
(-3.83806e-07 -4.8179e-24 0)
(-3.83806e-07 -4.8179e-24 0)
(-3.83806e-07 -4.8179e-24 0)
(-3.75097e-07 0 0)
(-3.75097e-07 -4.70874e-24 0)
(-3.75097e-07 4.70874e-24 0)
(-3.75097e-07 0 0)
(-3.75097e-07 4.70874e-24 0)
(-3.75097e-07 4.70874e-24 0)
(-3.75097e-07 4.70874e-24 0)
(-3.75097e-07 4.70874e-24 0)
(-3.75097e-07 0 0)
(-3.75097e-07 4.70874e-24 0)
(-3.75097e-07 4.70874e-24 0)
(-3.75097e-07 0 0)
(-3.75097e-07 4.70874e-24 0)
(-3.75097e-07 0 0)
(-3.75097e-07 4.70874e-24 0)
(-3.75097e-07 4.70874e-24 0)
(-3.75097e-07 4.70874e-24 0)
(-3.75097e-07 4.70874e-24 0)
(-3.75097e-07 4.70874e-24 0)
(-3.75097e-07 4.70874e-24 0)
(-3.75097e-07 4.70874e-24 0)
(-3.75097e-07 4.70874e-24 0)
(-3.75097e-07 4.70874e-24 0)
(-3.75097e-07 4.70874e-24 0)
(-3.75097e-07 4.70874e-24 0)
(-3.75097e-07 4.70874e-24 0)
(-3.75097e-07 4.70874e-24 0)
(-3.75097e-07 4.70874e-24 0)
(-3.75097e-07 -4.70874e-24 0)
(-3.75097e-07 4.70874e-24 0)
(-3.75097e-07 4.70874e-24 0)
(-3.75097e-07 -4.70874e-24 0)
(-3.75097e-07 4.70874e-24 0)
(-3.75097e-07 -4.70874e-24 0)
(-3.75097e-07 4.70874e-24 0)
(-3.75097e-07 4.70874e-24 0)
(-3.75097e-07 -4.70874e-24 0)
(-3.75097e-07 4.70874e-24 0)
(-3.75097e-07 -4.70874e-24 0)
(-3.75097e-07 4.70874e-24 0)
(-3.75097e-07 4.70874e-24 0)
(-3.75097e-07 -4.70874e-24 0)
(-3.75097e-07 4.70874e-24 0)
(-3.75097e-07 -4.70874e-24 0)
(-3.75097e-07 4.70874e-24 0)
(-3.75097e-07 4.70874e-24 0)
(-3.75097e-07 -4.70874e-24 0)
(-3.75097e-07 4.70874e-24 0)
(-3.75097e-07 -4.70874e-24 0)
(-3.75097e-07 4.70874e-24 0)
(-3.75097e-07 4.70874e-24 0)
(-3.75097e-07 -4.70874e-24 0)
(-3.75097e-07 4.70874e-24 0)
(-3.75097e-07 -4.70874e-24 0)
(-3.75097e-07 4.70874e-24 0)
(-3.75097e-07 4.70874e-24 0)
(-3.75097e-07 4.70874e-24 0)
(-3.75097e-07 -4.70874e-24 0)
(-3.75097e-07 4.70874e-24 0)
(-3.75097e-07 4.70874e-24 0)
(-3.66627e-07 0 0)
(-3.66627e-07 4.60247e-24 0)
(-3.66627e-07 -4.60247e-24 0)
(-3.66627e-07 4.60247e-24 0)
(-3.66627e-07 -4.60247e-24 0)
(-3.66627e-07 -4.60247e-24 0)
(-3.66627e-07 -4.60247e-24 0)
(-3.66627e-07 -4.60247e-24 0)
(-3.66627e-07 0 0)
(-3.66627e-07 -4.60247e-24 0)
(-3.66627e-07 -4.60247e-24 0)
(-3.66627e-07 0 0)
(-3.66627e-07 -4.60247e-24 0)
(-3.66627e-07 0 0)
(-3.66627e-07 0 0)
(-3.66627e-07 -4.60247e-24 0)
(-3.66627e-07 0 0)
(-3.66627e-07 0 0)
(-3.66627e-07 0 0)
(-3.66627e-07 0 0)
(-3.66627e-07 -4.60247e-24 0)
(-3.66627e-07 0 0)
(-3.66627e-07 0 0)
(-3.66627e-07 0 0)
(-3.66627e-07 0 0)
(-3.66627e-07 -4.60247e-24 0)
(-3.66627e-07 0 0)
(-3.66627e-07 0 0)
(-3.66627e-07 4.60247e-24 0)
(-3.66627e-07 0 0)
(-3.66627e-07 0 0)
(-3.66627e-07 4.60247e-24 0)
(-3.66627e-07 0 0)
(-3.66627e-07 4.60247e-24 0)
(-3.66627e-07 0 0)
(-3.66627e-07 0 0)
(-3.66627e-07 4.60247e-24 0)
(-3.66627e-07 0 0)
(-3.66627e-07 4.60247e-24 0)
(-3.66627e-07 0 0)
(-3.66627e-07 0 0)
(-3.66627e-07 4.60247e-24 0)
(-3.66627e-07 0 0)
(-3.66627e-07 4.60247e-24 0)
(-3.66627e-07 0 0)
(-3.66627e-07 0 0)
(-3.66627e-07 4.60247e-24 0)
(-3.66627e-07 0 0)
(-3.66627e-07 4.60247e-24 0)
(-3.66627e-07 0 0)
(-3.66627e-07 0 0)
(-3.66627e-07 4.60247e-24 0)
(-3.66627e-07 0 0)
(-3.66627e-07 4.60247e-24 0)
(-3.66627e-07 0 0)
(-3.66627e-07 0 0)
(-3.66627e-07 0 0)
(-3.66627e-07 9.20494e-24 0)
(-3.66627e-07 0 0)
(-3.66627e-07 0 0)
(-3.58572e-07 -4.50132e-24 0)
(-3.58572e-07 -4.50132e-24 0)
(-3.58572e-07 0 0)
(-3.58572e-07 0 0)
(-3.58572e-07 0 0)
(-3.58572e-07 0 0)
(-3.58572e-07 0 0)
(-3.58572e-07 0 0)
(-3.58572e-07 0 0)
(-3.58572e-07 0 0)
(-3.58572e-07 0 0)
(-3.58572e-07 0 0)
(-3.58572e-07 0 0)
(-3.58572e-07 0 0)
(-3.58572e-07 -4.50132e-24 0)
(-3.58572e-07 0 0)
(-3.58572e-07 -4.50132e-24 0)
(-3.58572e-07 0 0)
(-3.58572e-07 -4.50132e-24 0)
(-3.58572e-07 -4.50132e-24 0)
(-3.58572e-07 0 0)
(-3.58572e-07 -4.50132e-24 0)
(-3.58572e-07 0 0)
(-3.58572e-07 -4.50132e-24 0)
(-3.58572e-07 -4.50132e-24 0)
(-3.58572e-07 0 0)
(-3.58572e-07 -4.50132e-24 0)
(-3.58572e-07 0 0)
(-3.58572e-07 -4.50132e-24 0)
(-3.58572e-07 0 0)
(-3.58572e-07 0 0)
(-3.58572e-07 -4.50132e-24 0)
(-3.58572e-07 0 0)
(-3.58572e-07 -4.50132e-24 0)
(-3.58572e-07 0 0)
(-3.58572e-07 0 0)
(-3.58572e-07 -4.50132e-24 0)
(-3.58572e-07 0 0)
(-3.58572e-07 -4.50132e-24 0)
(-3.58572e-07 0 0)
(-3.58572e-07 0 0)
(-3.58572e-07 -4.50132e-24 0)
(-3.58572e-07 0 0)
(-3.58572e-07 -4.50132e-24 0)
(-3.58572e-07 0 0)
(-3.58572e-07 0 0)
(-3.58572e-07 -4.50132e-24 0)
(-3.58572e-07 0 0)
(-3.58572e-07 -4.50132e-24 0)
(-3.58572e-07 0 0)
(-3.58572e-07 0 0)
(-3.58572e-07 -4.50132e-24 0)
(-3.58572e-07 0 0)
(-3.58572e-07 -4.50132e-24 0)
(-3.58572e-07 -4.50132e-24 0)
(-3.58572e-07 0 0)
(-3.58572e-07 -4.50132e-24 0)
(-3.58572e-07 -4.50132e-24 0)
(-3.58572e-07 -4.50132e-24 0)
(-3.58572e-07 -4.50132e-24 0)
(-3.51e-07 4.40618e-24 0)
(-3.51e-07 0 0)
(-3.51e-07 0 0)
(-3.51e-07 -4.40618e-24 0)
(-3.51e-07 4.40618e-24 0)
(-3.51e-07 0 0)
(-3.51e-07 4.40618e-24 0)
(-3.51e-07 0 0)
(-3.51e-07 0 0)
(-3.51e-07 0 0)
(-3.51e-07 4.40618e-24 0)
(-3.51e-07 0 0)
(-3.51e-07 0 0)
(-3.51e-07 0 0)
(-3.51e-07 0 0)
(-3.51e-07 4.40618e-24 0)
(-3.51e-07 0 0)
(-3.51e-07 0 0)
(-3.51e-07 0 0)
(-3.51e-07 0 0)
(-3.51e-07 4.40618e-24 0)
(-3.51e-07 0 0)
(-3.51e-07 0 0)
(-3.51e-07 0 0)
(-3.51e-07 0 0)
(-3.51e-07 4.40618e-24 0)
(-3.51e-07 0 0)
(-3.51e-07 0 0)
(-3.51e-07 0 0)
(-3.51e-07 0 0)
(-3.51e-07 0 0)
(-3.51e-07 0 0)
(-3.51e-07 0 0)
(-3.51e-07 0 0)
(-3.51e-07 0 0)
(-3.51e-07 0 0)
(-3.51e-07 0 0)
(-3.51e-07 0 0)
(-3.51e-07 0 0)
(-3.51e-07 0 0)
(-3.51e-07 -4.40618e-24 0)
(-3.51e-07 0 0)
(-3.51e-07 0 0)
(-3.51e-07 0 0)
(-3.51e-07 0 0)
(-3.51e-07 -4.40618e-24 0)
(-3.51e-07 0 0)
(-3.51e-07 0 0)
(-3.51e-07 0 0)
(-3.51e-07 0 0)
(-3.51e-07 -4.40618e-24 0)
(-3.51e-07 0 0)
(-3.51e-07 0 0)
(-3.51e-07 0 0)
(-3.51e-07 0 0)
(-3.51e-07 -4.40618e-24 0)
(-3.51e-07 0 0)
(-3.51e-07 0 0)
(-3.51e-07 0 0)
(-3.51e-07 0 0)
(-3.43873e-07 -4.31663e-24 0)
(-3.43873e-07 0 0)
(-3.43873e-07 0 0)
(-3.43873e-07 4.31663e-24 0)
(-3.43873e-07 -4.31663e-24 0)
(-3.43873e-07 0 0)
(-3.43873e-07 -4.31663e-24 0)
(-3.43873e-07 0 0)
(-3.43873e-07 4.31663e-24 0)
(-3.43873e-07 0 0)
(-3.43873e-07 -4.31663e-24 0)
(-3.43873e-07 4.31663e-24 0)
(-3.43873e-07 0 0)
(-3.43873e-07 4.31663e-24 0)
(-3.43873e-07 0 0)
(-3.43873e-07 -4.31663e-24 0)
(-3.43873e-07 0 0)
(-3.43873e-07 -4.31663e-24 0)
(-3.43873e-07 0 0)
(-3.43873e-07 0 0)
(-3.43873e-07 -4.31663e-24 0)
(-3.43873e-07 0 0)
(-3.43873e-07 -4.31663e-24 0)
(-3.43873e-07 0 0)
(-3.43873e-07 0 0)
(-3.43873e-07 -4.31663e-24 0)
(-3.43873e-07 0 0)
(-3.43873e-07 -4.31663e-24 0)
(-3.43873e-07 0 0)
(-3.43873e-07 -4.31663e-24 0)
(-3.43873e-07 -4.31663e-24 0)
(-3.43873e-07 0 0)
(-3.43873e-07 -4.31663e-24 0)
(-3.43873e-07 0 0)
(-3.43873e-07 -4.31663e-24 0)
(-3.43873e-07 -4.31663e-24 0)
(-3.43873e-07 0 0)
(-3.43873e-07 -4.31663e-24 0)
(-3.43873e-07 0 0)
(-3.43873e-07 -4.31663e-24 0)
(-3.43873e-07 0 0)
(-3.43873e-07 0 0)
(-3.43873e-07 -4.31663e-24 0)
(-3.43873e-07 0 0)
(-3.43873e-07 -4.31663e-24 0)
(-3.43873e-07 0 0)
(-3.43873e-07 0 0)
(-3.43873e-07 -4.31663e-24 0)
(-3.43873e-07 0 0)
(-3.43873e-07 -4.31663e-24 0)
(-3.43873e-07 0 0)
(-3.43873e-07 0 0)
(-3.43873e-07 -4.31663e-24 0)
(-3.43873e-07 0 0)
(-3.43873e-07 0 0)
(-3.43873e-07 0 0)
(-3.43873e-07 0 0)
(-3.43873e-07 0 0)
(-3.43873e-07 0 0)
(-3.43873e-07 0 0)
(-3.37125e-07 4.23183e-24 0)
(-3.37125e-07 4.23183e-24 0)
(-3.37125e-07 4.23183e-24 0)
(-3.37125e-07 -4.23183e-24 0)
(-3.37125e-07 4.23183e-24 0)
(-3.37125e-07 4.23183e-24 0)
(-3.37125e-07 4.23183e-24 0)
(-3.37125e-07 0 0)
(-3.37125e-07 4.23183e-24 0)
(-3.37125e-07 0 0)
(-3.37125e-07 0 0)
(-3.37125e-07 4.23183e-24 0)
(-3.37125e-07 0 0)
(-3.37125e-07 4.23183e-24 0)
(-3.37125e-07 0 0)
(-3.37125e-07 0 0)
(-3.37125e-07 0 0)
(-3.37125e-07 0 0)
(-3.37125e-07 0 0)
(-3.37125e-07 0 0)
(-3.37125e-07 0 0)
(-3.37125e-07 0 0)
(-3.37125e-07 0 0)
(-3.37125e-07 0 0)
(-3.37125e-07 0 0)
(-3.37125e-07 0 0)
(-3.37125e-07 0 0)
(-3.37125e-07 0 0)
(-3.37125e-07 0 0)
(-3.37125e-07 0 0)
(-3.37125e-07 0 0)
(-3.37125e-07 0 0)
(-3.37125e-07 0 0)
(-3.37125e-07 0 0)
(-3.37125e-07 0 0)
(-3.37125e-07 0 0)
(-3.37125e-07 0 0)
(-3.37125e-07 0 0)
(-3.37125e-07 0 0)
(-3.37125e-07 0 0)
(-3.37125e-07 0 0)
(-3.37125e-07 0 0)
(-3.37125e-07 0 0)
(-3.37125e-07 0 0)
(-3.37125e-07 0 0)
(-3.37125e-07 0 0)
(-3.37125e-07 0 0)
(-3.37125e-07 0 0)
(-3.37125e-07 0 0)
(-3.37125e-07 0 0)
(-3.37125e-07 0 0)
(-3.37125e-07 0 0)
(-3.37125e-07 0 0)
(-3.37125e-07 0 0)
(-3.37125e-07 0 0)
(-3.37125e-07 0 0)
(-3.37125e-07 0 0)
(-3.37125e-07 0 0)
(-3.37125e-07 0 0)
(-3.37125e-07 0 0)
(-3.30699e-07 0 0)
(-3.30699e-07 0 0)
(-3.30699e-07 -4.1511e-24 0)
(-3.30699e-07 0 0)
(-3.30699e-07 -4.1511e-24 0)
(-3.30699e-07 -4.1511e-24 0)
(-3.30699e-07 -4.1511e-24 0)
(-3.30699e-07 0 0)
(-3.30699e-07 -4.1511e-24 0)
(-3.30699e-07 0 0)
(-3.30699e-07 0 0)
(-3.30699e-07 -4.1511e-24 0)
(-3.30699e-07 0 0)
(-3.30699e-07 -4.1511e-24 0)
(-3.30699e-07 0 0)
(-3.30699e-07 0 0)
(-3.30699e-07 0 0)
(-3.30699e-07 4.1511e-24 0)
(-3.30699e-07 0 0)
(-3.30699e-07 0 0)
(-3.30699e-07 0 0)
(-3.30699e-07 0 0)
(-3.30699e-07 4.1511e-24 0)
(-3.30699e-07 0 0)
(-3.30699e-07 0 0)
(-3.30699e-07 0 0)
(-3.30699e-07 0 0)
(-3.30699e-07 4.1511e-24 0)
(-3.30699e-07 4.1511e-24 0)
(-3.30699e-07 4.1511e-24 0)
(-3.30699e-07 4.1511e-24 0)
(-3.30699e-07 4.1511e-24 0)
(-3.30699e-07 4.1511e-24 0)
(-3.30699e-07 4.1511e-24 0)
(-3.30699e-07 4.1511e-24 0)
(-3.30699e-07 4.1511e-24 0)
(-3.30699e-07 4.1511e-24 0)
(-3.30699e-07 4.1511e-24 0)
(-3.30699e-07 4.1511e-24 0)
(-3.30699e-07 4.1511e-24 0)
(-3.30699e-07 4.1511e-24 0)
(-3.30699e-07 4.1511e-24 0)
(-3.30699e-07 4.1511e-24 0)
(-3.30699e-07 4.1511e-24 0)
(-3.30699e-07 4.1511e-24 0)
(-3.30699e-07 4.1511e-24 0)
(-3.30699e-07 4.1511e-24 0)
(-3.30699e-07 4.1511e-24 0)
(-3.30699e-07 4.1511e-24 0)
(-3.30699e-07 4.1511e-24 0)
(-3.30699e-07 4.1511e-24 0)
(-3.30699e-07 4.1511e-24 0)
(-3.30699e-07 4.1511e-24 0)
(-3.30699e-07 4.1511e-24 0)
(-3.30699e-07 4.1511e-24 0)
(-3.30699e-07 4.1511e-24 0)
(-3.30699e-07 4.1511e-24 0)
(-3.30699e-07 0 0)
(-3.30699e-07 4.1511e-24 0)
(-3.30699e-07 4.1511e-24 0)
(-3.2455e-07 0 0)
(-3.2455e-07 0 0)
(-3.2455e-07 4.07384e-24 0)
(-3.2455e-07 0 0)
(-3.2455e-07 4.07384e-24 0)
(-3.2455e-07 4.07384e-24 0)
(-3.2455e-07 4.07384e-24 0)
(-3.2455e-07 0 0)
(-3.2455e-07 4.07384e-24 0)
(-3.2455e-07 0 0)
(-3.2455e-07 0 0)
(-3.2455e-07 4.07384e-24 0)
(-3.2455e-07 0 0)
(-3.2455e-07 4.07384e-24 0)
(-3.2455e-07 0 0)
(-3.2455e-07 0 0)
(-3.2455e-07 0 0)
(-3.2455e-07 -4.07384e-24 0)
(-3.2455e-07 0 0)
(-3.2455e-07 0 0)
(-3.2455e-07 0 0)
(-3.2455e-07 0 0)
(-3.2455e-07 -4.07384e-24 0)
(-3.2455e-07 0 0)
(-3.2455e-07 0 0)
(-3.2455e-07 0 0)
(-3.2455e-07 0 0)
(-3.2455e-07 -4.07384e-24 0)
(-3.2455e-07 0 0)
(-3.2455e-07 -4.07384e-24 0)
(-3.2455e-07 -4.07384e-24 0)
(-3.2455e-07 0 0)
(-3.2455e-07 -4.07384e-24 0)
(-3.2455e-07 0 0)
(-3.2455e-07 -4.07384e-24 0)
(-3.2455e-07 -4.07384e-24 0)
(-3.2455e-07 0 0)
(-3.2455e-07 -4.07384e-24 0)
(-3.2455e-07 0 0)
(-3.2455e-07 -4.07384e-24 0)
(-3.2455e-07 -4.07384e-24 0)
(-3.2455e-07 0 0)
(-3.2455e-07 -4.07384e-24 0)
(-3.2455e-07 0 0)
(-3.2455e-07 -4.07384e-24 0)
(-3.2455e-07 -4.07384e-24 0)
(-3.2455e-07 0 0)
(-3.2455e-07 -4.07384e-24 0)
(-3.2455e-07 0 0)
(-3.2455e-07 -4.07384e-24 0)
(-3.2455e-07 -4.07384e-24 0)
(-3.2455e-07 0 0)
(-3.2455e-07 -4.07384e-24 0)
(-3.2455e-07 0 0)
(-3.2455e-07 -4.07384e-24 0)
(-3.2455e-07 -4.07384e-24 0)
(-3.2455e-07 -4.07384e-24 0)
(-3.2455e-07 -4.07384e-24 0)
(-3.2455e-07 -4.07384e-24 0)
(-3.2455e-07 -4.07384e-24 0)
(-3.18641e-07 0 0)
(-3.18641e-07 0 0)
(-3.18641e-07 -3.99961e-24 0)
(-3.18641e-07 -3.99961e-24 0)
(-3.18641e-07 -3.99961e-24 0)
(-3.18641e-07 -3.99961e-24 0)
(-3.18641e-07 -3.99961e-24 0)
(-3.18641e-07 -3.99961e-24 0)
(-3.18641e-07 -3.99961e-24 0)
(-3.18641e-07 -3.99961e-24 0)
(-3.18641e-07 -3.99961e-24 0)
(-3.18641e-07 -3.99961e-24 0)
(-3.18641e-07 -3.99961e-24 0)
(-3.18641e-07 -3.99961e-24 0)
(-3.18641e-07 -3.99961e-24 0)
(-3.18641e-07 -3.99961e-24 0)
(-3.18641e-07 -3.99961e-24 0)
(-3.18641e-07 3.99961e-24 0)
(-3.18641e-07 -3.99961e-24 0)
(-3.18641e-07 -3.99961e-24 0)
(-3.18641e-07 -3.99961e-24 0)
(-3.18641e-07 -3.99961e-24 0)
(-3.18641e-07 3.99961e-24 0)
(-3.18641e-07 -3.99961e-24 0)
(-3.18641e-07 -3.99961e-24 0)
(-3.18641e-07 -3.99961e-24 0)
(-3.18641e-07 -3.99961e-24 0)
(-3.18641e-07 3.99961e-24 0)
(-3.18641e-07 0 0)
(-3.18641e-07 3.99961e-24 0)
(-3.18641e-07 3.99961e-24 0)
(-3.18641e-07 0 0)
(-3.18641e-07 3.99961e-24 0)
(-3.18641e-07 0 0)
(-3.18641e-07 3.99961e-24 0)
(-3.18641e-07 3.99961e-24 0)
(-3.18641e-07 0 0)
(-3.18641e-07 3.99961e-24 0)
(-3.18641e-07 0 0)
(-3.18641e-07 3.99961e-24 0)
(-3.18641e-07 3.99961e-24 0)
(-3.18641e-07 0 0)
(-3.18641e-07 3.99961e-24 0)
(-3.18641e-07 0 0)
(-3.18641e-07 3.99961e-24 0)
(-3.18641e-07 3.99961e-24 0)
(-3.18641e-07 0 0)
(-3.18641e-07 3.99961e-24 0)
(-3.18641e-07 0 0)
(-3.18641e-07 3.99961e-24 0)
(-3.18641e-07 3.99961e-24 0)
(-3.18641e-07 0 0)
(-3.18641e-07 3.99961e-24 0)
(-3.18641e-07 0 0)
(-3.18641e-07 0 0)
(-3.18641e-07 3.99961e-24 0)
(-3.18641e-07 0 0)
(-3.18641e-07 0 0)
(-3.18641e-07 0 0)
(-3.18641e-07 0 0)
(-3.12974e-07 0 0)
(-3.12974e-07 0 0)
(-3.12974e-07 3.9284e-24 0)
(-3.12974e-07 3.9284e-24 0)
(-3.12974e-07 3.9284e-24 0)
(-3.12974e-07 3.9284e-24 0)
(-3.12974e-07 3.9284e-24 0)
(-3.12974e-07 3.9284e-24 0)
(-3.12974e-07 3.9284e-24 0)
(-3.12974e-07 3.9284e-24 0)
(-3.12974e-07 0 0)
(-3.12974e-07 3.9284e-24 0)
(-3.12974e-07 3.9284e-24 0)
(-3.12974e-07 3.9284e-24 0)
(-3.12974e-07 3.9284e-24 0)
(-3.12974e-07 0 0)
(-3.12974e-07 3.9284e-24 0)
(-3.12974e-07 0 0)
(-3.12974e-07 3.9284e-24 0)
(-3.12974e-07 3.9284e-24 0)
(-3.12974e-07 0 0)
(-3.12974e-07 3.9284e-24 0)
(-3.12974e-07 0 0)
(-3.12974e-07 3.9284e-24 0)
(-3.12974e-07 3.9284e-24 0)
(-3.12974e-07 0 0)
(-3.12974e-07 3.9284e-24 0)
(-3.12974e-07 0 0)
(-3.12974e-07 0 0)
(-3.12974e-07 0 0)
(-3.12974e-07 0 0)
(-3.12974e-07 0 0)
(-3.12974e-07 0 0)
(-3.12974e-07 0 0)
(-3.12974e-07 0 0)
(-3.12974e-07 0 0)
(-3.12974e-07 0 0)
(-3.12974e-07 0 0)
(-3.12974e-07 0 0)
(-3.12974e-07 0 0)
(-3.12974e-07 0 0)
(-3.12974e-07 0 0)
(-3.12974e-07 0 0)
(-3.12974e-07 0 0)
(-3.12974e-07 0 0)
(-3.12974e-07 0 0)
(-3.12974e-07 0 0)
(-3.12974e-07 0 0)
(-3.12974e-07 0 0)
(-3.12974e-07 0 0)
(-3.12974e-07 0 0)
(-3.12974e-07 0 0)
(-3.12974e-07 0 0)
(-3.12974e-07 0 0)
(-3.12974e-07 3.9284e-24 0)
(-3.12974e-07 0 0)
(-3.12974e-07 3.9284e-24 0)
(-3.12974e-07 0 0)
(-3.12974e-07 3.9284e-24 0)
(-3.12974e-07 3.9284e-24 0)
(-3.07588e-07 0 0)
(-3.07588e-07 0 0)
(-3.07588e-07 0 0)
(-3.07588e-07 -3.86069e-24 0)
(-3.07588e-07 0 0)
(-3.07588e-07 0 0)
(-3.07588e-07 0 0)
(-3.07588e-07 -3.86069e-24 0)
(-3.07588e-07 0 0)
(-3.07588e-07 -3.86069e-24 0)
(-3.07588e-07 0 0)
(-3.07588e-07 0 0)
(-3.07588e-07 -3.86069e-24 0)
(-3.07588e-07 0 0)
(-3.07588e-07 0 0)
(-3.07588e-07 0 0)
(-3.07588e-07 0 0)
(-3.07588e-07 0 0)
(-3.07588e-07 0 0)
(-3.07588e-07 0 0)
(-3.07588e-07 0 0)
(-3.07588e-07 0 0)
(-3.07588e-07 0 0)
(-3.07588e-07 0 0)
(-3.07588e-07 0 0)
(-3.07588e-07 0 0)
(-3.07588e-07 0 0)
(-3.07588e-07 0 0)
(-3.07588e-07 0 0)
(-3.07588e-07 0 0)
(-3.07588e-07 0 0)
(-3.07588e-07 0 0)
(-3.07588e-07 0 0)
(-3.07588e-07 0 0)
(-3.07588e-07 0 0)
(-3.07588e-07 0 0)
(-3.07588e-07 0 0)
(-3.07588e-07 0 0)
(-3.07588e-07 0 0)
(-3.07588e-07 0 0)
(-3.07588e-07 -3.86069e-24 0)
(-3.07588e-07 0 0)
(-3.07588e-07 0 0)
(-3.07588e-07 0 0)
(-3.07588e-07 0 0)
(-3.07588e-07 -3.86069e-24 0)
(-3.07588e-07 0 0)
(-3.07588e-07 0 0)
(-3.07588e-07 0 0)
(-3.07588e-07 0 0)
(-3.07588e-07 -3.86069e-24 0)
(-3.07588e-07 0 0)
(-3.07588e-07 0 0)
(-3.07588e-07 0 0)
(-3.07588e-07 0 0)
(-3.07588e-07 -3.86069e-24 0)
(-3.07588e-07 0 0)
(-3.07588e-07 0 0)
(-3.07588e-07 0 0)
(-3.07588e-07 0 0)
(-3.02533e-07 0 0)
(-3.02533e-07 0 0)
(-3.02533e-07 -3.7971e-24 0)
(-3.02533e-07 0 0)
(-3.02533e-07 -3.7971e-24 0)
(-3.02533e-07 -3.7971e-24 0)
(-3.02533e-07 -3.7971e-24 0)
(-3.02533e-07 0 0)
(-3.02533e-07 -3.7971e-24 0)
(-3.02533e-07 0 0)
(-3.02533e-07 0 0)
(-3.02533e-07 -3.7971e-24 0)
(-3.02533e-07 0 0)
(-3.02533e-07 -3.7971e-24 0)
(-3.02533e-07 -3.7971e-24 0)
(-3.02533e-07 0 0)
(-3.02533e-07 -3.7971e-24 0)
(-3.02533e-07 -3.7971e-24 0)
(-3.02533e-07 -3.7971e-24 0)
(-3.02533e-07 -3.7971e-24 0)
(-3.02533e-07 0 0)
(-3.02533e-07 -3.7971e-24 0)
(-3.02533e-07 -3.7971e-24 0)
(-3.02533e-07 -3.7971e-24 0)
(-3.02533e-07 -3.7971e-24 0)
(-3.02533e-07 0 0)
(-3.02533e-07 -3.7971e-24 0)
(-3.02533e-07 -3.7971e-24 0)
(-3.02533e-07 3.7971e-24 0)
(-3.02533e-07 -3.7971e-24 0)
(-3.02533e-07 -3.7971e-24 0)
(-3.02533e-07 3.7971e-24 0)
(-3.02533e-07 -3.7971e-24 0)
(-3.02533e-07 3.7971e-24 0)
(-3.02533e-07 -3.7971e-24 0)
(-3.02533e-07 -3.7971e-24 0)
(-3.02533e-07 3.7971e-24 0)
(-3.02533e-07 -3.7971e-24 0)
(-3.02533e-07 3.7971e-24 0)
(-3.02533e-07 -3.7971e-24 0)
(-3.02533e-07 0 0)
(-3.02533e-07 3.7971e-24 0)
(-3.02533e-07 -3.7971e-24 0)
(-3.02533e-07 3.7971e-24 0)
(-3.02533e-07 -3.7971e-24 0)
(-3.02533e-07 0 0)
(-3.02533e-07 3.7971e-24 0)
(-3.02533e-07 -3.7971e-24 0)
(-3.02533e-07 3.7971e-24 0)
(-3.02533e-07 -3.7971e-24 0)
(-3.02533e-07 0 0)
(-3.02533e-07 3.7971e-24 0)
(-3.02533e-07 -3.7971e-24 0)
(-3.02533e-07 3.7971e-24 0)
(-3.02533e-07 0 0)
(-3.02533e-07 0 0)
(-3.02533e-07 0 0)
(-3.02533e-07 3.7971e-24 0)
(-3.02533e-07 0 0)
(-3.02533e-07 0 0)
(-2.97862e-07 0 0)
(-2.97862e-07 0 0)
(-2.97862e-07 0 0)
(-2.97862e-07 0 0)
(-2.97862e-07 0 0)
(-2.97862e-07 0 0)
(-2.97862e-07 0 0)
(-2.97862e-07 0 0)
(-2.97862e-07 3.7383e-24 0)
(-2.97862e-07 0 0)
(-2.97862e-07 3.7383e-24 0)
(-2.97862e-07 3.7383e-24 0)
(-2.97862e-07 0 0)
(-2.97862e-07 3.7383e-24 0)
(-2.97862e-07 3.7383e-24 0)
(-2.97862e-07 3.7383e-24 0)
(-2.97862e-07 3.7383e-24 0)
(-2.97862e-07 3.7383e-24 0)
(-2.97862e-07 3.7383e-24 0)
(-2.97862e-07 3.7383e-24 0)
(-2.97862e-07 3.7383e-24 0)
(-2.97862e-07 3.7383e-24 0)
(-2.97862e-07 3.7383e-24 0)
(-2.97862e-07 3.7383e-24 0)
(-2.97862e-07 3.7383e-24 0)
(-2.97862e-07 3.7383e-24 0)
(-2.97862e-07 3.7383e-24 0)
(-2.97862e-07 3.7383e-24 0)
(-2.97862e-07 -7.47661e-24 0)
(-2.97862e-07 3.7383e-24 0)
(-2.97862e-07 3.7383e-24 0)
(-2.97862e-07 -7.47661e-24 0)
(-2.97862e-07 3.7383e-24 0)
(-2.97862e-07 -7.47661e-24 0)
(-2.97862e-07 3.7383e-24 0)
(-2.97862e-07 3.7383e-24 0)
(-2.97862e-07 -7.47661e-24 0)
(-2.97862e-07 3.7383e-24 0)
(-2.97862e-07 -7.47661e-24 0)
(-2.97862e-07 3.7383e-24 0)
(-2.97862e-07 -3.7383e-24 0)
(-2.97862e-07 -7.47661e-24 0)
(-2.97862e-07 3.7383e-24 0)
(-2.97862e-07 -7.47661e-24 0)
(-2.97862e-07 3.7383e-24 0)
(-2.97862e-07 -3.7383e-24 0)
(-2.97862e-07 -7.47661e-24 0)
(-2.97862e-07 3.7383e-24 0)
(-2.97862e-07 -7.47661e-24 0)
(-2.97862e-07 3.7383e-24 0)
(-2.97862e-07 -3.7383e-24 0)
(-2.97862e-07 -7.47661e-24 0)
(-2.97862e-07 3.7383e-24 0)
(-2.97862e-07 -7.47661e-24 0)
(-2.97862e-07 0 0)
(-2.97862e-07 -3.7383e-24 0)
(-2.97862e-07 0 0)
(-2.97862e-07 -3.7383e-24 0)
(-2.97862e-07 0 0)
(-2.97862e-07 0 0)
(-2.93635e-07 0 0)
(-2.93635e-07 0 0)
(-2.93635e-07 3.68505e-24 0)
(-2.93635e-07 0 0)
(-2.93635e-07 3.68505e-24 0)
(-2.93635e-07 3.68505e-24 0)
(-2.93635e-07 3.68505e-24 0)
(-2.93635e-07 3.68505e-24 0)
(-2.93635e-07 3.68505e-24 0)
(-2.93635e-07 3.68505e-24 0)
(-2.93635e-07 0 0)
(-2.93635e-07 3.68505e-24 0)
(-2.93635e-07 3.68505e-24 0)
(-2.93635e-07 3.68505e-24 0)
(-2.93635e-07 -3.68505e-24 0)
(-2.93635e-07 0 0)
(-2.93635e-07 -3.68505e-24 0)
(-2.93635e-07 -7.37011e-24 0)
(-2.93635e-07 -3.68505e-24 0)
(-2.93635e-07 -3.68505e-24 0)
(-2.93635e-07 0 0)
(-2.93635e-07 -3.68505e-24 0)
(-2.93635e-07 -7.37011e-24 0)
(-2.93635e-07 -3.68505e-24 0)
(-2.93635e-07 -3.68505e-24 0)
(-2.93635e-07 0 0)
(-2.93635e-07 -3.68505e-24 0)
(-2.93635e-07 -7.37011e-24 0)
(-2.93635e-07 7.37011e-24 0)
(-2.93635e-07 -7.37011e-24 0)
(-2.93635e-07 -7.37011e-24 0)
(-2.93635e-07 7.37011e-24 0)
(-2.93635e-07 -7.37011e-24 0)
(-2.93635e-07 7.37011e-24 0)
(-2.93635e-07 -7.37011e-24 0)
(-2.93635e-07 -7.37011e-24 0)
(-2.93635e-07 7.37011e-24 0)
(-2.93635e-07 -7.37011e-24 0)
(-2.93635e-07 7.37011e-24 0)
(-2.93635e-07 -7.37011e-24 0)
(-2.93635e-07 3.68505e-24 0)
(-2.93635e-07 7.37011e-24 0)
(-2.93635e-07 -7.37011e-24 0)
(-2.93635e-07 7.37011e-24 0)
(-2.93635e-07 -7.37011e-24 0)
(-2.93635e-07 3.68505e-24 0)
(-2.93635e-07 7.37011e-24 0)
(-2.93635e-07 -7.37011e-24 0)
(-2.93635e-07 7.37011e-24 0)
(-2.93635e-07 -7.37011e-24 0)
(-2.93635e-07 3.68505e-24 0)
(-2.93635e-07 7.37011e-24 0)
(-2.93635e-07 -7.37011e-24 0)
(-2.93635e-07 7.37011e-24 0)
(-2.93635e-07 -3.68505e-24 0)
(-2.93635e-07 3.68505e-24 0)
(-2.93635e-07 -3.68505e-24 0)
(-2.93635e-07 3.68505e-24 0)
(-2.93635e-07 -3.68505e-24 0)
(-2.93635e-07 -3.68505e-24 0)
(-2.89909e-07 -3.63808e-24 0)
(-2.89909e-07 -3.63808e-24 0)
(-2.89909e-07 -3.63808e-24 0)
(-2.89909e-07 -3.63808e-24 0)
(-2.89909e-07 -3.63808e-24 0)
(-2.89909e-07 0 0)
(-2.89909e-07 -3.63808e-24 0)
(-2.89909e-07 -3.63808e-24 0)
(-2.89909e-07 -7.27617e-24 0)
(-2.89909e-07 -3.63808e-24 0)
(-2.89909e-07 -3.63808e-24 0)
(-2.89909e-07 -7.27617e-24 0)
(-2.89909e-07 -3.63808e-24 0)
(-2.89909e-07 -7.27617e-24 0)
(-2.89909e-07 0 0)
(-2.89909e-07 -3.63808e-24 0)
(-2.89909e-07 0 0)
(-2.89909e-07 7.27617e-24 0)
(-2.89909e-07 0 0)
(-2.89909e-07 0 0)
(-2.89909e-07 -3.63808e-24 0)
(-2.89909e-07 0 0)
(-2.89909e-07 7.27617e-24 0)
(-2.89909e-07 0 0)
(-2.89909e-07 0 0)
(-2.89909e-07 -3.63808e-24 0)
(-2.89909e-07 0 0)
(-2.89909e-07 7.27617e-24 0)
(-2.89909e-07 0 0)
(-2.89909e-07 7.27617e-24 0)
(-2.89909e-07 7.27617e-24 0)
(-2.89909e-07 0 0)
(-2.89909e-07 7.27617e-24 0)
(-2.89909e-07 0 0)
(-2.89909e-07 7.27617e-24 0)
(-2.89909e-07 7.27617e-24 0)
(-2.89909e-07 0 0)
(-2.89909e-07 7.27617e-24 0)
(-2.89909e-07 0 0)
(-2.89909e-07 7.27617e-24 0)
(-2.89909e-07 0 0)
(-2.89909e-07 0 0)
(-2.89909e-07 7.27617e-24 0)
(-2.89909e-07 0 0)
(-2.89909e-07 7.27617e-24 0)
(-2.89909e-07 0 0)
(-2.89909e-07 0 0)
(-2.89909e-07 7.27617e-24 0)
(-2.89909e-07 0 0)
(-2.89909e-07 7.27617e-24 0)
(-2.89909e-07 0 0)
(-2.89909e-07 0 0)
(-2.89909e-07 7.27617e-24 0)
(-2.89909e-07 0 0)
(-2.89909e-07 -3.63808e-24 0)
(-2.89909e-07 -3.63808e-24 0)
(-2.89909e-07 -3.63808e-24 0)
(-2.89909e-07 0 0)
(-2.89909e-07 -3.63808e-24 0)
(-2.89909e-07 -3.63808e-24 0)
(-2.86719e-07 0 0)
(-2.86719e-07 0 0)
(-2.86719e-07 -3.59784e-24 0)
(-2.86719e-07 3.59784e-24 0)
(-2.86719e-07 -3.59784e-24 0)
(-2.86719e-07 -7.19567e-24 0)
(-2.86719e-07 -3.59784e-24 0)
(-2.86719e-07 0 0)
(-2.86719e-07 0 0)
(-2.86719e-07 0 0)
(-2.86719e-07 0 0)
(-2.86719e-07 0 0)
(-2.86719e-07 0 0)
(-2.86719e-07 0 0)
(-2.86719e-07 0 0)
(-2.86719e-07 0 0)
(-2.86719e-07 0 0)
(-2.86719e-07 -3.59784e-24 0)
(-2.86719e-07 0 0)
(-2.86719e-07 0 0)
(-2.86719e-07 0 0)
(-2.86719e-07 0 0)
(-2.86719e-07 -3.59784e-24 0)
(-2.86719e-07 0 0)
(-2.86719e-07 0 0)
(-2.86719e-07 0 0)
(-2.86719e-07 0 0)
(-2.86719e-07 -3.59784e-24 0)
(-2.86719e-07 -3.59784e-24 0)
(-2.86719e-07 -3.59784e-24 0)
(-2.86719e-07 -3.59784e-24 0)
(-2.86719e-07 -3.59784e-24 0)
(-2.86719e-07 -3.59784e-24 0)
(-2.86719e-07 -3.59784e-24 0)
(-2.86719e-07 -3.59784e-24 0)
(-2.86719e-07 -3.59784e-24 0)
(-2.86719e-07 -3.59784e-24 0)
(-2.86719e-07 -3.59784e-24 0)
(-2.86719e-07 -3.59784e-24 0)
(-2.86719e-07 -3.59784e-24 0)
(-2.86719e-07 0 0)
(-2.86719e-07 -3.59784e-24 0)
(-2.86719e-07 -3.59784e-24 0)
(-2.86719e-07 -3.59784e-24 0)
(-2.86719e-07 -3.59784e-24 0)
(-2.86719e-07 0 0)
(-2.86719e-07 -3.59784e-24 0)
(-2.86719e-07 -3.59784e-24 0)
(-2.86719e-07 -3.59784e-24 0)
(-2.86719e-07 -3.59784e-24 0)
(-2.86719e-07 0 0)
(-2.86719e-07 -3.59784e-24 0)
(-2.86719e-07 -3.59784e-24 0)
(-2.86719e-07 -3.59784e-24 0)
(-2.86719e-07 0 0)
(-2.86719e-07 0 0)
(-2.86719e-07 0 0)
(-2.86719e-07 0 0)
(-2.86719e-07 0 0)
(-2.86719e-07 0 0)
(-2.84089e-07 -3.56462e-24 0)
(-2.84089e-07 -3.56462e-24 0)
(-2.84089e-07 3.56462e-24 0)
(-2.84089e-07 -7.12923e-24 0)
(-2.84089e-07 -3.56462e-24 0)
(-2.84089e-07 -3.56462e-24 0)
(-2.84089e-07 -3.56462e-24 0)
(-2.84089e-07 0 0)
(-2.84089e-07 -3.56462e-24 0)
(-2.84089e-07 0 0)
(-2.84089e-07 0 0)
(-2.84089e-07 -3.56462e-24 0)
(-2.84089e-07 0 0)
(-2.84089e-07 -3.56462e-24 0)
(-2.84089e-07 0 0)
(-2.84089e-07 0 0)
(-2.84089e-07 0 0)
(-2.84089e-07 3.56462e-24 0)
(-2.84089e-07 0 0)
(-2.84089e-07 0 0)
(-2.84089e-07 0 0)
(-2.84089e-07 0 0)
(-2.84089e-07 3.56462e-24 0)
(-2.84089e-07 0 0)
(-2.84089e-07 0 0)
(-2.84089e-07 0 0)
(-2.84089e-07 0 0)
(-2.84089e-07 3.56462e-24 0)
(-2.84089e-07 -3.56462e-24 0)
(-2.84089e-07 3.56462e-24 0)
(-2.84089e-07 3.56462e-24 0)
(-2.84089e-07 -3.56462e-24 0)
(-2.84089e-07 3.56462e-24 0)
(-2.84089e-07 -3.56462e-24 0)
(-2.84089e-07 3.56462e-24 0)
(-2.84089e-07 3.56462e-24 0)
(-2.84089e-07 -3.56462e-24 0)
(-2.84089e-07 3.56462e-24 0)
(-2.84089e-07 -3.56462e-24 0)
(-2.84089e-07 3.56462e-24 0)
(-2.84089e-07 3.56462e-24 0)
(-2.84089e-07 -3.56462e-24 0)
(-2.84089e-07 3.56462e-24 0)
(-2.84089e-07 -3.56462e-24 0)
(-2.84089e-07 3.56462e-24 0)
(-2.84089e-07 3.56462e-24 0)
(-2.84089e-07 -3.56462e-24 0)
(-2.84089e-07 3.56462e-24 0)
(-2.84089e-07 -3.56462e-24 0)
(-2.84089e-07 3.56462e-24 0)
(-2.84089e-07 3.56462e-24 0)
(-2.84089e-07 -3.56462e-24 0)
(-2.84089e-07 3.56462e-24 0)
(-2.84089e-07 -3.56462e-24 0)
(-2.84089e-07 3.56462e-24 0)
(-2.84089e-07 3.56462e-24 0)
(-2.84089e-07 3.56462e-24 0)
(-2.84089e-07 3.56462e-24 0)
(-2.84089e-07 3.56462e-24 0)
(-2.84089e-07 3.56462e-24 0)
(-2.8205e-07 3.53882e-24 0)
(-2.8205e-07 3.53882e-24 0)
(-2.8205e-07 3.53882e-24 0)
(-2.8205e-07 3.53882e-24 0)
(-2.8205e-07 7.07765e-24 0)
(-2.8205e-07 7.07765e-24 0)
(-2.8205e-07 7.07765e-24 0)
(-2.8205e-07 0 0)
(-2.8205e-07 3.53882e-24 0)
(-2.8205e-07 0 0)
(-2.8205e-07 -3.53882e-24 0)
(-2.8205e-07 3.53882e-24 0)
(-2.8205e-07 0 0)
(-2.8205e-07 3.53882e-24 0)
(-2.8205e-07 0 0)
(-2.8205e-07 -3.53882e-24 0)
(-2.8205e-07 0 0)
(-2.8205e-07 -3.53882e-24 0)
(-2.8205e-07 0 0)
(-2.8205e-07 0 0)
(-2.8205e-07 -3.53882e-24 0)
(-2.8205e-07 0 0)
(-2.8205e-07 -3.53882e-24 0)
(-2.8205e-07 0 0)
(-2.8205e-07 0 0)
(-2.8205e-07 -3.53882e-24 0)
(-2.8205e-07 0 0)
(-2.8205e-07 -3.53882e-24 0)
(-2.8205e-07 3.53882e-24 0)
(-2.8205e-07 -3.53882e-24 0)
(-2.8205e-07 -3.53882e-24 0)
(-2.8205e-07 3.53882e-24 0)
(-2.8205e-07 -3.53882e-24 0)
(-2.8205e-07 3.53882e-24 0)
(-2.8205e-07 -3.53882e-24 0)
(-2.8205e-07 -3.53882e-24 0)
(-2.8205e-07 3.53882e-24 0)
(-2.8205e-07 -3.53882e-24 0)
(-2.8205e-07 3.53882e-24 0)
(-2.8205e-07 -3.53882e-24 0)
(-2.8205e-07 -3.53882e-24 0)
(-2.8205e-07 3.53882e-24 0)
(-2.8205e-07 -3.53882e-24 0)
(-2.8205e-07 3.53882e-24 0)
(-2.8205e-07 -3.53882e-24 0)
(-2.8205e-07 -3.53882e-24 0)
(-2.8205e-07 3.53882e-24 0)
(-2.8205e-07 -3.53882e-24 0)
(-2.8205e-07 3.53882e-24 0)
(-2.8205e-07 -3.53882e-24 0)
(-2.8205e-07 -3.53882e-24 0)
(-2.8205e-07 3.53882e-24 0)
(-2.8205e-07 -3.53882e-24 0)
(-2.8205e-07 3.53882e-24 0)
(-2.8205e-07 -3.53882e-24 0)
(-2.8205e-07 -3.53882e-24 0)
(-2.8205e-07 -3.53882e-24 0)
(-2.8205e-07 -3.53882e-24 0)
(-2.8205e-07 -3.53882e-24 0)
(-2.8205e-07 -3.53882e-24 0)
(-2.80643e-07 -3.52097e-24 0)
(-2.80643e-07 -3.52097e-24 0)
(-2.80643e-07 -3.52097e-24 0)
(-2.80643e-07 -3.52097e-24 0)
(-2.80643e-07 -3.52097e-24 0)
(-2.80643e-07 -3.52097e-24 0)
(-2.80643e-07 -3.52097e-24 0)
(-2.80643e-07 -3.52097e-24 0)
(-2.80643e-07 0 0)
(-2.80643e-07 -3.52097e-24 0)
(-2.80643e-07 0 0)
(-2.80643e-07 0 0)
(-2.80643e-07 -3.52097e-24 0)
(-2.80643e-07 0 0)
(-2.80643e-07 -3.52097e-24 0)
(-2.80643e-07 0 0)
(-2.80643e-07 -3.52097e-24 0)
(-2.80643e-07 0 0)
(-2.80643e-07 -3.52097e-24 0)
(-2.80643e-07 -3.52097e-24 0)
(-2.80643e-07 0 0)
(-2.80643e-07 -3.52097e-24 0)
(-2.80643e-07 0 0)
(-2.80643e-07 -3.52097e-24 0)
(-2.80643e-07 -3.52097e-24 0)
(-2.80643e-07 0 0)
(-2.80643e-07 -3.52097e-24 0)
(-2.80643e-07 0 0)
(-2.80643e-07 0 0)
(-2.80643e-07 0 0)
(-2.80643e-07 0 0)
(-2.80643e-07 0 0)
(-2.80643e-07 0 0)
(-2.80643e-07 0 0)
(-2.80643e-07 0 0)
(-2.80643e-07 0 0)
(-2.80643e-07 0 0)
(-2.80643e-07 0 0)
(-2.80643e-07 0 0)
(-2.80643e-07 0 0)
(-2.80643e-07 0 0)
(-2.80643e-07 0 0)
(-2.80643e-07 0 0)
(-2.80643e-07 0 0)
(-2.80643e-07 0 0)
(-2.80643e-07 0 0)
(-2.80643e-07 0 0)
(-2.80643e-07 0 0)
(-2.80643e-07 0 0)
(-2.80643e-07 0 0)
(-2.80643e-07 0 0)
(-2.80643e-07 0 0)
(-2.80643e-07 0 0)
(-2.80643e-07 0 0)
(-2.80643e-07 0 0)
(-2.80643e-07 0 0)
(-2.80643e-07 0 0)
(-2.80643e-07 0 0)
(-2.80643e-07 0 0)
(-2.80643e-07 0 0)
(-2.79916e-07 3.51166e-24 0)
(-2.79916e-07 0 0)
(-2.79916e-07 -3.51166e-24 0)
(-2.79916e-07 3.51166e-24 0)
(-2.79916e-07 3.51166e-24 0)
(-2.79916e-07 3.51166e-24 0)
(-2.79916e-07 3.51166e-24 0)
(-2.79916e-07 3.51166e-24 0)
(-2.79916e-07 -3.51166e-24 0)
(-2.79916e-07 3.51166e-24 0)
(-2.79916e-07 3.51166e-24 0)
(-2.79916e-07 -3.51166e-24 0)
(-2.79916e-07 3.51166e-24 0)
(-2.79916e-07 -3.51166e-24 0)
(-2.79916e-07 3.51166e-24 0)
(-2.79916e-07 3.51166e-24 0)
(-2.79916e-07 3.51166e-24 0)
(-2.79916e-07 0 0)
(-2.79916e-07 3.51166e-24 0)
(-2.79916e-07 3.51166e-24 0)
(-2.79916e-07 3.51166e-24 0)
(-2.79916e-07 3.51166e-24 0)
(-2.79916e-07 0 0)
(-2.79916e-07 3.51166e-24 0)
(-2.79916e-07 3.51166e-24 0)
(-2.79916e-07 3.51166e-24 0)
(-2.79916e-07 3.51166e-24 0)
(-2.79916e-07 0 0)
(-2.79916e-07 0 0)
(-2.79916e-07 0 0)
(-2.79916e-07 0 0)
(-2.79916e-07 0 0)
(-2.79916e-07 0 0)
(-2.79916e-07 0 0)
(-2.79916e-07 0 0)
(-2.79916e-07 0 0)
(-2.79916e-07 0 0)
(-2.79916e-07 0 0)
(-2.79916e-07 0 0)
(-2.79916e-07 0 0)
(-2.79916e-07 0 0)
(-2.79916e-07 0 0)
(-2.79916e-07 0 0)
(-2.79916e-07 0 0)
(-2.79916e-07 0 0)
(-2.79916e-07 0 0)
(-2.79916e-07 0 0)
(-2.79916e-07 0 0)
(-2.79916e-07 0 0)
(-2.79916e-07 0 0)
(-2.79916e-07 0 0)
(-2.79916e-07 0 0)
(-2.79916e-07 0 0)
(-2.79916e-07 0 0)
(-2.79916e-07 0 0)
(-2.79916e-07 0 0)
(-2.79916e-07 0 0)
(-2.79916e-07 -3.51166e-24 0)
(-2.79916e-07 0 0)
(-2.79916e-07 0 0)
(-2.79732e-07 -3.5093e-24 0)
(-2.79732e-07 0 0)
(-2.79732e-07 0 0)
(-2.79732e-07 0 0)
(-2.79732e-07 -3.5093e-24 0)
(-2.79732e-07 -7.01859e-24 0)
(-2.79732e-07 -3.5093e-24 0)
(-2.79732e-07 -7.01859e-24 0)
(-2.79732e-07 0 0)
(-2.79732e-07 -7.01859e-24 0)
(-2.79732e-07 -7.01859e-24 0)
(-2.79732e-07 0 0)
(-2.79732e-07 -7.01859e-24 0)
(-2.79732e-07 0 0)
(-2.79732e-07 -7.01859e-24 0)
(-2.79732e-07 -7.01859e-24 0)
(-2.79732e-07 -7.01859e-24 0)
(-2.79732e-07 -3.5093e-24 0)
(-2.79732e-07 -7.01859e-24 0)
(-2.79732e-07 -7.01859e-24 0)
(-2.79732e-07 -7.01859e-24 0)
(-2.79732e-07 -7.01859e-24 0)
(-2.79732e-07 -3.5093e-24 0)
(-2.79732e-07 -7.01859e-24 0)
(-2.79732e-07 -7.01859e-24 0)
(-2.79732e-07 -7.01859e-24 0)
(-2.79732e-07 -7.01859e-24 0)
(-2.79732e-07 -3.5093e-24 0)
(-2.79732e-07 -3.5093e-24 0)
(-2.79732e-07 -3.5093e-24 0)
(-2.79732e-07 -3.5093e-24 0)
(-2.79732e-07 -3.5093e-24 0)
(-2.79732e-07 -3.5093e-24 0)
(-2.79732e-07 -3.5093e-24 0)
(-2.79732e-07 -3.5093e-24 0)
(-2.79732e-07 -3.5093e-24 0)
(-2.79732e-07 -3.5093e-24 0)
(-2.79732e-07 -3.5093e-24 0)
(-2.79732e-07 -3.5093e-24 0)
(-2.79732e-07 -3.5093e-24 0)
(-2.79732e-07 -3.5093e-24 0)
(-2.79732e-07 -3.5093e-24 0)
(-2.79732e-07 -3.5093e-24 0)
(-2.79732e-07 -3.5093e-24 0)
(-2.79732e-07 -3.5093e-24 0)
(-2.79732e-07 -3.5093e-24 0)
(-2.79732e-07 -3.5093e-24 0)
(-2.79732e-07 -3.5093e-24 0)
(-2.79732e-07 -3.5093e-24 0)
(-2.79732e-07 -3.5093e-24 0)
(-2.79732e-07 -3.5093e-24 0)
(-2.79732e-07 -3.5093e-24 0)
(-2.79732e-07 -3.5093e-24 0)
(-2.79732e-07 -3.5093e-24 0)
(-2.79732e-07 -3.5093e-24 0)
(-2.79732e-07 -3.5093e-24 0)
(-2.79732e-07 -3.5093e-24 0)
(-2.79732e-07 0 0)
(-2.79732e-07 -3.5093e-24 0)
(-2.79732e-07 -3.5093e-24 0)
(-2.79734e-07 0 0)
(-2.79734e-07 0 0)
(-2.79734e-07 0 0)
(-2.79734e-07 0 0)
(-2.79734e-07 0 0)
(-2.79734e-07 0 0)
(-2.79734e-07 0 0)
(-2.79734e-07 0 0)
(-2.79734e-07 0 0)
(-2.79734e-07 0 0)
(-2.79734e-07 0 0)
(-2.79734e-07 0 0)
(-2.79734e-07 0 0)
(-2.79734e-07 0 0)
(-2.79734e-07 0 0)
(-2.79734e-07 0 0)
(-2.79734e-07 0 0)
(-2.79734e-07 0 0)
(-2.79734e-07 0 0)
(-2.79734e-07 0 0)
(-2.79734e-07 0 0)
(-2.79734e-07 0 0)
(-2.79734e-07 0 0)
(-2.79734e-07 0 0)
(-2.79734e-07 0 0)
(-2.79734e-07 0 0)
(-2.79734e-07 0 0)
(-2.79734e-07 0 0)
(-2.79734e-07 0 0)
(-2.79734e-07 0 0)
(-2.79734e-07 0 0)
(-2.79734e-07 0 0)
(-2.79734e-07 0 0)
(-2.79734e-07 0 0)
(-2.79734e-07 0 0)
(-2.79734e-07 0 0)
(-2.79734e-07 0 0)
(-2.79734e-07 0 0)
(-2.79734e-07 0 0)
(-2.79734e-07 0 0)
(-2.79734e-07 0 0)
(-2.79734e-07 0 0)
(-2.79734e-07 0 0)
(-2.79734e-07 0 0)
(-2.79734e-07 0 0)
(-2.79734e-07 0 0)
(-2.79734e-07 0 0)
(-2.79734e-07 0 0)
(-2.79734e-07 0 0)
(-2.79734e-07 0 0)
(-2.79734e-07 0 0)
(-2.79734e-07 0 0)
(-2.79734e-07 0 0)
(-2.79734e-07 0 0)
(-2.79734e-07 0 0)
(-2.79734e-07 0 0)
(-2.79734e-07 0 0)
(-2.79734e-07 0 0)
(-2.79734e-07 0 0)
(-2.79734e-07 0 0)
(-2.79737e-07 0 0)
(-2.79737e-07 0 0)
(-2.79737e-07 0 0)
(-2.79737e-07 0 0)
(-2.79737e-07 0 0)
(-2.79737e-07 0 0)
(-2.79737e-07 0 0)
(-2.79737e-07 0 0)
(-2.79737e-07 0 0)
(-2.79737e-07 0 0)
(-2.79737e-07 0 0)
(-2.79737e-07 0 0)
(-2.79737e-07 0 0)
(-2.79737e-07 0 0)
(-2.79737e-07 0 0)
(-2.79737e-07 0 0)
(-2.79737e-07 0 0)
(-2.79737e-07 0 0)
(-2.79737e-07 0 0)
(-2.79737e-07 0 0)
(-2.79737e-07 0 0)
(-2.79737e-07 0 0)
(-2.79737e-07 0 0)
(-2.79737e-07 0 0)
(-2.79737e-07 0 0)
(-2.79737e-07 0 0)
(-2.79737e-07 0 0)
(-2.79737e-07 0 0)
(-2.79737e-07 0 0)
(-2.79737e-07 0 0)
(-2.79737e-07 0 0)
(-2.79737e-07 0 0)
(-2.79737e-07 0 0)
(-2.79737e-07 0 0)
(-2.79737e-07 0 0)
(-2.79737e-07 0 0)
(-2.79737e-07 0 0)
(-2.79737e-07 0 0)
(-2.79737e-07 0 0)
(-2.79737e-07 0 0)
(-2.79737e-07 0 0)
(-2.79737e-07 0 0)
(-2.79737e-07 0 0)
(-2.79737e-07 0 0)
(-2.79737e-07 0 0)
(-2.79737e-07 0 0)
(-2.79737e-07 0 0)
(-2.79737e-07 0 0)
(-2.79737e-07 0 0)
(-2.79737e-07 0 0)
(-2.79737e-07 0 0)
(-2.79737e-07 0 0)
(-2.79737e-07 0 0)
(-2.79737e-07 0 0)
(-2.79737e-07 0 0)
(-2.79737e-07 0 0)
(-2.79737e-07 0 0)
(-2.79737e-07 0 0)
(-2.79737e-07 0 0)
(-2.79737e-07 0 0)
(-2.79739e-07 0 0)
(-2.79739e-07 0 0)
(-2.79739e-07 0 0)
(-2.79739e-07 0 0)
(-2.79739e-07 0 0)
(-2.79739e-07 0 0)
(-2.79739e-07 0 0)
(-2.79739e-07 0 0)
(-2.79739e-07 0 0)
(-2.79739e-07 0 0)
(-2.79739e-07 0 0)
(-2.79739e-07 0 0)
(-2.79739e-07 0 0)
(-2.79739e-07 0 0)
(-2.79739e-07 0 0)
(-2.79739e-07 0 0)
(-2.79739e-07 0 0)
(-2.79739e-07 0 0)
(-2.79739e-07 0 0)
(-2.79739e-07 0 0)
(-2.79739e-07 0 0)
(-2.79739e-07 0 0)
(-2.79739e-07 0 0)
(-2.79739e-07 0 0)
(-2.79739e-07 0 0)
(-2.79739e-07 0 0)
(-2.79739e-07 0 0)
(-2.79739e-07 0 0)
(-2.79739e-07 0 0)
(-2.79739e-07 0 0)
(-2.79739e-07 0 0)
(-2.79739e-07 0 0)
(-2.79739e-07 0 0)
(-2.79739e-07 0 0)
(-2.79739e-07 0 0)
(-2.79739e-07 0 0)
(-2.79739e-07 0 0)
(-2.79739e-07 0 0)
(-2.79739e-07 0 0)
(-2.79739e-07 0 0)
(-2.79739e-07 0 0)
(-2.79739e-07 0 0)
(-2.79739e-07 0 0)
(-2.79739e-07 0 0)
(-2.79739e-07 0 0)
(-2.79739e-07 0 0)
(-2.79739e-07 0 0)
(-2.79739e-07 0 0)
(-2.79739e-07 0 0)
(-2.79739e-07 0 0)
(-2.79739e-07 0 0)
(-2.79739e-07 0 0)
(-2.79739e-07 0 0)
(-2.79739e-07 0 0)
(-2.79739e-07 0 0)
(-2.79739e-07 0 0)
(-2.79739e-07 0 0)
(-2.79739e-07 0 0)
(-2.79739e-07 0 0)
(-2.79739e-07 0 0)
(-2.7974e-07 0 0)
(-2.7974e-07 0 0)
(-2.7974e-07 0 0)
(-2.7974e-07 0 0)
(-2.7974e-07 0 0)
(-2.7974e-07 0 0)
(-2.7974e-07 0 0)
(-2.7974e-07 0 0)
(-2.7974e-07 0 0)
(-2.7974e-07 0 0)
(-2.7974e-07 0 0)
(-2.7974e-07 0 0)
(-2.7974e-07 0 0)
(-2.7974e-07 0 0)
(-2.7974e-07 0 0)
(-2.7974e-07 0 0)
(-2.7974e-07 0 0)
(-2.7974e-07 0 0)
(-2.7974e-07 0 0)
(-2.7974e-07 0 0)
(-2.7974e-07 0 0)
(-2.7974e-07 0 0)
(-2.7974e-07 0 0)
(-2.7974e-07 0 0)
(-2.7974e-07 0 0)
(-2.7974e-07 0 0)
(-2.7974e-07 0 0)
(-2.7974e-07 0 0)
(-2.7974e-07 0 0)
(-2.7974e-07 0 0)
(-2.7974e-07 0 0)
(-2.7974e-07 0 0)
(-2.7974e-07 0 0)
(-2.7974e-07 0 0)
(-2.7974e-07 0 0)
(-2.7974e-07 0 0)
(-2.7974e-07 0 0)
(-2.7974e-07 0 0)
(-2.7974e-07 0 0)
(-2.7974e-07 0 0)
(-2.7974e-07 0 0)
(-2.7974e-07 0 0)
(-2.7974e-07 0 0)
(-2.7974e-07 0 0)
(-2.7974e-07 0 0)
(-2.7974e-07 0 0)
(-2.7974e-07 0 0)
(-2.7974e-07 0 0)
(-2.7974e-07 0 0)
(-2.7974e-07 0 0)
(-2.7974e-07 0 0)
(-2.7974e-07 0 0)
(-2.7974e-07 0 0)
(-2.7974e-07 0 0)
(-2.7974e-07 0 0)
(-2.7974e-07 0 0)
(-2.7974e-07 0 0)
(-2.7974e-07 0 0)
(-2.7974e-07 0 0)
(-2.7974e-07 0 0)
(-2.79742e-07 0 0)
(-2.79742e-07 0 0)
(-2.79742e-07 0 0)
(-2.79742e-07 0 0)
(-2.79742e-07 0 0)
(-2.79742e-07 0 0)
(-2.79742e-07 0 0)
(-2.79742e-07 0 0)
(-2.79742e-07 0 0)
(-2.79742e-07 0 0)
(-2.79742e-07 0 0)
(-2.79742e-07 0 0)
(-2.79742e-07 0 0)
(-2.79742e-07 0 0)
(-2.79742e-07 0 0)
(-2.79742e-07 0 0)
(-2.79742e-07 0 0)
(-2.79742e-07 0 0)
(-2.79742e-07 0 0)
(-2.79742e-07 0 0)
(-2.79742e-07 0 0)
(-2.79742e-07 0 0)
(-2.79742e-07 0 0)
(-2.79742e-07 0 0)
(-2.79742e-07 0 0)
(-2.79742e-07 0 0)
(-2.79742e-07 0 0)
(-2.79742e-07 0 0)
(-2.79742e-07 0 0)
(-2.79742e-07 0 0)
(-2.79742e-07 0 0)
(-2.79742e-07 0 0)
(-2.79742e-07 0 0)
(-2.79742e-07 0 0)
(-2.79742e-07 0 0)
(-2.79742e-07 0 0)
(-2.79742e-07 0 0)
(-2.79742e-07 0 0)
(-2.79742e-07 0 0)
(-2.79742e-07 0 0)
(-2.79742e-07 0 0)
(-2.79742e-07 0 0)
(-2.79742e-07 0 0)
(-2.79742e-07 0 0)
(-2.79742e-07 0 0)
(-2.79742e-07 0 0)
(-2.79742e-07 0 0)
(-2.79742e-07 0 0)
(-2.79742e-07 0 0)
(-2.79742e-07 0 0)
(-2.79742e-07 0 0)
(-2.79742e-07 0 0)
(-2.79742e-07 0 0)
(-2.79742e-07 0 0)
(-2.79742e-07 0 0)
(-2.79742e-07 0 0)
(-2.79742e-07 0 0)
(-2.79742e-07 0 0)
(-2.79742e-07 0 0)
(-2.79742e-07 0 0)
(-2.79743e-07 0 0)
(-2.79743e-07 0 0)
(-2.79743e-07 0 0)
(-2.79743e-07 0 0)
(-2.79743e-07 0 0)
(-2.79743e-07 0 0)
(-2.79743e-07 0 0)
(-2.79743e-07 0 0)
(-2.79743e-07 0 0)
(-2.79743e-07 0 0)
(-2.79743e-07 0 0)
(-2.79743e-07 0 0)
(-2.79743e-07 0 0)
(-2.79743e-07 0 0)
(-2.79743e-07 0 0)
(-2.79743e-07 0 0)
(-2.79743e-07 0 0)
(-2.79743e-07 0 0)
(-2.79743e-07 0 0)
(-2.79743e-07 0 0)
(-2.79743e-07 0 0)
(-2.79743e-07 0 0)
(-2.79743e-07 0 0)
(-2.79743e-07 0 0)
(-2.79743e-07 0 0)
(-2.79743e-07 0 0)
(-2.79743e-07 0 0)
(-2.79743e-07 0 0)
(-2.79743e-07 0 0)
(-2.79743e-07 0 0)
(-2.79743e-07 0 0)
(-2.79743e-07 0 0)
(-2.79743e-07 0 0)
(-2.79743e-07 0 0)
(-2.79743e-07 0 0)
(-2.79743e-07 0 0)
(-2.79743e-07 0 0)
(-2.79743e-07 0 0)
(-2.79743e-07 0 0)
(-2.79743e-07 0 0)
(-2.79743e-07 0 0)
(-2.79743e-07 0 0)
(-2.79743e-07 0 0)
(-2.79743e-07 0 0)
(-2.79743e-07 0 0)
(-2.79743e-07 0 0)
(-2.79743e-07 0 0)
(-2.79743e-07 0 0)
(-2.79743e-07 0 0)
(-2.79743e-07 0 0)
(-2.79743e-07 0 0)
(-2.79743e-07 0 0)
(-2.79743e-07 0 0)
(-2.79743e-07 0 0)
(-2.79743e-07 0 0)
(-2.79743e-07 0 0)
(-2.79743e-07 0 0)
(-2.79743e-07 0 0)
(-2.79743e-07 0 0)
(-2.79743e-07 0 0)
(-2.79745e-07 0 0)
(-2.79745e-07 0 0)
(-2.79745e-07 0 0)
(-2.79745e-07 0 0)
(-2.79745e-07 0 0)
(-2.79745e-07 0 0)
(-2.79745e-07 0 0)
(-2.79745e-07 0 0)
(-2.79745e-07 0 0)
(-2.79745e-07 0 0)
(-2.79745e-07 0 0)
(-2.79745e-07 0 0)
(-2.79745e-07 0 0)
(-2.79745e-07 0 0)
(-2.79745e-07 0 0)
(-2.79745e-07 0 0)
(-2.79745e-07 0 0)
(-2.79745e-07 0 0)
(-2.79745e-07 0 0)
(-2.79745e-07 0 0)
(-2.79745e-07 0 0)
(-2.79745e-07 0 0)
(-2.79745e-07 0 0)
(-2.79745e-07 0 0)
(-2.79745e-07 0 0)
(-2.79745e-07 0 0)
(-2.79745e-07 0 0)
(-2.79745e-07 0 0)
(-2.79745e-07 0 0)
(-2.79745e-07 0 0)
(-2.79745e-07 0 0)
(-2.79745e-07 0 0)
(-2.79745e-07 0 0)
(-2.79745e-07 0 0)
(-2.79745e-07 0 0)
(-2.79745e-07 0 0)
(-2.79745e-07 0 0)
(-2.79745e-07 0 0)
(-2.79745e-07 0 0)
(-2.79745e-07 0 0)
(-2.79745e-07 0 0)
(-2.79745e-07 0 0)
(-2.79745e-07 0 0)
(-2.79745e-07 0 0)
(-2.79745e-07 0 0)
(-2.79745e-07 0 0)
(-2.79745e-07 0 0)
(-2.79745e-07 0 0)
(-2.79745e-07 0 0)
(-2.79745e-07 0 0)
(-2.79745e-07 0 0)
(-2.79745e-07 0 0)
(-2.79745e-07 0 0)
(-2.79745e-07 0 0)
(-2.79745e-07 0 0)
(-2.79745e-07 0 0)
(-2.79745e-07 0 0)
(-2.79745e-07 0 0)
(-2.79745e-07 0 0)
(-2.79745e-07 0 0)
(-2.79746e-07 0 0)
(-2.79746e-07 0 0)
(-2.79746e-07 0 0)
(-2.79746e-07 0 0)
(-2.79746e-07 0 0)
(-2.79746e-07 0 0)
(-2.79746e-07 0 0)
(-2.79746e-07 0 0)
(-2.79746e-07 0 0)
(-2.79746e-07 0 0)
(-2.79746e-07 0 0)
(-2.79746e-07 0 0)
(-2.79746e-07 0 0)
(-2.79746e-07 0 0)
(-2.79746e-07 0 0)
(-2.79746e-07 0 0)
(-2.79746e-07 0 0)
(-2.79746e-07 0 0)
(-2.79746e-07 0 0)
(-2.79746e-07 0 0)
(-2.79746e-07 0 0)
(-2.79746e-07 0 0)
(-2.79746e-07 0 0)
(-2.79746e-07 0 0)
(-2.79746e-07 0 0)
(-2.79746e-07 0 0)
(-2.79746e-07 0 0)
(-2.79746e-07 0 0)
(-2.79746e-07 0 0)
(-2.79746e-07 0 0)
(-2.79746e-07 0 0)
(-2.79746e-07 0 0)
(-2.79746e-07 0 0)
(-2.79746e-07 0 0)
(-2.79746e-07 0 0)
(-2.79746e-07 0 0)
(-2.79746e-07 0 0)
(-2.79746e-07 0 0)
(-2.79746e-07 0 0)
(-2.79746e-07 0 0)
(-2.79746e-07 0 0)
(-2.79746e-07 0 0)
(-2.79746e-07 0 0)
(-2.79746e-07 0 0)
(-2.79746e-07 0 0)
(-2.79746e-07 0 0)
(-2.79746e-07 0 0)
(-2.79746e-07 0 0)
(-2.79746e-07 0 0)
(-2.79746e-07 0 0)
(-2.79746e-07 0 0)
(-2.79746e-07 0 0)
(-2.79746e-07 0 0)
(-2.79746e-07 0 0)
(-2.79746e-07 0 0)
(-2.79746e-07 0 0)
(-2.79746e-07 0 0)
(-2.79746e-07 0 0)
(-2.79746e-07 0 0)
(-2.79746e-07 0 0)
(-2.79747e-07 0 0)
(-2.79747e-07 0 0)
(-2.79747e-07 0 0)
(-2.79747e-07 0 0)
(-2.79747e-07 0 0)
(-2.79747e-07 0 0)
(-2.79747e-07 0 0)
(-2.79747e-07 0 0)
(-2.79747e-07 0 0)
(-2.79747e-07 0 0)
(-2.79747e-07 0 0)
(-2.79747e-07 0 0)
(-2.79747e-07 0 0)
(-2.79747e-07 0 0)
(-2.79747e-07 0 0)
(-2.79747e-07 0 0)
(-2.79747e-07 0 0)
(-2.79747e-07 0 0)
(-2.79747e-07 0 0)
(-2.79747e-07 0 0)
(-2.79747e-07 0 0)
(-2.79747e-07 0 0)
(-2.79747e-07 0 0)
(-2.79747e-07 0 0)
(-2.79747e-07 0 0)
(-2.79747e-07 0 0)
(-2.79747e-07 0 0)
(-2.79747e-07 0 0)
(-2.79747e-07 0 0)
(-2.79747e-07 0 0)
(-2.79747e-07 0 0)
(-2.79747e-07 0 0)
(-2.79747e-07 0 0)
(-2.79747e-07 0 0)
(-2.79747e-07 0 0)
(-2.79747e-07 0 0)
(-2.79747e-07 0 0)
(-2.79747e-07 0 0)
(-2.79747e-07 0 0)
(-2.79747e-07 0 0)
(-2.79747e-07 0 0)
(-2.79747e-07 0 0)
(-2.79747e-07 0 0)
(-2.79747e-07 0 0)
(-2.79747e-07 0 0)
(-2.79747e-07 0 0)
(-2.79747e-07 0 0)
(-2.79747e-07 0 0)
(-2.79747e-07 0 0)
(-2.79747e-07 0 0)
(-2.79747e-07 0 0)
(-2.79747e-07 0 0)
(-2.79747e-07 0 0)
(-2.79747e-07 0 0)
(-2.79747e-07 0 0)
(-2.79747e-07 0 0)
(-2.79747e-07 0 0)
(-2.79747e-07 0 0)
(-2.79747e-07 0 0)
(-2.79747e-07 0 0)
(-2.79748e-07 0 0)
(-2.79748e-07 0 0)
(-2.79748e-07 0 0)
(-2.79748e-07 0 0)
(-2.79748e-07 0 0)
(-2.79748e-07 0 0)
(-2.79748e-07 0 0)
(-2.79748e-07 0 0)
(-2.79748e-07 0 0)
(-2.79748e-07 0 0)
(-2.79748e-07 0 0)
(-2.79748e-07 0 0)
(-2.79748e-07 0 0)
(-2.79748e-07 0 0)
(-2.79748e-07 0 0)
(-2.79748e-07 0 0)
(-2.79748e-07 0 0)
(-2.79748e-07 0 0)
(-2.79748e-07 0 0)
(-2.79748e-07 0 0)
(-2.79748e-07 0 0)
(-2.79748e-07 0 0)
(-2.79748e-07 0 0)
(-2.79748e-07 0 0)
(-2.79748e-07 0 0)
(-2.79748e-07 0 0)
(-2.79748e-07 0 0)
(-2.79748e-07 0 0)
(-2.79748e-07 0 0)
(-2.79748e-07 0 0)
(-2.79748e-07 0 0)
(-2.79748e-07 0 0)
(-2.79748e-07 0 0)
(-2.79748e-07 0 0)
(-2.79748e-07 0 0)
(-2.79748e-07 0 0)
(-2.79748e-07 0 0)
(-2.79748e-07 0 0)
(-2.79748e-07 0 0)
(-2.79748e-07 0 0)
(-2.79748e-07 0 0)
(-2.79748e-07 0 0)
(-2.79748e-07 0 0)
(-2.79748e-07 0 0)
(-2.79748e-07 0 0)
(-2.79748e-07 0 0)
(-2.79748e-07 0 0)
(-2.79748e-07 0 0)
(-2.79748e-07 0 0)
(-2.79748e-07 0 0)
(-2.79748e-07 0 0)
(-2.79748e-07 0 0)
(-2.79748e-07 0 0)
(-2.79748e-07 0 0)
(-2.79748e-07 0 0)
(-2.79748e-07 0 0)
(-2.79748e-07 0 0)
(-2.79748e-07 0 0)
(-2.79748e-07 0 0)
(-2.79748e-07 0 0)
(-2.79749e-07 0 0)
(-2.79749e-07 0 0)
(-2.79749e-07 0 0)
(-2.79749e-07 0 0)
(-2.79749e-07 0 0)
(-2.79749e-07 0 0)
(-2.79749e-07 0 0)
(-2.79749e-07 0 0)
(-2.79749e-07 0 0)
(-2.79749e-07 0 0)
(-2.79749e-07 0 0)
(-2.79749e-07 0 0)
(-2.79749e-07 0 0)
(-2.79749e-07 0 0)
(-2.79749e-07 0 0)
(-2.79749e-07 0 0)
(-2.79749e-07 0 0)
(-2.79749e-07 0 0)
(-2.79749e-07 0 0)
(-2.79749e-07 0 0)
(-2.79749e-07 0 0)
(-2.79749e-07 0 0)
(-2.79749e-07 0 0)
(-2.79749e-07 0 0)
(-2.79749e-07 0 0)
(-2.79749e-07 0 0)
(-2.79749e-07 0 0)
(-2.79749e-07 0 0)
(-2.79749e-07 0 0)
(-2.79749e-07 0 0)
(-2.79749e-07 0 0)
(-2.79749e-07 0 0)
(-2.79749e-07 0 0)
(-2.79749e-07 0 0)
(-2.79749e-07 0 0)
(-2.79749e-07 0 0)
(-2.79749e-07 0 0)
(-2.79749e-07 0 0)
(-2.79749e-07 0 0)
(-2.79749e-07 0 0)
(-2.79749e-07 0 0)
(-2.79749e-07 0 0)
(-2.79749e-07 0 0)
(-2.79749e-07 0 0)
(-2.79749e-07 0 0)
(-2.79749e-07 0 0)
(-2.79749e-07 0 0)
(-2.79749e-07 0 0)
(-2.79749e-07 0 0)
(-2.79749e-07 0 0)
(-2.79749e-07 0 0)
(-2.79749e-07 0 0)
(-2.79749e-07 0 0)
(-2.79749e-07 0 0)
(-2.79749e-07 0 0)
(-2.79749e-07 0 0)
(-2.79749e-07 0 0)
(-2.79749e-07 0 0)
(-2.79749e-07 0 0)
(-2.79749e-07 0 0)
(-2.79749e-07 0 0)
(-2.79749e-07 0 0)
(-2.79749e-07 0 0)
(-2.79749e-07 0 0)
(-2.79749e-07 0 0)
(-2.79749e-07 0 0)
(-2.79749e-07 0 0)
(-2.79749e-07 0 0)
(-2.79749e-07 0 0)
(-2.79749e-07 0 0)
(-2.79749e-07 0 0)
(-2.79749e-07 0 0)
(-2.79749e-07 0 0)
(-2.79749e-07 0 0)
(-2.79749e-07 0 0)
(-2.79749e-07 0 0)
(-2.79749e-07 0 0)
(-2.79749e-07 0 0)
(-2.79749e-07 0 0)
(-2.79749e-07 0 0)
(-2.79749e-07 0 0)
(-2.79749e-07 0 0)
(-2.79749e-07 0 0)
(-2.79749e-07 0 0)
(-2.79749e-07 0 0)
(-2.79749e-07 0 0)
(-2.79749e-07 0 0)
(-2.79749e-07 0 0)
(-2.79749e-07 0 0)
(-2.79749e-07 0 0)
(-2.79749e-07 0 0)
(-2.79749e-07 0 0)
(-2.79749e-07 0 0)
(-2.79749e-07 0 0)
(-2.79749e-07 0 0)
(-2.79749e-07 0 0)
(-2.79749e-07 0 0)
(-2.79749e-07 0 0)
(-2.79749e-07 0 0)
(-2.79749e-07 0 0)
(-2.79749e-07 0 0)
(-2.79749e-07 0 0)
(-2.79749e-07 0 0)
(-2.79749e-07 0 0)
(-2.79749e-07 0 0)
(-2.79749e-07 0 0)
(-2.79749e-07 0 0)
(-2.79749e-07 0 0)
(-2.79749e-07 0 0)
(-2.79749e-07 0 0)
(-2.79749e-07 0 0)
(-2.79749e-07 0 0)
(-2.79749e-07 0 0)
(-2.79749e-07 0 0)
(-2.79749e-07 0 0)
(-2.79749e-07 0 0)
(-2.79749e-07 0 0)
(-2.79749e-07 0 0)
(-2.79749e-07 0 0)
(-2.79749e-07 0 0)
(-2.7975e-07 0 0)
(-2.7975e-07 0 0)
(-2.7975e-07 0 0)
(-2.7975e-07 0 0)
(-2.7975e-07 0 0)
(-2.7975e-07 0 0)
(-2.7975e-07 0 0)
(-2.7975e-07 0 0)
(-2.7975e-07 0 0)
(-2.7975e-07 0 0)
(-2.7975e-07 0 0)
(-2.7975e-07 0 0)
(-2.7975e-07 0 0)
(-2.7975e-07 0 0)
(-2.7975e-07 0 0)
(-2.7975e-07 0 0)
(-2.7975e-07 0 0)
(-2.7975e-07 0 0)
(-2.7975e-07 0 0)
(-2.7975e-07 0 0)
(-2.7975e-07 0 0)
(-2.7975e-07 0 0)
(-2.7975e-07 0 0)
(-2.7975e-07 0 0)
(-2.7975e-07 0 0)
(-2.7975e-07 0 0)
(-2.7975e-07 0 0)
(-2.7975e-07 0 0)
(-2.7975e-07 0 0)
(-2.7975e-07 0 0)
(-2.7975e-07 0 0)
(-2.7975e-07 0 0)
(-2.7975e-07 0 0)
(-2.7975e-07 0 0)
(-2.7975e-07 0 0)
(-2.7975e-07 0 0)
(-2.7975e-07 0 0)
(-2.7975e-07 0 0)
(-2.7975e-07 0 0)
(-2.7975e-07 0 0)
(-2.7975e-07 0 0)
(-2.7975e-07 0 0)
(-2.7975e-07 0 0)
(-2.7975e-07 0 0)
(-2.7975e-07 0 0)
(-2.7975e-07 0 0)
(-2.7975e-07 0 0)
(-2.7975e-07 0 0)
(-2.7975e-07 0 0)
(-2.7975e-07 0 0)
(-2.7975e-07 0 0)
(-2.7975e-07 0 0)
(-2.7975e-07 0 0)
(-2.7975e-07 0 0)
(-2.7975e-07 0 0)
(-2.7975e-07 0 0)
(-2.7975e-07 0 0)
(-2.7975e-07 0 0)
(-2.7975e-07 0 0)
(-2.7975e-07 0 0)
(-2.79751e-07 0 0)
(-2.79751e-07 0 0)
(-2.79751e-07 0 0)
(-2.79751e-07 0 0)
(-2.79751e-07 0 0)
(-2.79751e-07 0 0)
(-2.79751e-07 0 0)
(-2.79751e-07 0 0)
(-2.79751e-07 0 0)
(-2.79751e-07 0 0)
(-2.79751e-07 0 0)
(-2.79751e-07 0 0)
(-2.79751e-07 0 0)
(-2.79751e-07 0 0)
(-2.79751e-07 0 0)
(-2.79751e-07 0 0)
(-2.79751e-07 0 0)
(-2.79751e-07 0 0)
(-2.79751e-07 0 0)
(-2.79751e-07 0 0)
(-2.79751e-07 0 0)
(-2.79751e-07 0 0)
(-2.79751e-07 0 0)
(-2.79751e-07 0 0)
(-2.79751e-07 0 0)
(-2.79751e-07 0 0)
(-2.79751e-07 0 0)
(-2.79751e-07 0 0)
(-2.79751e-07 0 0)
(-2.79751e-07 0 0)
(-2.79751e-07 0 0)
(-2.79751e-07 0 0)
(-2.79751e-07 0 0)
(-2.79751e-07 0 0)
(-2.79751e-07 0 0)
(-2.79751e-07 0 0)
(-2.79751e-07 0 0)
(-2.79751e-07 0 0)
(-2.79751e-07 0 0)
(-2.79751e-07 0 0)
(-2.79751e-07 0 0)
(-2.79751e-07 0 0)
(-2.79751e-07 0 0)
(-2.79751e-07 0 0)
(-2.79751e-07 0 0)
(-2.79751e-07 0 0)
(-2.79751e-07 0 0)
(-2.79751e-07 0 0)
(-2.79751e-07 0 0)
(-2.79751e-07 0 0)
(-2.79751e-07 0 0)
(-2.79751e-07 0 0)
(-2.79751e-07 0 0)
(-2.79751e-07 0 0)
(-2.79751e-07 0 0)
(-2.79751e-07 0 0)
(-2.79751e-07 0 0)
(-2.79751e-07 0 0)
(-2.79751e-07 0 0)
(-2.79751e-07 0 0)
(-2.79751e-07 0 0)
(-2.79751e-07 0 0)
(-2.79751e-07 0 0)
(-2.79751e-07 0 0)
(-2.79751e-07 0 0)
(-2.79751e-07 0 0)
(-2.79751e-07 0 0)
(-2.79751e-07 0 0)
(-2.79751e-07 0 0)
(-2.79751e-07 0 0)
(-2.79751e-07 0 0)
(-2.79751e-07 0 0)
(-2.79751e-07 0 0)
(-2.79751e-07 0 0)
(-2.79751e-07 0 0)
(-2.79751e-07 0 0)
(-2.79751e-07 0 0)
(-2.79751e-07 0 0)
(-2.79751e-07 0 0)
(-2.79751e-07 0 0)
(-2.79751e-07 0 0)
(-2.79751e-07 0 0)
(-2.79751e-07 0 0)
(-2.79751e-07 0 0)
(-2.79751e-07 0 0)
(-2.79751e-07 0 0)
(-2.79751e-07 0 0)
(-2.79751e-07 0 0)
(-2.79751e-07 0 0)
(-2.79751e-07 0 0)
(-2.79751e-07 0 0)
(-2.79751e-07 0 0)
(-2.79751e-07 0 0)
(-2.79751e-07 0 0)
(-2.79751e-07 0 0)
(-2.79751e-07 0 0)
(-2.79751e-07 0 0)
(-2.79751e-07 0 0)
(-2.79751e-07 0 0)
(-2.79751e-07 0 0)
(-2.79751e-07 0 0)
(-2.79751e-07 0 0)
(-2.79751e-07 0 0)
(-2.79751e-07 0 0)
(-2.79751e-07 0 0)
(-2.79751e-07 0 0)
(-2.79751e-07 0 0)
(-2.79751e-07 0 0)
(-2.79751e-07 0 0)
(-2.79751e-07 0 0)
(-2.79751e-07 0 0)
(-2.79751e-07 0 0)
(-2.79751e-07 0 0)
(-2.79751e-07 0 0)
(-2.79751e-07 0 0)
(-2.79751e-07 0 0)
(-2.79751e-07 0 0)
(-2.79751e-07 0 0)
(-2.79751e-07 0 0)
(-2.79751e-07 0 0)
(-2.79752e-07 0 0)
(-2.79752e-07 0 0)
(-2.79752e-07 0 0)
(-2.79752e-07 0 0)
(-2.79752e-07 0 0)
(-2.79752e-07 0 0)
(-2.79752e-07 0 0)
(-2.79752e-07 0 0)
(-2.79752e-07 0 0)
(-2.79752e-07 0 0)
(-2.79752e-07 0 0)
(-2.79752e-07 0 0)
(-2.79752e-07 0 0)
(-2.79752e-07 0 0)
(-2.79752e-07 0 0)
(-2.79752e-07 0 0)
(-2.79752e-07 0 0)
(-2.79752e-07 0 0)
(-2.79752e-07 0 0)
(-2.79752e-07 0 0)
(-2.79752e-07 0 0)
(-2.79752e-07 0 0)
(-2.79752e-07 0 0)
(-2.79752e-07 0 0)
(-2.79752e-07 0 0)
(-2.79752e-07 0 0)
(-2.79752e-07 0 0)
(-2.79752e-07 0 0)
(-2.79752e-07 0 0)
(-2.79752e-07 0 0)
(-2.79752e-07 0 0)
(-2.79752e-07 0 0)
(-2.79752e-07 0 0)
(-2.79752e-07 0 0)
(-2.79752e-07 0 0)
(-2.79752e-07 0 0)
(-2.79752e-07 0 0)
(-2.79752e-07 0 0)
(-2.79752e-07 0 0)
(-2.79752e-07 0 0)
(-2.79752e-07 0 0)
(-2.79752e-07 0 0)
(-2.79752e-07 0 0)
(-2.79752e-07 0 0)
(-2.79752e-07 0 0)
(-2.79752e-07 0 0)
(-2.79752e-07 0 0)
(-2.79752e-07 0 0)
(-2.79752e-07 0 0)
(-2.79752e-07 0 0)
(-2.79752e-07 0 0)
(-2.79752e-07 0 0)
(-2.79752e-07 0 0)
(-2.79752e-07 0 0)
(-2.79752e-07 0 0)
(-2.79752e-07 0 0)
(-2.79752e-07 0 0)
(-2.79752e-07 0 0)
(-2.79752e-07 0 0)
(-2.79752e-07 0 0)
(-2.79752e-07 0 0)
(-2.79752e-07 0 0)
(-2.79752e-07 0 0)
(-2.79752e-07 0 0)
(-2.79752e-07 0 0)
(-2.79752e-07 0 0)
(-2.79752e-07 0 0)
(-2.79752e-07 0 0)
(-2.79752e-07 0 0)
(-2.79752e-07 0 0)
(-2.79752e-07 0 0)
(-2.79752e-07 0 0)
(-2.79752e-07 0 0)
(-2.79752e-07 0 0)
(-2.79752e-07 0 0)
(-2.79752e-07 0 0)
(-2.79752e-07 0 0)
(-2.79752e-07 0 0)
(-2.79752e-07 0 0)
(-2.79752e-07 0 0)
(-2.79752e-07 0 0)
(-2.79752e-07 0 0)
(-2.79752e-07 0 0)
(-2.79752e-07 0 0)
(-2.79752e-07 0 0)
(-2.79752e-07 0 0)
(-2.79752e-07 0 0)
(-2.79752e-07 0 0)
(-2.79752e-07 0 0)
(-2.79752e-07 0 0)
(-2.79752e-07 0 0)
(-2.79752e-07 0 0)
(-2.79752e-07 0 0)
(-2.79752e-07 0 0)
(-2.79752e-07 0 0)
(-2.79752e-07 0 0)
(-2.79752e-07 0 0)
(-2.79752e-07 0 0)
(-2.79752e-07 0 0)
(-2.79752e-07 0 0)
(-2.79752e-07 0 0)
(-2.79752e-07 0 0)
(-2.79752e-07 0 0)
(-2.79752e-07 0 0)
(-2.79752e-07 0 0)
(-2.79752e-07 0 0)
(-2.79752e-07 0 0)
(-2.79752e-07 0 0)
(-2.79752e-07 0 0)
(-2.79752e-07 0 0)
(-2.79752e-07 0 0)
(-2.79752e-07 0 0)
(-2.79752e-07 0 0)
(-2.79752e-07 0 0)
(-2.79752e-07 0 0)
(-2.79752e-07 0 0)
(-2.79752e-07 0 0)
(-2.79752e-07 0 0)
(-2.79752e-07 0 0)
(-2.79752e-07 0 0)
(-2.79753e-07 0 0)
(-2.79753e-07 0 0)
(-2.79753e-07 0 0)
(-2.79753e-07 0 0)
(-2.79753e-07 0 0)
(-2.79753e-07 0 0)
(-2.79753e-07 0 0)
(-2.79753e-07 0 0)
(-2.79753e-07 0 0)
(-2.79753e-07 0 0)
(-2.79753e-07 0 0)
(-2.79753e-07 0 0)
(-2.79753e-07 0 0)
(-2.79753e-07 0 0)
(-2.79753e-07 0 0)
(-2.79753e-07 0 0)
(-2.79753e-07 0 0)
(-2.79753e-07 0 0)
(-2.79753e-07 0 0)
(-2.79753e-07 0 0)
(-2.79753e-07 0 0)
(-2.79753e-07 0 0)
(-2.79753e-07 0 0)
(-2.79753e-07 0 0)
(-2.79753e-07 0 0)
(-2.79753e-07 0 0)
(-2.79753e-07 0 0)
(-2.79753e-07 0 0)
(-2.79753e-07 0 0)
(-2.79753e-07 0 0)
(-2.79753e-07 0 0)
(-2.79753e-07 0 0)
(-2.79753e-07 0 0)
(-2.79753e-07 0 0)
(-2.79753e-07 0 0)
(-2.79753e-07 0 0)
(-2.79753e-07 0 0)
(-2.79753e-07 0 0)
(-2.79753e-07 0 0)
(-2.79753e-07 0 0)
(-2.79753e-07 0 0)
(-2.79753e-07 0 0)
(-2.79753e-07 0 0)
(-2.79753e-07 0 0)
(-2.79753e-07 0 0)
(-2.79753e-07 0 0)
(-2.79753e-07 0 0)
(-2.79753e-07 0 0)
(-2.79753e-07 0 0)
(-2.79753e-07 0 0)
(-2.79753e-07 0 0)
(-2.79753e-07 0 0)
(-2.79753e-07 0 0)
(-2.79753e-07 0 0)
(-2.79753e-07 0 0)
(-2.79753e-07 0 0)
(-2.79753e-07 0 0)
(-2.79753e-07 0 0)
(-2.79753e-07 0 0)
(-2.79753e-07 0 0)
(-2.79753e-07 0 0)
(-2.79753e-07 0 0)
(-2.79753e-07 0 0)
(-2.79753e-07 0 0)
(-2.79753e-07 0 0)
(-2.79753e-07 0 0)
(-2.79753e-07 0 0)
(-2.79753e-07 0 0)
(-2.79753e-07 0 0)
(-2.79753e-07 0 0)
(-2.79753e-07 0 0)
(-2.79753e-07 0 0)
(-2.79753e-07 0 0)
(-2.79753e-07 0 0)
(-2.79753e-07 0 0)
(-2.79753e-07 0 0)
(-2.79753e-07 0 0)
(-2.79753e-07 0 0)
(-2.79753e-07 0 0)
(-2.79753e-07 0 0)
(-2.79753e-07 0 0)
(-2.79753e-07 0 0)
(-2.79753e-07 0 0)
(-2.79753e-07 0 0)
(-2.79753e-07 0 0)
(-2.79753e-07 0 0)
(-2.79753e-07 0 0)
(-2.79753e-07 0 0)
(-2.79753e-07 0 0)
(-2.79753e-07 0 0)
(-2.79753e-07 0 0)
(-2.79753e-07 0 0)
(-2.79753e-07 0 0)
(-2.79753e-07 0 0)
(-2.79753e-07 0 0)
(-2.79753e-07 0 0)
(-2.79753e-07 0 0)
(-2.79753e-07 0 0)
(-2.79753e-07 0 0)
(-2.79753e-07 0 0)
(-2.79753e-07 0 0)
(-2.79753e-07 0 0)
(-2.79753e-07 0 0)
(-2.79753e-07 0 0)
(-2.79753e-07 0 0)
(-2.79753e-07 0 0)
(-2.79753e-07 0 0)
(-2.79753e-07 0 0)
(-2.79753e-07 0 0)
(-2.79753e-07 0 0)
(-2.79753e-07 0 0)
(-2.79753e-07 0 0)
(-2.79753e-07 0 0)
(-2.79753e-07 0 0)
(-2.79753e-07 0 0)
(-2.79753e-07 0 0)
(-2.79753e-07 0 0)
(-2.79753e-07 0 0)
(-2.79753e-07 0 0)
(-2.79753e-07 0 0)
(-2.79753e-07 0 0)
(-2.79753e-07 0 0)
(-2.79753e-07 0 0)
(-2.79753e-07 0 0)
(-2.79753e-07 0 0)
(-2.79753e-07 0 0)
(-2.79753e-07 0 0)
(-2.79753e-07 0 0)
(-2.79753e-07 0 0)
(-2.79753e-07 0 0)
(-2.79753e-07 0 0)
(-2.79753e-07 0 0)
(-2.79753e-07 0 0)
(-2.79753e-07 0 0)
(-2.79753e-07 0 0)
(-2.79753e-07 0 0)
(-2.79753e-07 0 0)
(-2.79753e-07 0 0)
(-2.79753e-07 0 0)
(-2.79753e-07 0 0)
(-2.79753e-07 0 0)
(-2.79753e-07 0 0)
(-2.79753e-07 0 0)
(-2.79753e-07 0 0)
(-2.79753e-07 0 0)
(-2.79753e-07 0 0)
(-2.79753e-07 0 0)
(-2.79753e-07 0 0)
(-2.79753e-07 0 0)
(-2.79753e-07 0 0)
(-2.79753e-07 0 0)
(-2.79753e-07 0 0)
(-2.79753e-07 0 0)
(-2.79753e-07 0 0)
(-2.79753e-07 0 0)
(-2.79753e-07 0 0)
(-2.79753e-07 0 0)
(-2.79753e-07 0 0)
(-2.79753e-07 0 0)
(-2.79753e-07 0 0)
(-2.79753e-07 0 0)
(-2.79753e-07 0 0)
(-2.79753e-07 0 0)
(-2.79753e-07 0 0)
(-2.79753e-07 0 0)
(-2.79753e-07 0 0)
(-2.79753e-07 0 0)
(-2.79753e-07 0 0)
(-2.79753e-07 0 0)
(-2.79753e-07 0 0)
(-2.79753e-07 0 0)
(-2.79753e-07 0 0)
(-2.79753e-07 0 0)
(-2.79753e-07 0 0)
(-2.79753e-07 0 0)
(-2.79753e-07 0 0)
(-2.79753e-07 0 0)
(-2.79753e-07 0 0)
(-2.79753e-07 0 0)
(-2.79753e-07 0 0)
(-2.79754e-07 0 0)
(-2.79754e-07 0 0)
(-2.79754e-07 0 0)
(-2.79754e-07 0 0)
(-2.79754e-07 0 0)
(-2.79754e-07 0 0)
(-2.79754e-07 0 0)
(-2.79754e-07 0 0)
(-2.79754e-07 0 0)
(-2.79754e-07 0 0)
(-2.79754e-07 0 0)
(-2.79754e-07 0 0)
(-2.79754e-07 0 0)
(-2.79754e-07 0 0)
(-2.79754e-07 0 0)
(-2.79754e-07 0 0)
(-2.79754e-07 0 0)
(-2.79754e-07 0 0)
(-2.79754e-07 0 0)
(-2.79754e-07 0 0)
(-2.79754e-07 0 0)
(-2.79754e-07 0 0)
(-2.79754e-07 0 0)
(-2.79754e-07 0 0)
(-2.79754e-07 0 0)
(-2.79754e-07 0 0)
(-2.79754e-07 0 0)
(-2.79754e-07 0 0)
(-2.79754e-07 0 0)
(-2.79754e-07 0 0)
(-2.79754e-07 0 0)
(-2.79754e-07 0 0)
(-2.79754e-07 0 0)
(-2.79754e-07 0 0)
(-2.79754e-07 0 0)
(-2.79754e-07 0 0)
(-2.79754e-07 0 0)
(-2.79754e-07 0 0)
(-2.79754e-07 0 0)
(-2.79754e-07 0 0)
(-2.79754e-07 0 0)
(-2.79754e-07 0 0)
(-2.79754e-07 0 0)
(-2.79754e-07 0 0)
(-2.79754e-07 0 0)
(-2.79754e-07 0 0)
(-2.79754e-07 0 0)
(-2.79754e-07 0 0)
(-2.79754e-07 0 0)
(-2.79754e-07 0 0)
(-2.79754e-07 0 0)
(-2.79754e-07 0 0)
(-2.79754e-07 0 0)
(-2.79754e-07 0 0)
(-2.79754e-07 0 0)
(-2.79754e-07 0 0)
(-2.79754e-07 0 0)
(-2.79754e-07 0 0)
(-2.79754e-07 0 0)
(-2.79754e-07 0 0)
(-2.79754e-07 0 0)
(-2.79754e-07 0 0)
(-2.79754e-07 0 0)
(-2.79754e-07 0 0)
(-2.79754e-07 0 0)
(-2.79754e-07 0 0)
(-2.79754e-07 0 0)
(-2.79754e-07 0 0)
(-2.79754e-07 0 0)
(-2.79754e-07 0 0)
(-2.79754e-07 0 0)
(-2.79754e-07 0 0)
(-2.79754e-07 0 0)
(-2.79754e-07 0 0)
(-2.79754e-07 0 0)
(-2.79754e-07 0 0)
(-2.79754e-07 0 0)
(-2.79754e-07 0 0)
(-2.79754e-07 0 0)
(-2.79754e-07 0 0)
(-2.79754e-07 0 0)
(-2.79754e-07 0 0)
(-2.79754e-07 0 0)
(-2.79754e-07 0 0)
(-2.79754e-07 0 0)
(-2.79754e-07 0 0)
(-2.79754e-07 0 0)
(-2.79754e-07 0 0)
(-2.79754e-07 0 0)
(-2.79754e-07 0 0)
(-2.79754e-07 0 0)
(-2.79754e-07 0 0)
(-2.79754e-07 0 0)
(-2.79754e-07 0 0)
(-2.79754e-07 0 0)
(-2.79754e-07 0 0)
(-2.79754e-07 0 0)
(-2.79754e-07 0 0)
(-2.79754e-07 0 0)
(-2.79754e-07 0 0)
(-2.79754e-07 0 0)
(-2.79754e-07 0 0)
(-2.79754e-07 0 0)
(-2.79754e-07 0 0)
(-2.79754e-07 0 0)
(-2.79754e-07 0 0)
(-2.79754e-07 0 0)
(-2.79754e-07 0 0)
(-2.79754e-07 0 0)
(-2.79754e-07 0 0)
(-2.79754e-07 0 0)
(-2.79754e-07 0 0)
(-2.79754e-07 0 0)
(-2.79754e-07 0 0)
(-2.79754e-07 0 0)
(-2.79754e-07 0 0)
(-2.79754e-07 0 0)
(-2.79754e-07 0 0)
(-2.79754e-07 0 0)
(-2.79754e-07 0 0)
(-2.79754e-07 0 0)
(-2.79754e-07 0 0)
(-2.79754e-07 0 0)
(-2.79754e-07 0 0)
(-2.79754e-07 0 0)
(-2.79754e-07 0 0)
(-2.79754e-07 0 0)
(-2.79754e-07 0 0)
(-2.79754e-07 0 0)
(-2.79754e-07 0 0)
(-2.79754e-07 0 0)
(-2.79754e-07 0 0)
(-2.79754e-07 0 0)
(-2.79754e-07 0 0)
(-2.79754e-07 0 0)
(-2.79754e-07 0 0)
(-2.79754e-07 0 0)
(-2.79754e-07 0 0)
(-2.79754e-07 0 0)
(-2.79754e-07 0 0)
(-2.79754e-07 0 0)
(-2.79754e-07 0 0)
(-2.79754e-07 0 0)
(-2.79754e-07 0 0)
(-2.79754e-07 0 0)
(-2.79754e-07 0 0)
(-2.79754e-07 0 0)
(-2.79754e-07 0 0)
(-2.79754e-07 0 0)
(-2.79754e-07 0 0)
(-2.79754e-07 0 0)
(-2.79754e-07 0 0)
(-2.79754e-07 0 0)
(-2.79754e-07 0 0)
(-2.79754e-07 0 0)
(-2.79754e-07 0 0)
(-2.79754e-07 0 0)
(-2.79754e-07 0 0)
(-2.79754e-07 0 0)
(-2.79754e-07 0 0)
(-2.79754e-07 0 0)
(-2.79754e-07 0 0)
(-2.79754e-07 0 0)
(-2.79754e-07 0 0)
(-2.79754e-07 0 0)
(-2.79754e-07 0 0)
(-2.79754e-07 0 0)
(-2.79754e-07 0 0)
(-2.79754e-07 0 0)
(-2.79754e-07 0 0)
(-2.79754e-07 0 0)
(-2.79754e-07 0 0)
(-2.79754e-07 0 0)
(-2.79754e-07 0 0)
(-2.79754e-07 0 0)
(-2.79754e-07 0 0)
(-2.79754e-07 0 0)
(-2.79754e-07 0 0)
(-2.79754e-07 0 0)
(-2.79754e-07 0 0)
(-2.79754e-07 0 0)
(-2.79754e-07 0 0)
(-2.79754e-07 0 0)
(-2.79754e-07 0 0)
(-2.79754e-07 0 0)
(-2.79754e-07 0 0)
(-2.79754e-07 0 0)
(-2.79754e-07 0 0)
(-2.79754e-07 0 0)
(-2.79754e-07 0 0)
(-2.79754e-07 0 0)
(-2.79754e-07 0 0)
(-2.79754e-07 0 0)
(-2.79754e-07 0 0)
(-2.79754e-07 0 0)
(-2.79754e-07 0 0)
(-2.79754e-07 0 0)
(-2.79754e-07 0 0)
(-2.79754e-07 0 0)
(-2.79754e-07 0 0)
(-2.79754e-07 0 0)
(-2.79754e-07 0 0)
(-2.79754e-07 0 0)
(-2.79754e-07 0 0)
(-2.79754e-07 0 0)
(-2.79754e-07 0 0)
(-2.79754e-07 0 0)
(-2.79754e-07 0 0)
(-2.79754e-07 0 0)
(-2.79754e-07 0 0)
(-2.79754e-07 0 0)
(-2.79754e-07 0 0)
(-2.79754e-07 0 0)
(-2.79754e-07 0 0)
(-2.79754e-07 0 0)
(-2.79754e-07 0 0)
(-2.79754e-07 0 0)
(-2.79754e-07 0 0)
(-2.79754e-07 0 0)
(-2.79754e-07 0 0)
(-2.79754e-07 0 0)
(-2.79754e-07 0 0)
(-2.79754e-07 0 0)
(-2.79754e-07 0 0)
(-2.79754e-07 0 0)
(-2.79754e-07 0 0)
(-2.79754e-07 0 0)
(-2.79754e-07 0 0)
(-2.79754e-07 0 0)
(-2.79754e-07 0 0)
(-2.79754e-07 0 0)
(-2.79754e-07 0 0)
(-2.79754e-07 0 0)
(-2.79754e-07 0 0)
(-2.79754e-07 0 0)
(-2.79754e-07 0 0)
(-2.79754e-07 0 0)
(-2.79754e-07 0 0)
(-2.79754e-07 0 0)
(-2.79754e-07 0 0)
(-2.79755e-07 0 0)
(-2.79755e-07 0 0)
(-2.79755e-07 0 0)
(-2.79755e-07 0 0)
(-2.79755e-07 0 0)
(-2.79755e-07 0 0)
(-2.79755e-07 0 0)
(-2.79755e-07 0 0)
(-2.79755e-07 0 0)
(-2.79755e-07 0 0)
(-2.79755e-07 0 0)
(-2.79755e-07 0 0)
(-2.79755e-07 0 0)
(-2.79755e-07 0 0)
(-2.79755e-07 0 0)
(-2.79755e-07 0 0)
(-2.79755e-07 0 0)
(-2.79755e-07 0 0)
(-2.79755e-07 0 0)
(-2.79755e-07 0 0)
(-2.79755e-07 0 0)
(-2.79755e-07 0 0)
(-2.79755e-07 0 0)
(-2.79755e-07 0 0)
(-2.79755e-07 0 0)
(-2.79755e-07 0 0)
(-2.79755e-07 0 0)
(-2.79755e-07 0 0)
(-2.79755e-07 0 0)
(-2.79755e-07 0 0)
(-2.79755e-07 0 0)
(-2.79755e-07 0 0)
(-2.79755e-07 0 0)
(-2.79755e-07 0 0)
(-2.79755e-07 0 0)
(-2.79755e-07 0 0)
(-2.79755e-07 0 0)
(-2.79755e-07 0 0)
(-2.79755e-07 0 0)
(-2.79755e-07 0 0)
(-2.79755e-07 0 0)
(-2.79755e-07 0 0)
(-2.79755e-07 0 0)
(-2.79755e-07 0 0)
(-2.79755e-07 0 0)
(-2.79755e-07 0 0)
(-2.79755e-07 0 0)
(-2.79755e-07 0 0)
(-2.79755e-07 0 0)
(-2.79755e-07 0 0)
(-2.79755e-07 0 0)
(-2.79755e-07 0 0)
(-2.79755e-07 0 0)
(-2.79755e-07 0 0)
(-2.79755e-07 0 0)
(-2.79755e-07 0 0)
(-2.79755e-07 0 0)
(-2.79755e-07 0 0)
(-2.79755e-07 0 0)
(-2.79755e-07 0 0)
(-2.79755e-07 0 0)
(-2.79755e-07 0 0)
(-2.79755e-07 0 0)
(-2.79755e-07 0 0)
(-2.79755e-07 0 0)
(-2.79755e-07 0 0)
(-2.79755e-07 0 0)
(-2.79755e-07 0 0)
(-2.79755e-07 0 0)
(-2.79755e-07 0 0)
(-2.79755e-07 0 0)
(-2.79755e-07 0 0)
(-2.79755e-07 0 0)
(-2.79755e-07 0 0)
(-2.79755e-07 0 0)
(-2.79755e-07 0 0)
(-2.79755e-07 0 0)
(-2.79755e-07 0 0)
(-2.79755e-07 0 0)
(-2.79755e-07 0 0)
(-2.79755e-07 0 0)
(-2.79755e-07 0 0)
(-2.79755e-07 0 0)
(-2.79755e-07 0 0)
(-2.79755e-07 0 0)
(-2.79755e-07 0 0)
(-2.79755e-07 0 0)
(-2.79755e-07 0 0)
(-2.79755e-07 0 0)
(-2.79755e-07 0 0)
(-2.79755e-07 0 0)
(-2.79755e-07 0 0)
(-2.79755e-07 0 0)
(-2.79755e-07 0 0)
(-2.79755e-07 0 0)
(-2.79755e-07 0 0)
(-2.79755e-07 0 0)
(-2.79755e-07 0 0)
(-2.79755e-07 0 0)
(-2.79755e-07 0 0)
(-2.79755e-07 0 0)
(-2.79755e-07 0 0)
(-2.79755e-07 0 0)
(-2.79755e-07 0 0)
(-2.79755e-07 0 0)
(-2.79755e-07 0 0)
(-2.79755e-07 0 0)
(-2.79755e-07 0 0)
(-2.79755e-07 0 0)
(-2.79755e-07 0 0)
(-2.79755e-07 0 0)
(-2.79755e-07 0 0)
(-2.79755e-07 0 0)
(-2.79755e-07 0 0)
(-2.79755e-07 0 0)
(-2.79755e-07 0 0)
(-2.79755e-07 0 0)
(-2.79755e-07 0 0)
(-2.79755e-07 0 0)
(-2.79755e-07 0 0)
(-2.79755e-07 0 0)
(-2.79755e-07 0 0)
(-2.79755e-07 0 0)
(-2.79755e-07 0 0)
(-2.79755e-07 0 0)
(-2.79755e-07 0 0)
(-2.79755e-07 0 0)
(-2.79755e-07 0 0)
(-2.79755e-07 0 0)
(-2.79755e-07 0 0)
(-2.79755e-07 0 0)
(-2.79755e-07 0 0)
(-2.79755e-07 0 0)
(-2.79755e-07 0 0)
(-2.79755e-07 0 0)
(-2.79755e-07 0 0)
(-2.79755e-07 0 0)
(-2.79755e-07 0 0)
(-2.79755e-07 0 0)
(-2.79755e-07 0 0)
(-2.79755e-07 0 0)
(-2.79755e-07 0 0)
(-2.79755e-07 0 0)
(-2.79755e-07 0 0)
(-2.79755e-07 0 0)
(-2.79755e-07 0 0)
(-2.79755e-07 0 0)
(-2.79755e-07 0 0)
(-2.79755e-07 0 0)
(-2.79755e-07 0 0)
(-2.79755e-07 0 0)
(-2.79755e-07 0 0)
(-2.79755e-07 0 0)
(-2.79755e-07 0 0)
(-2.79755e-07 0 0)
(-2.79755e-07 0 0)
(-2.79755e-07 0 0)
(-2.79755e-07 0 0)
(-2.79755e-07 0 0)
(-2.79755e-07 0 0)
(-2.79755e-07 0 0)
(-2.79755e-07 0 0)
(-2.79755e-07 0 0)
(-2.79755e-07 0 0)
(-2.79755e-07 0 0)
(-2.79755e-07 0 0)
(-2.79755e-07 0 0)
(-2.79755e-07 0 0)
(-2.79755e-07 0 0)
(-2.79755e-07 0 0)
(-2.79755e-07 0 0)
(-2.79755e-07 0 0)
(-2.79755e-07 0 0)
(-2.79755e-07 0 0)
(-2.79755e-07 0 0)
(-2.79755e-07 0 0)
(-2.79755e-07 0 0)
(-2.79755e-07 0 0)
(-2.79755e-07 0 0)
(-2.79755e-07 0 0)
(-2.79755e-07 0 0)
(-2.79755e-07 0 0)
(-2.79755e-07 0 0)
(-2.79755e-07 0 0)
(-2.79755e-07 0 0)
(-2.79755e-07 0 0)
(-2.79755e-07 0 0)
(-2.79755e-07 0 0)
(-2.79755e-07 0 0)
(-2.79755e-07 0 0)
(-2.79755e-07 0 0)
(-2.79755e-07 0 0)
(-2.79755e-07 0 0)
(-2.79755e-07 0 0)
(-2.79755e-07 0 0)
(-2.79755e-07 0 0)
(-2.79755e-07 0 0)
(-2.79755e-07 0 0)
(-2.79755e-07 0 0)
(-2.79755e-07 0 0)
(-2.79755e-07 0 0)
(-2.79755e-07 0 0)
(-2.79755e-07 0 0)
(-2.79755e-07 0 0)
(-2.79755e-07 0 0)
(-2.79755e-07 0 0)
(-2.79755e-07 0 0)
(-2.79755e-07 0 0)
(-2.79755e-07 0 0)
(-2.79755e-07 0 0)
(-2.79755e-07 0 0)
(-2.79755e-07 0 0)
(-2.79755e-07 0 0)
(-2.79755e-07 0 0)
(-2.79755e-07 0 0)
(-2.79755e-07 0 0)
(-2.79755e-07 0 0)
(-2.79755e-07 0 0)
(-2.79755e-07 0 0)
(-2.79755e-07 0 0)
(-2.79755e-07 0 0)
(-2.79755e-07 0 0)
(-2.79755e-07 0 0)
(-2.79755e-07 0 0)
(-2.79755e-07 0 0)
(-2.79755e-07 0 0)
(-2.79755e-07 0 0)
(-2.79755e-07 0 0)
(-2.79755e-07 0 0)
(-2.79755e-07 0 0)
(-2.79755e-07 0 0)
(-2.79755e-07 0 0)
(-2.79755e-07 0 0)
(-2.79755e-07 0 0)
(-2.79755e-07 0 0)
(-2.79755e-07 0 0)
(-2.79755e-07 0 0)
(-2.79755e-07 0 0)
(-2.79755e-07 0 0)
(-2.79755e-07 0 0)
(-2.79755e-07 0 0)
(-2.79755e-07 0 0)
(-2.79755e-07 0 0)
(-2.79755e-07 0 0)
(-2.79755e-07 0 0)
(-2.79755e-07 0 0)
(-2.79755e-07 0 0)
(-2.79755e-07 0 0)
(-2.79755e-07 0 0)
(-2.79755e-07 0 0)
(-2.79755e-07 0 0)
(-2.79755e-07 0 0)
(-2.79755e-07 0 0)
(-2.79755e-07 0 0)
(-2.79755e-07 0 0)
(-2.79755e-07 0 0)
(-2.79755e-07 0 0)
(-2.79755e-07 0 0)
(-2.79755e-07 0 0)
(-2.79755e-07 0 0)
(-2.79755e-07 0 0)
(-2.79755e-07 0 0)
(-2.79755e-07 0 0)
(-2.79755e-07 0 0)
(-2.79755e-07 0 0)
(-2.79755e-07 0 0)
(-2.79755e-07 0 0)
(-2.79755e-07 0 0)
(-2.79755e-07 0 0)
(-2.79755e-07 0 0)
(-2.79755e-07 0 0)
(-2.79755e-07 0 0)
(-2.79755e-07 0 0)
(-2.79755e-07 0 0)
(-2.79755e-07 0 0)
(-2.79755e-07 0 0)
(-2.79755e-07 0 0)
(-2.79755e-07 0 0)
(-2.79755e-07 0 0)
(-2.79755e-07 0 0)
(-2.79755e-07 0 0)
(-2.79755e-07 0 0)
(-2.79755e-07 0 0)
(-2.79755e-07 0 0)
(-2.79755e-07 0 0)
(-2.79755e-07 0 0)
(-2.79755e-07 0 0)
(-2.79755e-07 0 0)
(-2.79755e-07 0 0)
(-2.79755e-07 0 0)
(-2.79755e-07 0 0)
(-2.79755e-07 0 0)
(-2.79755e-07 0 0)
(-2.79755e-07 0 0)
(-2.79755e-07 0 0)
(-2.79755e-07 0 0)
(-2.79755e-07 0 0)
(-2.79755e-07 0 0)
(-2.79755e-07 0 0)
(-2.79755e-07 0 0)
(-2.79755e-07 0 0)
(-2.79755e-07 0 0)
(-2.79755e-07 0 0)
(-2.79755e-07 0 0)
(-2.79755e-07 0 0)
(-2.79755e-07 0 0)
(-2.79755e-07 0 0)
(-2.79755e-07 0 0)
(-2.79755e-07 0 0)
(-2.79755e-07 0 0)
(-2.79755e-07 0 0)
(-2.79755e-07 0 0)
(-2.79755e-07 0 0)
(-2.79755e-07 0 0)
(-2.79755e-07 0 0)
(-2.79755e-07 0 0)
(-2.79755e-07 0 0)
(-2.79755e-07 0 0)
(-2.79755e-07 0 0)
(-2.79755e-07 0 0)
(-2.79755e-07 0 0)
(-2.79755e-07 0 0)
(-2.79755e-07 0 0)
(-2.79755e-07 0 0)
(-2.79755e-07 0 0)
(-2.79755e-07 0 0)
(-2.79755e-07 0 0)
(-2.79755e-07 0 0)
(-2.79755e-07 0 0)
(-2.79755e-07 0 0)
(-2.79755e-07 0 0)
(-2.79755e-07 0 0)
(-2.79755e-07 0 0)
(-2.79755e-07 0 0)
(-2.79755e-07 0 0)
(-2.79755e-07 0 0)
(-2.79755e-07 0 0)
(-2.79755e-07 0 0)
(-2.79755e-07 0 0)
(-2.79755e-07 0 0)
(-2.79755e-07 0 0)
(-2.79755e-07 0 0)
(-2.79755e-07 0 0)
(-2.79755e-07 0 0)
(-2.79755e-07 0 0)
(-2.79755e-07 0 0)
(-2.79755e-07 0 0)
(-2.79755e-07 0 0)
(-2.79755e-07 0 0)
(-2.79755e-07 0 0)
(-2.79755e-07 0 0)
(-2.79755e-07 0 0)
(-2.79755e-07 0 0)
(-2.79755e-07 0 0)
(-2.79755e-07 0 0)
(-2.79755e-07 0 0)
(-2.79755e-07 0 0)
(-2.79755e-07 0 0)
(-2.79755e-07 0 0)
(-2.79755e-07 0 0)
(-2.79755e-07 0 0)
(-2.79755e-07 0 0)
(-2.79755e-07 0 0)
(-2.79755e-07 0 0)
(-2.79755e-07 0 0)
(-2.79755e-07 0 0)
(-2.79755e-07 0 0)
(-2.79755e-07 0 0)
(-2.79755e-07 0 0)
(-2.79755e-07 0 0)
(-2.79755e-07 0 0)
(-2.79755e-07 0 0)
(-2.79755e-07 0 0)
(-2.79755e-07 0 0)
(-2.79755e-07 0 0)
(-2.79755e-07 0 0)
(-2.79755e-07 0 0)
(-2.79755e-07 0 0)
(-2.79755e-07 0 0)
(-2.79755e-07 0 0)
(-2.79755e-07 0 0)
(-2.79755e-07 0 0)
(-2.79755e-07 0 0)
(-2.79755e-07 0 0)
(-2.79755e-07 0 0)
(-2.79755e-07 0 0)
(-2.79755e-07 0 0)
(-2.79755e-07 0 0)
(-2.79755e-07 0 0)
(-2.79755e-07 0 0)
(-2.79755e-07 0 0)
(-2.79755e-07 0 0)
(-2.79755e-07 0 0)
(-2.79755e-07 0 0)
(-2.79755e-07 0 0)
(-2.79755e-07 0 0)
(-2.79755e-07 0 0)
(-2.79755e-07 0 0)
(-2.79755e-07 0 0)
(-2.79755e-07 0 0)
(-2.79755e-07 0 0)
(-2.79755e-07 0 0)
(-2.79755e-07 0 0)
(-2.79755e-07 0 0)
(-2.79755e-07 0 0)
(-2.79755e-07 0 0)
(-2.79755e-07 0 0)
(-2.79755e-07 0 0)
(-2.79755e-07 0 0)
(-2.79755e-07 0 0)
(-2.79755e-07 0 0)
(-2.79755e-07 0 0)
(-2.79755e-07 0 0)
(-2.79755e-07 0 0)
(-2.79755e-07 0 0)
(-2.79755e-07 0 0)
(-2.79755e-07 0 0)
(-2.79755e-07 0 0)
(-2.79755e-07 0 0)
(-2.79755e-07 0 0)
(-2.79755e-07 0 0)
(-2.79755e-07 0 0)
(-2.79755e-07 0 0)
(-2.79755e-07 0 0)
(-2.79755e-07 0 0)
(-2.79755e-07 0 0)
(-2.79755e-07 0 0)
(-2.79755e-07 0 0)
(-2.79755e-07 0 0)
(-2.79755e-07 0 0)
(-2.79755e-07 0 0)
(-2.79755e-07 0 0)
(-2.79755e-07 0 0)
(-2.79755e-07 0 0)
(-2.79755e-07 0 0)
(-2.79755e-07 0 0)
(-2.79755e-07 0 0)
(-2.79755e-07 0 0)
(-2.79755e-07 0 0)
(-2.79755e-07 0 0)
(-2.79755e-07 0 0)
(-2.79755e-07 0 0)
(-2.79755e-07 0 0)
(-2.79755e-07 0 0)
(-2.79755e-07 0 0)
(-2.79755e-07 0 0)
(-2.79755e-07 0 0)
(-2.79755e-07 0 0)
(-2.79755e-07 0 0)
(-2.79755e-07 0 0)
(-2.79755e-07 0 0)
(-2.79755e-07 0 0)
(-2.79755e-07 0 0)
(-2.79755e-07 0 0)
(-2.79755e-07 0 0)
(-2.79755e-07 0 0)
(-2.79755e-07 0 0)
(-2.79755e-07 0 0)
(-2.79755e-07 0 0)
(-2.79755e-07 0 0)
(-2.79755e-07 0 0)
(-2.79755e-07 0 0)
(-2.79755e-07 0 0)
(-2.79755e-07 0 0)
(-2.79755e-07 0 0)
(-2.79755e-07 0 0)
(-2.79755e-07 0 0)
(-2.79755e-07 0 0)
(-2.79755e-07 0 0)
(-2.79755e-07 0 0)
(-2.79755e-07 0 0)
(-2.79755e-07 0 0)
(-2.79755e-07 0 0)
(-2.79755e-07 0 0)
(-2.79755e-07 0 0)
(-2.79755e-07 0 0)
(-2.79755e-07 0 0)
(-2.79755e-07 0 0)
(-2.79755e-07 0 0)
(-2.79755e-07 0 0)
(-2.79755e-07 0 0)
(-2.79755e-07 0 0)
(-2.79755e-07 0 0)
(-2.79755e-07 0 0)
(-2.79755e-07 0 0)
(-2.79755e-07 0 0)
(-2.79755e-07 0 0)
(-2.79755e-07 0 0)
(-2.79755e-07 0 0)
(-2.79755e-07 0 0)
(-2.79755e-07 0 0)
(-2.79755e-07 0 0)
(-2.79755e-07 0 0)
(-2.79755e-07 0 0)
(-2.79755e-07 0 0)
(-2.79755e-07 0 0)
(-2.79755e-07 0 0)
(-2.79755e-07 0 0)
(-2.79755e-07 0 0)
(-2.79755e-07 0 0)
(-2.79755e-07 0 0)
(-2.79755e-07 0 0)
(-2.79755e-07 0 0)
(-2.79755e-07 0 0)
(-2.79755e-07 0 0)
(-2.79755e-07 0 0)
(-2.79755e-07 0 0)
(-2.79755e-07 0 0)
(-2.79755e-07 0 0)
(-2.79755e-07 0 0)
(-2.79755e-07 0 0)
(-2.79755e-07 0 0)
(-2.79755e-07 0 0)
(-2.79755e-07 0 0)
(-2.79755e-07 0 0)
(-2.79755e-07 0 0)
(-2.79755e-07 0 0)
(-2.79755e-07 0 0)
(-2.79755e-07 0 0)
(-2.79755e-07 0 0)
(-2.79755e-07 0 0)
(-2.79755e-07 0 0)
(-2.79755e-07 0 0)
(-2.79755e-07 0 0)
(-2.79755e-07 0 0)
(-2.79755e-07 0 0)
(-2.79755e-07 0 0)
(-2.79755e-07 0 0)
(-2.79755e-07 0 0)
(-2.79755e-07 0 0)
(-2.79755e-07 0 0)
(-2.79755e-07 0 0)
(-2.79755e-07 0 0)
(-2.79755e-07 0 0)
(-2.79755e-07 0 0)
(-2.79755e-07 0 0)
(-2.79755e-07 0 0)
(-2.79755e-07 0 0)
(-2.79755e-07 0 0)
(-2.79755e-07 0 0)
(-2.79755e-07 0 0)
(-2.79755e-07 0 0)
(-2.79755e-07 0 0)
(-2.79755e-07 0 0)
(-2.79755e-07 0 0)
(-2.79755e-07 0 0)
(-2.79755e-07 0 0)
(-2.79755e-07 0 0)
(-2.79755e-07 0 0)
(-2.79755e-07 0 0)
(-2.79755e-07 0 0)
(-2.79755e-07 0 0)
(-2.79755e-07 0 0)
(-2.79755e-07 0 0)
(-2.79755e-07 0 0)
(-2.79755e-07 0 0)
(-2.79755e-07 0 0)
(-2.79755e-07 0 0)
(-2.79755e-07 0 0)
(-2.79755e-07 0 0)
(-2.79755e-07 0 0)
(-2.79755e-07 0 0)
(-2.79755e-07 0 0)
(-2.79755e-07 0 0)
(-2.79755e-07 0 0)
(-2.79755e-07 0 0)
(-2.79755e-07 0 0)
(-2.79755e-07 0 0)
(-2.79755e-07 0 0)
(-2.79755e-07 0 0)
(-2.79755e-07 0 0)
(-2.79755e-07 0 0)
(-2.79755e-07 0 0)
(-2.79755e-07 0 0)
(-2.79755e-07 0 0)
(-2.79755e-07 0 0)
(-2.79755e-07 0 0)
(-2.79755e-07 0 0)
(-2.79755e-07 0 0)
(-2.79755e-07 0 0)
(-2.79755e-07 0 0)
(-2.79755e-07 0 0)
(-2.79755e-07 0 0)
(-2.79755e-07 0 0)
(-2.79755e-07 0 0)
(-2.79755e-07 0 0)
(-2.79755e-07 0 0)
(-2.79755e-07 0 0)
(-2.79755e-07 0 0)
(-2.79755e-07 0 0)
(-2.79755e-07 0 0)
(-2.79755e-07 0 0)
(-2.79755e-07 0 0)
(-2.79755e-07 0 0)
(-2.79755e-07 0 0)
(-2.79755e-07 0 0)
(-2.79755e-07 0 0)
(-2.79755e-07 0 0)
(-2.79755e-07 0 0)
(-2.79755e-07 0 0)
(-2.79755e-07 0 0)
(-2.79755e-07 0 0)
(-2.79755e-07 0 0)
(-2.79755e-07 0 0)
(-2.79755e-07 0 0)
(-2.79755e-07 0 0)
(-2.79755e-07 0 0)
(-2.79755e-07 0 0)
(-2.79755e-07 0 0)
(-2.79755e-07 0 0)
(-2.79755e-07 0 0)
(-2.79755e-07 0 0)
(-2.79755e-07 0 0)
(-2.79755e-07 0 0)
(-2.79755e-07 0 0)
(-2.79755e-07 0 0)
(-2.79755e-07 0 0)
(-2.79755e-07 0 0)
(-2.79755e-07 0 0)
(-2.79755e-07 0 0)
(-2.79755e-07 0 0)
(-2.79755e-07 0 0)
(-2.79755e-07 0 0)
(-2.79755e-07 0 0)
(-2.79755e-07 0 0)
(-2.79755e-07 0 0)
(-2.79755e-07 0 0)
(-2.79755e-07 0 0)
(-2.79755e-07 0 0)
(-2.79755e-07 0 0)
(-2.79755e-07 0 0)
(-2.79755e-07 0 0)
(-2.79755e-07 0 0)
(-2.79755e-07 0 0)
(-2.79755e-07 0 0)
(-2.79755e-07 0 0)
(-2.79755e-07 0 0)
(-2.79755e-07 0 0)
(-2.79755e-07 0 0)
(-2.79755e-07 0 0)
(-2.79755e-07 0 0)
(-2.79755e-07 0 0)
(-2.79755e-07 0 0)
(-2.79755e-07 0 0)
(-2.79755e-07 0 0)
(-2.79755e-07 0 0)
(-2.79755e-07 0 0)
(-2.79755e-07 0 0)
(-2.79755e-07 0 0)
(-2.79755e-07 0 0)
(-2.79755e-07 0 0)
(-2.79755e-07 0 0)
(-2.79755e-07 0 0)
(-2.79755e-07 0 0)
(-2.79755e-07 0 0)
(-2.79755e-07 0 0)
(-2.79755e-07 0 0)
(-2.79755e-07 0 0)
(-2.79755e-07 0 0)
(-2.79755e-07 0 0)
(-2.79755e-07 0 0)
(-2.79755e-07 0 0)
(-2.79755e-07 0 0)
(-2.79755e-07 0 0)
(-2.79755e-07 0 0)
(-2.79755e-07 0 0)
(-2.79755e-07 0 0)
(-2.79755e-07 0 0)
(-2.79755e-07 0 0)
(-2.79755e-07 0 0)
(-2.79755e-07 0 0)
(-2.79755e-07 0 0)
(-2.79755e-07 0 0)
(-2.79755e-07 0 0)
(-2.79755e-07 0 0)
(-2.79755e-07 0 0)
(-2.79755e-07 0 0)
(-2.79755e-07 0 0)
(-2.79755e-07 0 0)
(-2.79755e-07 0 0)
(-2.79755e-07 0 0)
(-2.79755e-07 0 0)
(-2.79755e-07 0 0)
(-2.79755e-07 0 0)
(-2.79755e-07 0 0)
(-2.79755e-07 0 0)
(-2.79755e-07 0 0)
(-2.79755e-07 0 0)
(-2.79755e-07 0 0)
(-2.79755e-07 0 0)
(-2.79755e-07 0 0)
(-2.79755e-07 0 0)
(-2.79755e-07 0 0)
(-2.79755e-07 0 0)
(-2.79755e-07 0 0)
(-2.79755e-07 0 0)
(-2.79755e-07 0 0)
(-2.79755e-07 0 0)
(-2.79755e-07 0 0)
(-2.79755e-07 0 0)
(-2.79755e-07 0 0)
(-2.79755e-07 0 0)
(-2.79755e-07 0 0)
(-2.79755e-07 0 0)
(-2.79755e-07 0 0)
(-2.79755e-07 0 0)
(-2.79755e-07 0 0)
(-2.79755e-07 0 0)
(-2.79755e-07 0 0)
(-2.79755e-07 0 0)
(-2.79755e-07 0 0)
(-2.79755e-07 0 0)
(-2.79755e-07 0 0)
(-2.79755e-07 0 0)
(-2.79755e-07 0 0)
(-2.79755e-07 0 0)
(-2.79755e-07 0 0)
(-2.79755e-07 0 0)
(-2.79755e-07 0 0)
(-2.79755e-07 0 0)
(-2.79755e-07 0 0)
(-2.79755e-07 0 0)
(-2.79755e-07 0 0)
(-2.79755e-07 0 0)
(-2.79755e-07 0 0)
(-2.79755e-07 0 0)
(-2.79755e-07 0 0)
(-2.79755e-07 0 0)
(-2.79755e-07 0 0)
(-2.79755e-07 0 0)
(-2.79755e-07 0 0)
(-2.79755e-07 0 0)
(-2.79755e-07 0 0)
(-2.79755e-07 0 0)
(-2.79755e-07 0 0)
(-2.79755e-07 0 0)
(-2.79755e-07 0 0)
(-2.79755e-07 0 0)
(-2.79755e-07 0 0)
(-2.79755e-07 0 0)
(-2.79755e-07 0 0)
(-2.79755e-07 0 0)
(-2.79755e-07 0 0)
(-2.79755e-07 0 0)
(-2.79755e-07 0 0)
(-2.79755e-07 0 0)
(-2.79755e-07 0 0)
(-2.79755e-07 0 0)
(-2.79755e-07 0 0)
(-2.79755e-07 0 0)
(-2.79755e-07 0 0)
(-2.79755e-07 0 0)
(-2.79755e-07 0 0)
(-2.79755e-07 0 0)
(-2.79755e-07 0 0)
(-2.79755e-07 0 0)
(-2.79755e-07 0 0)
(-2.79755e-07 0 0)
(-2.79755e-07 0 0)
(-2.79755e-07 0 0)
(-2.79755e-07 0 0)
(-2.79755e-07 0 0)
(-2.79755e-07 0 0)
(-2.79755e-07 0 0)
(-2.79755e-07 0 0)
(-2.79755e-07 0 0)
(-2.79755e-07 0 0)
(-2.79755e-07 0 0)
(-2.79755e-07 0 0)
(-2.79755e-07 0 0)
(-2.79755e-07 0 0)
(-2.79755e-07 0 0)
(-2.79755e-07 0 0)
(-2.79755e-07 0 0)
(-2.79755e-07 0 0)
(-2.79755e-07 0 0)
(-2.79755e-07 0 0)
(-2.79755e-07 0 0)
(-2.79755e-07 0 0)
(-2.79755e-07 0 0)
(-2.79755e-07 0 0)
(-2.79755e-07 0 0)
(-2.79755e-07 0 0)
(-2.79755e-07 0 0)
(-2.79755e-07 0 0)
(-2.79755e-07 0 0)
(-2.79755e-07 0 0)
(-2.79755e-07 0 0)
(-2.79755e-07 0 0)
(-2.79755e-07 0 0)
(-2.79755e-07 0 0)
(-2.79755e-07 0 0)
(-2.79755e-07 0 0)
(-2.79755e-07 0 0)
(-2.79755e-07 0 0)
(-2.79755e-07 0 0)
(-2.79755e-07 0 0)
(-2.79755e-07 0 0)
(-2.79755e-07 0 0)
(-2.79755e-07 0 0)
(-2.79755e-07 0 0)
(-2.79755e-07 0 0)
(-2.79755e-07 0 0)
(-2.79755e-07 0 0)
(-2.79755e-07 0 0)
(-2.79755e-07 0 0)
(-2.79755e-07 0 0)
(-2.79755e-07 0 0)
(-2.79755e-07 0 0)
(-2.79755e-07 0 0)
(-2.79755e-07 0 0)
(-2.79755e-07 0 0)
(-2.79755e-07 0 0)
(-2.79755e-07 0 0)
(-2.79755e-07 0 0)
(-2.79755e-07 0 0)
(-2.79755e-07 0 0)
(-2.79755e-07 0 0)
(-2.79755e-07 0 0)
(-2.79755e-07 0 0)
(-2.79755e-07 0 0)
(-2.79755e-07 0 0)
(-2.79755e-07 0 0)
(-2.79755e-07 0 0)
(-2.79755e-07 0 0)
(-2.79755e-07 0 0)
(-2.79755e-07 0 0)
(-2.79755e-07 0 0)
(-2.79755e-07 0 0)
(-2.79755e-07 0 0)
(-2.79755e-07 0 0)
(-2.79755e-07 0 0)
(-2.79755e-07 0 0)
(-2.79755e-07 0 0)
(-2.79755e-07 0 0)
(-2.79755e-07 0 0)
(-2.79755e-07 0 0)
(-2.79755e-07 0 0)
(-2.79755e-07 0 0)
(-2.79755e-07 0 0)
(-2.79754e-07 0 0)
(-2.79754e-07 0 0)
(-2.79754e-07 0 0)
(-2.79754e-07 0 0)
(-2.79754e-07 0 0)
(-2.79754e-07 0 0)
(-2.79754e-07 0 0)
(-2.79754e-07 0 0)
(-2.79754e-07 0 0)
(-2.79754e-07 0 0)
(-2.79754e-07 0 0)
(-2.79754e-07 0 0)
(-2.79754e-07 0 0)
(-2.79754e-07 0 0)
(-2.79754e-07 0 0)
(-2.79754e-07 0 0)
(-2.79754e-07 0 0)
(-2.79754e-07 0 0)
(-2.79754e-07 0 0)
(-2.79754e-07 0 0)
(-2.79754e-07 0 0)
(-2.79754e-07 0 0)
(-2.79754e-07 0 0)
(-2.79754e-07 0 0)
(-2.79754e-07 0 0)
(-2.79754e-07 0 0)
(-2.79754e-07 0 0)
(-2.79754e-07 0 0)
(-2.79754e-07 0 0)
(-2.79754e-07 0 0)
(-2.79754e-07 0 0)
(-2.79754e-07 0 0)
(-2.79754e-07 0 0)
(-2.79754e-07 0 0)
(-2.79754e-07 0 0)
(-2.79754e-07 0 0)
(-2.79754e-07 0 0)
(-2.79754e-07 0 0)
(-2.79754e-07 0 0)
(-2.79754e-07 0 0)
(-2.79754e-07 0 0)
(-2.79754e-07 0 0)
(-2.79754e-07 0 0)
(-2.79754e-07 0 0)
(-2.79754e-07 0 0)
(-2.79754e-07 0 0)
(-2.79754e-07 0 0)
(-2.79754e-07 0 0)
(-2.79754e-07 0 0)
(-2.79754e-07 0 0)
(-2.79754e-07 0 0)
(-2.79754e-07 0 0)
(-2.79754e-07 0 0)
(-2.79754e-07 0 0)
(-2.79754e-07 0 0)
(-2.79754e-07 0 0)
(-2.79754e-07 0 0)
(-2.79754e-07 0 0)
(-2.79754e-07 0 0)
(-2.79754e-07 0 0)
(-2.79754e-07 0 0)
(-2.79754e-07 0 0)
(-2.79754e-07 0 0)
(-2.79754e-07 0 0)
(-2.79754e-07 0 0)
(-2.79754e-07 0 0)
(-2.79754e-07 0 0)
(-2.79754e-07 0 0)
(-2.79754e-07 0 0)
(-2.79754e-07 0 0)
(-2.79754e-07 0 0)
(-2.79754e-07 0 0)
(-2.79754e-07 0 0)
(-2.79754e-07 0 0)
(-2.79754e-07 0 0)
(-2.79754e-07 0 0)
(-2.79754e-07 0 0)
(-2.79754e-07 0 0)
(-2.79754e-07 0 0)
(-2.79754e-07 0 0)
(-2.79754e-07 0 0)
(-2.79754e-07 0 0)
(-2.79754e-07 0 0)
(-2.79754e-07 0 0)
(-2.79754e-07 0 0)
(-2.79754e-07 0 0)
(-2.79754e-07 0 0)
(-2.79754e-07 0 0)
(-2.79754e-07 0 0)
(-2.79754e-07 0 0)
(-2.79754e-07 0 0)
(-2.79754e-07 0 0)
(-2.79754e-07 0 0)
(-2.79754e-07 0 0)
(-2.79754e-07 0 0)
(-2.79754e-07 0 0)
(-2.79754e-07 0 0)
(-2.79754e-07 0 0)
(-2.79754e-07 0 0)
(-2.79754e-07 0 0)
(-2.79754e-07 0 0)
(-2.79754e-07 0 0)
(-2.79754e-07 0 0)
(-2.79754e-07 0 0)
(-2.79754e-07 0 0)
(-2.79754e-07 0 0)
(-2.79754e-07 0 0)
(-2.79754e-07 0 0)
(-2.79754e-07 0 0)
(-2.79754e-07 0 0)
(-2.79754e-07 0 0)
(-2.79754e-07 0 0)
(-2.79754e-07 0 0)
(-2.79754e-07 0 0)
(-2.79754e-07 0 0)
(-2.79754e-07 0 0)
(-2.79754e-07 0 0)
(-2.79754e-07 0 0)
(-2.79754e-07 0 0)
(-2.79754e-07 0 0)
(-2.79754e-07 0 0)
(-2.79754e-07 0 0)
(-2.79754e-07 0 0)
(-2.79754e-07 0 0)
(-2.79754e-07 0 0)
(-2.79754e-07 0 0)
(-2.79754e-07 0 0)
(-2.79754e-07 0 0)
(-2.79754e-07 0 0)
(-2.79754e-07 0 0)
(-2.79754e-07 0 0)
(-2.79754e-07 0 0)
(-2.79754e-07 0 0)
(-2.79754e-07 0 0)
(-2.79754e-07 0 0)
(-2.79754e-07 0 0)
(-2.79754e-07 0 0)
(-2.79754e-07 0 0)
(-2.79754e-07 0 0)
(-2.79754e-07 0 0)
(-2.79754e-07 0 0)
(-2.79754e-07 0 0)
(-2.79754e-07 0 0)
(-2.79754e-07 0 0)
(-2.79754e-07 0 0)
(-2.79754e-07 0 0)
(-2.79754e-07 0 0)
(-2.79754e-07 0 0)
(-2.79754e-07 0 0)
(-2.79754e-07 0 0)
(-2.79754e-07 0 0)
(-2.79754e-07 0 0)
(-2.79754e-07 0 0)
(-2.79754e-07 0 0)
(-2.79754e-07 0 0)
(-2.79754e-07 0 0)
(-2.79754e-07 0 0)
(-2.79754e-07 0 0)
(-2.79754e-07 0 0)
(-2.79754e-07 0 0)
(-2.79754e-07 0 0)
(-2.79754e-07 0 0)
(-2.79754e-07 0 0)
(-2.79754e-07 0 0)
(-2.79754e-07 0 0)
(-2.79754e-07 0 0)
(-2.79754e-07 0 0)
(-2.79754e-07 0 0)
(-2.79754e-07 0 0)
(-2.79754e-07 0 0)
(-2.79754e-07 0 0)
(-2.79754e-07 0 0)
(-2.79754e-07 0 0)
(-2.79754e-07 0 0)
(-2.79754e-07 0 0)
(-2.79754e-07 0 0)
(-2.79754e-07 0 0)
(-2.79754e-07 0 0)
(-2.79754e-07 0 0)
(-2.79754e-07 0 0)
(-2.79754e-07 0 0)
(-2.79754e-07 0 0)
(-2.79754e-07 0 0)
(-2.79754e-07 0 0)
(-2.79754e-07 0 0)
(-2.79754e-07 0 0)
(-2.79754e-07 0 0)
(-2.79754e-07 0 0)
(-2.79754e-07 0 0)
(-2.79754e-07 0 0)
(-2.79754e-07 0 0)
(-2.79754e-07 0 0)
(-2.79754e-07 0 0)
(-2.79754e-07 0 0)
(-2.79754e-07 0 0)
(-2.79754e-07 0 0)
(-2.79754e-07 0 0)
(-2.79754e-07 0 0)
(-2.79754e-07 0 0)
(-2.79754e-07 0 0)
(-2.79754e-07 0 0)
(-2.79754e-07 0 0)
(-2.79754e-07 0 0)
(-2.79754e-07 0 0)
(-2.79754e-07 0 0)
(-2.79754e-07 0 0)
(-2.79754e-07 0 0)
(-2.79754e-07 0 0)
(-2.79754e-07 0 0)
(-2.79754e-07 0 0)
(-2.79754e-07 0 0)
(-2.79754e-07 0 0)
(-2.79754e-07 0 0)
(-2.79754e-07 0 0)
(-2.79754e-07 0 0)
(-2.79754e-07 0 0)
(-2.79754e-07 0 0)
(-2.79754e-07 0 0)
(-2.79754e-07 0 0)
(-2.79754e-07 0 0)
(-2.79754e-07 0 0)
(-2.79754e-07 0 0)
(-2.79754e-07 0 0)
(-2.79754e-07 0 0)
(-2.79754e-07 0 0)
(-2.79754e-07 0 0)
(-2.79754e-07 0 0)
(-2.79754e-07 0 0)
(-2.79754e-07 0 0)
(-2.79754e-07 0 0)
(-2.79754e-07 0 0)
(-2.79754e-07 0 0)
(-2.79754e-07 0 0)
(-2.79754e-07 0 0)
(-2.79754e-07 0 0)
(-2.79754e-07 0 0)
(-2.79754e-07 0 0)
(-2.79754e-07 0 0)
(-2.79754e-07 0 0)
(-2.79754e-07 0 0)
(-2.79753e-07 0 0)
(-2.79753e-07 0 0)
(-2.79753e-07 0 0)
(-2.79753e-07 0 0)
(-2.79753e-07 0 0)
(-2.79753e-07 0 0)
(-2.79753e-07 0 0)
(-2.79753e-07 0 0)
(-2.79753e-07 0 0)
(-2.79753e-07 0 0)
(-2.79753e-07 0 0)
(-2.79753e-07 0 0)
(-2.79753e-07 0 0)
(-2.79753e-07 0 0)
(-2.79753e-07 0 0)
(-2.79753e-07 0 0)
(-2.79753e-07 0 0)
(-2.79753e-07 0 0)
(-2.79753e-07 0 0)
(-2.79753e-07 0 0)
(-2.79753e-07 0 0)
(-2.79753e-07 0 0)
(-2.79753e-07 0 0)
(-2.79753e-07 0 0)
(-2.79753e-07 0 0)
(-2.79753e-07 0 0)
(-2.79753e-07 0 0)
(-2.79753e-07 0 0)
(-2.79753e-07 0 0)
(-2.79753e-07 0 0)
(-2.79753e-07 0 0)
(-2.79753e-07 0 0)
(-2.79753e-07 0 0)
(-2.79753e-07 0 0)
(-2.79753e-07 0 0)
(-2.79753e-07 0 0)
(-2.79753e-07 0 0)
(-2.79753e-07 0 0)
(-2.79753e-07 0 0)
(-2.79753e-07 0 0)
(-2.79753e-07 0 0)
(-2.79753e-07 0 0)
(-2.79753e-07 0 0)
(-2.79753e-07 0 0)
(-2.79753e-07 0 0)
(-2.79753e-07 0 0)
(-2.79753e-07 0 0)
(-2.79753e-07 0 0)
(-2.79753e-07 0 0)
(-2.79753e-07 0 0)
(-2.79753e-07 0 0)
(-2.79753e-07 0 0)
(-2.79753e-07 0 0)
(-2.79753e-07 0 0)
(-2.79753e-07 0 0)
(-2.79753e-07 0 0)
(-2.79753e-07 0 0)
(-2.79753e-07 0 0)
(-2.79753e-07 0 0)
(-2.79753e-07 0 0)
(-2.79753e-07 0 0)
(-2.79753e-07 0 0)
(-2.79753e-07 0 0)
(-2.79753e-07 0 0)
(-2.79753e-07 0 0)
(-2.79753e-07 0 0)
(-2.79753e-07 0 0)
(-2.79753e-07 0 0)
(-2.79753e-07 0 0)
(-2.79753e-07 0 0)
(-2.79753e-07 0 0)
(-2.79753e-07 0 0)
(-2.79753e-07 0 0)
(-2.79753e-07 0 0)
(-2.79753e-07 0 0)
(-2.79753e-07 0 0)
(-2.79753e-07 0 0)
(-2.79753e-07 0 0)
(-2.79753e-07 0 0)
(-2.79753e-07 0 0)
(-2.79753e-07 0 0)
(-2.79753e-07 0 0)
(-2.79753e-07 0 0)
(-2.79753e-07 0 0)
(-2.79753e-07 0 0)
(-2.79753e-07 0 0)
(-2.79753e-07 0 0)
(-2.79753e-07 0 0)
(-2.79753e-07 0 0)
(-2.79753e-07 0 0)
(-2.79753e-07 0 0)
(-2.79753e-07 0 0)
(-2.79753e-07 0 0)
(-2.79753e-07 0 0)
(-2.79753e-07 0 0)
(-2.79753e-07 0 0)
(-2.79753e-07 0 0)
(-2.79753e-07 0 0)
(-2.79753e-07 0 0)
(-2.79753e-07 0 0)
(-2.79753e-07 0 0)
(-2.79753e-07 0 0)
(-2.79753e-07 0 0)
(-2.79753e-07 0 0)
(-2.79753e-07 0 0)
(-2.79753e-07 0 0)
(-2.79753e-07 0 0)
(-2.79753e-07 0 0)
(-2.79753e-07 0 0)
(-2.79753e-07 0 0)
(-2.79753e-07 0 0)
(-2.79753e-07 0 0)
(-2.79753e-07 0 0)
(-2.79753e-07 0 0)
(-2.79753e-07 0 0)
(-2.79753e-07 0 0)
(-2.79753e-07 0 0)
(-2.79753e-07 0 0)
(-2.79753e-07 0 0)
(-2.79753e-07 0 0)
(-2.79753e-07 0 0)
(-2.79753e-07 0 0)
(-2.79753e-07 0 0)
(-2.79753e-07 0 0)
(-2.79753e-07 0 0)
(-2.79753e-07 0 0)
(-2.79753e-07 0 0)
(-2.79753e-07 0 0)
(-2.79753e-07 0 0)
(-2.79753e-07 0 0)
(-2.79753e-07 0 0)
(-2.79753e-07 0 0)
(-2.79753e-07 0 0)
(-2.79753e-07 0 0)
(-2.79753e-07 0 0)
(-2.79753e-07 0 0)
(-2.79753e-07 0 0)
(-2.79753e-07 0 0)
(-2.79753e-07 0 0)
(-2.79753e-07 0 0)
(-2.79753e-07 0 0)
(-2.79753e-07 0 0)
(-2.79753e-07 0 0)
(-2.79753e-07 0 0)
(-2.79753e-07 0 0)
(-2.79753e-07 0 0)
(-2.79753e-07 0 0)
(-2.79753e-07 0 0)
(-2.79753e-07 0 0)
(-2.79753e-07 0 0)
(-2.79753e-07 0 0)
(-2.79753e-07 0 0)
(-2.79753e-07 0 0)
(-2.79753e-07 0 0)
(-2.79753e-07 0 0)
(-2.79753e-07 0 0)
(-2.79753e-07 0 0)
(-2.79753e-07 0 0)
(-2.79753e-07 0 0)
(-2.79753e-07 0 0)
(-2.79753e-07 0 0)
(-2.79753e-07 0 0)
(-2.79753e-07 0 0)
(-2.79753e-07 0 0)
(-2.79753e-07 0 0)
(-2.79753e-07 0 0)
(-2.79753e-07 0 0)
(-2.79753e-07 0 0)
(-2.79753e-07 0 0)
(-2.79753e-07 0 0)
(-2.79753e-07 0 0)
(-2.79753e-07 0 0)
(-2.79753e-07 0 0)
(-2.79753e-07 0 0)
(-2.79753e-07 0 0)
(-2.79753e-07 0 0)
(-2.79753e-07 0 0)
(-2.79753e-07 0 0)
(-2.79753e-07 0 0)
(-2.79753e-07 0 0)
(-2.79752e-07 0 0)
(-2.79752e-07 0 0)
(-2.79752e-07 0 0)
(-2.79752e-07 0 0)
(-2.79752e-07 0 0)
(-2.79752e-07 0 0)
(-2.79752e-07 0 0)
(-2.79752e-07 0 0)
(-2.79752e-07 0 0)
(-2.79752e-07 0 0)
(-2.79752e-07 0 0)
(-2.79752e-07 0 0)
(-2.79752e-07 0 0)
(-2.79752e-07 0 0)
(-2.79752e-07 0 0)
(-2.79752e-07 0 0)
(-2.79752e-07 0 0)
(-2.79752e-07 0 0)
(-2.79752e-07 0 0)
(-2.79752e-07 0 0)
(-2.79752e-07 0 0)
(-2.79752e-07 0 0)
(-2.79752e-07 0 0)
(-2.79752e-07 0 0)
(-2.79752e-07 0 0)
(-2.79752e-07 0 0)
(-2.79752e-07 0 0)
(-2.79752e-07 0 0)
(-2.79752e-07 0 0)
(-2.79752e-07 0 0)
(-2.79752e-07 0 0)
(-2.79752e-07 0 0)
(-2.79752e-07 0 0)
(-2.79752e-07 0 0)
(-2.79752e-07 0 0)
(-2.79752e-07 0 0)
(-2.79752e-07 0 0)
(-2.79752e-07 0 0)
(-2.79752e-07 0 0)
(-2.79752e-07 0 0)
(-2.79752e-07 0 0)
(-2.79752e-07 0 0)
(-2.79752e-07 0 0)
(-2.79752e-07 0 0)
(-2.79752e-07 0 0)
(-2.79752e-07 0 0)
(-2.79752e-07 0 0)
(-2.79752e-07 0 0)
(-2.79752e-07 0 0)
(-2.79752e-07 0 0)
(-2.79752e-07 0 0)
(-2.79752e-07 0 0)
(-2.79752e-07 0 0)
(-2.79752e-07 0 0)
(-2.79752e-07 0 0)
(-2.79752e-07 0 0)
(-2.79752e-07 0 0)
(-2.79752e-07 0 0)
(-2.79752e-07 0 0)
(-2.79752e-07 0 0)
(-2.79752e-07 0 0)
(-2.79752e-07 0 0)
(-2.79752e-07 0 0)
(-2.79752e-07 0 0)
(-2.79752e-07 0 0)
(-2.79752e-07 0 0)
(-2.79752e-07 0 0)
(-2.79752e-07 0 0)
(-2.79752e-07 0 0)
(-2.79752e-07 0 0)
(-2.79752e-07 0 0)
(-2.79752e-07 0 0)
(-2.79752e-07 0 0)
(-2.79752e-07 0 0)
(-2.79752e-07 0 0)
(-2.79752e-07 0 0)
(-2.79752e-07 0 0)
(-2.79752e-07 0 0)
(-2.79752e-07 0 0)
(-2.79752e-07 0 0)
(-2.79752e-07 0 0)
(-2.79752e-07 0 0)
(-2.79752e-07 0 0)
(-2.79752e-07 0 0)
(-2.79752e-07 0 0)
(-2.79752e-07 0 0)
(-2.79752e-07 0 0)
(-2.79752e-07 0 0)
(-2.79752e-07 0 0)
(-2.79752e-07 0 0)
(-2.79752e-07 0 0)
(-2.79752e-07 0 0)
(-2.79752e-07 0 0)
(-2.79752e-07 0 0)
(-2.79752e-07 0 0)
(-2.79752e-07 0 0)
(-2.79752e-07 0 0)
(-2.79752e-07 0 0)
(-2.79752e-07 0 0)
(-2.79752e-07 0 0)
(-2.79752e-07 0 0)
(-2.79752e-07 0 0)
(-2.79752e-07 0 0)
(-2.79752e-07 0 0)
(-2.79752e-07 0 0)
(-2.79752e-07 0 0)
(-2.79752e-07 0 0)
(-2.79752e-07 0 0)
(-2.79752e-07 0 0)
(-2.79752e-07 0 0)
(-2.79752e-07 0 0)
(-2.79752e-07 0 0)
(-2.79752e-07 0 0)
(-2.79752e-07 0 0)
(-2.79752e-07 0 0)
(-2.79752e-07 0 0)
(-2.79752e-07 0 0)
(-2.79752e-07 0 0)
(-2.79752e-07 0 0)
(-2.79752e-07 0 0)
(-2.79751e-07 0 0)
(-2.79751e-07 0 0)
(-2.79751e-07 0 0)
(-2.79751e-07 0 0)
(-2.79751e-07 0 0)
(-2.79751e-07 0 0)
(-2.79751e-07 0 0)
(-2.79751e-07 0 0)
(-2.79751e-07 0 0)
(-2.79751e-07 0 0)
(-2.79751e-07 0 0)
(-2.79751e-07 0 0)
(-2.79751e-07 0 0)
(-2.79751e-07 0 0)
(-2.79751e-07 0 0)
(-2.79751e-07 0 0)
(-2.79751e-07 0 0)
(-2.79751e-07 0 0)
(-2.79751e-07 0 0)
(-2.79751e-07 0 0)
(-2.79751e-07 0 0)
(-2.79751e-07 0 0)
(-2.79751e-07 0 0)
(-2.79751e-07 0 0)
(-2.79751e-07 0 0)
(-2.79751e-07 0 0)
(-2.79751e-07 0 0)
(-2.79751e-07 0 0)
(-2.79751e-07 0 0)
(-2.79751e-07 0 0)
(-2.79751e-07 0 0)
(-2.79751e-07 0 0)
(-2.79751e-07 0 0)
(-2.79751e-07 0 0)
(-2.79751e-07 0 0)
(-2.79751e-07 0 0)
(-2.79751e-07 0 0)
(-2.79751e-07 0 0)
(-2.79751e-07 0 0)
(-2.79751e-07 0 0)
(-2.79751e-07 0 0)
(-2.79751e-07 0 0)
(-2.79751e-07 0 0)
(-2.79751e-07 0 0)
(-2.79751e-07 0 0)
(-2.79751e-07 0 0)
(-2.79751e-07 0 0)
(-2.79751e-07 0 0)
(-2.79751e-07 0 0)
(-2.79751e-07 0 0)
(-2.79751e-07 0 0)
(-2.79751e-07 0 0)
(-2.79751e-07 0 0)
(-2.79751e-07 0 0)
(-2.79751e-07 0 0)
(-2.79751e-07 0 0)
(-2.79751e-07 0 0)
(-2.79751e-07 0 0)
(-2.79751e-07 0 0)
(-2.79751e-07 0 0)
(-2.79751e-07 0 0)
(-2.79751e-07 0 0)
(-2.79751e-07 0 0)
(-2.79751e-07 0 0)
(-2.79751e-07 0 0)
(-2.79751e-07 0 0)
(-2.79751e-07 0 0)
(-2.79751e-07 0 0)
(-2.79751e-07 0 0)
(-2.79751e-07 0 0)
(-2.79751e-07 0 0)
(-2.79751e-07 0 0)
(-2.79751e-07 0 0)
(-2.79751e-07 0 0)
(-2.79751e-07 0 0)
(-2.79751e-07 0 0)
(-2.79751e-07 0 0)
(-2.79751e-07 0 0)
(-2.79751e-07 0 0)
(-2.79751e-07 0 0)
(-2.79751e-07 0 0)
(-2.79751e-07 0 0)
(-2.79751e-07 0 0)
(-2.79751e-07 0 0)
(-2.79751e-07 0 0)
(-2.79751e-07 0 0)
(-2.79751e-07 0 0)
(-2.79751e-07 0 0)
(-2.79751e-07 0 0)
(-2.79751e-07 0 0)
(-2.79751e-07 0 0)
(-2.79751e-07 0 0)
(-2.79751e-07 0 0)
(-2.79751e-07 0 0)
(-2.79751e-07 0 0)
(-2.79751e-07 0 0)
(-2.79751e-07 0 0)
(-2.79751e-07 0 0)
(-2.79751e-07 0 0)
(-2.79751e-07 0 0)
(-2.79751e-07 0 0)
(-2.79751e-07 0 0)
(-2.79751e-07 0 0)
(-2.79751e-07 0 0)
(-2.79751e-07 0 0)
(-2.79751e-07 0 0)
(-2.79751e-07 0 0)
(-2.79751e-07 0 0)
(-2.79751e-07 0 0)
(-2.79751e-07 0 0)
(-2.79751e-07 0 0)
(-2.79751e-07 0 0)
(-2.79751e-07 0 0)
(-2.79751e-07 0 0)
(-2.79751e-07 0 0)
(-2.79751e-07 0 0)
(-2.79751e-07 0 0)
(-2.79751e-07 0 0)
(-2.79751e-07 0 0)
(-2.79751e-07 0 0)
(-2.7975e-07 0 0)
(-2.7975e-07 0 0)
(-2.7975e-07 0 0)
(-2.7975e-07 0 0)
(-2.7975e-07 0 0)
(-2.7975e-07 0 0)
(-2.7975e-07 0 0)
(-2.7975e-07 0 0)
(-2.7975e-07 0 0)
(-2.7975e-07 0 0)
(-2.7975e-07 0 0)
(-2.7975e-07 0 0)
(-2.7975e-07 0 0)
(-2.7975e-07 0 0)
(-2.7975e-07 0 0)
(-2.7975e-07 0 0)
(-2.7975e-07 0 0)
(-2.7975e-07 0 0)
(-2.7975e-07 0 0)
(-2.7975e-07 0 0)
(-2.7975e-07 0 0)
(-2.7975e-07 0 0)
(-2.7975e-07 0 0)
(-2.7975e-07 0 0)
(-2.7975e-07 0 0)
(-2.7975e-07 0 0)
(-2.7975e-07 0 0)
(-2.7975e-07 0 0)
(-2.7975e-07 0 0)
(-2.7975e-07 0 0)
(-2.7975e-07 0 0)
(-2.7975e-07 0 0)
(-2.7975e-07 0 0)
(-2.7975e-07 0 0)
(-2.7975e-07 0 0)
(-2.7975e-07 0 0)
(-2.7975e-07 0 0)
(-2.7975e-07 0 0)
(-2.7975e-07 0 0)
(-2.7975e-07 0 0)
(-2.7975e-07 0 0)
(-2.7975e-07 0 0)
(-2.7975e-07 0 0)
(-2.7975e-07 0 0)
(-2.7975e-07 0 0)
(-2.7975e-07 0 0)
(-2.7975e-07 0 0)
(-2.7975e-07 0 0)
(-2.7975e-07 0 0)
(-2.7975e-07 0 0)
(-2.7975e-07 0 0)
(-2.7975e-07 0 0)
(-2.7975e-07 0 0)
(-2.7975e-07 0 0)
(-2.7975e-07 0 0)
(-2.7975e-07 0 0)
(-2.7975e-07 0 0)
(-2.7975e-07 0 0)
(-2.7975e-07 0 0)
(-2.7975e-07 0 0)
(-2.79749e-07 0 0)
(-2.79749e-07 0 0)
(-2.79749e-07 0 0)
(-2.79749e-07 0 0)
(-2.79749e-07 0 0)
(-2.79749e-07 0 0)
(-2.79749e-07 0 0)
(-2.79749e-07 0 0)
(-2.79749e-07 0 0)
(-2.79749e-07 0 0)
(-2.79749e-07 0 0)
(-2.79749e-07 0 0)
(-2.79749e-07 0 0)
(-2.79749e-07 0 0)
(-2.79749e-07 0 0)
(-2.79749e-07 0 0)
(-2.79749e-07 0 0)
(-2.79749e-07 0 0)
(-2.79749e-07 0 0)
(-2.79749e-07 0 0)
(-2.79749e-07 0 0)
(-2.79749e-07 0 0)
(-2.79749e-07 0 0)
(-2.79749e-07 0 0)
(-2.79749e-07 0 0)
(-2.79749e-07 0 0)
(-2.79749e-07 0 0)
(-2.79749e-07 0 0)
(-2.79749e-07 0 0)
(-2.79749e-07 0 0)
(-2.79749e-07 0 0)
(-2.79749e-07 0 0)
(-2.79749e-07 0 0)
(-2.79749e-07 0 0)
(-2.79749e-07 0 0)
(-2.79749e-07 0 0)
(-2.79749e-07 0 0)
(-2.79749e-07 0 0)
(-2.79749e-07 0 0)
(-2.79749e-07 0 0)
(-2.79749e-07 0 0)
(-2.79749e-07 0 0)
(-2.79749e-07 0 0)
(-2.79749e-07 0 0)
(-2.79749e-07 0 0)
(-2.79749e-07 0 0)
(-2.79749e-07 0 0)
(-2.79749e-07 0 0)
(-2.79749e-07 0 0)
(-2.79749e-07 0 0)
(-2.79749e-07 0 0)
(-2.79749e-07 0 0)
(-2.79749e-07 0 0)
(-2.79749e-07 0 0)
(-2.79749e-07 0 0)
(-2.79749e-07 0 0)
(-2.79749e-07 0 0)
(-2.79749e-07 0 0)
(-2.79749e-07 0 0)
(-2.79749e-07 0 0)
(-2.79749e-07 0 0)
(-2.79749e-07 0 0)
(-2.79749e-07 0 0)
(-2.79749e-07 0 0)
(-2.79749e-07 0 0)
(-2.79749e-07 0 0)
(-2.79749e-07 0 0)
(-2.79749e-07 0 0)
(-2.79749e-07 0 0)
(-2.79749e-07 0 0)
(-2.79749e-07 0 0)
(-2.79749e-07 0 0)
(-2.79749e-07 0 0)
(-2.79749e-07 0 0)
(-2.79749e-07 0 0)
(-2.79749e-07 0 0)
(-2.79749e-07 0 0)
(-2.79749e-07 0 0)
(-2.79749e-07 0 0)
(-2.79749e-07 0 0)
(-2.79749e-07 0 0)
(-2.79749e-07 0 0)
(-2.79749e-07 0 0)
(-2.79749e-07 0 0)
(-2.79749e-07 0 0)
(-2.79749e-07 0 0)
(-2.79749e-07 0 0)
(-2.79749e-07 0 0)
(-2.79749e-07 0 0)
(-2.79749e-07 0 0)
(-2.79749e-07 0 0)
(-2.79749e-07 0 0)
(-2.79749e-07 0 0)
(-2.79749e-07 0 0)
(-2.79749e-07 0 0)
(-2.79749e-07 0 0)
(-2.79749e-07 0 0)
(-2.79749e-07 0 0)
(-2.79749e-07 0 0)
(-2.79749e-07 0 0)
(-2.79749e-07 0 0)
(-2.79749e-07 0 0)
(-2.79749e-07 0 0)
(-2.79749e-07 0 0)
(-2.79749e-07 0 0)
(-2.79749e-07 0 0)
(-2.79749e-07 0 0)
(-2.79749e-07 0 0)
(-2.79749e-07 0 0)
(-2.79749e-07 0 0)
(-2.79749e-07 0 0)
(-2.79749e-07 0 0)
(-2.79749e-07 0 0)
(-2.79749e-07 0 0)
(-2.79749e-07 0 0)
(-2.79749e-07 0 0)
(-2.79749e-07 0 0)
(-2.79749e-07 0 0)
(-2.79749e-07 0 0)
(-2.79749e-07 0 0)
(-2.79748e-07 0 0)
(-2.79748e-07 0 0)
(-2.79748e-07 0 0)
(-2.79748e-07 0 0)
(-2.79748e-07 0 0)
(-2.79748e-07 0 0)
(-2.79748e-07 0 0)
(-2.79748e-07 0 0)
(-2.79748e-07 0 0)
(-2.79748e-07 0 0)
(-2.79748e-07 0 0)
(-2.79748e-07 0 0)
(-2.79748e-07 0 0)
(-2.79748e-07 0 0)
(-2.79748e-07 0 0)
(-2.79748e-07 0 0)
(-2.79748e-07 0 0)
(-2.79748e-07 0 0)
(-2.79748e-07 0 0)
(-2.79748e-07 0 0)
(-2.79748e-07 0 0)
(-2.79748e-07 0 0)
(-2.79748e-07 0 0)
(-2.79748e-07 0 0)
(-2.79748e-07 0 0)
(-2.79748e-07 0 0)
(-2.79748e-07 0 0)
(-2.79748e-07 0 0)
(-2.79748e-07 0 0)
(-2.79748e-07 0 0)
(-2.79748e-07 0 0)
(-2.79748e-07 0 0)
(-2.79748e-07 0 0)
(-2.79748e-07 0 0)
(-2.79748e-07 0 0)
(-2.79748e-07 0 0)
(-2.79748e-07 0 0)
(-2.79748e-07 0 0)
(-2.79748e-07 0 0)
(-2.79748e-07 0 0)
(-2.79748e-07 0 0)
(-2.79748e-07 0 0)
(-2.79748e-07 0 0)
(-2.79748e-07 0 0)
(-2.79748e-07 0 0)
(-2.79748e-07 0 0)
(-2.79748e-07 0 0)
(-2.79748e-07 0 0)
(-2.79748e-07 0 0)
(-2.79748e-07 0 0)
(-2.79748e-07 0 0)
(-2.79748e-07 0 0)
(-2.79748e-07 0 0)
(-2.79748e-07 0 0)
(-2.79748e-07 0 0)
(-2.79748e-07 0 0)
(-2.79748e-07 0 0)
(-2.79748e-07 0 0)
(-2.79748e-07 0 0)
(-2.79748e-07 0 0)
(-2.79747e-07 0 0)
(-2.79747e-07 0 0)
(-2.79747e-07 0 0)
(-2.79747e-07 0 0)
(-2.79747e-07 0 0)
(-2.79747e-07 0 0)
(-2.79747e-07 0 0)
(-2.79747e-07 0 0)
(-2.79747e-07 0 0)
(-2.79747e-07 0 0)
(-2.79747e-07 0 0)
(-2.79747e-07 0 0)
(-2.79747e-07 0 0)
(-2.79747e-07 0 0)
(-2.79747e-07 0 0)
(-2.79747e-07 0 0)
(-2.79747e-07 0 0)
(-2.79747e-07 0 0)
(-2.79747e-07 0 0)
(-2.79747e-07 0 0)
(-2.79747e-07 0 0)
(-2.79747e-07 0 0)
(-2.79747e-07 0 0)
(-2.79747e-07 0 0)
(-2.79747e-07 0 0)
(-2.79747e-07 0 0)
(-2.79747e-07 0 0)
(-2.79747e-07 0 0)
(-2.79747e-07 0 0)
(-2.79747e-07 0 0)
(-2.79747e-07 0 0)
(-2.79747e-07 0 0)
(-2.79747e-07 0 0)
(-2.79747e-07 0 0)
(-2.79747e-07 0 0)
(-2.79747e-07 0 0)
(-2.79747e-07 0 0)
(-2.79747e-07 0 0)
(-2.79747e-07 0 0)
(-2.79747e-07 0 0)
(-2.79747e-07 0 0)
(-2.79747e-07 0 0)
(-2.79747e-07 0 0)
(-2.79747e-07 0 0)
(-2.79747e-07 0 0)
(-2.79747e-07 0 0)
(-2.79747e-07 0 0)
(-2.79747e-07 0 0)
(-2.79747e-07 0 0)
(-2.79747e-07 0 0)
(-2.79747e-07 0 0)
(-2.79747e-07 0 0)
(-2.79747e-07 0 0)
(-2.79747e-07 0 0)
(-2.79747e-07 0 0)
(-2.79747e-07 0 0)
(-2.79747e-07 0 0)
(-2.79747e-07 0 0)
(-2.79747e-07 0 0)
(-2.79747e-07 0 0)
(-2.79746e-07 0 0)
(-2.79746e-07 0 0)
(-2.79746e-07 0 0)
(-2.79746e-07 0 0)
(-2.79746e-07 0 0)
(-2.79746e-07 0 0)
(-2.79746e-07 0 0)
(-2.79746e-07 0 0)
(-2.79746e-07 0 0)
(-2.79746e-07 0 0)
(-2.79746e-07 0 0)
(-2.79746e-07 0 0)
(-2.79746e-07 0 0)
(-2.79746e-07 0 0)
(-2.79746e-07 0 0)
(-2.79746e-07 0 0)
(-2.79746e-07 0 0)
(-2.79746e-07 0 0)
(-2.79746e-07 0 0)
(-2.79746e-07 0 0)
(-2.79746e-07 0 0)
(-2.79746e-07 0 0)
(-2.79746e-07 0 0)
(-2.79746e-07 0 0)
(-2.79746e-07 0 0)
(-2.79746e-07 0 0)
(-2.79746e-07 0 0)
(-2.79746e-07 0 0)
(-2.79746e-07 0 0)
(-2.79746e-07 0 0)
(-2.79746e-07 0 0)
(-2.79746e-07 0 0)
(-2.79746e-07 0 0)
(-2.79746e-07 0 0)
(-2.79746e-07 0 0)
(-2.79746e-07 0 0)
(-2.79746e-07 0 0)
(-2.79746e-07 0 0)
(-2.79746e-07 0 0)
(-2.79746e-07 0 0)
(-2.79746e-07 0 0)
(-2.79746e-07 0 0)
(-2.79746e-07 0 0)
(-2.79746e-07 0 0)
(-2.79746e-07 0 0)
(-2.79746e-07 0 0)
(-2.79746e-07 0 0)
(-2.79746e-07 0 0)
(-2.79746e-07 0 0)
(-2.79746e-07 0 0)
(-2.79746e-07 0 0)
(-2.79746e-07 0 0)
(-2.79746e-07 0 0)
(-2.79746e-07 0 0)
(-2.79746e-07 0 0)
(-2.79746e-07 0 0)
(-2.79746e-07 0 0)
(-2.79746e-07 0 0)
(-2.79746e-07 0 0)
(-2.79746e-07 0 0)
(-2.79745e-07 0 0)
(-2.79745e-07 0 0)
(-2.79745e-07 0 0)
(-2.79745e-07 0 0)
(-2.79745e-07 0 0)
(-2.79745e-07 0 0)
(-2.79745e-07 0 0)
(-2.79745e-07 0 0)
(-2.79745e-07 0 0)
(-2.79745e-07 0 0)
(-2.79745e-07 0 0)
(-2.79745e-07 0 0)
(-2.79745e-07 0 0)
(-2.79745e-07 0 0)
(-2.79745e-07 0 0)
(-2.79745e-07 0 0)
(-2.79745e-07 0 0)
(-2.79745e-07 0 0)
(-2.79745e-07 0 0)
(-2.79745e-07 0 0)
(-2.79745e-07 0 0)
(-2.79745e-07 0 0)
(-2.79745e-07 0 0)
(-2.79745e-07 0 0)
(-2.79745e-07 0 0)
(-2.79745e-07 0 0)
(-2.79745e-07 0 0)
(-2.79745e-07 0 0)
(-2.79745e-07 0 0)
(-2.79745e-07 0 0)
(-2.79745e-07 0 0)
(-2.79745e-07 0 0)
(-2.79745e-07 0 0)
(-2.79745e-07 0 0)
(-2.79745e-07 0 0)
(-2.79745e-07 0 0)
(-2.79745e-07 0 0)
(-2.79745e-07 0 0)
(-2.79745e-07 0 0)
(-2.79745e-07 0 0)
(-2.79745e-07 0 0)
(-2.79745e-07 0 0)
(-2.79745e-07 0 0)
(-2.79745e-07 0 0)
(-2.79745e-07 0 0)
(-2.79745e-07 0 0)
(-2.79745e-07 0 0)
(-2.79745e-07 0 0)
(-2.79745e-07 0 0)
(-2.79745e-07 0 0)
(-2.79745e-07 0 0)
(-2.79745e-07 0 0)
(-2.79745e-07 0 0)
(-2.79745e-07 0 0)
(-2.79745e-07 0 0)
(-2.79745e-07 0 0)
(-2.79745e-07 0 0)
(-2.79745e-07 0 0)
(-2.79745e-07 0 0)
(-2.79745e-07 0 0)
(-2.79743e-07 0 0)
(-2.79743e-07 0 0)
(-2.79743e-07 0 0)
(-2.79743e-07 0 0)
(-2.79743e-07 0 0)
(-2.79743e-07 0 0)
(-2.79743e-07 0 0)
(-2.79743e-07 0 0)
(-2.79743e-07 0 0)
(-2.79743e-07 0 0)
(-2.79743e-07 0 0)
(-2.79743e-07 0 0)
(-2.79743e-07 0 0)
(-2.79743e-07 0 0)
(-2.79743e-07 0 0)
(-2.79743e-07 0 0)
(-2.79743e-07 0 0)
(-2.79743e-07 0 0)
(-2.79743e-07 0 0)
(-2.79743e-07 0 0)
(-2.79743e-07 0 0)
(-2.79743e-07 0 0)
(-2.79743e-07 0 0)
(-2.79743e-07 0 0)
(-2.79743e-07 0 0)
(-2.79743e-07 0 0)
(-2.79743e-07 0 0)
(-2.79743e-07 0 0)
(-2.79743e-07 0 0)
(-2.79743e-07 0 0)
(-2.79743e-07 0 0)
(-2.79743e-07 0 0)
(-2.79743e-07 0 0)
(-2.79743e-07 0 0)
(-2.79743e-07 0 0)
(-2.79743e-07 0 0)
(-2.79743e-07 0 0)
(-2.79743e-07 0 0)
(-2.79743e-07 0 0)
(-2.79743e-07 0 0)
(-2.79743e-07 0 0)
(-2.79743e-07 0 0)
(-2.79743e-07 0 0)
(-2.79743e-07 0 0)
(-2.79743e-07 0 0)
(-2.79743e-07 0 0)
(-2.79743e-07 0 0)
(-2.79743e-07 0 0)
(-2.79743e-07 0 0)
(-2.79743e-07 0 0)
(-2.79743e-07 0 0)
(-2.79743e-07 0 0)
(-2.79743e-07 0 0)
(-2.79743e-07 0 0)
(-2.79743e-07 0 0)
(-2.79743e-07 0 0)
(-2.79743e-07 0 0)
(-2.79743e-07 0 0)
(-2.79743e-07 0 0)
(-2.79743e-07 0 0)
(-2.79742e-07 0 0)
(-2.79742e-07 0 0)
(-2.79742e-07 0 0)
(-2.79742e-07 0 0)
(-2.79742e-07 0 0)
(-2.79742e-07 0 0)
(-2.79742e-07 0 0)
(-2.79742e-07 0 0)
(-2.79742e-07 0 0)
(-2.79742e-07 0 0)
(-2.79742e-07 0 0)
(-2.79742e-07 0 0)
(-2.79742e-07 0 0)
(-2.79742e-07 0 0)
(-2.79742e-07 0 0)
(-2.79742e-07 0 0)
(-2.79742e-07 0 0)
(-2.79742e-07 0 0)
(-2.79742e-07 0 0)
(-2.79742e-07 0 0)
(-2.79742e-07 0 0)
(-2.79742e-07 0 0)
(-2.79742e-07 0 0)
(-2.79742e-07 0 0)
(-2.79742e-07 0 0)
(-2.79742e-07 0 0)
(-2.79742e-07 0 0)
(-2.79742e-07 0 0)
(-2.79742e-07 0 0)
(-2.79742e-07 0 0)
(-2.79742e-07 0 0)
(-2.79742e-07 0 0)
(-2.79742e-07 0 0)
(-2.79742e-07 0 0)
(-2.79742e-07 0 0)
(-2.79742e-07 0 0)
(-2.79742e-07 0 0)
(-2.79742e-07 0 0)
(-2.79742e-07 0 0)
(-2.79742e-07 0 0)
(-2.79742e-07 0 0)
(-2.79742e-07 0 0)
(-2.79742e-07 0 0)
(-2.79742e-07 0 0)
(-2.79742e-07 0 0)
(-2.79742e-07 0 0)
(-2.79742e-07 0 0)
(-2.79742e-07 0 0)
(-2.79742e-07 0 0)
(-2.79742e-07 0 0)
(-2.79742e-07 0 0)
(-2.79742e-07 0 0)
(-2.79742e-07 0 0)
(-2.79742e-07 0 0)
(-2.79742e-07 0 0)
(-2.79742e-07 0 0)
(-2.79742e-07 0 0)
(-2.79742e-07 0 0)
(-2.79742e-07 0 0)
(-2.79742e-07 0 0)
(-2.7974e-07 0 0)
(-2.7974e-07 0 0)
(-2.7974e-07 0 0)
(-2.7974e-07 0 0)
(-2.7974e-07 0 0)
(-2.7974e-07 0 0)
(-2.7974e-07 0 0)
(-2.7974e-07 0 0)
(-2.7974e-07 0 0)
(-2.7974e-07 0 0)
(-2.7974e-07 0 0)
(-2.7974e-07 0 0)
(-2.7974e-07 0 0)
(-2.7974e-07 0 0)
(-2.7974e-07 0 0)
(-2.7974e-07 0 0)
(-2.7974e-07 0 0)
(-2.7974e-07 0 0)
(-2.7974e-07 0 0)
(-2.7974e-07 0 0)
(-2.7974e-07 0 0)
(-2.7974e-07 0 0)
(-2.7974e-07 0 0)
(-2.7974e-07 0 0)
(-2.7974e-07 0 0)
(-2.7974e-07 0 0)
(-2.7974e-07 0 0)
(-2.7974e-07 0 0)
(-2.7974e-07 0 0)
(-2.7974e-07 0 0)
(-2.7974e-07 0 0)
(-2.7974e-07 0 0)
(-2.7974e-07 0 0)
(-2.7974e-07 0 0)
(-2.7974e-07 0 0)
(-2.7974e-07 0 0)
(-2.7974e-07 0 0)
(-2.7974e-07 0 0)
(-2.7974e-07 0 0)
(-2.7974e-07 0 0)
(-2.7974e-07 0 0)
(-2.7974e-07 0 0)
(-2.7974e-07 0 0)
(-2.7974e-07 0 0)
(-2.7974e-07 0 0)
(-2.7974e-07 0 0)
(-2.7974e-07 0 0)
(-2.7974e-07 0 0)
(-2.7974e-07 0 0)
(-2.7974e-07 0 0)
(-2.7974e-07 0 0)
(-2.7974e-07 0 0)
(-2.7974e-07 0 0)
(-2.7974e-07 0 0)
(-2.7974e-07 0 0)
(-2.7974e-07 0 0)
(-2.7974e-07 0 0)
(-2.7974e-07 0 0)
(-2.7974e-07 0 0)
(-2.7974e-07 0 0)
(-2.79739e-07 0 0)
(-2.79739e-07 0 0)
(-2.79739e-07 0 0)
(-2.79739e-07 0 0)
(-2.79739e-07 0 0)
(-2.79739e-07 0 0)
(-2.79739e-07 0 0)
(-2.79739e-07 0 0)
(-2.79739e-07 0 0)
(-2.79739e-07 0 0)
(-2.79739e-07 0 0)
(-2.79739e-07 0 0)
(-2.79739e-07 0 0)
(-2.79739e-07 0 0)
(-2.79739e-07 0 0)
(-2.79739e-07 0 0)
(-2.79739e-07 0 0)
(-2.79739e-07 0 0)
(-2.79739e-07 0 0)
(-2.79739e-07 0 0)
(-2.79739e-07 0 0)
(-2.79739e-07 0 0)
(-2.79739e-07 0 0)
(-2.79739e-07 0 0)
(-2.79739e-07 0 0)
(-2.79739e-07 0 0)
(-2.79739e-07 0 0)
(-2.79739e-07 0 0)
(-2.79739e-07 0 0)
(-2.79739e-07 0 0)
(-2.79739e-07 0 0)
(-2.79739e-07 0 0)
(-2.79739e-07 0 0)
(-2.79739e-07 0 0)
(-2.79739e-07 0 0)
(-2.79739e-07 0 0)
(-2.79739e-07 0 0)
(-2.79739e-07 0 0)
(-2.79739e-07 0 0)
(-2.79739e-07 0 0)
(-2.79739e-07 0 0)
(-2.79739e-07 0 0)
(-2.79739e-07 0 0)
(-2.79739e-07 0 0)
(-2.79739e-07 0 0)
(-2.79739e-07 0 0)
(-2.79739e-07 0 0)
(-2.79739e-07 0 0)
(-2.79739e-07 0 0)
(-2.79739e-07 0 0)
(-2.79739e-07 0 0)
(-2.79739e-07 0 0)
(-2.79739e-07 0 0)
(-2.79739e-07 0 0)
(-2.79739e-07 0 0)
(-2.79739e-07 0 0)
(-2.79739e-07 0 0)
(-2.79739e-07 0 0)
(-2.79739e-07 0 0)
(-2.79739e-07 0 0)
(-2.79737e-07 0 0)
(-2.79737e-07 0 0)
(-2.79737e-07 0 0)
(-2.79737e-07 0 0)
(-2.79737e-07 0 0)
(-2.79737e-07 0 0)
(-2.79737e-07 0 0)
(-2.79737e-07 0 0)
(-2.79737e-07 0 0)
(-2.79737e-07 0 0)
(-2.79737e-07 0 0)
(-2.79737e-07 0 0)
(-2.79737e-07 0 0)
(-2.79737e-07 0 0)
(-2.79737e-07 0 0)
(-2.79737e-07 0 0)
(-2.79737e-07 0 0)
(-2.79737e-07 0 0)
(-2.79737e-07 0 0)
(-2.79737e-07 0 0)
(-2.79737e-07 0 0)
(-2.79737e-07 0 0)
(-2.79737e-07 0 0)
(-2.79737e-07 0 0)
(-2.79737e-07 0 0)
(-2.79737e-07 0 0)
(-2.79737e-07 0 0)
(-2.79737e-07 0 0)
(-2.79737e-07 0 0)
(-2.79737e-07 0 0)
(-2.79737e-07 0 0)
(-2.79737e-07 0 0)
(-2.79737e-07 0 0)
(-2.79737e-07 0 0)
(-2.79737e-07 0 0)
(-2.79737e-07 0 0)
(-2.79737e-07 0 0)
(-2.79737e-07 0 0)
(-2.79737e-07 0 0)
(-2.79737e-07 0 0)
(-2.79737e-07 0 0)
(-2.79737e-07 0 0)
(-2.79737e-07 0 0)
(-2.79737e-07 0 0)
(-2.79737e-07 0 0)
(-2.79737e-07 0 0)
(-2.79737e-07 0 0)
(-2.79737e-07 0 0)
(-2.79737e-07 0 0)
(-2.79737e-07 0 0)
(-2.79737e-07 0 0)
(-2.79737e-07 0 0)
(-2.79737e-07 0 0)
(-2.79737e-07 0 0)
(-2.79737e-07 0 0)
(-2.79737e-07 0 0)
(-2.79737e-07 0 0)
(-2.79737e-07 0 0)
(-2.79737e-07 0 0)
(-2.79737e-07 0 0)
(-2.79734e-07 0 0)
(-2.79734e-07 0 0)
(-2.79734e-07 0 0)
(-2.79734e-07 0 0)
(-2.79734e-07 0 0)
(-2.79734e-07 0 0)
(-2.79734e-07 0 0)
(-2.79734e-07 0 0)
(-2.79734e-07 0 0)
(-2.79734e-07 0 0)
(-2.79734e-07 0 0)
(-2.79734e-07 0 0)
(-2.79734e-07 0 0)
(-2.79734e-07 0 0)
(-2.79734e-07 0 0)
(-2.79734e-07 0 0)
(-2.79734e-07 0 0)
(-2.79734e-07 0 0)
(-2.79734e-07 0 0)
(-2.79734e-07 0 0)
(-2.79734e-07 0 0)
(-2.79734e-07 0 0)
(-2.79734e-07 0 0)
(-2.79734e-07 0 0)
(-2.79734e-07 0 0)
(-2.79734e-07 0 0)
(-2.79734e-07 0 0)
(-2.79734e-07 0 0)
(-2.79734e-07 0 0)
(-2.79734e-07 0 0)
(-2.79734e-07 0 0)
(-2.79734e-07 0 0)
(-2.79734e-07 0 0)
(-2.79734e-07 0 0)
(-2.79734e-07 0 0)
(-2.79734e-07 0 0)
(-2.79734e-07 0 0)
(-2.79734e-07 0 0)
(-2.79734e-07 0 0)
(-2.79734e-07 0 0)
(-2.79734e-07 0 0)
(-2.79734e-07 0 0)
(-2.79734e-07 0 0)
(-2.79734e-07 0 0)
(-2.79734e-07 0 0)
(-2.79734e-07 0 0)
(-2.79734e-07 0 0)
(-2.79734e-07 0 0)
(-2.79734e-07 0 0)
(-2.79734e-07 0 0)
(-2.79734e-07 0 0)
(-2.79734e-07 0 0)
(-2.79734e-07 0 0)
(-2.79734e-07 0 0)
(-2.79734e-07 0 0)
(-2.79734e-07 0 0)
(-2.79734e-07 0 0)
(-2.79734e-07 0 0)
(-2.79734e-07 0 0)
(-2.79734e-07 0 0)
(-2.79732e-07 3.5093e-24 0)
(-2.79732e-07 0 0)
(-2.79732e-07 0 0)
(-2.79732e-07 0 0)
(-2.79732e-07 3.5093e-24 0)
(-2.79732e-07 7.01859e-24 0)
(-2.79732e-07 3.5093e-24 0)
(-2.79732e-07 7.01859e-24 0)
(-2.79732e-07 0 0)
(-2.79732e-07 7.01859e-24 0)
(-2.79732e-07 7.01859e-24 0)
(-2.79732e-07 0 0)
(-2.79732e-07 7.01859e-24 0)
(-2.79732e-07 0 0)
(-2.79732e-07 7.01859e-24 0)
(-2.79732e-07 7.01859e-24 0)
(-2.79732e-07 7.01859e-24 0)
(-2.79732e-07 3.5093e-24 0)
(-2.79732e-07 7.01859e-24 0)
(-2.79732e-07 7.01859e-24 0)
(-2.79732e-07 7.01859e-24 0)
(-2.79732e-07 7.01859e-24 0)
(-2.79732e-07 3.5093e-24 0)
(-2.79732e-07 7.01859e-24 0)
(-2.79732e-07 7.01859e-24 0)
(-2.79732e-07 7.01859e-24 0)
(-2.79732e-07 7.01859e-24 0)
(-2.79732e-07 3.5093e-24 0)
(-2.79732e-07 3.5093e-24 0)
(-2.79732e-07 3.5093e-24 0)
(-2.79732e-07 3.5093e-24 0)
(-2.79732e-07 3.5093e-24 0)
(-2.79732e-07 3.5093e-24 0)
(-2.79732e-07 3.5093e-24 0)
(-2.79732e-07 3.5093e-24 0)
(-2.79732e-07 3.5093e-24 0)
(-2.79732e-07 3.5093e-24 0)
(-2.79732e-07 3.5093e-24 0)
(-2.79732e-07 3.5093e-24 0)
(-2.79732e-07 3.5093e-24 0)
(-2.79732e-07 3.5093e-24 0)
(-2.79732e-07 3.5093e-24 0)
(-2.79732e-07 3.5093e-24 0)
(-2.79732e-07 3.5093e-24 0)
(-2.79732e-07 3.5093e-24 0)
(-2.79732e-07 3.5093e-24 0)
(-2.79732e-07 3.5093e-24 0)
(-2.79732e-07 3.5093e-24 0)
(-2.79732e-07 3.5093e-24 0)
(-2.79732e-07 3.5093e-24 0)
(-2.79732e-07 3.5093e-24 0)
(-2.79732e-07 3.5093e-24 0)
(-2.79732e-07 3.5093e-24 0)
(-2.79732e-07 3.5093e-24 0)
(-2.79732e-07 3.5093e-24 0)
(-2.79732e-07 3.5093e-24 0)
(-2.79732e-07 3.5093e-24 0)
(-2.79732e-07 0 0)
(-2.79732e-07 3.5093e-24 0)
(-2.79732e-07 3.5093e-24 0)
(-2.79916e-07 -3.51166e-24 0)
(-2.79916e-07 0 0)
(-2.79916e-07 3.51166e-24 0)
(-2.79916e-07 -3.51166e-24 0)
(-2.79916e-07 -3.51166e-24 0)
(-2.79916e-07 -3.51166e-24 0)
(-2.79916e-07 -3.51166e-24 0)
(-2.79916e-07 -3.51166e-24 0)
(-2.79916e-07 3.51166e-24 0)
(-2.79916e-07 -3.51166e-24 0)
(-2.79916e-07 -3.51166e-24 0)
(-2.79916e-07 3.51166e-24 0)
(-2.79916e-07 -3.51166e-24 0)
(-2.79916e-07 3.51166e-24 0)
(-2.79916e-07 -3.51166e-24 0)
(-2.79916e-07 -3.51166e-24 0)
(-2.79916e-07 -3.51166e-24 0)
(-2.79916e-07 0 0)
(-2.79916e-07 -3.51166e-24 0)
(-2.79916e-07 -3.51166e-24 0)
(-2.79916e-07 -3.51166e-24 0)
(-2.79916e-07 -3.51166e-24 0)
(-2.79916e-07 0 0)
(-2.79916e-07 -3.51166e-24 0)
(-2.79916e-07 -3.51166e-24 0)
(-2.79916e-07 -3.51166e-24 0)
(-2.79916e-07 -3.51166e-24 0)
(-2.79916e-07 0 0)
(-2.79916e-07 0 0)
(-2.79916e-07 0 0)
(-2.79916e-07 0 0)
(-2.79916e-07 0 0)
(-2.79916e-07 0 0)
(-2.79916e-07 0 0)
(-2.79916e-07 0 0)
(-2.79916e-07 0 0)
(-2.79916e-07 0 0)
(-2.79916e-07 0 0)
(-2.79916e-07 0 0)
(-2.79916e-07 0 0)
(-2.79916e-07 0 0)
(-2.79916e-07 0 0)
(-2.79916e-07 0 0)
(-2.79916e-07 0 0)
(-2.79916e-07 0 0)
(-2.79916e-07 0 0)
(-2.79916e-07 0 0)
(-2.79916e-07 0 0)
(-2.79916e-07 0 0)
(-2.79916e-07 0 0)
(-2.79916e-07 0 0)
(-2.79916e-07 0 0)
(-2.79916e-07 0 0)
(-2.79916e-07 0 0)
(-2.79916e-07 0 0)
(-2.79916e-07 0 0)
(-2.79916e-07 0 0)
(-2.79916e-07 3.51166e-24 0)
(-2.79916e-07 0 0)
(-2.79916e-07 0 0)
(-2.80643e-07 3.52097e-24 0)
(-2.80643e-07 3.52097e-24 0)
(-2.80643e-07 3.52097e-24 0)
(-2.80643e-07 3.52097e-24 0)
(-2.80643e-07 3.52097e-24 0)
(-2.80643e-07 3.52097e-24 0)
(-2.80643e-07 3.52097e-24 0)
(-2.80643e-07 3.52097e-24 0)
(-2.80643e-07 0 0)
(-2.80643e-07 3.52097e-24 0)
(-2.80643e-07 0 0)
(-2.80643e-07 0 0)
(-2.80643e-07 3.52097e-24 0)
(-2.80643e-07 0 0)
(-2.80643e-07 3.52097e-24 0)
(-2.80643e-07 0 0)
(-2.80643e-07 3.52097e-24 0)
(-2.80643e-07 0 0)
(-2.80643e-07 3.52097e-24 0)
(-2.80643e-07 3.52097e-24 0)
(-2.80643e-07 0 0)
(-2.80643e-07 3.52097e-24 0)
(-2.80643e-07 0 0)
(-2.80643e-07 3.52097e-24 0)
(-2.80643e-07 3.52097e-24 0)
(-2.80643e-07 0 0)
(-2.80643e-07 3.52097e-24 0)
(-2.80643e-07 0 0)
(-2.80643e-07 0 0)
(-2.80643e-07 0 0)
(-2.80643e-07 0 0)
(-2.80643e-07 0 0)
(-2.80643e-07 0 0)
(-2.80643e-07 0 0)
(-2.80643e-07 0 0)
(-2.80643e-07 0 0)
(-2.80643e-07 0 0)
(-2.80643e-07 0 0)
(-2.80643e-07 0 0)
(-2.80643e-07 0 0)
(-2.80643e-07 0 0)
(-2.80643e-07 0 0)
(-2.80643e-07 0 0)
(-2.80643e-07 0 0)
(-2.80643e-07 0 0)
(-2.80643e-07 0 0)
(-2.80643e-07 0 0)
(-2.80643e-07 0 0)
(-2.80643e-07 0 0)
(-2.80643e-07 0 0)
(-2.80643e-07 0 0)
(-2.80643e-07 0 0)
(-2.80643e-07 0 0)
(-2.80643e-07 0 0)
(-2.80643e-07 0 0)
(-2.80643e-07 0 0)
(-2.80643e-07 0 0)
(-2.80643e-07 0 0)
(-2.80643e-07 0 0)
(-2.80643e-07 0 0)
(-2.8205e-07 -3.53882e-24 0)
(-2.8205e-07 -3.53882e-24 0)
(-2.8205e-07 -3.53882e-24 0)
(-2.8205e-07 -3.53882e-24 0)
(-2.8205e-07 -7.07765e-24 0)
(-2.8205e-07 -7.07765e-24 0)
(-2.8205e-07 -7.07765e-24 0)
(-2.8205e-07 0 0)
(-2.8205e-07 -3.53882e-24 0)
(-2.8205e-07 0 0)
(-2.8205e-07 3.53882e-24 0)
(-2.8205e-07 -3.53882e-24 0)
(-2.8205e-07 0 0)
(-2.8205e-07 -3.53882e-24 0)
(-2.8205e-07 0 0)
(-2.8205e-07 3.53882e-24 0)
(-2.8205e-07 0 0)
(-2.8205e-07 3.53882e-24 0)
(-2.8205e-07 0 0)
(-2.8205e-07 0 0)
(-2.8205e-07 3.53882e-24 0)
(-2.8205e-07 0 0)
(-2.8205e-07 3.53882e-24 0)
(-2.8205e-07 0 0)
(-2.8205e-07 0 0)
(-2.8205e-07 3.53882e-24 0)
(-2.8205e-07 0 0)
(-2.8205e-07 3.53882e-24 0)
(-2.8205e-07 -3.53882e-24 0)
(-2.8205e-07 3.53882e-24 0)
(-2.8205e-07 3.53882e-24 0)
(-2.8205e-07 -3.53882e-24 0)
(-2.8205e-07 3.53882e-24 0)
(-2.8205e-07 -3.53882e-24 0)
(-2.8205e-07 3.53882e-24 0)
(-2.8205e-07 3.53882e-24 0)
(-2.8205e-07 -3.53882e-24 0)
(-2.8205e-07 3.53882e-24 0)
(-2.8205e-07 -3.53882e-24 0)
(-2.8205e-07 3.53882e-24 0)
(-2.8205e-07 3.53882e-24 0)
(-2.8205e-07 -3.53882e-24 0)
(-2.8205e-07 3.53882e-24 0)
(-2.8205e-07 -3.53882e-24 0)
(-2.8205e-07 3.53882e-24 0)
(-2.8205e-07 3.53882e-24 0)
(-2.8205e-07 -3.53882e-24 0)
(-2.8205e-07 3.53882e-24 0)
(-2.8205e-07 -3.53882e-24 0)
(-2.8205e-07 3.53882e-24 0)
(-2.8205e-07 3.53882e-24 0)
(-2.8205e-07 -3.53882e-24 0)
(-2.8205e-07 3.53882e-24 0)
(-2.8205e-07 -3.53882e-24 0)
(-2.8205e-07 3.53882e-24 0)
(-2.8205e-07 3.53882e-24 0)
(-2.8205e-07 3.53882e-24 0)
(-2.8205e-07 3.53882e-24 0)
(-2.8205e-07 3.53882e-24 0)
(-2.8205e-07 3.53882e-24 0)
(-2.84089e-07 3.56462e-24 0)
(-2.84089e-07 3.56462e-24 0)
(-2.84089e-07 -3.56462e-24 0)
(-2.84089e-07 7.12923e-24 0)
(-2.84089e-07 3.56462e-24 0)
(-2.84089e-07 3.56462e-24 0)
(-2.84089e-07 3.56462e-24 0)
(-2.84089e-07 0 0)
(-2.84089e-07 3.56462e-24 0)
(-2.84089e-07 0 0)
(-2.84089e-07 0 0)
(-2.84089e-07 3.56462e-24 0)
(-2.84089e-07 0 0)
(-2.84089e-07 3.56462e-24 0)
(-2.84089e-07 0 0)
(-2.84089e-07 0 0)
(-2.84089e-07 0 0)
(-2.84089e-07 -3.56462e-24 0)
(-2.84089e-07 0 0)
(-2.84089e-07 0 0)
(-2.84089e-07 0 0)
(-2.84089e-07 0 0)
(-2.84089e-07 -3.56462e-24 0)
(-2.84089e-07 0 0)
(-2.84089e-07 0 0)
(-2.84089e-07 0 0)
(-2.84089e-07 0 0)
(-2.84089e-07 -3.56462e-24 0)
(-2.84089e-07 3.56462e-24 0)
(-2.84089e-07 -3.56462e-24 0)
(-2.84089e-07 -3.56462e-24 0)
(-2.84089e-07 3.56462e-24 0)
(-2.84089e-07 -3.56462e-24 0)
(-2.84089e-07 3.56462e-24 0)
(-2.84089e-07 -3.56462e-24 0)
(-2.84089e-07 -3.56462e-24 0)
(-2.84089e-07 3.56462e-24 0)
(-2.84089e-07 -3.56462e-24 0)
(-2.84089e-07 3.56462e-24 0)
(-2.84089e-07 -3.56462e-24 0)
(-2.84089e-07 -3.56462e-24 0)
(-2.84089e-07 3.56462e-24 0)
(-2.84089e-07 -3.56462e-24 0)
(-2.84089e-07 3.56462e-24 0)
(-2.84089e-07 -3.56462e-24 0)
(-2.84089e-07 -3.56462e-24 0)
(-2.84089e-07 3.56462e-24 0)
(-2.84089e-07 -3.56462e-24 0)
(-2.84089e-07 3.56462e-24 0)
(-2.84089e-07 -3.56462e-24 0)
(-2.84089e-07 -3.56462e-24 0)
(-2.84089e-07 3.56462e-24 0)
(-2.84089e-07 -3.56462e-24 0)
(-2.84089e-07 3.56462e-24 0)
(-2.84089e-07 -3.56462e-24 0)
(-2.84089e-07 -3.56462e-24 0)
(-2.84089e-07 -3.56462e-24 0)
(-2.84089e-07 -3.56462e-24 0)
(-2.84089e-07 -3.56462e-24 0)
(-2.84089e-07 -3.56462e-24 0)
(-2.86719e-07 0 0)
(-2.86719e-07 0 0)
(-2.86719e-07 3.59784e-24 0)
(-2.86719e-07 -3.59784e-24 0)
(-2.86719e-07 3.59784e-24 0)
(-2.86719e-07 7.19567e-24 0)
(-2.86719e-07 3.59784e-24 0)
(-2.86719e-07 0 0)
(-2.86719e-07 0 0)
(-2.86719e-07 0 0)
(-2.86719e-07 0 0)
(-2.86719e-07 0 0)
(-2.86719e-07 0 0)
(-2.86719e-07 0 0)
(-2.86719e-07 0 0)
(-2.86719e-07 0 0)
(-2.86719e-07 0 0)
(-2.86719e-07 3.59784e-24 0)
(-2.86719e-07 0 0)
(-2.86719e-07 0 0)
(-2.86719e-07 0 0)
(-2.86719e-07 0 0)
(-2.86719e-07 3.59784e-24 0)
(-2.86719e-07 0 0)
(-2.86719e-07 0 0)
(-2.86719e-07 0 0)
(-2.86719e-07 0 0)
(-2.86719e-07 3.59784e-24 0)
(-2.86719e-07 3.59784e-24 0)
(-2.86719e-07 3.59784e-24 0)
(-2.86719e-07 3.59784e-24 0)
(-2.86719e-07 3.59784e-24 0)
(-2.86719e-07 3.59784e-24 0)
(-2.86719e-07 3.59784e-24 0)
(-2.86719e-07 3.59784e-24 0)
(-2.86719e-07 3.59784e-24 0)
(-2.86719e-07 3.59784e-24 0)
(-2.86719e-07 3.59784e-24 0)
(-2.86719e-07 3.59784e-24 0)
(-2.86719e-07 3.59784e-24 0)
(-2.86719e-07 0 0)
(-2.86719e-07 3.59784e-24 0)
(-2.86719e-07 3.59784e-24 0)
(-2.86719e-07 3.59784e-24 0)
(-2.86719e-07 3.59784e-24 0)
(-2.86719e-07 0 0)
(-2.86719e-07 3.59784e-24 0)
(-2.86719e-07 3.59784e-24 0)
(-2.86719e-07 3.59784e-24 0)
(-2.86719e-07 3.59784e-24 0)
(-2.86719e-07 0 0)
(-2.86719e-07 3.59784e-24 0)
(-2.86719e-07 3.59784e-24 0)
(-2.86719e-07 3.59784e-24 0)
(-2.86719e-07 0 0)
(-2.86719e-07 0 0)
(-2.86719e-07 0 0)
(-2.86719e-07 0 0)
(-2.86719e-07 0 0)
(-2.86719e-07 0 0)
(-2.89909e-07 3.63808e-24 0)
(-2.89909e-07 3.63808e-24 0)
(-2.89909e-07 3.63808e-24 0)
(-2.89909e-07 3.63808e-24 0)
(-2.89909e-07 3.63808e-24 0)
(-2.89909e-07 0 0)
(-2.89909e-07 3.63808e-24 0)
(-2.89909e-07 3.63808e-24 0)
(-2.89909e-07 7.27617e-24 0)
(-2.89909e-07 3.63808e-24 0)
(-2.89909e-07 3.63808e-24 0)
(-2.89909e-07 7.27617e-24 0)
(-2.89909e-07 3.63808e-24 0)
(-2.89909e-07 7.27617e-24 0)
(-2.89909e-07 0 0)
(-2.89909e-07 3.63808e-24 0)
(-2.89909e-07 0 0)
(-2.89909e-07 -7.27617e-24 0)
(-2.89909e-07 0 0)
(-2.89909e-07 0 0)
(-2.89909e-07 3.63808e-24 0)
(-2.89909e-07 0 0)
(-2.89909e-07 -7.27617e-24 0)
(-2.89909e-07 0 0)
(-2.89909e-07 0 0)
(-2.89909e-07 3.63808e-24 0)
(-2.89909e-07 0 0)
(-2.89909e-07 -7.27617e-24 0)
(-2.89909e-07 0 0)
(-2.89909e-07 -7.27617e-24 0)
(-2.89909e-07 -7.27617e-24 0)
(-2.89909e-07 0 0)
(-2.89909e-07 -7.27617e-24 0)
(-2.89909e-07 0 0)
(-2.89909e-07 -7.27617e-24 0)
(-2.89909e-07 -7.27617e-24 0)
(-2.89909e-07 0 0)
(-2.89909e-07 -7.27617e-24 0)
(-2.89909e-07 0 0)
(-2.89909e-07 -7.27617e-24 0)
(-2.89909e-07 0 0)
(-2.89909e-07 0 0)
(-2.89909e-07 -7.27617e-24 0)
(-2.89909e-07 0 0)
(-2.89909e-07 -7.27617e-24 0)
(-2.89909e-07 0 0)
(-2.89909e-07 0 0)
(-2.89909e-07 -7.27617e-24 0)
(-2.89909e-07 0 0)
(-2.89909e-07 -7.27617e-24 0)
(-2.89909e-07 0 0)
(-2.89909e-07 0 0)
(-2.89909e-07 -7.27617e-24 0)
(-2.89909e-07 0 0)
(-2.89909e-07 0 0)
(-2.89909e-07 0 0)
(-2.89909e-07 0 0)
(-2.89909e-07 0 0)
(-2.89909e-07 0 0)
(-2.89909e-07 0 0)
(-2.93635e-07 0 0)
(-2.93635e-07 0 0)
(-2.93635e-07 -3.68505e-24 0)
(-2.93635e-07 0 0)
(-2.93635e-07 -3.68505e-24 0)
(-2.93635e-07 -3.68505e-24 0)
(-2.93635e-07 -3.68505e-24 0)
(-2.93635e-07 -3.68505e-24 0)
(-2.93635e-07 -3.68505e-24 0)
(-2.93635e-07 -3.68505e-24 0)
(-2.93635e-07 0 0)
(-2.93635e-07 -3.68505e-24 0)
(-2.93635e-07 -3.68505e-24 0)
(-2.93635e-07 -3.68505e-24 0)
(-2.93635e-07 3.68505e-24 0)
(-2.93635e-07 0 0)
(-2.93635e-07 3.68505e-24 0)
(-2.93635e-07 7.37011e-24 0)
(-2.93635e-07 3.68505e-24 0)
(-2.93635e-07 3.68505e-24 0)
(-2.93635e-07 0 0)
(-2.93635e-07 3.68505e-24 0)
(-2.93635e-07 7.37011e-24 0)
(-2.93635e-07 3.68505e-24 0)
(-2.93635e-07 3.68505e-24 0)
(-2.93635e-07 0 0)
(-2.93635e-07 3.68505e-24 0)
(-2.93635e-07 7.37011e-24 0)
(-2.93635e-07 -7.37011e-24 0)
(-2.93635e-07 7.37011e-24 0)
(-2.93635e-07 7.37011e-24 0)
(-2.93635e-07 -7.37011e-24 0)
(-2.93635e-07 7.37011e-24 0)
(-2.93635e-07 -7.37011e-24 0)
(-2.93635e-07 7.37011e-24 0)
(-2.93635e-07 7.37011e-24 0)
(-2.93635e-07 -7.37011e-24 0)
(-2.93635e-07 7.37011e-24 0)
(-2.93635e-07 -7.37011e-24 0)
(-2.93635e-07 7.37011e-24 0)
(-2.93635e-07 -3.68505e-24 0)
(-2.93635e-07 -7.37011e-24 0)
(-2.93635e-07 7.37011e-24 0)
(-2.93635e-07 -7.37011e-24 0)
(-2.93635e-07 7.37011e-24 0)
(-2.93635e-07 -3.68505e-24 0)
(-2.93635e-07 -7.37011e-24 0)
(-2.93635e-07 7.37011e-24 0)
(-2.93635e-07 -7.37011e-24 0)
(-2.93635e-07 7.37011e-24 0)
(-2.93635e-07 -3.68505e-24 0)
(-2.93635e-07 -7.37011e-24 0)
(-2.93635e-07 7.37011e-24 0)
(-2.93635e-07 -7.37011e-24 0)
(-2.93635e-07 3.68505e-24 0)
(-2.93635e-07 -3.68505e-24 0)
(-2.93635e-07 3.68505e-24 0)
(-2.93635e-07 -3.68505e-24 0)
(-2.93635e-07 3.68505e-24 0)
(-2.93635e-07 3.68505e-24 0)
(-2.97862e-07 0 0)
(-2.97862e-07 0 0)
(-2.97862e-07 0 0)
(-2.97862e-07 0 0)
(-2.97862e-07 0 0)
(-2.97862e-07 0 0)
(-2.97862e-07 0 0)
(-2.97862e-07 0 0)
(-2.97862e-07 -3.7383e-24 0)
(-2.97862e-07 0 0)
(-2.97862e-07 -3.7383e-24 0)
(-2.97862e-07 -3.7383e-24 0)
(-2.97862e-07 0 0)
(-2.97862e-07 -3.7383e-24 0)
(-2.97862e-07 -3.7383e-24 0)
(-2.97862e-07 -3.7383e-24 0)
(-2.97862e-07 -3.7383e-24 0)
(-2.97862e-07 -3.7383e-24 0)
(-2.97862e-07 -3.7383e-24 0)
(-2.97862e-07 -3.7383e-24 0)
(-2.97862e-07 -3.7383e-24 0)
(-2.97862e-07 -3.7383e-24 0)
(-2.97862e-07 -3.7383e-24 0)
(-2.97862e-07 -3.7383e-24 0)
(-2.97862e-07 -3.7383e-24 0)
(-2.97862e-07 -3.7383e-24 0)
(-2.97862e-07 -3.7383e-24 0)
(-2.97862e-07 -3.7383e-24 0)
(-2.97862e-07 7.47661e-24 0)
(-2.97862e-07 -3.7383e-24 0)
(-2.97862e-07 -3.7383e-24 0)
(-2.97862e-07 7.47661e-24 0)
(-2.97862e-07 -3.7383e-24 0)
(-2.97862e-07 7.47661e-24 0)
(-2.97862e-07 -3.7383e-24 0)
(-2.97862e-07 -3.7383e-24 0)
(-2.97862e-07 7.47661e-24 0)
(-2.97862e-07 -3.7383e-24 0)
(-2.97862e-07 7.47661e-24 0)
(-2.97862e-07 -3.7383e-24 0)
(-2.97862e-07 3.7383e-24 0)
(-2.97862e-07 7.47661e-24 0)
(-2.97862e-07 -3.7383e-24 0)
(-2.97862e-07 7.47661e-24 0)
(-2.97862e-07 -3.7383e-24 0)
(-2.97862e-07 3.7383e-24 0)
(-2.97862e-07 7.47661e-24 0)
(-2.97862e-07 -3.7383e-24 0)
(-2.97862e-07 7.47661e-24 0)
(-2.97862e-07 -3.7383e-24 0)
(-2.97862e-07 3.7383e-24 0)
(-2.97862e-07 7.47661e-24 0)
(-2.97862e-07 -3.7383e-24 0)
(-2.97862e-07 7.47661e-24 0)
(-2.97862e-07 0 0)
(-2.97862e-07 3.7383e-24 0)
(-2.97862e-07 0 0)
(-2.97862e-07 3.7383e-24 0)
(-2.97862e-07 0 0)
(-2.97862e-07 0 0)
(-3.02533e-07 0 0)
(-3.02533e-07 0 0)
(-3.02533e-07 3.7971e-24 0)
(-3.02533e-07 0 0)
(-3.02533e-07 3.7971e-24 0)
(-3.02533e-07 3.7971e-24 0)
(-3.02533e-07 3.7971e-24 0)
(-3.02533e-07 0 0)
(-3.02533e-07 3.7971e-24 0)
(-3.02533e-07 0 0)
(-3.02533e-07 0 0)
(-3.02533e-07 3.7971e-24 0)
(-3.02533e-07 0 0)
(-3.02533e-07 3.7971e-24 0)
(-3.02533e-07 3.7971e-24 0)
(-3.02533e-07 0 0)
(-3.02533e-07 3.7971e-24 0)
(-3.02533e-07 3.7971e-24 0)
(-3.02533e-07 3.7971e-24 0)
(-3.02533e-07 3.7971e-24 0)
(-3.02533e-07 0 0)
(-3.02533e-07 3.7971e-24 0)
(-3.02533e-07 3.7971e-24 0)
(-3.02533e-07 3.7971e-24 0)
(-3.02533e-07 3.7971e-24 0)
(-3.02533e-07 0 0)
(-3.02533e-07 3.7971e-24 0)
(-3.02533e-07 3.7971e-24 0)
(-3.02533e-07 -3.7971e-24 0)
(-3.02533e-07 3.7971e-24 0)
(-3.02533e-07 3.7971e-24 0)
(-3.02533e-07 -3.7971e-24 0)
(-3.02533e-07 3.7971e-24 0)
(-3.02533e-07 -3.7971e-24 0)
(-3.02533e-07 3.7971e-24 0)
(-3.02533e-07 3.7971e-24 0)
(-3.02533e-07 -3.7971e-24 0)
(-3.02533e-07 3.7971e-24 0)
(-3.02533e-07 -3.7971e-24 0)
(-3.02533e-07 3.7971e-24 0)
(-3.02533e-07 0 0)
(-3.02533e-07 -3.7971e-24 0)
(-3.02533e-07 3.7971e-24 0)
(-3.02533e-07 -3.7971e-24 0)
(-3.02533e-07 3.7971e-24 0)
(-3.02533e-07 0 0)
(-3.02533e-07 -3.7971e-24 0)
(-3.02533e-07 3.7971e-24 0)
(-3.02533e-07 -3.7971e-24 0)
(-3.02533e-07 3.7971e-24 0)
(-3.02533e-07 0 0)
(-3.02533e-07 -3.7971e-24 0)
(-3.02533e-07 3.7971e-24 0)
(-3.02533e-07 -3.7971e-24 0)
(-3.02533e-07 0 0)
(-3.02533e-07 0 0)
(-3.02533e-07 0 0)
(-3.02533e-07 -3.7971e-24 0)
(-3.02533e-07 0 0)
(-3.02533e-07 0 0)
(-3.07588e-07 0 0)
(-3.07588e-07 0 0)
(-3.07588e-07 0 0)
(-3.07588e-07 3.86069e-24 0)
(-3.07588e-07 0 0)
(-3.07588e-07 0 0)
(-3.07588e-07 0 0)
(-3.07588e-07 3.86069e-24 0)
(-3.07588e-07 0 0)
(-3.07588e-07 3.86069e-24 0)
(-3.07588e-07 0 0)
(-3.07588e-07 0 0)
(-3.07588e-07 3.86069e-24 0)
(-3.07588e-07 0 0)
(-3.07588e-07 0 0)
(-3.07588e-07 0 0)
(-3.07588e-07 0 0)
(-3.07588e-07 0 0)
(-3.07588e-07 0 0)
(-3.07588e-07 0 0)
(-3.07588e-07 0 0)
(-3.07588e-07 0 0)
(-3.07588e-07 0 0)
(-3.07588e-07 0 0)
(-3.07588e-07 0 0)
(-3.07588e-07 0 0)
(-3.07588e-07 0 0)
(-3.07588e-07 0 0)
(-3.07588e-07 0 0)
(-3.07588e-07 0 0)
(-3.07588e-07 0 0)
(-3.07588e-07 0 0)
(-3.07588e-07 0 0)
(-3.07588e-07 0 0)
(-3.07588e-07 0 0)
(-3.07588e-07 0 0)
(-3.07588e-07 0 0)
(-3.07588e-07 0 0)
(-3.07588e-07 0 0)
(-3.07588e-07 0 0)
(-3.07588e-07 3.86069e-24 0)
(-3.07588e-07 0 0)
(-3.07588e-07 0 0)
(-3.07588e-07 0 0)
(-3.07588e-07 0 0)
(-3.07588e-07 3.86069e-24 0)
(-3.07588e-07 0 0)
(-3.07588e-07 0 0)
(-3.07588e-07 0 0)
(-3.07588e-07 0 0)
(-3.07588e-07 3.86069e-24 0)
(-3.07588e-07 0 0)
(-3.07588e-07 0 0)
(-3.07588e-07 0 0)
(-3.07588e-07 0 0)
(-3.07588e-07 3.86069e-24 0)
(-3.07588e-07 0 0)
(-3.07588e-07 0 0)
(-3.07588e-07 0 0)
(-3.07588e-07 0 0)
(-3.12974e-07 0 0)
(-3.12974e-07 0 0)
(-3.12974e-07 -3.9284e-24 0)
(-3.12974e-07 -3.9284e-24 0)
(-3.12974e-07 -3.9284e-24 0)
(-3.12974e-07 -3.9284e-24 0)
(-3.12974e-07 -3.9284e-24 0)
(-3.12974e-07 -3.9284e-24 0)
(-3.12974e-07 -3.9284e-24 0)
(-3.12974e-07 -3.9284e-24 0)
(-3.12974e-07 0 0)
(-3.12974e-07 -3.9284e-24 0)
(-3.12974e-07 -3.9284e-24 0)
(-3.12974e-07 -3.9284e-24 0)
(-3.12974e-07 -3.9284e-24 0)
(-3.12974e-07 0 0)
(-3.12974e-07 -3.9284e-24 0)
(-3.12974e-07 0 0)
(-3.12974e-07 -3.9284e-24 0)
(-3.12974e-07 -3.9284e-24 0)
(-3.12974e-07 0 0)
(-3.12974e-07 -3.9284e-24 0)
(-3.12974e-07 0 0)
(-3.12974e-07 -3.9284e-24 0)
(-3.12974e-07 -3.9284e-24 0)
(-3.12974e-07 0 0)
(-3.12974e-07 -3.9284e-24 0)
(-3.12974e-07 0 0)
(-3.12974e-07 0 0)
(-3.12974e-07 0 0)
(-3.12974e-07 0 0)
(-3.12974e-07 0 0)
(-3.12974e-07 0 0)
(-3.12974e-07 0 0)
(-3.12974e-07 0 0)
(-3.12974e-07 0 0)
(-3.12974e-07 0 0)
(-3.12974e-07 0 0)
(-3.12974e-07 0 0)
(-3.12974e-07 0 0)
(-3.12974e-07 0 0)
(-3.12974e-07 0 0)
(-3.12974e-07 0 0)
(-3.12974e-07 0 0)
(-3.12974e-07 0 0)
(-3.12974e-07 0 0)
(-3.12974e-07 0 0)
(-3.12974e-07 0 0)
(-3.12974e-07 0 0)
(-3.12974e-07 0 0)
(-3.12974e-07 0 0)
(-3.12974e-07 0 0)
(-3.12974e-07 0 0)
(-3.12974e-07 0 0)
(-3.12974e-07 -3.9284e-24 0)
(-3.12974e-07 0 0)
(-3.12974e-07 -3.9284e-24 0)
(-3.12974e-07 0 0)
(-3.12974e-07 -3.9284e-24 0)
(-3.12974e-07 -3.9284e-24 0)
(-3.18641e-07 0 0)
(-3.18641e-07 0 0)
(-3.18641e-07 3.99961e-24 0)
(-3.18641e-07 0 0)
(-3.18641e-07 3.99961e-24 0)
(-3.18641e-07 3.99961e-24 0)
(-3.18641e-07 3.99961e-24 0)
(-3.18641e-07 3.99961e-24 0)
(-3.18641e-07 3.99961e-24 0)
(-3.18641e-07 3.99961e-24 0)
(-3.18641e-07 3.99961e-24 0)
(-3.18641e-07 3.99961e-24 0)
(-3.18641e-07 3.99961e-24 0)
(-3.18641e-07 3.99961e-24 0)
(-3.18641e-07 3.99961e-24 0)
(-3.18641e-07 3.99961e-24 0)
(-3.18641e-07 3.99961e-24 0)
(-3.18641e-07 -3.99961e-24 0)
(-3.18641e-07 3.99961e-24 0)
(-3.18641e-07 3.99961e-24 0)
(-3.18641e-07 3.99961e-24 0)
(-3.18641e-07 3.99961e-24 0)
(-3.18641e-07 -3.99961e-24 0)
(-3.18641e-07 3.99961e-24 0)
(-3.18641e-07 3.99961e-24 0)
(-3.18641e-07 3.99961e-24 0)
(-3.18641e-07 3.99961e-24 0)
(-3.18641e-07 -3.99961e-24 0)
(-3.18641e-07 0 0)
(-3.18641e-07 -3.99961e-24 0)
(-3.18641e-07 -3.99961e-24 0)
(-3.18641e-07 0 0)
(-3.18641e-07 -3.99961e-24 0)
(-3.18641e-07 0 0)
(-3.18641e-07 -3.99961e-24 0)
(-3.18641e-07 -3.99961e-24 0)
(-3.18641e-07 0 0)
(-3.18641e-07 -3.99961e-24 0)
(-3.18641e-07 0 0)
(-3.18641e-07 -3.99961e-24 0)
(-3.18641e-07 -3.99961e-24 0)
(-3.18641e-07 0 0)
(-3.18641e-07 -3.99961e-24 0)
(-3.18641e-07 0 0)
(-3.18641e-07 -3.99961e-24 0)
(-3.18641e-07 -3.99961e-24 0)
(-3.18641e-07 0 0)
(-3.18641e-07 -3.99961e-24 0)
(-3.18641e-07 0 0)
(-3.18641e-07 -3.99961e-24 0)
(-3.18641e-07 -3.99961e-24 0)
(-3.18641e-07 0 0)
(-3.18641e-07 -3.99961e-24 0)
(-3.18641e-07 0 0)
(-3.18641e-07 0 0)
(-3.18641e-07 -3.99961e-24 0)
(-3.18641e-07 0 0)
(-3.18641e-07 0 0)
(-3.18641e-07 0 0)
(-3.18641e-07 0 0)
(-3.2455e-07 0 0)
(-3.2455e-07 0 0)
(-3.2455e-07 -4.07384e-24 0)
(-3.2455e-07 0 0)
(-3.2455e-07 -4.07384e-24 0)
(-3.2455e-07 -4.07384e-24 0)
(-3.2455e-07 -4.07384e-24 0)
(-3.2455e-07 0 0)
(-3.2455e-07 -4.07384e-24 0)
(-3.2455e-07 0 0)
(-3.2455e-07 0 0)
(-3.2455e-07 -4.07384e-24 0)
(-3.2455e-07 0 0)
(-3.2455e-07 -4.07384e-24 0)
(-3.2455e-07 0 0)
(-3.2455e-07 0 0)
(-3.2455e-07 0 0)
(-3.2455e-07 4.07384e-24 0)
(-3.2455e-07 0 0)
(-3.2455e-07 0 0)
(-3.2455e-07 0 0)
(-3.2455e-07 0 0)
(-3.2455e-07 4.07384e-24 0)
(-3.2455e-07 0 0)
(-3.2455e-07 0 0)
(-3.2455e-07 0 0)
(-3.2455e-07 0 0)
(-3.2455e-07 4.07384e-24 0)
(-3.2455e-07 0 0)
(-3.2455e-07 4.07384e-24 0)
(-3.2455e-07 4.07384e-24 0)
(-3.2455e-07 0 0)
(-3.2455e-07 4.07384e-24 0)
(-3.2455e-07 0 0)
(-3.2455e-07 4.07384e-24 0)
(-3.2455e-07 4.07384e-24 0)
(-3.2455e-07 0 0)
(-3.2455e-07 4.07384e-24 0)
(-3.2455e-07 0 0)
(-3.2455e-07 4.07384e-24 0)
(-3.2455e-07 4.07384e-24 0)
(-3.2455e-07 0 0)
(-3.2455e-07 4.07384e-24 0)
(-3.2455e-07 0 0)
(-3.2455e-07 4.07384e-24 0)
(-3.2455e-07 4.07384e-24 0)
(-3.2455e-07 0 0)
(-3.2455e-07 4.07384e-24 0)
(-3.2455e-07 0 0)
(-3.2455e-07 4.07384e-24 0)
(-3.2455e-07 4.07384e-24 0)
(-3.2455e-07 0 0)
(-3.2455e-07 4.07384e-24 0)
(-3.2455e-07 0 0)
(-3.2455e-07 4.07384e-24 0)
(-3.2455e-07 4.07384e-24 0)
(-3.2455e-07 4.07384e-24 0)
(-3.2455e-07 4.07384e-24 0)
(-3.2455e-07 4.07384e-24 0)
(-3.2455e-07 4.07384e-24 0)
(-3.30699e-07 0 0)
(-3.30699e-07 -4.1511e-24 0)
(-3.30699e-07 0 0)
(-3.30699e-07 -4.1511e-24 0)
(-3.30699e-07 0 0)
(-3.30699e-07 0 0)
(-3.30699e-07 0 0)
(-3.30699e-07 -4.1511e-24 0)
(-3.30699e-07 0 0)
(-3.30699e-07 -4.1511e-24 0)
(-3.30699e-07 -4.1511e-24 0)
(-3.30699e-07 0 0)
(-3.30699e-07 -4.1511e-24 0)
(-3.30699e-07 0 0)
(-3.30699e-07 -4.1511e-24 0)
(-3.30699e-07 -4.1511e-24 0)
(-3.30699e-07 -4.1511e-24 0)
(-3.30699e-07 0 0)
(-3.30699e-07 -4.1511e-24 0)
(-3.30699e-07 -4.1511e-24 0)
(-3.30699e-07 -4.1511e-24 0)
(-3.30699e-07 -4.1511e-24 0)
(-3.30699e-07 0 0)
(-3.30699e-07 -4.1511e-24 0)
(-3.30699e-07 -4.1511e-24 0)
(-3.30699e-07 -4.1511e-24 0)
(-3.30699e-07 -4.1511e-24 0)
(-3.30699e-07 0 0)
(-3.30699e-07 -4.1511e-24 0)
(-3.30699e-07 0 0)
(-3.30699e-07 0 0)
(-3.30699e-07 -4.1511e-24 0)
(-3.30699e-07 0 0)
(-3.30699e-07 -4.1511e-24 0)
(-3.30699e-07 0 0)
(-3.30699e-07 0 0)
(-3.30699e-07 -4.1511e-24 0)
(-3.30699e-07 0 0)
(-3.30699e-07 -4.1511e-24 0)
(-3.30699e-07 0 0)
(-3.30699e-07 0 0)
(-3.30699e-07 -4.1511e-24 0)
(-3.30699e-07 0 0)
(-3.30699e-07 -4.1511e-24 0)
(-3.30699e-07 0 0)
(-3.30699e-07 0 0)
(-3.30699e-07 -4.1511e-24 0)
(-3.30699e-07 0 0)
(-3.30699e-07 -4.1511e-24 0)
(-3.30699e-07 0 0)
(-3.30699e-07 0 0)
(-3.30699e-07 -4.1511e-24 0)
(-3.30699e-07 0 0)
(-3.30699e-07 -4.1511e-24 0)
(-3.30699e-07 0 0)
(-3.30699e-07 0 0)
(-3.30699e-07 0 0)
(-3.30699e-07 0 0)
(-3.30699e-07 0 0)
(-3.30699e-07 0 0)
(-3.37124e-07 0 0)
(-3.37124e-07 4.23183e-24 0)
(-3.37124e-07 4.23183e-24 0)
(-3.37124e-07 4.23183e-24 0)
(-3.37124e-07 4.23183e-24 0)
(-3.37124e-07 4.23183e-24 0)
(-3.37124e-07 4.23183e-24 0)
(-3.37124e-07 4.23183e-24 0)
(-3.37124e-07 0 0)
(-3.37124e-07 4.23183e-24 0)
(-3.37124e-07 4.23183e-24 0)
(-3.37124e-07 0 0)
(-3.37124e-07 4.23183e-24 0)
(-3.37124e-07 0 0)
(-3.37124e-07 4.23183e-24 0)
(-3.37124e-07 4.23183e-24 0)
(-3.37124e-07 4.23183e-24 0)
(-3.37124e-07 0 0)
(-3.37124e-07 4.23183e-24 0)
(-3.37124e-07 4.23183e-24 0)
(-3.37124e-07 4.23183e-24 0)
(-3.37124e-07 4.23183e-24 0)
(-3.37124e-07 0 0)
(-3.37124e-07 4.23183e-24 0)
(-3.37124e-07 4.23183e-24 0)
(-3.37124e-07 4.23183e-24 0)
(-3.37124e-07 4.23183e-24 0)
(-3.37124e-07 0 0)
(-3.37124e-07 0 0)
(-3.37124e-07 0 0)
(-3.37124e-07 0 0)
(-3.37124e-07 0 0)
(-3.37124e-07 0 0)
(-3.37124e-07 0 0)
(-3.37124e-07 0 0)
(-3.37124e-07 0 0)
(-3.37124e-07 0 0)
(-3.37124e-07 0 0)
(-3.37124e-07 0 0)
(-3.37124e-07 0 0)
(-3.37124e-07 0 0)
(-3.37124e-07 0 0)
(-3.37124e-07 0 0)
(-3.37124e-07 0 0)
(-3.37124e-07 0 0)
(-3.37124e-07 0 0)
(-3.37124e-07 0 0)
(-3.37124e-07 0 0)
(-3.37124e-07 0 0)
(-3.37124e-07 0 0)
(-3.37124e-07 0 0)
(-3.37124e-07 0 0)
(-3.37124e-07 0 0)
(-3.37124e-07 0 0)
(-3.37124e-07 0 0)
(-3.37124e-07 0 0)
(-3.37124e-07 0 0)
(-3.37124e-07 0 0)
(-3.37124e-07 0 0)
(-3.37124e-07 0 0)
(-3.43873e-07 0 0)
(-3.43873e-07 -4.31663e-24 0)
(-3.43873e-07 -4.31663e-24 0)
(-3.43873e-07 -4.31663e-24 0)
(-3.43873e-07 0 0)
(-3.43873e-07 -4.31663e-24 0)
(-3.43873e-07 0 0)
(-3.43873e-07 0 0)
(-3.43873e-07 -4.31663e-24 0)
(-3.43873e-07 0 0)
(-3.43873e-07 4.31663e-24 0)
(-3.43873e-07 -4.31663e-24 0)
(-3.43873e-07 0 0)
(-3.43873e-07 -4.31663e-24 0)
(-3.43873e-07 0 0)
(-3.43873e-07 4.31663e-24 0)
(-3.43873e-07 0 0)
(-3.43873e-07 0 0)
(-3.43873e-07 0 0)
(-3.43873e-07 0 0)
(-3.43873e-07 4.31663e-24 0)
(-3.43873e-07 0 0)
(-3.43873e-07 0 0)
(-3.43873e-07 0 0)
(-3.43873e-07 0 0)
(-3.43873e-07 4.31663e-24 0)
(-3.43873e-07 0 0)
(-3.43873e-07 0 0)
(-3.43873e-07 4.31663e-24 0)
(-3.43873e-07 0 0)
(-3.43873e-07 0 0)
(-3.43873e-07 4.31663e-24 0)
(-3.43873e-07 0 0)
(-3.43873e-07 4.31663e-24 0)
(-3.43873e-07 0 0)
(-3.43873e-07 0 0)
(-3.43873e-07 4.31663e-24 0)
(-3.43873e-07 0 0)
(-3.43873e-07 4.31663e-24 0)
(-3.43873e-07 0 0)
(-3.43873e-07 -4.31663e-24 0)
(-3.43873e-07 4.31663e-24 0)
(-3.43873e-07 0 0)
(-3.43873e-07 4.31663e-24 0)
(-3.43873e-07 0 0)
(-3.43873e-07 -4.31663e-24 0)
(-3.43873e-07 4.31663e-24 0)
(-3.43873e-07 0 0)
(-3.43873e-07 4.31663e-24 0)
(-3.43873e-07 0 0)
(-3.43873e-07 -4.31663e-24 0)
(-3.43873e-07 4.31663e-24 0)
(-3.43873e-07 0 0)
(-3.43873e-07 4.31663e-24 0)
(-3.43873e-07 -4.31663e-24 0)
(-3.43873e-07 -4.31663e-24 0)
(-3.43873e-07 -4.31663e-24 0)
(-3.43873e-07 0 0)
(-3.43873e-07 -4.31663e-24 0)
(-3.43873e-07 -4.31663e-24 0)
(-3.51e-07 0 0)
(-3.51e-07 4.40618e-24 0)
(-3.51e-07 4.40618e-24 0)
(-3.51e-07 4.40618e-24 0)
(-3.51e-07 0 0)
(-3.51e-07 4.40618e-24 0)
(-3.51e-07 0 0)
(-3.51e-07 0 0)
(-3.51e-07 8.81236e-24 0)
(-3.51e-07 0 0)
(-3.51e-07 -4.40618e-24 0)
(-3.51e-07 8.81236e-24 0)
(-3.51e-07 0 0)
(-3.51e-07 8.81236e-24 0)
(-3.51e-07 0 0)
(-3.51e-07 -4.40618e-24 0)
(-3.51e-07 0 0)
(-3.51e-07 4.40618e-24 0)
(-3.51e-07 0 0)
(-3.51e-07 0 0)
(-3.51e-07 -4.40618e-24 0)
(-3.51e-07 0 0)
(-3.51e-07 4.40618e-24 0)
(-3.51e-07 0 0)
(-3.51e-07 0 0)
(-3.51e-07 -4.40618e-24 0)
(-3.51e-07 0 0)
(-3.51e-07 4.40618e-24 0)
(-3.51e-07 0 0)
(-3.51e-07 4.40618e-24 0)
(-3.51e-07 4.40618e-24 0)
(-3.51e-07 0 0)
(-3.51e-07 4.40618e-24 0)
(-3.51e-07 0 0)
(-3.51e-07 4.40618e-24 0)
(-3.51e-07 4.40618e-24 0)
(-3.51e-07 0 0)
(-3.51e-07 4.40618e-24 0)
(-3.51e-07 0 0)
(-3.51e-07 4.40618e-24 0)
(-3.51e-07 8.81236e-24 0)
(-3.51e-07 0 0)
(-3.51e-07 4.40618e-24 0)
(-3.51e-07 0 0)
(-3.51e-07 4.40618e-24 0)
(-3.51e-07 8.81236e-24 0)
(-3.51e-07 0 0)
(-3.51e-07 4.40618e-24 0)
(-3.51e-07 0 0)
(-3.51e-07 4.40618e-24 0)
(-3.51e-07 8.81236e-24 0)
(-3.51e-07 0 0)
(-3.51e-07 4.40618e-24 0)
(-3.51e-07 0 0)
(-3.51e-07 4.40618e-24 0)
(-3.51e-07 8.81236e-24 0)
(-3.51e-07 4.40618e-24 0)
(-3.51e-07 0 0)
(-3.51e-07 4.40618e-24 0)
(-3.51e-07 4.40618e-24 0)
(-3.58572e-07 0 0)
(-3.58572e-07 0 0)
(-3.58572e-07 0 0)
(-3.58572e-07 4.50132e-24 0)
(-3.58572e-07 0 0)
(-3.58572e-07 0 0)
(-3.58572e-07 0 0)
(-3.58572e-07 0 0)
(-3.58572e-07 -4.50132e-24 0)
(-3.58572e-07 0 0)
(-3.58572e-07 0 0)
(-3.58572e-07 -4.50132e-24 0)
(-3.58572e-07 0 0)
(-3.58572e-07 -4.50132e-24 0)
(-3.58572e-07 0 0)
(-3.58572e-07 0 0)
(-3.58572e-07 0 0)
(-3.58572e-07 0 0)
(-3.58572e-07 0 0)
(-3.58572e-07 0 0)
(-3.58572e-07 0 0)
(-3.58572e-07 0 0)
(-3.58572e-07 0 0)
(-3.58572e-07 0 0)
(-3.58572e-07 0 0)
(-3.58572e-07 0 0)
(-3.58572e-07 0 0)
(-3.58572e-07 0 0)
(-3.58572e-07 -4.50132e-24 0)
(-3.58572e-07 0 0)
(-3.58572e-07 0 0)
(-3.58572e-07 -4.50132e-24 0)
(-3.58572e-07 0 0)
(-3.58572e-07 -4.50132e-24 0)
(-3.58572e-07 0 0)
(-3.58572e-07 0 0)
(-3.58572e-07 -4.50132e-24 0)
(-3.58572e-07 0 0)
(-3.58572e-07 -4.50132e-24 0)
(-3.58572e-07 0 0)
(-3.58572e-07 0 0)
(-3.58572e-07 -4.50132e-24 0)
(-3.58572e-07 0 0)
(-3.58572e-07 -4.50132e-24 0)
(-3.58572e-07 0 0)
(-3.58572e-07 0 0)
(-3.58572e-07 -4.50132e-24 0)
(-3.58572e-07 0 0)
(-3.58572e-07 -4.50132e-24 0)
(-3.58572e-07 0 0)
(-3.58572e-07 0 0)
(-3.58572e-07 -4.50132e-24 0)
(-3.58572e-07 0 0)
(-3.58572e-07 -4.50132e-24 0)
(-3.58572e-07 4.50132e-24 0)
(-3.58572e-07 0 0)
(-3.58572e-07 4.50132e-24 0)
(-3.58572e-07 0 0)
(-3.58572e-07 4.50132e-24 0)
(-3.58572e-07 4.50132e-24 0)
(-3.66627e-07 4.60247e-24 0)
(-3.66627e-07 0 0)
(-3.66627e-07 4.60247e-24 0)
(-3.66627e-07 -4.60247e-24 0)
(-3.66627e-07 4.60247e-24 0)
(-3.66627e-07 4.60247e-24 0)
(-3.66627e-07 4.60247e-24 0)
(-3.66627e-07 4.60247e-24 0)
(-3.66627e-07 4.60247e-24 0)
(-3.66627e-07 4.60247e-24 0)
(-3.66627e-07 4.60247e-24 0)
(-3.66627e-07 0 0)
(-3.66627e-07 4.60247e-24 0)
(-3.66627e-07 4.60247e-24 0)
(-3.66627e-07 4.60247e-24 0)
(-3.66627e-07 4.60247e-24 0)
(-3.66627e-07 4.60247e-24 0)
(-3.66627e-07 0 0)
(-3.66627e-07 4.60247e-24 0)
(-3.66627e-07 4.60247e-24 0)
(-3.66627e-07 4.60247e-24 0)
(-3.66627e-07 4.60247e-24 0)
(-3.66627e-07 0 0)
(-3.66627e-07 4.60247e-24 0)
(-3.66627e-07 4.60247e-24 0)
(-3.66627e-07 4.60247e-24 0)
(-3.66627e-07 4.60247e-24 0)
(-3.66627e-07 0 0)
(-3.66627e-07 0 0)
(-3.66627e-07 0 0)
(-3.66627e-07 0 0)
(-3.66627e-07 0 0)
(-3.66627e-07 0 0)
(-3.66627e-07 0 0)
(-3.66627e-07 0 0)
(-3.66627e-07 0 0)
(-3.66627e-07 0 0)
(-3.66627e-07 0 0)
(-3.66627e-07 0 0)
(-3.66627e-07 0 0)
(-3.66627e-07 0 0)
(-3.66627e-07 0 0)
(-3.66627e-07 0 0)
(-3.66627e-07 0 0)
(-3.66627e-07 0 0)
(-3.66627e-07 0 0)
(-3.66627e-07 0 0)
(-3.66627e-07 0 0)
(-3.66627e-07 0 0)
(-3.66627e-07 0 0)
(-3.66627e-07 0 0)
(-3.66627e-07 0 0)
(-3.66627e-07 0 0)
(-3.66627e-07 0 0)
(-3.66627e-07 0 0)
(-3.66627e-07 0 0)
(-3.66627e-07 0 0)
(-3.66627e-07 -4.60247e-24 0)
(-3.66627e-07 0 0)
(-3.66627e-07 0 0)
(-3.75097e-07 0 0)
(-3.75097e-07 4.70874e-24 0)
(-3.75097e-07 0 0)
(-3.75097e-07 4.70874e-24 0)
(-3.75097e-07 -4.70874e-24 0)
(-3.75097e-07 0 0)
(-3.75097e-07 -4.70874e-24 0)
(-3.75097e-07 -4.70874e-24 0)
(-3.75097e-07 0 0)
(-3.75097e-07 -4.70874e-24 0)
(-3.75097e-07 0 0)
(-3.75097e-07 0 0)
(-3.75097e-07 -4.70874e-24 0)
(-3.75097e-07 0 0)
(-3.75097e-07 0 0)
(-3.75097e-07 0 0)
(-3.75097e-07 0 0)
(-3.75097e-07 0 0)
(-3.75097e-07 0 0)
(-3.75097e-07 0 0)
(-3.75097e-07 0 0)
(-3.75097e-07 0 0)
(-3.75097e-07 0 0)
(-3.75097e-07 0 0)
(-3.75097e-07 0 0)
(-3.75097e-07 0 0)
(-3.75097e-07 0 0)
(-3.75097e-07 0 0)
(-3.75097e-07 0 0)
(-3.75097e-07 0 0)
(-3.75097e-07 0 0)
(-3.75097e-07 0 0)
(-3.75097e-07 0 0)
(-3.75097e-07 0 0)
(-3.75097e-07 0 0)
(-3.75097e-07 0 0)
(-3.75097e-07 0 0)
(-3.75097e-07 0 0)
(-3.75097e-07 0 0)
(-3.75097e-07 0 0)
(-3.75097e-07 0 0)
(-3.75097e-07 0 0)
(-3.75097e-07 0 0)
(-3.75097e-07 0 0)
(-3.75097e-07 0 0)
(-3.75097e-07 0 0)
(-3.75097e-07 0 0)
(-3.75097e-07 0 0)
(-3.75097e-07 0 0)
(-3.75097e-07 0 0)
(-3.75097e-07 0 0)
(-3.75097e-07 0 0)
(-3.75097e-07 0 0)
(-3.75097e-07 0 0)
(-3.75097e-07 0 0)
(-3.75097e-07 0 0)
(-3.75097e-07 0 0)
(-3.75097e-07 4.70874e-24 0)
(-3.75097e-07 0 0)
(-3.75097e-07 0 0)
(-3.83806e-07 -4.8179e-24 0)
(-3.83806e-07 0 0)
(-3.83806e-07 0 0)
(-3.83806e-07 -4.8179e-24 0)
(-3.83806e-07 4.8179e-24 0)
(-3.83806e-07 0 0)
(-3.83806e-07 4.8179e-24 0)
(-3.83806e-07 0 0)
(-3.83806e-07 0 0)
(-3.83806e-07 0 0)
(-3.83806e-07 -4.8179e-24 0)
(-3.83806e-07 0 0)
(-3.83806e-07 0 0)
(-3.83806e-07 0 0)
(-3.83806e-07 -4.8179e-24 0)
(-3.83806e-07 -4.8179e-24 0)
(-3.83806e-07 -4.8179e-24 0)
(-3.83806e-07 0 0)
(-3.83806e-07 -4.8179e-24 0)
(-3.83806e-07 -4.8179e-24 0)
(-3.83806e-07 -4.8179e-24 0)
(-3.83806e-07 -4.8179e-24 0)
(-3.83806e-07 0 0)
(-3.83806e-07 -4.8179e-24 0)
(-3.83806e-07 -4.8179e-24 0)
(-3.83806e-07 -4.8179e-24 0)
(-3.83806e-07 -4.8179e-24 0)
(-3.83806e-07 0 0)
(-3.83806e-07 0 0)
(-3.83806e-07 0 0)
(-3.83806e-07 0 0)
(-3.83806e-07 0 0)
(-3.83806e-07 0 0)
(-3.83806e-07 0 0)
(-3.83806e-07 0 0)
(-3.83806e-07 0 0)
(-3.83806e-07 0 0)
(-3.83806e-07 0 0)
(-3.83806e-07 0 0)
(-3.83806e-07 0 0)
(-3.83806e-07 0 0)
(-3.83806e-07 0 0)
(-3.83806e-07 0 0)
(-3.83806e-07 0 0)
(-3.83806e-07 0 0)
(-3.83806e-07 0 0)
(-3.83806e-07 0 0)
(-3.83806e-07 0 0)
(-3.83806e-07 0 0)
(-3.83806e-07 0 0)
(-3.83806e-07 0 0)
(-3.83806e-07 0 0)
(-3.83806e-07 0 0)
(-3.83806e-07 0 0)
(-3.83806e-07 0 0)
(-3.83806e-07 0 0)
(-3.83806e-07 0 0)
(-3.83806e-07 0 0)
(-3.83806e-07 0 0)
(-3.83806e-07 0 0)
(-3.92478e-07 -4.92646e-24 0)
(-3.92478e-07 -9.85292e-24 0)
(-3.92478e-07 -4.92646e-24 0)
(-3.92478e-07 0 0)
(-3.92478e-07 -9.85292e-24 0)
(-3.92478e-07 -4.92646e-24 0)
(-3.92478e-07 -9.85292e-24 0)
(-3.92478e-07 0 0)
(-3.92478e-07 -4.92646e-24 0)
(-3.92478e-07 0 0)
(-3.92478e-07 0 0)
(-3.92478e-07 -4.92646e-24 0)
(-3.92478e-07 0 0)
(-3.92478e-07 -4.92646e-24 0)
(-3.92478e-07 0 0)
(-3.92478e-07 0 0)
(-3.92478e-07 0 0)
(-3.92478e-07 -4.92646e-24 0)
(-3.92478e-07 0 0)
(-3.92478e-07 0 0)
(-3.92478e-07 0 0)
(-3.92478e-07 0 0)
(-3.92478e-07 -4.92646e-24 0)
(-3.92478e-07 0 0)
(-3.92478e-07 0 0)
(-3.92478e-07 0 0)
(-3.92478e-07 0 0)
(-3.92478e-07 -4.92646e-24 0)
(-3.92478e-07 0 0)
(-3.92478e-07 -4.92646e-24 0)
(-3.92478e-07 -4.92646e-24 0)
(-3.92478e-07 0 0)
(-3.92478e-07 -4.92646e-24 0)
(-3.92478e-07 0 0)
(-3.92478e-07 -4.92646e-24 0)
(-3.92478e-07 -4.92646e-24 0)
(-3.92478e-07 0 0)
(-3.92478e-07 -4.92646e-24 0)
(-3.92478e-07 0 0)
(-3.92478e-07 -4.92646e-24 0)
(-3.92478e-07 -4.92646e-24 0)
(-3.92478e-07 0 0)
(-3.92478e-07 -4.92646e-24 0)
(-3.92478e-07 0 0)
(-3.92478e-07 -4.92646e-24 0)
(-3.92478e-07 -4.92646e-24 0)
(-3.92478e-07 0 0)
(-3.92478e-07 -4.92646e-24 0)
(-3.92478e-07 0 0)
(-3.92478e-07 -4.92646e-24 0)
(-3.92478e-07 -4.92646e-24 0)
(-3.92478e-07 0 0)
(-3.92478e-07 -4.92646e-24 0)
(-3.92478e-07 0 0)
(-3.92478e-07 -4.92646e-24 0)
(-3.92478e-07 -4.92646e-24 0)
(-3.92478e-07 -4.92646e-24 0)
(-3.92478e-07 0 0)
(-3.92478e-07 -4.92646e-24 0)
(-3.92478e-07 -4.92646e-24 0)
(-4.00645e-07 5.02855e-24 0)
(-4.00645e-07 5.02855e-24 0)
(-4.00645e-07 5.02855e-24 0)
(-4.00645e-07 0 0)
(-4.00645e-07 5.02855e-24 0)
(-4.00645e-07 5.02855e-24 0)
(-4.00645e-07 5.02855e-24 0)
(-4.00645e-07 0 0)
(-4.00645e-07 5.02855e-24 0)
(-4.00645e-07 0 0)
(-4.00645e-07 0 0)
(-4.00645e-07 5.02855e-24 0)
(-4.00645e-07 0 0)
(-4.00645e-07 5.02855e-24 0)
(-4.00645e-07 0 0)
(-4.00645e-07 0 0)
(-4.00645e-07 0 0)
(-4.00645e-07 0 0)
(-4.00645e-07 0 0)
(-4.00645e-07 0 0)
(-4.00645e-07 0 0)
(-4.00645e-07 0 0)
(-4.00645e-07 0 0)
(-4.00645e-07 0 0)
(-4.00645e-07 0 0)
(-4.00645e-07 0 0)
(-4.00645e-07 0 0)
(-4.00645e-07 0 0)
(-4.00645e-07 0 0)
(-4.00645e-07 0 0)
(-4.00645e-07 0 0)
(-4.00645e-07 0 0)
(-4.00645e-07 0 0)
(-4.00645e-07 0 0)
(-4.00645e-07 0 0)
(-4.00645e-07 0 0)
(-4.00645e-07 0 0)
(-4.00645e-07 0 0)
(-4.00645e-07 0 0)
(-4.00645e-07 0 0)
(-4.00645e-07 0 0)
(-4.00645e-07 0 0)
(-4.00645e-07 0 0)
(-4.00645e-07 0 0)
(-4.00645e-07 0 0)
(-4.00645e-07 0 0)
(-4.00645e-07 0 0)
(-4.00645e-07 0 0)
(-4.00645e-07 0 0)
(-4.00645e-07 0 0)
(-4.00645e-07 0 0)
(-4.00645e-07 0 0)
(-4.00645e-07 0 0)
(-4.00645e-07 0 0)
(-4.00645e-07 0 0)
(-4.00645e-07 0 0)
(-4.00645e-07 0 0)
(-4.00645e-07 0 0)
(-4.00645e-07 0 0)
(-4.00645e-07 0 0)
(-4.07544e-07 5.11466e-24 0)
(-4.07544e-07 0 0)
(-4.07544e-07 -5.11466e-24 0)
(-4.07544e-07 0 0)
(-4.07544e-07 0 0)
(-4.07544e-07 -5.11466e-24 0)
(-4.07544e-07 0 0)
(-4.07544e-07 0 0)
(-4.07544e-07 0 0)
(-4.07544e-07 0 0)
(-4.07544e-07 0 0)
(-4.07544e-07 0 0)
(-4.07544e-07 0 0)
(-4.07544e-07 0 0)
(-4.07544e-07 0 0)
(-4.07544e-07 0 0)
(-4.07544e-07 0 0)
(-4.07544e-07 5.11466e-24 0)
(-4.07544e-07 0 0)
(-4.07544e-07 0 0)
(-4.07544e-07 0 0)
(-4.07544e-07 0 0)
(-4.07544e-07 5.11466e-24 0)
(-4.07544e-07 0 0)
(-4.07544e-07 0 0)
(-4.07544e-07 0 0)
(-4.07544e-07 0 0)
(-4.07544e-07 5.11466e-24 0)
(-4.07544e-07 0 0)
(-4.07544e-07 5.11466e-24 0)
(-4.07544e-07 5.11466e-24 0)
(-4.07544e-07 0 0)
(-4.07544e-07 5.11466e-24 0)
(-4.07544e-07 0 0)
(-4.07544e-07 5.11466e-24 0)
(-4.07544e-07 5.11466e-24 0)
(-4.07544e-07 0 0)
(-4.07544e-07 5.11466e-24 0)
(-4.07544e-07 0 0)
(-4.07544e-07 5.11466e-24 0)
(-4.07544e-07 5.11466e-24 0)
(-4.07544e-07 0 0)
(-4.07544e-07 5.11466e-24 0)
(-4.07544e-07 0 0)
(-4.07544e-07 5.11466e-24 0)
(-4.07544e-07 5.11466e-24 0)
(-4.07544e-07 0 0)
(-4.07544e-07 5.11466e-24 0)
(-4.07544e-07 0 0)
(-4.07544e-07 5.11466e-24 0)
(-4.07544e-07 5.11466e-24 0)
(-4.07544e-07 0 0)
(-4.07544e-07 5.11466e-24 0)
(-4.07544e-07 0 0)
(-4.07544e-07 5.11466e-24 0)
(-4.07544e-07 5.11466e-24 0)
(-4.07544e-07 5.11466e-24 0)
(-4.07544e-07 5.11466e-24 0)
(-4.07544e-07 5.11466e-24 0)
(-4.07544e-07 5.11466e-24 0)
(-4.12378e-07 -1.03499e-23 0)
(-4.12378e-07 0 0)
(-4.12378e-07 -5.17496e-24 0)
(-4.12378e-07 -5.17496e-24 0)
(-4.12378e-07 0 0)
(-4.12378e-07 -5.17496e-24 0)
(-4.12378e-07 0 0)
(-4.12378e-07 -5.17496e-24 0)
(-4.12378e-07 -5.17496e-24 0)
(-4.12378e-07 -5.17496e-24 0)
(-4.12378e-07 -5.17496e-24 0)
(-4.12378e-07 -5.17496e-24 0)
(-4.12378e-07 -5.17496e-24 0)
(-4.12378e-07 -5.17496e-24 0)
(-4.12378e-07 -5.17496e-24 0)
(-4.12378e-07 -5.17496e-24 0)
(-4.12378e-07 -5.17496e-24 0)
(-4.12378e-07 0 0)
(-4.12378e-07 -5.17496e-24 0)
(-4.12378e-07 -5.17496e-24 0)
(-4.12378e-07 -5.17496e-24 0)
(-4.12378e-07 -5.17496e-24 0)
(-4.12378e-07 0 0)
(-4.12378e-07 -5.17496e-24 0)
(-4.12378e-07 -5.17496e-24 0)
(-4.12378e-07 -5.17496e-24 0)
(-4.12378e-07 -5.17496e-24 0)
(-4.12378e-07 0 0)
(-4.12378e-07 0 0)
(-4.12378e-07 0 0)
(-4.12378e-07 0 0)
(-4.12378e-07 0 0)
(-4.12378e-07 0 0)
(-4.12378e-07 0 0)
(-4.12378e-07 0 0)
(-4.12378e-07 0 0)
(-4.12378e-07 0 0)
(-4.12378e-07 0 0)
(-4.12378e-07 0 0)
(-4.12378e-07 0 0)
(-4.12378e-07 0 0)
(-4.12378e-07 0 0)
(-4.12378e-07 0 0)
(-4.12378e-07 0 0)
(-4.12378e-07 0 0)
(-4.12378e-07 0 0)
(-4.12378e-07 0 0)
(-4.12378e-07 0 0)
(-4.12378e-07 0 0)
(-4.12378e-07 0 0)
(-4.12378e-07 0 0)
(-4.12378e-07 0 0)
(-4.12378e-07 0 0)
(-4.12378e-07 0 0)
(-4.12378e-07 0 0)
(-4.12378e-07 0 0)
(-4.12378e-07 0 0)
(-4.12378e-07 -5.17496e-24 0)
(-4.12378e-07 0 0)
(-4.12378e-07 0 0)
(-4.15003e-07 5.20776e-24 0)
(-4.15003e-07 0 0)
(-4.15003e-07 5.20776e-24 0)
(-4.15003e-07 5.20776e-24 0)
(-4.15003e-07 0 0)
(-4.15003e-07 5.20776e-24 0)
(-4.15003e-07 0 0)
(-4.15003e-07 0 0)
(-4.15003e-07 5.20776e-24 0)
(-4.15003e-07 0 0)
(-4.15003e-07 0 0)
(-4.15003e-07 5.20776e-24 0)
(-4.15003e-07 0 0)
(-4.15003e-07 5.20776e-24 0)
(-4.15003e-07 0 0)
(-4.15003e-07 0 0)
(-4.15003e-07 0 0)
(-4.15003e-07 0 0)
(-4.15003e-07 0 0)
(-4.15003e-07 0 0)
(-4.15003e-07 0 0)
(-4.15003e-07 0 0)
(-4.15003e-07 0 0)
(-4.15003e-07 0 0)
(-4.15003e-07 0 0)
(-4.15003e-07 0 0)
(-4.15003e-07 0 0)
(-4.15003e-07 0 0)
(-4.15003e-07 5.20776e-24 0)
(-4.15003e-07 0 0)
(-4.15003e-07 0 0)
(-4.15003e-07 5.20776e-24 0)
(-4.15003e-07 0 0)
(-4.15003e-07 5.20776e-24 0)
(-4.15003e-07 0 0)
(-4.15003e-07 0 0)
(-4.15003e-07 5.20776e-24 0)
(-4.15003e-07 0 0)
(-4.15003e-07 5.20776e-24 0)
(-4.15003e-07 0 0)
(-4.15003e-07 0 0)
(-4.15003e-07 5.20776e-24 0)
(-4.15003e-07 0 0)
(-4.15003e-07 5.20776e-24 0)
(-4.15003e-07 0 0)
(-4.15003e-07 0 0)
(-4.15003e-07 5.20776e-24 0)
(-4.15003e-07 0 0)
(-4.15003e-07 5.20776e-24 0)
(-4.15003e-07 0 0)
(-4.15003e-07 0 0)
(-4.15003e-07 5.20776e-24 0)
(-4.15003e-07 0 0)
(-4.15003e-07 5.20776e-24 0)
(-4.15003e-07 0 0)
(-4.15003e-07 0 0)
(-4.15003e-07 0 0)
(-4.15003e-07 5.20776e-24 0)
(-4.15003e-07 0 0)
(-4.15003e-07 0 0)
(-4.1595e-07 -5.2196e-24 0)
(-4.1595e-07 -5.2196e-24 0)
(-4.1595e-07 -5.2196e-24 0)
(-4.1595e-07 0 0)
(-4.1595e-07 0 0)
(-4.1595e-07 0 0)
(-4.1595e-07 0 0)
(-4.1595e-07 5.2196e-24 0)
(-4.1595e-07 -5.2196e-24 0)
(-4.1595e-07 5.2196e-24 0)
(-4.1595e-07 5.2196e-24 0)
(-4.1595e-07 -5.2196e-24 0)
(-4.1595e-07 5.2196e-24 0)
(-4.1595e-07 -5.2196e-24 0)
(-4.1595e-07 5.2196e-24 0)
(-4.1595e-07 5.2196e-24 0)
(-4.1595e-07 5.2196e-24 0)
(-4.1595e-07 0 0)
(-4.1595e-07 5.2196e-24 0)
(-4.1595e-07 5.2196e-24 0)
(-4.1595e-07 5.2196e-24 0)
(-4.1595e-07 5.2196e-24 0)
(-4.1595e-07 0 0)
(-4.1595e-07 5.2196e-24 0)
(-4.1595e-07 5.2196e-24 0)
(-4.1595e-07 5.2196e-24 0)
(-4.1595e-07 5.2196e-24 0)
(-4.1595e-07 0 0)
(-4.1595e-07 5.2196e-24 0)
(-4.1595e-07 0 0)
(-4.1595e-07 0 0)
(-4.1595e-07 5.2196e-24 0)
(-4.1595e-07 0 0)
(-4.1595e-07 5.2196e-24 0)
(-4.1595e-07 0 0)
(-4.1595e-07 0 0)
(-4.1595e-07 5.2196e-24 0)
(-4.1595e-07 0 0)
(-4.1595e-07 5.2196e-24 0)
(-4.1595e-07 0 0)
(-4.1595e-07 0 0)
(-4.1595e-07 5.2196e-24 0)
(-4.1595e-07 0 0)
(-4.1595e-07 5.2196e-24 0)
(-4.1595e-07 0 0)
(-4.1595e-07 0 0)
(-4.1595e-07 5.2196e-24 0)
(-4.1595e-07 0 0)
(-4.1595e-07 5.2196e-24 0)
(-4.1595e-07 0 0)
(-4.1595e-07 0 0)
(-4.1595e-07 5.2196e-24 0)
(-4.1595e-07 0 0)
(-4.1595e-07 5.2196e-24 0)
(-4.1595e-07 0 0)
(-4.1595e-07 0 0)
(-4.1595e-07 0 0)
(-4.1595e-07 0 0)
(-4.1595e-07 0 0)
(-4.1595e-07 0 0)
(-4.16087e-07 5.22133e-24 0)
(-4.16087e-07 0 0)
(-4.16087e-07 0 0)
(-4.16087e-07 0 0)
(-4.16087e-07 -5.22133e-24 0)
(-4.16087e-07 -5.22133e-24 0)
(-4.16087e-07 -5.22133e-24 0)
(-4.16087e-07 0 0)
(-4.16087e-07 0 0)
(-4.16087e-07 0 0)
(-4.16087e-07 0 0)
(-4.16087e-07 0 0)
(-4.16087e-07 0 0)
(-4.16087e-07 0 0)
(-4.16087e-07 0 0)
(-4.16087e-07 0 0)
(-4.16087e-07 0 0)
(-4.16087e-07 -5.22133e-24 0)
(-4.16087e-07 0 0)
(-4.16087e-07 0 0)
(-4.16087e-07 0 0)
(-4.16087e-07 0 0)
(-4.16087e-07 -5.22133e-24 0)
(-4.16087e-07 0 0)
(-4.16087e-07 0 0)
(-4.16087e-07 0 0)
(-4.16087e-07 0 0)
(-4.16087e-07 -5.22133e-24 0)
(-4.16087e-07 -5.22133e-24 0)
(-4.16087e-07 -5.22133e-24 0)
(-4.16087e-07 -5.22133e-24 0)
(-4.16087e-07 -5.22133e-24 0)
(-4.16087e-07 -5.22133e-24 0)
(-4.16087e-07 -5.22133e-24 0)
(-4.16087e-07 -5.22133e-24 0)
(-4.16087e-07 -5.22133e-24 0)
(-4.16087e-07 -5.22133e-24 0)
(-4.16087e-07 -5.22133e-24 0)
(-4.16087e-07 -5.22133e-24 0)
(-4.16087e-07 -5.22133e-24 0)
(-4.16087e-07 -5.22133e-24 0)
(-4.16087e-07 -5.22133e-24 0)
(-4.16087e-07 -5.22133e-24 0)
(-4.16087e-07 -5.22133e-24 0)
(-4.16087e-07 -5.22133e-24 0)
(-4.16087e-07 -5.22133e-24 0)
(-4.16087e-07 -5.22133e-24 0)
(-4.16087e-07 -5.22133e-24 0)
(-4.16087e-07 -5.22133e-24 0)
(-4.16087e-07 -5.22133e-24 0)
(-4.16087e-07 -5.22133e-24 0)
(-4.16087e-07 -5.22133e-24 0)
(-4.16087e-07 -5.22133e-24 0)
(-4.16087e-07 -5.22133e-24 0)
(-4.16087e-07 -5.22133e-24 0)
(-4.16087e-07 -5.22133e-24 0)
(-4.16087e-07 -5.22133e-24 0)
(-4.16087e-07 -5.22133e-24 0)
(-4.16087e-07 -5.22133e-24 0)
(-4.16087e-07 0 0)
)
;
    }
    hills
    {
        type            calculated;
        value           nonuniform List<vector> 
7200
(
(-4.16087e-07 0 0)
(-4.16087e-07 0 0)
(-4.16087e-07 0 0)
(-4.16087e-07 0 0)
(-4.16087e-07 0 0)
(-4.16087e-07 0 0)
(-4.16087e-07 0 0)
(-4.16087e-07 0 0)
(-4.16087e-07 -5.22133e-24 0)
(-4.16087e-07 0 0)
(-4.16087e-07 0 0)
(-4.16087e-07 0 0)
(-4.16087e-07 0 0)
(-4.16087e-07 -5.22133e-24 0)
(-4.16087e-07 0 0)
(-4.16087e-07 0 0)
(-4.16087e-07 0 0)
(-4.16087e-07 0 0)
(-4.16087e-07 0 0)
(-4.16087e-07 0 0)
(-4.16087e-07 0 0)
(-4.16087e-07 0 0)
(-4.16087e-07 0 0)
(-4.16087e-07 0 0)
(-4.16087e-07 0 0)
(-4.16087e-07 0 0)
(-4.16087e-07 0 0)
(-4.16087e-07 0 0)
(-4.16087e-07 0 0)
(-4.16087e-07 0 0)
(-4.16087e-07 0 0)
(-4.16087e-07 0 0)
(-4.16087e-07 0 0)
(-4.16087e-07 0 0)
(-4.16087e-07 0 0)
(-4.16087e-07 0 0)
(-4.16087e-07 0 0)
(-4.16087e-07 0 0)
(-4.16087e-07 0 0)
(-4.16087e-07 0 0)
(-4.16087e-07 0 0)
(-4.16087e-07 0 0)
(-4.16087e-07 0 0)
(-4.16087e-07 0 0)
(-4.16087e-07 0 0)
(-4.16087e-07 0 0)
(-4.16087e-07 0 0)
(-4.16087e-07 0 0)
(-4.16087e-07 0 0)
(-4.16087e-07 0 0)
(-4.16087e-07 0 0)
(-4.16087e-07 0 0)
(-4.16087e-07 0 0)
(-4.16087e-07 0 0)
(-4.16087e-07 0 0)
(-4.16087e-07 0 0)
(-4.16087e-07 0 0)
(-4.16087e-07 0 0)
(-4.16087e-07 0 0)
(-4.16087e-07 0 0)
(-4.16062e-07 -2.5009e-09 0)
(-4.16062e-07 -2.5009e-09 0)
(-4.16062e-07 -2.5009e-09 0)
(-4.16062e-07 -2.5009e-09 0)
(-4.16062e-07 -2.5009e-09 0)
(-4.16062e-07 -2.5009e-09 0)
(-4.16062e-07 -2.5009e-09 0)
(-4.16062e-07 -2.5009e-09 0)
(-4.16062e-07 -2.5009e-09 0)
(-4.16062e-07 -2.5009e-09 0)
(-4.16062e-07 -2.5009e-09 0)
(-4.16062e-07 -2.5009e-09 0)
(-4.16062e-07 -2.5009e-09 0)
(-4.16062e-07 -2.5009e-09 0)
(-4.16062e-07 -2.5009e-09 0)
(-4.16062e-07 -2.5009e-09 0)
(-4.16062e-07 -2.5009e-09 0)
(-4.16062e-07 -2.5009e-09 0)
(-4.16062e-07 -2.5009e-09 0)
(-4.16062e-07 -2.5009e-09 0)
(-4.16062e-07 -2.5009e-09 0)
(-4.16062e-07 -2.5009e-09 0)
(-4.16062e-07 -2.5009e-09 0)
(-4.16062e-07 -2.5009e-09 0)
(-4.16062e-07 -2.5009e-09 0)
(-4.16062e-07 -2.5009e-09 0)
(-4.16062e-07 -2.5009e-09 0)
(-4.16062e-07 -2.5009e-09 0)
(-4.16062e-07 -2.5009e-09 0)
(-4.16062e-07 -2.5009e-09 0)
(-4.16062e-07 -2.5009e-09 0)
(-4.16062e-07 -2.5009e-09 0)
(-4.16062e-07 -2.5009e-09 0)
(-4.16062e-07 -2.5009e-09 0)
(-4.16062e-07 -2.5009e-09 0)
(-4.16062e-07 -2.5009e-09 0)
(-4.16062e-07 -2.5009e-09 0)
(-4.16062e-07 -2.5009e-09 0)
(-4.16062e-07 -2.5009e-09 0)
(-4.16062e-07 -2.5009e-09 0)
(-4.16062e-07 -2.5009e-09 0)
(-4.16062e-07 -2.5009e-09 0)
(-4.16062e-07 -2.5009e-09 0)
(-4.16062e-07 -2.5009e-09 0)
(-4.16062e-07 -2.5009e-09 0)
(-4.16062e-07 -2.5009e-09 0)
(-4.16062e-07 -2.5009e-09 0)
(-4.16062e-07 -2.5009e-09 0)
(-4.16062e-07 -2.5009e-09 0)
(-4.16062e-07 -2.5009e-09 0)
(-4.16062e-07 -2.5009e-09 0)
(-4.16062e-07 -2.5009e-09 0)
(-4.16062e-07 -2.5009e-09 0)
(-4.16062e-07 -2.5009e-09 0)
(-4.16062e-07 -2.5009e-09 0)
(-4.16062e-07 -2.5009e-09 0)
(-4.16062e-07 -2.5009e-09 0)
(-4.16062e-07 -2.5009e-09 0)
(-4.16062e-07 -2.5009e-09 0)
(-4.16062e-07 -2.5009e-09 0)
(-4.18893e-07 -1.46788e-08 0)
(-4.18893e-07 -1.46788e-08 0)
(-4.18893e-07 -1.46788e-08 0)
(-4.18893e-07 -1.46788e-08 0)
(-4.18893e-07 -1.46788e-08 0)
(-4.18893e-07 -1.46788e-08 0)
(-4.18893e-07 -1.46788e-08 0)
(-4.18893e-07 -1.46788e-08 0)
(-4.18893e-07 -1.46788e-08 0)
(-4.18893e-07 -1.46788e-08 0)
(-4.18893e-07 -1.46788e-08 0)
(-4.18893e-07 -1.46788e-08 0)
(-4.18893e-07 -1.46788e-08 0)
(-4.18893e-07 -1.46788e-08 0)
(-4.18893e-07 -1.46788e-08 0)
(-4.18893e-07 -1.46788e-08 0)
(-4.18893e-07 -1.46788e-08 0)
(-4.18893e-07 -1.46788e-08 0)
(-4.18893e-07 -1.46788e-08 0)
(-4.18893e-07 -1.46788e-08 0)
(-4.18893e-07 -1.46788e-08 0)
(-4.18893e-07 -1.46788e-08 0)
(-4.18893e-07 -1.46788e-08 0)
(-4.18893e-07 -1.46788e-08 0)
(-4.18893e-07 -1.46788e-08 0)
(-4.18893e-07 -1.46788e-08 0)
(-4.18893e-07 -1.46788e-08 0)
(-4.18893e-07 -1.46788e-08 0)
(-4.18893e-07 -1.46788e-08 0)
(-4.18893e-07 -1.46788e-08 0)
(-4.18893e-07 -1.46788e-08 0)
(-4.18893e-07 -1.46788e-08 0)
(-4.18893e-07 -1.46788e-08 0)
(-4.18893e-07 -1.46788e-08 0)
(-4.18893e-07 -1.46788e-08 0)
(-4.18893e-07 -1.46788e-08 0)
(-4.18893e-07 -1.46788e-08 0)
(-4.18893e-07 -1.46788e-08 0)
(-4.18893e-07 -1.46788e-08 0)
(-4.18893e-07 -1.46788e-08 0)
(-4.18893e-07 -1.46788e-08 0)
(-4.18893e-07 -1.46788e-08 0)
(-4.18893e-07 -1.46788e-08 0)
(-4.18893e-07 -1.46788e-08 0)
(-4.18893e-07 -1.46788e-08 0)
(-4.18893e-07 -1.46788e-08 0)
(-4.18893e-07 -1.46788e-08 0)
(-4.18893e-07 -1.46788e-08 0)
(-4.18893e-07 -1.46788e-08 0)
(-4.18893e-07 -1.46788e-08 0)
(-4.18893e-07 -1.46788e-08 0)
(-4.18893e-07 -1.46788e-08 0)
(-4.18893e-07 -1.46788e-08 0)
(-4.18893e-07 -1.46788e-08 0)
(-4.18893e-07 -1.46788e-08 0)
(-4.18893e-07 -1.46788e-08 0)
(-4.18893e-07 -1.46788e-08 0)
(-4.18893e-07 -1.46788e-08 0)
(-4.18893e-07 -1.46788e-08 0)
(-4.18893e-07 -1.46788e-08 0)
(-4.3224e-07 -3.27327e-08 -9.37035e-25)
(-4.3224e-07 -3.27327e-08 0)
(-4.3224e-07 -3.27327e-08 0)
(-4.3224e-07 -3.27327e-08 0)
(-4.3224e-07 -3.27327e-08 0)
(-4.3224e-07 -3.27327e-08 0)
(-4.3224e-07 -3.27327e-08 0)
(-4.3224e-07 -3.27327e-08 0)
(-4.3224e-07 -3.27327e-08 0)
(-4.3224e-07 -3.27327e-08 0)
(-4.3224e-07 -3.27327e-08 0)
(-4.3224e-07 -3.27327e-08 0)
(-4.3224e-07 -3.27327e-08 0)
(-4.3224e-07 -3.27327e-08 0)
(-4.3224e-07 -3.27327e-08 0)
(-4.3224e-07 -3.27327e-08 0)
(-4.3224e-07 -3.27327e-08 0)
(-4.3224e-07 -3.27327e-08 0)
(-4.3224e-07 -3.27327e-08 0)
(-4.3224e-07 -3.27327e-08 0)
(-4.3224e-07 -3.27327e-08 0)
(-4.3224e-07 -3.27327e-08 0)
(-4.3224e-07 -3.27327e-08 0)
(-4.3224e-07 -3.27327e-08 0)
(-4.3224e-07 -3.27327e-08 0)
(-4.3224e-07 -3.27327e-08 0)
(-4.3224e-07 -3.27327e-08 0)
(-4.3224e-07 -3.27327e-08 0)
(-4.3224e-07 -3.27327e-08 0)
(-4.3224e-07 -3.27327e-08 0)
(-4.3224e-07 -3.27327e-08 0)
(-4.3224e-07 -3.27327e-08 0)
(-4.3224e-07 -3.27327e-08 0)
(-4.3224e-07 -3.27327e-08 0)
(-4.3224e-07 -3.27327e-08 0)
(-4.3224e-07 -3.27327e-08 0)
(-4.3224e-07 -3.27327e-08 0)
(-4.3224e-07 -3.27327e-08 0)
(-4.3224e-07 -3.27327e-08 0)
(-4.3224e-07 -3.27327e-08 0)
(-4.3224e-07 -3.27327e-08 0)
(-4.3224e-07 -3.27327e-08 0)
(-4.3224e-07 -3.27327e-08 0)
(-4.3224e-07 -3.27327e-08 0)
(-4.3224e-07 -3.27327e-08 0)
(-4.3224e-07 -3.27327e-08 0)
(-4.3224e-07 -3.27327e-08 0)
(-4.3224e-07 -3.27327e-08 0)
(-4.3224e-07 -3.27327e-08 0)
(-4.3224e-07 -3.27327e-08 0)
(-4.3224e-07 -3.27327e-08 0)
(-4.3224e-07 -3.27327e-08 0)
(-4.3224e-07 -3.27327e-08 0)
(-4.3224e-07 -3.27327e-08 0)
(-4.3224e-07 -3.27327e-08 0)
(-4.3224e-07 -3.27327e-08 0)
(-4.3224e-07 -3.27327e-08 0)
(-4.3224e-07 -3.27327e-08 0)
(-4.3224e-07 -3.27327e-08 0)
(-4.3224e-07 -3.27327e-08 9.37035e-25)
(-4.65704e-07 -5.35287e-08 3.15503e-24)
(-4.65704e-07 -5.35287e-08 0)
(-4.65704e-07 -5.35287e-08 0)
(-4.65704e-07 -5.35287e-08 0)
(-4.65704e-07 -5.35287e-08 0)
(-4.65704e-07 -5.35287e-08 0)
(-4.65704e-07 -5.35287e-08 0)
(-4.65704e-07 -5.35287e-08 0)
(-4.65704e-07 -5.35287e-08 0)
(-4.65704e-07 -5.35287e-08 0)
(-4.65704e-07 -5.35287e-08 0)
(-4.65704e-07 -5.35287e-08 0)
(-4.65704e-07 -5.35287e-08 0)
(-4.65704e-07 -5.35287e-08 0)
(-4.65704e-07 -5.35287e-08 0)
(-4.65704e-07 -5.35287e-08 0)
(-4.65704e-07 -5.35287e-08 0)
(-4.65704e-07 -5.35287e-08 0)
(-4.65704e-07 -5.35287e-08 0)
(-4.65704e-07 -5.35287e-08 0)
(-4.65704e-07 -5.35287e-08 0)
(-4.65704e-07 -5.35287e-08 0)
(-4.65704e-07 -5.35287e-08 0)
(-4.65704e-07 -5.35287e-08 0)
(-4.65704e-07 -5.35287e-08 0)
(-4.65704e-07 -5.35287e-08 0)
(-4.65704e-07 -5.35287e-08 0)
(-4.65704e-07 -5.35287e-08 0)
(-4.65704e-07 -5.35287e-08 0)
(-4.65704e-07 -5.35287e-08 0)
(-4.65704e-07 -5.35287e-08 0)
(-4.65704e-07 -5.35287e-08 0)
(-4.65704e-07 -5.35287e-08 0)
(-4.65704e-07 -5.35287e-08 0)
(-4.65704e-07 -5.35287e-08 0)
(-4.65704e-07 -5.35287e-08 0)
(-4.65704e-07 -5.35287e-08 0)
(-4.65704e-07 -5.35287e-08 0)
(-4.65704e-07 -5.35287e-08 0)
(-4.65704e-07 -5.35287e-08 0)
(-4.65704e-07 -5.35287e-08 0)
(-4.65704e-07 -5.35287e-08 0)
(-4.65704e-07 -5.35287e-08 0)
(-4.65704e-07 -5.35287e-08 0)
(-4.65704e-07 -5.35287e-08 0)
(-4.65704e-07 -5.35287e-08 0)
(-4.65704e-07 -5.35287e-08 0)
(-4.65704e-07 -5.35287e-08 0)
(-4.65704e-07 -5.35287e-08 0)
(-4.65704e-07 -5.35287e-08 0)
(-4.65704e-07 -5.35287e-08 0)
(-4.65704e-07 -5.35287e-08 0)
(-4.65704e-07 -5.35287e-08 0)
(-4.65704e-07 -5.35287e-08 0)
(-4.65704e-07 -5.35287e-08 0)
(-4.65704e-07 -5.35287e-08 0)
(-4.65704e-07 -5.35287e-08 0)
(-4.65704e-07 -5.35287e-08 0)
(-4.65704e-07 -5.35287e-08 0)
(-4.65704e-07 -5.35287e-08 -1.57751e-24)
(-5.05898e-07 -6.82985e-08 7.17002e-25)
(-5.05898e-07 -6.82985e-08 7.17002e-25)
(-5.05898e-07 -6.82985e-08 7.17002e-25)
(-5.05898e-07 -6.82985e-08 7.17002e-25)
(-5.05898e-07 -6.82985e-08 7.17002e-25)
(-5.05898e-07 -6.82985e-08 7.17002e-25)
(-5.05898e-07 -6.82985e-08 7.17002e-25)
(-5.05898e-07 -6.82985e-08 7.17002e-25)
(-5.05898e-07 -6.82985e-08 7.17002e-25)
(-5.05898e-07 -6.82985e-08 7.17002e-25)
(-5.05898e-07 -6.82985e-08 7.17002e-25)
(-5.05898e-07 -6.82985e-08 7.17002e-25)
(-5.05898e-07 -6.82985e-08 7.17002e-25)
(-5.05898e-07 -6.82985e-08 7.17002e-25)
(-5.05898e-07 -6.82985e-08 7.17002e-25)
(-5.05898e-07 -6.82985e-08 7.17002e-25)
(-5.05898e-07 -6.82985e-08 7.17002e-25)
(-5.05898e-07 -6.82985e-08 7.17002e-25)
(-5.05898e-07 -6.82985e-08 7.17002e-25)
(-5.05898e-07 -6.82985e-08 7.17002e-25)
(-5.05898e-07 -6.82985e-08 7.17002e-25)
(-5.05898e-07 -6.82985e-08 7.17002e-25)
(-5.05898e-07 -6.82985e-08 7.17002e-25)
(-5.05898e-07 -6.82985e-08 7.17002e-25)
(-5.05898e-07 -6.82985e-08 7.17002e-25)
(-5.05898e-07 -6.82985e-08 7.17002e-25)
(-5.05898e-07 -6.82985e-08 7.17002e-25)
(-5.05898e-07 -6.82985e-08 7.17002e-25)
(-5.05898e-07 -6.82985e-08 7.17002e-25)
(-5.05898e-07 -6.82985e-08 7.17002e-25)
(-5.05898e-07 -6.82985e-08 7.17002e-25)
(-5.05898e-07 -6.82985e-08 7.17002e-25)
(-5.05898e-07 -6.82985e-08 7.17002e-25)
(-5.05898e-07 -6.82985e-08 7.17002e-25)
(-5.05898e-07 -6.82985e-08 7.17002e-25)
(-5.05898e-07 -6.82985e-08 7.17002e-25)
(-5.05898e-07 -6.82985e-08 7.17002e-25)
(-5.05898e-07 -6.82985e-08 7.17002e-25)
(-5.05898e-07 -6.82985e-08 7.17002e-25)
(-5.05898e-07 -6.82985e-08 7.17002e-25)
(-5.05898e-07 -6.82985e-08 7.17002e-25)
(-5.05898e-07 -6.82985e-08 7.17002e-25)
(-5.05898e-07 -6.82985e-08 7.17002e-25)
(-5.05898e-07 -6.82985e-08 7.17002e-25)
(-5.05898e-07 -6.82985e-08 7.17002e-25)
(-5.05898e-07 -6.82985e-08 7.17002e-25)
(-5.05898e-07 -6.82985e-08 7.17002e-25)
(-5.05898e-07 -6.82985e-08 7.17002e-25)
(-5.05898e-07 -6.82985e-08 7.17002e-25)
(-5.05898e-07 -6.82985e-08 7.17002e-25)
(-5.05898e-07 -6.82985e-08 7.17002e-25)
(-5.05898e-07 -6.82985e-08 7.17002e-25)
(-5.05898e-07 -6.82985e-08 7.17002e-25)
(-5.05898e-07 -6.82985e-08 7.17002e-25)
(-5.05898e-07 -6.82985e-08 7.17002e-25)
(-5.05898e-07 -6.82985e-08 7.17002e-25)
(-5.05898e-07 -6.82985e-08 7.17002e-25)
(-5.05898e-07 -6.82985e-08 7.17002e-25)
(-5.05898e-07 -6.82985e-08 7.17002e-25)
(-5.05898e-07 -6.82985e-08 7.17002e-25)
(-5.34431e-07 -7.58237e-08 0)
(-5.34431e-07 -7.58237e-08 -2.43541e-24)
(-5.34431e-07 -7.58237e-08 -2.43541e-24)
(-5.34431e-07 -7.58237e-08 -2.43541e-24)
(-5.34431e-07 -7.58237e-08 -2.43541e-24)
(-5.34431e-07 -7.58237e-08 -2.43541e-24)
(-5.34431e-07 -7.58237e-08 -2.43541e-24)
(-5.34431e-07 -7.58237e-08 -2.43541e-24)
(-5.34431e-07 -7.58237e-08 -2.43541e-24)
(-5.34431e-07 -7.58237e-08 -2.43541e-24)
(-5.34431e-07 -7.58237e-08 -2.43541e-24)
(-5.34431e-07 -7.58237e-08 -2.43541e-24)
(-5.34431e-07 -7.58237e-08 -2.43541e-24)
(-5.34431e-07 -7.58237e-08 -2.43541e-24)
(-5.34431e-07 -7.58237e-08 -2.43541e-24)
(-5.34431e-07 -7.58237e-08 -2.43541e-24)
(-5.34431e-07 -7.58237e-08 -2.43541e-24)
(-5.34431e-07 -7.58237e-08 -2.43541e-24)
(-5.34431e-07 -7.58237e-08 -2.43541e-24)
(-5.34431e-07 -7.58237e-08 -2.43541e-24)
(-5.34431e-07 -7.58237e-08 -2.43541e-24)
(-5.34431e-07 -7.58237e-08 -2.43541e-24)
(-5.34431e-07 -7.58237e-08 -2.43541e-24)
(-5.34431e-07 -7.58237e-08 -2.43541e-24)
(-5.34431e-07 -7.58237e-08 -2.43541e-24)
(-5.34431e-07 -7.58237e-08 -2.43541e-24)
(-5.34431e-07 -7.58237e-08 -2.43541e-24)
(-5.34431e-07 -7.58237e-08 -2.43541e-24)
(-5.34431e-07 -7.58237e-08 -2.43541e-24)
(-5.34431e-07 -7.58237e-08 -2.43541e-24)
(-5.34431e-07 -7.58237e-08 -2.43541e-24)
(-5.34431e-07 -7.58237e-08 -2.43541e-24)
(-5.34431e-07 -7.58237e-08 -2.43541e-24)
(-5.34431e-07 -7.58237e-08 -2.43541e-24)
(-5.34431e-07 -7.58237e-08 -2.43541e-24)
(-5.34431e-07 -7.58237e-08 -2.43541e-24)
(-5.34431e-07 -7.58237e-08 -2.43541e-24)
(-5.34431e-07 -7.58237e-08 -2.43541e-24)
(-5.34431e-07 -7.58237e-08 -2.43541e-24)
(-5.34431e-07 -7.58237e-08 -2.43541e-24)
(-5.34431e-07 -7.58237e-08 -2.43541e-24)
(-5.34431e-07 -7.58237e-08 -2.43541e-24)
(-5.34431e-07 -7.58237e-08 -2.43541e-24)
(-5.34431e-07 -7.58237e-08 -2.43541e-24)
(-5.34431e-07 -7.58237e-08 -2.43541e-24)
(-5.34431e-07 -7.58237e-08 -2.43541e-24)
(-5.34431e-07 -7.58237e-08 -2.43541e-24)
(-5.34431e-07 -7.58237e-08 -2.43541e-24)
(-5.34431e-07 -7.58237e-08 -2.43541e-24)
(-5.34431e-07 -7.58237e-08 -2.43541e-24)
(-5.34431e-07 -7.58237e-08 -2.43541e-24)
(-5.34431e-07 -7.58237e-08 -2.43541e-24)
(-5.34431e-07 -7.58237e-08 -2.43541e-24)
(-5.34431e-07 -7.58237e-08 -2.43541e-24)
(-5.34431e-07 -7.58237e-08 -2.43541e-24)
(-5.34431e-07 -7.58237e-08 -2.43541e-24)
(-5.34431e-07 -7.58237e-08 -2.43541e-24)
(-5.34431e-07 -7.58237e-08 -2.43541e-24)
(-5.34431e-07 -7.58237e-08 -2.43541e-24)
(-5.34431e-07 -7.58237e-08 0)
(-5.48347e-07 -7.88844e-08 -8.95224e-25)
(-5.48347e-07 -7.88844e-08 -8.95224e-25)
(-5.48347e-07 -7.88844e-08 -8.95224e-25)
(-5.48347e-07 -7.88844e-08 -8.95224e-25)
(-5.48347e-07 -7.88844e-08 -8.95224e-25)
(-5.48347e-07 -7.88844e-08 -8.95224e-25)
(-5.48347e-07 -7.88844e-08 -8.95224e-25)
(-5.48347e-07 -7.88844e-08 -8.95224e-25)
(-5.48347e-07 -7.88844e-08 -8.95224e-25)
(-5.48347e-07 -7.88844e-08 -8.95224e-25)
(-5.48347e-07 -7.88844e-08 -8.95224e-25)
(-5.48347e-07 -7.88844e-08 -8.95224e-25)
(-5.48347e-07 -7.88844e-08 -8.95224e-25)
(-5.48347e-07 -7.88844e-08 -8.95224e-25)
(-5.48347e-07 -7.88844e-08 -8.95224e-25)
(-5.48347e-07 -7.88844e-08 -8.95224e-25)
(-5.48347e-07 -7.88844e-08 -8.95224e-25)
(-5.48347e-07 -7.88844e-08 -8.95224e-25)
(-5.48347e-07 -7.88844e-08 -8.95224e-25)
(-5.48347e-07 -7.88844e-08 -8.95224e-25)
(-5.48347e-07 -7.88844e-08 -8.95224e-25)
(-5.48347e-07 -7.88844e-08 -8.95224e-25)
(-5.48347e-07 -7.88844e-08 -8.95224e-25)
(-5.48347e-07 -7.88844e-08 -8.95224e-25)
(-5.48347e-07 -7.88844e-08 -8.95224e-25)
(-5.48347e-07 -7.88844e-08 -8.95224e-25)
(-5.48347e-07 -7.88844e-08 -8.95224e-25)
(-5.48347e-07 -7.88844e-08 -8.95224e-25)
(-5.48347e-07 -7.88844e-08 -8.95224e-25)
(-5.48347e-07 -7.88844e-08 -8.95224e-25)
(-5.48347e-07 -7.88844e-08 -8.95224e-25)
(-5.48347e-07 -7.88844e-08 -8.95224e-25)
(-5.48347e-07 -7.88844e-08 -8.95224e-25)
(-5.48347e-07 -7.88844e-08 -8.95224e-25)
(-5.48347e-07 -7.88844e-08 -8.95224e-25)
(-5.48347e-07 -7.88844e-08 -8.95224e-25)
(-5.48347e-07 -7.88844e-08 -8.95224e-25)
(-5.48347e-07 -7.88844e-08 -8.95224e-25)
(-5.48347e-07 -7.88844e-08 -8.95224e-25)
(-5.48347e-07 -7.88844e-08 -8.95224e-25)
(-5.48347e-07 -7.88844e-08 -8.95224e-25)
(-5.48347e-07 -7.88844e-08 -8.95224e-25)
(-5.48347e-07 -7.88844e-08 -8.95224e-25)
(-5.48347e-07 -7.88844e-08 -8.95224e-25)
(-5.48347e-07 -7.88844e-08 -8.95224e-25)
(-5.48347e-07 -7.88844e-08 -8.95224e-25)
(-5.48347e-07 -7.88844e-08 -8.95224e-25)
(-5.48347e-07 -7.88844e-08 -8.95224e-25)
(-5.48347e-07 -7.88844e-08 -8.95224e-25)
(-5.48347e-07 -7.88844e-08 -8.95224e-25)
(-5.48347e-07 -7.88844e-08 -8.95224e-25)
(-5.48347e-07 -7.88844e-08 -8.95224e-25)
(-5.48347e-07 -7.88844e-08 -8.95224e-25)
(-5.48347e-07 -7.88844e-08 -8.95224e-25)
(-5.48347e-07 -7.88844e-08 -8.95224e-25)
(-5.48347e-07 -7.88844e-08 -8.95224e-25)
(-5.48347e-07 -7.88844e-08 -8.95224e-25)
(-5.48347e-07 -7.88844e-08 -8.95224e-25)
(-5.48347e-07 -7.88844e-08 -8.95224e-25)
(-5.48347e-07 -7.88844e-08 -8.95224e-25)
(-5.49509e-07 -7.92874e-08 0)
(-5.49509e-07 -7.92874e-08 -2.70261e-24)
(-5.49509e-07 -7.92874e-08 -2.70261e-24)
(-5.49509e-07 -7.92874e-08 -2.70261e-24)
(-5.49509e-07 -7.92874e-08 -2.70261e-24)
(-5.49509e-07 -7.92874e-08 -2.70261e-24)
(-5.49509e-07 -7.92874e-08 -2.70261e-24)
(-5.49509e-07 -7.92874e-08 -2.70261e-24)
(-5.49509e-07 -7.92874e-08 -2.70261e-24)
(-5.49509e-07 -7.92874e-08 -2.70261e-24)
(-5.49509e-07 -7.92874e-08 -2.70261e-24)
(-5.49509e-07 -7.92874e-08 -2.70261e-24)
(-5.49509e-07 -7.92874e-08 -2.70261e-24)
(-5.49509e-07 -7.92874e-08 -2.70261e-24)
(-5.49509e-07 -7.92874e-08 -2.70261e-24)
(-5.49509e-07 -7.92874e-08 -2.70261e-24)
(-5.49509e-07 -7.92874e-08 -2.70261e-24)
(-5.49509e-07 -7.92874e-08 -2.70261e-24)
(-5.49509e-07 -7.92874e-08 -2.70261e-24)
(-5.49509e-07 -7.92874e-08 -2.70261e-24)
(-5.49509e-07 -7.92874e-08 -2.70261e-24)
(-5.49509e-07 -7.92874e-08 -2.70261e-24)
(-5.49509e-07 -7.92874e-08 -2.70261e-24)
(-5.49509e-07 -7.92874e-08 -2.70261e-24)
(-5.49509e-07 -7.92874e-08 -2.70261e-24)
(-5.49509e-07 -7.92874e-08 -2.70261e-24)
(-5.49509e-07 -7.92874e-08 -2.70261e-24)
(-5.49509e-07 -7.92874e-08 -2.70261e-24)
(-5.49509e-07 -7.92874e-08 -2.70261e-24)
(-5.49509e-07 -7.92874e-08 -2.70261e-24)
(-5.49509e-07 -7.92874e-08 -2.70261e-24)
(-5.49509e-07 -7.92874e-08 -2.70261e-24)
(-5.49509e-07 -7.92874e-08 -2.70261e-24)
(-5.49509e-07 -7.92874e-08 -2.70261e-24)
(-5.49509e-07 -7.92874e-08 -2.70261e-24)
(-5.49509e-07 -7.92874e-08 -2.70261e-24)
(-5.49509e-07 -7.92874e-08 -2.70261e-24)
(-5.49509e-07 -7.92874e-08 -2.70261e-24)
(-5.49509e-07 -7.92874e-08 -2.70261e-24)
(-5.49509e-07 -7.92874e-08 -2.70261e-24)
(-5.49509e-07 -7.92874e-08 -2.70261e-24)
(-5.49509e-07 -7.92874e-08 -2.70261e-24)
(-5.49509e-07 -7.92874e-08 -2.70261e-24)
(-5.49509e-07 -7.92874e-08 -2.70261e-24)
(-5.49509e-07 -7.92874e-08 -2.70261e-24)
(-5.49509e-07 -7.92874e-08 -2.70261e-24)
(-5.49509e-07 -7.92874e-08 -2.70261e-24)
(-5.49509e-07 -7.92874e-08 -2.70261e-24)
(-5.49509e-07 -7.92874e-08 -2.70261e-24)
(-5.49509e-07 -7.92874e-08 -2.70261e-24)
(-5.49509e-07 -7.92874e-08 -2.70261e-24)
(-5.49509e-07 -7.92874e-08 -2.70261e-24)
(-5.49509e-07 -7.92874e-08 -2.70261e-24)
(-5.49509e-07 -7.92874e-08 -2.70261e-24)
(-5.49509e-07 -7.92874e-08 -2.70261e-24)
(-5.49509e-07 -7.92874e-08 -2.70261e-24)
(-5.49509e-07 -7.92874e-08 -2.70261e-24)
(-5.49509e-07 -7.92874e-08 -2.70261e-24)
(-5.49509e-07 -7.92874e-08 -2.70261e-24)
(-5.49509e-07 -7.92874e-08 -5.40522e-24)
(-5.39826e-07 -7.79143e-08 -1.77207e-24)
(-5.39826e-07 -7.79143e-08 -1.77207e-24)
(-5.39826e-07 -7.79143e-08 -1.77207e-24)
(-5.39826e-07 -7.79143e-08 -1.77207e-24)
(-5.39826e-07 -7.79143e-08 -1.77207e-24)
(-5.39826e-07 -7.79143e-08 -1.77207e-24)
(-5.39826e-07 -7.79143e-08 -1.77207e-24)
(-5.39826e-07 -7.79143e-08 -1.77207e-24)
(-5.39826e-07 -7.79143e-08 -1.77207e-24)
(-5.39826e-07 -7.79143e-08 -1.77207e-24)
(-5.39826e-07 -7.79143e-08 -1.77207e-24)
(-5.39826e-07 -7.79143e-08 -1.77207e-24)
(-5.39826e-07 -7.79143e-08 -1.77207e-24)
(-5.39826e-07 -7.79143e-08 -1.77207e-24)
(-5.39826e-07 -7.79143e-08 -1.77207e-24)
(-5.39826e-07 -7.79143e-08 -1.77207e-24)
(-5.39826e-07 -7.79143e-08 -1.77207e-24)
(-5.39826e-07 -7.79143e-08 -1.77207e-24)
(-5.39826e-07 -7.79143e-08 -1.77207e-24)
(-5.39826e-07 -7.79143e-08 -1.77207e-24)
(-5.39826e-07 -7.79143e-08 -1.77207e-24)
(-5.39826e-07 -7.79143e-08 -1.77207e-24)
(-5.39826e-07 -7.79143e-08 -1.77207e-24)
(-5.39826e-07 -7.79143e-08 -1.77207e-24)
(-5.39826e-07 -7.79143e-08 -1.77207e-24)
(-5.39826e-07 -7.79143e-08 -1.77207e-24)
(-5.39826e-07 -7.79143e-08 -1.77207e-24)
(-5.39826e-07 -7.79143e-08 -1.77207e-24)
(-5.39826e-07 -7.79143e-08 -1.77207e-24)
(-5.39826e-07 -7.79143e-08 -1.77207e-24)
(-5.39826e-07 -7.79143e-08 -1.77207e-24)
(-5.39826e-07 -7.79143e-08 -1.77207e-24)
(-5.39826e-07 -7.79143e-08 -1.77207e-24)
(-5.39826e-07 -7.79143e-08 -1.77207e-24)
(-5.39826e-07 -7.79143e-08 -1.77207e-24)
(-5.39826e-07 -7.79143e-08 -1.77207e-24)
(-5.39826e-07 -7.79143e-08 -1.77207e-24)
(-5.39826e-07 -7.79143e-08 -1.77207e-24)
(-5.39826e-07 -7.79143e-08 -1.77207e-24)
(-5.39826e-07 -7.79143e-08 -1.77207e-24)
(-5.39826e-07 -7.79143e-08 -1.77207e-24)
(-5.39826e-07 -7.79143e-08 -1.77207e-24)
(-5.39826e-07 -7.79143e-08 -1.77207e-24)
(-5.39826e-07 -7.79143e-08 -1.77207e-24)
(-5.39826e-07 -7.79143e-08 -1.77207e-24)
(-5.39826e-07 -7.79143e-08 -1.77207e-24)
(-5.39826e-07 -7.79143e-08 -1.77207e-24)
(-5.39826e-07 -7.79143e-08 -1.77207e-24)
(-5.39826e-07 -7.79143e-08 -1.77207e-24)
(-5.39826e-07 -7.79143e-08 -1.77207e-24)
(-5.39826e-07 -7.79143e-08 -1.77207e-24)
(-5.39826e-07 -7.79143e-08 -1.77207e-24)
(-5.39826e-07 -7.79143e-08 -1.77207e-24)
(-5.39826e-07 -7.79143e-08 -1.77207e-24)
(-5.39826e-07 -7.79143e-08 -1.77207e-24)
(-5.39826e-07 -7.79143e-08 -1.77207e-24)
(-5.39826e-07 -7.79143e-08 -1.77207e-24)
(-5.39826e-07 -7.79143e-08 -1.77207e-24)
(-5.39826e-07 -7.79143e-08 -1.77207e-24)
(-5.39826e-07 -7.79143e-08 -1.77207e-24)
(-5.21442e-07 -7.52434e-08 -5.19892e-24)
(-5.21442e-07 -7.52434e-08 0)
(-5.21442e-07 -7.52434e-08 0)
(-5.21442e-07 -7.52434e-08 0)
(-5.21442e-07 -7.52434e-08 0)
(-5.21442e-07 -7.52434e-08 0)
(-5.21442e-07 -7.52434e-08 0)
(-5.21442e-07 -7.52434e-08 0)
(-5.21442e-07 -7.52434e-08 0)
(-5.21442e-07 -7.52434e-08 0)
(-5.21442e-07 -7.52434e-08 0)
(-5.21442e-07 -7.52434e-08 0)
(-5.21442e-07 -7.52434e-08 0)
(-5.21442e-07 -7.52434e-08 0)
(-5.21442e-07 -7.52434e-08 0)
(-5.21442e-07 -7.52434e-08 0)
(-5.21442e-07 -7.52434e-08 0)
(-5.21442e-07 -7.52434e-08 0)
(-5.21442e-07 -7.52434e-08 0)
(-5.21442e-07 -7.52434e-08 0)
(-5.21442e-07 -7.52434e-08 0)
(-5.21442e-07 -7.52434e-08 0)
(-5.21442e-07 -7.52434e-08 0)
(-5.21442e-07 -7.52434e-08 0)
(-5.21442e-07 -7.52434e-08 0)
(-5.21442e-07 -7.52434e-08 0)
(-5.21442e-07 -7.52434e-08 0)
(-5.21442e-07 -7.52434e-08 0)
(-5.21442e-07 -7.52434e-08 0)
(-5.21442e-07 -7.52434e-08 0)
(-5.21442e-07 -7.52434e-08 0)
(-5.21442e-07 -7.52434e-08 0)
(-5.21442e-07 -7.52434e-08 0)
(-5.21442e-07 -7.52434e-08 0)
(-5.21442e-07 -7.52434e-08 0)
(-5.21442e-07 -7.52434e-08 0)
(-5.21442e-07 -7.52434e-08 0)
(-5.21442e-07 -7.52434e-08 0)
(-5.21442e-07 -7.52434e-08 0)
(-5.21442e-07 -7.52434e-08 0)
(-5.21442e-07 -7.52434e-08 0)
(-5.21442e-07 -7.52434e-08 0)
(-5.21442e-07 -7.52434e-08 0)
(-5.21442e-07 -7.52434e-08 0)
(-5.21442e-07 -7.52434e-08 0)
(-5.21442e-07 -7.52434e-08 0)
(-5.21442e-07 -7.52434e-08 0)
(-5.21442e-07 -7.52434e-08 0)
(-5.21442e-07 -7.52434e-08 0)
(-5.21442e-07 -7.52434e-08 0)
(-5.21442e-07 -7.52434e-08 0)
(-5.21442e-07 -7.52434e-08 0)
(-5.21442e-07 -7.52434e-08 0)
(-5.21442e-07 -7.52434e-08 0)
(-5.21442e-07 -7.52434e-08 0)
(-5.21442e-07 -7.52434e-08 0)
(-5.21442e-07 -7.52434e-08 0)
(-5.21442e-07 -7.52434e-08 0)
(-5.21442e-07 -7.52434e-08 0)
(-5.21442e-07 -7.52434e-08 2.59946e-24)
(-5.01422e-07 -7.2287e-08 4.96915e-24)
(-5.01422e-07 -7.2287e-08 0)
(-5.01422e-07 -7.2287e-08 0)
(-5.01422e-07 -7.2287e-08 0)
(-5.01422e-07 -7.2287e-08 0)
(-5.01422e-07 -7.2287e-08 0)
(-5.01422e-07 -7.2287e-08 0)
(-5.01422e-07 -7.2287e-08 0)
(-5.01422e-07 -7.2287e-08 0)
(-5.01422e-07 -7.2287e-08 0)
(-5.01422e-07 -7.2287e-08 0)
(-5.01422e-07 -7.2287e-08 0)
(-5.01422e-07 -7.2287e-08 0)
(-5.01422e-07 -7.2287e-08 0)
(-5.01422e-07 -7.2287e-08 0)
(-5.01422e-07 -7.2287e-08 0)
(-5.01422e-07 -7.2287e-08 0)
(-5.01422e-07 -7.2287e-08 0)
(-5.01422e-07 -7.2287e-08 0)
(-5.01422e-07 -7.2287e-08 0)
(-5.01422e-07 -7.2287e-08 0)
(-5.01422e-07 -7.2287e-08 0)
(-5.01422e-07 -7.2287e-08 0)
(-5.01422e-07 -7.2287e-08 0)
(-5.01422e-07 -7.2287e-08 0)
(-5.01422e-07 -7.2287e-08 0)
(-5.01422e-07 -7.2287e-08 0)
(-5.01422e-07 -7.2287e-08 0)
(-5.01422e-07 -7.2287e-08 0)
(-5.01422e-07 -7.2287e-08 0)
(-5.01422e-07 -7.2287e-08 0)
(-5.01422e-07 -7.2287e-08 0)
(-5.01422e-07 -7.2287e-08 0)
(-5.01422e-07 -7.2287e-08 0)
(-5.01422e-07 -7.2287e-08 0)
(-5.01422e-07 -7.2287e-08 0)
(-5.01422e-07 -7.2287e-08 0)
(-5.01422e-07 -7.2287e-08 0)
(-5.01422e-07 -7.2287e-08 0)
(-5.01422e-07 -7.2287e-08 0)
(-5.01422e-07 -7.2287e-08 0)
(-5.01422e-07 -7.2287e-08 0)
(-5.01422e-07 -7.2287e-08 0)
(-5.01422e-07 -7.2287e-08 0)
(-5.01422e-07 -7.2287e-08 0)
(-5.01422e-07 -7.2287e-08 0)
(-5.01422e-07 -7.2287e-08 0)
(-5.01422e-07 -7.2287e-08 0)
(-5.01422e-07 -7.2287e-08 0)
(-5.01422e-07 -7.2287e-08 0)
(-5.01422e-07 -7.2287e-08 0)
(-5.01422e-07 -7.2287e-08 0)
(-5.01422e-07 -7.2287e-08 0)
(-5.01422e-07 -7.2287e-08 0)
(-5.01422e-07 -7.2287e-08 0)
(-5.01422e-07 -7.2287e-08 0)
(-5.01422e-07 -7.2287e-08 0)
(-5.01422e-07 -7.2287e-08 0)
(-5.01422e-07 -7.2287e-08 0)
(-5.01422e-07 -7.2287e-08 -4.96915e-24)
(-4.83808e-07 -6.96536e-08 3.94651e-24)
(-4.83808e-07 -6.96536e-08 -8.11521e-25)
(-4.83808e-07 -6.96536e-08 -8.11521e-25)
(-4.83808e-07 -6.96536e-08 -8.11521e-25)
(-4.83808e-07 -6.96536e-08 -8.11521e-25)
(-4.83808e-07 -6.96536e-08 -8.11521e-25)
(-4.83808e-07 -6.96536e-08 -8.11521e-25)
(-4.83808e-07 -6.96536e-08 -8.11521e-25)
(-4.83808e-07 -6.96536e-08 -8.11521e-25)
(-4.83808e-07 -6.96536e-08 -8.11521e-25)
(-4.83808e-07 -6.96536e-08 -8.11521e-25)
(-4.83808e-07 -6.96536e-08 -8.11521e-25)
(-4.83808e-07 -6.96536e-08 -8.11521e-25)
(-4.83808e-07 -6.96536e-08 -8.11521e-25)
(-4.83808e-07 -6.96536e-08 -8.11521e-25)
(-4.83808e-07 -6.96536e-08 -8.11521e-25)
(-4.83808e-07 -6.96536e-08 -8.11521e-25)
(-4.83808e-07 -6.96536e-08 -8.11521e-25)
(-4.83808e-07 -6.96536e-08 -8.11521e-25)
(-4.83808e-07 -6.96536e-08 -8.11521e-25)
(-4.83808e-07 -6.96536e-08 -8.11521e-25)
(-4.83808e-07 -6.96536e-08 -8.11521e-25)
(-4.83808e-07 -6.96536e-08 -8.11521e-25)
(-4.83808e-07 -6.96536e-08 -8.11521e-25)
(-4.83808e-07 -6.96536e-08 -8.11521e-25)
(-4.83808e-07 -6.96536e-08 -8.11521e-25)
(-4.83808e-07 -6.96536e-08 -8.11521e-25)
(-4.83808e-07 -6.96536e-08 -8.11521e-25)
(-4.83808e-07 -6.96536e-08 -8.11521e-25)
(-4.83808e-07 -6.96536e-08 -8.11521e-25)
(-4.83808e-07 -6.96536e-08 -8.11521e-25)
(-4.83808e-07 -6.96536e-08 -8.11521e-25)
(-4.83808e-07 -6.96536e-08 -8.11521e-25)
(-4.83808e-07 -6.96536e-08 -8.11521e-25)
(-4.83808e-07 -6.96536e-08 -8.11521e-25)
(-4.83808e-07 -6.96536e-08 -8.11521e-25)
(-4.83808e-07 -6.96536e-08 -8.11521e-25)
(-4.83808e-07 -6.96536e-08 -8.11521e-25)
(-4.83808e-07 -6.96536e-08 -8.11521e-25)
(-4.83808e-07 -6.96536e-08 -8.11521e-25)
(-4.83808e-07 -6.96536e-08 -8.11521e-25)
(-4.83808e-07 -6.96536e-08 -8.11521e-25)
(-4.83808e-07 -6.96536e-08 -8.11521e-25)
(-4.83808e-07 -6.96536e-08 -8.11521e-25)
(-4.83808e-07 -6.96536e-08 -8.11521e-25)
(-4.83808e-07 -6.96536e-08 -8.11521e-25)
(-4.83808e-07 -6.96536e-08 -8.11521e-25)
(-4.83808e-07 -6.96536e-08 -8.11521e-25)
(-4.83808e-07 -6.96536e-08 -8.11521e-25)
(-4.83808e-07 -6.96536e-08 -8.11521e-25)
(-4.83808e-07 -6.96536e-08 -8.11521e-25)
(-4.83808e-07 -6.96536e-08 -8.11521e-25)
(-4.83808e-07 -6.96536e-08 -8.11521e-25)
(-4.83808e-07 -6.96536e-08 -8.11521e-25)
(-4.83808e-07 -6.96536e-08 -8.11521e-25)
(-4.83808e-07 -6.96536e-08 -8.11521e-25)
(-4.83808e-07 -6.96536e-08 -8.11521e-25)
(-4.83808e-07 -6.96536e-08 -8.11521e-25)
(-4.83808e-07 -6.96536e-08 -8.11521e-25)
(-4.83808e-07 -6.96536e-08 -8.11521e-25)
(-4.68393e-07 -6.73351e-08 4.56956e-24)
(-4.68393e-07 -6.73351e-08 4.56956e-24)
(-4.68393e-07 -6.73351e-08 4.56956e-24)
(-4.68393e-07 -6.73351e-08 4.56956e-24)
(-4.68393e-07 -6.73351e-08 4.56956e-24)
(-4.68393e-07 -6.73351e-08 4.56956e-24)
(-4.68393e-07 -6.73351e-08 4.56956e-24)
(-4.68393e-07 -6.73351e-08 4.56956e-24)
(-4.68393e-07 -6.73351e-08 4.56956e-24)
(-4.68393e-07 -6.73351e-08 4.56956e-24)
(-4.68393e-07 -6.73351e-08 4.56956e-24)
(-4.68393e-07 -6.73351e-08 4.56956e-24)
(-4.68393e-07 -6.73351e-08 4.56956e-24)
(-4.68393e-07 -6.73351e-08 4.56956e-24)
(-4.68393e-07 -6.73351e-08 4.56956e-24)
(-4.68393e-07 -6.73351e-08 4.56956e-24)
(-4.68393e-07 -6.73351e-08 4.56956e-24)
(-4.68393e-07 -6.73351e-08 4.56956e-24)
(-4.68393e-07 -6.73351e-08 4.56956e-24)
(-4.68393e-07 -6.73351e-08 4.56956e-24)
(-4.68393e-07 -6.73351e-08 4.56956e-24)
(-4.68393e-07 -6.73351e-08 4.56956e-24)
(-4.68393e-07 -6.73351e-08 4.56956e-24)
(-4.68393e-07 -6.73351e-08 4.56956e-24)
(-4.68393e-07 -6.73351e-08 4.56956e-24)
(-4.68393e-07 -6.73351e-08 4.56956e-24)
(-4.68393e-07 -6.73351e-08 4.56956e-24)
(-4.68393e-07 -6.73351e-08 4.56956e-24)
(-4.68393e-07 -6.73351e-08 4.56956e-24)
(-4.68393e-07 -6.73351e-08 4.56956e-24)
(-4.68393e-07 -6.73351e-08 4.56956e-24)
(-4.68393e-07 -6.73351e-08 4.56956e-24)
(-4.68393e-07 -6.73351e-08 4.56956e-24)
(-4.68393e-07 -6.73351e-08 4.56956e-24)
(-4.68393e-07 -6.73351e-08 4.56956e-24)
(-4.68393e-07 -6.73351e-08 4.56956e-24)
(-4.68393e-07 -6.73351e-08 4.56956e-24)
(-4.68393e-07 -6.73351e-08 4.56956e-24)
(-4.68393e-07 -6.73351e-08 4.56956e-24)
(-4.68393e-07 -6.73351e-08 4.56956e-24)
(-4.68393e-07 -6.73351e-08 4.56956e-24)
(-4.68393e-07 -6.73351e-08 4.56956e-24)
(-4.68393e-07 -6.73351e-08 4.56956e-24)
(-4.68393e-07 -6.73351e-08 4.56956e-24)
(-4.68393e-07 -6.73351e-08 4.56956e-24)
(-4.68393e-07 -6.73351e-08 4.56956e-24)
(-4.68393e-07 -6.73351e-08 4.56956e-24)
(-4.68393e-07 -6.73351e-08 4.56956e-24)
(-4.68393e-07 -6.73351e-08 4.56956e-24)
(-4.68393e-07 -6.73351e-08 4.56956e-24)
(-4.68393e-07 -6.73351e-08 4.56956e-24)
(-4.68393e-07 -6.73351e-08 4.56956e-24)
(-4.68393e-07 -6.73351e-08 4.56956e-24)
(-4.68393e-07 -6.73351e-08 4.56956e-24)
(-4.68393e-07 -6.73351e-08 4.56956e-24)
(-4.68393e-07 -6.73351e-08 4.56956e-24)
(-4.68393e-07 -6.73351e-08 4.56956e-24)
(-4.68393e-07 -6.73351e-08 4.56956e-24)
(-4.68393e-07 -6.73351e-08 4.56956e-24)
(-4.68393e-07 -6.73351e-08 4.56956e-24)
(-4.54936e-07 -6.5313e-08 5.15581e-24)
(-4.54936e-07 -6.5313e-08 7.51284e-25)
(-4.54936e-07 -6.5313e-08 7.51284e-25)
(-4.54936e-07 -6.5313e-08 7.51284e-25)
(-4.54936e-07 -6.5313e-08 7.51284e-25)
(-4.54936e-07 -6.5313e-08 7.51284e-25)
(-4.54936e-07 -6.5313e-08 7.51284e-25)
(-4.54936e-07 -6.5313e-08 7.51284e-25)
(-4.54936e-07 -6.5313e-08 7.51284e-25)
(-4.54936e-07 -6.5313e-08 7.51284e-25)
(-4.54936e-07 -6.5313e-08 7.51284e-25)
(-4.54936e-07 -6.5313e-08 7.51284e-25)
(-4.54936e-07 -6.5313e-08 7.51284e-25)
(-4.54936e-07 -6.5313e-08 7.51284e-25)
(-4.54936e-07 -6.5313e-08 7.51284e-25)
(-4.54936e-07 -6.5313e-08 7.51284e-25)
(-4.54936e-07 -6.5313e-08 7.51284e-25)
(-4.54936e-07 -6.5313e-08 7.51284e-25)
(-4.54936e-07 -6.5313e-08 7.51284e-25)
(-4.54936e-07 -6.5313e-08 7.51284e-25)
(-4.54936e-07 -6.5313e-08 7.51284e-25)
(-4.54936e-07 -6.5313e-08 7.51284e-25)
(-4.54936e-07 -6.5313e-08 7.51284e-25)
(-4.54936e-07 -6.5313e-08 7.51284e-25)
(-4.54936e-07 -6.5313e-08 7.51284e-25)
(-4.54936e-07 -6.5313e-08 7.51284e-25)
(-4.54936e-07 -6.5313e-08 7.51284e-25)
(-4.54936e-07 -6.5313e-08 7.51284e-25)
(-4.54936e-07 -6.5313e-08 7.51284e-25)
(-4.54936e-07 -6.5313e-08 7.51284e-25)
(-4.54936e-07 -6.5313e-08 7.51284e-25)
(-4.54936e-07 -6.5313e-08 7.51284e-25)
(-4.54936e-07 -6.5313e-08 7.51284e-25)
(-4.54936e-07 -6.5313e-08 7.51284e-25)
(-4.54936e-07 -6.5313e-08 7.51284e-25)
(-4.54936e-07 -6.5313e-08 7.51284e-25)
(-4.54936e-07 -6.5313e-08 7.51284e-25)
(-4.54936e-07 -6.5313e-08 7.51284e-25)
(-4.54936e-07 -6.5313e-08 7.51284e-25)
(-4.54936e-07 -6.5313e-08 7.51284e-25)
(-4.54936e-07 -6.5313e-08 7.51284e-25)
(-4.54936e-07 -6.5313e-08 7.51284e-25)
(-4.54936e-07 -6.5313e-08 7.51284e-25)
(-4.54936e-07 -6.5313e-08 7.51284e-25)
(-4.54936e-07 -6.5313e-08 7.51284e-25)
(-4.54936e-07 -6.5313e-08 7.51284e-25)
(-4.54936e-07 -6.5313e-08 7.51284e-25)
(-4.54936e-07 -6.5313e-08 7.51284e-25)
(-4.54936e-07 -6.5313e-08 7.51284e-25)
(-4.54936e-07 -6.5313e-08 7.51284e-25)
(-4.54936e-07 -6.5313e-08 7.51284e-25)
(-4.54936e-07 -6.5313e-08 7.51284e-25)
(-4.54936e-07 -6.5313e-08 7.51284e-25)
(-4.54936e-07 -6.5313e-08 7.51284e-25)
(-4.54936e-07 -6.5313e-08 7.51284e-25)
(-4.54936e-07 -6.5313e-08 7.51284e-25)
(-4.54936e-07 -6.5313e-08 7.51284e-25)
(-4.54936e-07 -6.5313e-08 7.51284e-25)
(-4.54936e-07 -6.5313e-08 7.51284e-25)
(-4.54936e-07 -6.5313e-08 -3.65324e-24)
(-4.43248e-07 -6.35725e-08 0)
(-4.43248e-07 -6.35725e-08 0)
(-4.43248e-07 -6.35725e-08 0)
(-4.43248e-07 -6.35725e-08 0)
(-4.43248e-07 -6.35725e-08 0)
(-4.43248e-07 -6.35725e-08 0)
(-4.43248e-07 -6.35725e-08 0)
(-4.43248e-07 -6.35725e-08 0)
(-4.43248e-07 -6.35725e-08 0)
(-4.43248e-07 -6.35725e-08 0)
(-4.43248e-07 -6.35725e-08 0)
(-4.43248e-07 -6.35725e-08 0)
(-4.43248e-07 -6.35725e-08 0)
(-4.43248e-07 -6.35725e-08 0)
(-4.43248e-07 -6.35725e-08 0)
(-4.43248e-07 -6.35725e-08 0)
(-4.43248e-07 -6.35725e-08 0)
(-4.43248e-07 -6.35725e-08 0)
(-4.43248e-07 -6.35725e-08 0)
(-4.43248e-07 -6.35725e-08 0)
(-4.43248e-07 -6.35725e-08 0)
(-4.43248e-07 -6.35725e-08 0)
(-4.43248e-07 -6.35725e-08 0)
(-4.43248e-07 -6.35725e-08 0)
(-4.43248e-07 -6.35725e-08 0)
(-4.43248e-07 -6.35725e-08 0)
(-4.43248e-07 -6.35725e-08 0)
(-4.43248e-07 -6.35725e-08 0)
(-4.43248e-07 -6.35725e-08 0)
(-4.43248e-07 -6.35725e-08 0)
(-4.43248e-07 -6.35725e-08 0)
(-4.43248e-07 -6.35725e-08 0)
(-4.43248e-07 -6.35725e-08 0)
(-4.43248e-07 -6.35725e-08 0)
(-4.43248e-07 -6.35725e-08 0)
(-4.43248e-07 -6.35725e-08 0)
(-4.43248e-07 -6.35725e-08 0)
(-4.43248e-07 -6.35725e-08 0)
(-4.43248e-07 -6.35725e-08 0)
(-4.43248e-07 -6.35725e-08 0)
(-4.43248e-07 -6.35725e-08 0)
(-4.43248e-07 -6.35725e-08 0)
(-4.43248e-07 -6.35725e-08 0)
(-4.43248e-07 -6.35725e-08 0)
(-4.43248e-07 -6.35725e-08 0)
(-4.43248e-07 -6.35725e-08 0)
(-4.43248e-07 -6.35725e-08 0)
(-4.43248e-07 -6.35725e-08 0)
(-4.43248e-07 -6.35725e-08 0)
(-4.43248e-07 -6.35725e-08 0)
(-4.43248e-07 -6.35725e-08 0)
(-4.43248e-07 -6.35725e-08 0)
(-4.43248e-07 -6.35725e-08 0)
(-4.43248e-07 -6.35725e-08 0)
(-4.43248e-07 -6.35725e-08 0)
(-4.43248e-07 -6.35725e-08 0)
(-4.43248e-07 -6.35725e-08 0)
(-4.43248e-07 -6.35725e-08 0)
(-4.43248e-07 -6.35725e-08 0)
(-4.43248e-07 -6.35725e-08 0)
(-4.32598e-07 -6.19949e-08 0)
(-4.32598e-07 -6.19949e-08 0)
(-4.32598e-07 -6.19949e-08 0)
(-4.32598e-07 -6.19949e-08 0)
(-4.32598e-07 -6.19949e-08 0)
(-4.32598e-07 -6.19949e-08 0)
(-4.32598e-07 -6.19949e-08 0)
(-4.32598e-07 -6.19949e-08 0)
(-4.32598e-07 -6.19949e-08 0)
(-4.32598e-07 -6.19949e-08 0)
(-4.32598e-07 -6.19949e-08 0)
(-4.32598e-07 -6.19949e-08 0)
(-4.32598e-07 -6.19949e-08 0)
(-4.32598e-07 -6.19949e-08 0)
(-4.32598e-07 -6.19949e-08 0)
(-4.32598e-07 -6.19949e-08 0)
(-4.32598e-07 -6.19949e-08 0)
(-4.32598e-07 -6.19949e-08 0)
(-4.32598e-07 -6.19949e-08 0)
(-4.32598e-07 -6.19949e-08 0)
(-4.32598e-07 -6.19949e-08 0)
(-4.32598e-07 -6.19949e-08 0)
(-4.32598e-07 -6.19949e-08 0)
(-4.32598e-07 -6.19949e-08 0)
(-4.32598e-07 -6.19949e-08 0)
(-4.32598e-07 -6.19949e-08 0)
(-4.32598e-07 -6.19949e-08 0)
(-4.32598e-07 -6.19949e-08 0)
(-4.32598e-07 -6.19949e-08 0)
(-4.32598e-07 -6.19949e-08 0)
(-4.32598e-07 -6.19949e-08 0)
(-4.32598e-07 -6.19949e-08 0)
(-4.32598e-07 -6.19949e-08 0)
(-4.32598e-07 -6.19949e-08 0)
(-4.32598e-07 -6.19949e-08 0)
(-4.32598e-07 -6.19949e-08 0)
(-4.32598e-07 -6.19949e-08 0)
(-4.32598e-07 -6.19949e-08 0)
(-4.32598e-07 -6.19949e-08 0)
(-4.32598e-07 -6.19949e-08 0)
(-4.32598e-07 -6.19949e-08 0)
(-4.32598e-07 -6.19949e-08 0)
(-4.32598e-07 -6.19949e-08 0)
(-4.32598e-07 -6.19949e-08 0)
(-4.32598e-07 -6.19949e-08 0)
(-4.32598e-07 -6.19949e-08 0)
(-4.32598e-07 -6.19949e-08 0)
(-4.32598e-07 -6.19949e-08 0)
(-4.32598e-07 -6.19949e-08 0)
(-4.32598e-07 -6.19949e-08 0)
(-4.32598e-07 -6.19949e-08 0)
(-4.32598e-07 -6.19949e-08 0)
(-4.32598e-07 -6.19949e-08 0)
(-4.32598e-07 -6.19949e-08 0)
(-4.32598e-07 -6.19949e-08 0)
(-4.32598e-07 -6.19949e-08 0)
(-4.32598e-07 -6.19949e-08 0)
(-4.32598e-07 -6.19949e-08 0)
(-4.32598e-07 -6.19949e-08 0)
(-4.32598e-07 -6.19949e-08 0)
(-4.2036e-07 -6.01022e-08 4.65025e-24)
(-4.2036e-07 -6.01022e-08 4.65025e-24)
(-4.2036e-07 -6.01022e-08 4.65025e-24)
(-4.2036e-07 -6.01022e-08 4.65025e-24)
(-4.2036e-07 -6.01022e-08 4.65025e-24)
(-4.2036e-07 -6.01022e-08 4.65025e-24)
(-4.2036e-07 -6.01022e-08 4.65025e-24)
(-4.2036e-07 -6.01022e-08 4.65025e-24)
(-4.2036e-07 -6.01022e-08 4.65025e-24)
(-4.2036e-07 -6.01022e-08 4.65025e-24)
(-4.2036e-07 -6.01022e-08 4.65025e-24)
(-4.2036e-07 -6.01022e-08 4.65025e-24)
(-4.2036e-07 -6.01022e-08 4.65025e-24)
(-4.2036e-07 -6.01022e-08 4.65025e-24)
(-4.2036e-07 -6.01022e-08 4.65025e-24)
(-4.2036e-07 -6.01022e-08 4.65025e-24)
(-4.2036e-07 -6.01022e-08 4.65025e-24)
(-4.2036e-07 -6.01022e-08 4.65025e-24)
(-4.2036e-07 -6.01022e-08 4.65025e-24)
(-4.2036e-07 -6.01022e-08 4.65025e-24)
(-4.2036e-07 -6.01022e-08 4.65025e-24)
(-4.2036e-07 -6.01022e-08 4.65025e-24)
(-4.2036e-07 -6.01022e-08 4.65025e-24)
(-4.2036e-07 -6.01022e-08 4.65025e-24)
(-4.2036e-07 -6.01022e-08 4.65025e-24)
(-4.2036e-07 -6.01022e-08 4.65025e-24)
(-4.2036e-07 -6.01022e-08 4.65025e-24)
(-4.2036e-07 -6.01022e-08 4.65025e-24)
(-4.2036e-07 -6.01022e-08 4.65025e-24)
(-4.2036e-07 -6.01022e-08 4.65025e-24)
(-4.2036e-07 -6.01022e-08 4.65025e-24)
(-4.2036e-07 -6.01022e-08 4.65025e-24)
(-4.2036e-07 -6.01022e-08 4.65025e-24)
(-4.2036e-07 -6.01022e-08 4.65025e-24)
(-4.2036e-07 -6.01022e-08 4.65025e-24)
(-4.2036e-07 -6.01022e-08 4.65025e-24)
(-4.2036e-07 -6.01022e-08 4.65025e-24)
(-4.2036e-07 -6.01022e-08 4.65025e-24)
(-4.2036e-07 -6.01022e-08 4.65025e-24)
(-4.2036e-07 -6.01022e-08 4.65025e-24)
(-4.2036e-07 -6.01022e-08 4.65025e-24)
(-4.2036e-07 -6.01022e-08 4.65025e-24)
(-4.2036e-07 -6.01022e-08 4.65025e-24)
(-4.2036e-07 -6.01022e-08 4.65025e-24)
(-4.2036e-07 -6.01022e-08 4.65025e-24)
(-4.2036e-07 -6.01022e-08 4.65025e-24)
(-4.2036e-07 -6.01022e-08 4.65025e-24)
(-4.2036e-07 -6.01022e-08 4.65025e-24)
(-4.2036e-07 -6.01022e-08 4.65025e-24)
(-4.2036e-07 -6.01022e-08 4.65025e-24)
(-4.2036e-07 -6.01022e-08 4.65025e-24)
(-4.2036e-07 -6.01022e-08 4.65025e-24)
(-4.2036e-07 -6.01022e-08 4.65025e-24)
(-4.2036e-07 -6.01022e-08 4.65025e-24)
(-4.2036e-07 -6.01022e-08 4.65025e-24)
(-4.2036e-07 -6.01022e-08 4.65025e-24)
(-4.2036e-07 -6.01022e-08 4.65025e-24)
(-4.2036e-07 -6.01022e-08 4.65025e-24)
(-4.2036e-07 -6.01022e-08 4.65025e-24)
(-4.2036e-07 -6.01022e-08 4.65025e-24)
(-4.05781e-07 -5.7702e-08 3.76259e-24)
(-4.05781e-07 -5.7702e-08 3.76259e-24)
(-4.05781e-07 -5.7702e-08 3.76259e-24)
(-4.05781e-07 -5.7702e-08 3.76259e-24)
(-4.05781e-07 -5.7702e-08 3.76259e-24)
(-4.05781e-07 -5.7702e-08 3.76259e-24)
(-4.05781e-07 -5.7702e-08 3.76259e-24)
(-4.05781e-07 -5.7702e-08 3.76259e-24)
(-4.05781e-07 -5.7702e-08 3.76259e-24)
(-4.05781e-07 -5.7702e-08 3.76259e-24)
(-4.05781e-07 -5.7702e-08 3.76259e-24)
(-4.05781e-07 -5.7702e-08 3.76259e-24)
(-4.05781e-07 -5.7702e-08 3.76259e-24)
(-4.05781e-07 -5.7702e-08 3.76259e-24)
(-4.05781e-07 -5.7702e-08 3.76259e-24)
(-4.05781e-07 -5.7702e-08 3.76259e-24)
(-4.05781e-07 -5.7702e-08 3.76259e-24)
(-4.05781e-07 -5.7702e-08 3.76259e-24)
(-4.05781e-07 -5.7702e-08 3.76259e-24)
(-4.05781e-07 -5.7702e-08 3.76259e-24)
(-4.05781e-07 -5.7702e-08 3.76259e-24)
(-4.05781e-07 -5.7702e-08 3.76259e-24)
(-4.05781e-07 -5.7702e-08 3.76259e-24)
(-4.05781e-07 -5.7702e-08 3.76259e-24)
(-4.05781e-07 -5.7702e-08 3.76259e-24)
(-4.05781e-07 -5.7702e-08 3.76259e-24)
(-4.05781e-07 -5.7702e-08 3.76259e-24)
(-4.05781e-07 -5.7702e-08 3.76259e-24)
(-4.05781e-07 -5.7702e-08 3.76259e-24)
(-4.05781e-07 -5.7702e-08 3.76259e-24)
(-4.05781e-07 -5.7702e-08 3.76259e-24)
(-4.05781e-07 -5.7702e-08 3.76259e-24)
(-4.05781e-07 -5.7702e-08 3.76259e-24)
(-4.05781e-07 -5.7702e-08 3.76259e-24)
(-4.05781e-07 -5.7702e-08 3.76259e-24)
(-4.05781e-07 -5.7702e-08 3.76259e-24)
(-4.05781e-07 -5.7702e-08 3.76259e-24)
(-4.05781e-07 -5.7702e-08 3.76259e-24)
(-4.05781e-07 -5.7702e-08 3.76259e-24)
(-4.05781e-07 -5.7702e-08 3.76259e-24)
(-4.05781e-07 -5.7702e-08 3.76259e-24)
(-4.05781e-07 -5.7702e-08 3.76259e-24)
(-4.05781e-07 -5.7702e-08 3.76259e-24)
(-4.05781e-07 -5.7702e-08 3.76259e-24)
(-4.05781e-07 -5.7702e-08 3.76259e-24)
(-4.05781e-07 -5.7702e-08 3.76259e-24)
(-4.05781e-07 -5.7702e-08 3.76259e-24)
(-4.05781e-07 -5.7702e-08 3.76259e-24)
(-4.05781e-07 -5.7702e-08 3.76259e-24)
(-4.05781e-07 -5.7702e-08 3.76259e-24)
(-4.05781e-07 -5.7702e-08 3.76259e-24)
(-4.05781e-07 -5.7702e-08 3.76259e-24)
(-4.05781e-07 -5.7702e-08 3.76259e-24)
(-4.05781e-07 -5.7702e-08 3.76259e-24)
(-4.05781e-07 -5.7702e-08 3.76259e-24)
(-4.05781e-07 -5.7702e-08 3.76259e-24)
(-4.05781e-07 -5.7702e-08 3.76259e-24)
(-4.05781e-07 -5.7702e-08 3.76259e-24)
(-4.05781e-07 -5.7702e-08 3.76259e-24)
(-4.05781e-07 -5.7702e-08 0)
(-3.8917e-07 -5.47359e-08 2.90631e-24)
(-3.8917e-07 -5.47359e-08 -5.97856e-25)
(-3.8917e-07 -5.47359e-08 -5.97856e-25)
(-3.8917e-07 -5.47359e-08 -5.97856e-25)
(-3.8917e-07 -5.47359e-08 -5.97856e-25)
(-3.8917e-07 -5.47359e-08 -5.97856e-25)
(-3.8917e-07 -5.47359e-08 -5.97856e-25)
(-3.8917e-07 -5.47359e-08 -5.97856e-25)
(-3.8917e-07 -5.47359e-08 -5.97856e-25)
(-3.8917e-07 -5.47359e-08 -5.97856e-25)
(-3.8917e-07 -5.47359e-08 -5.97856e-25)
(-3.8917e-07 -5.47359e-08 -5.97856e-25)
(-3.8917e-07 -5.47359e-08 -5.97856e-25)
(-3.8917e-07 -5.47359e-08 -5.97856e-25)
(-3.8917e-07 -5.47359e-08 -5.97856e-25)
(-3.8917e-07 -5.47359e-08 -5.97856e-25)
(-3.8917e-07 -5.47359e-08 -5.97856e-25)
(-3.8917e-07 -5.47359e-08 -5.97856e-25)
(-3.8917e-07 -5.47359e-08 -5.97856e-25)
(-3.8917e-07 -5.47359e-08 -5.97856e-25)
(-3.8917e-07 -5.47359e-08 -5.97856e-25)
(-3.8917e-07 -5.47359e-08 -5.97856e-25)
(-3.8917e-07 -5.47359e-08 -5.97856e-25)
(-3.8917e-07 -5.47359e-08 -5.97856e-25)
(-3.8917e-07 -5.47359e-08 -5.97856e-25)
(-3.8917e-07 -5.47359e-08 -5.97856e-25)
(-3.8917e-07 -5.47359e-08 -5.97856e-25)
(-3.8917e-07 -5.47359e-08 -5.97856e-25)
(-3.8917e-07 -5.47359e-08 -5.97856e-25)
(-3.8917e-07 -5.47359e-08 -5.97856e-25)
(-3.8917e-07 -5.47359e-08 -5.97856e-25)
(-3.8917e-07 -5.47359e-08 -5.97856e-25)
(-3.8917e-07 -5.47359e-08 -5.97856e-25)
(-3.8917e-07 -5.47359e-08 -5.97856e-25)
(-3.8917e-07 -5.47359e-08 -5.97856e-25)
(-3.8917e-07 -5.47359e-08 -5.97856e-25)
(-3.8917e-07 -5.47359e-08 -5.97856e-25)
(-3.8917e-07 -5.47359e-08 -5.97856e-25)
(-3.8917e-07 -5.47359e-08 -5.97856e-25)
(-3.8917e-07 -5.47359e-08 -5.97856e-25)
(-3.8917e-07 -5.47359e-08 -5.97856e-25)
(-3.8917e-07 -5.47359e-08 -5.97856e-25)
(-3.8917e-07 -5.47359e-08 -5.97856e-25)
(-3.8917e-07 -5.47359e-08 -5.97856e-25)
(-3.8917e-07 -5.47359e-08 -5.97856e-25)
(-3.8917e-07 -5.47359e-08 -5.97856e-25)
(-3.8917e-07 -5.47359e-08 -5.97856e-25)
(-3.8917e-07 -5.47359e-08 -5.97856e-25)
(-3.8917e-07 -5.47359e-08 -5.97856e-25)
(-3.8917e-07 -5.47359e-08 -5.97856e-25)
(-3.8917e-07 -5.47359e-08 -5.97856e-25)
(-3.8917e-07 -5.47359e-08 -5.97856e-25)
(-3.8917e-07 -5.47359e-08 -5.97856e-25)
(-3.8917e-07 -5.47359e-08 -5.97856e-25)
(-3.8917e-07 -5.47359e-08 -5.97856e-25)
(-3.8917e-07 -5.47359e-08 -5.97856e-25)
(-3.8917e-07 -5.47359e-08 -5.97856e-25)
(-3.8917e-07 -5.47359e-08 -5.97856e-25)
(-3.8917e-07 -5.47359e-08 -5.97856e-25)
(-3.8917e-07 -5.47359e-08 2.90631e-24)
(-3.70825e-07 -5.10666e-08 -3.19343e-24)
(-3.70825e-07 -5.10666e-08 -3.19343e-24)
(-3.70825e-07 -5.10666e-08 -3.19343e-24)
(-3.70825e-07 -5.10666e-08 -3.19343e-24)
(-3.70825e-07 -5.10666e-08 -3.19343e-24)
(-3.70825e-07 -5.10666e-08 -3.19343e-24)
(-3.70825e-07 -5.10666e-08 -3.19343e-24)
(-3.70825e-07 -5.10666e-08 -3.19343e-24)
(-3.70825e-07 -5.10666e-08 -3.19343e-24)
(-3.70825e-07 -5.10666e-08 -3.19343e-24)
(-3.70825e-07 -5.10666e-08 -3.19343e-24)
(-3.70825e-07 -5.10666e-08 -3.19343e-24)
(-3.70825e-07 -5.10666e-08 -3.19343e-24)
(-3.70825e-07 -5.10666e-08 -3.19343e-24)
(-3.70825e-07 -5.10666e-08 -3.19343e-24)
(-3.70825e-07 -5.10666e-08 -3.19343e-24)
(-3.70825e-07 -5.10666e-08 -3.19343e-24)
(-3.70825e-07 -5.10666e-08 -3.19343e-24)
(-3.70825e-07 -5.10666e-08 -3.19343e-24)
(-3.70825e-07 -5.10666e-08 -3.19343e-24)
(-3.70825e-07 -5.10666e-08 -3.19343e-24)
(-3.70825e-07 -5.10666e-08 -3.19343e-24)
(-3.70825e-07 -5.10666e-08 -3.19343e-24)
(-3.70825e-07 -5.10666e-08 -3.19343e-24)
(-3.70825e-07 -5.10666e-08 -3.19343e-24)
(-3.70825e-07 -5.10666e-08 -3.19343e-24)
(-3.70825e-07 -5.10666e-08 -3.19343e-24)
(-3.70825e-07 -5.10666e-08 -3.19343e-24)
(-3.70825e-07 -5.10666e-08 -3.19343e-24)
(-3.70825e-07 -5.10666e-08 -3.19343e-24)
(-3.70825e-07 -5.10666e-08 -3.19343e-24)
(-3.70825e-07 -5.10666e-08 -3.19343e-24)
(-3.70825e-07 -5.10666e-08 -3.19343e-24)
(-3.70825e-07 -5.10666e-08 -3.19343e-24)
(-3.70825e-07 -5.10666e-08 -3.19343e-24)
(-3.70825e-07 -5.10666e-08 -3.19343e-24)
(-3.70825e-07 -5.10666e-08 -3.19343e-24)
(-3.70825e-07 -5.10666e-08 -3.19343e-24)
(-3.70825e-07 -5.10666e-08 -3.19343e-24)
(-3.70825e-07 -5.10666e-08 -3.19343e-24)
(-3.70825e-07 -5.10666e-08 -3.19343e-24)
(-3.70825e-07 -5.10666e-08 -3.19343e-24)
(-3.70825e-07 -5.10666e-08 -3.19343e-24)
(-3.70825e-07 -5.10666e-08 -3.19343e-24)
(-3.70825e-07 -5.10666e-08 -3.19343e-24)
(-3.70825e-07 -5.10666e-08 -3.19343e-24)
(-3.70825e-07 -5.10666e-08 -3.19343e-24)
(-3.70825e-07 -5.10666e-08 -3.19343e-24)
(-3.70825e-07 -5.10666e-08 -3.19343e-24)
(-3.70825e-07 -5.10666e-08 -3.19343e-24)
(-3.70825e-07 -5.10666e-08 -3.19343e-24)
(-3.70825e-07 -5.10666e-08 -3.19343e-24)
(-3.70825e-07 -5.10666e-08 -3.19343e-24)
(-3.70825e-07 -5.10666e-08 -3.19343e-24)
(-3.70825e-07 -5.10666e-08 -3.19343e-24)
(-3.70825e-07 -5.10666e-08 -3.19343e-24)
(-3.70825e-07 -5.10666e-08 -3.19343e-24)
(-3.70825e-07 -5.10666e-08 -3.19343e-24)
(-3.70825e-07 -5.10666e-08 -3.19343e-24)
(-3.70825e-07 -5.10666e-08 0)
(-3.5126e-07 -4.64955e-08 3.30756e-24)
(-3.5126e-07 -4.64955e-08 4.82144e-25)
(-3.5126e-07 -4.64955e-08 4.82144e-25)
(-3.5126e-07 -4.64955e-08 4.82144e-25)
(-3.5126e-07 -4.64955e-08 4.82144e-25)
(-3.5126e-07 -4.64955e-08 4.82144e-25)
(-3.5126e-07 -4.64955e-08 4.82144e-25)
(-3.5126e-07 -4.64955e-08 4.82144e-25)
(-3.5126e-07 -4.64955e-08 4.82144e-25)
(-3.5126e-07 -4.64955e-08 4.82144e-25)
(-3.5126e-07 -4.64955e-08 4.82144e-25)
(-3.5126e-07 -4.64955e-08 4.82144e-25)
(-3.5126e-07 -4.64955e-08 4.82144e-25)
(-3.5126e-07 -4.64955e-08 4.82144e-25)
(-3.5126e-07 -4.64955e-08 4.82144e-25)
(-3.5126e-07 -4.64955e-08 4.82144e-25)
(-3.5126e-07 -4.64955e-08 4.82144e-25)
(-3.5126e-07 -4.64955e-08 4.82144e-25)
(-3.5126e-07 -4.64955e-08 4.82144e-25)
(-3.5126e-07 -4.64955e-08 4.82144e-25)
(-3.5126e-07 -4.64955e-08 4.82144e-25)
(-3.5126e-07 -4.64955e-08 4.82144e-25)
(-3.5126e-07 -4.64955e-08 4.82144e-25)
(-3.5126e-07 -4.64955e-08 4.82144e-25)
(-3.5126e-07 -4.64955e-08 4.82144e-25)
(-3.5126e-07 -4.64955e-08 4.82144e-25)
(-3.5126e-07 -4.64955e-08 4.82144e-25)
(-3.5126e-07 -4.64955e-08 4.82144e-25)
(-3.5126e-07 -4.64955e-08 4.82144e-25)
(-3.5126e-07 -4.64955e-08 4.82144e-25)
(-3.5126e-07 -4.64955e-08 4.82144e-25)
(-3.5126e-07 -4.64955e-08 4.82144e-25)
(-3.5126e-07 -4.64955e-08 4.82144e-25)
(-3.5126e-07 -4.64955e-08 4.82144e-25)
(-3.5126e-07 -4.64955e-08 4.82144e-25)
(-3.5126e-07 -4.64955e-08 4.82144e-25)
(-3.5126e-07 -4.64955e-08 4.82144e-25)
(-3.5126e-07 -4.64955e-08 4.82144e-25)
(-3.5126e-07 -4.64955e-08 4.82144e-25)
(-3.5126e-07 -4.64955e-08 4.82144e-25)
(-3.5126e-07 -4.64955e-08 4.82144e-25)
(-3.5126e-07 -4.64955e-08 4.82144e-25)
(-3.5126e-07 -4.64955e-08 4.82144e-25)
(-3.5126e-07 -4.64955e-08 4.82144e-25)
(-3.5126e-07 -4.64955e-08 4.82144e-25)
(-3.5126e-07 -4.64955e-08 4.82144e-25)
(-3.5126e-07 -4.64955e-08 4.82144e-25)
(-3.5126e-07 -4.64955e-08 4.82144e-25)
(-3.5126e-07 -4.64955e-08 4.82144e-25)
(-3.5126e-07 -4.64955e-08 4.82144e-25)
(-3.5126e-07 -4.64955e-08 4.82144e-25)
(-3.5126e-07 -4.64955e-08 4.82144e-25)
(-3.5126e-07 -4.64955e-08 4.82144e-25)
(-3.5126e-07 -4.64955e-08 4.82144e-25)
(-3.5126e-07 -4.64955e-08 4.82144e-25)
(-3.5126e-07 -4.64955e-08 4.82144e-25)
(-3.5126e-07 -4.64955e-08 4.82144e-25)
(-3.5126e-07 -4.64955e-08 4.82144e-25)
(-3.5126e-07 -4.64955e-08 4.82144e-25)
(-3.5126e-07 -4.64955e-08 -2.34328e-24)
(-3.32215e-07 -4.10981e-08 2.83203e-24)
(-3.32215e-07 -4.10981e-08 4.12863e-25)
(-3.32215e-07 -4.10981e-08 4.12863e-25)
(-3.32215e-07 -4.10981e-08 4.12863e-25)
(-3.32215e-07 -4.10981e-08 4.12863e-25)
(-3.32215e-07 -4.10981e-08 4.12863e-25)
(-3.32215e-07 -4.10981e-08 4.12863e-25)
(-3.32215e-07 -4.10981e-08 4.12863e-25)
(-3.32215e-07 -4.10981e-08 4.12863e-25)
(-3.32215e-07 -4.10981e-08 4.12863e-25)
(-3.32215e-07 -4.10981e-08 4.12863e-25)
(-3.32215e-07 -4.10981e-08 4.12863e-25)
(-3.32215e-07 -4.10981e-08 4.12863e-25)
(-3.32215e-07 -4.10981e-08 4.12863e-25)
(-3.32215e-07 -4.10981e-08 4.12863e-25)
(-3.32215e-07 -4.10981e-08 4.12863e-25)
(-3.32215e-07 -4.10981e-08 4.12863e-25)
(-3.32215e-07 -4.10981e-08 4.12863e-25)
(-3.32215e-07 -4.10981e-08 4.12863e-25)
(-3.32215e-07 -4.10981e-08 4.12863e-25)
(-3.32215e-07 -4.10981e-08 4.12863e-25)
(-3.32215e-07 -4.10981e-08 4.12863e-25)
(-3.32215e-07 -4.10981e-08 4.12863e-25)
(-3.32215e-07 -4.10981e-08 4.12863e-25)
(-3.32215e-07 -4.10981e-08 4.12863e-25)
(-3.32215e-07 -4.10981e-08 4.12863e-25)
(-3.32215e-07 -4.10981e-08 4.12863e-25)
(-3.32215e-07 -4.10981e-08 4.12863e-25)
(-3.32215e-07 -4.10981e-08 4.12863e-25)
(-3.32215e-07 -4.10981e-08 4.12863e-25)
(-3.32215e-07 -4.10981e-08 4.12863e-25)
(-3.32215e-07 -4.10981e-08 4.12863e-25)
(-3.32215e-07 -4.10981e-08 4.12863e-25)
(-3.32215e-07 -4.10981e-08 4.12863e-25)
(-3.32215e-07 -4.10981e-08 4.12863e-25)
(-3.32215e-07 -4.10981e-08 4.12863e-25)
(-3.32215e-07 -4.10981e-08 4.12863e-25)
(-3.32215e-07 -4.10981e-08 4.12863e-25)
(-3.32215e-07 -4.10981e-08 4.12863e-25)
(-3.32215e-07 -4.10981e-08 4.12863e-25)
(-3.32215e-07 -4.10981e-08 4.12863e-25)
(-3.32215e-07 -4.10981e-08 4.12863e-25)
(-3.32215e-07 -4.10981e-08 4.12863e-25)
(-3.32215e-07 -4.10981e-08 4.12863e-25)
(-3.32215e-07 -4.10981e-08 4.12863e-25)
(-3.32215e-07 -4.10981e-08 4.12863e-25)
(-3.32215e-07 -4.10981e-08 4.12863e-25)
(-3.32215e-07 -4.10981e-08 4.12863e-25)
(-3.32215e-07 -4.10981e-08 4.12863e-25)
(-3.32215e-07 -4.10981e-08 4.12863e-25)
(-3.32215e-07 -4.10981e-08 4.12863e-25)
(-3.32215e-07 -4.10981e-08 4.12863e-25)
(-3.32215e-07 -4.10981e-08 4.12863e-25)
(-3.32215e-07 -4.10981e-08 4.12863e-25)
(-3.32215e-07 -4.10981e-08 4.12863e-25)
(-3.32215e-07 -4.10981e-08 4.12863e-25)
(-3.32215e-07 -4.10981e-08 4.12863e-25)
(-3.32215e-07 -4.10981e-08 4.12863e-25)
(-3.32215e-07 -4.10981e-08 4.12863e-25)
(-3.32215e-07 -4.10981e-08 4.12863e-25)
(-3.15386e-07 -3.51225e-08 -3.41656e-25)
(-3.15386e-07 -3.51225e-08 -3.41656e-25)
(-3.15386e-07 -3.51225e-08 -3.41656e-25)
(-3.15386e-07 -3.51225e-08 -3.41656e-25)
(-3.15386e-07 -3.51225e-08 -3.41656e-25)
(-3.15386e-07 -3.51225e-08 -3.41656e-25)
(-3.15386e-07 -3.51225e-08 -3.41656e-25)
(-3.15386e-07 -3.51225e-08 -3.41656e-25)
(-3.15386e-07 -3.51225e-08 -3.41656e-25)
(-3.15386e-07 -3.51225e-08 -3.41656e-25)
(-3.15386e-07 -3.51225e-08 -3.41656e-25)
(-3.15386e-07 -3.51225e-08 -3.41656e-25)
(-3.15386e-07 -3.51225e-08 -3.41656e-25)
(-3.15386e-07 -3.51225e-08 -3.41656e-25)
(-3.15386e-07 -3.51225e-08 -3.41656e-25)
(-3.15386e-07 -3.51225e-08 -3.41656e-25)
(-3.15386e-07 -3.51225e-08 -3.41656e-25)
(-3.15386e-07 -3.51225e-08 -3.41656e-25)
(-3.15386e-07 -3.51225e-08 -3.41656e-25)
(-3.15386e-07 -3.51225e-08 -3.41656e-25)
(-3.15386e-07 -3.51225e-08 -3.41656e-25)
(-3.15386e-07 -3.51225e-08 -3.41656e-25)
(-3.15386e-07 -3.51225e-08 -3.41656e-25)
(-3.15386e-07 -3.51225e-08 -3.41656e-25)
(-3.15386e-07 -3.51225e-08 -3.41656e-25)
(-3.15386e-07 -3.51225e-08 -3.41656e-25)
(-3.15386e-07 -3.51225e-08 -3.41656e-25)
(-3.15386e-07 -3.51225e-08 -3.41656e-25)
(-3.15386e-07 -3.51225e-08 -3.41656e-25)
(-3.15386e-07 -3.51225e-08 -3.41656e-25)
(-3.15386e-07 -3.51225e-08 -3.41656e-25)
(-3.15386e-07 -3.51225e-08 -3.41656e-25)
(-3.15386e-07 -3.51225e-08 -3.41656e-25)
(-3.15386e-07 -3.51225e-08 -3.41656e-25)
(-3.15386e-07 -3.51225e-08 -3.41656e-25)
(-3.15386e-07 -3.51225e-08 -3.41656e-25)
(-3.15386e-07 -3.51225e-08 -3.41656e-25)
(-3.15386e-07 -3.51225e-08 -3.41656e-25)
(-3.15386e-07 -3.51225e-08 -3.41656e-25)
(-3.15386e-07 -3.51225e-08 -3.41656e-25)
(-3.15386e-07 -3.51225e-08 -3.41656e-25)
(-3.15386e-07 -3.51225e-08 -3.41656e-25)
(-3.15386e-07 -3.51225e-08 -3.41656e-25)
(-3.15386e-07 -3.51225e-08 -3.41656e-25)
(-3.15386e-07 -3.51225e-08 -3.41656e-25)
(-3.15386e-07 -3.51225e-08 -3.41656e-25)
(-3.15386e-07 -3.51225e-08 -3.41656e-25)
(-3.15386e-07 -3.51225e-08 -3.41656e-25)
(-3.15386e-07 -3.51225e-08 -3.41656e-25)
(-3.15386e-07 -3.51225e-08 -3.41656e-25)
(-3.15386e-07 -3.51225e-08 -3.41656e-25)
(-3.15386e-07 -3.51225e-08 -3.41656e-25)
(-3.15386e-07 -3.51225e-08 -3.41656e-25)
(-3.15386e-07 -3.51225e-08 -3.41656e-25)
(-3.15386e-07 -3.51225e-08 -3.41656e-25)
(-3.15386e-07 -3.51225e-08 -3.41656e-25)
(-3.15386e-07 -3.51225e-08 -3.41656e-25)
(-3.15386e-07 -3.51225e-08 -3.41656e-25)
(-3.15386e-07 -3.51225e-08 -3.41656e-25)
(-3.15386e-07 -3.51225e-08 -3.41656e-25)
(-3.01192e-07 -2.8502e-08 0)
(-3.01192e-07 -2.8502e-08 0)
(-3.01192e-07 -2.8502e-08 0)
(-3.01192e-07 -2.8502e-08 0)
(-3.01192e-07 -2.8502e-08 0)
(-3.01192e-07 -2.8502e-08 0)
(-3.01192e-07 -2.8502e-08 0)
(-3.01192e-07 -2.8502e-08 0)
(-3.01192e-07 -2.8502e-08 0)
(-3.01192e-07 -2.8502e-08 0)
(-3.01192e-07 -2.8502e-08 0)
(-3.01192e-07 -2.8502e-08 0)
(-3.01192e-07 -2.8502e-08 0)
(-3.01192e-07 -2.8502e-08 0)
(-3.01192e-07 -2.8502e-08 0)
(-3.01192e-07 -2.8502e-08 0)
(-3.01192e-07 -2.8502e-08 0)
(-3.01192e-07 -2.8502e-08 0)
(-3.01192e-07 -2.8502e-08 0)
(-3.01192e-07 -2.8502e-08 0)
(-3.01192e-07 -2.8502e-08 0)
(-3.01192e-07 -2.8502e-08 0)
(-3.01192e-07 -2.8502e-08 0)
(-3.01192e-07 -2.8502e-08 0)
(-3.01192e-07 -2.8502e-08 0)
(-3.01192e-07 -2.8502e-08 0)
(-3.01192e-07 -2.8502e-08 0)
(-3.01192e-07 -2.8502e-08 0)
(-3.01192e-07 -2.8502e-08 0)
(-3.01192e-07 -2.8502e-08 0)
(-3.01192e-07 -2.8502e-08 0)
(-3.01192e-07 -2.8502e-08 0)
(-3.01192e-07 -2.8502e-08 0)
(-3.01192e-07 -2.8502e-08 0)
(-3.01192e-07 -2.8502e-08 0)
(-3.01192e-07 -2.8502e-08 0)
(-3.01192e-07 -2.8502e-08 0)
(-3.01192e-07 -2.8502e-08 0)
(-3.01192e-07 -2.8502e-08 0)
(-3.01192e-07 -2.8502e-08 0)
(-3.01192e-07 -2.8502e-08 0)
(-3.01192e-07 -2.8502e-08 0)
(-3.01192e-07 -2.8502e-08 0)
(-3.01192e-07 -2.8502e-08 0)
(-3.01192e-07 -2.8502e-08 0)
(-3.01192e-07 -2.8502e-08 0)
(-3.01192e-07 -2.8502e-08 0)
(-3.01192e-07 -2.8502e-08 0)
(-3.01192e-07 -2.8502e-08 0)
(-3.01192e-07 -2.8502e-08 0)
(-3.01192e-07 -2.8502e-08 0)
(-3.01192e-07 -2.8502e-08 0)
(-3.01192e-07 -2.8502e-08 0)
(-3.01192e-07 -2.8502e-08 0)
(-3.01192e-07 -2.8502e-08 0)
(-3.01192e-07 -2.8502e-08 0)
(-3.01192e-07 -2.8502e-08 0)
(-3.01192e-07 -2.8502e-08 0)
(-3.01192e-07 -2.8502e-08 0)
(-3.01192e-07 -2.8502e-08 0)
(-2.90215e-07 -2.11826e-08 0)
(-2.90215e-07 -2.11826e-08 0)
(-2.90215e-07 -2.11826e-08 0)
(-2.90215e-07 -2.11826e-08 0)
(-2.90215e-07 -2.11826e-08 0)
(-2.90215e-07 -2.11826e-08 0)
(-2.90215e-07 -2.11826e-08 0)
(-2.90215e-07 -2.11826e-08 0)
(-2.90215e-07 -2.11826e-08 0)
(-2.90215e-07 -2.11826e-08 0)
(-2.90215e-07 -2.11826e-08 0)
(-2.90215e-07 -2.11826e-08 0)
(-2.90215e-07 -2.11826e-08 0)
(-2.90215e-07 -2.11826e-08 0)
(-2.90215e-07 -2.11826e-08 0)
(-2.90215e-07 -2.11826e-08 0)
(-2.90215e-07 -2.11826e-08 0)
(-2.90215e-07 -2.11826e-08 0)
(-2.90215e-07 -2.11826e-08 0)
(-2.90215e-07 -2.11826e-08 0)
(-2.90215e-07 -2.11826e-08 0)
(-2.90215e-07 -2.11826e-08 0)
(-2.90215e-07 -2.11826e-08 0)
(-2.90215e-07 -2.11826e-08 0)
(-2.90215e-07 -2.11826e-08 0)
(-2.90215e-07 -2.11826e-08 0)
(-2.90215e-07 -2.11826e-08 0)
(-2.90215e-07 -2.11826e-08 0)
(-2.90215e-07 -2.11826e-08 0)
(-2.90215e-07 -2.11826e-08 0)
(-2.90215e-07 -2.11826e-08 0)
(-2.90215e-07 -2.11826e-08 0)
(-2.90215e-07 -2.11826e-08 0)
(-2.90215e-07 -2.11826e-08 0)
(-2.90215e-07 -2.11826e-08 0)
(-2.90215e-07 -2.11826e-08 0)
(-2.90215e-07 -2.11826e-08 0)
(-2.90215e-07 -2.11826e-08 0)
(-2.90215e-07 -2.11826e-08 0)
(-2.90215e-07 -2.11826e-08 0)
(-2.90215e-07 -2.11826e-08 0)
(-2.90215e-07 -2.11826e-08 0)
(-2.90215e-07 -2.11826e-08 0)
(-2.90215e-07 -2.11826e-08 0)
(-2.90215e-07 -2.11826e-08 0)
(-2.90215e-07 -2.11826e-08 0)
(-2.90215e-07 -2.11826e-08 0)
(-2.90215e-07 -2.11826e-08 0)
(-2.90215e-07 -2.11826e-08 0)
(-2.90215e-07 -2.11826e-08 0)
(-2.90215e-07 -2.11826e-08 0)
(-2.90215e-07 -2.11826e-08 0)
(-2.90215e-07 -2.11826e-08 0)
(-2.90215e-07 -2.11826e-08 0)
(-2.90215e-07 -2.11826e-08 0)
(-2.90215e-07 -2.11826e-08 0)
(-2.90215e-07 -2.11826e-08 0)
(-2.90215e-07 -2.11826e-08 0)
(-2.90215e-07 -2.11826e-08 0)
(-2.90215e-07 -2.11826e-08 -1.13264e-24)
(-2.82956e-07 -1.31451e-08 6.81838e-25)
(-2.82956e-07 -1.31451e-08 0)
(-2.82956e-07 -1.31451e-08 0)
(-2.82956e-07 -1.31451e-08 0)
(-2.82956e-07 -1.31451e-08 0)
(-2.82956e-07 -1.31451e-08 0)
(-2.82956e-07 -1.31451e-08 0)
(-2.82956e-07 -1.31451e-08 0)
(-2.82956e-07 -1.31451e-08 0)
(-2.82956e-07 -1.31451e-08 0)
(-2.82956e-07 -1.31451e-08 0)
(-2.82956e-07 -1.31451e-08 0)
(-2.82956e-07 -1.31451e-08 0)
(-2.82956e-07 -1.31451e-08 0)
(-2.82956e-07 -1.31451e-08 0)
(-2.82956e-07 -1.31451e-08 0)
(-2.82956e-07 -1.31451e-08 0)
(-2.82956e-07 -1.31451e-08 0)
(-2.82956e-07 -1.31451e-08 0)
(-2.82956e-07 -1.31451e-08 0)
(-2.82956e-07 -1.31451e-08 0)
(-2.82956e-07 -1.31451e-08 0)
(-2.82956e-07 -1.31451e-08 0)
(-2.82956e-07 -1.31451e-08 0)
(-2.82956e-07 -1.31451e-08 0)
(-2.82956e-07 -1.31451e-08 0)
(-2.82956e-07 -1.31451e-08 0)
(-2.82956e-07 -1.31451e-08 0)
(-2.82956e-07 -1.31451e-08 0)
(-2.82956e-07 -1.31451e-08 0)
(-2.82956e-07 -1.31451e-08 0)
(-2.82956e-07 -1.31451e-08 0)
(-2.82956e-07 -1.31451e-08 0)
(-2.82956e-07 -1.31451e-08 0)
(-2.82956e-07 -1.31451e-08 0)
(-2.82956e-07 -1.31451e-08 0)
(-2.82956e-07 -1.31451e-08 0)
(-2.82956e-07 -1.31451e-08 0)
(-2.82956e-07 -1.31451e-08 0)
(-2.82956e-07 -1.31451e-08 0)
(-2.82956e-07 -1.31451e-08 0)
(-2.82956e-07 -1.31451e-08 0)
(-2.82956e-07 -1.31451e-08 0)
(-2.82956e-07 -1.31451e-08 0)
(-2.82956e-07 -1.31451e-08 0)
(-2.82956e-07 -1.31451e-08 0)
(-2.82956e-07 -1.31451e-08 0)
(-2.82956e-07 -1.31451e-08 0)
(-2.82956e-07 -1.31451e-08 0)
(-2.82956e-07 -1.31451e-08 0)
(-2.82956e-07 -1.31451e-08 0)
(-2.82956e-07 -1.31451e-08 0)
(-2.82956e-07 -1.31451e-08 0)
(-2.82956e-07 -1.31451e-08 0)
(-2.82956e-07 -1.31451e-08 0)
(-2.82956e-07 -1.31451e-08 0)
(-2.82956e-07 -1.31451e-08 0)
(-2.82956e-07 -1.31451e-08 0)
(-2.82956e-07 -1.31451e-08 0)
(-2.82956e-07 -1.31451e-08 -6.81838e-25)
(-2.79746e-07 -4.43044e-09 -4.76698e-27)
(-2.79746e-07 -4.43044e-09 -4.76698e-27)
(-2.79746e-07 -4.43044e-09 -4.76698e-27)
(-2.79746e-07 -4.43044e-09 -4.76698e-27)
(-2.79746e-07 -4.43044e-09 -4.76698e-27)
(-2.79746e-07 -4.43044e-09 -4.76698e-27)
(-2.79746e-07 -4.43044e-09 -4.76698e-27)
(-2.79746e-07 -4.43044e-09 -4.76698e-27)
(-2.79746e-07 -4.43044e-09 -4.76698e-27)
(-2.79746e-07 -4.43044e-09 -4.76698e-27)
(-2.79746e-07 -4.43044e-09 -4.76698e-27)
(-2.79746e-07 -4.43044e-09 -4.76698e-27)
(-2.79746e-07 -4.43044e-09 -4.76698e-27)
(-2.79746e-07 -4.43044e-09 -4.76698e-27)
(-2.79746e-07 -4.43044e-09 -4.76698e-27)
(-2.79746e-07 -4.43044e-09 -4.76698e-27)
(-2.79746e-07 -4.43044e-09 2.92172e-23)
(-2.79746e-07 -4.43044e-09 -2.92267e-23)
(-2.79746e-07 -4.43044e-09 -4.76698e-27)
(-2.79746e-07 -4.43044e-09 -4.76698e-27)
(-2.79746e-07 -4.43044e-09 -4.76698e-27)
(-2.79746e-07 -4.43044e-09 -4.76698e-27)
(-2.79746e-07 -4.43044e-09 -4.76698e-27)
(-2.79746e-07 -4.43044e-09 -4.76698e-27)
(-2.79746e-07 -4.43044e-09 -4.76698e-27)
(-2.79746e-07 -4.43044e-09 2.92172e-23)
(-2.79746e-07 -4.43044e-09 -2.92267e-23)
(-2.79746e-07 -4.43044e-09 -4.76698e-27)
(-2.79746e-07 -4.43044e-09 -4.76698e-27)
(-2.79746e-07 -4.43044e-09 -4.76698e-27)
(-2.79746e-07 -4.43044e-09 -4.76698e-27)
(-2.79746e-07 -4.43044e-09 -4.76698e-27)
(-2.79746e-07 -4.43044e-09 -4.76698e-27)
(-2.79746e-07 -4.43044e-09 2.92172e-23)
(-2.79746e-07 -4.43044e-09 -2.92267e-23)
(-2.79746e-07 -4.43044e-09 -4.76698e-27)
(-2.79746e-07 -4.43044e-09 -4.76698e-27)
(-2.79746e-07 -4.43044e-09 -4.76698e-27)
(-2.79746e-07 -4.43044e-09 -4.76698e-27)
(-2.79746e-07 -4.43044e-09 -4.76698e-27)
(-2.79746e-07 -4.43044e-09 -4.76698e-27)
(-2.79746e-07 -4.43044e-09 -4.76698e-27)
(-2.79746e-07 -4.43044e-09 -4.76698e-27)
(-2.79746e-07 -4.43044e-09 -4.76698e-27)
(-2.79746e-07 -4.43044e-09 -4.76698e-27)
(-2.79746e-07 -4.43044e-09 -4.76698e-27)
(-2.79746e-07 -4.43044e-09 -4.76698e-27)
(-2.79746e-07 -4.43044e-09 -4.76698e-27)
(-2.79746e-07 -4.43044e-09 -4.76698e-27)
(-2.79746e-07 -4.43044e-09 -4.76698e-27)
(-2.79746e-07 -4.43044e-09 -4.76698e-27)
(-2.79746e-07 -4.43044e-09 -4.76698e-27)
(-2.79746e-07 -4.43044e-09 -4.76698e-27)
(-2.79746e-07 -4.43044e-09 -4.76698e-27)
(-2.79746e-07 -4.43044e-09 -4.76698e-27)
(-2.79746e-07 -4.43044e-09 -4.76698e-27)
(-2.79746e-07 -4.43044e-09 -4.76698e-27)
(-2.79746e-07 -4.43044e-09 -4.76698e-27)
(-2.79746e-07 -4.43044e-09 -4.76698e-27)
(-2.79746e-07 -4.43044e-09 -4.76698e-27)
(-2.79803e-07 3.36745e-12 1.68268e-28)
(-2.79803e-07 3.36745e-12 0)
(-2.79803e-07 3.36745e-12 2.4548e-27)
(-2.79803e-07 3.36745e-12 -2.45479e-27)
(-2.79803e-07 3.36745e-12 0)
(-2.79803e-07 3.36745e-12 0)
(-2.79803e-07 3.36745e-12 0)
(-2.79803e-07 3.36745e-12 0)
(-2.79803e-07 3.36745e-12 2.4548e-27)
(-2.79803e-07 3.36745e-12 -7.36438e-27)
(-2.79803e-07 3.36745e-12 4.90958e-27)
(-2.79803e-07 3.36745e-12 0)
(-2.79803e-07 3.36745e-12 0)
(-2.79803e-07 3.36745e-12 2.4548e-27)
(-2.79803e-07 3.36745e-12 -2.45479e-27)
(-2.79803e-07 3.36745e-12 0)
(-2.79803e-07 3.36745e-12 -2.2589e-26)
(-2.79803e-07 3.36745e-12 2.2589e-26)
(-2.79803e-07 3.36745e-12 0)
(-2.79803e-07 3.36745e-12 0)
(-2.79803e-07 3.36745e-12 2.4548e-27)
(-2.79803e-07 3.36745e-12 -2.45479e-27)
(-2.79803e-07 3.36745e-12 0)
(-2.79803e-07 3.36745e-12 0)
(-2.79803e-07 3.36745e-12 0)
(-2.79803e-07 3.36745e-12 -2.2589e-26)
(-2.79803e-07 3.36745e-12 2.50438e-26)
(-2.79803e-07 3.36745e-12 -2.45479e-27)
(-2.79803e-07 3.36745e-12 0)
(-2.79803e-07 3.36745e-12 0)
(-2.79803e-07 3.36745e-12 0)
(-2.79803e-07 3.36745e-12 0)
(-2.79803e-07 3.36745e-12 0)
(-2.79803e-07 3.36745e-12 -2.2589e-26)
(-2.79803e-07 3.36745e-12 2.2589e-26)
(-2.79803e-07 3.36745e-12 0)
(-2.79803e-07 3.36745e-12 0)
(-2.79803e-07 3.36745e-12 0)
(-2.79803e-07 3.36745e-12 2.4548e-27)
(-2.79803e-07 3.36745e-12 -2.45479e-27)
(-2.79803e-07 3.36745e-12 0)
(-2.79803e-07 3.36745e-12 0)
(-2.79803e-07 3.36745e-12 0)
(-2.79803e-07 3.36745e-12 0)
(-2.79803e-07 3.36745e-12 2.4548e-27)
(-2.79803e-07 3.36745e-12 -2.45479e-27)
(-2.79803e-07 3.36745e-12 0)
(-2.79803e-07 3.36745e-12 0)
(-2.79803e-07 3.36745e-12 0)
(-2.79803e-07 3.36745e-12 0)
(-2.79803e-07 3.36745e-12 2.4548e-27)
(-2.79803e-07 3.36745e-12 -2.45479e-27)
(-2.79803e-07 3.36745e-12 0)
(-2.79803e-07 3.36745e-12 0)
(-2.79803e-07 3.36745e-12 0)
(-2.79803e-07 3.36745e-12 0)
(-2.79803e-07 3.36745e-12 0)
(-2.79803e-07 3.36745e-12 0)
(-2.79803e-07 3.36745e-12 0)
(-2.79803e-07 3.36745e-12 0)
(-2.79801e-07 0 0)
(-2.79801e-07 0 0)
(-2.79801e-07 5.73558e-23 4.22941e-38)
(-2.79801e-07 6.0487e-23 -4.46117e-38)
(-2.79801e-07 0 0)
(-2.79801e-07 0 0)
(-2.79801e-07 0 0)
(-2.79801e-07 0 0)
(-2.79801e-07 6.0487e-23 4.46117e-38)
(-2.79801e-07 -6.0487e-23 1.36935e-37)
(-2.79801e-07 0 0)
(-2.79801e-07 1.27237e-22 1.93917e-37)
(-2.79801e-07 0 0)
(-2.79801e-07 6.0487e-23 4.46117e-38)
(-2.79801e-07 6.0487e-23 -4.46117e-38)
(-2.79801e-07 0 0)
(-2.79801e-07 0 0)
(-2.79801e-07 0 0)
(-2.79801e-07 0 0)
(-2.79801e-07 0 0)
(-2.79801e-07 6.0487e-23 4.46117e-38)
(-2.79801e-07 6.0487e-23 -4.46117e-38)
(-2.79801e-07 0 0)
(-2.79801e-07 0 0)
(-2.79801e-07 0 0)
(-2.79801e-07 0 0)
(-2.79801e-07 6.0487e-23 4.46117e-38)
(-2.79801e-07 6.36183e-23 -4.69293e-38)
(-2.79801e-07 0 0)
(-2.79801e-07 0 0)
(-2.79801e-07 0 0)
(-2.79801e-07 0 0)
(-2.79801e-07 0 0)
(-2.79801e-07 0 0)
(-2.79801e-07 0 0)
(-2.79801e-07 0 0)
(-2.79801e-07 0 0)
(-2.79801e-07 0 0)
(-2.79801e-07 6.0487e-23 4.46117e-38)
(-2.79801e-07 6.36183e-23 -4.69293e-38)
(-2.79801e-07 0 0)
(-2.79801e-07 0 0)
(-2.79801e-07 0 0)
(-2.79801e-07 0 0)
(-2.79801e-07 6.0487e-23 4.46117e-38)
(-2.79801e-07 6.36183e-23 -4.69293e-38)
(-2.79801e-07 0 0)
(-2.79801e-07 0 0)
(-2.79801e-07 0 0)
(-2.79801e-07 0 0)
(-2.79801e-07 6.0487e-23 4.46117e-38)
(-2.79801e-07 6.36183e-23 -4.69293e-38)
(-2.79801e-07 0 0)
(-2.79801e-07 0 0)
(-2.79801e-07 0 0)
(-2.79801e-07 0 0)
(-2.79801e-07 0 0)
(-2.79801e-07 0 0)
(-2.79801e-07 0 0)
(-2.79801e-07 0 0)
(-2.79799e-07 -5.7754e-23 -3.99221e-38)
(-2.79799e-07 -6.09069e-23 4.22558e-38)
(-2.79799e-07 0 0)
(-2.79799e-07 0 0)
(-2.79799e-07 0 0)
(-2.79799e-07 6.40599e-23 -5.0875e-38)
(-2.79799e-07 -3.15296e-24 -4.66731e-39)
(-2.79799e-07 -6.09069e-23 4.22558e-38)
(-2.79799e-07 0 0)
(-2.79799e-07 0 0)
(-2.79799e-07 0 0)
(-2.79799e-07 0 0)
(-2.79799e-07 0 0)
(-2.79799e-07 1.2812e-22 -1.90929e-37)
(-2.79799e-07 1.21814e-22 1.81594e-37)
(-2.79799e-07 0 0)
(-2.79799e-07 0 0)
(-2.79799e-07 -6.09069e-23 -4.22558e-38)
(-2.79799e-07 -1.24967e-22 0)
(-2.79799e-07 -6.09069e-23 4.22558e-38)
(-2.79799e-07 0 0)
(-2.79799e-07 0 0)
(-2.79799e-07 0 0)
(-2.79799e-07 0 0)
(-2.79799e-07 0 0)
(-2.79799e-07 0 0)
(-2.79799e-07 0 0)
(-2.79799e-07 0 0)
(-2.79799e-07 0 0)
(-2.79799e-07 0 0)
(-2.79799e-07 0 0)
(-2.79799e-07 0 0)
(-2.79799e-07 0 0)
(-2.79799e-07 0 0)
(-2.79799e-07 0 0)
(-2.79799e-07 0 0)
(-2.79799e-07 0 0)
(-2.79799e-07 0 0)
(-2.79799e-07 0 0)
(-2.79799e-07 0 0)
(-2.79799e-07 0 0)
(-2.79799e-07 1.24967e-22 -1.86261e-37)
(-2.79799e-07 1.21814e-22 1.81594e-37)
(-2.79799e-07 0 0)
(-2.79799e-07 1.24967e-22 -1.86261e-37)
(-2.79799e-07 1.24967e-22 1.86261e-37)
(-2.79799e-07 0 0)
(-2.79799e-07 1.24967e-22 -1.86261e-37)
(-2.79799e-07 1.24967e-22 1.86261e-37)
(-2.79799e-07 0 0)
(-2.79799e-07 0 0)
(-2.79799e-07 0 0)
(-2.79799e-07 0 0)
(-2.79799e-07 6.09069e-23 -4.85413e-38)
(-2.79799e-07 6.09069e-23 4.85413e-38)
(-2.79799e-07 0 0)
(-2.79799e-07 0 0)
(-2.79799e-07 0 0)
(-2.79799e-07 0 0)
(-2.79799e-07 0 0)
(-2.79797e-07 5.81118e-23 4.05812e-38)
(-2.79797e-07 6.12842e-23 -4.29293e-38)
(-2.79797e-07 1.25741e-22 -1.89141e-37)
(-2.79797e-07 1.22568e-22 1.84444e-37)
(-2.79797e-07 0 0)
(-2.79797e-07 -6.44567e-23 4.84592e-38)
(-2.79797e-07 3.17245e-24 4.69617e-39)
(-2.79797e-07 1.22568e-22 -1.84444e-37)
(-2.79797e-07 6.44567e-23 5.1641e-38)
(-2.79797e-07 0 0)
(-2.79797e-07 -1.22568e-22 1.84444e-37)
(-2.79797e-07 -6.44567e-23 -4.52774e-38)
(-2.79797e-07 1.22568e-22 0)
(-2.79797e-07 -6.44567e-23 4.52774e-38)
(-2.79797e-07 -1.22568e-22 -1.84444e-37)
(-2.79797e-07 0 0)
(-2.79797e-07 0 0)
(-2.79797e-07 1.87025e-22 -1.59772e-37)
(-2.79797e-07 2.48309e-22 3.86312e-37)
(-2.79797e-07 6.12842e-23 -4.29293e-38)
(-2.79797e-07 0 0)
(-2.79797e-07 0 0)
(-2.79797e-07 0 0)
(-2.79797e-07 0 0)
(-2.79797e-07 0 0)
(-2.79797e-07 1.22568e-22 -1.84444e-37)
(-2.79797e-07 1.22568e-22 1.84444e-37)
(-2.79797e-07 0 0)
(-2.79797e-07 0 0)
(-2.79797e-07 0 0)
(-2.79797e-07 0 0)
(-2.79797e-07 0 0)
(-2.79797e-07 0 0)
(-2.79797e-07 0 0)
(-2.79797e-07 0 0)
(-2.79797e-07 0 0)
(-2.79797e-07 0 0)
(-2.79797e-07 0 0)
(-2.79797e-07 0 0)
(-2.79797e-07 0 0)
(-2.79797e-07 0 0)
(-2.79797e-07 -1.25741e-22 1.89141e-37)
(-2.79797e-07 -1.22568e-22 -1.84444e-37)
(-2.79797e-07 0 0)
(-2.79797e-07 -1.25741e-22 1.89141e-37)
(-2.79797e-07 -1.25741e-22 -1.89141e-37)
(-2.79797e-07 6.12842e-23 -4.92929e-38)
(-2.79797e-07 -6.12842e-23 4.29293e-38)
(-2.79797e-07 0 0)
(-2.79797e-07 1.22568e-22 1.84444e-37)
(-2.79797e-07 0 0)
(-2.79797e-07 0 0)
(-2.79797e-07 0 0)
(-2.79797e-07 -6.12842e-23 4.61111e-38)
(-2.79797e-07 -6.12842e-23 -4.61111e-38)
(-2.79797e-07 0 0)
(-2.79797e-07 0 0)
(-2.79797e-07 0 0)
(-2.79797e-07 0 0)
(-2.79797e-07 0 0)
(-2.79796e-07 0 0)
(-2.79796e-07 0 0)
(-2.79796e-07 -1.84873e-22 1.30622e-37)
(-2.79796e-07 -1.84873e-22 -1.30622e-37)
(-2.79796e-07 -6.16242e-23 -4.35406e-38)
(-2.79796e-07 -6.16242e-23 4.35406e-38)
(-2.79796e-07 -6.16242e-23 -4.35406e-38)
(-2.79796e-07 -1.23248e-22 1.80597e-37)
(-2.79796e-07 -6.48143e-23 -4.91189e-38)
(-2.79796e-07 0 0)
(-2.79796e-07 0 0)
(-2.79796e-07 -6.48143e-23 4.91189e-38)
(-2.79796e-07 -1.84873e-22 -1.49925e-37)
(-2.79796e-07 -1.26439e-22 6.43436e-39)
(-2.79796e-07 0 0)
(-2.79796e-07 0 0)
(-2.79796e-07 -6.16242e-23 -4.35406e-38)
(-2.79796e-07 -2.52877e-22 3.57769e-37)
(-2.79796e-07 -1.84873e-22 -1.30622e-37)
(-2.79796e-07 0 0)
(-2.79796e-07 -6.16242e-23 -4.35406e-38)
(-2.79796e-07 -1.26439e-22 0)
(-2.79796e-07 -6.48143e-23 4.59017e-38)
(-2.79796e-07 0 0)
(-2.79796e-07 -6.16242e-23 -4.35406e-38)
(-2.79796e-07 -1.88063e-22 4.086e-37)
(-2.79796e-07 -1.23248e-22 -1.80597e-37)
(-2.79796e-07 0 0)
(-2.79796e-07 -6.16242e-23 -4.35406e-38)
(-2.79796e-07 -6.48143e-23 4.59017e-38)
(-2.79796e-07 0 0)
(-2.79796e-07 0 0)
(-2.79796e-07 0 0)
(-2.79796e-07 0 0)
(-2.79796e-07 -6.16242e-23 -4.35406e-38)
(-2.79796e-07 -6.48143e-23 4.59017e-38)
(-2.79796e-07 0 0)
(-2.79796e-07 0 0)
(-2.79796e-07 -6.16242e-23 -4.35406e-38)
(-2.79796e-07 -6.48143e-23 4.59017e-38)
(-2.79796e-07 0 0)
(-2.79796e-07 0 0)
(-2.79796e-07 -6.16242e-23 -4.35406e-38)
(-2.79796e-07 -6.48143e-23 4.59017e-38)
(-2.79796e-07 0 0)
(-2.79796e-07 0 0)
(-2.79796e-07 -1.23248e-22 -6.43436e-39)
(-2.79796e-07 -1.29629e-22 6.43436e-39)
(-2.79796e-07 -1.26439e-22 1.85319e-37)
(-2.79796e-07 -1.23248e-22 -1.80597e-37)
(-2.79796e-07 0 0)
(-2.79796e-07 0 0)
(-2.79796e-07 0 0)
(-2.79796e-07 0 0)
(-2.79796e-07 0 0)
(-2.79796e-07 0 0)
(-2.79796e-07 0 0)
(-2.79796e-07 0 0)
(-2.79796e-07 0 0)
(-2.79796e-07 0 0)
(-2.79795e-07 0 0)
(-2.79795e-07 0 0)
(-2.79795e-07 0 0)
(-2.79795e-07 0 0)
(-2.79795e-07 6.19314e-23 4.08471e-38)
(-2.79795e-07 6.19314e-23 -4.08471e-38)
(-2.79795e-07 1.85794e-22 -1.51785e-37)
(-2.79795e-07 1.85794e-22 1.51785e-37)
(-2.79795e-07 -6.19314e-23 -4.40964e-38)
(-2.79795e-07 -6.19314e-23 4.40964e-38)
(-2.79795e-07 0 0)
(-2.79795e-07 -6.19314e-23 -4.40964e-38)
(-2.79795e-07 0 0)
(-2.79795e-07 0 0)
(-2.79795e-07 -6.19314e-23 4.40964e-38)
(-2.79795e-07 0 0)
(-2.79795e-07 0 0)
(-2.79795e-07 6.19314e-23 -4.73457e-38)
(-2.79795e-07 6.19314e-23 -4.08471e-38)
(-2.79795e-07 0 0)
(-2.79795e-07 0 0)
(-2.79795e-07 6.51373e-23 -4.97185e-38)
(-2.79795e-07 6.51373e-23 -4.32199e-38)
(-2.79795e-07 -6.19314e-23 -4.40964e-38)
(-2.79795e-07 0 0)
(-2.79795e-07 6.51373e-23 -4.32199e-38)
(-2.79795e-07 0 0)
(-2.79795e-07 0 0)
(-2.79795e-07 6.19314e-23 4.08471e-38)
(-2.79795e-07 6.51373e-23 -4.32199e-38)
(-2.79795e-07 0 0)
(-2.79795e-07 0 0)
(-2.79795e-07 0 0)
(-2.79795e-07 0 0)
(-2.79795e-07 6.19314e-23 4.08471e-38)
(-2.79795e-07 3.20589e-24 0)
(-2.79795e-07 -6.51373e-23 4.64692e-38)
(-2.79795e-07 0 0)
(-2.79795e-07 0 0)
(-2.79795e-07 0 0)
(-2.79795e-07 0 0)
(-2.79795e-07 0 0)
(-2.79795e-07 6.19314e-23 4.08471e-38)
(-2.79795e-07 6.51373e-23 -4.32199e-38)
(-2.79795e-07 0 0)
(-2.79795e-07 0 0)
(-2.79795e-07 6.19314e-23 4.08471e-38)
(-2.79795e-07 6.51373e-23 -4.32199e-38)
(-2.79795e-07 0 0)
(-2.79795e-07 0 0)
(-2.79795e-07 -6.19314e-23 -4.40964e-38)
(-2.79795e-07 -6.51373e-23 4.64692e-38)
(-2.79795e-07 0 0)
(-2.79795e-07 0 0)
(-2.79795e-07 0 0)
(-2.79795e-07 0 0)
(-2.79795e-07 0 0)
(-2.79795e-07 0 0)
(-2.79795e-07 0 0)
(-2.79795e-07 0 0)
(-2.79793e-07 -1.24419e-22 -6.5571e-39)
(-2.79793e-07 -1.27639e-22 0)
(-2.79793e-07 -6.54298e-23 -4.6986e-38)
(-2.79793e-07 -6.54298e-23 4.6986e-38)
(-2.79793e-07 -1.27639e-22 0)
(-2.79793e-07 6.54298e-23 -1.44237e-37)
(-2.79793e-07 -6.22095e-23 -4.46025e-38)
(-2.79793e-07 -1.86629e-22 -1.33808e-37)
(-2.79793e-07 0 0)
(-2.79793e-07 0 0)
(-2.79793e-07 -6.22095e-23 -4.78811e-38)
(-2.79793e-07 -6.22095e-23 -4.46025e-38)
(-2.79793e-07 -6.54298e-23 4.6986e-38)
(-2.79793e-07 0 0)
(-2.79793e-07 0 0)
(-2.79793e-07 -6.54298e-23 5.02645e-38)
(-2.79793e-07 0 0)
(-2.79793e-07 -6.22095e-23 4.46025e-38)
(-2.79793e-07 -1.27639e-22 0)
(-2.79793e-07 -1.27639e-22 0)
(-2.79793e-07 -6.865e-23 -4.93695e-38)
(-2.79793e-07 -6.54298e-23 4.6986e-38)
(-2.79793e-07 -6.54298e-23 5.02645e-38)
(-2.79793e-07 0 0)
(-2.79793e-07 0 0)
(-2.79793e-07 -6.22095e-23 -4.78811e-38)
(-2.79793e-07 -1.27639e-22 0)
(-2.79793e-07 -1.27639e-22 0)
(-2.79793e-07 -6.54298e-23 5.02645e-38)
(-2.79793e-07 -6.22095e-23 -4.78811e-38)
(-2.79793e-07 -1.27639e-22 0)
(-2.79793e-07 -1.27639e-22 0)
(-2.79793e-07 -1.27639e-22 0)
(-2.79793e-07 -1.27639e-22 0)
(-2.79793e-07 -1.27639e-22 0)
(-2.79793e-07 -6.54298e-23 -4.6986e-38)
(-2.79793e-07 -6.22095e-23 4.46025e-38)
(-2.79793e-07 -1.27639e-22 0)
(-2.79793e-07 -6.54298e-23 -4.6986e-38)
(-2.79793e-07 -6.22095e-23 4.46025e-38)
(-2.79793e-07 -1.27639e-22 0)
(-2.79793e-07 -1.27639e-22 0)
(-2.79793e-07 -1.27639e-22 0)
(-2.79793e-07 -1.27639e-22 0)
(-2.79793e-07 -1.27639e-22 0)
(-2.79793e-07 -1.27639e-22 0)
(-2.79793e-07 -1.27639e-22 0)
(-2.79793e-07 -1.27639e-22 0)
(-2.79793e-07 -1.27639e-22 0)
(-2.79793e-07 -1.27639e-22 0)
(-2.79793e-07 -6.54298e-23 -4.6986e-38)
(-2.79793e-07 -6.22095e-23 4.46025e-38)
(-2.79793e-07 -1.27639e-22 0)
(-2.79793e-07 -1.27639e-22 0)
(-2.79793e-07 -1.27639e-22 0)
(-2.79793e-07 -1.27639e-22 0)
(-2.79793e-07 -1.27639e-22 0)
(-2.79793e-07 -1.24419e-22 0)
(-2.79793e-07 -1.27639e-22 0)
(-2.79793e-07 -1.27639e-22 0)
(-2.79792e-07 1.24924e-22 -6.61037e-39)
(-2.79792e-07 1.28157e-22 0)
(-2.79792e-07 6.56951e-23 4.74572e-38)
(-2.79792e-07 6.56951e-23 -4.74572e-38)
(-2.79792e-07 6.56951e-23 4.74572e-38)
(-2.79792e-07 -1.28157e-22 3.83306e-37)
(-2.79792e-07 -1.24924e-22 -3.73733e-37)
(-2.79792e-07 0 0)
(-2.79792e-07 6.24619e-23 4.83693e-38)
(-2.79792e-07 6.24619e-23 -4.83693e-38)
(-2.79792e-07 6.24619e-23 4.83693e-38)
(-2.79792e-07 1.24924e-22 0)
(-2.79792e-07 6.56951e-23 4.74572e-38)
(-2.79792e-07 0 0)
(-2.79792e-07 6.24619e-23 4.83693e-38)
(-2.79792e-07 6.56951e-23 -5.07624e-38)
(-2.79792e-07 6.24619e-23 4.83693e-38)
(-2.79792e-07 1.28157e-22 0)
(-2.79792e-07 1.28157e-22 0)
(-2.79792e-07 1.28157e-22 0)
(-2.79792e-07 1.3139e-22 0)
(-2.79792e-07 6.56951e-23 4.74572e-38)
(-2.79792e-07 0 0)
(-2.79792e-07 0 0)
(-2.79792e-07 0 0)
(-2.79792e-07 -1.28157e-22 -3.76695e-37)
(-2.79792e-07 -6.24619e-23 1.35192e-37)
(-2.79792e-07 6.56951e-23 4.74572e-38)
(-2.79792e-07 0 0)
(-2.79792e-07 6.24619e-23 4.83693e-38)
(-2.79792e-07 1.28157e-22 0)
(-2.79792e-07 6.56951e-23 4.74572e-38)
(-2.79792e-07 6.24619e-23 -4.50641e-38)
(-2.79792e-07 1.28157e-22 0)
(-2.79792e-07 1.28157e-22 0)
(-2.79792e-07 6.56951e-23 4.74572e-38)
(-2.79792e-07 6.24619e-23 -4.50641e-38)
(-2.79792e-07 1.28157e-22 0)
(-2.79792e-07 1.28157e-22 0)
(-2.79792e-07 1.28157e-22 0)
(-2.79792e-07 1.28157e-22 0)
(-2.79792e-07 1.28157e-22 0)
(-2.79792e-07 1.28157e-22 0)
(-2.79792e-07 1.28157e-22 0)
(-2.79792e-07 1.28157e-22 0)
(-2.79792e-07 1.28157e-22 0)
(-2.79792e-07 1.28157e-22 0)
(-2.79792e-07 1.28157e-22 0)
(-2.79792e-07 1.28157e-22 0)
(-2.79792e-07 1.28157e-22 0)
(-2.79792e-07 6.56951e-23 4.74572e-38)
(-2.79792e-07 6.24619e-23 -4.50641e-38)
(-2.79792e-07 1.28157e-22 0)
(-2.79792e-07 1.28157e-22 0)
(-2.79792e-07 6.56951e-23 4.74572e-38)
(-2.79792e-07 6.24619e-23 -4.50641e-38)
(-2.79792e-07 1.28157e-22 0)
(-2.79792e-07 1.24924e-22 0)
(-2.79792e-07 1.28157e-22 0)
(-2.79792e-07 1.28157e-22 0)
(-2.79791e-07 0 0)
(-2.79791e-07 6.59363e-23 -5.45463e-38)
(-2.79791e-07 1.25382e-22 1.88601e-37)
(-2.79791e-07 1.91319e-22 -4.26563e-37)
(-2.79791e-07 1.88073e-22 4.19357e-37)
(-2.79791e-07 1.28627e-22 -1.93405e-37)
(-2.79791e-07 1.25382e-22 1.88601e-37)
(-2.79791e-07 6.26911e-23 -4.2156e-38)
(-2.79791e-07 0 0)
(-2.79791e-07 6.26911e-23 -5.21444e-38)
(-2.79791e-07 6.59363e-23 5.45463e-38)
(-2.79791e-07 0 0)
(-2.79791e-07 6.26911e-23 4.2156e-38)
(-2.79791e-07 6.26911e-23 -4.2156e-38)
(-2.79791e-07 0 0)
(-2.79791e-07 0 0)
(-2.79791e-07 0 0)
(-2.79791e-07 0 0)
(-2.79791e-07 0 0)
(-2.79791e-07 0 0)
(-2.79791e-07 0 0)
(-2.79791e-07 6.26911e-23 4.2156e-38)
(-2.79791e-07 6.59363e-23 -4.45578e-38)
(-2.79791e-07 6.26911e-23 4.2156e-38)
(-2.79791e-07 6.26911e-23 -4.2156e-38)
(-2.79791e-07 1.91319e-22 4.16575e-37)
(-2.79791e-07 1.91319e-22 -4.16575e-37)
(-2.79791e-07 6.26911e-23 4.2156e-38)
(-2.79791e-07 6.59363e-23 -4.45578e-38)
(-2.79791e-07 0 0)
(-2.79791e-07 0 0)
(-2.79791e-07 6.26911e-23 4.2156e-38)
(-2.79791e-07 6.59363e-23 -4.45578e-38)
(-2.79791e-07 0 0)
(-2.79791e-07 0 0)
(-2.79791e-07 6.26911e-23 4.2156e-38)
(-2.79791e-07 6.59363e-23 -4.45578e-38)
(-2.79791e-07 0 0)
(-2.79791e-07 0 0)
(-2.79791e-07 0 0)
(-2.79791e-07 0 0)
(-2.79791e-07 0 0)
(-2.79791e-07 0 0)
(-2.79791e-07 0 0)
(-2.79791e-07 0 0)
(-2.79791e-07 0 0)
(-2.79791e-07 0 0)
(-2.79791e-07 0 0)
(-2.79791e-07 0 0)
(-2.79791e-07 0 0)
(-2.79791e-07 6.26911e-23 4.2156e-38)
(-2.79791e-07 6.59363e-23 -4.45578e-38)
(-2.79791e-07 0 0)
(-2.79791e-07 0 0)
(-2.79791e-07 6.26911e-23 4.2156e-38)
(-2.79791e-07 1.94564e-22 -4.33769e-37)
(-2.79791e-07 1.28627e-22 2.00063e-37)
(-2.79791e-07 0 0)
(-2.79791e-07 0 0)
(-2.79791e-07 0 0)
(-2.7979e-07 0 0)
(-2.7979e-07 -6.61557e-23 4.82804e-38)
(-2.7979e-07 -6.61557e-23 -4.82804e-38)
(-2.7979e-07 -1.29055e-22 1.88302e-37)
(-2.7979e-07 -1.258e-22 -1.83482e-37)
(-2.7979e-07 -6.61557e-23 4.82804e-38)
(-2.7979e-07 -6.28998e-23 -4.58705e-38)
(-2.7979e-07 0 0)
(-2.7979e-07 0 0)
(-2.7979e-07 0 0)
(-2.7979e-07 0 0)
(-2.7979e-07 0 0)
(-2.7979e-07 0 0)
(-2.7979e-07 0 0)
(-2.7979e-07 0 0)
(-2.7979e-07 0 0)
(-2.7979e-07 0 0)
(-2.7979e-07 0 0)
(-2.7979e-07 0 0)
(-2.7979e-07 0 0)
(-2.7979e-07 0 0)
(-2.7979e-07 0 0)
(-2.7979e-07 0 0)
(-2.7979e-07 0 0)
(-2.7979e-07 0 0)
(-2.7979e-07 0 0)
(-2.7979e-07 0 0)
(-2.7979e-07 0 0)
(-2.7979e-07 0 0)
(-2.7979e-07 0 0)
(-2.7979e-07 0 0)
(-2.7979e-07 0 0)
(-2.7979e-07 0 0)
(-2.7979e-07 0 0)
(-2.7979e-07 0 0)
(-2.7979e-07 0 0)
(-2.7979e-07 0 0)
(-2.7979e-07 0 0)
(-2.7979e-07 0 0)
(-2.7979e-07 0 0)
(-2.7979e-07 0 0)
(-2.7979e-07 0 0)
(-2.7979e-07 0 0)
(-2.7979e-07 0 0)
(-2.7979e-07 0 0)
(-2.7979e-07 0 0)
(-2.7979e-07 0 0)
(-2.7979e-07 0 0)
(-2.7979e-07 0 0)
(-2.7979e-07 0 0)
(-2.7979e-07 0 0)
(-2.7979e-07 0 0)
(-2.7979e-07 0 0)
(-2.7979e-07 0 0)
(-2.7979e-07 0 0)
(-2.7979e-07 -1.29055e-22 1.88302e-37)
(-2.7979e-07 -1.29055e-22 -1.88302e-37)
(-2.7979e-07 0 0)
(-2.7979e-07 0 0)
(-2.7979e-07 0 0)
(-2.7979e-07 0 0)
(-2.7979e-07 6.63556e-23 -5.53837e-38)
(-2.7979e-07 6.63556e-23 5.53837e-38)
(-2.7979e-07 0 0)
(-2.7979e-07 0 0)
(-2.7979e-07 6.63556e-23 -5.53837e-38)
(-2.7979e-07 6.30898e-23 5.29665e-38)
(-2.7979e-07 0 0)
(-2.7979e-07 0 0)
(-2.7979e-07 0 0)
(-2.7979e-07 0 0)
(-2.7979e-07 0 0)
(-2.7979e-07 0 0)
(-2.7979e-07 1.32711e-22 -2.01303e-37)
(-2.7979e-07 1.2618e-22 1.91634e-37)
(-2.7979e-07 0 0)
(-2.7979e-07 0 0)
(-2.7979e-07 0 0)
(-2.7979e-07 1.2618e-22 -1.91634e-37)
(-2.7979e-07 1.2618e-22 1.91634e-37)
(-2.7979e-07 0 0)
(-2.7979e-07 0 0)
(-2.7979e-07 0 0)
(-2.7979e-07 0 0)
(-2.7979e-07 1.2618e-22 -1.91634e-37)
(-2.7979e-07 1.2618e-22 1.91634e-37)
(-2.7979e-07 0 0)
(-2.7979e-07 0 0)
(-2.7979e-07 0 0)
(-2.7979e-07 0 0)
(-2.7979e-07 0 0)
(-2.7979e-07 0 0)
(-2.7979e-07 0 0)
(-2.7979e-07 0 0)
(-2.7979e-07 0 0)
(-2.7979e-07 0 0)
(-2.7979e-07 0 0)
(-2.7979e-07 0 0)
(-2.7979e-07 0 0)
(-2.7979e-07 1.29445e-22 -1.96469e-37)
(-2.7979e-07 2.55625e-22 0)
(-2.7979e-07 1.29445e-22 1.96469e-37)
(-2.7979e-07 0 0)
(-2.7979e-07 0 0)
(-2.7979e-07 0 0)
(-2.7979e-07 0 0)
(-2.7979e-07 0 0)
(-2.7979e-07 0 0)
(-2.7979e-07 0 0)
(-2.7979e-07 0 0)
(-2.7979e-07 0 0)
(-2.7979e-07 0 0)
(-2.7979e-07 0 0)
(-2.7979e-07 0 0)
(-2.7979e-07 0 0)
(-2.7979e-07 0 0)
(-2.7979e-07 0 0)
(-2.7979e-07 0 0)
(-2.7979e-07 0 0)
(-2.7979e-07 0 0)
(-2.79789e-07 2.56327e-22 0)
(-2.79789e-07 6.32631e-23 4.99352e-38)
(-2.79789e-07 6.32631e-23 -4.99352e-38)
(-2.79789e-07 3.22865e-22 -2.20619e-37)
(-2.79789e-07 3.1959e-22 2.18195e-37)
(-2.79789e-07 1.29801e-22 6.78096e-39)
(-2.79789e-07 0 0)
(-2.79789e-07 1.26526e-22 -1.86179e-37)
(-2.79789e-07 2.59602e-22 0)
(-2.79789e-07 1.29801e-22 6.78096e-39)
(-2.79789e-07 1.26526e-22 -6.78096e-39)
(-2.79789e-07 2.59602e-22 0)
(-2.79789e-07 1.26526e-22 1.86179e-37)
(-2.79789e-07 0 0)
(-2.79789e-07 1.29801e-22 1.84246e-37)
(-2.79789e-07 2.56327e-22 0)
(-2.79789e-07 2.56327e-22 0)
(-2.79789e-07 2.56327e-22 0)
(-2.79789e-07 1.29801e-22 -1.84246e-37)
(-2.79789e-07 0 0)
(-2.79789e-07 1.26526e-22 -1.86179e-37)
(-2.79789e-07 1.26526e-22 1.86179e-37)
(-2.79789e-07 1.29801e-22 -1.91027e-37)
(-2.79789e-07 2.56327e-22 0)
(-2.79789e-07 1.29801e-22 -1.84246e-37)
(-2.79789e-07 1.29801e-22 1.84246e-37)
(-2.79789e-07 2.56327e-22 0)
(-2.79789e-07 2.56327e-22 0)
(-2.79789e-07 1.29801e-22 1.91027e-37)
(-2.79789e-07 1.29801e-22 -1.91027e-37)
(-2.79789e-07 2.56327e-22 0)
(-2.79789e-07 2.56327e-22 0)
(-2.79789e-07 2.56327e-22 0)
(-2.79789e-07 2.56327e-22 0)
(-2.79789e-07 2.56327e-22 0)
(-2.79789e-07 2.56327e-22 0)
(-2.79789e-07 2.56327e-22 0)
(-2.79789e-07 2.56327e-22 0)
(-2.79789e-07 2.56327e-22 0)
(-2.79789e-07 1.26526e-22 -1.79398e-37)
(-2.79789e-07 0 0)
(-2.79789e-07 1.26526e-22 1.79398e-37)
(-2.79789e-07 2.56327e-22 0)
(-2.79789e-07 2.56327e-22 0)
(-2.79789e-07 2.56327e-22 0)
(-2.79789e-07 1.29801e-22 1.91027e-37)
(-2.79789e-07 0 0)
(-2.79789e-07 1.29801e-22 -1.91027e-37)
(-2.79789e-07 2.56327e-22 0)
(-2.79789e-07 2.56327e-22 0)
(-2.79789e-07 2.56327e-22 0)
(-2.79789e-07 2.56327e-22 0)
(-2.79789e-07 2.56327e-22 0)
(-2.79789e-07 3.1959e-22 -2.18195e-37)
(-2.79789e-07 3.1959e-22 2.18195e-37)
(-2.79789e-07 2.56327e-22 0)
(-2.79789e-07 2.56327e-22 0)
(-2.79789e-07 2.56327e-22 0)
(-2.79789e-07 2.56327e-22 0)
(-2.79789e-07 2.56327e-22 0)
(-2.79788e-07 -2.56967e-22 0)
(-2.79788e-07 -1.30125e-22 -1.92217e-37)
(-2.79788e-07 -1.30125e-22 1.92217e-37)
(-2.79788e-07 -1.93546e-22 4.39067e-37)
(-2.79788e-07 -1.93546e-22 -4.39067e-37)
(-2.79788e-07 -1.96829e-22 -1.35156e-37)
(-2.79788e-07 -6.34211e-23 -5.02469e-38)
(-2.79788e-07 -1.26842e-22 1.87358e-37)
(-2.79788e-07 -2.6025e-22 0)
(-2.79788e-07 -1.30125e-22 6.81486e-39)
(-2.79788e-07 -1.26842e-22 -6.81486e-39)
(-2.79788e-07 -1.26842e-22 1.87358e-37)
(-2.79788e-07 0 0)
(-2.79788e-07 -1.33408e-22 1.97077e-37)
(-2.79788e-07 -2.56967e-22 0)
(-2.79788e-07 -2.56967e-22 0)
(-2.79788e-07 -2.56967e-22 0)
(-2.79788e-07 -2.56967e-22 0)
(-2.79788e-07 -2.56967e-22 0)
(-2.79788e-07 -1.26842e-22 -1.87358e-37)
(-2.79788e-07 -1.26842e-22 1.87358e-37)
(-2.79788e-07 -1.26842e-22 -1.87358e-37)
(-2.79788e-07 -1.30125e-22 1.92217e-37)
(-2.79788e-07 -2.56967e-22 0)
(-2.79788e-07 -2.56967e-22 0)
(-2.79788e-07 -2.56967e-22 0)
(-2.79788e-07 -2.56967e-22 0)
(-2.79788e-07 -2.56967e-22 0)
(-2.79788e-07 -1.30125e-22 -1.92217e-37)
(-2.79788e-07 -1.30125e-22 1.92217e-37)
(-2.79788e-07 -2.56967e-22 0)
(-2.79788e-07 -2.56967e-22 0)
(-2.79788e-07 -2.56967e-22 0)
(-2.79788e-07 -2.56967e-22 0)
(-2.79788e-07 -2.56967e-22 0)
(-2.79788e-07 -2.56967e-22 0)
(-2.79788e-07 -2.56967e-22 0)
(-2.79788e-07 -2.56967e-22 0)
(-2.79788e-07 -2.56967e-22 0)
(-2.79788e-07 -2.56967e-22 0)
(-2.79788e-07 -2.56967e-22 0)
(-2.79788e-07 -2.56967e-22 0)
(-2.79788e-07 -2.56967e-22 0)
(-2.79788e-07 -2.56967e-22 0)
(-2.79788e-07 -2.56967e-22 0)
(-2.79788e-07 -1.30125e-22 -1.92217e-37)
(-2.79788e-07 0 0)
(-2.79788e-07 -1.30125e-22 1.92217e-37)
(-2.79788e-07 -2.56967e-22 0)
(-2.79788e-07 -2.56967e-22 0)
(-2.79788e-07 -2.56967e-22 0)
(-2.79788e-07 -2.56967e-22 0)
(-2.79788e-07 -2.56967e-22 0)
(-2.79788e-07 -3.20388e-22 2.36627e-37)
(-2.79788e-07 -3.20388e-22 -2.36627e-37)
(-2.79788e-07 -2.56967e-22 0)
(-2.79788e-07 -2.56967e-22 0)
(-2.79788e-07 -2.56967e-22 0)
(-2.79788e-07 -2.56967e-22 0)
(-2.79788e-07 -2.56967e-22 1.36297e-38)
(-2.79788e-07 0 0)
(-2.79788e-07 6.68555e-23 -4.95444e-38)
(-2.79788e-07 1.97276e-22 -1.46198e-37)
(-2.79788e-07 -3.29029e-24 0)
(-2.79788e-07 -1.2713e-22 -1.88436e-37)
(-2.79788e-07 6.68555e-23 -4.95444e-38)
(-2.79788e-07 6.35652e-23 4.7109e-38)
(-2.79788e-07 0 0)
(-2.79788e-07 0 0)
(-2.79788e-07 0 0)
(-2.79788e-07 0 0)
(-2.79788e-07 -1.33711e-22 1.98177e-37)
(-2.79788e-07 -1.2713e-22 -1.88436e-37)
(-2.79788e-07 0 0)
(-2.79788e-07 0 0)
(-2.79788e-07 1.2713e-22 -1.88436e-37)
(-2.79788e-07 1.2713e-22 1.88436e-37)
(-2.79788e-07 0 0)
(-2.79788e-07 1.2713e-22 -1.88436e-37)
(-2.79788e-07 2.57551e-22 0)
(-2.79788e-07 1.2713e-22 1.88436e-37)
(-2.79788e-07 0 0)
(-2.79788e-07 1.30421e-22 -1.93307e-37)
(-2.79788e-07 1.2713e-22 1.88436e-37)
(-2.79788e-07 0 0)
(-2.79788e-07 0 0)
(-2.79788e-07 0 0)
(-2.79788e-07 0 0)
(-2.79788e-07 0 0)
(-2.79788e-07 0 0)
(-2.79788e-07 0 0)
(-2.79788e-07 0 0)
(-2.79788e-07 0 0)
(-2.79788e-07 0 0)
(-2.79788e-07 0 0)
(-2.79788e-07 0 0)
(-2.79788e-07 0 0)
(-2.79788e-07 0 0)
(-2.79788e-07 0 0)
(-2.79788e-07 0 0)
(-2.79788e-07 0 0)
(-2.79788e-07 0 0)
(-2.79788e-07 0 0)
(-2.79788e-07 0 0)
(-2.79788e-07 0 0)
(-2.79788e-07 0 0)
(-2.79788e-07 0 0)
(-2.79788e-07 0 0)
(-2.79788e-07 0 0)
(-2.79788e-07 0 0)
(-2.79788e-07 0 0)
(-2.79788e-07 0 0)
(-2.79788e-07 0 0)
(-2.79788e-07 0 0)
(-2.79788e-07 0 0)
(-2.79788e-07 0 0)
(-2.79788e-07 0 0)
(-2.79788e-07 0 0)
(-2.79788e-07 0 0)
(-2.79788e-07 0 0)
(-2.79787e-07 0 0)
(-2.79787e-07 -6.69938e-23 5.3233e-38)
(-2.79787e-07 -2.58084e-22 -1.37484e-38)
(-2.79787e-07 -1.9109e-22 -1.42067e-37)
(-2.79787e-07 0 0)
(-2.79787e-07 -6.69938e-23 5.3233e-38)
(-2.79787e-07 -6.36967e-23 -5.07926e-38)
(-2.79787e-07 0 0)
(-2.79787e-07 0 0)
(-2.79787e-07 -6.36967e-23 5.07926e-38)
(-2.79787e-07 -6.69938e-23 -5.3233e-38)
(-2.79787e-07 0 0)
(-2.79787e-07 0 0)
(-2.79787e-07 0 0)
(-2.79787e-07 0 0)
(-2.79787e-07 -1.27393e-22 1.89422e-37)
(-2.79787e-07 -1.27393e-22 -1.89422e-37)
(-2.79787e-07 0 0)
(-2.79787e-07 -1.27393e-22 1.89422e-37)
(-2.79787e-07 -2.58084e-22 0)
(-2.79787e-07 -1.27393e-22 -1.89422e-37)
(-2.79787e-07 0 0)
(-2.79787e-07 -1.3069e-22 1.94303e-37)
(-2.79787e-07 -1.27393e-22 -1.89422e-37)
(-2.79787e-07 0 0)
(-2.79787e-07 0 0)
(-2.79787e-07 0 0)
(-2.79787e-07 0 0)
(-2.79787e-07 0 0)
(-2.79787e-07 0 0)
(-2.79787e-07 0 0)
(-2.79787e-07 0 0)
(-2.79787e-07 -6.36967e-23 -4.39184e-38)
(-2.79787e-07 -6.69938e-23 4.63588e-38)
(-2.79787e-07 0 0)
(-2.79787e-07 0 0)
(-2.79787e-07 0 0)
(-2.79787e-07 0 0)
(-2.79787e-07 0 0)
(-2.79787e-07 0 0)
(-2.79787e-07 0 0)
(-2.79787e-07 0 0)
(-2.79787e-07 0 0)
(-2.79787e-07 0 0)
(-2.79787e-07 0 0)
(-2.79787e-07 0 0)
(-2.79787e-07 0 0)
(-2.79787e-07 0 0)
(-2.79787e-07 0 0)
(-2.79787e-07 0 0)
(-2.79787e-07 0 0)
(-2.79787e-07 0 0)
(-2.79787e-07 0 0)
(-2.79787e-07 0 0)
(-2.79787e-07 0 0)
(-2.79787e-07 0 0)
(-2.79787e-07 0 0)
(-2.79787e-07 0 0)
(-2.79787e-07 0 0)
(-2.79787e-07 0 0)
(-2.79787e-07 0 0)
(-2.79787e-07 0 0)
(-2.79787e-07 6.05132e-23 4.16858e-38)
(-2.79787e-07 6.38164e-23 -4.41307e-38)
(-2.79787e-07 0 0)
(-2.79787e-07 0 0)
(-2.79787e-07 0 0)
(-2.79787e-07 0 0)
(-2.79787e-07 0 0)
(-2.79787e-07 0 0)
(-2.79787e-07 0 0)
(-2.79787e-07 0 0)
(-2.79787e-07 0 0)
(-2.79787e-07 0 0)
(-2.79787e-07 0 0)
(-2.79787e-07 0 0)
(-2.79787e-07 0 0)
(-2.79787e-07 1.30936e-22 -1.95213e-37)
(-2.79787e-07 6.38164e-23 1.39292e-37)
(-2.79787e-07 -6.38164e-23 4.41307e-38)
(-2.79787e-07 0 0)
(-2.79787e-07 0 0)
(-2.79787e-07 0 0)
(-2.79787e-07 0 0)
(-2.79787e-07 0 0)
(-2.79787e-07 0 0)
(-2.79787e-07 0 0)
(-2.79787e-07 0 0)
(-2.79787e-07 0 0)
(-2.79787e-07 0 0)
(-2.79787e-07 0 0)
(-2.79787e-07 0 0)
(-2.79787e-07 6.38164e-23 4.41307e-38)
(-2.79787e-07 6.71197e-23 -4.65756e-38)
(-2.79787e-07 -6.38164e-23 -4.41307e-38)
(-2.79787e-07 -6.71197e-23 4.65756e-38)
(-2.79787e-07 0 0)
(-2.79787e-07 -6.38164e-23 -4.41307e-38)
(-2.79787e-07 -6.71197e-23 4.65756e-38)
(-2.79787e-07 0 0)
(-2.79787e-07 -6.38164e-23 -4.41307e-38)
(-2.79787e-07 -6.71197e-23 4.65756e-38)
(-2.79787e-07 0 0)
(-2.79787e-07 -6.38164e-23 -4.41307e-38)
(-2.79787e-07 -6.71197e-23 4.65756e-38)
(-2.79787e-07 0 0)
(-2.79787e-07 0 0)
(-2.79787e-07 0 0)
(-2.79787e-07 0 0)
(-2.79787e-07 0 0)
(-2.79787e-07 -6.38164e-23 -4.41307e-38)
(-2.79787e-07 -6.71197e-23 4.65756e-38)
(-2.79787e-07 0 0)
(-2.79787e-07 0 0)
(-2.79787e-07 0 0)
(-2.79787e-07 0 0)
(-2.79787e-07 0 0)
(-2.79787e-07 -6.38164e-23 -4.41307e-38)
(-2.79787e-07 -6.71197e-23 4.65756e-38)
(-2.79787e-07 0 0)
(-2.79786e-07 0 0)
(-2.79786e-07 0 0)
(-2.79786e-07 0 0)
(-2.79786e-07 0 0)
(-2.79786e-07 0 0)
(-2.79786e-07 0 0)
(-2.79786e-07 0 0)
(-2.79786e-07 0 0)
(-2.79786e-07 0 0)
(-2.79786e-07 0 0)
(-2.79786e-07 0 0)
(-2.79786e-07 0 0)
(-2.79786e-07 0 0)
(-2.79786e-07 0 0)
(-2.79786e-07 0 0)
(-2.79786e-07 0 0)
(-2.79786e-07 0 0)
(-2.79786e-07 -1.3116e-22 1.89119e-37)
(-2.79786e-07 -6.39255e-23 -1.39897e-37)
(-2.79786e-07 6.39255e-23 -4.77861e-38)
(-2.79786e-07 0 0)
(-2.79786e-07 0 0)
(-2.79786e-07 0 0)
(-2.79786e-07 0 0)
(-2.79786e-07 0 0)
(-2.79786e-07 0 0)
(-2.79786e-07 0 0)
(-2.79786e-07 0 0)
(-2.79786e-07 0 0)
(-2.79786e-07 0 0)
(-2.79786e-07 0 0)
(-2.79786e-07 0 0)
(-2.79786e-07 0 0)
(-2.79786e-07 0 0)
(-2.79786e-07 6.39255e-23 4.77861e-38)
(-2.79786e-07 6.72344e-23 -5.02352e-38)
(-2.79786e-07 0 0)
(-2.79786e-07 6.39255e-23 4.77861e-38)
(-2.79786e-07 6.72344e-23 -5.02352e-38)
(-2.79786e-07 0 0)
(-2.79786e-07 6.39255e-23 4.77861e-38)
(-2.79786e-07 6.72344e-23 -5.02352e-38)
(-2.79786e-07 0 0)
(-2.79786e-07 6.39255e-23 4.77861e-38)
(-2.79786e-07 6.72344e-23 -5.02352e-38)
(-2.79786e-07 0 0)
(-2.79786e-07 0 0)
(-2.79786e-07 0 0)
(-2.79786e-07 0 0)
(-2.79786e-07 0 0)
(-2.79786e-07 6.39255e-23 4.77861e-38)
(-2.79786e-07 6.72344e-23 -5.02352e-38)
(-2.79786e-07 0 0)
(-2.79786e-07 0 0)
(-2.79786e-07 0 0)
(-2.79786e-07 0 0)
(-2.79786e-07 0 0)
(-2.79786e-07 6.39255e-23 4.77861e-38)
(-2.79786e-07 6.72344e-23 -5.02352e-38)
(-2.79786e-07 0 0)
(-2.79786e-07 0 0)
(-2.79786e-07 6.73386e-23 -5.04261e-38)
(-2.79786e-07 1.98702e-22 -1.48825e-37)
(-2.79786e-07 1.28049e-22 1.91893e-37)
(-2.79786e-07 0 0)
(-2.79786e-07 0 0)
(-2.79786e-07 0 0)
(-2.79786e-07 0 0)
(-2.79786e-07 0 0)
(-2.79786e-07 6.40246e-23 -4.79732e-38)
(-2.79786e-07 6.73386e-23 5.04261e-38)
(-2.79786e-07 0 0)
(-2.79786e-07 0 0)
(-2.79786e-07 0 0)
(-2.79786e-07 0 0)
(-2.79786e-07 0 0)
(-2.79786e-07 0 0)
(-2.79786e-07 0 0)
(-2.79786e-07 1.28049e-22 -1.91893e-37)
(-2.79786e-07 1.28049e-22 1.91893e-37)
(-2.79786e-07 0 0)
(-2.79786e-07 0 0)
(-2.79786e-07 0 0)
(-2.79786e-07 0 0)
(-2.79786e-07 1.28049e-22 -1.91893e-37)
(-2.79786e-07 1.28049e-22 1.91893e-37)
(-2.79786e-07 1.28049e-22 -1.91893e-37)
(-2.79786e-07 1.28049e-22 1.91893e-37)
(-2.79786e-07 0 0)
(-2.79786e-07 0 0)
(-2.79786e-07 0 0)
(-2.79786e-07 0 0)
(-2.79786e-07 0 0)
(-2.79786e-07 0 0)
(-2.79786e-07 0 0)
(-2.79786e-07 0 0)
(-2.79786e-07 0 0)
(-2.79786e-07 0 0)
(-2.79786e-07 0 0)
(-2.79786e-07 0 0)
(-2.79786e-07 0 0)
(-2.79786e-07 0 0)
(-2.79786e-07 0 0)
(-2.79786e-07 0 0)
(-2.79786e-07 1.31363e-22 -1.96799e-37)
(-2.79786e-07 1.92074e-22 1.4392e-37)
(-2.79786e-07 6.40246e-23 4.79732e-38)
(-2.79786e-07 0 0)
(-2.79786e-07 0 0)
(-2.79786e-07 0 0)
(-2.79786e-07 0 0)
(-2.79786e-07 0 0)
(-2.79786e-07 0 0)
(-2.79786e-07 0 0)
(-2.79786e-07 0 0)
(-2.79786e-07 0 0)
(-2.79786e-07 0 0)
(-2.79786e-07 0 0)
(-2.79786e-07 0 0)
(-2.79786e-07 0 0)
(-2.79785e-07 0 0)
(-2.79785e-07 0 0)
(-2.79785e-07 -1.31548e-22 -6.96461e-39)
(-2.79785e-07 -1.28229e-22 -1.92573e-37)
(-2.79785e-07 0 0)
(-2.79785e-07 6.74332e-23 -5.75641e-38)
(-2.79785e-07 6.41145e-23 5.51078e-38)
(-2.79785e-07 0 0)
(-2.79785e-07 0 0)
(-2.79785e-07 -6.41145e-23 4.81432e-38)
(-2.79785e-07 -6.74332e-23 -5.05995e-38)
(-2.79785e-07 1.34866e-22 -2.09362e-37)
(-2.79785e-07 1.28229e-22 1.99537e-37)
(-2.79785e-07 1.34866e-22 -2.09362e-37)
(-2.79785e-07 1.28229e-22 1.99537e-37)
(-2.79785e-07 0 0)
(-2.79785e-07 0 0)
(-2.79785e-07 0 0)
(-2.79785e-07 0 0)
(-2.79785e-07 0 0)
(-2.79785e-07 0 0)
(-2.79785e-07 0 0)
(-2.79785e-07 0 0)
(-2.79785e-07 0 0)
(-2.79785e-07 -1.28229e-22 1.92573e-37)
(-2.79785e-07 -1.28229e-22 -1.92573e-37)
(-2.79785e-07 -1.28229e-22 1.92573e-37)
(-2.79785e-07 -1.28229e-22 -1.92573e-37)
(-2.79785e-07 0 0)
(-2.79785e-07 0 0)
(-2.79785e-07 0 0)
(-2.79785e-07 0 0)
(-2.79785e-07 0 0)
(-2.79785e-07 0 0)
(-2.79785e-07 0 0)
(-2.79785e-07 1.31548e-22 -2.0445e-37)
(-2.79785e-07 1.31548e-22 2.0445e-37)
(-2.79785e-07 0 0)
(-2.79785e-07 0 0)
(-2.79785e-07 0 0)
(-2.79785e-07 0 0)
(-2.79785e-07 0 0)
(-2.79785e-07 1.31548e-22 -2.0445e-37)
(-2.79785e-07 1.31548e-22 2.0445e-37)
(-2.79785e-07 -1.31548e-22 1.97485e-37)
(-2.79785e-07 -1.92343e-22 -1.44429e-37)
(-2.79785e-07 -6.41145e-23 -4.81432e-38)
(-2.79785e-07 0 0)
(-2.79785e-07 1.31548e-22 -2.0445e-37)
(-2.79785e-07 1.28229e-22 1.99537e-37)
(-2.79785e-07 0 0)
(-2.79785e-07 0 0)
(-2.79785e-07 0 0)
(-2.79785e-07 0 0)
(-2.79785e-07 0 0)
(-2.79785e-07 0 0)
(-2.79785e-07 0 0)
(-2.79785e-07 0 0)
(-2.79785e-07 0 0)
(-2.79785e-07 0 0)
(-2.79785e-07 -6.08729e-23 -4.58377e-38)
(-2.79785e-07 -1.31714e-22 1.91125e-37)
(-2.79785e-07 -1.28392e-22 -1.86206e-37)
(-2.79785e-07 -6.41958e-23 4.82971e-38)
(-2.79785e-07 0 0)
(-2.79785e-07 0 0)
(-2.79785e-07 0 0)
(-2.79785e-07 0 0)
(-2.79785e-07 -6.41958e-23 -4.82971e-38)
(-2.79785e-07 -6.41958e-23 4.82971e-38)
(-2.79785e-07 0 0)
(-2.79785e-07 -1.35037e-22 1.96044e-37)
(-2.79785e-07 -1.28392e-22 -1.86206e-37)
(-2.79785e-07 -1.99233e-22 1.39337e-37)
(-2.79785e-07 -1.92587e-22 -1.34418e-37)
(-2.79785e-07 0 0)
(-2.79785e-07 -6.41958e-23 -4.82971e-38)
(-2.79785e-07 -1.31714e-22 0)
(-2.79785e-07 -1.92587e-22 4.242e-37)
(-2.79785e-07 -1.92587e-22 -4.242e-37)
(-2.79785e-07 -6.75186e-23 5.07565e-38)
(-2.79785e-07 0 0)
(-2.79785e-07 0 0)
(-2.79785e-07 -6.41958e-23 -4.82971e-38)
(-2.79785e-07 -6.41958e-23 4.82971e-38)
(-2.79785e-07 -6.41958e-23 -4.82971e-38)
(-2.79785e-07 -6.41958e-23 4.82971e-38)
(-2.79785e-07 0 0)
(-2.79785e-07 0 0)
(-2.79785e-07 0 0)
(-2.79785e-07 0 0)
(-2.79785e-07 0 0)
(-2.79785e-07 0 0)
(-2.79785e-07 0 0)
(-2.79785e-07 0 0)
(-2.79785e-07 -1.31714e-22 1.91125e-37)
(-2.79785e-07 -1.31714e-22 -1.91125e-37)
(-2.79785e-07 0 0)
(-2.79785e-07 0 0)
(-2.79785e-07 -6.41958e-23 -4.82971e-38)
(-2.79785e-07 -6.75186e-23 5.07565e-38)
(-2.79785e-07 0 0)
(-2.79785e-07 -1.9591e-22 1.36877e-37)
(-2.79785e-07 -1.99233e-22 -1.39337e-37)
(-2.79785e-07 0 0)
(-2.79785e-07 -6.41958e-23 -4.82971e-38)
(-2.79785e-07 -1.31714e-22 0)
(-2.79785e-07 -6.75186e-23 5.07565e-38)
(-2.79785e-07 -1.31714e-22 1.91125e-37)
(-2.79785e-07 -1.28392e-22 -1.86206e-37)
(-2.79785e-07 0 0)
(-2.79785e-07 0 0)
(-2.79785e-07 0 0)
(-2.79785e-07 0 0)
(-2.79785e-07 0 0)
(-2.79785e-07 0 0)
(-2.79785e-07 0 0)
(-2.79785e-07 0 0)
(-2.79785e-07 0 0)
(-2.79785e-07 0 0)
(-2.79785e-07 0 0)
(-2.79785e-07 0 0)
(-2.79785e-07 6.09423e-23 4.24746e-38)
(-2.79785e-07 1.96134e-22 -4.22316e-37)
(-2.79785e-07 6.4269e-23 1.3831e-37)
(-2.79785e-07 -1.17816e-31 3.5193e-46)
(-2.79785e-07 -1.17816e-31 -3.5193e-46)
(-2.79785e-07 -6.4269e-23 4.49369e-38)
(-2.79785e-07 6.4269e-23 4.49369e-38)
(-2.79785e-07 6.4269e-23 -4.49369e-38)
(-2.79785e-07 0 0)
(-2.79785e-07 0 0)
(-2.79785e-07 0 0)
(-2.79785e-07 6.4269e-23 4.49369e-38)
(-2.79785e-07 6.4269e-23 -4.49369e-38)
(-2.79785e-07 0 0)
(-2.79785e-07 6.4269e-23 4.49369e-38)
(-2.79785e-07 1.31865e-22 0)
(-2.79785e-07 1.92807e-22 -4.14929e-37)
(-2.79785e-07 1.28538e-22 3.73491e-37)
(-2.79785e-07 -6.75956e-23 5.08982e-38)
(-2.79785e-07 -1.31865e-22 0)
(-2.79785e-07 -6.75956e-23 4.73991e-38)
(-2.79785e-07 6.4269e-23 4.49369e-38)
(-2.79785e-07 6.4269e-23 -4.49369e-38)
(-2.79785e-07 6.4269e-23 4.49369e-38)
(-2.79785e-07 6.4269e-23 -4.49369e-38)
(-2.79785e-07 0 0)
(-2.79785e-07 0 0)
(-2.79785e-07 0 0)
(-2.79785e-07 -6.4269e-23 -4.49369e-38)
(-2.79785e-07 -6.75956e-23 4.73991e-38)
(-2.79785e-07 -6.4269e-23 -4.49369e-38)
(-2.79785e-07 -6.75956e-23 4.73991e-38)
(-2.79785e-07 -6.4269e-23 -4.49369e-38)
(-2.79785e-07 -6.75956e-23 4.73991e-38)
(-2.79785e-07 0 0)
(-2.79785e-07 0 0)
(-2.79785e-07 -6.4269e-23 -4.49369e-38)
(-2.79785e-07 -6.75956e-23 -5.08982e-38)
(-2.79785e-07 0 0)
(-2.79785e-07 0 0)
(-2.79785e-07 6.4269e-23 4.49369e-38)
(-2.79785e-07 6.75956e-23 -4.73991e-38)
(-2.79785e-07 0 0)
(-2.79785e-07 6.4269e-23 4.49369e-38)
(-2.79785e-07 1.31865e-22 0)
(-2.79785e-07 6.75956e-23 -4.73991e-38)
(-2.79785e-07 0 0)
(-2.79785e-07 -6.4269e-23 -4.49369e-38)
(-2.79785e-07 -6.75956e-23 4.73991e-38)
(-2.79785e-07 0 0)
(-2.79785e-07 0 0)
(-2.79785e-07 -6.4269e-23 -4.49369e-38)
(-2.79785e-07 -6.75956e-23 4.73991e-38)
(-2.79785e-07 0 0)
(-2.79785e-07 0 0)
(-2.79785e-07 0 0)
(-2.79785e-07 0 0)
(-2.79785e-07 0 0)
(-2.79784e-07 -3.33004e-24 0)
(-2.79784e-07 3.33004e-24 0)
(-2.79784e-07 -1.28669e-22 0)
(-2.79784e-07 -2.63998e-22 3.98344e-37)
(-2.79784e-07 0 0)
(-2.79784e-07 0 0)
(-2.79784e-07 -1.96334e-22 -4.33921e-37)
(-2.79784e-07 0 0)
(-2.79784e-07 -6.43346e-23 -4.85606e-38)
(-2.79784e-07 -6.43346e-23 4.85606e-38)
(-2.79784e-07 -6.43346e-23 -4.85606e-38)
(-2.79784e-07 -6.43346e-23 4.85606e-38)
(-2.79784e-07 -6.43346e-23 -4.85606e-38)
(-2.79784e-07 -6.43346e-23 4.85606e-38)
(-2.79784e-07 -6.43346e-23 -4.85606e-38)
(-2.79784e-07 -1.35329e-22 0)
(-2.79784e-07 -6.43346e-23 4.85606e-38)
(-2.79784e-07 -6.43346e-23 -4.85606e-38)
(-2.79784e-07 -1.93004e-22 4.37045e-37)
(-2.79784e-07 -6.43346e-23 -1.42176e-37)
(-2.79784e-07 1.35329e-22 0)
(-2.79784e-07 6.76646e-23 5.10253e-38)
(-2.79784e-07 0 0)
(-2.79784e-07 -6.43346e-23 -4.85606e-38)
(-2.79784e-07 -6.43346e-23 4.85606e-38)
(-2.79784e-07 -6.43346e-23 -4.85606e-38)
(-2.79784e-07 -1.31999e-22 0)
(-2.79784e-07 -1.31999e-22 0)
(-2.79784e-07 6.43346e-23 -1.45682e-37)
(-2.79784e-07 6.43346e-23 1.45682e-37)
(-2.79784e-07 -6.76646e-23 -4.75191e-38)
(-2.79784e-07 -6.43346e-23 4.50544e-38)
(-2.79784e-07 -6.76646e-23 -4.75191e-38)
(-2.79784e-07 -6.43346e-23 4.50544e-38)
(-2.79784e-07 -6.76646e-23 -4.75191e-38)
(-2.79784e-07 -6.43346e-23 4.50544e-38)
(-2.79784e-07 -1.31999e-22 0)
(-2.79784e-07 6.43346e-23 -1.45682e-37)
(-2.79784e-07 1.96334e-22 4.33921e-37)
(-2.79784e-07 1.31999e-22 0)
(-2.79784e-07 6.76646e-23 -4.75191e-38)
(-2.79784e-07 0 0)
(-2.79784e-07 0 0)
(-2.79784e-07 0 0)
(-2.79784e-07 -6.43346e-23 -4.85606e-38)
(-2.79784e-07 -1.31999e-22 0)
(-2.79784e-07 -1.31999e-22 0)
(-2.79784e-07 -1.31999e-22 0)
(-2.79784e-07 -1.31999e-22 0)
(-2.79784e-07 -6.76646e-23 -4.75191e-38)
(-2.79784e-07 -6.43346e-23 4.50544e-38)
(-2.79784e-07 -1.31999e-22 0)
(-2.79784e-07 -1.31999e-22 0)
(-2.79784e-07 -3.33004e-24 0)
(-2.79784e-07 6.76646e-23 -4.75191e-38)
(-2.79784e-07 -6.43346e-23 -4.85606e-38)
(-2.79784e-07 -1.31999e-22 0)
(-2.79784e-07 -1.28669e-22 0)
(-2.79784e-07 -1.31999e-22 0)
(-2.79784e-07 -1.31999e-22 7.01248e-39)
(-2.79784e-07 6.43931e-23 -4.86718e-38)
(-2.79784e-07 6.106e-23 4.62048e-38)
(-2.79784e-07 1.28786e-22 0)
(-2.79784e-07 1.32119e-22 0)
(-2.79784e-07 -6.43931e-23 1.46015e-37)
(-2.79784e-07 -6.77261e-23 -1.53416e-37)
(-2.79784e-07 1.32119e-22 0)
(-2.79784e-07 6.43931e-23 -4.86718e-38)
(-2.79784e-07 6.43931e-23 4.86718e-38)
(-2.79784e-07 6.43931e-23 -4.86718e-38)
(-2.79784e-07 6.43931e-23 4.86718e-38)
(-2.79784e-07 6.43931e-23 -4.86718e-38)
(-2.79784e-07 6.43931e-23 4.86718e-38)
(-2.79784e-07 6.43931e-23 -4.86718e-38)
(-2.79784e-07 6.43931e-23 4.86718e-38)
(-2.79784e-07 1.35452e-22 0)
(-2.79784e-07 6.43931e-23 -4.86718e-38)
(-2.79784e-07 6.43931e-23 4.86718e-38)
(-2.79784e-07 0 0)
(-2.79784e-07 -6.43931e-23 5.21844e-38)
(-2.79784e-07 0 0)
(-2.79784e-07 6.43931e-23 4.86718e-38)
(-2.79784e-07 6.77261e-23 -5.11387e-38)
(-2.79784e-07 6.43931e-23 4.86718e-38)
(-2.79784e-07 0 0)
(-2.79784e-07 -1.99845e-22 -4.4231e-37)
(-2.79784e-07 -6.43931e-23 1.46015e-37)
(-2.79784e-07 6.77261e-23 4.76261e-38)
(-2.79784e-07 -1.96512e-22 4.34909e-37)
(-2.79784e-07 -1.32119e-22 -1.99621e-37)
(-2.79784e-07 6.77261e-23 4.76261e-38)
(-2.79784e-07 0 0)
(-2.79784e-07 0 0)
(-2.79784e-07 -1.28786e-22 -2.01712e-37)
(-2.79784e-07 -6.77261e-23 1.53416e-37)
(-2.79784e-07 1.32119e-22 0)
(-2.79784e-07 1.32119e-22 0)
(-2.79784e-07 -6.43931e-23 1.46015e-37)
(-2.79784e-07 -1.96512e-22 -4.55985e-37)
(-2.79784e-07 -6.77261e-23 5.46513e-38)
(-2.79784e-07 -6.43931e-23 -5.21844e-38)
(-2.79784e-07 -6.77261e-23 5.46513e-38)
(-2.79784e-07 0 0)
(-2.79784e-07 -6.43931e-23 -5.21844e-38)
(-2.79784e-07 -3.33306e-24 0)
(-2.79784e-07 1.32119e-22 0)
(-2.79784e-07 6.77261e-23 4.76261e-38)
(-2.79784e-07 6.43931e-23 -4.51592e-38)
(-2.79784e-07 6.77261e-23 4.76261e-38)
(-2.79784e-07 6.43931e-23 -4.51592e-38)
(-2.79784e-07 1.32119e-22 0)
(-2.79784e-07 1.32119e-22 0)
(-2.79784e-07 1.32119e-22 0)
(-2.79784e-07 6.77261e-23 -5.11387e-38)
(-2.79784e-07 0 0)
(-2.79784e-07 6.43931e-23 4.86718e-38)
(-2.79784e-07 1.32119e-22 0)
(-2.79784e-07 1.28786e-22 0)
(-2.79784e-07 1.32119e-22 0)
(-2.79784e-07 1.32119e-22 0)
(-2.79784e-07 0 0)
(-2.79784e-07 6.77805e-23 -5.47573e-38)
(-2.79784e-07 6.77805e-23 5.47573e-38)
(-2.79784e-07 0 0)
(-2.79784e-07 -6.44447e-23 -4.87701e-38)
(-2.79784e-07 -6.44447e-23 4.87701e-38)
(-2.79784e-07 0 0)
(-2.79784e-07 0 0)
(-2.79784e-07 0 0)
(-2.79784e-07 0 0)
(-2.79784e-07 0 0)
(-2.79784e-07 0 0)
(-2.79784e-07 0 0)
(-2.79784e-07 -6.44447e-23 -4.87701e-38)
(-2.79784e-07 -6.44447e-23 4.87701e-38)
(-2.79784e-07 0 0)
(-2.79784e-07 0 0)
(-2.79784e-07 0 0)
(-2.79784e-07 6.44447e-23 4.87701e-38)
(-2.79784e-07 6.44447e-23 -4.87701e-38)
(-2.79784e-07 0 0)
(-2.79784e-07 0 0)
(-2.79784e-07 0 0)
(-2.79784e-07 0 0)
(-2.79784e-07 6.44447e-23 4.87701e-38)
(-2.79784e-07 2.6445e-22 3.85964e-37)
(-2.79784e-07 1.9667e-22 -4.35783e-37)
(-2.79784e-07 6.44447e-23 4.87701e-38)
(-2.79784e-07 1.32225e-22 0)
(-2.79784e-07 6.77805e-23 -5.12391e-38)
(-2.79784e-07 6.44447e-23 4.87701e-38)
(-2.79784e-07 1.32225e-22 0)
(-2.79784e-07 1.32225e-22 0)
(-2.79784e-07 2.61115e-22 3.81026e-37)
(-2.79784e-07 2.00006e-22 -4.4319e-37)
(-2.79784e-07 0 0)
(-2.79784e-07 0 0)
(-2.79784e-07 0 0)
(-2.79784e-07 6.44447e-23 4.87701e-38)
(-2.79784e-07 6.77805e-23 -5.12391e-38)
(-2.79784e-07 6.44447e-23 4.87701e-38)
(-2.79784e-07 6.77805e-23 -5.12391e-38)
(-2.79784e-07 0 0)
(-2.79784e-07 6.44447e-23 4.87701e-38)
(-2.79784e-07 6.77805e-23 -5.12391e-38)
(-2.79784e-07 0 0)
(-2.79784e-07 6.44447e-23 4.87701e-38)
(-2.79784e-07 6.77805e-23 -5.12391e-38)
(-2.79784e-07 6.44447e-23 4.87701e-38)
(-2.79784e-07 6.77805e-23 -5.12391e-38)
(-2.79784e-07 0 0)
(-2.79784e-07 0 0)
(-2.79784e-07 0 0)
(-2.79784e-07 0 0)
(-2.79784e-07 0 0)
(-2.79784e-07 0 0)
(-2.79784e-07 0 0)
(-2.79784e-07 0 0)
(-2.79784e-07 0 0)
(-2.79784e-07 0 0)
(-2.79784e-07 0 0)
(-2.79784e-07 6.44899e-23 -1.46569e-37)
(-2.79784e-07 -1.2898e-22 -5.72182e-37)
(-2.79784e-07 -1.96808e-22 4.25979e-37)
(-2.79784e-07 6.44899e-23 4.5333e-38)
(-2.79784e-07 2.64636e-22 -7.87372e-37)
(-2.79784e-07 1.96808e-22 4.47118e-37)
(-2.79784e-07 0 0)
(-2.79784e-07 0 0)
(-2.79784e-07 0 0)
(-2.79784e-07 0 0)
(-2.79784e-07 0 0)
(-2.79784e-07 0 0)
(-2.79784e-07 6.44899e-23 4.5333e-38)
(-2.79784e-07 6.44899e-23 -4.5333e-38)
(-2.79784e-07 0 0)
(-2.79784e-07 0 0)
(-2.79784e-07 0 0)
(-2.79784e-07 0 0)
(-2.79784e-07 0 0)
(-2.79784e-07 0 0)
(-2.79784e-07 0 0)
(-2.79784e-07 0 0)
(-2.79784e-07 0 0)
(-2.79784e-07 -1.96808e-22 -4.25979e-37)
(-2.79784e-07 -1.96808e-22 4.25979e-37)
(-2.79784e-07 0 0)
(-2.79784e-07 0 0)
(-2.79784e-07 0 0)
(-2.79784e-07 0 0)
(-2.79784e-07 0 0)
(-2.79784e-07 0 0)
(-2.79784e-07 0 0)
(-2.79784e-07 0 0)
(-2.79784e-07 0 0)
(-2.79784e-07 0 0)
(-2.79784e-07 0 0)
(-2.79784e-07 0 0)
(-2.79784e-07 0 0)
(-2.79784e-07 0 0)
(-2.79784e-07 0 0)
(-2.79784e-07 0 0)
(-2.79784e-07 0 0)
(-2.79784e-07 0 0)
(-2.79784e-07 0 0)
(-2.79784e-07 0 0)
(-2.79784e-07 0 0)
(-2.79784e-07 0 0)
(-2.79784e-07 0 0)
(-2.79784e-07 0 0)
(-2.79784e-07 0 0)
(-2.79784e-07 0 0)
(-2.79784e-07 0 0)
(-2.79784e-07 0 0)
(-2.79784e-07 0 0)
(-2.79784e-07 0 0)
(-2.79784e-07 0 0)
(-2.79784e-07 0 0)
(-2.79784e-07 0 0)
(-2.79784e-07 0 0)
(-2.79784e-07 0 0)
(-2.79784e-07 -6.45289e-23 1.46792e-37)
(-2.79784e-07 1.29058e-22 5.87167e-37)
(-2.79784e-07 2.61456e-22 -7.92777e-37)
(-2.79784e-07 6.45289e-23 4.89306e-38)
(-2.79784e-07 -1.32398e-22 4.01333e-37)
(-2.79784e-07 -1.32398e-22 -4.01333e-37)
(-2.79784e-07 0 0)
(-2.79784e-07 0 0)
(-2.79784e-07 0 0)
(-2.79784e-07 0 0)
(-2.79784e-07 0 0)
(-2.79784e-07 0 0)
(-2.79784e-07 0 0)
(-2.79784e-07 0 0)
(-2.79784e-07 0 0)
(-2.79784e-07 0 0)
(-2.79784e-07 0 0)
(-2.79784e-07 1.29058e-22 -2.02777e-37)
(-2.79784e-07 1.29058e-22 2.02777e-37)
(-2.79784e-07 0 0)
(-2.79784e-07 0 0)
(-2.79784e-07 1.32398e-22 -2.07721e-37)
(-2.79784e-07 1.29058e-22 2.02777e-37)
(-2.79784e-07 1.96927e-22 4.47791e-37)
(-2.79784e-07 3.25985e-22 -1.25326e-36)
(-2.79784e-07 1.29058e-22 2.02777e-37)
(-2.79784e-07 0 0)
(-2.79784e-07 0 0)
(-2.79784e-07 0 0)
(-2.79784e-07 0 0)
(-2.79784e-07 0 0)
(-2.79784e-07 0 0)
(-2.79784e-07 0 0)
(-2.79784e-07 0 0)
(-2.79784e-07 0 0)
(-2.79784e-07 0 0)
(-2.79784e-07 0 0)
(-2.79784e-07 0 0)
(-2.79784e-07 0 0)
(-2.79784e-07 0 0)
(-2.79784e-07 0 0)
(-2.79784e-07 0 0)
(-2.79784e-07 0 0)
(-2.79784e-07 0 0)
(-2.79784e-07 6.11888e-23 -4.64584e-38)
(-2.79784e-07 6.45289e-23 4.89306e-38)
(-2.79784e-07 0 0)
(-2.79784e-07 0 0)
(-2.79784e-07 0 0)
(-2.79784e-07 0 0)
(-2.79784e-07 0 0)
(-2.79784e-07 0 0)
(-2.79784e-07 0 0)
(-2.79784e-07 0 0)
(-2.79784e-07 0 0)
(-2.79784e-07 0 0)
(-2.79784e-07 0 0)
(-2.79784e-07 1.32398e-22 -2.07721e-37)
(-2.79784e-07 1.32398e-22 2.07721e-37)
(-2.79783e-07 2.61589e-22 0)
(-2.79783e-07 1.93686e-22 -1.36387e-37)
(-2.79783e-07 6.45619e-23 1.39918e-37)
(-2.79783e-07 6.79037e-23 -1.47339e-37)
(-2.79783e-07 6.45619e-23 1.39918e-37)
(-2.79783e-07 0 0)
(-2.79783e-07 0 0)
(-2.79783e-07 1.29124e-22 -1.88912e-37)
(-2.79783e-07 1.35807e-22 1.98806e-37)
(-2.79783e-07 1.29124e-22 -1.88912e-37)
(-2.79783e-07 2.61589e-22 0)
(-2.79783e-07 2.64931e-22 0)
(-2.79783e-07 2.61589e-22 0)
(-2.79783e-07 2.64931e-22 0)
(-2.79783e-07 2.61589e-22 0)
(-2.79783e-07 2.61589e-22 0)
(-2.79783e-07 2.61589e-22 0)
(-2.79783e-07 1.29124e-22 1.88912e-37)
(-2.79783e-07 0 0)
(-2.79783e-07 1.32466e-22 1.93859e-37)
(-2.79783e-07 1.29124e-22 1.88912e-37)
(-2.79783e-07 0 0)
(-2.79783e-07 0 0)
(-2.79783e-07 1.32466e-22 1.93859e-37)
(-2.79783e-07 1.29124e-22 1.88912e-37)
(-2.79783e-07 -1.29124e-22 1.88912e-37)
(-2.79783e-07 -1.93686e-22 -4.30348e-37)
(-2.79783e-07 6.45619e-23 -1.43449e-37)
(-2.79783e-07 1.32466e-22 1.93859e-37)
(-2.79783e-07 1.32466e-22 -1.93859e-37)
(-2.79783e-07 2.61589e-22 0)
(-2.79783e-07 2.61589e-22 0)
(-2.79783e-07 1.29124e-22 1.88912e-37)
(-2.79783e-07 0 0)
(-2.79783e-07 1.32466e-22 -1.93859e-37)
(-2.79783e-07 2.61589e-22 0)
(-2.79783e-07 2.61589e-22 0)
(-2.79783e-07 2.61589e-22 0)
(-2.79783e-07 2.61589e-22 0)
(-2.79783e-07 2.61589e-22 0)
(-2.79783e-07 2.61589e-22 0)
(-2.79783e-07 2.61589e-22 0)
(-2.79783e-07 2.61589e-22 0)
(-2.79783e-07 2.61589e-22 0)
(-2.79783e-07 2.61589e-22 0)
(-2.79783e-07 2.00369e-22 -1.41334e-37)
(-2.79783e-07 1.97028e-22 1.38861e-37)
(-2.79783e-07 2.61589e-22 0)
(-2.79783e-07 2.61589e-22 0)
(-2.79783e-07 1.29124e-22 1.88912e-37)
(-2.79783e-07 0 0)
(-2.79783e-07 1.32466e-22 -1.93859e-37)
(-2.79783e-07 2.61589e-22 0)
(-2.79783e-07 2.61589e-22 0)
(-2.79783e-07 2.61589e-22 0)
(-2.79783e-07 2.61589e-22 0)
(-2.79783e-07 2.61589e-22 0)
(-2.79783e-07 2.61589e-22 0)
(-2.79783e-07 1.29124e-22 -1.88912e-37)
(-2.79783e-07 1.29124e-22 1.88912e-37)
(-2.79783e-07 -2.617e-22 0)
(-2.79783e-07 -2.617e-22 0)
(-2.79783e-07 0 0)
(-2.79783e-07 -3.34319e-24 0)
(-2.79783e-07 -1.29178e-22 -1.89114e-37)
(-2.79783e-07 -6.79323e-23 4.79859e-38)
(-2.79783e-07 -6.45892e-23 -4.55115e-38)
(-2.79783e-07 -1.29178e-22 1.89114e-37)
(-2.79783e-07 -1.35865e-22 -1.99012e-37)
(-2.79783e-07 -1.29178e-22 1.89114e-37)
(-2.79783e-07 -2.617e-22 0)
(-2.79783e-07 -2.65043e-22 0)
(-2.79783e-07 -2.617e-22 0)
(-2.79783e-07 -2.65043e-22 0)
(-2.79783e-07 -2.617e-22 0)
(-2.79783e-07 -2.617e-22 0)
(-2.79783e-07 -2.617e-22 0)
(-2.79783e-07 -1.29178e-22 -1.89114e-37)
(-2.79783e-07 -1.29178e-22 1.89114e-37)
(-2.79783e-07 -2.617e-22 0)
(-2.79783e-07 -1.29178e-22 -1.89114e-37)
(-2.79783e-07 0 0)
(-2.79783e-07 -1.32521e-22 1.94063e-37)
(-2.79783e-07 -2.617e-22 0)
(-2.79783e-07 -1.29178e-22 -1.89114e-37)
(-2.79783e-07 0 0)
(-2.79783e-07 6.45892e-23 4.90455e-38)
(-2.79783e-07 -6.45892e-23 1.43602e-37)
(-2.79783e-07 -1.32521e-22 -1.94063e-37)
(-2.79783e-07 -1.32521e-22 1.94063e-37)
(-2.79783e-07 -2.617e-22 0)
(-2.79783e-07 -2.617e-22 0)
(-2.79783e-07 -1.29178e-22 -1.89114e-37)
(-2.79783e-07 0 0)
(-2.79783e-07 -1.32521e-22 1.94063e-37)
(-2.79783e-07 -2.617e-22 0)
(-2.79783e-07 -2.617e-22 0)
(-2.79783e-07 -2.617e-22 0)
(-2.79783e-07 -2.617e-22 0)
(-2.79783e-07 -2.617e-22 0)
(-2.79783e-07 -2.617e-22 0)
(-2.79783e-07 -2.617e-22 0)
(-2.79783e-07 -2.617e-22 0)
(-2.79783e-07 -2.617e-22 0)
(-2.79783e-07 -2.617e-22 0)
(-2.79783e-07 -2.617e-22 0)
(-2.79783e-07 -2.617e-22 0)
(-2.79783e-07 -2.617e-22 0)
(-2.79783e-07 -2.617e-22 0)
(-2.79783e-07 -1.29178e-22 -1.89114e-37)
(-2.79783e-07 0 0)
(-2.79783e-07 -1.32521e-22 1.94063e-37)
(-2.79783e-07 -2.617e-22 0)
(-2.79783e-07 -2.617e-22 0)
(-2.79783e-07 -2.617e-22 0)
(-2.79783e-07 -2.617e-22 0)
(-2.79783e-07 -2.617e-22 0)
(-2.79783e-07 -2.617e-22 0)
(-2.79783e-07 -2.617e-22 0)
(-2.79783e-07 -2.617e-22 0)
(-2.79783e-07 0 0)
(-2.79783e-07 6.7955e-23 -4.80256e-38)
(-2.79783e-07 -6.46107e-23 4.90867e-38)
(-2.79783e-07 -1.29221e-22 -1.89274e-37)
(-2.79783e-07 1.29221e-22 -1.89274e-37)
(-2.79783e-07 2.68476e-22 0)
(-2.79783e-07 1.29221e-22 1.89274e-37)
(-2.79783e-07 0 0)
(-2.79783e-07 0 0)
(-2.79783e-07 0 0)
(-2.79783e-07 0 0)
(-2.79783e-07 0 0)
(-2.79783e-07 0 0)
(-2.79783e-07 0 0)
(-2.79783e-07 0 0)
(-2.79783e-07 1.29221e-22 -1.89274e-37)
(-2.79783e-07 1.29221e-22 1.89274e-37)
(-2.79783e-07 1.32566e-22 -1.94225e-37)
(-2.79783e-07 1.29221e-22 1.89274e-37)
(-2.79783e-07 0 0)
(-2.79783e-07 0 0)
(-2.79783e-07 0 0)
(-2.79783e-07 0 0)
(-2.79783e-07 0 0)
(-2.79783e-07 0 0)
(-2.79783e-07 0 0)
(-2.79783e-07 1.29221e-22 -1.89274e-37)
(-2.79783e-07 1.29221e-22 1.89274e-37)
(-2.79783e-07 0 0)
(-2.79783e-07 0 0)
(-2.79783e-07 0 0)
(-2.79783e-07 0 0)
(-2.79783e-07 0 0)
(-2.79783e-07 0 0)
(-2.79783e-07 0 0)
(-2.79783e-07 0 0)
(-2.79783e-07 0 0)
(-2.79783e-07 0 0)
(-2.79783e-07 0 0)
(-2.79783e-07 0 0)
(-2.79783e-07 0 0)
(-2.79783e-07 0 0)
(-2.79783e-07 0 0)
(-2.79783e-07 0 0)
(-2.79783e-07 0 0)
(-2.79783e-07 0 0)
(-2.79783e-07 0 0)
(-2.79783e-07 0 0)
(-2.79783e-07 0 0)
(-2.79783e-07 0 0)
(-2.79783e-07 0 0)
(-2.79783e-07 0 0)
(-2.79783e-07 0 0)
(-2.79783e-07 0 0)
(-2.79783e-07 0 0)
(-2.79783e-07 0 0)
(-2.79783e-07 0 0)
(-2.79783e-07 0 0)
(-2.79783e-07 0 0)
(-2.79783e-07 0 0)
(-2.79783e-07 0 0)
(-2.79783e-07 -6.7972e-23 4.80552e-38)
(-2.79783e-07 -6.7972e-23 -4.80552e-38)
(-2.79783e-07 0 0)
(-2.79783e-07 0 0)
(-2.79783e-07 -1.35944e-22 -2.06373e-37)
(-2.79783e-07 -1.29254e-22 -1.89394e-37)
(-2.79783e-07 0 0)
(-2.79783e-07 0 0)
(-2.79783e-07 0 0)
(-2.79783e-07 0 0)
(-2.79783e-07 0 0)
(-2.79783e-07 0 0)
(-2.79783e-07 0 0)
(-2.79783e-07 0 0)
(-2.79783e-07 -1.29254e-22 1.89394e-37)
(-2.79783e-07 -1.29254e-22 -1.89394e-37)
(-2.79783e-07 -1.32599e-22 1.94345e-37)
(-2.79783e-07 -1.29254e-22 -1.89394e-37)
(-2.79783e-07 0 0)
(-2.79783e-07 0 0)
(-2.79783e-07 0 0)
(-2.79783e-07 0 0)
(-2.79783e-07 0 0)
(-2.79783e-07 0 0)
(-2.79783e-07 0 0)
(-2.79783e-07 -1.29254e-22 1.89394e-37)
(-2.79783e-07 -1.29254e-22 -1.89394e-37)
(-2.79783e-07 0 0)
(-2.79783e-07 0 0)
(-2.79783e-07 0 0)
(-2.79783e-07 0 0)
(-2.79783e-07 0 0)
(-2.79783e-07 0 0)
(-2.79783e-07 0 0)
(-2.79783e-07 0 0)
(-2.79783e-07 0 0)
(-2.79783e-07 0 0)
(-2.79783e-07 0 0)
(-2.79783e-07 0 0)
(-2.79783e-07 0 0)
(-2.79783e-07 0 0)
(-2.79783e-07 0 0)
(-2.79783e-07 0 0)
(-2.79783e-07 0 0)
(-2.79783e-07 0 0)
(-2.79783e-07 0 0)
(-2.79783e-07 0 0)
(-2.79783e-07 0 0)
(-2.79783e-07 0 0)
(-2.79783e-07 0 0)
(-2.79783e-07 0 0)
(-2.79783e-07 0 0)
(-2.79783e-07 0 0)
(-2.79783e-07 0 0)
(-2.79783e-07 0 0)
(-2.79783e-07 0 0)
(-2.79783e-07 0 0)
(-2.79783e-07 0 0)
(-2.79783e-07 0 0)
(-2.79783e-07 0 0)
(-2.79783e-07 0 0)
(-2.79783e-07 0 0)
(-2.79783e-07 0 0)
(-2.79783e-07 -1.29275e-22 1.96551e-37)
(-2.79783e-07 -1.32621e-22 -2.01504e-37)
(-2.79783e-07 0 0)
(-2.79783e-07 0 0)
(-2.79783e-07 0 0)
(-2.79783e-07 0 0)
(-2.79783e-07 0 0)
(-2.79783e-07 0 0)
(-2.79783e-07 0 0)
(-2.79783e-07 0 0)
(-2.79783e-07 0 0)
(-2.79783e-07 0 0)
(-2.79783e-07 0 0)
(-2.79783e-07 0 0)
(-2.79783e-07 0 0)
(-2.79783e-07 0 0)
(-2.79783e-07 0 0)
(-2.79783e-07 0 0)
(-2.79783e-07 0 0)
(-2.79783e-07 -6.46375e-23 -4.55985e-38)
(-2.79783e-07 -6.46375e-23 4.55985e-38)
(-2.79783e-07 0 0)
(-2.79783e-07 0 0)
(-2.79783e-07 0 0)
(-2.79783e-07 0 0)
(-2.79783e-07 0 0)
(-2.79783e-07 0 0)
(-2.79783e-07 0 0)
(-2.79783e-07 0 0)
(-2.79783e-07 0 0)
(-2.79783e-07 0 0)
(-2.79783e-07 -6.46375e-23 -4.55985e-38)
(-2.79783e-07 -1.32621e-22 0)
(-2.79783e-07 -6.79832e-23 4.80749e-38)
(-2.79783e-07 0 0)
(-2.79783e-07 0 0)
(-2.79783e-07 0 0)
(-2.79783e-07 -6.46375e-23 -4.55985e-38)
(-2.79783e-07 -6.79832e-23 4.80749e-38)
(-2.79783e-07 0 0)
(-2.79783e-07 0 0)
(-2.79783e-07 0 0)
(-2.79783e-07 0 0)
(-2.79783e-07 0 0)
(-2.79783e-07 0 0)
(-2.79783e-07 0 0)
(-2.79783e-07 0 0)
(-2.79783e-07 0 0)
(-2.79783e-07 0 0)
(-2.79783e-07 0 0)
(-2.79783e-07 0 0)
(-2.79783e-07 0 0)
(-2.79783e-07 0 0)
(-2.79783e-07 -6.46375e-23 -4.55985e-38)
(-2.79783e-07 -6.79832e-23 4.80749e-38)
(-2.79783e-07 0 0)
(-2.79783e-07 0 0)
(-2.79783e-07 0 0)
(-2.79783e-07 0 0)
(-2.79783e-07 1.32632e-22 -2.08625e-37)
(-2.79783e-07 2.65263e-22 0)
(-2.79783e-07 1.32632e-22 2.08625e-37)
(-2.79783e-07 0 0)
(-2.79783e-07 0 0)
(-2.79783e-07 0 0)
(-2.79783e-07 0 0)
(-2.79783e-07 -6.46428e-23 -4.56081e-38)
(-2.79783e-07 -6.46428e-23 4.56081e-38)
(-2.79783e-07 0 0)
(-2.79783e-07 0 0)
(-2.79783e-07 0 0)
(-2.79783e-07 0 0)
(-2.79783e-07 0 0)
(-2.79783e-07 0 0)
(-2.79783e-07 0 0)
(-2.79783e-07 1.29286e-22 -2.03672e-37)
(-2.79783e-07 1.29286e-22 2.03672e-37)
(-2.79783e-07 0 0)
(-2.79783e-07 0 0)
(-2.79783e-07 6.46428e-23 4.56081e-38)
(-2.79783e-07 0 0)
(-2.79783e-07 -6.79888e-23 4.80846e-38)
(-2.79783e-07 0 0)
(-2.79783e-07 0 0)
(-2.79783e-07 0 0)
(-2.79783e-07 0 0)
(-2.79783e-07 0 0)
(-2.79783e-07 0 0)
(-2.79783e-07 0 0)
(-2.79783e-07 0 0)
(-2.79783e-07 0 0)
(-2.79783e-07 6.46428e-23 4.56081e-38)
(-2.79783e-07 1.32632e-22 0)
(-2.79783e-07 6.79888e-23 -4.80846e-38)
(-2.79783e-07 0 0)
(-2.79783e-07 0 0)
(-2.79783e-07 0 0)
(-2.79783e-07 6.46428e-23 4.56081e-38)
(-2.79783e-07 6.79888e-23 -4.80846e-38)
(-2.79783e-07 0 0)
(-2.79783e-07 0 0)
(-2.79783e-07 0 0)
(-2.79783e-07 0 0)
(-2.79783e-07 0 0)
(-2.79783e-07 0 0)
(-2.79783e-07 0 0)
(-2.79783e-07 0 0)
(-2.79783e-07 0 0)
(-2.79783e-07 0 0)
(-2.79783e-07 0 0)
(-2.79783e-07 0 0)
(-2.79783e-07 0 0)
(-2.79783e-07 0 0)
(-2.79783e-07 6.46428e-23 4.56081e-38)
(-2.79783e-07 6.79888e-23 -4.80846e-38)
(-2.79783e-07 0 0)
(-2.79783e-07 0 0)
(-2.79783e-07 0 0)
(-2.79783e-07 0 0)
(-2.79783e-07 -1.32632e-22 1.94465e-37)
(-2.79783e-07 -2.65263e-22 0)
(-2.79783e-07 -1.32632e-22 -1.94465e-37)
(-2.79783e-07 0 0)
(-2.79783e-07 0 0)
(-2.79783e-07 0 0)
(-2.79783e-07 0 0)
(-2.79783e-07 6.46428e-23 4.56081e-38)
(-2.79783e-07 6.46428e-23 -4.56081e-38)
(-2.79783e-07 -6.46428e-23 -4.56081e-38)
(-2.79783e-07 -1.29286e-22 0)
(-2.79783e-07 -6.46428e-23 4.56081e-38)
(-2.79783e-07 0 0)
(-2.79783e-07 0 0)
(-2.79783e-07 1.32632e-22 -1.94465e-37)
(-2.79783e-07 2.61917e-22 0)
(-2.79783e-07 1.32632e-22 -1.94465e-37)
(-2.79783e-07 0 0)
(-2.79783e-07 0 0)
(-2.79783e-07 0 0)
(-2.79783e-07 0 0)
(-2.79783e-07 6.46428e-23 4.56081e-38)
(-2.79783e-07 6.79888e-23 -4.80846e-38)
(-2.79783e-07 0 0)
(-2.79783e-07 0 0)
(-2.79783e-07 0 0)
(-2.79783e-07 0 0)
(-2.79783e-07 0 0)
(-2.79783e-07 0 0)
(-2.79783e-07 0 0)
(-2.79783e-07 0 0)
(-2.79783e-07 0 0)
(-2.79783e-07 0 0)
(-2.79783e-07 0 0)
(-2.79783e-07 0 0)
(-2.79783e-07 0 0)
(-2.79783e-07 0 0)
(-2.79783e-07 0 0)
(-2.79783e-07 0 0)
(-2.79783e-07 0 0)
(-2.79783e-07 0 0)
(-2.79783e-07 0 0)
(-2.79783e-07 0 0)
(-2.79783e-07 -6.46428e-23 -4.56081e-38)
(-2.79783e-07 -6.79888e-23 4.80846e-38)
(-2.79783e-07 0 0)
(-2.79783e-07 0 0)
(-2.79783e-07 0 0)
(-2.79783e-07 0 0)
(-2.79783e-07 0 0)
(-2.79783e-07 0 0)
(-2.79783e-07 0 0)
(-2.79783e-07 0 0)
(-2.79783e-07 0 0)
(-2.79783e-07 0 0)
(-2.79783e-07 0 0)
(-2.79783e-07 0 0)
(-2.79783e-07 0 0)
(-2.79783e-07 0 0)
(-2.79783e-07 -6.12918e-23 -4.31222e-38)
(-2.79783e-07 -6.46375e-23 4.55985e-38)
(-2.79783e-07 0 0)
(-2.79783e-07 0 0)
(-2.79783e-07 0 0)
(-2.79783e-07 0 0)
(-2.79783e-07 -6.46375e-23 -4.55985e-38)
(-2.79783e-07 -1.32621e-22 0)
(-2.79783e-07 -6.79832e-23 4.80749e-38)
(-2.79783e-07 0 0)
(-2.79783e-07 0 0)
(-2.79783e-07 6.46375e-23 -4.91379e-38)
(-2.79783e-07 6.46375e-23 -4.55985e-38)
(-2.79783e-07 0 0)
(-2.79783e-07 0 0)
(-2.79783e-07 -1.32621e-22 2.01504e-37)
(-2.79783e-07 -2.61896e-22 0)
(-2.79783e-07 -2.61896e-22 0)
(-2.79783e-07 -1.29275e-22 -1.96551e-37)
(-2.79783e-07 0 0)
(-2.79783e-07 0 0)
(-2.79783e-07 0 0)
(-2.79783e-07 1.29275e-22 -1.89473e-37)
(-2.79783e-07 1.29275e-22 1.89473e-37)
(-2.79783e-07 0 0)
(-2.79783e-07 -6.46375e-23 -4.55985e-38)
(-2.79783e-07 -1.32621e-22 0)
(-2.79783e-07 -6.79832e-23 4.80749e-38)
(-2.79783e-07 -6.46375e-23 -4.55985e-38)
(-2.79783e-07 -6.79832e-23 4.80749e-38)
(-2.79783e-07 0 0)
(-2.79783e-07 -6.46375e-23 -4.55985e-38)
(-2.79783e-07 -6.79832e-23 4.80749e-38)
(-2.79783e-07 0 0)
(-2.79783e-07 0 0)
(-2.79783e-07 0 0)
(-2.79783e-07 0 0)
(-2.79783e-07 0 0)
(-2.79783e-07 0 0)
(-2.79783e-07 0 0)
(-2.79783e-07 0 0)
(-2.79783e-07 -6.46375e-23 -4.55985e-38)
(-2.79783e-07 -6.79832e-23 4.80749e-38)
(-2.79783e-07 -6.46375e-23 -4.55985e-38)
(-2.79783e-07 -6.79832e-23 -5.16142e-38)
(-2.79783e-07 0 0)
(-2.79783e-07 0 0)
(-2.79783e-07 -6.46375e-23 -4.55985e-38)
(-2.79783e-07 -6.79832e-23 4.80749e-38)
(-2.79783e-07 0 0)
(-2.79783e-07 0 0)
(-2.79783e-07 0 0)
(-2.79783e-07 0 0)
(-2.79783e-07 0 0)
(-2.79783e-07 0 0)
(-2.79783e-07 0 0)
(-2.79783e-07 -6.46375e-23 -4.55985e-38)
(-2.79783e-07 -6.79832e-23 4.80749e-38)
(-2.79783e-07 0 0)
(-2.79783e-07 6.7972e-23 -5.15934e-38)
(-2.79783e-07 1.29254e-22 1.9647e-37)
(-2.79783e-07 6.46268e-23 -4.91175e-38)
(-2.79783e-07 1.29254e-22 -1.9647e-37)
(-2.79783e-07 1.32599e-22 2.01422e-37)
(-2.79783e-07 0 0)
(-2.79783e-07 0 0)
(-2.79783e-07 6.46268e-23 4.91175e-38)
(-2.79783e-07 6.7972e-23 4.80552e-38)
(-2.79783e-07 0 0)
(-2.79783e-07 -6.46268e-23 -4.91175e-38)
(-2.79783e-07 0 0)
(-2.79783e-07 6.46268e-23 -4.91175e-38)
(-2.79783e-07 0 0)
(-2.79783e-07 0 0)
(-2.79783e-07 -6.46268e-23 -4.91175e-38)
(-2.79783e-07 -6.7972e-23 5.15934e-38)
(-2.79783e-07 0 0)
(-2.79783e-07 0 0)
(-2.79783e-07 0 0)
(-2.79783e-07 -6.46268e-23 -4.91175e-38)
(-2.79783e-07 -6.7972e-23 5.15934e-38)
(-2.79783e-07 -6.46268e-23 -4.91175e-38)
(-2.79783e-07 -1.9388e-22 4.31443e-37)
(-2.79783e-07 -1.9388e-22 -4.31443e-37)
(-2.79783e-07 -6.46268e-23 4.91175e-38)
(-2.79783e-07 6.46268e-23 4.91175e-38)
(-2.79783e-07 1.32599e-22 0)
(-2.79783e-07 6.7972e-23 -5.15934e-38)
(-2.79783e-07 0 0)
(-2.79783e-07 0 0)
(-2.79783e-07 0 0)
(-2.79783e-07 6.46268e-23 4.91175e-38)
(-2.79783e-07 3.34513e-24 0)
(-2.79783e-07 -1.32599e-22 0)
(-2.79783e-07 -6.7972e-23 5.15934e-38)
(-2.79783e-07 0 0)
(-2.79783e-07 0 0)
(-2.79783e-07 0 0)
(-2.79783e-07 0 0)
(-2.79783e-07 0 0)
(-2.79783e-07 -6.46268e-23 -4.91175e-38)
(-2.79783e-07 -3.34513e-24 0)
(-2.79783e-07 6.7972e-23 -5.15934e-38)
(-2.79783e-07 6.46268e-23 4.91175e-38)
(-2.79783e-07 1.32599e-22 0)
(-2.79783e-07 6.7972e-23 -5.15934e-38)
(-2.79783e-07 0 0)
(-2.79783e-07 0 0)
(-2.79783e-07 0 0)
(-2.79783e-07 0 0)
(-2.79783e-07 0 0)
(-2.79783e-07 -6.46268e-23 -4.91175e-38)
(-2.79783e-07 -1.32599e-22 0)
(-2.79783e-07 -6.7972e-23 5.15934e-38)
(-2.79783e-07 0 0)
(-2.79783e-07 0 0)
(-2.79783e-07 6.46268e-23 4.91175e-38)
(-2.79783e-07 6.7972e-23 -5.15934e-38)
(-2.79783e-07 0 0)
(-2.79783e-07 -1.29221e-22 0)
(-2.79783e-07 -1.32566e-22 0)
(-2.79783e-07 1.32566e-22 -1.94225e-37)
(-2.79783e-07 0 0)
(-2.79783e-07 -1.93832e-22 -4.31171e-37)
(-2.79783e-07 -6.7955e-23 5.1562e-38)
(-2.79783e-07 0 0)
(-2.79783e-07 0 0)
(-2.79783e-07 0 0)
(-2.79783e-07 0 0)
(-2.79783e-07 6.46107e-23 4.90867e-38)
(-2.79783e-07 6.46107e-23 -4.90867e-38)
(-2.79783e-07 -6.46107e-23 -4.90867e-38)
(-2.79783e-07 -6.46107e-23 4.90867e-38)
(-2.79783e-07 0 0)
(-2.79783e-07 6.46107e-23 4.90867e-38)
(-2.79783e-07 3.3443e-24 0)
(-2.79783e-07 -6.46107e-23 4.90867e-38)
(-2.79783e-07 0 0)
(-2.79783e-07 -6.46107e-23 -4.90867e-38)
(-2.79783e-07 0 0)
(-2.79783e-07 6.7955e-23 -5.1562e-38)
(-2.79783e-07 6.46107e-23 4.90867e-38)
(-2.79783e-07 6.46107e-23 -4.90867e-38)
(-2.79783e-07 6.46107e-23 4.90867e-38)
(-2.79783e-07 1.93832e-22 -4.31171e-37)
(-2.79783e-07 1.29221e-22 1.89274e-37)
(-2.79783e-07 -6.46107e-23 -4.90867e-38)
(-2.79783e-07 -6.7955e-23 5.1562e-38)
(-2.79783e-07 6.46107e-23 4.90867e-38)
(-2.79783e-07 6.7955e-23 -5.1562e-38)
(-2.79783e-07 0 0)
(-2.79783e-07 0 0)
(-2.79783e-07 6.46107e-23 4.90867e-38)
(-2.79783e-07 1.32566e-22 0)
(-2.79783e-07 6.7955e-23 -5.1562e-38)
(-2.79783e-07 0 0)
(-2.79783e-07 0 0)
(-2.79783e-07 0 0)
(-2.79783e-07 0 0)
(-2.79783e-07 0 0)
(-2.79783e-07 6.46107e-23 4.90867e-38)
(-2.79783e-07 3.3443e-24 0)
(-2.79783e-07 -6.7955e-23 5.1562e-38)
(-2.79783e-07 -6.46107e-23 -4.90867e-38)
(-2.79783e-07 -6.7955e-23 5.1562e-38)
(-2.79783e-07 0 0)
(-2.79783e-07 0 0)
(-2.79783e-07 0 0)
(-2.79783e-07 0 0)
(-2.79783e-07 0 0)
(-2.79783e-07 0 0)
(-2.79783e-07 6.46107e-23 4.90867e-38)
(-2.79783e-07 1.32566e-22 0)
(-2.79783e-07 6.7955e-23 -5.1562e-38)
(-2.79783e-07 0 0)
(-2.79783e-07 0 0)
(-2.79783e-07 0 0)
(-2.79783e-07 0 0)
(-2.79783e-07 0 0)
(-2.79783e-07 0 0)
(-2.79783e-07 0 0)
(-2.79783e-07 -1.32521e-22 1.94063e-37)
(-2.79783e-07 -1.93767e-22 -4.30807e-37)
(-2.79783e-07 -3.34319e-24 0)
(-2.79783e-07 6.79323e-23 -5.15199e-38)
(-2.79783e-07 0 0)
(-2.79783e-07 0 0)
(-2.79783e-07 0 0)
(-2.79783e-07 -6.79323e-23 4.79859e-38)
(-2.79783e-07 -6.45892e-23 4.90455e-38)
(-2.79783e-07 -6.45892e-23 -4.90455e-38)
(-2.79783e-07 0 0)
(-2.79783e-07 6.45892e-23 -4.90455e-38)
(-2.79783e-07 0 0)
(-2.79783e-07 0 0)
(-2.79783e-07 0 0)
(-2.79783e-07 0 0)
(-2.79783e-07 0 0)
(-2.79783e-07 0 0)
(-2.79783e-07 0 0)
(-2.79783e-07 0 0)
(-2.79783e-07 -6.45892e-23 -4.90455e-38)
(-2.79783e-07 -6.45892e-23 4.90455e-38)
(-2.79783e-07 0 0)
(-2.79783e-07 -1.29178e-22 1.89114e-37)
(-2.79783e-07 -1.29178e-22 -1.89114e-37)
(-2.79783e-07 6.45892e-23 4.90455e-38)
(-2.79783e-07 6.79323e-23 -5.15199e-38)
(-2.79783e-07 0 0)
(-2.79783e-07 0 0)
(-2.79783e-07 0 0)
(-2.79783e-07 0 0)
(-2.79783e-07 0 0)
(-2.79783e-07 0 0)
(-2.79783e-07 0 0)
(-2.79783e-07 0 0)
(-2.79783e-07 0 0)
(-2.79783e-07 0 0)
(-2.79783e-07 0 0)
(-2.79783e-07 0 0)
(-2.79783e-07 0 0)
(-2.79783e-07 6.45892e-23 4.90455e-38)
(-2.79783e-07 6.79323e-23 -5.15199e-38)
(-2.79783e-07 6.45892e-23 4.90455e-38)
(-2.79783e-07 3.34319e-24 0)
(-2.79783e-07 -6.79323e-23 5.15199e-38)
(-2.79783e-07 0 0)
(-2.79783e-07 0 0)
(-2.79783e-07 0 0)
(-2.79783e-07 0 0)
(-2.79783e-07 0 0)
(-2.79783e-07 0 0)
(-2.79783e-07 -6.45892e-23 -4.90455e-38)
(-2.79783e-07 -6.79323e-23 5.15199e-38)
(-2.79783e-07 0 0)
(-2.79783e-07 -6.45892e-23 -4.90455e-38)
(-2.79783e-07 -6.79323e-23 5.15199e-38)
(-2.79783e-07 0 0)
(-2.79783e-07 0 0)
(-2.79783e-07 6.12201e-23 4.65201e-38)
(-2.79783e-07 1.97028e-22 -4.37769e-37)
(-2.79783e-07 1.29124e-22 1.88912e-37)
(-2.79783e-07 6.45619e-23 4.89935e-38)
(-2.79783e-07 6.45619e-23 -4.89935e-38)
(-2.79783e-07 0 0)
(-2.79783e-07 0 0)
(-2.79783e-07 0 0)
(-2.79783e-07 6.45619e-23 4.89935e-38)
(-2.79783e-07 1.35807e-22 0)
(-2.79783e-07 6.45619e-23 -4.89935e-38)
(-2.79783e-07 6.45619e-23 4.89935e-38)
(-2.79783e-07 6.45619e-23 -4.89935e-38)
(-2.79783e-07 0 0)
(-2.79783e-07 0 0)
(-2.79783e-07 0 0)
(-2.79783e-07 6.45619e-23 4.89935e-38)
(-2.79783e-07 6.45619e-23 -4.89935e-38)
(-2.79783e-07 0 0)
(-2.79783e-07 6.45619e-23 4.89935e-38)
(-2.79783e-07 6.45619e-23 -4.89935e-38)
(-2.79783e-07 0 0)
(-2.79783e-07 6.45619e-23 4.89935e-38)
(-2.79783e-07 6.45619e-23 -4.89935e-38)
(-2.79783e-07 0 0)
(-2.79783e-07 0 0)
(-2.79783e-07 0 0)
(-2.79783e-07 0 0)
(-2.79783e-07 0 0)
(-2.79783e-07 0 0)
(-2.79783e-07 0 0)
(-2.79783e-07 0 0)
(-2.79783e-07 0 0)
(-2.79783e-07 0 0)
(-2.79783e-07 0 0)
(-2.79783e-07 0 0)
(-2.79783e-07 0 0)
(-2.79783e-07 0 0)
(-2.79783e-07 0 0)
(-2.79783e-07 0 0)
(-2.79783e-07 0 0)
(-2.79783e-07 0 0)
(-2.79783e-07 0 0)
(-2.79783e-07 0 0)
(-2.79783e-07 0 0)
(-2.79783e-07 6.45619e-23 4.89935e-38)
(-2.79783e-07 -1.29124e-22 -1.88912e-37)
(-2.79783e-07 -1.97028e-22 4.37769e-37)
(-2.79783e-07 6.45619e-23 4.89935e-38)
(-2.79783e-07 6.79037e-23 -5.14669e-38)
(-2.79783e-07 0 0)
(-2.79783e-07 0 0)
(-2.79783e-07 0 0)
(-2.79783e-07 6.45619e-23 4.89935e-38)
(-2.79783e-07 6.79037e-23 -5.14669e-38)
(-2.79783e-07 0 0)
(-2.79783e-07 6.45619e-23 4.89935e-38)
(-2.79783e-07 6.79037e-23 -5.14669e-38)
(-2.79783e-07 0 0)
(-2.79784e-07 0 0)
(-2.79784e-07 0 0)
(-2.79784e-07 -1.32398e-22 1.93612e-37)
(-2.79784e-07 -1.29058e-22 -1.88667e-37)
(-2.79784e-07 0 0)
(-2.79784e-07 6.7869e-23 -5.49301e-38)
(-2.79784e-07 6.45289e-23 5.2458e-38)
(-2.79784e-07 0 0)
(-2.79784e-07 0 0)
(-2.79784e-07 0 0)
(-2.79784e-07 0 0)
(-2.79784e-07 0 0)
(-2.79784e-07 0 0)
(-2.79784e-07 0 0)
(-2.79784e-07 0 0)
(-2.79784e-07 0 0)
(-2.79784e-07 0 0)
(-2.79784e-07 0 0)
(-2.79784e-07 1.29058e-22 -1.95722e-37)
(-2.79784e-07 1.29058e-22 1.95722e-37)
(-2.79784e-07 0 0)
(-2.79784e-07 0 0)
(-2.79784e-07 0 0)
(-2.79784e-07 0 0)
(-2.79784e-07 0 0)
(-2.79784e-07 0 0)
(-2.79784e-07 0 0)
(-2.79784e-07 0 0)
(-2.79784e-07 0 0)
(-2.79784e-07 0 0)
(-2.79784e-07 0 0)
(-2.79784e-07 0 0)
(-2.79784e-07 0 0)
(-2.79784e-07 0 0)
(-2.79784e-07 0 0)
(-2.79784e-07 0 0)
(-2.79784e-07 0 0)
(-2.79784e-07 0 0)
(-2.79784e-07 0 0)
(-2.79784e-07 0 0)
(-2.79784e-07 1.32398e-22 -2.00667e-37)
(-2.79784e-07 1.32398e-22 2.00667e-37)
(-2.79784e-07 0 0)
(-2.79784e-07 0 0)
(-2.79784e-07 0 0)
(-2.79784e-07 0 0)
(-2.79784e-07 0 0)
(-2.79784e-07 1.96927e-22 4.26627e-37)
(-2.79784e-07 1.96927e-22 -4.26627e-37)
(-2.79784e-07 0 0)
(-2.79784e-07 0 0)
(-2.79784e-07 0 0)
(-2.79784e-07 0 0)
(-2.79784e-07 0 0)
(-2.79784e-07 0 0)
(-2.79784e-07 0 0)
(-2.79784e-07 0 0)
(-2.79784e-07 0 0)
(-2.79784e-07 0 0)
(-2.79784e-07 0 0)
(-2.79784e-07 0 0)
(-2.79784e-07 6.7828e-23 -5.13269e-38)
(-2.79784e-07 6.7828e-23 5.13269e-38)
(-2.79784e-07 0 0)
(-2.79784e-07 0 0)
(-2.79784e-07 -6.7828e-23 5.83733e-38)
(-2.79784e-07 -6.44899e-23 -5.59026e-38)
(-2.79784e-07 0 0)
(-2.79784e-07 0 0)
(-2.79784e-07 0 0)
(-2.79784e-07 0 0)
(-2.79784e-07 0 0)
(-2.79784e-07 0 0)
(-2.79784e-07 0 0)
(-2.79784e-07 0 0)
(-2.79784e-07 0 0)
(-2.79784e-07 0 0)
(-2.79784e-07 0 0)
(-2.79784e-07 -1.2898e-22 1.95425e-37)
(-2.79784e-07 -1.2898e-22 -1.95425e-37)
(-2.79784e-07 0 0)
(-2.79784e-07 0 0)
(-2.79784e-07 0 0)
(-2.79784e-07 0 0)
(-2.79784e-07 0 0)
(-2.79784e-07 0 0)
(-2.79784e-07 0 0)
(-2.79784e-07 0 0)
(-2.79784e-07 0 0)
(-2.79784e-07 0 0)
(-2.79784e-07 0 0)
(-2.79784e-07 0 0)
(-2.79784e-07 0 0)
(-2.79784e-07 0 0)
(-2.79784e-07 0 0)
(-2.79784e-07 0 0)
(-2.79784e-07 0 0)
(-2.79784e-07 0 0)
(-2.79784e-07 0 0)
(-2.79784e-07 0 0)
(-2.79784e-07 -1.32318e-22 2.00366e-37)
(-2.79784e-07 -1.32318e-22 -2.00366e-37)
(-2.79784e-07 0 0)
(-2.79784e-07 0 0)
(-2.79784e-07 0 0)
(-2.79784e-07 0 0)
(-2.79784e-07 0 0)
(-2.79784e-07 0 0)
(-2.79784e-07 0 0)
(-2.79784e-07 0 0)
(-2.79784e-07 0 0)
(-2.79784e-07 0 0)
(-2.79784e-07 0 0)
(-2.79784e-07 0 0)
(-2.79784e-07 0 0)
(-2.79784e-07 0 0)
(-2.79784e-07 0 0)
(-2.79784e-07 0 0)
(-2.79784e-07 0 0)
(-2.79784e-07 0 0)
(-2.79784e-07 0 0)
(-2.79784e-07 -6.77805e-23 4.77208e-38)
(-2.79784e-07 -6.77805e-23 -4.77208e-38)
(-2.79784e-07 0 0)
(-2.79784e-07 0 0)
(-2.79784e-07 0 0)
(-2.79784e-07 0 0)
(-2.79784e-07 0 0)
(-2.79784e-07 0 0)
(-2.79784e-07 0 0)
(-2.79784e-07 1.28889e-22 -1.88044e-37)
(-2.79784e-07 1.35561e-22 1.9792e-37)
(-2.79784e-07 0 0)
(-2.79784e-07 0 0)
(-2.79784e-07 0 0)
(-2.79784e-07 0 0)
(-2.79784e-07 0 0)
(-2.79784e-07 -1.9667e-22 -4.46338e-37)
(-2.79784e-07 -1.9667e-22 4.46338e-37)
(-2.79784e-07 0 0)
(-2.79784e-07 0 0)
(-2.79784e-07 0 0)
(-2.79784e-07 0 0)
(-2.79784e-07 0 0)
(-2.79784e-07 0 0)
(-2.79784e-07 0 0)
(-2.79784e-07 0 0)
(-2.79784e-07 0 0)
(-2.79784e-07 1.32225e-22 -1.92982e-37)
(-2.79784e-07 1.28889e-22 1.88044e-37)
(-2.79784e-07 0 0)
(-2.79784e-07 0 0)
(-2.79784e-07 1.32225e-22 -1.92982e-37)
(-2.79784e-07 1.32225e-22 1.92982e-37)
(-2.79784e-07 0 0)
(-2.79784e-07 0 0)
(-2.79784e-07 0 0)
(-2.79784e-07 0 0)
(-2.79784e-07 0 0)
(-2.79784e-07 0 0)
(-2.79784e-07 0 0)
(-2.79784e-07 0 0)
(-2.79784e-07 0 0)
(-2.79784e-07 0 0)
(-2.79784e-07 0 0)
(-2.79784e-07 0 0)
(-2.79784e-07 0 0)
(-2.79784e-07 0 0)
(-2.79784e-07 0 0)
(-2.79784e-07 0 0)
(-2.79784e-07 0 0)
(-2.79784e-07 0 0)
(-2.79784e-07 0 0)
(-2.79784e-07 0 0)
(-2.79784e-07 0 0)
(-2.79784e-07 0 0)
(-2.79784e-07 0 0)
(-2.79784e-07 0 0)
(-2.79784e-07 0 0)
(-2.79784e-07 0 0)
(-2.79784e-07 0 0)
(-2.79784e-07 0 0)
(-2.79784e-07 0 0)
(-2.79784e-07 0 0)
(-2.79784e-07 0 0)
(-2.79784e-07 0 0)
(-2.79784e-07 0 0)
(-2.79784e-07 0 0)
(-2.79784e-07 0 0)
(-2.79784e-07 1.28786e-22 -1.87662e-37)
(-2.79784e-07 0 0)
(-2.79784e-07 -1.35452e-22 -1.9753e-37)
(-2.79784e-07 0 0)
(-2.79784e-07 0 0)
(-2.79784e-07 0 0)
(-2.79784e-07 0 0)
(-2.79784e-07 0 0)
(-2.79784e-07 1.96512e-22 4.34909e-37)
(-2.79784e-07 1.96512e-22 -4.34909e-37)
(-2.79784e-07 0 0)
(-2.79784e-07 0 0)
(-2.79784e-07 0 0)
(-2.79784e-07 0 0)
(-2.79784e-07 0 0)
(-2.79784e-07 0 0)
(-2.79784e-07 0 0)
(-2.79784e-07 0 0)
(-2.79784e-07 0 0)
(-2.79784e-07 -1.32119e-22 1.92596e-37)
(-2.79784e-07 -1.28786e-22 -1.87662e-37)
(-2.79784e-07 0 0)
(-2.79784e-07 0 0)
(-2.79784e-07 -1.32119e-22 1.92596e-37)
(-2.79784e-07 0 0)
(-2.79784e-07 1.28786e-22 1.87662e-37)
(-2.79784e-07 0 0)
(-2.79784e-07 0 0)
(-2.79784e-07 0 0)
(-2.79784e-07 0 0)
(-2.79784e-07 0 0)
(-2.79784e-07 0 0)
(-2.79784e-07 0 0)
(-2.79784e-07 0 0)
(-2.79784e-07 0 0)
(-2.79784e-07 0 0)
(-2.79784e-07 0 0)
(-2.79784e-07 0 0)
(-2.79784e-07 0 0)
(-2.79784e-07 0 0)
(-2.79784e-07 0 0)
(-2.79784e-07 0 0)
(-2.79784e-07 0 0)
(-2.79784e-07 0 0)
(-2.79784e-07 0 0)
(-2.79784e-07 0 0)
(-2.79784e-07 0 0)
(-2.79784e-07 0 0)
(-2.79784e-07 0 0)
(-2.79784e-07 0 0)
(-2.79784e-07 0 0)
(-2.79784e-07 0 0)
(-2.79784e-07 0 0)
(-2.79784e-07 0 0)
(-2.79784e-07 0 0)
(-2.79784e-07 0 0)
(-2.79784e-07 0 0)
(-2.79784e-07 0 0)
(-2.79784e-07 0 0)
(-2.79784e-07 0 0)
(-2.79784e-07 -1.28669e-22 1.8723e-37)
(-2.79784e-07 -1.28669e-22 -1.8723e-37)
(-2.79784e-07 0 0)
(-2.79784e-07 0 0)
(-2.79784e-07 0 0)
(-2.79784e-07 0 0)
(-2.79784e-07 0 0)
(-2.79784e-07 0 0)
(-2.79784e-07 0 0)
(-2.79784e-07 0 0)
(-2.79784e-07 0 0)
(-2.79784e-07 0 0)
(-2.79784e-07 0 0)
(-2.79784e-07 0 0)
(-2.79784e-07 0 0)
(-2.79784e-07 0 0)
(-2.79784e-07 0 0)
(-2.79784e-07 0 0)
(-2.79784e-07 0 0)
(-2.79784e-07 0 0)
(-2.79784e-07 0 0)
(-2.79784e-07 0 0)
(-2.79784e-07 0 0)
(-2.79784e-07 0 0)
(-2.79784e-07 -1.31999e-22 1.92159e-37)
(-2.79784e-07 -1.28669e-22 -1.8723e-37)
(-2.79784e-07 0 0)
(-2.79784e-07 0 0)
(-2.79784e-07 0 0)
(-2.79784e-07 0 0)
(-2.79784e-07 0 0)
(-2.79784e-07 0 0)
(-2.79784e-07 0 0)
(-2.79784e-07 0 0)
(-2.79784e-07 0 0)
(-2.79784e-07 0 0)
(-2.79784e-07 0 0)
(-2.79784e-07 0 0)
(-2.79784e-07 0 0)
(-2.79784e-07 0 0)
(-2.79784e-07 0 0)
(-2.79784e-07 0 0)
(-2.79784e-07 0 0)
(-2.79784e-07 0 0)
(-2.79784e-07 0 0)
(-2.79784e-07 0 0)
(-2.79784e-07 0 0)
(-2.79784e-07 0 0)
(-2.79784e-07 0 0)
(-2.79784e-07 0 0)
(-2.79784e-07 0 0)
(-2.79785e-07 0 0)
(-2.79785e-07 0 0)
(-2.79785e-07 0 0)
(-2.79785e-07 0 0)
(-2.79785e-07 0 0)
(-2.79785e-07 6.75956e-23 -4.73991e-38)
(-2.79785e-07 1.96134e-22 -1.4777e-37)
(-2.79785e-07 1.28538e-22 1.86746e-37)
(-2.79785e-07 0 0)
(-2.79785e-07 1.28538e-22 -1.86746e-37)
(-2.79785e-07 1.28538e-22 1.86746e-37)
(-2.79785e-07 0 0)
(-2.79785e-07 0 0)
(-2.79785e-07 0 0)
(-2.79785e-07 0 0)
(-2.79785e-07 0 0)
(-2.79785e-07 0 0)
(-2.79785e-07 0 0)
(-2.79785e-07 0 0)
(-2.79785e-07 0 0)
(-2.79785e-07 0 0)
(-2.79785e-07 0 0)
(-2.79785e-07 0 0)
(-2.79785e-07 0 0)
(-2.79785e-07 0 0)
(-2.79785e-07 0 0)
(-2.79785e-07 0 0)
(-2.79785e-07 0 0)
(-2.79785e-07 0 0)
(-2.79785e-07 0 0)
(-2.79785e-07 0 0)
(-2.79785e-07 0 0)
(-2.79785e-07 0 0)
(-2.79785e-07 0 0)
(-2.79785e-07 0 0)
(-2.79785e-07 0 0)
(-2.79785e-07 0 0)
(-2.79785e-07 0 0)
(-2.79785e-07 0 0)
(-2.79785e-07 0 0)
(-2.79785e-07 0 0)
(-2.79785e-07 0 0)
(-2.79785e-07 0 0)
(-2.79785e-07 0 0)
(-2.79785e-07 0 0)
(-2.79785e-07 0 0)
(-2.79785e-07 0 0)
(-2.79785e-07 0 0)
(-2.79785e-07 0 0)
(-2.79785e-07 0 0)
(-2.79785e-07 0 0)
(-2.79785e-07 0 0)
(-2.79785e-07 0 0)
(-2.79785e-07 0 0)
(-2.79785e-07 0 0)
(-2.79785e-07 0 0)
(-2.79785e-07 0 0)
(-2.79785e-07 0 0)
(-2.79785e-07 0 0)
(-2.79785e-07 0 0)
(-2.79785e-07 0 0)
(-2.79785e-07 6.75186e-23 -4.72654e-38)
(-2.79785e-07 1.99233e-22 -1.4981e-37)
(-2.79785e-07 1.28392e-22 1.86206e-37)
(-2.79785e-07 0 0)
(-2.79785e-07 -6.75186e-23 4.72654e-38)
(-2.79785e-07 -1.9591e-22 1.47351e-37)
(-2.79785e-07 -1.28392e-22 -1.86206e-37)
(-2.79785e-07 0 0)
(-2.79785e-07 -1.28392e-22 1.86206e-37)
(-2.79785e-07 -1.28392e-22 -1.86206e-37)
(-2.79785e-07 0 0)
(-2.79785e-07 0 0)
(-2.79785e-07 0 0)
(-2.79785e-07 0 0)
(-2.79785e-07 0 0)
(-2.79785e-07 0 0)
(-2.79785e-07 0 0)
(-2.79785e-07 0 0)
(-2.79785e-07 0 0)
(-2.79785e-07 0 0)
(-2.79785e-07 0 0)
(-2.79785e-07 0 0)
(-2.79785e-07 0 0)
(-2.79785e-07 0 0)
(-2.79785e-07 0 0)
(-2.79785e-07 0 0)
(-2.79785e-07 0 0)
(-2.79785e-07 0 0)
(-2.79785e-07 0 0)
(-2.79785e-07 0 0)
(-2.79785e-07 0 0)
(-2.79785e-07 0 0)
(-2.79785e-07 0 0)
(-2.79785e-07 0 0)
(-2.79785e-07 0 0)
(-2.79785e-07 0 0)
(-2.79785e-07 0 0)
(-2.79785e-07 0 0)
(-2.79785e-07 0 0)
(-2.79785e-07 0 0)
(-2.79785e-07 0 0)
(-2.79785e-07 0 0)
(-2.79785e-07 0 0)
(-2.79785e-07 0 0)
(-2.79785e-07 0 0)
(-2.79785e-07 0 0)
(-2.79785e-07 0 0)
(-2.79785e-07 0 0)
(-2.79785e-07 0 0)
(-2.79785e-07 0 0)
(-2.79785e-07 0 0)
(-2.79785e-07 0 0)
(-2.79785e-07 0 0)
(-2.79785e-07 0 0)
(-2.79785e-07 0 0)
(-2.79785e-07 0 0)
(-2.79785e-07 0 0)
(-2.79785e-07 0 0)
(-2.79785e-07 0 0)
(-2.79785e-07 0 0)
(-2.79785e-07 -6.74332e-23 5.05995e-38)
(-2.79785e-07 -1.98981e-22 1.49342e-37)
(-2.79785e-07 -1.28229e-22 -1.92573e-37)
(-2.79785e-07 0 0)
(-2.79785e-07 0 0)
(-2.79785e-07 0 0)
(-2.79785e-07 0 0)
(-2.79785e-07 0 0)
(-2.79785e-07 0 0)
(-2.79785e-07 0 0)
(-2.79785e-07 0 0)
(-2.79785e-07 0 0)
(-2.79785e-07 0 0)
(-2.79785e-07 0 0)
(-2.79785e-07 0 0)
(-2.79785e-07 0 0)
(-2.79785e-07 0 0)
(-2.79785e-07 0 0)
(-2.79785e-07 0 0)
(-2.79785e-07 0 0)
(-2.79785e-07 0 0)
(-2.79785e-07 0 0)
(-2.79785e-07 0 0)
(-2.79785e-07 0 0)
(-2.79785e-07 0 0)
(-2.79785e-07 1.28229e-22 -1.85608e-37)
(-2.79785e-07 1.28229e-22 1.85608e-37)
(-2.79785e-07 0 0)
(-2.79785e-07 0 0)
(-2.79785e-07 0 0)
(-2.79785e-07 0 0)
(-2.79785e-07 0 0)
(-2.79785e-07 0 0)
(-2.79785e-07 0 0)
(-2.79785e-07 0 0)
(-2.79785e-07 0 0)
(-2.79785e-07 0 0)
(-2.79785e-07 0 0)
(-2.79785e-07 0 0)
(-2.79785e-07 0 0)
(-2.79785e-07 0 0)
(-2.79785e-07 0 0)
(-2.79785e-07 0 0)
(-2.79785e-07 0 0)
(-2.79785e-07 0 0)
(-2.79785e-07 0 0)
(-2.79785e-07 0 0)
(-2.79785e-07 0 0)
(-2.79785e-07 0 0)
(-2.79785e-07 0 0)
(-2.79785e-07 0 0)
(-2.79785e-07 0 0)
(-2.79785e-07 0 0)
(-2.79785e-07 0 0)
(-2.79785e-07 0 0)
(-2.79785e-07 0 0)
(-2.79785e-07 0 0)
(-2.79785e-07 0 0)
(-2.79785e-07 0 0)
(-2.79786e-07 0 0)
(-2.79786e-07 0 0)
(-2.79786e-07 0 0)
(-2.79786e-07 1.31363e-22 -1.96799e-37)
(-2.79786e-07 1.28049e-22 1.91893e-37)
(-2.79786e-07 0 0)
(-2.79786e-07 0 0)
(-2.79786e-07 0 0)
(-2.79786e-07 0 0)
(-2.79786e-07 0 0)
(-2.79786e-07 0 0)
(-2.79786e-07 0 0)
(-2.79786e-07 0 0)
(-2.79786e-07 0 0)
(-2.79786e-07 0 0)
(-2.79786e-07 0 0)
(-2.79786e-07 0 0)
(-2.79786e-07 0 0)
(-2.79786e-07 1.28049e-22 -1.91893e-37)
(-2.79786e-07 1.28049e-22 1.91893e-37)
(-2.79786e-07 0 0)
(-2.79786e-07 0 0)
(-2.79786e-07 0 0)
(-2.79786e-07 0 0)
(-2.79786e-07 0 0)
(-2.79786e-07 0 0)
(-2.79786e-07 -1.28049e-22 1.98838e-37)
(-2.79786e-07 -1.28049e-22 -1.98838e-37)
(-2.79786e-07 0 0)
(-2.79786e-07 0 0)
(-2.79786e-07 0 0)
(-2.79786e-07 0 0)
(-2.79786e-07 0 0)
(-2.79786e-07 0 0)
(-2.79786e-07 0 0)
(-2.79786e-07 0 0)
(-2.79786e-07 0 0)
(-2.79786e-07 0 0)
(-2.79786e-07 0 0)
(-2.79786e-07 0 0)
(-2.79786e-07 0 0)
(-2.79786e-07 0 0)
(-2.79786e-07 0 0)
(-2.79786e-07 0 0)
(-2.79786e-07 0 0)
(-2.79786e-07 0 0)
(-2.79786e-07 0 0)
(-2.79786e-07 0 0)
(-2.79786e-07 0 0)
(-2.79786e-07 0 0)
(-2.79786e-07 0 0)
(-2.79786e-07 0 0)
(-2.79786e-07 0 0)
(-2.79786e-07 0 0)
(-2.79786e-07 0 0)
(-2.79786e-07 0 0)
(-2.79786e-07 0 0)
(-2.79786e-07 0 0)
(-2.79786e-07 0 0)
(-2.79786e-07 0 0)
(-2.79786e-07 0 0)
(-2.79786e-07 -6.06166e-23 -4.53371e-38)
(-2.79786e-07 6.72344e-23 -1.50706e-37)
(-2.79786e-07 -3.3089e-24 0)
(-2.79786e-07 -1.27851e-22 -1.91145e-37)
(-2.79786e-07 0 0)
(-2.79786e-07 0 0)
(-2.79786e-07 0 0)
(-2.79786e-07 0 0)
(-2.79786e-07 0 0)
(-2.79786e-07 0 0)
(-2.79786e-07 1.34469e-22 -2.00941e-37)
(-2.79786e-07 6.39255e-23 1.43358e-37)
(-2.79786e-07 -6.39255e-23 4.77861e-38)
(-2.79786e-07 0 0)
(-2.79786e-07 0 0)
(-2.79786e-07 0 0)
(-2.79786e-07 0 0)
(-2.79786e-07 -1.27851e-22 1.91145e-37)
(-2.79786e-07 -1.27851e-22 -1.91145e-37)
(-2.79786e-07 0 0)
(-2.79786e-07 -6.39255e-23 -4.77861e-38)
(-2.79786e-07 -6.72344e-23 5.02352e-38)
(-2.79786e-07 0 0)
(-2.79786e-07 0 0)
(-2.79786e-07 0 0)
(-2.79786e-07 0 0)
(-2.79786e-07 0 0)
(-2.79786e-07 -6.39255e-23 -4.77861e-38)
(-2.79786e-07 -6.72344e-23 5.02352e-38)
(-2.79786e-07 0 0)
(-2.79786e-07 0 0)
(-2.79786e-07 0 0)
(-2.79786e-07 0 0)
(-2.79786e-07 0 0)
(-2.79786e-07 0 0)
(-2.79786e-07 0 0)
(-2.79786e-07 0 0)
(-2.79786e-07 0 0)
(-2.79786e-07 0 0)
(-2.79786e-07 0 0)
(-2.79786e-07 0 0)
(-2.79786e-07 0 0)
(-2.79786e-07 0 0)
(-2.79786e-07 0 0)
(-2.79786e-07 0 0)
(-2.79786e-07 0 0)
(-2.79786e-07 0 0)
(-2.79786e-07 -6.39255e-23 -4.77861e-38)
(-2.79786e-07 -6.72344e-23 5.02352e-38)
(-2.79786e-07 0 0)
(-2.79786e-07 0 0)
(-2.79786e-07 0 0)
(-2.79786e-07 0 0)
(-2.79786e-07 0 0)
(-2.79786e-07 0 0)
(-2.79786e-07 0 0)
(-2.79786e-07 0 0)
(-2.79786e-07 0 0)
(-2.79786e-07 0 0)
(-2.79787e-07 0 0)
(-2.79787e-07 6.05132e-23 4.16858e-38)
(-2.79787e-07 -1.27633e-22 1.97223e-37)
(-2.79787e-07 -2.58569e-22 -3.99335e-37)
(-2.79787e-07 -1.30936e-22 0)
(-2.79787e-07 -6.38164e-23 4.41307e-38)
(-2.79787e-07 0 0)
(-2.79787e-07 0 0)
(-2.79787e-07 0 0)
(-2.79787e-07 0 0)
(-2.79787e-07 0 0)
(-2.79787e-07 -1.34239e-22 2.07002e-37)
(-2.79787e-07 -6.38164e-23 -1.42742e-37)
(-2.79787e-07 6.38164e-23 -4.41307e-38)
(-2.79787e-07 0 0)
(-2.79787e-07 0 0)
(-2.79787e-07 0 0)
(-2.79787e-07 0 0)
(-2.79787e-07 0 0)
(-2.79787e-07 0 0)
(-2.79787e-07 0 0)
(-2.79787e-07 0 0)
(-2.79787e-07 0 0)
(-2.79787e-07 -6.38164e-23 -4.41307e-38)
(-2.79787e-07 -6.38164e-23 4.41307e-38)
(-2.79787e-07 0 0)
(-2.79787e-07 0 0)
(-2.79787e-07 -6.38164e-23 -4.41307e-38)
(-2.79787e-07 -3.30327e-24 0)
(-2.79787e-07 6.71197e-23 -4.65756e-38)
(-2.79787e-07 0 0)
(-2.79787e-07 -6.38164e-23 -4.41307e-38)
(-2.79787e-07 -6.71197e-23 4.65756e-38)
(-2.79787e-07 0 0)
(-2.79787e-07 0 0)
(-2.79787e-07 0 0)
(-2.79787e-07 0 0)
(-2.79787e-07 0 0)
(-2.79787e-07 0 0)
(-2.79787e-07 0 0)
(-2.79787e-07 0 0)
(-2.79787e-07 0 0)
(-2.79787e-07 -6.38164e-23 -4.41307e-38)
(-2.79787e-07 -6.71197e-23 4.65756e-38)
(-2.79787e-07 0 0)
(-2.79787e-07 0 0)
(-2.79787e-07 0 0)
(-2.79787e-07 0 0)
(-2.79787e-07 6.38164e-23 4.41307e-38)
(-2.79787e-07 6.71197e-23 -4.65756e-38)
(-2.79787e-07 -6.38164e-23 -4.41307e-38)
(-2.79787e-07 -6.71197e-23 4.65756e-38)
(-2.79787e-07 0 0)
(-2.79787e-07 0 0)
(-2.79787e-07 0 0)
(-2.79787e-07 0 0)
(-2.79787e-07 0 0)
(-2.79787e-07 0 0)
(-2.79787e-07 0 0)
(-2.79787e-07 0 0)
(-2.79787e-07 0 0)
(-2.79787e-07 6.69938e-23 -5.3233e-38)
(-2.79787e-07 1.27393e-22 1.96296e-37)
(-2.79787e-07 1.3069e-22 0)
(-2.79787e-07 6.69938e-23 4.63588e-38)
(-2.79787e-07 6.36967e-23 -1.42067e-37)
(-2.79787e-07 6.36967e-23 5.07926e-38)
(-2.79787e-07 0 0)
(-2.79787e-07 -6.36967e-23 -4.73555e-38)
(-2.79787e-07 -6.36967e-23 4.73555e-38)
(-2.79787e-07 0 0)
(-2.79787e-07 0 0)
(-2.79787e-07 0 0)
(-2.79787e-07 0 0)
(-2.79787e-07 0 0)
(-2.79787e-07 0 0)
(-2.79787e-07 -6.36967e-23 -4.73555e-38)
(-2.79787e-07 -1.3069e-22 0)
(-2.79787e-07 -6.36967e-23 4.73555e-38)
(-2.79787e-07 0 0)
(-2.79787e-07 0 0)
(-2.79787e-07 6.36967e-23 4.73555e-38)
(-2.79787e-07 6.69938e-23 -4.97959e-38)
(-2.79787e-07 6.36967e-23 4.73555e-38)
(-2.79787e-07 0 0)
(-2.79787e-07 -6.69938e-23 4.97959e-38)
(-2.79787e-07 0 0)
(-2.79787e-07 0 0)
(-2.79787e-07 0 0)
(-2.79787e-07 0 0)
(-2.79787e-07 0 0)
(-2.79787e-07 6.36967e-23 4.73555e-38)
(-2.79787e-07 6.69938e-23 -4.97959e-38)
(-2.79787e-07 0 0)
(-2.79787e-07 -6.36967e-23 -4.73555e-38)
(-2.79787e-07 -6.69938e-23 4.97959e-38)
(-2.79787e-07 0 0)
(-2.79787e-07 0 0)
(-2.79787e-07 0 0)
(-2.79787e-07 0 0)
(-2.79787e-07 0 0)
(-2.79787e-07 -6.36967e-23 -4.73555e-38)
(-2.79787e-07 -6.69938e-23 -4.63588e-38)
(-2.79787e-07 -6.36967e-23 4.39184e-38)
(-2.79787e-07 -6.69938e-23 4.97959e-38)
(-2.79787e-07 -6.36967e-23 -4.73555e-38)
(-2.79787e-07 -6.69938e-23 4.97959e-38)
(-2.79787e-07 0 0)
(-2.79787e-07 0 0)
(-2.79787e-07 0 0)
(-2.79787e-07 6.36967e-23 4.73555e-38)
(-2.79787e-07 6.69938e-23 -4.97959e-38)
(-2.79787e-07 0 0)
(-2.79787e-07 0 0)
(-2.79787e-07 0 0)
(-2.79787e-07 0 0)
(-2.79787e-07 0 0)
(-2.79787e-07 0 0)
(-2.79787e-07 0 0)
(-2.79787e-07 0 0)
(-2.79788e-07 0 0)
(-2.79788e-07 -6.68555e-23 4.95444e-38)
(-2.79788e-07 -6.68555e-23 -4.95444e-38)
(-2.79788e-07 0 0)
(-2.79788e-07 6.35652e-23 4.7109e-38)
(-2.79788e-07 0 0)
(-2.79788e-07 -6.35652e-23 -4.7109e-38)
(-2.79788e-07 0 0)
(-2.79788e-07 6.35652e-23 4.7109e-38)
(-2.79788e-07 6.35652e-23 -4.7109e-38)
(-2.79788e-07 0 0)
(-2.79788e-07 0 0)
(-2.79788e-07 0 0)
(-2.79788e-07 0 0)
(-2.79788e-07 0 0)
(-2.79788e-07 0 0)
(-2.79788e-07 6.35652e-23 4.7109e-38)
(-2.79788e-07 1.30421e-22 0)
(-2.79788e-07 6.35652e-23 -4.7109e-38)
(-2.79788e-07 0 0)
(-2.79788e-07 0 0)
(-2.79788e-07 0 0)
(-2.79788e-07 0 0)
(-2.79788e-07 0 0)
(-2.79788e-07 6.35652e-23 4.7109e-38)
(-2.79788e-07 6.68555e-23 -4.95444e-38)
(-2.79788e-07 0 0)
(-2.79788e-07 6.35652e-23 4.7109e-38)
(-2.79788e-07 6.68555e-23 -4.95444e-38)
(-2.79788e-07 0 0)
(-2.79788e-07 0 0)
(-2.79788e-07 0 0)
(-2.79788e-07 0 0)
(-2.79788e-07 0 0)
(-2.79788e-07 6.35652e-23 4.7109e-38)
(-2.79788e-07 6.68555e-23 -4.95444e-38)
(-2.79788e-07 0 0)
(-2.79788e-07 0 0)
(-2.79788e-07 0 0)
(-2.79788e-07 0 0)
(-2.79788e-07 0 0)
(-2.79788e-07 6.35652e-23 4.7109e-38)
(-2.79788e-07 1.30421e-22 0)
(-2.79788e-07 1.30421e-22 0)
(-2.79788e-07 6.68555e-23 -4.95444e-38)
(-2.79788e-07 6.35652e-23 4.7109e-38)
(-2.79788e-07 6.68555e-23 -4.95444e-38)
(-2.79788e-07 0 0)
(-2.79788e-07 0 0)
(-2.79788e-07 0 0)
(-2.79788e-07 0 0)
(-2.79788e-07 0 0)
(-2.79788e-07 0 0)
(-2.79788e-07 0 0)
(-2.79788e-07 0 0)
(-2.79788e-07 0 0)
(-2.79788e-07 0 0)
(-2.79788e-07 0 0)
(-2.79788e-07 0 0)
(-2.79788e-07 0 0)
(-2.79788e-07 0 0)
(-2.79788e-07 0 0)
(-2.79788e-07 0 0)
(-2.79788e-07 0 0)
(-2.79788e-07 -6.34211e-23 -5.02469e-38)
(-2.79788e-07 -6.34211e-23 5.02469e-38)
(-2.79788e-07 0 0)
(-2.79788e-07 0 0)
(-2.79788e-07 0 0)
(-2.79788e-07 0 0)
(-2.79788e-07 -6.34211e-23 -5.02469e-38)
(-2.79788e-07 -1.26842e-22 0)
(-2.79788e-07 -1.30125e-22 0)
(-2.79788e-07 -1.26842e-22 0)
(-2.79788e-07 -6.34211e-23 5.02469e-38)
(-2.79788e-07 0 0)
(-2.79788e-07 0 0)
(-2.79788e-07 0 0)
(-2.79788e-07 0 0)
(-2.79788e-07 0 0)
(-2.79788e-07 0 0)
(-2.79788e-07 0 0)
(-2.79788e-07 0 0)
(-2.79788e-07 -6.34211e-23 -5.02469e-38)
(-2.79788e-07 -6.34211e-23 5.02469e-38)
(-2.79788e-07 0 0)
(-2.79788e-07 0 0)
(-2.79788e-07 0 0)
(-2.79788e-07 0 0)
(-2.79788e-07 0 0)
(-2.79788e-07 0 0)
(-2.79788e-07 0 0)
(-2.79788e-07 -6.34211e-23 -5.02469e-38)
(-2.79788e-07 -1.30125e-22 0)
(-2.79788e-07 -1.30125e-22 0)
(-2.79788e-07 -1.30125e-22 0)
(-2.79788e-07 -1.30125e-22 0)
(-2.79788e-07 -6.6704e-23 5.26767e-38)
(-2.79788e-07 0 0)
(-2.79788e-07 0 0)
(-2.79788e-07 0 0)
(-2.79788e-07 0 0)
(-2.79788e-07 0 0)
(-2.79788e-07 0 0)
(-2.79788e-07 0 0)
(-2.79788e-07 -6.34211e-23 -5.02469e-38)
(-2.79788e-07 -1.30125e-22 0)
(-2.79788e-07 -6.6704e-23 5.26767e-38)
(-2.79788e-07 0 0)
(-2.79788e-07 0 0)
(-2.79788e-07 0 0)
(-2.79788e-07 0 0)
(-2.79788e-07 0 0)
(-2.79788e-07 0 0)
(-2.79788e-07 0 0)
(-2.79788e-07 0 0)
(-2.79788e-07 0 0)
(-2.79788e-07 -6.34211e-23 -5.02469e-38)
(-2.79788e-07 -1.30125e-22 0)
(-2.79788e-07 -6.6704e-23 5.26767e-38)
(-2.79789e-07 0 0)
(-2.79789e-07 6.65378e-23 -5.2359e-38)
(-2.79789e-07 6.65378e-23 5.2359e-38)
(-2.79789e-07 0 0)
(-2.79789e-07 6.32631e-23 4.31543e-38)
(-2.79789e-07 6.32631e-23 -4.31543e-38)
(-2.79789e-07 0 0)
(-2.79789e-07 0 0)
(-2.79789e-07 0 0)
(-2.79789e-07 6.32631e-23 -4.99352e-38)
(-2.79789e-07 1.29801e-22 1.91027e-37)
(-2.79789e-07 1.26526e-22 0)
(-2.79789e-07 1.29801e-22 0)
(-2.79789e-07 1.26526e-22 0)
(-2.79789e-07 6.32631e-23 -4.31543e-38)
(-2.79789e-07 0 0)
(-2.79789e-07 0 0)
(-2.79789e-07 0 0)
(-2.79789e-07 0 0)
(-2.79789e-07 0 0)
(-2.79789e-07 0 0)
(-2.79789e-07 0 0)
(-2.79789e-07 0 0)
(-2.79789e-07 6.32631e-23 4.31543e-38)
(-2.79789e-07 6.32631e-23 -4.31543e-38)
(-2.79789e-07 0 0)
(-2.79789e-07 0 0)
(-2.79789e-07 0 0)
(-2.79789e-07 0 0)
(-2.79789e-07 0 0)
(-2.79789e-07 0 0)
(-2.79789e-07 0 0)
(-2.79789e-07 6.32631e-23 4.31543e-38)
(-2.79789e-07 1.29801e-22 0)
(-2.79789e-07 1.29801e-22 0)
(-2.79789e-07 1.29801e-22 0)
(-2.79789e-07 1.29801e-22 0)
(-2.79789e-07 6.65378e-23 -4.5578e-38)
(-2.79789e-07 0 0)
(-2.79789e-07 0 0)
(-2.79789e-07 0 0)
(-2.79789e-07 0 0)
(-2.79789e-07 0 0)
(-2.79789e-07 0 0)
(-2.79789e-07 0 0)
(-2.79789e-07 6.32631e-23 4.31543e-38)
(-2.79789e-07 1.29801e-22 0)
(-2.79789e-07 6.65378e-23 -4.5578e-38)
(-2.79789e-07 0 0)
(-2.79789e-07 0 0)
(-2.79789e-07 0 0)
(-2.79789e-07 0 0)
(-2.79789e-07 0 0)
(-2.79789e-07 0 0)
(-2.79789e-07 0 0)
(-2.79789e-07 0 0)
(-2.79789e-07 0 0)
(-2.79789e-07 6.32631e-23 4.31543e-38)
(-2.79789e-07 1.29801e-22 0)
(-2.79789e-07 6.65378e-23 -4.89685e-38)
(-2.7979e-07 0 0)
(-2.7979e-07 -6.63556e-23 5.20117e-38)
(-2.7979e-07 -6.63556e-23 -5.20117e-38)
(-2.7979e-07 0 0)
(-2.7979e-07 0 0)
(-2.7979e-07 1.29445e-22 -1.89725e-37)
(-2.7979e-07 1.2618e-22 1.84891e-37)
(-2.7979e-07 0 0)
(-2.7979e-07 0 0)
(-2.7979e-07 0 0)
(-2.7979e-07 0 0)
(-2.7979e-07 1.32711e-22 -1.94559e-37)
(-2.7979e-07 1.2618e-22 1.84891e-37)
(-2.7979e-07 0 0)
(-2.7979e-07 0 0)
(-2.7979e-07 0 0)
(-2.7979e-07 0 0)
(-2.7979e-07 1.29445e-22 -1.89725e-37)
(-2.7979e-07 1.2618e-22 1.84891e-37)
(-2.7979e-07 1.2618e-22 -1.84891e-37)
(-2.7979e-07 1.2618e-22 1.84891e-37)
(-2.7979e-07 0 0)
(-2.7979e-07 0 0)
(-2.7979e-07 0 0)
(-2.7979e-07 0 0)
(-2.7979e-07 1.2618e-22 -1.84891e-37)
(-2.7979e-07 1.2618e-22 1.84891e-37)
(-2.7979e-07 0 0)
(-2.7979e-07 0 0)
(-2.7979e-07 0 0)
(-2.7979e-07 0 0)
(-2.7979e-07 0 0)
(-2.7979e-07 1.29445e-22 -1.89725e-37)
(-2.7979e-07 1.29445e-22 1.89725e-37)
(-2.7979e-07 0 0)
(-2.7979e-07 0 0)
(-2.7979e-07 0 0)
(-2.7979e-07 0 0)
(-2.7979e-07 1.29445e-22 -1.89725e-37)
(-2.7979e-07 1.2618e-22 1.84891e-37)
(-2.7979e-07 0 0)
(-2.7979e-07 0 0)
(-2.7979e-07 0 0)
(-2.7979e-07 0 0)
(-2.7979e-07 0 0)
(-2.7979e-07 1.29445e-22 -1.89725e-37)
(-2.7979e-07 1.29445e-22 1.89725e-37)
(-2.7979e-07 0 0)
(-2.7979e-07 0 0)
(-2.7979e-07 0 0)
(-2.7979e-07 0 0)
(-2.7979e-07 0 0)
(-2.7979e-07 0 0)
(-2.7979e-07 0 0)
(-2.7979e-07 0 0)
(-2.7979e-07 0 0)
(-2.7979e-07 0 0)
(-2.7979e-07 0 0)
(-2.7979e-07 0 0)
(-2.7979e-07 0 0)
(-2.7979e-07 0 0)
(-2.7979e-07 1.91955e-22 -4.10009e-37)
(-2.7979e-07 3.24267e-22 2.19824e-37)
(-2.7979e-07 1.258e-22 1.83482e-37)
(-2.7979e-07 0 0)
(-2.7979e-07 -6.28998e-23 1.37612e-37)
(-2.7979e-07 -6.28998e-23 -1.37612e-37)
(-2.7979e-07 0 0)
(-2.7979e-07 0 0)
(-2.7979e-07 0 0)
(-2.7979e-07 1.258e-22 -4.41615e-47)
(-2.7979e-07 0 0)
(-2.7979e-07 -1.258e-22 -1.90185e-37)
(-2.7979e-07 0 0)
(-2.7979e-07 0 0)
(-2.7979e-07 0 0)
(-2.7979e-07 0 0)
(-2.7979e-07 -1.29055e-22 1.95005e-37)
(-2.7979e-07 -1.258e-22 -1.90185e-37)
(-2.7979e-07 -1.258e-22 1.90185e-37)
(-2.7979e-07 -1.258e-22 -1.90185e-37)
(-2.7979e-07 0 0)
(-2.7979e-07 0 0)
(-2.7979e-07 0 0)
(-2.7979e-07 0 0)
(-2.7979e-07 -1.258e-22 1.90185e-37)
(-2.7979e-07 -1.258e-22 -1.90185e-37)
(-2.7979e-07 0 0)
(-2.7979e-07 0 0)
(-2.7979e-07 0 0)
(-2.7979e-07 0 0)
(-2.7979e-07 0 0)
(-2.7979e-07 -1.29055e-22 1.95005e-37)
(-2.7979e-07 -1.29055e-22 -1.95005e-37)
(-2.7979e-07 0 0)
(-2.7979e-07 0 0)
(-2.7979e-07 0 0)
(-2.7979e-07 0 0)
(-2.7979e-07 -1.29055e-22 1.95005e-37)
(-2.7979e-07 -1.258e-22 -1.90185e-37)
(-2.7979e-07 0 0)
(-2.7979e-07 0 0)
(-2.7979e-07 0 0)
(-2.7979e-07 0 0)
(-2.7979e-07 0 0)
(-2.7979e-07 -1.29055e-22 1.95005e-37)
(-2.7979e-07 -1.29055e-22 -1.95005e-37)
(-2.7979e-07 0 0)
(-2.7979e-07 0 0)
(-2.7979e-07 0 0)
(-2.7979e-07 0 0)
(-2.7979e-07 0 0)
(-2.7979e-07 0 0)
(-2.7979e-07 0 0)
(-2.7979e-07 0 0)
(-2.7979e-07 0 0)
(-2.7979e-07 0 0)
(-2.7979e-07 0 0)
(-2.7979e-07 0 0)
(-2.7979e-07 0 0)
(-2.79791e-07 0 0)
(-2.79791e-07 -1.91319e-22 4.26563e-37)
(-2.79791e-07 -3.23191e-22 -2.34633e-37)
(-2.79791e-07 -1.25382e-22 -1.88601e-37)
(-2.79791e-07 0 0)
(-2.79791e-07 0 0)
(-2.79791e-07 0 0)
(-2.79791e-07 0 0)
(-2.79791e-07 0 0)
(-2.79791e-07 0 0)
(-2.79791e-07 0 0)
(-2.79791e-07 0 0)
(-2.79791e-07 0 0)
(-2.79791e-07 0 0)
(-2.79791e-07 0 0)
(-2.79791e-07 0 0)
(-2.79791e-07 0 0)
(-2.79791e-07 0 0)
(-2.79791e-07 0 0)
(-2.79791e-07 0 0)
(-2.79791e-07 0 0)
(-2.79791e-07 0 0)
(-2.79791e-07 0 0)
(-2.79791e-07 0 0)
(-2.79791e-07 0 0)
(-2.79791e-07 0 0)
(-2.79791e-07 0 0)
(-2.79791e-07 0 0)
(-2.79791e-07 0 0)
(-2.79791e-07 0 0)
(-2.79791e-07 0 0)
(-2.79791e-07 0 0)
(-2.79791e-07 0 0)
(-2.79791e-07 0 0)
(-2.79791e-07 0 0)
(-2.79791e-07 0 0)
(-2.79791e-07 0 0)
(-2.79791e-07 0 0)
(-2.79791e-07 0 0)
(-2.79791e-07 0 0)
(-2.79791e-07 0 0)
(-2.79791e-07 0 0)
(-2.79791e-07 0 0)
(-2.79791e-07 1.28627e-22 -1.86746e-37)
(-2.79791e-07 1.25382e-22 1.81942e-37)
(-2.79791e-07 0 0)
(-2.79791e-07 0 0)
(-2.79791e-07 0 0)
(-2.79791e-07 0 0)
(-2.79791e-07 0 0)
(-2.79791e-07 0 0)
(-2.79791e-07 0 0)
(-2.79791e-07 0 0)
(-2.79791e-07 0 0)
(-2.79791e-07 0 0)
(-2.79791e-07 0 0)
(-2.79791e-07 1.28627e-22 -1.86746e-37)
(-2.79791e-07 1.28627e-22 1.86746e-37)
(-2.79791e-07 0 0)
(-2.79791e-07 0 0)
(-2.79792e-07 0 0)
(-2.79792e-07 0 0)
(-2.79792e-07 0 0)
(-2.79792e-07 0 0)
(-2.79792e-07 0 0)
(-2.79792e-07 -6.56951e-23 5.07624e-38)
(-2.79792e-07 -6.24619e-23 -4.83693e-38)
(-2.79792e-07 0 0)
(-2.79792e-07 0 0)
(-2.79792e-07 -6.24619e-23 4.83693e-38)
(-2.79792e-07 -1.90619e-22 1.37585e-37)
(-2.79792e-07 -1.3139e-22 -1.96439e-37)
(-2.79792e-07 0 0)
(-2.79792e-07 0 0)
(-2.79792e-07 0 0)
(-2.79792e-07 0 0)
(-2.79792e-07 -6.24619e-23 -4.17589e-38)
(-2.79792e-07 -6.56951e-23 4.4152e-38)
(-2.79792e-07 0 0)
(-2.79792e-07 0 0)
(-2.79792e-07 0 0)
(-2.79792e-07 0 0)
(-2.79792e-07 0 0)
(-2.79792e-07 0 0)
(-2.79792e-07 0 0)
(-2.79792e-07 0 0)
(-2.79792e-07 0 0)
(-2.79792e-07 0 0)
(-2.79792e-07 0 0)
(-2.79792e-07 0 0)
(-2.79792e-07 0 0)
(-2.79792e-07 0 0)
(-2.79792e-07 0 0)
(-2.79792e-07 0 0)
(-2.79792e-07 0 0)
(-2.79792e-07 0 0)
(-2.79792e-07 0 0)
(-2.79792e-07 0 0)
(-2.79792e-07 0 0)
(-2.79792e-07 0 0)
(-2.79792e-07 0 0)
(-2.79792e-07 0 0)
(-2.79792e-07 0 0)
(-2.79792e-07 -1.28157e-22 1.91653e-37)
(-2.79792e-07 -1.24924e-22 -1.86867e-37)
(-2.79792e-07 0 0)
(-2.79792e-07 0 0)
(-2.79792e-07 0 0)
(-2.79792e-07 0 0)
(-2.79792e-07 0 0)
(-2.79792e-07 0 0)
(-2.79792e-07 0 0)
(-2.79792e-07 0 0)
(-2.79792e-07 0 0)
(-2.79792e-07 0 0)
(-2.79792e-07 0 0)
(-2.79792e-07 -1.28157e-22 1.91653e-37)
(-2.79792e-07 -1.28157e-22 -1.91653e-37)
(-2.79792e-07 0 0)
(-2.79792e-07 0 0)
(-2.79793e-07 0 0)
(-2.79793e-07 6.54298e-23 -4.37074e-38)
(-2.79793e-07 6.54298e-23 4.37074e-38)
(-2.79793e-07 0 0)
(-2.79793e-07 0 0)
(-2.79793e-07 0 0)
(-2.79793e-07 0 0)
(-2.79793e-07 0 0)
(-2.79793e-07 0 0)
(-2.79793e-07 0 0)
(-2.79793e-07 0 0)
(-2.79793e-07 0 0)
(-2.79793e-07 0 0)
(-2.79793e-07 0 0)
(-2.79793e-07 0 0)
(-2.79793e-07 0 0)
(-2.79793e-07 6.22095e-23 5.11596e-38)
(-2.79793e-07 6.54298e-23 -5.35431e-38)
(-2.79793e-07 0 0)
(-2.79793e-07 0 0)
(-2.79793e-07 0 0)
(-2.79793e-07 0 0)
(-2.79793e-07 0 0)
(-2.79793e-07 0 0)
(-2.79793e-07 0 0)
(-2.79793e-07 0 0)
(-2.79793e-07 0 0)
(-2.79793e-07 0 0)
(-2.79793e-07 0 0)
(-2.79793e-07 0 0)
(-2.79793e-07 0 0)
(-2.79793e-07 0 0)
(-2.79793e-07 0 0)
(-2.79793e-07 0 0)
(-2.79793e-07 0 0)
(-2.79793e-07 0 0)
(-2.79793e-07 0 0)
(-2.79793e-07 0 0)
(-2.79793e-07 0 0)
(-2.79793e-07 0 0)
(-2.79793e-07 0 0)
(-2.79793e-07 0 0)
(-2.79793e-07 0 0)
(-2.79793e-07 0 0)
(-2.79793e-07 0 0)
(-2.79793e-07 0 0)
(-2.79793e-07 0 0)
(-2.79793e-07 0 0)
(-2.79793e-07 0 0)
(-2.79793e-07 0 0)
(-2.79793e-07 0 0)
(-2.79793e-07 0 0)
(-2.79793e-07 0 0)
(-2.79793e-07 0 0)
(-2.79793e-07 0 0)
(-2.79793e-07 0 0)
(-2.79793e-07 0 0)
(-2.79793e-07 0 0)
(-2.79793e-07 0 0)
(-2.79793e-07 0 0)
(-2.79795e-07 0 0)
(-2.79795e-07 -6.51373e-23 4.32199e-38)
(-2.79795e-07 -6.51373e-23 -4.32199e-38)
(-2.79795e-07 1.27069e-22 -1.81131e-37)
(-2.79795e-07 1.23863e-22 1.76386e-37)
(-2.79795e-07 0 0)
(-2.79795e-07 0 0)
(-2.79795e-07 0 0)
(-2.79795e-07 0 0)
(-2.79795e-07 0 0)
(-2.79795e-07 0 0)
(-2.79795e-07 0 0)
(-2.79795e-07 0 0)
(-2.79795e-07 0 0)
(-2.79795e-07 0 0)
(-2.79795e-07 0 0)
(-2.79795e-07 0 0)
(-2.79795e-07 0 0)
(-2.79795e-07 0 0)
(-2.79795e-07 0 0)
(-2.79795e-07 0 0)
(-2.79795e-07 0 0)
(-2.79795e-07 0 0)
(-2.79795e-07 0 0)
(-2.79795e-07 0 0)
(-2.79795e-07 0 0)
(-2.79795e-07 0 0)
(-2.79795e-07 0 0)
(-2.79795e-07 0 0)
(-2.79795e-07 0 0)
(-2.79795e-07 0 0)
(-2.79795e-07 0 0)
(-2.79795e-07 1.27069e-22 -1.81131e-37)
(-2.79795e-07 1.27069e-22 1.81131e-37)
(-2.79795e-07 0 0)
(-2.79795e-07 0 0)
(-2.79795e-07 0 0)
(-2.79795e-07 0 0)
(-2.79795e-07 0 0)
(-2.79795e-07 0 0)
(-2.79795e-07 0 0)
(-2.79795e-07 0 0)
(-2.79795e-07 0 0)
(-2.79795e-07 0 0)
(-2.79795e-07 0 0)
(-2.79795e-07 0 0)
(-2.79795e-07 0 0)
(-2.79795e-07 0 0)
(-2.79795e-07 0 0)
(-2.79795e-07 0 0)
(-2.79795e-07 0 0)
(-2.79795e-07 0 0)
(-2.79795e-07 0 0)
(-2.79795e-07 0 0)
(-2.79795e-07 0 0)
(-2.79795e-07 0 0)
(-2.79795e-07 0 0)
(-2.79795e-07 0 0)
(-2.79795e-07 0 0)
(-2.79795e-07 0 0)
(-2.79796e-07 0 0)
(-2.79796e-07 0 0)
(-2.79796e-07 0 0)
(-2.79796e-07 -1.26439e-22 1.91753e-37)
(-2.79796e-07 -1.23248e-22 -1.87031e-37)
(-2.79796e-07 0 0)
(-2.79796e-07 0 0)
(-2.79796e-07 0 0)
(-2.79796e-07 0 0)
(-2.79796e-07 0 0)
(-2.79796e-07 0 0)
(-2.79796e-07 0 0)
(-2.79796e-07 0 0)
(-2.79796e-07 0 0)
(-2.79796e-07 0 0)
(-2.79796e-07 0 0)
(-2.79796e-07 0 0)
(-2.79796e-07 0 0)
(-2.79796e-07 0 0)
(-2.79796e-07 0 0)
(-2.79796e-07 0 0)
(-2.79796e-07 0 0)
(-2.79796e-07 0 0)
(-2.79796e-07 0 0)
(-2.79796e-07 0 0)
(-2.79796e-07 0 0)
(-2.79796e-07 0 0)
(-2.79796e-07 0 0)
(-2.79796e-07 0 0)
(-2.79796e-07 0 0)
(-2.79796e-07 0 0)
(-2.79796e-07 0 0)
(-2.79796e-07 -1.26439e-22 1.91753e-37)
(-2.79796e-07 -1.26439e-22 -1.91753e-37)
(-2.79796e-07 0 0)
(-2.79796e-07 0 0)
(-2.79796e-07 0 0)
(-2.79796e-07 0 0)
(-2.79796e-07 0 0)
(-2.79796e-07 0 0)
(-2.79796e-07 0 0)
(-2.79796e-07 0 0)
(-2.79796e-07 0 0)
(-2.79796e-07 0 0)
(-2.79796e-07 0 0)
(-2.79796e-07 0 0)
(-2.79796e-07 0 0)
(-2.79796e-07 0 0)
(-2.79796e-07 0 0)
(-2.79796e-07 0 0)
(-2.79796e-07 0 0)
(-2.79796e-07 0 0)
(-2.79796e-07 0 0)
(-2.79796e-07 0 0)
(-2.79796e-07 0 0)
(-2.79796e-07 0 0)
(-2.79796e-07 0 0)
(-2.79796e-07 0 0)
(-2.79796e-07 0 0)
(-2.79796e-07 0 0)
(-2.79797e-07 0 0)
(-2.79797e-07 0 0)
(-2.79797e-07 0 0)
(-2.79797e-07 0 0)
(-2.79797e-07 -6.12842e-23 -4.29293e-38)
(-2.79797e-07 0 0)
(-2.79797e-07 6.12842e-23 4.92929e-38)
(-2.79797e-07 0 0)
(-2.79797e-07 0 0)
(-2.79797e-07 0 0)
(-2.79797e-07 0 0)
(-2.79797e-07 0 0)
(-2.79797e-07 0 0)
(-2.79797e-07 0 0)
(-2.79797e-07 0 0)
(-2.79797e-07 0 0)
(-2.79797e-07 0 0)
(-2.79797e-07 -6.12842e-23 -4.29293e-38)
(-2.79797e-07 6.12842e-23 -1.38333e-37)
(-2.79797e-07 1.22568e-22 1.84444e-37)
(-2.79797e-07 0 0)
(-2.79797e-07 -6.12842e-23 -4.29293e-38)
(-2.79797e-07 -6.44567e-23 4.52774e-38)
(-2.79797e-07 0 0)
(-2.79797e-07 1.22568e-22 -1.84444e-37)
(-2.79797e-07 1.22568e-22 1.84444e-37)
(-2.79797e-07 0 0)
(-2.79797e-07 -6.12842e-23 -4.29293e-38)
(-2.79797e-07 -6.44567e-23 4.52774e-38)
(-2.79797e-07 0 0)
(-2.79797e-07 0 0)
(-2.79797e-07 0 0)
(-2.79797e-07 0 0)
(-2.79797e-07 0 0)
(-2.79797e-07 0 0)
(-2.79797e-07 0 0)
(-2.79797e-07 0 0)
(-2.79797e-07 0 0)
(-2.79797e-07 0 0)
(-2.79797e-07 0 0)
(-2.79797e-07 0 0)
(-2.79797e-07 -6.12842e-23 -4.29293e-38)
(-2.79797e-07 -6.44567e-23 4.52774e-38)
(-2.79797e-07 0 0)
(-2.79797e-07 0 0)
(-2.79797e-07 0 0)
(-2.79797e-07 0 0)
(-2.79797e-07 0 0)
(-2.79797e-07 -6.12842e-23 -4.29293e-38)
(-2.79797e-07 -6.44567e-23 4.52774e-38)
(-2.79797e-07 0 0)
(-2.79797e-07 0 0)
(-2.79797e-07 0 0)
(-2.79797e-07 0 0)
(-2.79797e-07 1.25741e-22 -1.89141e-37)
(-2.79797e-07 1.25741e-22 1.89141e-37)
(-2.79797e-07 0 0)
(-2.79797e-07 0 0)
(-2.79797e-07 -6.12842e-23 -4.29293e-38)
(-2.79797e-07 -6.44567e-23 4.84592e-38)
(-2.79799e-07 0 0)
(-2.79799e-07 0 0)
(-2.79799e-07 1.24967e-22 -1.79976e-37)
(-2.79799e-07 1.21814e-22 1.75309e-37)
(-2.79799e-07 6.09069e-23 4.53985e-38)
(-2.79799e-07 0 0)
(-2.79799e-07 -6.09069e-23 -4.85413e-38)
(-2.79799e-07 0 0)
(-2.79799e-07 0 0)
(-2.79799e-07 0 0)
(-2.79799e-07 0 0)
(-2.79799e-07 0 0)
(-2.79799e-07 0 0)
(-2.79799e-07 0 0)
(-2.79799e-07 0 0)
(-2.79799e-07 0 0)
(-2.79799e-07 0 0)
(-2.79799e-07 1.85874e-22 -1.38529e-37)
(-2.79799e-07 6.09069e-23 -3.9113e-38)
(-2.79799e-07 -1.21814e-22 -1.75309e-37)
(-2.79799e-07 0 0)
(-2.79799e-07 1.82721e-22 -1.36196e-37)
(-2.79799e-07 1.24967e-22 1.92547e-37)
(-2.79799e-07 -6.09069e-23 4.53985e-38)
(-2.79799e-07 -1.21814e-22 1.75309e-37)
(-2.79799e-07 -1.21814e-22 -1.75309e-37)
(-2.79799e-07 0 0)
(-2.79799e-07 6.09069e-23 4.53985e-38)
(-2.79799e-07 6.40599e-23 -4.77322e-38)
(-2.79799e-07 0 0)
(-2.79799e-07 1.24967e-22 -1.79976e-37)
(-2.79799e-07 1.24967e-22 1.79976e-37)
(-2.79799e-07 0 0)
(-2.79799e-07 0 0)
(-2.79799e-07 0 0)
(-2.79799e-07 0 0)
(-2.79799e-07 0 0)
(-2.79799e-07 0 0)
(-2.79799e-07 0 0)
(-2.79799e-07 0 0)
(-2.79799e-07 0 0)
(-2.79799e-07 6.09069e-23 4.53985e-38)
(-2.79799e-07 6.40599e-23 -4.77322e-38)
(-2.79799e-07 0 0)
(-2.79799e-07 0 0)
(-2.79799e-07 1.24967e-22 -1.79976e-37)
(-2.79799e-07 1.24967e-22 1.79976e-37)
(-2.79799e-07 0 0)
(-2.79799e-07 6.09069e-23 4.53985e-38)
(-2.79799e-07 6.40599e-23 -4.77322e-38)
(-2.79799e-07 0 0)
(-2.79799e-07 0 0)
(-2.79799e-07 0 0)
(-2.79799e-07 0 0)
(-2.79799e-07 -1.24967e-22 1.79976e-37)
(-2.79799e-07 -1.24967e-22 -1.79976e-37)
(-2.79799e-07 0 0)
(-2.79799e-07 0 0)
(-2.79799e-07 6.09069e-23 4.53985e-38)
(-2.79799e-07 6.40599e-23 -4.77322e-38)
(-2.79801e-07 0 0)
(-2.79801e-07 0 0)
(-2.79801e-07 -1.81461e-22 1.33835e-37)
(-2.79801e-07 -2.45079e-22 -3.61529e-37)
(-2.79801e-07 -6.36183e-23 4.69293e-38)
(-2.79801e-07 0 0)
(-2.79801e-07 0 0)
(-2.79801e-07 0 0)
(-2.79801e-07 0 0)
(-2.79801e-07 0 0)
(-2.79801e-07 0 0)
(-2.79801e-07 0 0)
(-2.79801e-07 -6.0487e-23 -4.46117e-38)
(-2.79801e-07 -1.20974e-22 0)
(-2.79801e-07 -6.0487e-23 4.46117e-38)
(-2.79801e-07 0 0)
(-2.79801e-07 0 0)
(-2.79801e-07 -1.24105e-22 1.89281e-37)
(-2.79801e-07 -1.20974e-22 -1.84646e-37)
(-2.79801e-07 1.20974e-22 -1.78447e-37)
(-2.79801e-07 1.20974e-22 1.78447e-37)
(-2.79801e-07 -1.20974e-22 1.84646e-37)
(-2.79801e-07 -6.0487e-23 -1.33835e-37)
(-2.79801e-07 6.0487e-23 -4.46117e-38)
(-2.79801e-07 1.20974e-22 -1.78447e-37)
(-2.79801e-07 1.20974e-22 1.78447e-37)
(-2.79801e-07 0 0)
(-2.79801e-07 1.24105e-22 -1.83082e-37)
(-2.79801e-07 1.24105e-22 1.83082e-37)
(-2.79801e-07 0 0)
(-2.79801e-07 -1.24105e-22 1.89281e-37)
(-2.79801e-07 -1.24105e-22 -1.89281e-37)
(-2.79801e-07 -6.0487e-23 -4.46117e-38)
(-2.79801e-07 -6.36183e-23 4.69293e-38)
(-2.79801e-07 0 0)
(-2.79801e-07 0 0)
(-2.79801e-07 0 0)
(-2.79801e-07 0 0)
(-2.79801e-07 0 0)
(-2.79801e-07 0 0)
(-2.79801e-07 0 0)
(-2.79801e-07 0 0)
(-2.79801e-07 0 0)
(-2.79801e-07 0 0)
(-2.79801e-07 0 0)
(-2.79801e-07 -1.24105e-22 1.89281e-37)
(-2.79801e-07 -1.84592e-22 -4.17757e-37)
(-2.79801e-07 -6.36183e-23 4.69293e-38)
(-2.79801e-07 0 0)
(-2.79801e-07 0 0)
(-2.79801e-07 0 0)
(-2.79801e-07 0 0)
(-2.79801e-07 0 0)
(-2.79801e-07 0 0)
(-2.79801e-07 0 0)
(-2.79801e-07 -6.0487e-23 -4.46117e-38)
(-2.79801e-07 -6.36183e-23 4.69293e-38)
(-2.79801e-07 0 0)
(-2.79801e-07 -6.0487e-23 -4.46117e-38)
(-2.79801e-07 -6.36183e-23 4.69293e-38)
(-2.79803e-07 -3.36745e-12 0)
(-2.79803e-07 -3.36745e-12 0)
(-2.79803e-07 -3.36745e-12 -2.62306e-27)
(-2.79803e-07 -3.36745e-12 0)
(-2.79803e-07 -3.36745e-12 2.62306e-27)
(-2.79803e-07 -3.36745e-12 0)
(-2.79803e-07 -3.36745e-12 0)
(-2.79803e-07 -3.36745e-12 0)
(-2.79803e-07 -3.36745e-12 0)
(-2.79803e-07 -3.36745e-12 0)
(-2.79803e-07 -3.36745e-12 0)
(-2.79803e-07 -3.36745e-12 0)
(-2.79803e-07 -3.36745e-12 -2.62306e-27)
(-2.79803e-07 -3.36745e-12 0)
(-2.79803e-07 -3.36745e-12 2.62306e-27)
(-2.79803e-07 -3.36745e-12 0)
(-2.79803e-07 -3.36745e-12 0)
(-2.79803e-07 -3.36745e-12 0)
(-2.79803e-07 -3.36745e-12 0)
(-2.79803e-07 -3.36745e-12 4.90958e-27)
(-2.79803e-07 -3.36745e-12 -4.90959e-27)
(-2.79803e-07 -3.36745e-12 0)
(-2.79803e-07 -3.36745e-12 0)
(-2.79803e-07 -3.36745e-12 0)
(-2.79803e-07 -3.36745e-12 4.90958e-27)
(-2.79803e-07 -3.36745e-12 -4.90959e-27)
(-2.79803e-07 -3.36745e-12 0)
(-2.79803e-07 -3.36745e-12 4.90958e-27)
(-2.79803e-07 -3.36745e-12 -4.90959e-27)
(-2.79803e-07 -3.36745e-12 0)
(-2.79803e-07 -3.36745e-12 0)
(-2.79803e-07 -3.36745e-12 0)
(-2.79803e-07 -3.36745e-12 -2.62306e-27)
(-2.79803e-07 -3.36745e-12 2.62306e-27)
(-2.79803e-07 -3.36745e-12 0)
(-2.79803e-07 -3.36745e-12 0)
(-2.79803e-07 -3.36745e-12 0)
(-2.79803e-07 -3.36745e-12 0)
(-2.79803e-07 -3.36745e-12 0)
(-2.79803e-07 -3.36745e-12 0)
(-2.79803e-07 -3.36745e-12 0)
(-2.79803e-07 -3.36745e-12 0)
(-2.79803e-07 -3.36745e-12 0)
(-2.79803e-07 -3.36745e-12 0)
(-2.79803e-07 -3.36745e-12 0)
(-2.79803e-07 -3.36745e-12 0)
(-2.79803e-07 -3.36745e-12 -2.62306e-27)
(-2.79803e-07 -3.36745e-12 2.62306e-27)
(-2.79803e-07 -3.36745e-12 0)
(-2.79803e-07 -3.36745e-12 0)
(-2.79803e-07 -3.36745e-12 0)
(-2.79803e-07 -3.36745e-12 0)
(-2.79803e-07 -3.36745e-12 0)
(-2.79803e-07 -3.36745e-12 0)
(-2.79803e-07 -3.36745e-12 0)
(-2.79803e-07 -3.36745e-12 -2.62306e-27)
(-2.79803e-07 -3.36745e-12 2.62306e-27)
(-2.79803e-07 -3.36745e-12 0)
(-2.79803e-07 -3.36745e-12 -2.62306e-27)
(-2.79803e-07 -3.36745e-12 2.79133e-27)
(-2.79746e-07 4.43044e-09 2.18583e-25)
(-2.79746e-07 4.43044e-09 -4.76698e-27)
(-2.79746e-07 4.43044e-09 -4.76698e-27)
(-2.79746e-07 4.43044e-09 -4.76698e-27)
(-2.79746e-07 4.43044e-09 -4.76698e-27)
(-2.79746e-07 4.43044e-09 -4.76698e-27)
(-2.79746e-07 4.43044e-09 -4.76698e-27)
(-2.79746e-07 4.43044e-09 -4.76698e-27)
(-2.79746e-07 4.43044e-09 -4.76698e-27)
(-2.79746e-07 4.43044e-09 -4.76698e-27)
(-2.79746e-07 4.43044e-09 -4.76698e-27)
(-2.79746e-07 4.43044e-09 -4.76698e-27)
(-2.79746e-07 4.43044e-09 -4.76698e-27)
(-2.79746e-07 4.43044e-09 -4.76698e-27)
(-2.79746e-07 4.43044e-09 -4.76698e-27)
(-2.79746e-07 4.43044e-09 -4.76698e-27)
(-2.79746e-07 4.43044e-09 -4.76698e-27)
(-2.79746e-07 4.43044e-09 -4.76698e-27)
(-2.79746e-07 4.43044e-09 -4.76698e-27)
(-2.79746e-07 4.43044e-09 -4.76698e-27)
(-2.79746e-07 4.43044e-09 -4.76698e-27)
(-2.79746e-07 4.43044e-09 -4.76698e-27)
(-2.79746e-07 4.43044e-09 -4.76698e-27)
(-2.79746e-07 4.43044e-09 -4.76698e-27)
(-2.79746e-07 4.43044e-09 -4.76698e-27)
(-2.79746e-07 4.43044e-09 -4.76698e-27)
(-2.79746e-07 4.43044e-09 -4.76698e-27)
(-2.79746e-07 4.43044e-09 -4.76698e-27)
(-2.79746e-07 4.43044e-09 -4.76698e-27)
(-2.79746e-07 4.43044e-09 -4.76698e-27)
(-2.79746e-07 4.43044e-09 -4.76698e-27)
(-2.79746e-07 4.43044e-09 -4.76698e-27)
(-2.79746e-07 4.43044e-09 -4.76698e-27)
(-2.79746e-07 4.43044e-09 -4.76698e-27)
(-2.79746e-07 4.43044e-09 -4.76698e-27)
(-2.79746e-07 4.43044e-09 -4.76698e-27)
(-2.79746e-07 4.43044e-09 -4.76698e-27)
(-2.79746e-07 4.43044e-09 -4.76698e-27)
(-2.79746e-07 4.43044e-09 -4.76698e-27)
(-2.79746e-07 4.43044e-09 -4.76698e-27)
(-2.79746e-07 4.43044e-09 -4.76698e-27)
(-2.79746e-07 4.43044e-09 -4.76698e-27)
(-2.79746e-07 4.43044e-09 -4.76698e-27)
(-2.79746e-07 4.43044e-09 -4.76698e-27)
(-2.79746e-07 4.43044e-09 -4.76698e-27)
(-2.79746e-07 4.43044e-09 -4.76698e-27)
(-2.79746e-07 4.43044e-09 -4.76698e-27)
(-2.79746e-07 4.43044e-09 -4.76698e-27)
(-2.79746e-07 4.43044e-09 -4.76698e-27)
(-2.79746e-07 4.43044e-09 -4.76698e-27)
(-2.79746e-07 4.43044e-09 -4.76698e-27)
(-2.79746e-07 4.43044e-09 -4.76698e-27)
(-2.79746e-07 4.43044e-09 -4.76698e-27)
(-2.79746e-07 4.43044e-09 -4.76698e-27)
(-2.79746e-07 4.43044e-09 -4.76698e-27)
(-2.79746e-07 4.43044e-09 -4.76698e-27)
(-2.79746e-07 4.43044e-09 -4.76698e-27)
(-2.79746e-07 4.43044e-09 -4.76698e-27)
(-2.79746e-07 4.43044e-09 -4.76698e-27)
(-2.79746e-07 4.43044e-09 -4.76698e-27)
(-2.82956e-07 1.31451e-08 0)
(-2.82956e-07 1.31451e-08 0)
(-2.82956e-07 1.31451e-08 0)
(-2.82956e-07 1.31451e-08 0)
(-2.82956e-07 1.31451e-08 0)
(-2.82956e-07 1.31451e-08 0)
(-2.82956e-07 1.31451e-08 0)
(-2.82956e-07 1.31451e-08 0)
(-2.82956e-07 1.31451e-08 0)
(-2.82956e-07 1.31451e-08 0)
(-2.82956e-07 1.31451e-08 0)
(-2.82956e-07 1.31451e-08 0)
(-2.82956e-07 1.31451e-08 0)
(-2.82956e-07 1.31451e-08 0)
(-2.82956e-07 1.31451e-08 0)
(-2.82956e-07 1.31451e-08 0)
(-2.82956e-07 1.31451e-08 0)
(-2.82956e-07 1.31451e-08 0)
(-2.82956e-07 1.31451e-08 0)
(-2.82956e-07 1.31451e-08 0)
(-2.82956e-07 1.31451e-08 0)
(-2.82956e-07 1.31451e-08 0)
(-2.82956e-07 1.31451e-08 0)
(-2.82956e-07 1.31451e-08 0)
(-2.82956e-07 1.31451e-08 0)
(-2.82956e-07 1.31451e-08 0)
(-2.82956e-07 1.31451e-08 0)
(-2.82956e-07 1.31451e-08 0)
(-2.82956e-07 1.31451e-08 0)
(-2.82956e-07 1.31451e-08 0)
(-2.82956e-07 1.31451e-08 0)
(-2.82956e-07 1.31451e-08 0)
(-2.82956e-07 1.31451e-08 0)
(-2.82956e-07 1.31451e-08 0)
(-2.82956e-07 1.31451e-08 0)
(-2.82956e-07 1.31451e-08 0)
(-2.82956e-07 1.31451e-08 0)
(-2.82956e-07 1.31451e-08 0)
(-2.82956e-07 1.31451e-08 0)
(-2.82956e-07 1.31451e-08 0)
(-2.82956e-07 1.31451e-08 0)
(-2.82956e-07 1.31451e-08 0)
(-2.82956e-07 1.31451e-08 0)
(-2.82956e-07 1.31451e-08 0)
(-2.82956e-07 1.31451e-08 0)
(-2.82956e-07 1.31451e-08 0)
(-2.82956e-07 1.31451e-08 0)
(-2.82956e-07 1.31451e-08 0)
(-2.82956e-07 1.31451e-08 0)
(-2.82956e-07 1.31451e-08 0)
(-2.82956e-07 1.31451e-08 0)
(-2.82956e-07 1.31451e-08 0)
(-2.82956e-07 1.31451e-08 0)
(-2.82956e-07 1.31451e-08 0)
(-2.82956e-07 1.31451e-08 0)
(-2.82956e-07 1.31451e-08 0)
(-2.82956e-07 1.31451e-08 0)
(-2.82956e-07 1.31451e-08 0)
(-2.82956e-07 1.31451e-08 0)
(-2.82956e-07 1.31451e-08 0)
(-2.90215e-07 2.11826e-08 0)
(-2.90215e-07 2.11826e-08 0)
(-2.90215e-07 2.11826e-08 0)
(-2.90215e-07 2.11826e-08 0)
(-2.90215e-07 2.11826e-08 0)
(-2.90215e-07 2.11826e-08 0)
(-2.90215e-07 2.11826e-08 0)
(-2.90215e-07 2.11826e-08 0)
(-2.90215e-07 2.11826e-08 0)
(-2.90215e-07 2.11826e-08 0)
(-2.90215e-07 2.11826e-08 0)
(-2.90215e-07 2.11826e-08 0)
(-2.90215e-07 2.11826e-08 0)
(-2.90215e-07 2.11826e-08 0)
(-2.90215e-07 2.11826e-08 0)
(-2.90215e-07 2.11826e-08 0)
(-2.90215e-07 2.11826e-08 0)
(-2.90215e-07 2.11826e-08 0)
(-2.90215e-07 2.11826e-08 0)
(-2.90215e-07 2.11826e-08 0)
(-2.90215e-07 2.11826e-08 0)
(-2.90215e-07 2.11826e-08 0)
(-2.90215e-07 2.11826e-08 0)
(-2.90215e-07 2.11826e-08 0)
(-2.90215e-07 2.11826e-08 0)
(-2.90215e-07 2.11826e-08 0)
(-2.90215e-07 2.11826e-08 0)
(-2.90215e-07 2.11826e-08 0)
(-2.90215e-07 2.11826e-08 0)
(-2.90215e-07 2.11826e-08 0)
(-2.90215e-07 2.11826e-08 0)
(-2.90215e-07 2.11826e-08 0)
(-2.90215e-07 2.11826e-08 0)
(-2.90215e-07 2.11826e-08 0)
(-2.90215e-07 2.11826e-08 0)
(-2.90215e-07 2.11826e-08 0)
(-2.90215e-07 2.11826e-08 0)
(-2.90215e-07 2.11826e-08 0)
(-2.90215e-07 2.11826e-08 0)
(-2.90215e-07 2.11826e-08 0)
(-2.90215e-07 2.11826e-08 0)
(-2.90215e-07 2.11826e-08 0)
(-2.90215e-07 2.11826e-08 0)
(-2.90215e-07 2.11826e-08 0)
(-2.90215e-07 2.11826e-08 0)
(-2.90215e-07 2.11826e-08 0)
(-2.90215e-07 2.11826e-08 0)
(-2.90215e-07 2.11826e-08 0)
(-2.90215e-07 2.11826e-08 0)
(-2.90215e-07 2.11826e-08 0)
(-2.90215e-07 2.11826e-08 0)
(-2.90215e-07 2.11826e-08 0)
(-2.90215e-07 2.11826e-08 0)
(-2.90215e-07 2.11826e-08 0)
(-2.90215e-07 2.11826e-08 0)
(-2.90215e-07 2.11826e-08 0)
(-2.90215e-07 2.11826e-08 0)
(-2.90215e-07 2.11826e-08 0)
(-2.90215e-07 2.11826e-08 0)
(-2.90215e-07 2.11826e-08 1.13264e-24)
(-3.01192e-07 2.8502e-08 -1.34249e-25)
(-3.01192e-07 2.8502e-08 -1.34249e-25)
(-3.01192e-07 2.8502e-08 -1.34249e-25)
(-3.01192e-07 2.8502e-08 -1.34249e-25)
(-3.01192e-07 2.8502e-08 -1.34249e-25)
(-3.01192e-07 2.8502e-08 -1.34249e-25)
(-3.01192e-07 2.8502e-08 -1.34249e-25)
(-3.01192e-07 2.8502e-08 -1.34249e-25)
(-3.01192e-07 2.8502e-08 -1.34249e-25)
(-3.01192e-07 2.8502e-08 -1.34249e-25)
(-3.01192e-07 2.8502e-08 -1.34249e-25)
(-3.01192e-07 2.8502e-08 -1.34249e-25)
(-3.01192e-07 2.8502e-08 -1.34249e-25)
(-3.01192e-07 2.8502e-08 -1.34249e-25)
(-3.01192e-07 2.8502e-08 -1.34249e-25)
(-3.01192e-07 2.8502e-08 -1.34249e-25)
(-3.01192e-07 2.8502e-08 -1.34249e-25)
(-3.01192e-07 2.8502e-08 -1.34249e-25)
(-3.01192e-07 2.8502e-08 -1.34249e-25)
(-3.01192e-07 2.8502e-08 -1.34249e-25)
(-3.01192e-07 2.8502e-08 -1.34249e-25)
(-3.01192e-07 2.8502e-08 -1.34249e-25)
(-3.01192e-07 2.8502e-08 -1.34249e-25)
(-3.01192e-07 2.8502e-08 -1.34249e-25)
(-3.01192e-07 2.8502e-08 -1.34249e-25)
(-3.01192e-07 2.8502e-08 -1.34249e-25)
(-3.01192e-07 2.8502e-08 -1.34249e-25)
(-3.01192e-07 2.8502e-08 -1.34249e-25)
(-3.01192e-07 2.8502e-08 -1.34249e-25)
(-3.01192e-07 2.8502e-08 -1.34249e-25)
(-3.01192e-07 2.8502e-08 -1.34249e-25)
(-3.01192e-07 2.8502e-08 -1.34249e-25)
(-3.01192e-07 2.8502e-08 -1.34249e-25)
(-3.01192e-07 2.8502e-08 -1.34249e-25)
(-3.01192e-07 2.8502e-08 -1.34249e-25)
(-3.01192e-07 2.8502e-08 -1.34249e-25)
(-3.01192e-07 2.8502e-08 -1.34249e-25)
(-3.01192e-07 2.8502e-08 -1.34249e-25)
(-3.01192e-07 2.8502e-08 -1.34249e-25)
(-3.01192e-07 2.8502e-08 -1.34249e-25)
(-3.01192e-07 2.8502e-08 -1.34249e-25)
(-3.01192e-07 2.8502e-08 -1.34249e-25)
(-3.01192e-07 2.8502e-08 -1.34249e-25)
(-3.01192e-07 2.8502e-08 -1.34249e-25)
(-3.01192e-07 2.8502e-08 -1.34249e-25)
(-3.01192e-07 2.8502e-08 -1.34249e-25)
(-3.01192e-07 2.8502e-08 -1.34249e-25)
(-3.01192e-07 2.8502e-08 -1.34249e-25)
(-3.01192e-07 2.8502e-08 -1.34249e-25)
(-3.01192e-07 2.8502e-08 -1.34249e-25)
(-3.01192e-07 2.8502e-08 -1.34249e-25)
(-3.01192e-07 2.8502e-08 -1.34249e-25)
(-3.01192e-07 2.8502e-08 -1.34249e-25)
(-3.01192e-07 2.8502e-08 -1.34249e-25)
(-3.01192e-07 2.8502e-08 -1.34249e-25)
(-3.01192e-07 2.8502e-08 -1.34249e-25)
(-3.01192e-07 2.8502e-08 -1.34249e-25)
(-3.01192e-07 2.8502e-08 -1.34249e-25)
(-3.01192e-07 2.8502e-08 -1.34249e-25)
(-3.01192e-07 2.8502e-08 -1.34249e-25)
(-3.15386e-07 3.51225e-08 0)
(-3.15386e-07 3.51225e-08 0)
(-3.15386e-07 3.51225e-08 0)
(-3.15386e-07 3.51225e-08 0)
(-3.15386e-07 3.51225e-08 0)
(-3.15386e-07 3.51225e-08 0)
(-3.15386e-07 3.51225e-08 0)
(-3.15386e-07 3.51225e-08 0)
(-3.15386e-07 3.51225e-08 0)
(-3.15386e-07 3.51225e-08 0)
(-3.15386e-07 3.51225e-08 0)
(-3.15386e-07 3.51225e-08 0)
(-3.15386e-07 3.51225e-08 0)
(-3.15386e-07 3.51225e-08 0)
(-3.15386e-07 3.51225e-08 0)
(-3.15386e-07 3.51225e-08 0)
(-3.15386e-07 3.51225e-08 0)
(-3.15386e-07 3.51225e-08 0)
(-3.15386e-07 3.51225e-08 0)
(-3.15386e-07 3.51225e-08 0)
(-3.15386e-07 3.51225e-08 0)
(-3.15386e-07 3.51225e-08 0)
(-3.15386e-07 3.51225e-08 0)
(-3.15386e-07 3.51225e-08 0)
(-3.15386e-07 3.51225e-08 0)
(-3.15386e-07 3.51225e-08 0)
(-3.15386e-07 3.51225e-08 0)
(-3.15386e-07 3.51225e-08 0)
(-3.15386e-07 3.51225e-08 0)
(-3.15386e-07 3.51225e-08 0)
(-3.15386e-07 3.51225e-08 0)
(-3.15386e-07 3.51225e-08 0)
(-3.15386e-07 3.51225e-08 0)
(-3.15386e-07 3.51225e-08 0)
(-3.15386e-07 3.51225e-08 0)
(-3.15386e-07 3.51225e-08 0)
(-3.15386e-07 3.51225e-08 0)
(-3.15386e-07 3.51225e-08 0)
(-3.15386e-07 3.51225e-08 0)
(-3.15386e-07 3.51225e-08 0)
(-3.15386e-07 3.51225e-08 0)
(-3.15386e-07 3.51225e-08 0)
(-3.15386e-07 3.51225e-08 0)
(-3.15386e-07 3.51225e-08 0)
(-3.15386e-07 3.51225e-08 0)
(-3.15386e-07 3.51225e-08 0)
(-3.15386e-07 3.51225e-08 0)
(-3.15386e-07 3.51225e-08 0)
(-3.15386e-07 3.51225e-08 0)
(-3.15386e-07 3.51225e-08 0)
(-3.15386e-07 3.51225e-08 0)
(-3.15386e-07 3.51225e-08 0)
(-3.15386e-07 3.51225e-08 0)
(-3.15386e-07 3.51225e-08 0)
(-3.15386e-07 3.51225e-08 0)
(-3.15386e-07 3.51225e-08 0)
(-3.15386e-07 3.51225e-08 0)
(-3.15386e-07 3.51225e-08 0)
(-3.15386e-07 3.51225e-08 0)
(-3.15386e-07 3.51225e-08 0)
(-3.32215e-07 4.10981e-08 2.41916e-24)
(-3.32215e-07 4.10981e-08 0)
(-3.32215e-07 4.10981e-08 0)
(-3.32215e-07 4.10981e-08 0)
(-3.32215e-07 4.10981e-08 0)
(-3.32215e-07 4.10981e-08 0)
(-3.32215e-07 4.10981e-08 0)
(-3.32215e-07 4.10981e-08 0)
(-3.32215e-07 4.10981e-08 0)
(-3.32215e-07 4.10981e-08 0)
(-3.32215e-07 4.10981e-08 0)
(-3.32215e-07 4.10981e-08 0)
(-3.32215e-07 4.10981e-08 0)
(-3.32215e-07 4.10981e-08 0)
(-3.32215e-07 4.10981e-08 0)
(-3.32215e-07 4.10981e-08 0)
(-3.32215e-07 4.10981e-08 0)
(-3.32215e-07 4.10981e-08 0)
(-3.32215e-07 4.10981e-08 0)
(-3.32215e-07 4.10981e-08 0)
(-3.32215e-07 4.10981e-08 0)
(-3.32215e-07 4.10981e-08 0)
(-3.32215e-07 4.10981e-08 0)
(-3.32215e-07 4.10981e-08 0)
(-3.32215e-07 4.10981e-08 0)
(-3.32215e-07 4.10981e-08 0)
(-3.32215e-07 4.10981e-08 0)
(-3.32215e-07 4.10981e-08 0)
(-3.32215e-07 4.10981e-08 0)
(-3.32215e-07 4.10981e-08 0)
(-3.32215e-07 4.10981e-08 0)
(-3.32215e-07 4.10981e-08 0)
(-3.32215e-07 4.10981e-08 0)
(-3.32215e-07 4.10981e-08 0)
(-3.32215e-07 4.10981e-08 0)
(-3.32215e-07 4.10981e-08 0)
(-3.32215e-07 4.10981e-08 0)
(-3.32215e-07 4.10981e-08 0)
(-3.32215e-07 4.10981e-08 0)
(-3.32215e-07 4.10981e-08 0)
(-3.32215e-07 4.10981e-08 0)
(-3.32215e-07 4.10981e-08 0)
(-3.32215e-07 4.10981e-08 0)
(-3.32215e-07 4.10981e-08 0)
(-3.32215e-07 4.10981e-08 0)
(-3.32215e-07 4.10981e-08 0)
(-3.32215e-07 4.10981e-08 0)
(-3.32215e-07 4.10981e-08 0)
(-3.32215e-07 4.10981e-08 0)
(-3.32215e-07 4.10981e-08 0)
(-3.32215e-07 4.10981e-08 0)
(-3.32215e-07 4.10981e-08 0)
(-3.32215e-07 4.10981e-08 0)
(-3.32215e-07 4.10981e-08 0)
(-3.32215e-07 4.10981e-08 0)
(-3.32215e-07 4.10981e-08 0)
(-3.32215e-07 4.10981e-08 0)
(-3.32215e-07 4.10981e-08 0)
(-3.32215e-07 4.10981e-08 0)
(-3.32215e-07 4.10981e-08 0)
(-3.5126e-07 4.64955e-08 -3.30756e-24)
(-3.5126e-07 4.64955e-08 -4.82144e-25)
(-3.5126e-07 4.64955e-08 -4.82144e-25)
(-3.5126e-07 4.64955e-08 -4.82144e-25)
(-3.5126e-07 4.64955e-08 -4.82144e-25)
(-3.5126e-07 4.64955e-08 -4.82144e-25)
(-3.5126e-07 4.64955e-08 -4.82144e-25)
(-3.5126e-07 4.64955e-08 -4.82144e-25)
(-3.5126e-07 4.64955e-08 -4.82144e-25)
(-3.5126e-07 4.64955e-08 -4.82144e-25)
(-3.5126e-07 4.64955e-08 -4.82144e-25)
(-3.5126e-07 4.64955e-08 -4.82144e-25)
(-3.5126e-07 4.64955e-08 -4.82144e-25)
(-3.5126e-07 4.64955e-08 -4.82144e-25)
(-3.5126e-07 4.64955e-08 -4.82144e-25)
(-3.5126e-07 4.64955e-08 -4.82144e-25)
(-3.5126e-07 4.64955e-08 -4.82144e-25)
(-3.5126e-07 4.64955e-08 -4.82144e-25)
(-3.5126e-07 4.64955e-08 -4.82144e-25)
(-3.5126e-07 4.64955e-08 -4.82144e-25)
(-3.5126e-07 4.64955e-08 -4.82144e-25)
(-3.5126e-07 4.64955e-08 -4.82144e-25)
(-3.5126e-07 4.64955e-08 -4.82144e-25)
(-3.5126e-07 4.64955e-08 -4.82144e-25)
(-3.5126e-07 4.64955e-08 -4.82144e-25)
(-3.5126e-07 4.64955e-08 -4.82144e-25)
(-3.5126e-07 4.64955e-08 -4.82144e-25)
(-3.5126e-07 4.64955e-08 -4.82144e-25)
(-3.5126e-07 4.64955e-08 -4.82144e-25)
(-3.5126e-07 4.64955e-08 -4.82144e-25)
(-3.5126e-07 4.64955e-08 -4.82144e-25)
(-3.5126e-07 4.64955e-08 -4.82144e-25)
(-3.5126e-07 4.64955e-08 -4.82144e-25)
(-3.5126e-07 4.64955e-08 -4.82144e-25)
(-3.5126e-07 4.64955e-08 -4.82144e-25)
(-3.5126e-07 4.64955e-08 -4.82144e-25)
(-3.5126e-07 4.64955e-08 -4.82144e-25)
(-3.5126e-07 4.64955e-08 -4.82144e-25)
(-3.5126e-07 4.64955e-08 -4.82144e-25)
(-3.5126e-07 4.64955e-08 -4.82144e-25)
(-3.5126e-07 4.64955e-08 -4.82144e-25)
(-3.5126e-07 4.64955e-08 -4.82144e-25)
(-3.5126e-07 4.64955e-08 -4.82144e-25)
(-3.5126e-07 4.64955e-08 -4.82144e-25)
(-3.5126e-07 4.64955e-08 -4.82144e-25)
(-3.5126e-07 4.64955e-08 -4.82144e-25)
(-3.5126e-07 4.64955e-08 -4.82144e-25)
(-3.5126e-07 4.64955e-08 -4.82144e-25)
(-3.5126e-07 4.64955e-08 -4.82144e-25)
(-3.5126e-07 4.64955e-08 -4.82144e-25)
(-3.5126e-07 4.64955e-08 -4.82144e-25)
(-3.5126e-07 4.64955e-08 -4.82144e-25)
(-3.5126e-07 4.64955e-08 -4.82144e-25)
(-3.5126e-07 4.64955e-08 -4.82144e-25)
(-3.5126e-07 4.64955e-08 -4.82144e-25)
(-3.5126e-07 4.64955e-08 -4.82144e-25)
(-3.5126e-07 4.64955e-08 -4.82144e-25)
(-3.5126e-07 4.64955e-08 -4.82144e-25)
(-3.5126e-07 4.64955e-08 -4.82144e-25)
(-3.5126e-07 4.64955e-08 -4.82144e-25)
(-3.70825e-07 5.10666e-08 -5.44887e-25)
(-3.70825e-07 5.10666e-08 2.64854e-24)
(-3.70825e-07 5.10666e-08 2.64854e-24)
(-3.70825e-07 5.10666e-08 2.64854e-24)
(-3.70825e-07 5.10666e-08 2.64854e-24)
(-3.70825e-07 5.10666e-08 2.64854e-24)
(-3.70825e-07 5.10666e-08 2.64854e-24)
(-3.70825e-07 5.10666e-08 2.64854e-24)
(-3.70825e-07 5.10666e-08 2.64854e-24)
(-3.70825e-07 5.10666e-08 2.64854e-24)
(-3.70825e-07 5.10666e-08 2.64854e-24)
(-3.70825e-07 5.10666e-08 2.64854e-24)
(-3.70825e-07 5.10666e-08 2.64854e-24)
(-3.70825e-07 5.10666e-08 2.64854e-24)
(-3.70825e-07 5.10666e-08 2.64854e-24)
(-3.70825e-07 5.10666e-08 2.64854e-24)
(-3.70825e-07 5.10666e-08 2.64854e-24)
(-3.70825e-07 5.10666e-08 2.64854e-24)
(-3.70825e-07 5.10666e-08 2.64854e-24)
(-3.70825e-07 5.10666e-08 2.64854e-24)
(-3.70825e-07 5.10666e-08 2.64854e-24)
(-3.70825e-07 5.10666e-08 2.64854e-24)
(-3.70825e-07 5.10666e-08 2.64854e-24)
(-3.70825e-07 5.10666e-08 2.64854e-24)
(-3.70825e-07 5.10666e-08 2.64854e-24)
(-3.70825e-07 5.10666e-08 2.64854e-24)
(-3.70825e-07 5.10666e-08 2.64854e-24)
(-3.70825e-07 5.10666e-08 2.64854e-24)
(-3.70825e-07 5.10666e-08 2.64854e-24)
(-3.70825e-07 5.10666e-08 2.64854e-24)
(-3.70825e-07 5.10666e-08 2.64854e-24)
(-3.70825e-07 5.10666e-08 2.64854e-24)
(-3.70825e-07 5.10666e-08 2.64854e-24)
(-3.70825e-07 5.10666e-08 2.64854e-24)
(-3.70825e-07 5.10666e-08 2.64854e-24)
(-3.70825e-07 5.10666e-08 2.64854e-24)
(-3.70825e-07 5.10666e-08 2.64854e-24)
(-3.70825e-07 5.10666e-08 2.64854e-24)
(-3.70825e-07 5.10666e-08 2.64854e-24)
(-3.70825e-07 5.10666e-08 2.64854e-24)
(-3.70825e-07 5.10666e-08 2.64854e-24)
(-3.70825e-07 5.10666e-08 2.64854e-24)
(-3.70825e-07 5.10666e-08 2.64854e-24)
(-3.70825e-07 5.10666e-08 2.64854e-24)
(-3.70825e-07 5.10666e-08 2.64854e-24)
(-3.70825e-07 5.10666e-08 2.64854e-24)
(-3.70825e-07 5.10666e-08 2.64854e-24)
(-3.70825e-07 5.10666e-08 2.64854e-24)
(-3.70825e-07 5.10666e-08 2.64854e-24)
(-3.70825e-07 5.10666e-08 2.64854e-24)
(-3.70825e-07 5.10666e-08 2.64854e-24)
(-3.70825e-07 5.10666e-08 2.64854e-24)
(-3.70825e-07 5.10666e-08 2.64854e-24)
(-3.70825e-07 5.10666e-08 2.64854e-24)
(-3.70825e-07 5.10666e-08 2.64854e-24)
(-3.70825e-07 5.10666e-08 2.64854e-24)
(-3.70825e-07 5.10666e-08 2.64854e-24)
(-3.70825e-07 5.10666e-08 2.64854e-24)
(-3.70825e-07 5.10666e-08 2.64854e-24)
(-3.70825e-07 5.10666e-08 5.84196e-24)
(-3.8917e-07 5.47359e-08 3.50417e-24)
(-3.8917e-07 5.47359e-08 0)
(-3.8917e-07 5.47359e-08 0)
(-3.8917e-07 5.47359e-08 0)
(-3.8917e-07 5.47359e-08 0)
(-3.8917e-07 5.47359e-08 0)
(-3.8917e-07 5.47359e-08 0)
(-3.8917e-07 5.47359e-08 0)
(-3.8917e-07 5.47359e-08 0)
(-3.8917e-07 5.47359e-08 0)
(-3.8917e-07 5.47359e-08 0)
(-3.8917e-07 5.47359e-08 0)
(-3.8917e-07 5.47359e-08 0)
(-3.8917e-07 5.47359e-08 0)
(-3.8917e-07 5.47359e-08 0)
(-3.8917e-07 5.47359e-08 0)
(-3.8917e-07 5.47359e-08 0)
(-3.8917e-07 5.47359e-08 0)
(-3.8917e-07 5.47359e-08 0)
(-3.8917e-07 5.47359e-08 0)
(-3.8917e-07 5.47359e-08 0)
(-3.8917e-07 5.47359e-08 0)
(-3.8917e-07 5.47359e-08 0)
(-3.8917e-07 5.47359e-08 0)
(-3.8917e-07 5.47359e-08 0)
(-3.8917e-07 5.47359e-08 0)
(-3.8917e-07 5.47359e-08 0)
(-3.8917e-07 5.47359e-08 0)
(-3.8917e-07 5.47359e-08 0)
(-3.8917e-07 5.47359e-08 0)
(-3.8917e-07 5.47359e-08 0)
(-3.8917e-07 5.47359e-08 0)
(-3.8917e-07 5.47359e-08 0)
(-3.8917e-07 5.47359e-08 0)
(-3.8917e-07 5.47359e-08 0)
(-3.8917e-07 5.47359e-08 0)
(-3.8917e-07 5.47359e-08 0)
(-3.8917e-07 5.47359e-08 0)
(-3.8917e-07 5.47359e-08 0)
(-3.8917e-07 5.47359e-08 0)
(-3.8917e-07 5.47359e-08 0)
(-3.8917e-07 5.47359e-08 0)
(-3.8917e-07 5.47359e-08 0)
(-3.8917e-07 5.47359e-08 0)
(-3.8917e-07 5.47359e-08 0)
(-3.8917e-07 5.47359e-08 0)
(-3.8917e-07 5.47359e-08 0)
(-3.8917e-07 5.47359e-08 0)
(-3.8917e-07 5.47359e-08 0)
(-3.8917e-07 5.47359e-08 0)
(-3.8917e-07 5.47359e-08 0)
(-3.8917e-07 5.47359e-08 0)
(-3.8917e-07 5.47359e-08 0)
(-3.8917e-07 5.47359e-08 0)
(-3.8917e-07 5.47359e-08 0)
(-3.8917e-07 5.47359e-08 0)
(-3.8917e-07 5.47359e-08 0)
(-3.8917e-07 5.47359e-08 0)
(-3.8917e-07 5.47359e-08 0)
(-3.8917e-07 5.47359e-08 -3.50417e-24)
(-4.05781e-07 5.7702e-08 0)
(-4.05781e-07 5.7702e-08 0)
(-4.05781e-07 5.7702e-08 0)
(-4.05781e-07 5.7702e-08 0)
(-4.05781e-07 5.7702e-08 0)
(-4.05781e-07 5.7702e-08 0)
(-4.05781e-07 5.7702e-08 0)
(-4.05781e-07 5.7702e-08 0)
(-4.05781e-07 5.7702e-08 0)
(-4.05781e-07 5.7702e-08 0)
(-4.05781e-07 5.7702e-08 0)
(-4.05781e-07 5.7702e-08 0)
(-4.05781e-07 5.7702e-08 0)
(-4.05781e-07 5.7702e-08 0)
(-4.05781e-07 5.7702e-08 0)
(-4.05781e-07 5.7702e-08 0)
(-4.05781e-07 5.7702e-08 0)
(-4.05781e-07 5.7702e-08 0)
(-4.05781e-07 5.7702e-08 0)
(-4.05781e-07 5.7702e-08 0)
(-4.05781e-07 5.7702e-08 0)
(-4.05781e-07 5.7702e-08 0)
(-4.05781e-07 5.7702e-08 0)
(-4.05781e-07 5.7702e-08 0)
(-4.05781e-07 5.7702e-08 0)
(-4.05781e-07 5.7702e-08 0)
(-4.05781e-07 5.7702e-08 0)
(-4.05781e-07 5.7702e-08 0)
(-4.05781e-07 5.7702e-08 0)
(-4.05781e-07 5.7702e-08 0)
(-4.05781e-07 5.7702e-08 0)
(-4.05781e-07 5.7702e-08 0)
(-4.05781e-07 5.7702e-08 0)
(-4.05781e-07 5.7702e-08 0)
(-4.05781e-07 5.7702e-08 0)
(-4.05781e-07 5.7702e-08 0)
(-4.05781e-07 5.7702e-08 0)
(-4.05781e-07 5.7702e-08 0)
(-4.05781e-07 5.7702e-08 0)
(-4.05781e-07 5.7702e-08 0)
(-4.05781e-07 5.7702e-08 0)
(-4.05781e-07 5.7702e-08 0)
(-4.05781e-07 5.7702e-08 0)
(-4.05781e-07 5.7702e-08 0)
(-4.05781e-07 5.7702e-08 0)
(-4.05781e-07 5.7702e-08 0)
(-4.05781e-07 5.7702e-08 0)
(-4.05781e-07 5.7702e-08 0)
(-4.05781e-07 5.7702e-08 0)
(-4.05781e-07 5.7702e-08 0)
(-4.05781e-07 5.7702e-08 0)
(-4.05781e-07 5.7702e-08 0)
(-4.05781e-07 5.7702e-08 0)
(-4.05781e-07 5.7702e-08 0)
(-4.05781e-07 5.7702e-08 0)
(-4.05781e-07 5.7702e-08 0)
(-4.05781e-07 5.7702e-08 0)
(-4.05781e-07 5.7702e-08 0)
(-4.05781e-07 5.7702e-08 0)
(-4.05781e-07 5.7702e-08 0)
(-4.2036e-07 6.01022e-08 0)
(-4.2036e-07 6.01022e-08 0)
(-4.2036e-07 6.01022e-08 0)
(-4.2036e-07 6.01022e-08 0)
(-4.2036e-07 6.01022e-08 0)
(-4.2036e-07 6.01022e-08 0)
(-4.2036e-07 6.01022e-08 0)
(-4.2036e-07 6.01022e-08 0)
(-4.2036e-07 6.01022e-08 0)
(-4.2036e-07 6.01022e-08 0)
(-4.2036e-07 6.01022e-08 0)
(-4.2036e-07 6.01022e-08 0)
(-4.2036e-07 6.01022e-08 0)
(-4.2036e-07 6.01022e-08 0)
(-4.2036e-07 6.01022e-08 0)
(-4.2036e-07 6.01022e-08 0)
(-4.2036e-07 6.01022e-08 0)
(-4.2036e-07 6.01022e-08 0)
(-4.2036e-07 6.01022e-08 0)
(-4.2036e-07 6.01022e-08 0)
(-4.2036e-07 6.01022e-08 0)
(-4.2036e-07 6.01022e-08 0)
(-4.2036e-07 6.01022e-08 0)
(-4.2036e-07 6.01022e-08 0)
(-4.2036e-07 6.01022e-08 0)
(-4.2036e-07 6.01022e-08 0)
(-4.2036e-07 6.01022e-08 0)
(-4.2036e-07 6.01022e-08 0)
(-4.2036e-07 6.01022e-08 0)
(-4.2036e-07 6.01022e-08 0)
(-4.2036e-07 6.01022e-08 0)
(-4.2036e-07 6.01022e-08 0)
(-4.2036e-07 6.01022e-08 0)
(-4.2036e-07 6.01022e-08 0)
(-4.2036e-07 6.01022e-08 0)
(-4.2036e-07 6.01022e-08 0)
(-4.2036e-07 6.01022e-08 0)
(-4.2036e-07 6.01022e-08 0)
(-4.2036e-07 6.01022e-08 0)
(-4.2036e-07 6.01022e-08 0)
(-4.2036e-07 6.01022e-08 0)
(-4.2036e-07 6.01022e-08 0)
(-4.2036e-07 6.01022e-08 0)
(-4.2036e-07 6.01022e-08 0)
(-4.2036e-07 6.01022e-08 0)
(-4.2036e-07 6.01022e-08 0)
(-4.2036e-07 6.01022e-08 0)
(-4.2036e-07 6.01022e-08 0)
(-4.2036e-07 6.01022e-08 0)
(-4.2036e-07 6.01022e-08 0)
(-4.2036e-07 6.01022e-08 0)
(-4.2036e-07 6.01022e-08 0)
(-4.2036e-07 6.01022e-08 0)
(-4.2036e-07 6.01022e-08 0)
(-4.2036e-07 6.01022e-08 0)
(-4.2036e-07 6.01022e-08 0)
(-4.2036e-07 6.01022e-08 0)
(-4.2036e-07 6.01022e-08 0)
(-4.2036e-07 6.01022e-08 0)
(-4.2036e-07 6.01022e-08 -7.94514e-24)
(-4.32598e-07 6.19949e-08 -8.26819e-24)
(-4.32598e-07 6.19949e-08 -4.13409e-24)
(-4.32598e-07 6.19949e-08 -4.13409e-24)
(-4.32598e-07 6.19949e-08 -4.13409e-24)
(-4.32598e-07 6.19949e-08 -4.13409e-24)
(-4.32598e-07 6.19949e-08 -4.13409e-24)
(-4.32598e-07 6.19949e-08 -4.13409e-24)
(-4.32598e-07 6.19949e-08 -4.13409e-24)
(-4.32598e-07 6.19949e-08 -4.13409e-24)
(-4.32598e-07 6.19949e-08 -4.13409e-24)
(-4.32598e-07 6.19949e-08 -4.13409e-24)
(-4.32598e-07 6.19949e-08 -4.13409e-24)
(-4.32598e-07 6.19949e-08 -4.13409e-24)
(-4.32598e-07 6.19949e-08 -4.13409e-24)
(-4.32598e-07 6.19949e-08 -4.13409e-24)
(-4.32598e-07 6.19949e-08 -4.13409e-24)
(-4.32598e-07 6.19949e-08 -4.13409e-24)
(-4.32598e-07 6.19949e-08 -4.13409e-24)
(-4.32598e-07 6.19949e-08 -4.13409e-24)
(-4.32598e-07 6.19949e-08 -4.13409e-24)
(-4.32598e-07 6.19949e-08 -4.13409e-24)
(-4.32598e-07 6.19949e-08 -4.13409e-24)
(-4.32598e-07 6.19949e-08 -4.13409e-24)
(-4.32598e-07 6.19949e-08 -4.13409e-24)
(-4.32598e-07 6.19949e-08 -4.13409e-24)
(-4.32598e-07 6.19949e-08 -4.13409e-24)
(-4.32598e-07 6.19949e-08 -4.13409e-24)
(-4.32598e-07 6.19949e-08 -4.13409e-24)
(-4.32598e-07 6.19949e-08 -4.13409e-24)
(-4.32598e-07 6.19949e-08 -4.13409e-24)
(-4.32598e-07 6.19949e-08 -4.13409e-24)
(-4.32598e-07 6.19949e-08 -4.13409e-24)
(-4.32598e-07 6.19949e-08 -4.13409e-24)
(-4.32598e-07 6.19949e-08 -4.13409e-24)
(-4.32598e-07 6.19949e-08 -4.13409e-24)
(-4.32598e-07 6.19949e-08 -4.13409e-24)
(-4.32598e-07 6.19949e-08 -4.13409e-24)
(-4.32598e-07 6.19949e-08 -4.13409e-24)
(-4.32598e-07 6.19949e-08 -4.13409e-24)
(-4.32598e-07 6.19949e-08 -4.13409e-24)
(-4.32598e-07 6.19949e-08 -4.13409e-24)
(-4.32598e-07 6.19949e-08 -4.13409e-24)
(-4.32598e-07 6.19949e-08 -4.13409e-24)
(-4.32598e-07 6.19949e-08 -4.13409e-24)
(-4.32598e-07 6.19949e-08 -4.13409e-24)
(-4.32598e-07 6.19949e-08 -4.13409e-24)
(-4.32598e-07 6.19949e-08 -4.13409e-24)
(-4.32598e-07 6.19949e-08 -4.13409e-24)
(-4.32598e-07 6.19949e-08 -4.13409e-24)
(-4.32598e-07 6.19949e-08 -4.13409e-24)
(-4.32598e-07 6.19949e-08 -4.13409e-24)
(-4.32598e-07 6.19949e-08 -4.13409e-24)
(-4.32598e-07 6.19949e-08 -4.13409e-24)
(-4.32598e-07 6.19949e-08 -4.13409e-24)
(-4.32598e-07 6.19949e-08 -4.13409e-24)
(-4.32598e-07 6.19949e-08 -4.13409e-24)
(-4.32598e-07 6.19949e-08 -4.13409e-24)
(-4.32598e-07 6.19949e-08 -4.13409e-24)
(-4.32598e-07 6.19949e-08 -4.13409e-24)
(-4.32598e-07 6.19949e-08 -4.13409e-24)
(-4.43249e-07 6.35725e-08 0)
(-4.43249e-07 6.35725e-08 0)
(-4.43249e-07 6.35725e-08 0)
(-4.43249e-07 6.35725e-08 0)
(-4.43249e-07 6.35725e-08 0)
(-4.43249e-07 6.35725e-08 0)
(-4.43249e-07 6.35725e-08 0)
(-4.43249e-07 6.35725e-08 0)
(-4.43249e-07 6.35725e-08 0)
(-4.43249e-07 6.35725e-08 0)
(-4.43249e-07 6.35725e-08 0)
(-4.43249e-07 6.35725e-08 0)
(-4.43249e-07 6.35725e-08 0)
(-4.43249e-07 6.35725e-08 0)
(-4.43249e-07 6.35725e-08 0)
(-4.43249e-07 6.35725e-08 0)
(-4.43249e-07 6.35725e-08 0)
(-4.43249e-07 6.35725e-08 0)
(-4.43249e-07 6.35725e-08 0)
(-4.43249e-07 6.35725e-08 0)
(-4.43249e-07 6.35725e-08 0)
(-4.43249e-07 6.35725e-08 0)
(-4.43249e-07 6.35725e-08 0)
(-4.43249e-07 6.35725e-08 0)
(-4.43249e-07 6.35725e-08 0)
(-4.43249e-07 6.35725e-08 0)
(-4.43249e-07 6.35725e-08 0)
(-4.43249e-07 6.35725e-08 0)
(-4.43249e-07 6.35725e-08 0)
(-4.43249e-07 6.35725e-08 0)
(-4.43249e-07 6.35725e-08 0)
(-4.43249e-07 6.35725e-08 0)
(-4.43249e-07 6.35725e-08 0)
(-4.43249e-07 6.35725e-08 0)
(-4.43249e-07 6.35725e-08 0)
(-4.43249e-07 6.35725e-08 0)
(-4.43249e-07 6.35725e-08 0)
(-4.43249e-07 6.35725e-08 0)
(-4.43249e-07 6.35725e-08 0)
(-4.43249e-07 6.35725e-08 0)
(-4.43249e-07 6.35725e-08 0)
(-4.43249e-07 6.35725e-08 0)
(-4.43249e-07 6.35725e-08 0)
(-4.43249e-07 6.35725e-08 0)
(-4.43249e-07 6.35725e-08 0)
(-4.43249e-07 6.35725e-08 0)
(-4.43249e-07 6.35725e-08 0)
(-4.43249e-07 6.35725e-08 0)
(-4.43249e-07 6.35725e-08 0)
(-4.43249e-07 6.35725e-08 0)
(-4.43249e-07 6.35725e-08 0)
(-4.43249e-07 6.35725e-08 0)
(-4.43249e-07 6.35725e-08 0)
(-4.43249e-07 6.35725e-08 0)
(-4.43249e-07 6.35725e-08 0)
(-4.43249e-07 6.35725e-08 0)
(-4.43249e-07 6.35725e-08 0)
(-4.43249e-07 6.35725e-08 0)
(-4.43249e-07 6.35725e-08 0)
(-4.43249e-07 6.35725e-08 0)
(-4.54948e-07 6.53152e-08 3.65342e-24)
(-4.54948e-07 6.53152e-08 3.65342e-24)
(-4.54948e-07 6.53152e-08 3.65342e-24)
(-4.54948e-07 6.53152e-08 3.65342e-24)
(-4.54948e-07 6.53152e-08 3.65342e-24)
(-4.54948e-07 6.53152e-08 3.65342e-24)
(-4.54948e-07 6.53152e-08 3.65342e-24)
(-4.54948e-07 6.53152e-08 3.65342e-24)
(-4.54948e-07 6.53152e-08 3.65342e-24)
(-4.54948e-07 6.53152e-08 3.65342e-24)
(-4.54948e-07 6.53152e-08 3.65342e-24)
(-4.54948e-07 6.53152e-08 3.65342e-24)
(-4.54948e-07 6.53152e-08 3.65342e-24)
(-4.54948e-07 6.53152e-08 3.65342e-24)
(-4.54948e-07 6.53152e-08 3.65342e-24)
(-4.54948e-07 6.53152e-08 3.65342e-24)
(-4.54948e-07 6.53152e-08 3.65342e-24)
(-4.54948e-07 6.53152e-08 3.65342e-24)
(-4.54948e-07 6.53152e-08 3.65342e-24)
(-4.54948e-07 6.53152e-08 3.65342e-24)
(-4.54948e-07 6.53152e-08 3.65342e-24)
(-4.54948e-07 6.53152e-08 3.65342e-24)
(-4.54948e-07 6.53152e-08 3.65342e-24)
(-4.54948e-07 6.53152e-08 3.65342e-24)
(-4.54948e-07 6.53152e-08 3.65342e-24)
(-4.54948e-07 6.53152e-08 3.65342e-24)
(-4.54948e-07 6.53152e-08 3.65342e-24)
(-4.54948e-07 6.53152e-08 3.65342e-24)
(-4.54948e-07 6.53152e-08 3.65342e-24)
(-4.54948e-07 6.53152e-08 3.65342e-24)
(-4.54948e-07 6.53152e-08 3.65342e-24)
(-4.54948e-07 6.53152e-08 3.65342e-24)
(-4.54948e-07 6.53152e-08 3.65342e-24)
(-4.54948e-07 6.53152e-08 3.65342e-24)
(-4.54948e-07 6.53152e-08 3.65342e-24)
(-4.54948e-07 6.53152e-08 3.65342e-24)
(-4.54948e-07 6.53152e-08 3.65342e-24)
(-4.54948e-07 6.53152e-08 3.65342e-24)
(-4.54948e-07 6.53152e-08 3.65342e-24)
(-4.54948e-07 6.53152e-08 3.65342e-24)
(-4.54948e-07 6.53152e-08 3.65342e-24)
(-4.54948e-07 6.53152e-08 3.65342e-24)
(-4.54948e-07 6.53152e-08 3.65342e-24)
(-4.54948e-07 6.53152e-08 3.65342e-24)
(-4.54948e-07 6.53152e-08 3.65342e-24)
(-4.54948e-07 6.53152e-08 3.65342e-24)
(-4.54948e-07 6.53152e-08 3.65342e-24)
(-4.54948e-07 6.53152e-08 3.65342e-24)
(-4.54948e-07 6.53152e-08 3.65342e-24)
(-4.54948e-07 6.53152e-08 3.65342e-24)
(-4.54948e-07 6.53152e-08 3.65342e-24)
(-4.54948e-07 6.53152e-08 3.65342e-24)
(-4.54948e-07 6.53152e-08 3.65342e-24)
(-4.54948e-07 6.53152e-08 3.65342e-24)
(-4.54948e-07 6.53152e-08 3.65342e-24)
(-4.54948e-07 6.53152e-08 3.65342e-24)
(-4.54948e-07 6.53152e-08 3.65342e-24)
(-4.54948e-07 6.53152e-08 3.65342e-24)
(-4.54948e-07 6.53152e-08 3.65342e-24)
(-4.54948e-07 6.53152e-08 3.65342e-24)
(-4.68366e-07 6.73306e-08 -4.56911e-24)
(-4.68366e-07 6.73306e-08 0)
(-4.68366e-07 6.73306e-08 0)
(-4.68366e-07 6.73306e-08 0)
(-4.68366e-07 6.73306e-08 0)
(-4.68366e-07 6.73306e-08 0)
(-4.68366e-07 6.73306e-08 0)
(-4.68366e-07 6.73306e-08 0)
(-4.68366e-07 6.73306e-08 0)
(-4.68366e-07 6.73306e-08 0)
(-4.68366e-07 6.73306e-08 0)
(-4.68366e-07 6.73306e-08 0)
(-4.68366e-07 6.73306e-08 0)
(-4.68366e-07 6.73306e-08 0)
(-4.68366e-07 6.73306e-08 0)
(-4.68366e-07 6.73306e-08 0)
(-4.68366e-07 6.73306e-08 0)
(-4.68366e-07 6.73306e-08 0)
(-4.68366e-07 6.73306e-08 0)
(-4.68366e-07 6.73306e-08 0)
(-4.68366e-07 6.73306e-08 0)
(-4.68366e-07 6.73306e-08 0)
(-4.68366e-07 6.73306e-08 0)
(-4.68366e-07 6.73306e-08 0)
(-4.68366e-07 6.73306e-08 0)
(-4.68366e-07 6.73306e-08 0)
(-4.68366e-07 6.73306e-08 0)
(-4.68366e-07 6.73306e-08 0)
(-4.68366e-07 6.73306e-08 0)
(-4.68366e-07 6.73306e-08 0)
(-4.68366e-07 6.73306e-08 0)
(-4.68366e-07 6.73306e-08 0)
(-4.68366e-07 6.73306e-08 0)
(-4.68366e-07 6.73306e-08 0)
(-4.68366e-07 6.73306e-08 0)
(-4.68366e-07 6.73306e-08 0)
(-4.68366e-07 6.73306e-08 0)
(-4.68366e-07 6.73306e-08 0)
(-4.68366e-07 6.73306e-08 0)
(-4.68366e-07 6.73306e-08 0)
(-4.68366e-07 6.73306e-08 0)
(-4.68366e-07 6.73306e-08 0)
(-4.68366e-07 6.73306e-08 0)
(-4.68366e-07 6.73306e-08 0)
(-4.68366e-07 6.73306e-08 0)
(-4.68366e-07 6.73306e-08 0)
(-4.68366e-07 6.73306e-08 0)
(-4.68366e-07 6.73306e-08 0)
(-4.68366e-07 6.73306e-08 0)
(-4.68366e-07 6.73306e-08 0)
(-4.68366e-07 6.73306e-08 0)
(-4.68366e-07 6.73306e-08 0)
(-4.68366e-07 6.73306e-08 0)
(-4.68366e-07 6.73306e-08 0)
(-4.68366e-07 6.73306e-08 0)
(-4.68366e-07 6.73306e-08 0)
(-4.68366e-07 6.73306e-08 0)
(-4.68366e-07 6.73306e-08 0)
(-4.68366e-07 6.73306e-08 0)
(-4.68366e-07 6.73306e-08 0)
(-4.83819e-07 6.96556e-08 0)
(-4.83819e-07 6.96556e-08 0)
(-4.83819e-07 6.96556e-08 0)
(-4.83819e-07 6.96556e-08 0)
(-4.83819e-07 6.96556e-08 0)
(-4.83819e-07 6.96556e-08 0)
(-4.83819e-07 6.96556e-08 0)
(-4.83819e-07 6.96556e-08 0)
(-4.83819e-07 6.96556e-08 0)
(-4.83819e-07 6.96556e-08 0)
(-4.83819e-07 6.96556e-08 0)
(-4.83819e-07 6.96556e-08 0)
(-4.83819e-07 6.96556e-08 0)
(-4.83819e-07 6.96556e-08 0)
(-4.83819e-07 6.96556e-08 0)
(-4.83819e-07 6.96556e-08 0)
(-4.83819e-07 6.96556e-08 0)
(-4.83819e-07 6.96556e-08 0)
(-4.83819e-07 6.96556e-08 0)
(-4.83819e-07 6.96556e-08 0)
(-4.83819e-07 6.96556e-08 0)
(-4.83819e-07 6.96556e-08 0)
(-4.83819e-07 6.96556e-08 0)
(-4.83819e-07 6.96556e-08 0)
(-4.83819e-07 6.96556e-08 0)
(-4.83819e-07 6.96556e-08 0)
(-4.83819e-07 6.96556e-08 0)
(-4.83819e-07 6.96556e-08 0)
(-4.83819e-07 6.96556e-08 0)
(-4.83819e-07 6.96556e-08 0)
(-4.83819e-07 6.96556e-08 0)
(-4.83819e-07 6.96556e-08 0)
(-4.83819e-07 6.96556e-08 0)
(-4.83819e-07 6.96556e-08 0)
(-4.83819e-07 6.96556e-08 0)
(-4.83819e-07 6.96556e-08 0)
(-4.83819e-07 6.96556e-08 0)
(-4.83819e-07 6.96556e-08 0)
(-4.83819e-07 6.96556e-08 0)
(-4.83819e-07 6.96556e-08 0)
(-4.83819e-07 6.96556e-08 0)
(-4.83819e-07 6.96556e-08 0)
(-4.83819e-07 6.96556e-08 0)
(-4.83819e-07 6.96556e-08 0)
(-4.83819e-07 6.96556e-08 0)
(-4.83819e-07 6.96556e-08 0)
(-4.83819e-07 6.96556e-08 0)
(-4.83819e-07 6.96556e-08 0)
(-4.83819e-07 6.96556e-08 0)
(-4.83819e-07 6.96556e-08 0)
(-4.83819e-07 6.96556e-08 0)
(-4.83819e-07 6.96556e-08 0)
(-4.83819e-07 6.96556e-08 0)
(-4.83819e-07 6.96556e-08 0)
(-4.83819e-07 6.96556e-08 0)
(-4.83819e-07 6.96556e-08 0)
(-4.83819e-07 6.96556e-08 0)
(-4.83819e-07 6.96556e-08 0)
(-4.83819e-07 6.96556e-08 0)
(-4.83819e-07 6.96556e-08 0)
(-5.01436e-07 7.22891e-08 4.96936e-24)
(-5.01436e-07 7.22891e-08 0)
(-5.01436e-07 7.22891e-08 0)
(-5.01436e-07 7.22891e-08 0)
(-5.01436e-07 7.22891e-08 0)
(-5.01436e-07 7.22891e-08 0)
(-5.01436e-07 7.22891e-08 0)
(-5.01436e-07 7.22891e-08 0)
(-5.01436e-07 7.22891e-08 0)
(-5.01436e-07 7.22891e-08 0)
(-5.01436e-07 7.22891e-08 0)
(-5.01436e-07 7.22891e-08 0)
(-5.01436e-07 7.22891e-08 0)
(-5.01436e-07 7.22891e-08 0)
(-5.01436e-07 7.22891e-08 0)
(-5.01436e-07 7.22891e-08 0)
(-5.01436e-07 7.22891e-08 0)
(-5.01436e-07 7.22891e-08 0)
(-5.01436e-07 7.22891e-08 0)
(-5.01436e-07 7.22891e-08 0)
(-5.01436e-07 7.22891e-08 0)
(-5.01436e-07 7.22891e-08 0)
(-5.01436e-07 7.22891e-08 0)
(-5.01436e-07 7.22891e-08 0)
(-5.01436e-07 7.22891e-08 0)
(-5.01436e-07 7.22891e-08 0)
(-5.01436e-07 7.22891e-08 0)
(-5.01436e-07 7.22891e-08 0)
(-5.01436e-07 7.22891e-08 0)
(-5.01436e-07 7.22891e-08 0)
(-5.01436e-07 7.22891e-08 0)
(-5.01436e-07 7.22891e-08 0)
(-5.01436e-07 7.22891e-08 0)
(-5.01436e-07 7.22891e-08 0)
(-5.01436e-07 7.22891e-08 0)
(-5.01436e-07 7.22891e-08 0)
(-5.01436e-07 7.22891e-08 0)
(-5.01436e-07 7.22891e-08 0)
(-5.01436e-07 7.22891e-08 0)
(-5.01436e-07 7.22891e-08 0)
(-5.01436e-07 7.22891e-08 0)
(-5.01436e-07 7.22891e-08 0)
(-5.01436e-07 7.22891e-08 0)
(-5.01436e-07 7.22891e-08 0)
(-5.01436e-07 7.22891e-08 0)
(-5.01436e-07 7.22891e-08 0)
(-5.01436e-07 7.22891e-08 0)
(-5.01436e-07 7.22891e-08 0)
(-5.01436e-07 7.22891e-08 0)
(-5.01436e-07 7.22891e-08 0)
(-5.01436e-07 7.22891e-08 0)
(-5.01436e-07 7.22891e-08 0)
(-5.01436e-07 7.22891e-08 0)
(-5.01436e-07 7.22891e-08 0)
(-5.01436e-07 7.22891e-08 0)
(-5.01436e-07 7.22891e-08 0)
(-5.01436e-07 7.22891e-08 0)
(-5.01436e-07 7.22891e-08 0)
(-5.01436e-07 7.22891e-08 0)
(-5.01436e-07 7.22891e-08 0)
(-5.2141e-07 7.52386e-08 8.86575e-25)
(-5.2141e-07 7.52386e-08 8.86575e-25)
(-5.2141e-07 7.52386e-08 8.86575e-25)
(-5.2141e-07 7.52386e-08 8.86575e-25)
(-5.2141e-07 7.52386e-08 8.86575e-25)
(-5.2141e-07 7.52386e-08 8.86575e-25)
(-5.2141e-07 7.52386e-08 8.86575e-25)
(-5.2141e-07 7.52386e-08 8.86575e-25)
(-5.2141e-07 7.52386e-08 8.86575e-25)
(-5.2141e-07 7.52386e-08 8.86575e-25)
(-5.2141e-07 7.52386e-08 8.86575e-25)
(-5.2141e-07 7.52386e-08 8.86575e-25)
(-5.2141e-07 7.52386e-08 8.86575e-25)
(-5.2141e-07 7.52386e-08 8.86575e-25)
(-5.2141e-07 7.52386e-08 8.86575e-25)
(-5.2141e-07 7.52386e-08 8.86575e-25)
(-5.2141e-07 7.52386e-08 8.86575e-25)
(-5.2141e-07 7.52386e-08 8.86575e-25)
(-5.2141e-07 7.52386e-08 8.86575e-25)
(-5.2141e-07 7.52386e-08 8.86575e-25)
(-5.2141e-07 7.52386e-08 8.86575e-25)
(-5.2141e-07 7.52386e-08 8.86575e-25)
(-5.2141e-07 7.52386e-08 8.86575e-25)
(-5.2141e-07 7.52386e-08 8.86575e-25)
(-5.2141e-07 7.52386e-08 8.86575e-25)
(-5.2141e-07 7.52386e-08 8.86575e-25)
(-5.2141e-07 7.52386e-08 8.86575e-25)
(-5.2141e-07 7.52386e-08 8.86575e-25)
(-5.2141e-07 7.52386e-08 8.86575e-25)
(-5.2141e-07 7.52386e-08 8.86575e-25)
(-5.2141e-07 7.52386e-08 8.86575e-25)
(-5.2141e-07 7.52386e-08 8.86575e-25)
(-5.2141e-07 7.52386e-08 8.86575e-25)
(-5.2141e-07 7.52386e-08 8.86575e-25)
(-5.2141e-07 7.52386e-08 8.86575e-25)
(-5.2141e-07 7.52386e-08 8.86575e-25)
(-5.2141e-07 7.52386e-08 8.86575e-25)
(-5.2141e-07 7.52386e-08 8.86575e-25)
(-5.2141e-07 7.52386e-08 8.86575e-25)
(-5.2141e-07 7.52386e-08 8.86575e-25)
(-5.2141e-07 7.52386e-08 8.86575e-25)
(-5.2141e-07 7.52386e-08 8.86575e-25)
(-5.2141e-07 7.52386e-08 8.86575e-25)
(-5.2141e-07 7.52386e-08 8.86575e-25)
(-5.2141e-07 7.52386e-08 8.86575e-25)
(-5.2141e-07 7.52386e-08 8.86575e-25)
(-5.2141e-07 7.52386e-08 8.86575e-25)
(-5.2141e-07 7.52386e-08 8.86575e-25)
(-5.2141e-07 7.52386e-08 8.86575e-25)
(-5.2141e-07 7.52386e-08 8.86575e-25)
(-5.2141e-07 7.52386e-08 8.86575e-25)
(-5.2141e-07 7.52386e-08 8.86575e-25)
(-5.2141e-07 7.52386e-08 8.86575e-25)
(-5.2141e-07 7.52386e-08 8.86575e-25)
(-5.2141e-07 7.52386e-08 8.86575e-25)
(-5.2141e-07 7.52386e-08 8.86575e-25)
(-5.2141e-07 7.52386e-08 8.86575e-25)
(-5.2141e-07 7.52386e-08 8.86575e-25)
(-5.2141e-07 7.52386e-08 8.86575e-25)
(-5.2141e-07 7.52386e-08 8.86575e-25)
(-5.39841e-07 7.79166e-08 -1.77214e-24)
(-5.39841e-07 7.79166e-08 -1.77214e-24)
(-5.39841e-07 7.79166e-08 -1.77214e-24)
(-5.39841e-07 7.79166e-08 -1.77214e-24)
(-5.39841e-07 7.79166e-08 -1.77214e-24)
(-5.39841e-07 7.79166e-08 -1.77214e-24)
(-5.39841e-07 7.79166e-08 -1.77214e-24)
(-5.39841e-07 7.79166e-08 -1.77214e-24)
(-5.39841e-07 7.79166e-08 -1.77214e-24)
(-5.39841e-07 7.79166e-08 -1.77214e-24)
(-5.39841e-07 7.79166e-08 -1.77214e-24)
(-5.39841e-07 7.79166e-08 -1.77214e-24)
(-5.39841e-07 7.79166e-08 -1.77214e-24)
(-5.39841e-07 7.79166e-08 -1.77214e-24)
(-5.39841e-07 7.79166e-08 -1.77214e-24)
(-5.39841e-07 7.79166e-08 -1.77214e-24)
(-5.39841e-07 7.79166e-08 -1.77214e-24)
(-5.39841e-07 7.79166e-08 -1.77214e-24)
(-5.39841e-07 7.79166e-08 -1.77214e-24)
(-5.39841e-07 7.79166e-08 -1.77214e-24)
(-5.39841e-07 7.79166e-08 -1.77214e-24)
(-5.39841e-07 7.79166e-08 -1.77214e-24)
(-5.39841e-07 7.79166e-08 -1.77214e-24)
(-5.39841e-07 7.79166e-08 -1.77214e-24)
(-5.39841e-07 7.79166e-08 -1.77214e-24)
(-5.39841e-07 7.79166e-08 -1.77214e-24)
(-5.39841e-07 7.79166e-08 -1.77214e-24)
(-5.39841e-07 7.79166e-08 -1.77214e-24)
(-5.39841e-07 7.79166e-08 -1.77214e-24)
(-5.39841e-07 7.79166e-08 -1.77214e-24)
(-5.39841e-07 7.79166e-08 -1.77214e-24)
(-5.39841e-07 7.79166e-08 -1.77214e-24)
(-5.39841e-07 7.79166e-08 -1.77214e-24)
(-5.39841e-07 7.79166e-08 -1.77214e-24)
(-5.39841e-07 7.79166e-08 -1.77214e-24)
(-5.39841e-07 7.79166e-08 -1.77214e-24)
(-5.39841e-07 7.79166e-08 -1.77214e-24)
(-5.39841e-07 7.79166e-08 -1.77214e-24)
(-5.39841e-07 7.79166e-08 -1.77214e-24)
(-5.39841e-07 7.79166e-08 -1.77214e-24)
(-5.39841e-07 7.79166e-08 -1.77214e-24)
(-5.39841e-07 7.79166e-08 -1.77214e-24)
(-5.39841e-07 7.79166e-08 -1.77214e-24)
(-5.39841e-07 7.79166e-08 -1.77214e-24)
(-5.39841e-07 7.79166e-08 -1.77214e-24)
(-5.39841e-07 7.79166e-08 -1.77214e-24)
(-5.39841e-07 7.79166e-08 -1.77214e-24)
(-5.39841e-07 7.79166e-08 -1.77214e-24)
(-5.39841e-07 7.79166e-08 -1.77214e-24)
(-5.39841e-07 7.79166e-08 -1.77214e-24)
(-5.39841e-07 7.79166e-08 -1.77214e-24)
(-5.39841e-07 7.79166e-08 -1.77214e-24)
(-5.39841e-07 7.79166e-08 -1.77214e-24)
(-5.39841e-07 7.79166e-08 -1.77214e-24)
(-5.39841e-07 7.79166e-08 -1.77214e-24)
(-5.39841e-07 7.79166e-08 -1.77214e-24)
(-5.39841e-07 7.79166e-08 -1.77214e-24)
(-5.39841e-07 7.79166e-08 -1.77214e-24)
(-5.39841e-07 7.79166e-08 -1.77214e-24)
(-5.39841e-07 7.79166e-08 -1.77214e-24)
(-5.49524e-07 7.92896e-08 2.70271e-24)
(-5.49524e-07 7.92896e-08 2.70271e-24)
(-5.49524e-07 7.92896e-08 2.70271e-24)
(-5.49524e-07 7.92896e-08 2.70271e-24)
(-5.49524e-07 7.92896e-08 2.70271e-24)
(-5.49524e-07 7.92896e-08 2.70271e-24)
(-5.49524e-07 7.92896e-08 2.70271e-24)
(-5.49524e-07 7.92896e-08 2.70271e-24)
(-5.49524e-07 7.92896e-08 2.70271e-24)
(-5.49524e-07 7.92896e-08 2.70271e-24)
(-5.49524e-07 7.92896e-08 2.70271e-24)
(-5.49524e-07 7.92896e-08 2.70271e-24)
(-5.49524e-07 7.92896e-08 2.70271e-24)
(-5.49524e-07 7.92896e-08 2.70271e-24)
(-5.49524e-07 7.92896e-08 2.70271e-24)
(-5.49524e-07 7.92896e-08 2.70271e-24)
(-5.49524e-07 7.92896e-08 2.70271e-24)
(-5.49524e-07 7.92896e-08 2.70271e-24)
(-5.49524e-07 7.92896e-08 2.70271e-24)
(-5.49524e-07 7.92896e-08 2.70271e-24)
(-5.49524e-07 7.92896e-08 2.70271e-24)
(-5.49524e-07 7.92896e-08 2.70271e-24)
(-5.49524e-07 7.92896e-08 2.70271e-24)
(-5.49524e-07 7.92896e-08 2.70271e-24)
(-5.49524e-07 7.92896e-08 2.70271e-24)
(-5.49524e-07 7.92896e-08 2.70271e-24)
(-5.49524e-07 7.92896e-08 2.70271e-24)
(-5.49524e-07 7.92896e-08 2.70271e-24)
(-5.49524e-07 7.92896e-08 2.70271e-24)
(-5.49524e-07 7.92896e-08 2.70271e-24)
(-5.49524e-07 7.92896e-08 2.70271e-24)
(-5.49524e-07 7.92896e-08 2.70271e-24)
(-5.49524e-07 7.92896e-08 2.70271e-24)
(-5.49524e-07 7.92896e-08 2.70271e-24)
(-5.49524e-07 7.92896e-08 2.70271e-24)
(-5.49524e-07 7.92896e-08 2.70271e-24)
(-5.49524e-07 7.92896e-08 2.70271e-24)
(-5.49524e-07 7.92896e-08 2.70271e-24)
(-5.49524e-07 7.92896e-08 2.70271e-24)
(-5.49524e-07 7.92896e-08 2.70271e-24)
(-5.49524e-07 7.92896e-08 2.70271e-24)
(-5.49524e-07 7.92896e-08 2.70271e-24)
(-5.49524e-07 7.92896e-08 2.70271e-24)
(-5.49524e-07 7.92896e-08 2.70271e-24)
(-5.49524e-07 7.92896e-08 2.70271e-24)
(-5.49524e-07 7.92896e-08 2.70271e-24)
(-5.49524e-07 7.92896e-08 2.70271e-24)
(-5.49524e-07 7.92896e-08 2.70271e-24)
(-5.49524e-07 7.92896e-08 2.70271e-24)
(-5.49524e-07 7.92896e-08 2.70271e-24)
(-5.49524e-07 7.92896e-08 2.70271e-24)
(-5.49524e-07 7.92896e-08 2.70271e-24)
(-5.49524e-07 7.92896e-08 2.70271e-24)
(-5.49524e-07 7.92896e-08 2.70271e-24)
(-5.49524e-07 7.92896e-08 2.70271e-24)
(-5.49524e-07 7.92896e-08 2.70271e-24)
(-5.49524e-07 7.92896e-08 2.70271e-24)
(-5.49524e-07 7.92896e-08 2.70271e-24)
(-5.49524e-07 7.92896e-08 2.70271e-24)
(-5.49524e-07 7.92896e-08 0)
(-5.48314e-07 7.88789e-08 2.62401e-24)
(-5.48314e-07 7.88789e-08 0)
(-5.48314e-07 7.88789e-08 0)
(-5.48314e-07 7.88789e-08 0)
(-5.48314e-07 7.88789e-08 0)
(-5.48314e-07 7.88789e-08 0)
(-5.48314e-07 7.88789e-08 0)
(-5.48314e-07 7.88789e-08 0)
(-5.48314e-07 7.88789e-08 0)
(-5.48314e-07 7.88789e-08 0)
(-5.48314e-07 7.88789e-08 0)
(-5.48314e-07 7.88789e-08 0)
(-5.48314e-07 7.88789e-08 0)
(-5.48314e-07 7.88789e-08 0)
(-5.48314e-07 7.88789e-08 0)
(-5.48314e-07 7.88789e-08 0)
(-5.48314e-07 7.88789e-08 0)
(-5.48314e-07 7.88789e-08 0)
(-5.48314e-07 7.88789e-08 0)
(-5.48314e-07 7.88789e-08 0)
(-5.48314e-07 7.88789e-08 0)
(-5.48314e-07 7.88789e-08 0)
(-5.48314e-07 7.88789e-08 0)
(-5.48314e-07 7.88789e-08 0)
(-5.48314e-07 7.88789e-08 0)
(-5.48314e-07 7.88789e-08 0)
(-5.48314e-07 7.88789e-08 0)
(-5.48314e-07 7.88789e-08 0)
(-5.48314e-07 7.88789e-08 0)
(-5.48314e-07 7.88789e-08 0)
(-5.48314e-07 7.88789e-08 0)
(-5.48314e-07 7.88789e-08 0)
(-5.48314e-07 7.88789e-08 0)
(-5.48314e-07 7.88789e-08 0)
(-5.48314e-07 7.88789e-08 0)
(-5.48314e-07 7.88789e-08 0)
(-5.48314e-07 7.88789e-08 0)
(-5.48314e-07 7.88789e-08 0)
(-5.48314e-07 7.88789e-08 0)
(-5.48314e-07 7.88789e-08 0)
(-5.48314e-07 7.88789e-08 0)
(-5.48314e-07 7.88789e-08 0)
(-5.48314e-07 7.88789e-08 0)
(-5.48314e-07 7.88789e-08 0)
(-5.48314e-07 7.88789e-08 0)
(-5.48314e-07 7.88789e-08 0)
(-5.48314e-07 7.88789e-08 0)
(-5.48314e-07 7.88789e-08 0)
(-5.48314e-07 7.88789e-08 0)
(-5.48314e-07 7.88789e-08 0)
(-5.48314e-07 7.88789e-08 0)
(-5.48314e-07 7.88789e-08 0)
(-5.48314e-07 7.88789e-08 0)
(-5.48314e-07 7.88789e-08 0)
(-5.48314e-07 7.88789e-08 0)
(-5.48314e-07 7.88789e-08 0)
(-5.48314e-07 7.88789e-08 0)
(-5.48314e-07 7.88789e-08 0)
(-5.48314e-07 7.88789e-08 0)
(-5.48314e-07 7.88789e-08 0)
(-5.34447e-07 7.5827e-08 0)
(-5.34447e-07 7.5827e-08 0)
(-5.34447e-07 7.5827e-08 0)
(-5.34447e-07 7.5827e-08 0)
(-5.34447e-07 7.5827e-08 0)
(-5.34447e-07 7.5827e-08 0)
(-5.34447e-07 7.5827e-08 0)
(-5.34447e-07 7.5827e-08 0)
(-5.34447e-07 7.5827e-08 0)
(-5.34447e-07 7.5827e-08 0)
(-5.34447e-07 7.5827e-08 0)
(-5.34447e-07 7.5827e-08 0)
(-5.34447e-07 7.5827e-08 0)
(-5.34447e-07 7.5827e-08 0)
(-5.34447e-07 7.5827e-08 0)
(-5.34447e-07 7.5827e-08 0)
(-5.34447e-07 7.5827e-08 0)
(-5.34447e-07 7.5827e-08 0)
(-5.34447e-07 7.5827e-08 0)
(-5.34447e-07 7.5827e-08 0)
(-5.34447e-07 7.5827e-08 0)
(-5.34447e-07 7.5827e-08 0)
(-5.34447e-07 7.5827e-08 0)
(-5.34447e-07 7.5827e-08 0)
(-5.34447e-07 7.5827e-08 0)
(-5.34447e-07 7.5827e-08 0)
(-5.34447e-07 7.5827e-08 0)
(-5.34447e-07 7.5827e-08 0)
(-5.34447e-07 7.5827e-08 0)
(-5.34447e-07 7.5827e-08 0)
(-5.34447e-07 7.5827e-08 0)
(-5.34447e-07 7.5827e-08 0)
(-5.34447e-07 7.5827e-08 0)
(-5.34447e-07 7.5827e-08 0)
(-5.34447e-07 7.5827e-08 0)
(-5.34447e-07 7.5827e-08 0)
(-5.34447e-07 7.5827e-08 0)
(-5.34447e-07 7.5827e-08 0)
(-5.34447e-07 7.5827e-08 0)
(-5.34447e-07 7.5827e-08 0)
(-5.34447e-07 7.5827e-08 0)
(-5.34447e-07 7.5827e-08 0)
(-5.34447e-07 7.5827e-08 0)
(-5.34447e-07 7.5827e-08 0)
(-5.34447e-07 7.5827e-08 0)
(-5.34447e-07 7.5827e-08 0)
(-5.34447e-07 7.5827e-08 0)
(-5.34447e-07 7.5827e-08 0)
(-5.34447e-07 7.5827e-08 0)
(-5.34447e-07 7.5827e-08 0)
(-5.34447e-07 7.5827e-08 0)
(-5.34447e-07 7.5827e-08 0)
(-5.34447e-07 7.5827e-08 0)
(-5.34447e-07 7.5827e-08 0)
(-5.34447e-07 7.5827e-08 0)
(-5.34447e-07 7.5827e-08 0)
(-5.34447e-07 7.5827e-08 0)
(-5.34447e-07 7.5827e-08 0)
(-5.34447e-07 7.5827e-08 0)
(-5.34447e-07 7.5827e-08 0)
(-5.05905e-07 6.83002e-08 -2.10126e-24)
(-5.05905e-07 6.83002e-08 -2.10126e-24)
(-5.05905e-07 6.83002e-08 -2.10126e-24)
(-5.05905e-07 6.83002e-08 -2.10126e-24)
(-5.05905e-07 6.83002e-08 -2.10126e-24)
(-5.05905e-07 6.83002e-08 -2.10126e-24)
(-5.05905e-07 6.83002e-08 -2.10126e-24)
(-5.05905e-07 6.83002e-08 -2.10126e-24)
(-5.05905e-07 6.83002e-08 -2.10126e-24)
(-5.05905e-07 6.83002e-08 -2.10126e-24)
(-5.05905e-07 6.83002e-08 -2.10126e-24)
(-5.05905e-07 6.83002e-08 -2.10126e-24)
(-5.05905e-07 6.83002e-08 -2.10126e-24)
(-5.05905e-07 6.83002e-08 -2.10126e-24)
(-5.05905e-07 6.83002e-08 -2.10126e-24)
(-5.05905e-07 6.83002e-08 -2.10126e-24)
(-5.05905e-07 6.83002e-08 -2.10126e-24)
(-5.05905e-07 6.83002e-08 -2.10126e-24)
(-5.05905e-07 6.83002e-08 -2.10126e-24)
(-5.05905e-07 6.83002e-08 -2.10126e-24)
(-5.05905e-07 6.83002e-08 -2.10126e-24)
(-5.05905e-07 6.83002e-08 -2.10126e-24)
(-5.05905e-07 6.83002e-08 -2.10126e-24)
(-5.05905e-07 6.83002e-08 -2.10126e-24)
(-5.05905e-07 6.83002e-08 -2.10126e-24)
(-5.05905e-07 6.83002e-08 -2.10126e-24)
(-5.05905e-07 6.83002e-08 -2.10126e-24)
(-5.05905e-07 6.83002e-08 -2.10126e-24)
(-5.05905e-07 6.83002e-08 -2.10126e-24)
(-5.05905e-07 6.83002e-08 -2.10126e-24)
(-5.05905e-07 6.83002e-08 -2.10126e-24)
(-5.05905e-07 6.83002e-08 -2.10126e-24)
(-5.05905e-07 6.83002e-08 -2.10126e-24)
(-5.05905e-07 6.83002e-08 -2.10126e-24)
(-5.05905e-07 6.83002e-08 -2.10126e-24)
(-5.05905e-07 6.83002e-08 -2.10126e-24)
(-5.05905e-07 6.83002e-08 -2.10126e-24)
(-5.05905e-07 6.83002e-08 -2.10126e-24)
(-5.05905e-07 6.83002e-08 -2.10126e-24)
(-5.05905e-07 6.83002e-08 -2.10126e-24)
(-5.05905e-07 6.83002e-08 -2.10126e-24)
(-5.05905e-07 6.83002e-08 -2.10126e-24)
(-5.05905e-07 6.83002e-08 -2.10126e-24)
(-5.05905e-07 6.83002e-08 -2.10126e-24)
(-5.05905e-07 6.83002e-08 -2.10126e-24)
(-5.05905e-07 6.83002e-08 -2.10126e-24)
(-5.05905e-07 6.83002e-08 -2.10126e-24)
(-5.05905e-07 6.83002e-08 -2.10126e-24)
(-5.05905e-07 6.83002e-08 -2.10126e-24)
(-5.05905e-07 6.83002e-08 -2.10126e-24)
(-5.05905e-07 6.83002e-08 -2.10126e-24)
(-5.05905e-07 6.83002e-08 -2.10126e-24)
(-5.05905e-07 6.83002e-08 -2.10126e-24)
(-5.05905e-07 6.83002e-08 -2.10126e-24)
(-5.05905e-07 6.83002e-08 -2.10126e-24)
(-5.05905e-07 6.83002e-08 -2.10126e-24)
(-5.05905e-07 6.83002e-08 -2.10126e-24)
(-5.05905e-07 6.83002e-08 -2.10126e-24)
(-5.05905e-07 6.83002e-08 -2.10126e-24)
(-5.05905e-07 6.83002e-08 -2.10126e-24)
(-4.65706e-07 5.35294e-08 -1.57753e-24)
(-4.65706e-07 5.35294e-08 -1.57753e-24)
(-4.65706e-07 5.35294e-08 -1.57753e-24)
(-4.65706e-07 5.35294e-08 -1.57753e-24)
(-4.65706e-07 5.35294e-08 -1.57753e-24)
(-4.65706e-07 5.35294e-08 -1.57753e-24)
(-4.65706e-07 5.35294e-08 -1.57753e-24)
(-4.65706e-07 5.35294e-08 -1.57753e-24)
(-4.65706e-07 5.35294e-08 -1.57753e-24)
(-4.65706e-07 5.35294e-08 -1.57753e-24)
(-4.65706e-07 5.35294e-08 -1.57753e-24)
(-4.65706e-07 5.35294e-08 -1.57753e-24)
(-4.65706e-07 5.35294e-08 -1.57753e-24)
(-4.65706e-07 5.35294e-08 -1.57753e-24)
(-4.65706e-07 5.35294e-08 -1.57753e-24)
(-4.65706e-07 5.35294e-08 -1.57753e-24)
(-4.65706e-07 5.35294e-08 -1.57753e-24)
(-4.65706e-07 5.35294e-08 -1.57753e-24)
(-4.65706e-07 5.35294e-08 -1.57753e-24)
(-4.65706e-07 5.35294e-08 -1.57753e-24)
(-4.65706e-07 5.35294e-08 -1.57753e-24)
(-4.65706e-07 5.35294e-08 -1.57753e-24)
(-4.65706e-07 5.35294e-08 -1.57753e-24)
(-4.65706e-07 5.35294e-08 -1.57753e-24)
(-4.65706e-07 5.35294e-08 -1.57753e-24)
(-4.65706e-07 5.35294e-08 -1.57753e-24)
(-4.65706e-07 5.35294e-08 -1.57753e-24)
(-4.65706e-07 5.35294e-08 -1.57753e-24)
(-4.65706e-07 5.35294e-08 -1.57753e-24)
(-4.65706e-07 5.35294e-08 -1.57753e-24)
(-4.65706e-07 5.35294e-08 -1.57753e-24)
(-4.65706e-07 5.35294e-08 -1.57753e-24)
(-4.65706e-07 5.35294e-08 -1.57753e-24)
(-4.65706e-07 5.35294e-08 -1.57753e-24)
(-4.65706e-07 5.35294e-08 -1.57753e-24)
(-4.65706e-07 5.35294e-08 -1.57753e-24)
(-4.65706e-07 5.35294e-08 -1.57753e-24)
(-4.65706e-07 5.35294e-08 -1.57753e-24)
(-4.65706e-07 5.35294e-08 -1.57753e-24)
(-4.65706e-07 5.35294e-08 -1.57753e-24)
(-4.65706e-07 5.35294e-08 -1.57753e-24)
(-4.65706e-07 5.35294e-08 -1.57753e-24)
(-4.65706e-07 5.35294e-08 -1.57753e-24)
(-4.65706e-07 5.35294e-08 -1.57753e-24)
(-4.65706e-07 5.35294e-08 -1.57753e-24)
(-4.65706e-07 5.35294e-08 -1.57753e-24)
(-4.65706e-07 5.35294e-08 -1.57753e-24)
(-4.65706e-07 5.35294e-08 -1.57753e-24)
(-4.65706e-07 5.35294e-08 -1.57753e-24)
(-4.65706e-07 5.35294e-08 -1.57753e-24)
(-4.65706e-07 5.35294e-08 -1.57753e-24)
(-4.65706e-07 5.35294e-08 -1.57753e-24)
(-4.65706e-07 5.35294e-08 -1.57753e-24)
(-4.65706e-07 5.35294e-08 -1.57753e-24)
(-4.65706e-07 5.35294e-08 -1.57753e-24)
(-4.65706e-07 5.35294e-08 -1.57753e-24)
(-4.65706e-07 5.35294e-08 -1.57753e-24)
(-4.65706e-07 5.35294e-08 -1.57753e-24)
(-4.65706e-07 5.35294e-08 -1.57753e-24)
(-4.65706e-07 5.35294e-08 -1.57753e-24)
(-4.3224e-07 3.27324e-08 0)
(-4.3224e-07 3.27324e-08 0)
(-4.3224e-07 3.27324e-08 0)
(-4.3224e-07 3.27324e-08 0)
(-4.3224e-07 3.27324e-08 0)
(-4.3224e-07 3.27324e-08 0)
(-4.3224e-07 3.27324e-08 0)
(-4.3224e-07 3.27324e-08 0)
(-4.3224e-07 3.27324e-08 0)
(-4.3224e-07 3.27324e-08 0)
(-4.3224e-07 3.27324e-08 0)
(-4.3224e-07 3.27324e-08 0)
(-4.3224e-07 3.27324e-08 0)
(-4.3224e-07 3.27324e-08 0)
(-4.3224e-07 3.27324e-08 0)
(-4.3224e-07 3.27324e-08 0)
(-4.3224e-07 3.27324e-08 0)
(-4.3224e-07 3.27324e-08 0)
(-4.3224e-07 3.27324e-08 0)
(-4.3224e-07 3.27324e-08 0)
(-4.3224e-07 3.27324e-08 0)
(-4.3224e-07 3.27324e-08 0)
(-4.3224e-07 3.27324e-08 0)
(-4.3224e-07 3.27324e-08 0)
(-4.3224e-07 3.27324e-08 0)
(-4.3224e-07 3.27324e-08 0)
(-4.3224e-07 3.27324e-08 0)
(-4.3224e-07 3.27324e-08 0)
(-4.3224e-07 3.27324e-08 0)
(-4.3224e-07 3.27324e-08 0)
(-4.3224e-07 3.27324e-08 0)
(-4.3224e-07 3.27324e-08 0)
(-4.3224e-07 3.27324e-08 0)
(-4.3224e-07 3.27324e-08 0)
(-4.3224e-07 3.27324e-08 0)
(-4.3224e-07 3.27324e-08 0)
(-4.3224e-07 3.27324e-08 0)
(-4.3224e-07 3.27324e-08 0)
(-4.3224e-07 3.27324e-08 0)
(-4.3224e-07 3.27324e-08 0)
(-4.3224e-07 3.27324e-08 0)
(-4.3224e-07 3.27324e-08 0)
(-4.3224e-07 3.27324e-08 0)
(-4.3224e-07 3.27324e-08 0)
(-4.3224e-07 3.27324e-08 0)
(-4.3224e-07 3.27324e-08 0)
(-4.3224e-07 3.27324e-08 0)
(-4.3224e-07 3.27324e-08 0)
(-4.3224e-07 3.27324e-08 0)
(-4.3224e-07 3.27324e-08 0)
(-4.3224e-07 3.27324e-08 0)
(-4.3224e-07 3.27324e-08 0)
(-4.3224e-07 3.27324e-08 0)
(-4.3224e-07 3.27324e-08 0)
(-4.3224e-07 3.27324e-08 0)
(-4.3224e-07 3.27324e-08 0)
(-4.3224e-07 3.27324e-08 0)
(-4.3224e-07 3.27324e-08 0)
(-4.3224e-07 3.27324e-08 0)
(-4.3224e-07 3.27324e-08 -9.37026e-25)
(-4.18892e-07 1.46769e-08 3.54476e-26)
(-4.18892e-07 1.46769e-08 3.54476e-26)
(-4.18892e-07 1.46769e-08 3.54476e-26)
(-4.18892e-07 1.46769e-08 3.54476e-26)
(-4.18892e-07 1.46769e-08 3.54476e-26)
(-4.18892e-07 1.46769e-08 3.54476e-26)
(-4.18892e-07 1.46769e-08 3.54476e-26)
(-4.18892e-07 1.46769e-08 3.54476e-26)
(-4.18892e-07 1.46769e-08 3.54476e-26)
(-4.18892e-07 1.46769e-08 3.54476e-26)
(-4.18892e-07 1.46769e-08 3.54476e-26)
(-4.18892e-07 1.46769e-08 3.54476e-26)
(-4.18892e-07 1.46769e-08 3.54476e-26)
(-4.18892e-07 1.46769e-08 3.54476e-26)
(-4.18892e-07 1.46769e-08 3.54476e-26)
(-4.18892e-07 1.46769e-08 3.54476e-26)
(-4.18892e-07 1.46769e-08 3.54476e-26)
(-4.18892e-07 1.46769e-08 3.54476e-26)
(-4.18892e-07 1.46769e-08 3.54476e-26)
(-4.18892e-07 1.46769e-08 3.54476e-26)
(-4.18892e-07 1.46769e-08 3.54476e-26)
(-4.18892e-07 1.46769e-08 3.54476e-26)
(-4.18892e-07 1.46769e-08 3.54476e-26)
(-4.18892e-07 1.46769e-08 3.54476e-26)
(-4.18892e-07 1.46769e-08 3.54476e-26)
(-4.18892e-07 1.46769e-08 3.54476e-26)
(-4.18892e-07 1.46769e-08 3.54476e-26)
(-4.18892e-07 1.46769e-08 3.54476e-26)
(-4.18892e-07 1.46769e-08 3.54476e-26)
(-4.18892e-07 1.46769e-08 3.54476e-26)
(-4.18892e-07 1.46769e-08 3.54476e-26)
(-4.18892e-07 1.46769e-08 3.54476e-26)
(-4.18892e-07 1.46769e-08 3.54476e-26)
(-4.18892e-07 1.46769e-08 3.54476e-26)
(-4.18892e-07 1.46769e-08 3.54476e-26)
(-4.18892e-07 1.46769e-08 3.54476e-26)
(-4.18892e-07 1.46769e-08 3.54476e-26)
(-4.18892e-07 1.46769e-08 3.54476e-26)
(-4.18892e-07 1.46769e-08 3.54476e-26)
(-4.18892e-07 1.46769e-08 3.54476e-26)
(-4.18892e-07 1.46769e-08 3.54476e-26)
(-4.18892e-07 1.46769e-08 3.54476e-26)
(-4.18892e-07 1.46769e-08 3.54476e-26)
(-4.18892e-07 1.46769e-08 3.54476e-26)
(-4.18892e-07 1.46769e-08 3.54476e-26)
(-4.18892e-07 1.46769e-08 3.54476e-26)
(-4.18892e-07 1.46769e-08 3.54476e-26)
(-4.18892e-07 1.46769e-08 3.54476e-26)
(-4.18892e-07 1.46769e-08 3.54476e-26)
(-4.18892e-07 1.46769e-08 3.54476e-26)
(-4.18892e-07 1.46769e-08 3.54476e-26)
(-4.18892e-07 1.46769e-08 3.54476e-26)
(-4.18892e-07 1.46769e-08 3.54476e-26)
(-4.18892e-07 1.46769e-08 3.54476e-26)
(-4.18892e-07 1.46769e-08 3.54476e-26)
(-4.18892e-07 1.46769e-08 3.54476e-26)
(-4.18892e-07 1.46769e-08 3.54476e-26)
(-4.18892e-07 1.46769e-08 3.54476e-26)
(-4.18892e-07 1.46769e-08 3.54476e-26)
(-4.18892e-07 1.46769e-08 3.54476e-26)
(-4.16062e-07 2.50128e-09 7.53364e-28)
(-4.16062e-07 2.50128e-09 7.53364e-28)
(-4.16062e-07 2.50128e-09 7.53364e-28)
(-4.16062e-07 2.50128e-09 7.53364e-28)
(-4.16062e-07 2.50128e-09 7.53364e-28)
(-4.16062e-07 2.50128e-09 7.53364e-28)
(-4.16062e-07 2.50128e-09 7.53364e-28)
(-4.16062e-07 2.50128e-09 7.53364e-28)
(-4.16062e-07 2.50128e-09 7.53364e-28)
(-4.16062e-07 2.50128e-09 7.53364e-28)
(-4.16062e-07 2.50128e-09 7.53364e-28)
(-4.16062e-07 2.50128e-09 7.53364e-28)
(-4.16062e-07 2.50128e-09 7.53364e-28)
(-4.16062e-07 2.50128e-09 7.53364e-28)
(-4.16062e-07 2.50128e-09 7.53364e-28)
(-4.16062e-07 2.50128e-09 7.53364e-28)
(-4.16062e-07 2.50128e-09 7.53364e-28)
(-4.16062e-07 2.50128e-09 7.53364e-28)
(-4.16062e-07 2.50128e-09 7.53364e-28)
(-4.16062e-07 2.50128e-09 7.53364e-28)
(-4.16062e-07 2.50128e-09 7.53364e-28)
(-4.16062e-07 2.50128e-09 7.53364e-28)
(-4.16062e-07 2.50128e-09 7.53364e-28)
(-4.16062e-07 2.50128e-09 7.53364e-28)
(-4.16062e-07 2.50128e-09 7.53364e-28)
(-4.16062e-07 2.50128e-09 7.53364e-28)
(-4.16062e-07 2.50128e-09 7.53364e-28)
(-4.16062e-07 2.50128e-09 7.53364e-28)
(-4.16062e-07 2.50128e-09 7.53364e-28)
(-4.16062e-07 2.50128e-09 7.53364e-28)
(-4.16062e-07 2.50128e-09 7.53364e-28)
(-4.16062e-07 2.50128e-09 7.53364e-28)
(-4.16062e-07 2.50128e-09 7.53364e-28)
(-4.16062e-07 2.50128e-09 7.53364e-28)
(-4.16062e-07 2.50128e-09 7.53364e-28)
(-4.16062e-07 2.50128e-09 7.53364e-28)
(-4.16062e-07 2.50128e-09 7.53364e-28)
(-4.16062e-07 2.50128e-09 7.53364e-28)
(-4.16062e-07 2.50128e-09 7.53364e-28)
(-4.16062e-07 2.50128e-09 7.53364e-28)
(-4.16062e-07 2.50128e-09 7.53364e-28)
(-4.16062e-07 2.50128e-09 7.53364e-28)
(-4.16062e-07 2.50128e-09 7.53364e-28)
(-4.16062e-07 2.50128e-09 7.53364e-28)
(-4.16062e-07 2.50128e-09 7.53364e-28)
(-4.16062e-07 2.50128e-09 7.53364e-28)
(-4.16062e-07 2.50128e-09 7.53364e-28)
(-4.16062e-07 2.50128e-09 7.53364e-28)
(-4.16062e-07 2.50128e-09 7.53364e-28)
(-4.16062e-07 2.50128e-09 7.53364e-28)
(-4.16062e-07 2.50128e-09 7.53364e-28)
(-4.16062e-07 2.50128e-09 7.53364e-28)
(-4.16062e-07 2.50128e-09 7.53364e-28)
(-4.16062e-07 2.50128e-09 7.53364e-28)
(-4.16062e-07 2.50128e-09 7.53364e-28)
(-4.16062e-07 2.50128e-09 7.53364e-28)
(-4.16062e-07 2.50128e-09 7.53364e-28)
(-4.16062e-07 2.50128e-09 7.53364e-28)
(-4.16062e-07 2.50128e-09 7.53364e-28)
(-4.16062e-07 2.50128e-09 7.53364e-28)
(-4.16087e-07 0 0)
(-4.16087e-07 0 0)
(-4.16087e-07 0 0)
(-4.16087e-07 0 0)
(-4.16087e-07 0 0)
(-4.16087e-07 0 0)
(-4.16087e-07 0 0)
(-4.16087e-07 0 0)
(-4.16087e-07 0 0)
(-4.16087e-07 0 0)
(-4.16087e-07 0 0)
(-4.16087e-07 0 0)
(-4.16087e-07 0 0)
(-4.16087e-07 0 0)
(-4.16087e-07 0 0)
(-4.16087e-07 0 0)
(-4.16087e-07 0 0)
(-4.16087e-07 0 0)
(-4.16087e-07 0 0)
(-4.16087e-07 0 0)
(-4.16087e-07 0 0)
(-4.16087e-07 0 0)
(-4.16087e-07 0 0)
(-4.16087e-07 0 0)
(-4.16087e-07 0 0)
(-4.16087e-07 0 0)
(-4.16087e-07 0 0)
(-4.16087e-07 0 0)
(-4.16087e-07 0 0)
(-4.16087e-07 0 0)
(-4.16087e-07 0 0)
(-4.16087e-07 0 0)
(-4.16087e-07 0 0)
(-4.16087e-07 0 0)
(-4.16087e-07 0 0)
(-4.16087e-07 0 0)
(-4.16087e-07 0 0)
(-4.16087e-07 0 0)
(-4.16087e-07 0 0)
(-4.16087e-07 0 0)
(-4.16087e-07 0 0)
(-4.16087e-07 0 0)
(-4.16087e-07 0 0)
(-4.16087e-07 0 0)
(-4.16087e-07 0 0)
(-4.16087e-07 0 0)
(-4.16087e-07 0 0)
(-4.16087e-07 0 0)
(-4.16087e-07 0 0)
(-4.16087e-07 0 0)
(-4.16087e-07 0 0)
(-4.16087e-07 0 0)
(-4.16087e-07 0 0)
(-4.16087e-07 0 0)
(-4.16087e-07 0 0)
(-4.16087e-07 0 0)
(-4.16087e-07 0 0)
(-4.16087e-07 0 0)
(-4.16087e-07 0 0)
(-4.16087e-07 0 0)
)
;
    }
    front
    {
        type            cyclic;
    }
    back
    {
        type            cyclic;
    }
}


// ************************************************************************* //
