/*--------------------------------*- C++ -*----------------------------------*\
  =========                 |
  \\      /  F ield         | OpenFOAM: The Open Source CFD Toolbox
   \\    /   O peration     | Website:  https://openfoam.org
    \\  /    A nd           | Version:  13
     \\/     M anipulation  |
\*---------------------------------------------------------------------------*/
FoamFile
{
    format      ascii;
    class       volScalarField;
    location    "0.5";
    object      classifier_w_channel_mean;
}
// * * * * * * * * * * * * * * * * * * * * * * * * * * * * * * * * * * * * * //

dimensions      [];

internalField   uniform 0;

boundaryField
{
    inlet
    {
        type            cyclic;
    }
    outlet
    {
        type            cyclic;
    }
    top
    {
        type            calculated;
        value           nonuniform List<scalar> 
7200
(
0.155863
0.206669
0.205776
0.205556
0.205489
0.20553
0.205226
0.20474
0.204682
0.204224
0.203846
0.203375
0.202886
0.201984
0.200984
0.20035
0.200282
0.200722
0.200541
0.200248
0.199643
0.199006
0.197486
0.195094
0.192981
0.19011
0.187334
0.185812
0.184733
0.186333
0.192347
0.186039
0.185872
0.153817
0.131557
0.12495
0.127738
0.159499
0.163697
0.167271
0.16785
0.168101
0.167863
0.167129
0.165565
0.164641
0.164434
0.164373
0.164375
0.16439
0.164688
0.164893
0.165506
0.166388
0.165094
0.193931
0.19943
0.202157
0.204751
0.158559
0.168924
0.210599
0.209426
0.20935
0.209497
0.209521
0.20921
0.208826
0.20821
0.207321
0.206608
0.205919
0.205272
0.204213
0.20314
0.202334
0.202162
0.202778
0.202636
0.202308
0.201801
0.20153
0.200997
0.199616
0.196702
0.193905
0.189465
0.186109
0.186086
0.191683
0.165165
0.193986
0.185066
0.143202
0.125928
0.127611
0.163865
0.164828
0.167041
0.169036
0.169263
0.16935
0.169057
0.16827
0.166403
0.16549
0.165408
0.165428
0.165438
0.1654
0.165605
0.165814
0.16645
0.166165
0.188394
0.197832
0.201201
0.202704
0.204005
0.159493
0.211534
0.210339
0.210321
0.210504
0.210766
0.211062
0.210803
0.210045
0.209061
0.207879
0.206862
0.206009
0.205344
0.20446
0.20363
0.20294
0.202703
0.203144
0.202922
0.202481
0.201735
0.200886
0.200077
0.198504
0.168396
0.168645
0.166706
0.19222
0.188966
0.189654
0.163109
0.168929
0.144739
0.127715
0.128523
0.161736
0.165159
0.16678
0.16937
0.170244
0.170517
0.170526
0.170134
0.169039
0.167025
0.166469
0.16652
0.166567
0.166507
0.166357
0.166227
0.165129
0.157131
0.192889
0.19826
0.200226
0.202127
0.203408
0.203919
0.206164
0.210409
0.210579
0.211542
0.210563
0.172099
0.164092
0.164723
0.148199
0.159415
0.165119
0.210005
0.209937
0.210123
0.211202
0.210763
0.210923
0.210883
0.200035
0.199396
0.198373
0.210513
0.212997
0.204327
0.1387
0.151539
0.170408
0.168794
0.166903
0.163375
0.164437
0.168453
0.168798
0.13014
0.130179
0.162734
0.164613
0.167491
0.169341
0.170361
0.171532
0.172035
0.172012
0.171061
0.169037
0.168233
0.168257
0.168301
0.168173
0.167819
0.166917
0.175501
0.191986
0.195176
0.197469
0.20018
0.201464
0.202671
0.203404
0.203737
0.202205
0.169639
0.167348
0.156644
0.169902
0.173075
0.169721
0.173312
0.17479
0.176599
0.177811
0.178392
0.176669
0.163891
0.191117
0.198606
0.202742
0.205415
0.204895
0.198821
0.189319
0.177677
0.152609
0.156757
0.165457
0.162688
0.154565
0.152079
0.142588
0.140944
0.145452
0.164616
0.166713
0.164426
0.163596
0.165455
0.168271
0.169321
0.170102
0.172111
0.174159
0.174285
0.17355
0.171281
0.170667
0.170789
0.170802
0.170619
0.170101
0.169038
0.166263
0.189828
0.193934
0.194015
0.193777
0.191146
0.171515
0.167818
0.168224
0.173103
0.172657
0.165489
0.165966
0.13835
0.13302
0.131397
0.131477
0.133541
0.135991
0.141625
0.154658
0.173829
0.176901
0.175838
0.172278
0.163869
0.177891
0.188791
0.187888
0.178895
0.178036
0.178175
0.180571
0.180899
0.177661
0.181641
0.148888
0.14887
0.176251
0.197221
0.18901
0.140872
0.164513
0.166358
0.165886
0.168179
0.169204
0.169609
0.171028
0.173157
0.168828
0.168096
0.169136
0.170307
0.17084
0.17134
0.171404
0.171155
0.170594
0.169675
0.167171
0.182266
0.164467
0.139871
0.139827
0.144437
0.154331
0.1626
0.169127
0.169107
0.159054
0.139272
0.131738
0.129123
0.127959
0.12744
0.127712
0.129548
0.131336
0.135397
0.154238
0.160654
0.139653
0.180628
0.191
0.19575
0.198469
0.200997
0.200398
0.198812
0.1992
0.200192
0.200829
0.20204
0.202536
0.202752
0.201488
0.179418
0.180466
0.179417
0.179864
0.181038
0.164885
0.166844
0.167027
0.168734
0.169092
0.169217
0.168724
0.184468
0.183557
0.178355
0.168371
0.17364
0.143566
0.141272
0.139929
0.139594
0.139795
0.140792
0.141747
0.141132
0.153157
0.163801
0.166355
0.170042
0.171465
0.167478
0.143872
0.148809
0.13283
0.13133
0.128323
0.127129
0.123554
0.161049
0.159929
0.160454
0.160763
0.165734
0.150668
0.185789
0.188049
0.188557
0.188311
0.187788
0.18723
0.186704
0.185933
0.185081
0.184593
0.184159
0.183561
0.183238
0.18281
0.182589
0.182645
0.183207
0.183683
0.182385
0.182181
0.182682
0.166553
0.167062
0.167017
0.168096
0.167904
0.164302
0.182005
0.182698
0.179607
0.17124
0.143137
0.13964
0.139164
0.139773
0.140411
0.141145
0.14208
0.143509
0.14788
0.158609
0.171564
0.172327
0.164913
0.14744
0.139193
0.13571
0.13274
0.134959
0.129182
0.162986
0.162594
0.16162
0.160569
0.158675
0.160009
0.167641
0.180657
0.18914
0.19215
0.192532
0.192095
0.191268
0.190281
0.189446
0.188744
0.188108
0.187201
0.186369
0.185986
0.185538
0.18504
0.184534
0.18408
0.183771
0.183787
0.184408
0.185377
0.184421
0.184286
0.184603
0.167013
0.166918
0.166583
0.166113
0.164473
0.178732
0.180499
0.166169
0.171274
0.139389
0.139086
0.143107
0.147699
0.150277
0.151032
0.151887
0.153638
0.157168
0.16366
0.170653
0.158498
0.144601
0.140403
0.137513
0.13423
0.132651
0.130971
0.131893
0.129226
0.163698
0.163496
0.162575
0.160474
0.162997
0.168371
0.184871
0.190097
0.192159
0.193591
0.193575
0.192993
0.19212
0.191162
0.190319
0.189618
0.188932
0.18811
0.187458
0.187019
0.186434
0.185859
0.185225
0.184684
0.184225
0.183916
0.184067
0.184768
0.184571
0.184873
0.184897
0.167108
0.166902
0.166329
0.165355
0.162815
0.180252
0.165514
0.171045
0.175026
0.14214
0.149312
0.15496
0.157783
0.158815
0.158832
0.159127
0.160237
0.162529
0.165911
0.17063
0.15816
0.142652
0.139126
0.136542
0.134265
0.134106
0.132968
0.16484
0.133045
0.167402
0.164658
0.163753
0.162881
0.166236
0.151828
0.188302
0.191323
0.193092
0.194167
0.194028
0.193429
0.192561
0.191613
0.190737
0.190017
0.189324
0.188596
0.188001
0.187501
0.186882
0.186293
0.185644
0.185129
0.184604
0.184143
0.184202
0.1847
0.184793
0.185181
0.184607
0.166458
0.166696
0.165851
0.163552
0.172309
0.178549
0.170364
0.173848
0.175553
0.179335
0.154905
0.157668
0.158976
0.159262
0.158875
0.158746
0.159553
0.161238
0.163928
0.16723
0.16962
0.154577
0.147309
0.141911
0.138071
0.13959
0.139166
0.165738
0.146926
0.175873
0.167626
0.166928
0.167435
0.167322
0.186414
0.190482
0.192236
0.193565
0.194418
0.194231
0.193621
0.192746
0.191837
0.190992
0.190265
0.189572
0.18892
0.188362
0.187808
0.187178
0.186591
0.18597
0.185511
0.184965
0.1844
0.184304
0.18446
0.184286
0.184766
0.184976
0.164534
0.165886
0.164275
0.163561
0.181282
0.163403
0.174028
0.176811
0.176743
0.177141
0.179386
0.156192
0.156615
0.156228
0.155073
0.154409
0.155323
0.157227
0.159915
0.163106
0.16856
0.169355
0.169222
0.168214
0.155608
0.158952
0.152418
0.167075
0.161239
0.188089
0.178605
0.1647
0.164254
0.183914
0.189115
0.190872
0.19237
0.193535
0.194324
0.194168
0.193592
0.192746
0.191903
0.191108
0.190375
0.189666
0.189025
0.188468
0.187883
0.187272
0.18672
0.186166
0.185788
0.185277
0.184683
0.184339
0.184352
0.184132
0.184174
0.184353
0.180815
0.163849
0.16356
0.155957
0.173022
0.168978
0.176885
0.178493
0.177784
0.177557
0.177264
0.177049
0.176837
0.176506
0.176052
0.175706
0.1543
0.148325
0.152063
0.155907
0.162759
0.165826
0.165244
0.167958
0.166146
0.166048
0.167346
0.169372
0.172027
0.187725
0.183665
0.182528
0.182454
0.186736
0.188929
0.190637
0.192023
0.193143
0.19391
0.193837
0.19335
0.19259
0.191852
0.191136
0.190432
0.189725
0.189054
0.188466
0.187875
0.187299
0.186815
0.18634
0.186036
0.185589
0.185006
0.184462
0.184059
0.183757
0.183788
0.183825
0.180985
0.16361
0.165584
0.165875
0.164025
0.172518
0.17744
0.178128
0.177435
0.177031
0.176798
0.176522
0.176259
0.176036
0.175775
0.175416
0.175041
0.174872
0.141904
0.145351
0.152338
0.157897
0.156684
0.159342
0.170586
0.17055
0.170742
0.171988
0.166402
0.185999
0.18314
0.184254
0.185374
0.186544
0.188411
0.189976
0.191389
0.192482
0.193228
0.193251
0.192872
0.192216
0.191609
0.19102
0.190422
0.189795
0.189159
0.188589
0.188033
0.187504
0.187099
0.186713
0.186502
0.186178
0.185648
0.184876
0.183988
0.183329
0.182755
0.181243
0.163506
0.169049
0.170121
0.168869
0.171581
0.174898
0.174289
0.175045
0.17401
0.172828
0.172652
0.172166
0.171387
0.169848
0.160412
0.150726
0.14545
0.144149
0.14395
0.143956
0.142475
0.144004
0.14073
0.140492
0.172104
0.171932
0.171297
0.17265
0.166605
0.185342
0.182461
0.184767
0.18553
0.186357
0.187936
0.189185
0.190531
0.191605
0.192348
0.192458
0.192163
0.191588
0.191087
0.190635
0.190186
0.189709
0.189214
0.18877
0.188332
0.187901
0.187583
0.187291
0.187169
0.186987
0.186611
0.18574
0.184431
0.183447
0.182346
0.17846
0.165821
0.169975
0.168788
0.169741
0.172634
0.174713
0.175012
0.174427
0.172161
0.170994
0.171316
0.171321
0.171269
0.171146
0.171041
0.170895
0.170371
0.169435
0.159383
0.154132
0.147573
0.145771
0.150324
0.146952
0.172301
0.171687
0.168562
0.170616
0.178429
0.194439
0.184187
0.185048
0.185012
0.185676
0.186977
0.1883
0.18959
0.190643
0.191405
0.191581
0.191338
0.190827
0.190395
0.190041
0.189717
0.189387
0.189053
0.18878
0.188518
0.188233
0.188024
0.18781
0.187741
0.187641
0.187372
0.186637
0.185204
0.18379
0.182104
0.178975
0.159948
0.164856
0.167463
0.16905
0.171042
0.173135
0.173647
0.171297
0.168822
0.167696
0.168082
0.168145
0.16812
0.167988
0.16786
0.167722
0.167328
0.16662
0.163522
0.160054
0.158116
0.157094
0.167427
0.156671
0.169103
0.167719
0.161038
0.164668
0.181967
0.191444
0.184729
0.185075
0.185079
0.185459
0.186396
0.1875
0.188736
0.189765
0.190544
0.190767
0.190563
0.190105
0.189719
0.189433
0.189203
0.188981
0.188763
0.188634
0.188536
0.188401
0.188298
0.188148
0.188123
0.188084
0.187888
0.187253
0.185798
0.183537
0.17991
0.18091
0.158908
0.165693
0.166661
0.167018
0.168029
0.170793
0.170494
0.168558
0.166095
0.164545
0.164511
0.16446
0.164381
0.164242
0.164184
0.164154
0.164012
0.16374
0.167424
0.163135
0.160951
0.159417
0.164814
0.159968
0.164096
0.162197
0.173982
0.175497
0.176336
0.188499
0.19048
0.184565
0.184972
0.185485
0.186177
0.187041
0.188131
0.189105
0.189886
0.190143
0.189975
0.18955
0.189192
0.18895
0.188776
0.188625
0.18849
0.188466
0.188493
0.188474
0.18845
0.188356
0.188372
0.188389
0.188269
0.187679
0.18592
0.180947
0.159381
0.187439
0.183668
0.164791
0.164905
0.165385
0.166027
0.167533
0.167794
0.167451
0.165281
0.162906
0.162056
0.16167
0.161461
0.161308
0.161285
0.161259
0.161107
0.16094
0.165186
0.164108
0.162736
0.16131
0.16087
0.161583
0.15999
0.158676
0.177553
0.180598
0.181918
0.185925
0.184191
0.184562
0.185024
0.185582
0.186298
0.186991
0.187838
0.188705
0.189471
0.189748
0.189606
0.189197
0.188842
0.188611
0.188457
0.18834
0.188259
0.188298
0.188411
0.188467
0.188503
0.188451
0.188508
0.188596
0.188528
0.187867
0.18518
0.158379
0.161003
0.160008
0.18352
0.161563
0.163806
0.165644
0.166454
0.16654
0.16719
0.169066
0.16795
0.165275
0.163473
0.162544
0.162004
0.161566
0.161215
0.160811
0.160137
0.159702
0.164168
0.16432
0.163197
0.162144
0.158073
0.158388
0.157607
0.157151
0.164216
0.173501
0.175645
0.180683
0.184652
0.185329
0.185883
0.186215
0.186934
0.187702
0.188333
0.189111
0.189891
0.190147
0.18996
0.189491
0.189076
0.188783
0.188592
0.188471
0.188376
0.188414
0.188563
0.188644
0.188746
0.188726
0.188821
0.189037
0.18904
0.188193
0.184154
0.158424
0.161779
0.16028
0.16129
0.163127
0.165589
0.16856
0.169752
0.168964
0.169923
0.173536
0.173536
0.171227
0.168859
0.167357
0.166278
0.165256
0.164161
0.162934
0.161168
0.164224
0.165188
0.16509
0.163902
0.163174
0.157111
0.156983
0.156879
0.157043
0.158173
0.157965
0.156946
0.158743
0.188347
0.186708
0.186507
0.186587
0.187065
0.187875
0.188819
0.189561
0.190271
0.190456
0.190275
0.189786
0.189337
0.188988
0.188731
0.188564
0.188439
0.188463
0.188613
0.188679
0.188813
0.188784
0.188902
0.18923
0.189183
0.187765
0.172253
0.159408
0.165353
0.16269
0.163914
0.167364
0.169994
0.17355
0.175346
0.174303
0.175562
0.179947
0.180122
0.177966
0.175355
0.173399
0.171816
0.170241
0.168175
0.165306
0.165554
0.165607
0.166311
0.166143
0.165001
0.164607
0.157479
0.157762
0.157567
0.15808
0.158991
0.158206
0.157194
0.16208
0.186865
0.187368
0.188332
0.188526
0.189071
0.189618
0.190379
0.191646
0.19273
0.192833
0.192411
0.191599
0.190845
0.190245
0.189726
0.189301
0.188985
0.188838
0.188813
0.18874
0.188711
0.188594
0.188699
0.189
0.188872
0.186845
0.164121
0.16172
0.165705
0.166866
0.168314
0.172563
0.176089
0.179979
0.18218
0.182049
0.183964
0.188187
0.188521
0.185779
0.182829
0.18082
0.179233
0.169187
0.168261
0.167772
0.166843
0.166013
0.166806
0.166915
0.165981
0.165915
0.167223
0.166378
0.158918
0.159767
0.160737
0.159785
0.158596
0.161578
0.181504
0.191809
0.191783
0.19202
0.192946
0.193711
0.194211
0.195229
0.196275
0.196484
0.196097
0.194987
0.193739
0.192625
0.191597
0.190706
0.190005
0.189543
0.189252
0.188962
0.188739
0.188489
0.188604
0.189006
0.189038
0.187297
0.169186
0.169416
0.171205
0.172874
0.174521
0.17855
0.183716
0.188068
0.19073
0.190371
0.191511
0.198489
0.19734
0.191471
0.18862
0.172865
0.169508
0.167988
0.167672
0.167057
0.167007
0.166062
0.166622
0.167153
0.166514
0.166642
0.166915
0.166643
0.164418
0.16549
0.166662
0.164596
0.163119
0.165055
0.167762
0.19106
0.192372
0.194261
0.197639
0.200281
0.201545
0.202886
0.203698
0.202969
0.201676
0.199981
0.198347
0.196647
0.194876
0.193265
0.191953
0.191024
0.190399
0.189883
0.189514
0.189224
0.189469
0.19015
0.19069
0.190028
0.188238
0.188594
0.192381
0.178611
0.180722
0.187975
0.189064
0.186755
0.176469
0.177457
0.191463
0.195187
0.171384
0.172822
0.173319
0.169574
0.169786
0.169086
0.168499
0.16562
0.165039
0.164617
0.165049
0.165691
0.165519
0.165774
0.166565
0.166835
0.168267
0.170169
0.171608
0.170124
0.171197
0.169128
0.175582
0.176969
0.16915
0.194959
0.200175
0.203662
0.209142
0.213276
0.214393
0.213191
0.211138
0.20826
0.205217
0.20255
0.20007
0.197654
0.195567
0.194044
0.193046
0.192327
0.191909
0.191726
0.192213
0.19322
0.194268
0.194445
0.193992
0.195553
0.198108
0.181566
0.189492
0.194211
0.196833
0.198037
0.19879
0.197744
0.200921
0.176038
0.173246
0.172376
0.171796
0.170098
0.168115
0.166633
0.165055
0.161559
0.160677
0.159731
0.16009
0.161794
0.161126
0.161286
0.162104
0.163822
0.16667
0.169376
0.169833
0.169632
0.173247
0.167981
0.178366
0.181607
0.181507
0.180891
0.187492
0.207956
0.211126
0.217238
0.222399
0.222489
0.220532
0.217698
0.214363
0.210407
0.206819
0.204062
0.201548
0.199521
0.198221
0.197335
0.196904
0.1968
0.197216
0.197799
0.198028
0.197
0.193933
0.19601
0.198257
0.193628
0.195404
0.199861
0.201225
0.200654
0.199654
0.172574
0.173417
0.173137
0.171963
0.168561
0.165224
0.159962
0.155308
0.15421
0.153694
0.152556
0.151686
0.151566
0.151726
0.153868
0.154434
0.154691
0.154748
0.15545
0.157374
0.162206
0.165593
0.165847
0.176262
0.16524
0.185594
0.186188
0.186417
0.187217
0.187732
0.180454
0.214524
0.220764
0.223484
0.226639
0.22626
0.22406
0.221186
0.217769
0.213744
0.210787
0.208811
0.207087
0.205808
0.204687
0.203865
0.202967
0.201455
0.199225
0.197242
0.195557
0.191724
0.194864
0.197116
0.196588
0.204045
0.201707
0.200279
0.176142
0.171145
0.171369
0.168707
0.161895
0.1544
0.153301
0.149989
0.143528
0.144795
0.151131
0.156616
0.158371
0.159133
0.157261
0.152953
0.144119
0.148241
0.14826
0.174506
0.176688
0.173914
0.171856
0.173084
0.154961
0.165771
0.186325
0.197632
0.163323
0.188499
0.191503
0.191372
0.19035
0.177427
0.221763
0.224529
0.226484
0.227858
0.226259
0.223867
0.221377
0.218203
0.215307
0.21411
0.213218
0.212138
0.210642
0.208743
0.204739
0.199373
0.197427
0.197128
0.19625
0.187395
0.193488
0.192361
0.196052
0.18788
0.167515
0.165797
0.162517
0.155058
0.153186
0.146337
0.146947
0.157362
0.16068
0.162346
0.165918
0.169954
0.17285
0.174731
0.175277
0.175454
0.17573
0.175775
0.172839
0.148429
0.149722
0.186888
0.194677
0.194184
0.190048
0.182733
0.175727
0.179583
0.182241
0.174801
0.176839
0.200377
0.201686
0.208514
0.182151
0.209055
0.222048
0.224811
0.225344
0.228179
0.228004
0.226036
0.22389
0.221375
0.218822
0.216784
0.215546
0.213314
0.210018
0.206072
0.199216
0.193192
0.188483
0.179087
0.16777
0.161695
0.165303
0.161663
0.163009
0.154539
0.151563
0.142853
0.144422
0.156674
0.162305
0.168311
0.173594
0.175474
0.174468
0.159276
0.151445
0.145642
0.142792
0.140539
0.140276
0.140658
0.141963
0.145364
0.158585
0.171687
0.15025
0.178043
0.186178
0.19746
0.201515
0.202088
0.199344
0.188695
0.202099
0.195714
0.188393
0.180703
0.176485
0.180825
0.192975
0.194064
0.189959
0.187861
0.186936
0.185554
0.184335
0.183025
0.181902
0.180891
0.180397
0.177802
0.175
0.171641
0.167751
0.164933
0.15212
0.15421
0.153845
0.153025
0.151921
0.145583
0.15183
0.140858
0.14103
0.156508
0.163217
0.168978
0.173781
0.175396
0.152297
0.141619
0.137796
0.13609
0.135566
0.136166
0.136969
0.137297
0.138222
0.138665
0.139473
0.139867
0.140108
0.141241
0.145352
0.157695
0.166928
0.154958
0.140602
0.17651
0.18827
0.198026
0.20307
0.202279
0.199882
0.201399
0.200313
0.197122
0.19182
0.187692
0.184332
0.182229
0.181191
0.180612
0.180086
0.179557
0.178911
0.178133
0.177129
0.175788
0.173453
0.169425
0.162016
0.14847
0.151827
0.152215
0.152519
0.147825
0.142993
0.143149
0.15122
0.163649
0.158267
0.167692
0.167236
0.17406
0.172697
0.147703
0.139778
0.135469
0.13311
0.13218
0.132346
0.133275
0.13507
0.13832
0.143182
0.148659
0.156079
0.161304
0.162859
0.159975
0.154563
0.152567
0.156466
0.16177
0.160894
0.157098
0.144808
0.137405
0.140427
0.171509
0.1834
0.192349
0.174637
0.190538
0.193479
0.195737
0.195151
0.193593
0.191848
0.19013
0.188909
0.187971
0.187022
0.186304
0.185783
0.18548
0.184838
0.183162
0.179804
0.174073
0.165562
0.151466
0.152151
0.143224
0.13792
0.141253
0.152913
0.16269
0.169358
0.173948
0.172857
0.173356
0.172849
0.153677
0.140017
0.136579
0.134522
0.133347
0.133091
0.13434
0.137486
0.1433
0.155267
0.157026
0.149458
0.139109
0.163297
0.162453
0.162369
0.162526
0.162951
0.163209
0.163286
0.163087
0.162992
0.162646
0.162145
0.161976
0.161944
0.162525
0.163393
0.161087
0.160956
0.159128
0.158834
0.182516
0.1771
0.180609
0.182994
0.183662
0.182765
0.181568
0.180688
0.180444
0.180795
0.181734
0.182373
0.181579
0.178974
0.176083
0.173748
0.172092
0.171044
0.169394
0.152235
0.14222
0.13977
0.144586
0.14843
0.159404
0.165905
0.165909
0.149327
0.153816
0.141473
0.139228
0.138967
0.139845
0.143947
0.149554
0.139786
0.165727
0.161486
0.161345
0.161143
0.160979
0.16084
0.160789
0.160843
0.161064
0.161415
0.161744
0.161845
0.161732
0.161677
0.161444
0.161114
0.160954
0.160938
0.160979
0.161438
0.161632
0.160671
0.160784
0.161227
0.160224
0.159752
0.159534
0.159241
0.159256
0.152075
0.151504
0.145398
0.16392
0.166878
0.169856
0.172718
0.174568
0.174894
0.175258
0.175816
0.176451
0.177283
0.1785
0.178691
0.177315
0.175089
0.173597
0.174182
0.175162
0.139826
0.140363
0.172304
0.151056
0.141197
0.140844
0.135866
0.162214
0.16182
0.160864
0.161607
0.163201
0.161781
0.157394
0.160239
0.160238
0.160067
0.159963
0.159985
0.160199
0.160433
0.160571
0.160611
0.160599
0.16055
0.160348
0.16009
0.160072
0.160237
0.160646
0.16064
0.160728
0.15997
0.160163
0.160798
0.1608
0.161016
0.161163
0.161062
0.161097
0.161092
0.160642
0.15998
0.159293
0.158806
0.158822
0.156565
0.161956
0.164636
0.167323
0.17664
0.177727
0.179906
0.180753
0.181768
0.182656
0.183297
0.184077
0.186056
0.168679
0.165208
0.162148
0.168969
0.166421
0.161641
0.161622
0.161019
0.160783
0.162602
0.163219
0.162878
0.162175
0.159868
0.15893
0.15976
0.159538
0.159348
0.159183
0.159157
0.159185
0.159369
0.159465
0.159485
0.159503
0.159499
0.159369
0.159246
0.159447
0.159798
0.160052
0.159736
0.159961
0.159766
0.160005
0.160523
0.160271
0.160402
0.16074
0.160847
0.160947
0.161126
0.161144
0.160824
0.16016
0.159318
0.158921
0.158815
0.158912
0.158904
0.160965
0.164911
0.167299
0.169303
0.170402
0.171296
0.17187
0.17195
0.17182
0.172574
0.17215
0.168267
0.163801
0.166675
0.166805
0.158465
0.160373
0.158216
0.161335
0.161297
0.157864
0.149397
0.154454
0.155826
0.156367
0.156328
0.158921
0.15876
0.158689
0.158652
0.158728
0.158584
0.158628
0.158647
0.158699
0.158788
0.158786
0.158826
0.159226
0.159741
0.159933
0.159512
0.159726
0.159779
0.159921
0.160021
0.159779
0.159898
0.160185
0.160317
0.160439
0.160691
0.161006
0.161063
0.160585
0.159891
0.159256
0.158896
0.158928
0.158036
0.153686
0.16285
0.166444
0.168706
0.170202
0.171351
0.171822
0.171453
0.170491
0.171364
0.171465
0.167302
0.158245
0.158249
0.163675
0.160947
0.159677
0.159168
0.155619
0.159515
0.161422
0.161681
0.160684
0.160984
0.162487
0.16247
0.161299
0.158806
0.158329
0.158573
0.157681
0.158529
0.158358
0.158248
0.158244
0.158341
0.158457
0.158649
0.159102
0.159622
0.159856
0.159519
0.159669
0.159527
0.159538
0.159327
0.159153
0.159173
0.159356
0.15944
0.159593
0.160022
0.16061
0.161003
0.161037
0.160775
0.160225
0.159529
0.159096
0.15911
0.154074
0.16117
0.164586
0.166293
0.168998
0.171031
0.171232
0.169873
0.168454
0.170133
0.170939
0.166318
0.159059
0.159524
0.155524
0.162601
0.1541
0.157802
0.159765
0.161711
0.163647
0.165036
0.165168
0.165663
0.166712
0.167012
0.166929
0.166763
0.164711
0.157479
0.158282
0.157956
0.158388
0.15833
0.158091
0.15799
0.158081
0.158489
0.158979
0.159332
0.159553
0.159356
0.159421
0.158992
0.158951
0.158561
0.158416
0.158367
0.158475
0.15856
0.158794
0.159347
0.16008
0.160703
0.161072
0.161153
0.16089
0.160277
0.159594
0.159387
0.159057
0.154213
0.162438
0.164909
0.166585
0.169073
0.168888
0.166715
0.166534
0.169517
0.170936
0.166497
0.156467
0.159139
0.158048
0.161386
0.159922
0.161977
0.163191
0.164818
0.166669
0.168079
0.16863
0.169173
0.169877
0.170228
0.170416
0.170318
0.169145
0.16664
0.162059
0.158079
0.158263
0.158193
0.158247
0.157899
0.157776
0.15796
0.158475
0.158906
0.159049
0.158913
0.158918
0.158286
0.158224
0.1578
0.157702
0.157652
0.157764
0.157902
0.158221
0.15885
0.159631
0.160314
0.160812
0.161077
0.161055
0.160693
0.16012
0.159625
0.159573
0.158884
0.15718
0.161301
0.161946
0.163831
0.16454
0.164277
0.166251
0.169519
0.171315
0.167454
0.159884
0.158641
0.158472
0.159084
0.161055
0.163973
0.165799
0.167516
0.169211
0.170518
0.171199
0.171795
0.172402
0.172797
0.173145
0.173224
0.172484
0.170893
0.168997
0.164028
0.152964
0.144077
0.157962
0.157722
0.157538
0.157636
0.158029
0.158189
0.158343
0.158279
0.158233
0.157572
0.157489
0.157145
0.157124
0.157142
0.157311
0.157538
0.157939
0.158603
0.15937
0.160022
0.160509
0.160815
0.160907
0.160747
0.160397
0.159967
0.159625
0.159585
0.159194
0.152111
0.150545
0.160022
0.161707
0.162907
0.165139
0.169298
0.171348
0.168021
0.161846
0.158755
0.158673
0.153188
0.16156
0.165811
0.167809
0.169495
0.171051
0.172332
0.17321
0.173957
0.174641
0.175086
0.175488
0.175632
0.175133
0.174051
0.173186
0.171346
0.167565
0.164191
0.155778
0.157731
0.15727
0.157552
0.157557
0.157504
0.15765
0.157609
0.157519
0.156942
0.156848
0.156653
0.156745
0.156873
0.157112
0.157424
0.15791
0.158587
0.159274
0.159837
0.160252
0.160522
0.160636
0.160581
0.16041
0.160165
0.159871
0.159548
0.159424
0.15946
0.159033
0.150408
0.161234
0.162877
0.163997
0.168125
0.170978
0.168081
0.159144
0.159039
0.159429
0.1519
0.162951
0.1679
0.170181
0.17186
0.173177
0.174469
0.175566
0.176389
0.176983
0.177374
0.177711
0.177895
0.177549
0.176998
0.176666
0.177557
0.176142
0.171588
0.166652
0.156057
0.157094
0.15699
0.157277
0.156939
0.156963
0.156942
0.156851
0.156445
0.156309
0.156292
0.156562
0.156816
0.157136
0.157697
0.158616
0.159221
0.159468
0.159731
0.160015
0.160225
0.160325
0.160312
0.160247
0.160161
0.160037
0.159796
0.159455
0.159198
0.159139
0.159245
0.153689
0.16234
0.162928
0.164984
0.17035
0.169935
0.160887
0.160734
0.160989
0.155385
0.164506
0.169171
0.171561
0.173453
0.17462
0.175851
0.177102
0.177899
0.178341
0.178642
0.178873
0.178955
0.178605
0.177967
0.177376
0.177529
0.177603
0.176939
0.174725
0.167647
0.156012
0.156461
0.156707
0.156511
0.156362
0.15629
0.156308
0.155958
0.156576
0.156176
0.156545
0.157046
0.157971
0.159662
0.160778
0.161075
0.160517
0.159843
0.159791
0.159907
0.15998
0.159992
0.159995
0.160019
0.160052
0.159954
0.159683
0.159389
0.159091
0.158888
0.159156
0.15917
0.160981
0.162967
0.169681
0.173343
0.166109
0.1602
0.159883
0.156482
0.165922
0.17054
0.17278
0.174465
0.175844
0.176943
0.178017
0.178854
0.179277
0.179549
0.179776
0.179902
0.179613
0.17894
0.177686
0.174148
0.173035
0.175611
0.175249
0.170432
0.163601
0.156406
0.155898
0.15583
0.155717
0.155531
0.155711
0.156129
0.156492
0.157044
0.157239
0.158986
0.160323
0.161216
0.161753
0.161874
0.161459
0.16014
0.159507
0.159515
0.159572
0.159612
0.15966
0.159742
0.159839
0.159887
0.159838
0.159676
0.159451
0.15909
0.158594
0.158906
0.156697
0.160803
0.169965
0.171541
0.168882
0.158353
0.158893
0.159538
0.166823
0.170905
0.173303
0.174856
0.176239
0.177448
0.17853
0.179325
0.179831
0.18018
0.18052
0.180769
0.180609
0.18015
0.179337
0.178071
0.176261
0.170791
0.168141
0.170684
0.168463
0.151703
0.15566
0.155498
0.155542
0.155491
0.155676
0.156203
0.157258
0.160646
0.161324
0.161759
0.162255
0.162773
0.162924
0.162589
0.162021
0.161052
0.159335
0.158929
0.158944
0.158965
0.15905
0.159191
0.159334
0.159476
0.159605
0.15962
0.159544
0.159319
0.158812
0.158279
0.158472
0.158439
0.171368
0.170344
0.168516
0.157648
0.157842
0.16241
0.166753
0.170305
0.172718
0.174581
0.176025
0.177462
0.178665
0.179657
0.180236
0.180703
0.181229
0.181673
0.181694
0.181501
0.181135
0.180623
0.17972
0.178197
0.177074
0.176124
0.174736
0.172334
0.159374
0.155616
0.155439
0.156147
0.156135
0.157493
0.158111
0.161716
0.163193
0.163677
0.16408
0.164295
0.164007
0.16318
0.162147
0.160966
0.158998
0.158463
0.158461
0.158528
0.158673
0.158857
0.159087
0.159333
0.15956
0.159713
0.159819
0.159757
0.15948
0.159126
0.158613
0.159849
0.157984
0.171296
0.173134
0.167191
0.157779
0.152769
0.162848
0.166904
0.171349
0.173374
0.175231
0.177039
0.178591
0.179833
0.180527
0.181172
0.181926
0.182588
0.182821
0.182878
0.18283
0.182678
0.182235
0.181479
0.180774
0.179891
0.179052
0.177934
0.175274
0.16212
0.15756
0.157779
0.15881
0.160785
0.161092
0.163968
0.165718
0.166621
0.166964
0.166835
0.165965
0.16441
0.162617
0.161001
0.158667
0.15763
0.157545
0.157609
0.157761
0.157953
0.158217
0.158494
0.158747
0.158978
0.159197
0.15927
0.159195
0.159178
0.159488
0.160909
0.160911
0.157469
0.170136
0.162604
0.157282
0.157323
0.157289
0.162336
0.167014
0.170765
0.173923
0.176013
0.178222
0.179846
0.180755
0.181665
0.18265
0.183502
0.183964
0.184248
0.184423
0.184484
0.184293
0.183874
0.18339
0.182696
0.182184
0.181739
0.180994
0.179159
0.165471
0.163529
0.162521
0.16582
0.166223
0.168606
0.170296
0.171083
0.171201
0.170644
0.169201
0.166935
0.164263
0.161849
0.159188
0.157178
0.156811
0.156767
0.156842
0.156996
0.157252
0.157531
0.15781
0.158091
0.158381
0.158557
0.158633
0.158843
0.159385
0.160485
0.160789
0.158719
0.157353
0.157025
0.157221
0.157061
0.156921
0.156804
0.147373
0.170584
0.166814
0.1743
0.177451
0.17975
0.180998
0.182232
0.18344
0.184474
0.185159
0.185651
0.186012
0.186256
0.186269
0.186084
0.18581
0.185333
0.185038
0.184925
0.184977
0.18447
0.182544
0.1784
0.163774
0.170942
0.171285
0.174317
0.176149
0.176774
0.176648
0.175693
0.173739
0.170942
0.167581
0.164268
0.161191
0.157897
0.156812
0.156395
0.156206
0.156201
0.156344
0.156553
0.156798
0.15708
0.157388
0.157613
0.157788
0.158104
0.158655
0.159535
0.159889
0.158883
0.157298
0.156727
0.157438
0.157336
0.157182
0.156814
0.156548
0.156822
0.169286
0.167129
0.175097
0.179764
0.181365
0.182945
0.184395
0.185615
0.186503
0.187187
0.187733
0.188201
0.188458
0.18854
0.188541
0.188385
0.188437
0.188644
0.189361
0.189607
0.188576
0.187412
0.183575
0.172419
0.177761
0.179763
0.182494
0.183094
0.182859
0.181646
0.179324
0.176237
0.172592
0.168699
0.165063
0.160935
0.158493
0.157354
0.156621
0.156196
0.155994
0.15596
0.156039
0.156211
0.156451
0.156661
0.156876
0.157204
0.157659
0.158388
0.158737
0.158304
0.157527
0.156997
0.157384
0.157307
0.157166
0.156919
0.156675
0.156754
0.157573
0.164577
0.17815
0.179447
0.181947
0.183822
0.185573
0.187007
0.188088
0.188945
0.189691
0.190465
0.191038
0.191558
0.192092
0.192504
0.193263
0.194241
0.196079
0.19762
0.197404
0.195964
0.19196
0.191947
0.181588
0.186145
0.187784
0.188572
0.188546
0.187489
0.185169
0.182074
0.178604
0.174705
0.170677
0.166594
0.162521
0.160548
0.159119
0.158037
0.157202
0.156636
0.156306
0.156148
0.156116
0.156178
0.156318
0.156564
0.156852
0.15746
0.157743
0.157474
0.157174
0.156987
0.157188
0.157116
0.157097
0.156985
0.156987
0.15732
0.15814
0.160403
0.177207
0.181671
0.182508
0.184864
0.186972
0.188694
0.189968
0.190974
0.191887
0.192966
0.193883
0.195071
0.196708
0.198381
0.200665
0.203247
0.206816
0.209728
0.209956
0.209246
0.205543
0.209036
0.181704
0.189838
0.19084
0.19177
0.192027
0.191621
0.190022
0.187251
0.184316
0.18102
0.177184
0.173372
0.168753
0.165881
0.164049
0.162417
0.160913
0.159673
0.158719
0.157988
0.15741
0.157098
0.156969
0.156949
0.156964
0.157195
0.157484
0.157292
0.157102
0.157395
0.157528
0.157533
0.157858
0.157961
0.158266
0.159095
0.160252
0.162282
0.168373
0.183221
0.185559
0.186728
0.188615
0.190636
0.192064
0.193175
0.194175
0.195482
0.196701
0.198563
0.201806
0.205602
0.209926
0.213576
0.216933
0.219134
0.219445
0.220505
0.216586
0.216749
0.175395
0.189099
0.192112
0.192357
0.193185
0.19338
0.192724
0.19052
0.188264
0.186097
0.183218
0.179855
0.175931
0.172154
0.170349
0.168628
0.166802
0.165157
0.163697
0.162396
0.161237
0.160407
0.159819
0.159393
0.158997
0.158615
0.158635
0.158634
0.158335
0.159251
0.159374
0.159557
0.160472
0.160906
0.16158
0.162974
0.164464
0.166185
0.170287
0.181849
0.189117
0.189803
0.190773
0.192811
0.194333
0.195593
0.196722
0.198206
0.199618
0.201649
0.20526
0.210083
0.215163
0.218734
0.22098
0.222278
0.222538
0.22388
0.221143
0.218715
0.207978
0.186425
0.191895
0.193796
0.194742
0.195028
0.194501
0.19216
0.189982
0.18887
0.187477
0.185176
0.182148
0.178237
0.176572
0.17517
0.173487
0.171774
0.170129
0.168545
0.167029
0.165853
0.16491
0.164158
0.163364
0.162283
0.162
0.162261
0.161701
0.163138
0.163299
0.163689
0.165196
0.165955
0.166879
0.168622
0.170293
0.171737
0.174562
0.178784
0.193874
0.193611
0.19388
0.195427
0.197002
0.198436
0.199687
0.201144
0.202525
0.204131
0.206619
0.210865
0.216261
0.220135
0.222043
0.222962
0.223108
0.224146
0.222144
0.219394
0.212337
0.186165
0.192454
0.1951
0.196256
0.19656
0.195915
0.193396
0.191579
0.190562
0.189722
0.188648
0.1865
0.183169
0.181933
0.180962
0.179658
0.178135
0.176529
0.174889
0.173287
0.172013
0.170955
0.170013
0.169004
0.167479
0.167015
0.167594
0.166804
0.168452
0.168655
0.169168
0.171018
0.171926
0.172962
0.174812
0.176458
0.177684
0.179767
0.180016
0.198012
0.201626
0.198154
0.198487
0.199659
0.201027
0.202218
0.203498
0.204611
0.205829
0.207365
0.210573
0.21595
0.220524
0.222427
0.223044
0.223067
0.223844
0.222191
0.219951
0.214297
0.187041
0.19339
0.195911
0.196665
0.196532
0.195557
0.193509
0.193103
0.192031
0.190935
0.1905
0.188838
0.186562
0.185949
0.185186
0.184289
0.183024
0.181519
0.180001
0.178542
0.177391
0.176369
0.175394
0.174337
0.172567
0.172054
0.172937
0.172082
0.173734
0.174039
0.17456
0.176494
0.177398
0.178395
0.180177
0.181708
0.182696
0.184244
0.184188
0.198032
0.207253
0.203696
0.201125
0.201605
0.202889
0.204002
0.205106
0.20588
0.206881
0.208224
0.210395
0.215164
0.220652
0.222843
0.223474
0.223376
0.223614
0.222205
0.219657
0.215313
0.184328
0.194007
0.196347
0.196633
0.196276
0.195084
0.192334
0.191124
0.191322
0.190513
0.190267
0.1887
0.188702
0.188509
0.187225
0.186293
0.185457
0.183922
0.182785
0.181748
0.181007
0.180051
0.179035
0.178094
0.176189
0.175589
0.176737
0.176021
0.177593
0.177982
0.178456
0.180325
0.181132
0.18203
0.183596
0.184981
0.185765
0.186962
0.186908
0.181314
0.208173
0.206299
0.201989
0.202345
0.203362
0.204708
0.205866
0.20666
0.207698
0.208789
0.210377
0.214569
0.220856
0.223471
0.224489
0.224576
0.224553
0.222246
0.220789
0.218036
0.217026
0.192078
0.195482
0.194648
0.191416
0.190814
0.185684
0.179
0.177865
0.203397
0.181015
0.18451
0.186921
0.188256
0.186204
0.183971
0.183268
0.182079
0.181887
0.181313
0.181084
0.181642
0.179462
0.17858
0.176798
0.176212
0.177325
0.176837
0.178394
0.178906
0.179067
0.180838
0.181482
0.182391
0.183386
0.184787
0.185492
0.186789
0.187175
0.172466
0.172074
0.195201
0.193561
0.196173
0.197879
0.204021
0.206591
0.206497
0.207992
0.208903
0.210121
0.213444
0.221104
0.223956
0.225282
0.225756
0.226336
0.223518
0.22455
0.222517
0.222104
0.222614
0.221792
0.220771
0.223061
0.222364
0.222683
0.224442
0.223146
0.222196
0.222014
0.219876
0.216618
0.208256
0.177233
0.159589
0.175148
0.172264
0.170784
0.170286
0.17969
0.180408
0.179221
0.178438
0.176525
0.176101
0.176845
0.176365
0.176156
0.177235
0.178689
0.180514
0.169643
0.169886
0.170098
0.170355
0.170596
0.171158
0.171315
0.190602
0.171214
0.190517
0.173592
0.189912
0.191466
0.20172
0.195643
0.20589
0.209496
0.208897
0.210233
0.199815
0.200287
0.220875
0.225041
0.226471
0.227831
0.225837
0.226059
0.226185
0.224917
0.224654
0.224672
0.22387
0.222191
0.211501
0.205685
0.201939
0.199987
0.199006
0.198285
0.196764
0.193911
0.189129
0.17605
0.161321
0.166747
0.166651
0.166173
0.165604
0.164981
0.16482
0.164372
0.164655
0.164037
0.163579
0.164496
0.165331
0.164886
0.166159
0.166299
0.166822
0.16694
0.167167
0.167043
0.166769
0.166471
0.166143
0.165733
0.16584
0.165615
0.165467
0.164927
0.162596
0.186519
0.187397
0.192548
0.198945
0.204014
0.208944
0.215712
0.22089
0.223311
0.224817
0.226452
0.228175
0.22842
0.226742
0.208419
0.20605
0.204946
0.206142
0.207118
0.207978
0.204424
0.19581
0.187666
0.180992
0.173344
0.156399
0.157111
0.156565
0.155952
0.155789
0.155852
0.155457
0.155575
0.155765
0.156187
0.15622
0.155971
0.156079
0.15562
0.155472
0.155194
0.155205
0.155059
0.155487
0.154678
0.155794
0.155596
0.155768
0.155714
0.155925
0.155763
0.155516
0.15529
0.155022
0.154831
0.15477
0.15447
0.153827
0.151705
0.160764
0.167727
0.170121
0.171631
0.172463
0.174154
0.177091
0.181194
0.184348
0.185675
0.185667
0.188919
0.195107
0.202645
0.208215
0.187966
0.190347
0.189623
0.18783
0.183827
0.179579
0.174731
0.17216
0.170022
0.164184
0.148691
0.151661
0.152367
0.152681
0.153063
0.153579
0.154286
0.154507
0.151916
0.14814
0.145546
0.144334
0.143319
0.14272
0.142788
0.14336
0.144307
0.144666
0.145577
0.145147
0.146785
0.144294
0.144802
0.144481
0.143908
0.143112
0.142593
0.142212
0.142139
0.142691
0.144233
0.147607
0.153779
0.154614
0.145947
0.171405
0.178745
0.18171
0.181211
0.177693
0.175973
0.179618
0.183518
0.185677
0.186516
0.186506
0.186219
0.186251
0.186819
0.187155
0.177228
0.175261
0.174637
0.174457
0.174539
0.174621
0.175164
0.175752
0.17634
0.176072
0.172759
0.163204
0.152807
0.153805
0.153015
0.150562
0.146549
0.143159
0.140123
0.138216
0.139365
0.141174
0.145156
0.150141
0.155822
0.159309
0.161902
0.163542
0.167011
0.16721
0.167421
0.163621
0.163689
0.162137
0.159898
0.155759
0.150865
0.145608
0.141256
0.138906
0.138735
0.14137
0.148321
0.152062
0.165622
0.172554
0.178732
0.182919
0.183627
0.181806
0.181909
0.186747
0.190416
0.192316
0.193066
0.192715
0.190974
0.188321
0.184663
0.18049
0.186573
0.1858
0.185804
0.185537
0.185238
0.184877
0.184747
0.184404
0.184034
0.183384
0.181407
0.178074
0.173084
0.16472
0.153482
0.15095
0.147506
0.145731
0.14234
0.13876
0.137668
0.138509
0.141721
0.145761
0.150564
0.155601
0.158589
0.161433
0.167242
0.168305
0.167496
0.164406
0.164292
0.162212
0.159605
0.154672
0.148022
0.141547
0.137692
0.137189
0.139648
0.146426
0.151894
0.165137
0.169979
0.175065
0.181053
0.184813
0.185208
0.184809
0.186486
0.190048
0.192189
0.193063
0.193278
0.19364
0.193345
0.192491
0.190423
0.187793
0.188482
0.188597
0.188564
0.187901
0.187012
0.186011
0.185175
0.184004
0.182538
0.1808
0.178261
0.175118
0.171158
0.165282
0.164202
0.152582
0.149689
0.145894
0.145393
0.145112
0.141782
0.13725
0.135735
0.135872
0.137178
0.139704
0.140909
0.142645
0.153095
0.156966
0.154511
0.148622
0.149334
0.145954
0.142565
0.138475
0.134679
0.165408
0.163875
0.161552
0.159589
0.158581
0.163708
0.173476
0.176903
0.178751
0.180445
0.193859
0.192215
0.192257
0.195074
0.182657
0.182509
0.193248
0.191035
0.189751
0.188395
0.188956
0.189018
0.188292
0.176742
0.176998
0.17694
0.176312
0.174708
0.173988
0.173603
0.173008
0.171984
0.170452
0.168469
0.164163
0.151714
0.160187
0.16029
0.160208
0.160236
0.160353
0.160642
0.160183
0.159987
0.160571
0.161271
0.161785
0.162262
0.162733
0.162693
0.162755
0.164476
0.165477
0.165373
0.164422
0.16515
0.165265
0.165453
0.165534
0.165137
0.164211
0.162755
0.161459
0.15996
0.15772
0.164535
0.176333
0.188815
0.188281
0.190024
0.188107
0.187849
0.188253
0.189544
0.190364
0.182212
0.181045
0.180008
0.178486
0.177264
0.176799
0.176715
0.176587
0.174159
0.173162
0.173982
0.174488
0.174518
0.174258
0.173818
0.173136
0.172184
0.170914
0.169634
0.168736
0.167231
0.163144
0.146891
0.158916
0.159914
0.159973
0.159919
0.159905
0.16016
0.160707
0.160923
0.161349
0.161951
0.162562
0.16257
0.162571
0.16429
0.165129
0.164772
0.163977
0.164926
0.165175
0.16539
0.16534
0.16476
0.163646
0.161943
0.160265
0.158115
0.1476
0.174992
0.178673
0.184319
0.183645
0.185599
0.184691
0.185406
0.186829
0.188135
0.188916
0.190256
0.18116
0.180658
0.179335
0.178472
0.177859
0.176924
0.175507
0.173745
0.174634
0.175203
0.175394
0.175372
0.175266
0.174933
0.174416
0.173749
0.172957
0.172162
0.171391
0.170434
0.169382
0.168064
0.165772
0.153741
0.158541
0.159966
0.159947
0.160494
0.161244
0.161128
0.161064
0.161539
0.16213
0.162173
0.162222
0.163913
0.16449
0.163895
0.163246
0.164718
0.165113
0.165434
0.165305
0.164548
0.163297
0.161552
0.15956
0.157626
0.16546
0.175125
0.178888
0.176183
0.180627
0.183798
0.18279
0.183204
0.184673
0.186412
0.187152
0.1872
0.188632
0.180935
0.179683
0.178976
0.178081
0.177077
0.175532
0.175123
0.175753
0.176019
0.176067
0.17605
0.175869
0.175473
0.175122
0.174651
0.174114
0.17351
0.172806
0.171837
0.170927
0.170202
0.169532
0.166479
0.149391
0.159966
0.160235
0.160058
0.160443
0.16149
0.161864
0.162257
0.16235
0.162449
0.162772
0.16355
0.163594
0.163397
0.162759
0.164655
0.165135
0.165521
0.164981
0.163588
0.161835
0.159822
0.157807
0.15302
0.170649
0.170607
0.167915
0.170954
0.177147
0.182176
0.180909
0.177844
0.181112
0.185505
0.186335
0.185421
0.184334
0.180068
0.178156
0.175265
0.180082
0.175904
0.174452
0.176358
0.176643
0.176831
0.17694
0.176924
0.176527
0.175526
0.175581
0.175337
0.174964
0.174464
0.173835
0.172835
0.171774
0.171571
0.171959
0.169975
0.164236
0.147162
0.160612
0.159962
0.159698
0.160038
0.161115
0.161465
0.161883
0.162748
0.16351
0.163891
0.162798
0.16255
0.162266
0.16433
0.164934
0.165309
0.164453
0.162546
0.159388
0.158011
0.15795
0.155083
0.144916
0.159319
0.162893
0.166676
0.172668
0.176957
0.171552
0.173178
0.183868
0.185863
0.18365
0.180513
0.177899
0.176023
0.174697
0.172808
0.171377
0.175872
0.175905
0.176794
0.177202
0.176756
0.177247
0.176888
0.176319
0.175955
0.176025
0.176102
0.175683
0.175238
0.174689
0.173617
0.172762
0.172816
0.173002
0.171135
0.167333
0.155505
0.15994
0.160015
0.159535
0.160025
0.160515
0.1607
0.161006
0.161955
0.162951
0.163925
0.162605
0.161397
0.16123
0.164739
0.165351
0.165652
0.164514
0.160915
0.158694
0.158622
0.160605
0.146114
0.145522
0.159645
0.161618
0.164007
0.167946
0.167694
0.167871
0.181164
0.185693
0.180751
0.179735
0.178381
0.176624
0.17487
0.173519
0.172188
0.171525
0.177692
0.177452
0.178236
0.177837
0.177938
0.177974
0.177685
0.177486
0.177119
0.176642
0.176705
0.176266
0.175615
0.175139
0.174054
0.174171
0.175128
0.174561
0.173161
0.170581
0.165388
0.151313
0.159912
0.158956
0.159254
0.160222
0.16094
0.160863
0.161004
0.161535
0.162717
0.162423
0.161192
0.160068
0.164978
0.16676
0.16621
0.161919
0.159937
0.160158
0.160469
0.162375
0.146547
0.160658
0.161089
0.162173
0.163572
0.166298
0.166512
0.170955
0.1803
0.177625
0.177659
0.178662
0.177495
0.175876
0.174416
0.173435
0.172789
0.173161
0.178451
0.178306
0.179056
0.178379
0.177334
0.177881
0.177817
0.178006
0.177178
0.177409
0.177245
0.176694
0.176163
0.175401
0.174374
0.17565
0.17601
0.175546
0.17445
0.172377
0.168356
0.147449
0.158989
0.158272
0.15868
0.159484
0.160659
0.160448
0.161869
0.165772
0.166465
0.162268
0.161112
0.159308
0.147558
0.161141
0.163259
0.16156
0.16331
0.162421
0.149643
0.145582
0.161187
0.16129
0.162185
0.163176
0.163619
0.164738
0.165098
0.16841
0.172336
0.174661
0.177598
0.17775
0.17676
0.175678
0.174803
0.17433
0.173872
0.175673
0.179532
0.179213
0.178508
0.170534
0.17332
0.175899
0.177779
0.178135
0.178001
0.177086
0.177096
0.176573
0.176056
0.175264
0.174326
0.175909
0.176092
0.175572
0.174558
0.173128
0.166222
0.159213
0.157858
0.157798
0.158568
0.160018
0.162014
0.164399
0.152239
0.167891
0.164713
0.161184
0.160032
0.174178
0.181331
0.187038
0.179769
0.17648
0.17376
0.173703
0.175827
0.16585
0.163795
0.164418
0.164254
0.163675
0.163148
0.16397
0.164182
0.165684
0.169106
0.172454
0.175864
0.176997
0.176747
0.176494
0.176353
0.175729
0.175448
0.181817
0.180445
0.179973
0.179495
0.179469
0.179473
0.179403
0.179505
0.17922
0.178489
0.176972
0.178058
0.177671
0.177064
0.175753
0.176419
0.177359
0.177417
0.177036
0.176451
0.176556
0.180959
0.177602
0.157897
0.157182
0.159344
0.162159
0.16279
0.166937
0.168447
0.161212
0.160522
0.161883
0.162109
0.163751
0.150084
0.175438
0.173978
0.161955
0.160495
0.162116
0.163745
0.164331
0.163842
0.163665
0.163468
0.162566
0.161925
0.16294
0.164121
0.166648
0.16688
0.169344
0.17532
0.177671
0.178188
0.179422
0.179369
0.177946
0.176992
0.179064
0.182214
0.181083
0.17342
0.173304
0.172938
0.172658
0.173563
0.168014
0.17346
0.1696
0.155701
0.166806
0.170205
0.169956
0.168976
0.165662
0.153861
0.160842
0.159724
0.158971
0.164974
0.180088
0.176679
0.157288
0.160439
0.164138
0.166279
0.167721
0.16305
0.162105
0.162391
0.163168
0.163626
0.166878
0.152655
0.151172
0.151084
0.17614
0.182109
0.183455
0.184071
0.184206
0.183406
0.182827
0.176706
0.170973
0.167909
0.167921
0.169969
0.169231
0.166887
0.169597
0.175636
0.177743
0.179502
0.182666
0.181453
0.178912
0.181828
0.182064
0.181455
0.174688
0.170269
0.175515
0.174058
0.173608
0.173611
0.166903
0.175795
0.174345
0.173878
0.170434
0.17142
0.171487
0.170721
0.168205
0.156091
0.160194
0.158608
0.158739
0.159935
0.159609
0.149699
0.150866
0.15268
0.153823
0.155855
0.16201
0.183375
0.168625
0.165924
0.166869
0.167465
0.163177
0.153116
0.151109
0.163189
0.182396
0.18447
0.185124
0.185316
0.185262
0.181184
0.178357
0.176334
0.173306
0.171105
0.171474
0.173441
0.171348
0.17008
0.173784
0.17819
0.18051
0.184859
0.188498
0.186274
0.182887
0.182563
0.182611
0.176616
0.181602
0.176844
0.175649
0.173171
0.172272
0.171713
0.171373
0.170995
0.172715
0.169396
0.167104
0.163701
0.163694
0.162841
0.161316
0.159733
0.158543
0.158027
0.158181
0.15891
0.160266
0.160901
0.160881
0.163061
0.167819
0.165839
0.183926
0.184862
0.180982
0.177233
0.168879
0.169609
0.179777
0.177381
0.164201
0.168762
0.186428
0.187601
0.187958
0.188061
0.187985
0.187243
0.186603
0.18591
0.184545
0.180237
0.184071
0.182249
0.176236
0.174314
0.176699
0.181006
0.185353
0.193739
0.196661
0.19039
0.188392
0.186409
0.183416
0.178221
0.182077
0.178377
0.174377
0.173018
0.17264
0.172375
0.171817
0.171075
0.170056
0.168793
0.167004
0.163144
0.160766
0.159823
0.15908
0.158372
0.157846
0.157535
0.157497
0.157738
0.158494
0.15941
0.160636
0.163481
0.169277
0.17037
0.163406
0.1851
0.184188
0.184302
0.184042
0.183682
0.185942
0.185841
0.176346
0.177493
0.189494
0.190232
0.190456
0.190439
0.190291
0.189623
0.189089
0.188572
0.1878
0.187063
0.187634
0.187494
0.183897
0.18017
0.180554
0.18459
0.191721
0.201927
0.204101
0.196628
0.194319
0.186151
0.184332
0.182031
0.182744
0.180761
0.173977
0.173566
0.173338
0.173024
0.172441
0.171615
0.170651
0.169673
0.168443
0.166133
0.162302
0.159067
0.158384
0.157775
0.157395
0.157192
0.157144
0.15723
0.157739
0.158718
0.160132
0.162913
0.1695
0.171039
0.167819
0.185886
0.187217
0.187874
0.188391
0.188904
0.189692
0.19
0.190359
0.190556
0.192254
0.192754
0.192724
0.192572
0.19229
0.191714
0.191185
0.190701
0.190202
0.189989
0.191038
0.191901
0.191246
0.195624
0.185964
0.188738
0.198532
0.207726
0.208126
0.20231
0.199921
0.186277
0.184367
0.185907
0.183429
0.176059
0.174754
0.174463
0.174078
0.173887
0.173339
0.172346
0.171222
0.170281
0.169475
0.168065
0.165003
0.160082
0.158081
0.157336
0.157142
0.157059
0.157093
0.157173
0.157608
0.158435
0.159797
0.162354
0.16817
0.16952
0.168911
0.187814
0.189569
0.190692
0.191676
0.192377
0.193065
0.193562
0.193726
0.194017
0.195
0.195364
0.195294
0.195016
0.194574
0.19394
0.193317
0.192799
0.192423
0.192522
0.194352
0.195076
0.197876
0.199284
0.194287
0.19315
0.203295
0.213538
0.21381
0.20612
0.205242
0.187382
0.18287
0.18947
0.185902
0.176908
0.176604
0.176257
0.175687
0.175124
0.174581
0.173481
0.172068
0.170877
0.170059
0.169144
0.167115
0.163313
0.158633
0.15763
0.157129
0.157243
0.157488
0.157747
0.158294
0.159146
0.160528
0.162905
0.166028
0.1704
0.171918
0.190007
0.19217
0.193739
0.194906
0.19559
0.196441
0.197071
0.197379
0.197822
0.198634
0.198914
0.198643
0.198187
0.197465
0.196586
0.195782
0.195189
0.194848
0.195091
0.197706
0.200228
0.205625
0.207407
0.210117
0.198293
0.205418
0.219009
0.197634
0.206043
0.19621
0.191196
0.179928
0.190472
0.178721
0.179612
0.17927
0.178794
0.17807
0.177337
0.17671
0.175744
0.174258
0.172594
0.171506
0.170522
0.169186
0.166492
0.161112
0.158455
0.157861
0.158357
0.15881
0.159055
0.160205
0.161394
0.163286
0.168588
0.172082
0.171632
0.182915
0.192433
0.195095
0.197149
0.19863
0.199673
0.200702
0.201226
0.201834
0.202375
0.202914
0.203254
0.203321
0.202758
0.201689
0.200396
0.199141
0.198205
0.197639
0.197609
0.200401
0.205333
0.210429
0.215185
0.214709
0.204796
0.207062
0.209028
0.198548
0.203532
0.205851
0.182839
0.182062
0.18078
0.180094
0.183046
0.182603
0.182057
0.181232
0.180379
0.179591
0.178611
0.177397
0.175557
0.173878
0.172614
0.171349
0.1698
0.165668
0.159941
0.159168
0.159847
0.160738
0.160701
0.163607
0.165868
0.169292
0.183045
0.186592
0.183986
0.189826
0.195028
0.198428
0.201107
0.202931
0.203946
0.204878
0.205459
0.206236
0.206877
0.207367
0.207713
0.207894
0.207659
0.206847
0.205322
0.203425
0.201854
0.20082
0.200309
0.202323
0.208473
0.20486
0.219977
0.218147
0.209147
0.208747
0.210651
0.182559
0.165251
0.184409
0.18507
0.185632
0.184395
0.18368
0.186534
0.186105
0.185559
0.184705
0.183817
0.182926
0.181801
0.180685
0.179271
0.177218
0.175304
0.173887
0.172611
0.170126
0.16427
0.160835
0.16164
0.162965
0.163948
0.177769
0.18305
0.186483
0.189483
0.191834
0.192209
0.193402
0.197707
0.201887
0.204681
0.206191
0.20706
0.208126
0.209002
0.210041
0.210942
0.211439
0.21176
0.211899
0.211742
0.211363
0.210638
0.208707
0.206329
0.204542
0.203313
0.203872
0.207499
0.198593
0.203257
0.221041
0.209373
0.208189
0.171424
0.185664
0.168976
0.187042
0.188217
0.18893
0.187789
0.187203
0.18974
0.189403
0.188913
0.188072
0.187183
0.186231
0.185001
0.18377
0.182535
0.180926
0.178272
0.176424
0.175088
0.173356
0.169242
0.162811
0.163475
0.165084
0.165365
0.18337
0.188613
0.190501
0.192373
0.194299
0.195233
0.196052
0.200223
0.20441
0.206472
0.208126
0.209399
0.210783
0.212317
0.215457
0.19417
0.218376
0.217237
0.216901
0.216589
0.215958
0.215348
0.214354
0.211829
0.209055
0.206858
0.20589
0.211146
0.20003
0.192897
0.200019
0.211445
0.17464
0.173496
0.186074
0.170948
0.189193
0.190574
0.191673
0.190844
0.190354
0.192572
0.192323
0.191896
0.191089
0.190197
0.189198
0.187904
0.18656
0.185193
0.183816
0.18145
0.178539
0.177
0.175395
0.172947
0.165316
0.164983
0.166644
0.166827
0.185271
0.191479
0.192502
0.193936
0.195777
0.197352
0.19854
0.202182
0.204876
0.207572
0.210199
0.186095
0.185795
0.185364
0.185597
0.186431
0.188224
0.190828
0.194784
0.201045
0.225046
0.222238
0.219695
0.217771
0.214583
0.211432
0.209748
0.20852
0.200978
0.190566
0.197077
0.211989
0.177272
0.174558
0.174071
0.172036
0.189723
0.192462
0.193946
0.193484
0.193094
0.194971
0.194787
0.194412
0.19364
0.19274
0.191697
0.190344
0.188889
0.187346
0.185797
0.183803
0.179943
0.17797
0.176277
0.174543
0.168558
0.16578
0.167369
0.167563
0.188421
0.192316
0.192798
0.1937
0.19041
0.184097
0.176028
0.174236
0.172538
0.174077
0.177231
0.178921
0.181171
0.183072
0.184315
0.185412
0.186835
0.188641
0.190969
0.193823
0.197379
0.201397
0.203685
0.225023
0.222158
0.217503
0.210626
0.206808
0.201047
0.189586
0.194669
0.21046
0.178103
0.175173
0.1739
0.172649
0.174176
0.192836
0.195763
0.19561
0.19538
0.19693
0.196801
0.196458
0.195695
0.194777
0.193674
0.192237
0.190639
0.18887
0.18698
0.1847
0.179944
0.177132
0.175191
0.174026
0.169424
0.165428
0.168007
0.167805
0.188702
0.185188
0.184896
0.185437
0.182249
0.176011
0.170258
0.165439
0.161169
0.169924
0.173629
0.175647
0.179068
0.182093
0.183905
0.185038
0.186237
0.187695
0.189455
0.191582
0.194213
0.197452
0.201316
0.202426
0.206858
0.208229
0.205022
0.204146
0.200611
0.189696
0.192104
0.20753
0.178222
0.175386
0.17387
0.173017
0.173264
0.17414
0.197116
0.197186
0.197215
0.198338
0.1983
0.197953
0.197146
0.196175
0.194956
0.193365
0.1915
0.189305
0.186599
0.181
0.173135
0.172102
0.17253
0.172044
0.170324
0.160738
0.161987
0.163291
0.156146
0.167275
0.173894
0.176938
0.176375
0.166336
0.165123
0.169235
0.172722
0.179552
0.180997
0.171453
0.177761
0.182058
0.183631
0.185134
0.186225
0.187314
0.188627
0.190162
0.191999
0.194356
0.197569
0.199999
0.202177
0.20217
0.202012
0.201936
0.19931
0.18973
0.189267
0.202719
0.177285
0.175123
0.173702
0.1732
0.173306
0.173557
0.197682
0.197794
0.19851
0.197346
0.198649
0.198415
0.197368
0.196415
0.19483
0.192553
0.184038
0.172968
0.171619
0.170654
0.170046
0.170138
0.167202
0.164234
0.164028
0.164187
0.164625
0.163001
0.157304
0.15526
0.154237
0.154087
0.154986
0.15694
0.159765
0.160877
0.163995
0.170665
0.178493
0.180554
0.174244
0.180303
0.18355
0.185442
0.18659
0.187875
0.188846
0.189904
0.191107
0.192551
0.194643
0.197051
0.197158
0.199035
0.199539
0.199416
0.199763
0.195767
0.188134
0.199292
0.175279
0.174463
0.173105
0.173232
0.173579
0.173843
0.176038
0.176557
0.197141
0.175905
0.176032
0.175959
0.175541
0.175291
0.174731
0.17403
0.173092
0.171889
0.170555
0.169398
0.168925
0.166935
0.163057
0.161099
0.160855
0.160679
0.161674
0.160028
0.156741
0.15511
0.154825
0.153839
0.151908
0.152258
0.153955
0.153607
0.156103
0.161173
0.165845
0.175132
0.172633
0.181613
0.185151
0.18694
0.18837
0.189638
0.190333
0.191138
0.191655
0.1925
0.193633
0.194841
0.195427
0.197629
0.198425
0.198447
0.200372
0.193594
0.185961
0.195627
0.173845
0.173602
0.172567
0.172703
0.173283
0.173995
0.175091
0.175688
0.176017
0.175838
0.175779
0.175607
0.175261
0.174904
0.174381
0.173638
0.172669
0.170914
0.169573
0.168677
0.167571
0.164555
0.162087
0.160853
0.159158
0.157761
0.15798
0.15672
0.150927
0.144368
0.145392
0.147158
0.151651
0.154225
0.150379
0.15862
0.156792
0.155104
0.15765
0.163417
0.171688
0.184578
0.188575
0.190536
0.191648
0.192157
0.192773
0.192959
0.193188
0.19351
0.193862
0.194454
0.194748
0.196033
0.19589
0.195571
0.196842
0.193374
0.187925
0.18636
0.170621
0.17259
0.172042
0.172596
0.173316
0.173945
0.174798
0.175589
0.175595
0.175967
0.175983
0.175695
0.175213
0.174715
0.174116
0.173453
0.172585
0.171287
0.170035
0.169394
0.166388
0.163749
0.161256
0.158969
0.15721
0.156215
0.153509
0.145979
0.144952
0.151415
0.158676
0.162176
0.165331
0.16388
0.163006
0.170965
0.171923
0.171281
0.164448
0.156089
0.172964
0.188279
0.192646
0.19462
0.195572
0.195824
0.196089
0.195983
0.195883
0.19593
0.195717
0.195038
0.195237
0.195261
0.194656
0.194524
0.195646
0.191391
0.186059
0.180813
0.180579
0.162434
0.167739
0.168878
0.170716
0.172555
0.174183
0.175508
0.17588
0.175605
0.176181
0.176075
0.175667
0.175239
0.174682
0.174177
0.173535
0.172462
0.171618
0.17098
0.166668
0.162437
0.159812
0.158135
0.157377
0.151865
0.146761
0.144115
0.150631
0.16077
0.165178
0.16724
0.170022
0.166609
0.164578
0.172413
0.170502
0.172727
0.177608
0.175224
0.180837
0.191279
0.195278
0.197589
0.199175
0.199766
0.200151
0.200095
0.199913
0.199512
0.199978
0.200097
0.199533
0.198381
0.197821
0.198739
0.197028
0.192283
0.18736
0.181492
0.17652
0.175893
0.147066
0.157882
0.163672
0.166588
0.169835
0.173343
0.174881
0.171075
0.173295
0.174337
0.174577
0.174562
0.174373
0.174369
0.174681
0.174407
0.171081
0.167439
0.165372
0.16289
0.158772
0.150967
0.146728
0.143141
0.146003
0.157552
0.164884
0.171159
0.174115
0.173875
0.174783
0.171385
0.172762
0.1738
0.1874
0.201711
0.200684
0.19412
0.191695
0.194497
0.195735
0.19917
0.202414
0.203539
0.203689
0.203286
0.204544
0.205588
0.205394
0.204523
0.203489
0.203427
0.203422
0.201836
0.19883
0.194521
0.189895
0.183932
0.17696
0.172207
0.16834
0.148846
0.152148
0.152274
0.15658
0.165417
0.169046
0.160869
0.165129
0.168379
0.170196
0.171241
0.171168
0.170644
0.171294
0.170585
0.168305
0.16588
0.163319
0.15919
0.15384
0.148012
0.144561
0.143497
0.153828
0.164048
0.16954
0.174188
0.175966
0.17577
0.175624
0.173977
0.17853
0.177293
0.178623
0.19986
0.197995
0.194509
0.200831
0.202372
0.202189
0.204289
0.206301
0.208044
0.209103
0.209397
0.209379
0.208977
0.208404
0.208299
0.208703
0.208154
0.206353
0.203843
0.200493
0.196403
0.191579
0.185018
0.153438
0.153984
0.154338
0.154528
0.154719
0.153632
0.152747
0.155318
0.157964
0.159166
0.160586
0.162157
0.163644
0.165023
0.165877
0.162555
0.163098
0.165273
0.156794
0.158231
0.155633
0.152358
0.149504
0.145592
0.144078
0.147883
0.16065
0.168561
0.172534
0.175017
0.175832
0.176108
0.175461
0.173018
0.178089
0.176314
0.179066
0.194629
0.199521
0.205091
0.207263
0.209013
0.20997
0.211069
0.211464
0.21157
0.211562
0.211536
0.211599
0.211769
0.212204
0.212488
0.212136
0.211199
0.191027
0.189663
0.187768
0.185658
0.183275
0.170845
0.154647
0.147527
0.146232
0.14599
0.14614
0.147898
0.152235
0.156356
0.158681
0.143532
0.144944
0.145648
0.14719
0.148851
0.147546
0.148882
0.149759
0.149228
0.149396
0.149742
0.149701
0.148251
0.146251
0.145186
0.147381
0.154115
0.164481
0.170575
0.173251
0.174375
0.174828
0.174419
0.172118
0.16172
0.168575
0.177658
0.197608
0.202702
0.210877
0.210399
0.210606
0.211215
0.211396
0.211174
0.211044
0.210991
0.211063
0.211379
0.211923
0.212026
0.19454
0.193416
0.192538
0.191493
0.190313
0.188828
0.186988
0.185092
0.180401
0.170654
0.174049
0.175711
0.178758
0.147208
0.147594
0.146534
0.143548
0.142127
0.142209
0.156983
0.155871
0.159273
0.158416
0.158331
0.150613
0.159129
0.151025
0.144865
0.145977
0.14639
0.146794
0.146509
0.146437
0.148366
0.153143
0.158751
0.165685
0.170025
0.171629
0.172196
0.172371
0.167331
0.145778
0.14779
0.175565
0.202145
0.207587
0.211156
0.21183
0.211434
0.210153
0.21019
0.210403
0.210519
0.210525
0.210487
0.210527
0.210749
0.198249
0.194439
0.19345
0.192613
0.191803
0.190716
0.189433
0.187885
0.186394
0.184964
0.166192
0.172662
0.174026
0.174159
0.1738
0.173582
0.173612
0.169707
0.162014
0.160962
0.159585
0.167658
0.169559
0.16623
0.165267
0.164456
0.163715
0.15959
0.159589
0.151182
0.150435
0.149587
0.149009
0.149651
0.151943
0.154992
0.158781
0.162596
0.167024
0.169826
0.170579
0.170925
0.171215
0.158091
0.141063
0.176222
0.188122
0.204254
0.20878
0.212027
0.212009
0.210393
0.210165
0.210145
0.210358
0.210477
0.210519
0.210716
0.211238
0.212146
0.195333
0.193564
0.192646
0.19179
0.190876
0.189704
0.188439
0.187097
0.186099
0.185427
0.169124
0.172626
0.173762
0.173474
0.172758
0.172172
0.171689
0.170988
0.17044
0.172096
0.166954
0.154443
0.168429
0.165771
0.167315
0.167495
0.164957
0.165456
0.164734
0.161031
0.15918
0.158117
0.157942
0.158194
0.159782
0.16161
0.163741
0.166163
0.169125
0.170688
0.170847
0.17117
0.171714
0.151806
0.142186
0.182906
0.197869
0.206844
0.210446
0.212876
0.211598
0.210226
0.209934
0.210034
0.210276
0.210404
0.210689
0.211617
0.21315
0.213967
0.193781
0.192451
0.191553
0.190601
0.189582
0.188512
0.18754
0.186561
0.185948
0.185964
0.170157
0.171845
0.172921
0.172273
0.171471
0.170887
0.170202
0.169573
0.168946
0.168388
0.167787
0.169307
0.168046
0.164488
0.166012
0.166773
0.168789
0.169923
0.169251
0.167587
0.166254
0.164939
0.164348
0.164499
0.165581
0.166765
0.168116
0.169353
0.170773
0.171077
0.170641
0.168405
0.168695
0.143496
0.175221
0.193174
0.202919
0.208742
0.211683
0.213281
0.211369
0.210013
0.209831
0.209935
0.210172
0.210511
0.211976
0.214212
0.215879
0.21545
0.192176
0.191056
0.19011
0.189089
0.188208
0.187624
0.186822
0.185873
0.1861
0.186489
0.169473
0.170753
0.171975
0.173328
0.171866
0.171221
0.170665
0.170294
0.169534
0.169375
0.168881
0.16757
0.16754
0.138385
0.13722
0.138177
0.154971
0.167111
0.167483
0.169301
0.169968
0.169937
0.169529
0.169454
0.169681
0.170085
0.17056
0.170487
0.170472
0.166396
0.152604
0.165175
0.165185
0.141148
0.189674
0.199973
0.205943
0.210444
0.212742
0.213815
0.211796
0.209762
0.209863
0.210064
0.210412
0.212122
0.21515
0.216642
0.217259
0.193489
0.190217
0.18893
0.188182
0.187522
0.187247
0.186465
0.185525
0.185563
0.186491
0.186855
0.167907
0.169199
0.170727
0.169982
0.169174
0.168713
0.168114
0.167693
0.167154
0.167471
0.166941
0.167645
0.167005
0.12908
0.129823
0.130177
0.134329
0.138812
0.141686
0.155259
0.165707
0.168455
0.169965
0.170414
0.169888
0.168524
0.160417
0.152228
0.144733
0.141418
0.141874
0.168583
0.152919
0.165023
0.200411
0.204017
0.207402
0.211915
0.213645
0.214774
0.213351
0.21006
0.21084
0.211603
0.213065
0.216531
0.218295
0.218369
0.217394
0.191053
0.188868
0.189161
0.187758
0.187512
0.186759
0.185647
0.185447
0.185894
0.186532
0.18699
0.167326
0.168365
0.170079
0.169066
0.16843
0.168035
0.16756
0.167365
0.167138
0.167588
0.16737
0.166839
0.166398
0.126195
0.128103
0.128496
0.130357
0.132291
0.133272
0.136146
0.136804
0.138946
0.139407
0.140865
0.139972
0.13867
0.137367
0.136359
0.135192
0.135042
0.139322
0.16711
0.141214
0.195234
0.204826
0.206253
0.20876
0.213116
0.214337
0.215932
0.215943
0.212185
0.214689
0.215861
0.217274
0.218612
0.218572
0.217719
0.216528
0.18848
0.187723
0.186859
0.1864
0.185325
0.18416
0.184102
0.185361
0.186577
0.187223
0.158756
0.166429
0.166539
0.167049
0.168046
0.16725
0.166873
0.166526
0.166514
0.166523
0.167028
0.166866
0.165435
0.165433
0.126078
0.127535
0.127709
0.128778
0.130003
0.130518
0.13178
0.131684
0.132305
0.132207
0.131707
0.131221
0.131658
0.131106
0.130811
0.131711
0.133281
0.140454
0.156308
0.163968
0.201334
0.208019
0.208713
0.211493
0.214248
0.21482
0.216697
0.217589
0.216291
0.217973
0.218902
0.219168
0.21896
0.218119
0.216799
0.215175
0.21363
0.212777
0.18604
0.185051
0.183986
0.183602
0.184416
0.185839
0.186815
0.187877
0.165692
0.166362
0.166838
0.167085
0.166795
0.165826
0.165397
0.165217
0.165372
0.165498
0.165869
0.165508
0.163807
0.163939
0.126324
0.126924
0.127145
0.128354
0.129844
0.1301
0.130859
0.130017
0.130009
0.129726
0.129412
0.128766
0.128114
0.127691
0.12763
0.129735
0.132213
0.14115
0.143457
0.196204
0.205056
0.211663
0.211137
0.212898
0.215437
0.214674
0.217007
0.217807
0.217764
0.2179
0.211484
0.218032
0.21685
0.215228
0.213143
0.21207
0.184852
0.207067
0.183928
0.183588
0.183057
0.183613
0.185218
0.186223
0.187109
0.18493
0.1656
0.166101
0.166501
0.166049
0.165101
0.164006
0.163744
0.163752
0.164033
0.164162
0.164285
0.163656
0.16203
0.162042
0.125321
0.126857
0.127783
0.127792
0.127846
0.128843
0.1287
0.129246
0.130021
0.128903
0.128393
0.127814
0.127301
0.126764
0.125828
0.127709
0.13191
0.162497
0.187675
0.201769
0.209333
0.214676
0.212185
0.214417
0.216406
0.215043
0.217185
0.217363
0.21745
0.217388
0.21772
0.216189
0.214566
0.212558
0.210302
0.208271
0.206215
0.204295
0.183398
0.182808
0.183013
0.184413
0.18562
0.186204
0.186961
0.165182
0.164964
0.165457
0.165184
0.164007
0.162896
0.161913
0.161994
0.162163
0.162504
0.162549
0.162412
0.16155
0.160033
0.160185
0.124688
0.127323
0.126762
0.130557
0.13198
0.132014
0.132551
0.13218
0.128723
0.128916
0.129426
0.127884
0.127243
0.126567
0.126376
0.127383
0.129923
0.155412
0.19229
0.204971
0.213911
0.216377
0.21434
0.216395
0.216247
0.215943
0.216999
0.21635
0.216364
0.216198
0.216209
0.213454
0.211387
0.209453
0.207518
0.205639
0.203987
0.202517
0.183639
0.182737
0.183845
0.18512
0.185479
0.186064
0.185921
0.164292
0.164182
0.16418
0.163123
0.161566
0.160548
0.159724
0.160141
0.160454
0.160825
0.160729
0.160375
0.159303
0.157759
0.158571
0.126054
0.127056
0.131232
0.131357
0.13195
0.132705
0.132822
0.132463
0.132389
0.132211
0.128533
0.128392
0.128839
0.127298
0.127365
0.127611
0.127631
0.156844
0.150591
0.205392
0.215854
0.2128
0.216396
0.216305
0.215251
0.216513
0.216398
0.215091
0.214987
0.214454
0.213521
0.209799
0.208207
0.206207
0.204455
0.202986
0.202045
0.200988
0.185106
0.183362
0.184782
0.184936
0.184952
0.183909
0.165034
0.162981
0.163149
0.162345
0.160879
0.159374
0.158481
0.157822
0.158336
0.158804
0.159206
0.158965
0.158387
0.157162
0.15585
0.157071
0.127026
0.131499
0.131446
0.132288
0.133461
0.134529
0.134674
0.134263
0.1338
0.133231
0.132976
0.13238
0.131559
0.127915
0.128823
0.128528
0.157897
0.15856
0.12991
0.18789
0.192072
0.209707
0.212161
0.211511
0.202108
0.217094
0.216014
0.213034
0.211898
0.210629
0.208027
0.182321
0.181489
0.20424
0.202037
0.20118
0.201042
0.20023
0.182777
0.184697
0.184539
0.182737
0.183022
0.188254
0.162618
0.162288
0.162094
0.160812
0.159356
0.158071
0.157366
0.156807
0.1572
0.158079
0.158498
0.158112
0.15709
0.155393
0.151841
0.152063
0.130586
0.130096
0.132136
0.134504
0.136661
0.138479
0.140185
0.139125
0.138909
0.138569
0.13588
0.133235
0.132416
0.127895
0.128296
0.126889
0.126853
0.156612
0.187697
0.193097
0.193636
0.190998
0.207635
0.208685
0.211463
0.215251
0.213029
0.209248
0.209766
0.204583
0.180494
0.179918
0.180682
0.203325
0.202072
0.201675
0.20172
0.200606
0.20166
0.184768
0.181826
0.181555
0.184493
0.165618
0.163686
0.162972
0.160448
0.158837
0.157795
0.157052
0.155567
0.154921
0.155408
0.156291
0.156893
0.156726
0.156
0.157286
0.148449
0.148202
0.149403
0.154335
0.146541
0.14867
0.141995
0.142865
0.146324
0.141887
0.139293
0.136496
0.132616
0.131425
0.126816
0.127004
0.126132
0.15513
0.191488
0.192049
0.191775
0.192478
0.193703
0.193576
0.19294
0.191032
0.185693
0.212977
0.210524
0.208039
0.181533
0.180047
0.179972
0.180925
0.181979
0.203877
0.204204
0.204578
0.206321
0.200965
0.199917
0.193217
0.17991
0.183122
0.165843
0.163498
0.16125
0.159888
0.158372
0.156926
0.154663
0.153785
0.15413
0.154596
0.155329
0.155387
0.154985
0.153814
0.152797
0.149694
0.168445
0.198469
0.201073
0.201007
0.200491
0.200619
0.198727
0.187913
0.183309
0.185652
0.184971
0.183817
0.176465
0.173609
0.176936
0.205859
0.193294
0.193612
0.192904
0.192986
0.192973
0.193832
0.194776
0.193947
0.194058
0.192173
0.189445
0.184867
0.183147
0.182563
0.18084
0.180483
0.181534
0.183045
0.183976
0.206933
0.208486
0.16295
0.135391
0.141674
0.162524
0.166042
0.166088
0.163992
0.161262
0.159365
0.157916
0.156933
0.156726
0.15598
0.155302
0.155078
0.156036
0.156475
0.156324
0.155572
0.155075
0.155663
0.159349
0.162909
0.201001
0.202551
0.203433
0.203347
0.203177
0.203581
0.203803
0.20336
0.2031
0.20233
0.201912
0.201354
0.20086
0.199508
0.198089
0.196977
0.195939
0.195825
0.195139
0.195533
0.195342
0.195903
0.195994
0.194566
0.194175
0.192152
0.189464
0.186857
0.185077
0.18327
0.181843
0.182062
0.183445
0.184756
0.186282
0.209041
0.14607
0.130508
0.128441
0.160873
0.160689
0.161452
0.161407
0.161035
0.16043
0.159593
0.158667
0.157915
0.157457
0.157239
0.157839
0.158439
0.160092
0.160441
0.160281
0.160247
0.163501
0.168404
0.176199
0.192697
0.204138
0.205347
0.205605
0.205298
0.205007
0.205069
0.204959
0.20402
0.203467
0.20212
0.202037
0.201621
0.201513
0.200368
0.199205
0.198496
0.198297
0.198651
0.198124
0.198387
0.197943
0.197979
0.197389
0.195542
0.194441
0.191884
0.188848
0.186512
0.185133
0.183727
0.182708
0.183154
0.184712
0.185667
0.208811
0.147042
0.130857
0.12653
0.161158
0.161759
0.162965
0.163576
0.163444
0.162956
0.162336
0.161778
0.161247
0.160879
0.160705
0.160748
0.161549
0.162118
0.163198
0.163375
0.163519
0.165366
0.167728
0.191437
0.19593
0.193195
0.204391
0.206096
0.205916
0.205682
0.20549
0.205715
0.205684
0.204978
0.204499
0.203742
0.203242
0.202765
0.202302
0.201295
0.200187
0.199516
0.199408
0.199837
0.199543
0.199679
0.19917
0.198782
0.197667
0.195365
0.193664
0.19081
0.188007
0.186137
0.184935
0.184156
0.184461
0.185457
0.185497
0.1861
0.147555
0.131223
0.12523
0.127683
0.160798
0.164758
0.16588
0.166345
0.166155
0.165463
0.16434
0.163606
0.163244
0.163043
0.16297
0.162982
0.163501
0.163854
0.164556
0.164871
0.166508
0.165934
0.190505
0.199976
0.202162
0.154829
)
;
    }
    hills
    {
        type            calculated;
        value           nonuniform List<scalar> 
7200
(
0.153922
0.151329
0.148567
0.146878
0.145894
0.145701
0.146744
0.154133
0.167364
0.140602
0.142436
0.166995
0.16699
0.166785
0.166579
0.16638
0.166216
0.166088
0.165935
0.165803
0.165439
0.165006
0.164227
0.163074
0.161075
0.161997
0.166593
0.1678
0.170805
0.171663
0.178051
0.177988
0.181117
0.195743
0.159911
0.146431
0.174088
0.148865
0.156969
0.170084
0.182033
0.182794
0.172447
0.165475
0.162115
0.161716
0.16045
0.145379
0.147377
0.147373
0.14866
0.149431
0.151478
0.153143
0.154238
0.155406
0.15538
0.15548
0.156027
0.155822
0.16863
0.167456
0.166978
0.16813
0.173968
0.172623
0.170424
0.168389
0.167623
0.156311
0.156187
0.165389
0.165211
0.165426
0.165988
0.166673
0.167597
0.168638
0.169441
0.169665
0.169761
0.16989
0.169721
0.169064
0.165183
0.169561
0.168809
0.167262
0.164681
0.158984
0.173956
0.178385
0.183932
0.19534
0.149358
0.148618
0.158469
0.143161
0.158961
0.170678
0.183635
0.152479
0.157439
0.15931
0.15616
0.161462
0.162989
0.163155
0.160213
0.151604
0.153237
0.152205
0.161973
0.156245
0.15691
0.165614
0.170135
0.170764
0.171913
0.166841
0.171174
0.169586
0.168494
0.168019
0.167671
0.167511
0.167372
0.166318
0.163162
0.160672
0.160867
0.157164
0.157231
0.157924
0.159165
0.160525
0.162172
0.164274
0.16678
0.168632
0.169777
0.17044
0.170449
0.169601
0.1682
0.169939
0.167352
0.162321
0.159773
0.167294
0.173797
0.178463
0.188598
0.208312
0.147531
0.150817
0.168577
0.139087
0.172
0.189915
0.175976
0.163563
0.167758
0.171252
0.171011
0.169168
0.164928
0.16908
0.174109
0.177827
0.178888
0.183319
0.212141
0.217044
0.195461
0.18669
0.185785
0.183036
0.180092
0.173401
0.227277
0.232004
0.231271
0.226929
0.222705
0.227224
0.241827
0.259672
0.235321
0.238759
0.23838
0.223594
0.225891
0.230477
0.22027
0.210223
0.197356
0.19081
0.19027
0.188339
0.184501
0.1807
0.176643
0.172046
0.166922
0.164977
0.160466
0.158103
0.161236
0.175317
0.179622
0.198187
0.198634
0.18684
0.157451
0.16562
0.172267
0.15619
0.168576
0.187536
0.290735
0.247641
0.208187
0.182861
0.1806
0.179786
0.179636
0.180514
0.18206
0.186715
0.199071
0.214557
0.220967
0.19419
0.202878
0.204094
0.203494
0.205574
0.206601
0.214247
0.192365
0.192646
0.192467
0.192166
0.191989
0.192205
0.193021
0.193999
0.193691
0.194547
0.196433
0.199643
0.204332
0.211979
0.216265
0.218366
0.222439
0.179672
0.180571
0.185745
0.2078
0.240744
0.246986
0.240108
0.261192
0.236586
0.223928
0.269695
0.231424
0.209679
0.189142
0.192071
0.196469
0.17487
0.167856
0.180791
0.184586
0.186324
0.198184
0.191375
0.191573
0.206186
0.203197
0.204546
0.20761
0.210381
0.210818
0.207232
0.215022
0.225745
0.220527
0.219248
0.207851
0.200889
0.185751
0.18426
0.188724
0.189279
0.190175
0.191137
0.161375
0.159493
0.158359
0.157802
0.157328
0.156701
0.156214
0.156533
0.15813
0.161136
0.174564
0.194924
0.19903
0.17844
0.183942
0.200177
0.203842
0.197644
0.202246
0.202261
0.201347
0.197655
0.196702
0.1975
0.198841
0.202191
0.206417
0.20378
0.188886
0.180147
0.177906
0.178068
0.177741
0.169065
0.166344
0.165297
0.16358
0.183116
0.170361
0.184229
0.264549
0.20659
0.207743
0.208591
0.209983
0.212294
0.214442
0.215921
0.217062
0.215834
0.211353
0.205154
0.198664
0.192951
0.187209
0.179547
0.173256
0.168628
0.165779
0.163598
0.174585
0.171828
0.169062
0.166806
0.164975
0.163422
0.16277
0.164804
0.169572
0.170347
0.181178
0.194898
0.1936
0.191371
0.204275
0.210656
0.213958
0.199987
0.206676
0.205906
0.203872
0.194911
0.192962
0.195061
0.193448
0.192172
0.190591
0.189337
0.188452
0.187752
0.187333
0.187544
0.175217
0.168163
0.162246
0.161352
0.167982
0.194536
0.200067
0.194348
0.288997
0.29237
0.287541
0.210615
0.210838
0.211054
0.212171
0.215347
0.21997
0.21964
0.213052
0.209409
0.205354
0.201382
0.196942
0.19061
0.187789
0.18373
0.180054
0.177398
0.18904
0.186562
0.183972
0.181061
0.178462
0.176841
0.171393
0.172642
0.177515
0.181665
0.189601
0.201845
0.20079
0.184787
0.209255
0.214996
0.220557
0.224191
0.19613
0.192388
0.19028
0.208171
0.19503
0.198113
0.195758
0.194816
0.193104
0.19213
0.188657
0.185815
0.18389
0.183805
0.19071
0.190574
0.195223
0.196228
0.197816
0.20022
0.202662
0.269581
0.292264
0.290922
0.286807
0.210142
0.210689
0.211103
0.211479
0.21294
0.216579
0.213019
0.210326
0.208561
0.206844
0.204465
0.200974
0.196469
0.196592
0.195512
0.19451
0.193047
0.200977
0.199189
0.197252
0.194848
0.192801
0.177955
0.176844
0.179333
0.186947
0.193726
0.209798
0.219278
0.214012
0.190764
0.230733
0.218949
0.21995
0.223156
0.200928
0.199387
0.197666
0.18799
0.205425
0.196455
0.196489
0.197125
0.201938
0.197663
0.191113
0.187008
0.185225
0.184844
0.195817
0.196258
0.199146
0.195213
0.19927
0.205233
0.202522
0.284804
0.288415
0.28452
0.208706
0.208638
0.209121
0.209951
0.210472
0.21079
0.211721
0.209809
0.20708
0.208432
0.20935
0.208913
0.206738
0.205998
0.204178
0.202094
0.202517
0.202885
0.209741
0.208886
0.207089
0.20535
0.204895
0.199642
0.203954
0.204642
0.211592
0.213364
0.218833
0.220997
0.215702
0.225121
0.223231
0.216137
0.217021
0.218894
0.202599
0.200653
0.201801
0.216062
0.202786
0.180273
0.192786
0.197996
0.204722
0.197693
0.19045
0.186685
0.18514
0.184994
0.198998
0.201642
0.200346
0.198132
0.201177
0.203935
0.21302
0.288753
0.287957
0.280289
0.207912
0.207748
0.207675
0.208155
0.208923
0.208872
0.208208
0.207512
0.20184
0.206492
0.209171
0.213005
0.215463
0.215953
0.215134
0.215619
0.215783
0.212193
0.220296
0.219245
0.217301
0.215025
0.216311
0.243607
0.245261
0.232683
0.221214
0.221324
0.211774
0.222302
0.216204
0.23151
0.210451
0.211376
0.211165
0.212677
0.217564
0.205675
0.199703
0.211352
0.199381
0.196004
0.19196
0.1982
0.202089
0.194689
0.188649
0.185727
0.1848
0.185156
0.188151
0.20895
0.201982
0.198606
0.203926
0.208029
0.256341
0.292433
0.287883
0.208002
0.207519
0.207648
0.207646
0.207846
0.208494
0.208295
0.206626
0.204947
0.209161
0.202716
0.208622
0.216457
0.215151
0.232693
0.217131
0.218614
0.21933
0.220144
0.219501
0.21885
0.216839
0.213487
0.214213
0.213908
0.214219
0.221018
0.221712
0.213859
0.224259
0.209604
0.23254
0.205898
0.20837
0.207207
0.206571
0.208043
0.211305
0.214419
0.213428
0.2063
0.198612
0.19659
0.19351
0.199878
0.198037
0.191486
0.187076
0.185087
0.184782
0.185901
0.191027
0.208243
0.204854
0.196123
0.204084
0.215175
0.285464
0.292794
0.209061
0.206985
0.207567
0.208068
0.208431
0.208763
0.208752
0.207558
0.204912
0.201692
0.216602
0.195331
0.209083
0.216026
0.215269
0.245089
0.217504
0.218809
0.21909
0.219446
0.218242
0.218278
0.216125
0.215218
0.215041
0.214329
0.214249
0.222897
0.215629
0.215867
0.217432
0.225991
0.205427
0.207507
0.204622
0.202984
0.202645
0.204245
0.207101
0.209732
0.209639
0.204608
0.197553
0.196761
0.197245
0.200294
0.194256
0.189222
0.186068
0.184905
0.185234
0.187624
0.19779
0.216365
0.205216
0.199714
0.206912
0.215403
0.290058
0.289444
0.206403
0.207558
0.208475
0.208522
0.208387
0.208051
0.20712
0.204531
0.199635
0.194888
0.217986
0.19425
0.20638
0.215239
0.215848
0.250998
0.217663
0.218888
0.218574
0.218267
0.216731
0.216691
0.216547
0.216072
0.214936
0.212911
0.209742
0.213707
0.207799
0.216851
0.220656
0.210219
0.208235
0.2037
0.201199
0.199899
0.199973
0.201317
0.203632
0.20598
0.206429
0.203084
0.196609
0.198163
0.20292
0.197287
0.191302
0.187467
0.185452
0.185099
0.18618
0.190848
0.207359
0.22264
0.226305
0.225289
0.207564
0.208761
0.300273
0.206196
0.207261
0.208808
0.208729
0.20787
0.206472
0.204421
0.202145
0.197593
0.207956
0.214695
0.218511
0.197947
0.197535
0.213679
0.21577
0.211744
0.217819
0.219141
0.218819
0.217802
0.213465
0.214596
0.216321
0.216368
0.213981
0.212051
0.198832
0.208368
0.222144
0.224057
0.212679
0.20736
0.201953
0.198984
0.197759
0.197574
0.1981
0.199143
0.200839
0.202739
0.203431
0.201327
0.196823
0.202883
0.202516
0.19455
0.189206
0.186367
0.185467
0.185812
0.188035
0.196621
0.216434
0.226311
0.227506
0.224758
0.220824
0.217199
0.204913
0.206433
0.208631
0.20898
0.207709
0.204859
0.201251
0.198387
0.195447
0.20946
0.218072
0.218668
0.218597
0.198506
0.186978
0.211303
0.214565
0.214281
0.216492
0.218882
0.219189
0.2182
0.216481
0.211319
0.216277
0.217939
0.214006
0.2128
0.242694
0.226499
0.222862
0.215692
0.205653
0.199444
0.196399
0.194966
0.194269
0.194803
0.195795
0.19698
0.198388
0.199863
0.20065
0.199808
0.199386
0.205209
0.200168
0.19394
0.188546
0.186521
0.186331
0.187387
0.191721
0.20597
0.223598
0.228409
0.22731
0.223887
0.219869
0.21688
0.205547
0.207203
0.208941
0.208306
0.205228
0.199637
0.193393
0.188733
0.211818
0.219782
0.222437
0.219902
0.217529
0.198114
0.191333
0.208955
0.213311
0.208169
0.215505
0.21718
0.218356
0.218028
0.214596
0.215922
0.219923
0.222143
0.213785
0.303814
0.215454
0.213607
0.219874
0.204327
0.19818
0.194665
0.192819
0.191665
0.192386
0.193154
0.194534
0.196219
0.197884
0.199456
0.200702
0.201938
0.207628
0.20702
0.199304
0.192787
0.188945
0.187828
0.188354
0.190808
0.199443
0.217899
0.228997
0.22926
0.226446
0.222012
0.218392
0.215412
0.212704
0.206883
0.20841
0.20702
0.201243
0.213768
0.217334
0.218284
0.220581
0.223961
0.224818
0.220617
0.217344
0.197054
0.18974
0.208873
0.213629
0.211766
0.209685
0.206691
0.216579
0.217122
0.216541
0.219003
0.223787
0.224062
0.225298
0.253331
0.199659
0.228803
0.200538
0.198029
0.193838
0.191325
0.190915
0.190628
0.190771
0.191569
0.192992
0.194869
0.196974
0.199126
0.201278
0.20469
0.211363
0.209275
0.201116
0.194444
0.191389
0.191
0.192109
0.19746
0.211696
0.227535
0.23145
0.228525
0.224902
0.219183
0.216107
0.211701
0.212556
0.206378
0.207839
0.205563
0.210817
0.218176
0.220924
0.223173
0.223114
0.224638
0.225006
0.220036
0.216133
0.197325
0.192752
0.207073
0.212933
0.214929
0.215479
0.215074
0.193648
0.214507
0.218539
0.224557
0.220675
0.213985
0.217465
0.310159
0.241878
0.197063
0.204152
0.194145
0.191103
0.190014
0.189526
0.189428
0.189676
0.190357
0.191598
0.193386
0.195553
0.197904
0.200464
0.204869
0.212197
0.211046
0.205528
0.201605
0.197476
0.196557
0.199331
0.208848
0.224472
0.232332
0.230044
0.226371
0.222281
0.215859
0.20776
0.204608
0.211848
0.209089
0.205368
0.216695
0.220151
0.222192
0.225891
0.227652
0.227773
0.225891
0.227405
0.222913
0.219112
0.194678
0.202776
0.212763
0.215674
0.216021
0.215951
0.215384
0.214307
0.21629
0.222974
0.219551
0.208767
0.208005
0.273157
0.219176
0.227604
0.217117
0.19486
0.190435
0.189109
0.188701
0.188626
0.188653
0.188864
0.189388
0.190339
0.191829
0.193761
0.19589
0.198153
0.20157
0.210113
0.212281
0.209847
0.208871
0.204359
0.202741
0.207879
0.219425
0.229567
0.229675
0.225409
0.22263
0.220953
0.208473
0.206351
0.207681
0.21001
0.217693
0.204383
0.224666
0.223324
0.224153
0.227461
0.229013
0.229582
0.229139
0.226781
0.223282
0.219041
0.198186
0.204575
0.214986
0.216144
0.216191
0.216792
0.214739
0.213731
0.216517
0.225344
0.208083
0.224788
0.228258
0.188959
0.194577
0.201258
0.193778
0.189266
0.187977
0.187688
0.187717
0.187856
0.188013
0.188233
0.18865
0.189352
0.190512
0.192137
0.193931
0.195689
0.197595
0.202897
0.211635
0.212541
0.215453
0.212086
0.217004
0.223654
0.232871
0.23419
0.226496
0.222481
0.219461
0.214899
0.207099
0.205901
0.209883
0.208583
0.214461
0.203431
0.206606
0.223997
0.223884
0.227671
0.229531
0.23007
0.229262
0.225313
0.224103
0.218797
0.200177
0.190303
0.216077
0.213668
0.212006
0.216539
0.216292
0.216021
0.220921
0.210654
0.214871
0.22943
0.236537
0.195905
0.187013
0.189527
0.187557
0.186619
0.186485
0.186654
0.186867
0.187103
0.187345
0.187629
0.188032
0.1886
0.189487
0.190831
0.192353
0.193748
0.1949
0.196292
0.203088
0.212678
0.216619
0.222518
0.228943
0.232897
0.235364
0.230534
0.223355
0.218012
0.220199
0.207106
0.206327
0.203838
0.204498
0.204912
0.213875
0.22128
0.223946
0.224708
0.222424
0.225398
0.227738
0.229097
0.22909
0.226799
0.224684
0.218339
0.201382
0.200974
0.214408
0.211044
0.207951
0.216361
0.217342
0.21928
0.22344
0.197771
0.234588
0.275926
0.203864
0.189439
0.183173
0.185585
0.185186
0.185226
0.185464
0.185756
0.186029
0.186315
0.186627
0.186988
0.187467
0.188018
0.188736
0.189858
0.19123
0.192445
0.193325
0.193962
0.195002
0.200877
0.215307
0.221741
0.227273
0.230069
0.227202
0.221303
0.222616
0.227853
0.23268
0.223715
0.207362
0.21592
0.212413
0.204097
0.20782
0.219824
0.221728
0.224598
0.221381
0.222572
0.225014
0.226736
0.227711
0.226278
0.224993
0.218532
0.201245
0.198562
0.211463
0.208042
0.207651
0.216562
0.218352
0.223234
0.211917
0.213824
0.261223
0.183119
0.188901
0.185478
0.181964
0.184105
0.184189
0.184408
0.184657
0.184909
0.185166
0.185475
0.185853
0.186302
0.186884
0.187515
0.188181
0.189147
0.190467
0.191712
0.192555
0.1931
0.193759
0.195373
0.200285
0.214248
0.222709
0.22078
0.218985
0.217756
0.224422
0.231348
0.224106
0.21356
0.2179
0.214388
0.205128
0.211384
0.211352
0.219228
0.223659
0.223351
0.219288
0.220383
0.222025
0.224115
0.225398
0.225774
0.223178
0.219311
0.200946
0.193858
0.207925
0.206393
0.209651
0.217219
0.221325
0.224488
0.198268
0.237113
0.190482
0.184462
0.185429
0.183642
0.181784
0.183644
0.183712
0.183799
0.183921
0.184098
0.184321
0.184622
0.185005
0.185523
0.18618
0.186901
0.187618
0.188499
0.189764
0.191134
0.192162
0.192875
0.193712
0.195483
0.199957
0.204958
0.206689
0.218609
0.220991
0.222661
0.231856
0.228363
0.218367
0.211147
0.212458
0.210609
0.205574
0.211962
0.231554
0.218825
0.227321
0.218146
0.212685
0.213321
0.218099
0.221793
0.223006
0.223503
0.22076
0.220512
0.202713
0.199562
0.205553
0.205925
0.210162
0.220598
0.223663
0.208555
0.205256
0.266684
0.194731
0.186497
0.18352
0.18305
0.181909
0.183299
0.183258
0.183225
0.183248
0.183361
0.183559
0.183828
0.184201
0.184731
0.185392
0.186142
0.186908
0.187743
0.188918
0.190417
0.191824
0.19302
0.194427
0.197079
0.202347
0.206066
0.205174
0.202536
0.226621
0.227183
0.22771
0.215525
0.210045
0.209486
0.207405
0.203522
0.204115
0.212005
0.225888
0.226691
0.226767
0.225613
0.220016
0.216845
0.216065
0.218307
0.218347
0.220598
0.220959
0.221877
0.204046
0.203065
0.201641
0.204561
0.205781
0.21588
0.22044
0.19889
0.21308
0.182945
0.192957
0.183856
0.182709
0.182624
0.181864
0.182809
0.18272
0.182665
0.18265
0.182726
0.182897
0.183146
0.183516
0.184003
0.184609
0.18531
0.186058
0.186837
0.187881
0.189445
0.191343
0.193383
0.196114
0.201311
0.207009
0.207327
0.202191
0.198758
0.19727
0.212063
0.210255
0.261116
0.22352
0.282547
0.219903
0.219269
0.20111
0.211268
0.220725
0.223263
0.227737
0.229936
0.223697
0.221025
0.21752
0.215768
0.21678
0.21686
0.218814
0.219717
0.218633
0.204661
0.196707
0.199
0.202135
0.208672
0.210915
0.211595
0.220353
0.174059
0.187479
0.182438
0.181813
0.181756
0.181249
0.182
0.181943
0.181927
0.181948
0.182046
0.182227
0.182485
0.182859
0.183299
0.183826
0.184433
0.185078
0.185757
0.186771
0.18854
0.191227
0.194872
0.201229
0.20827
0.207721
0.20134
0.197753
0.199926
0.19901
0.19888
0.204989
0.201195
0.193025
0.192807
0.196797
0.198549
0.214549
0.262322
0.200828
0.218017
0.231895
0.226945
0.243945
0.22617
0.221911
0.219789
0.214962
0.215154
0.215874
0.218628
0.220523
0.205393
0.191158
0.192104
0.199566
0.197103
0.202497
0.211431
0.248949
0.181245
0.183952
0.181885
0.181549
0.181458
0.181046
0.181588
0.181519
0.181501
0.181534
0.181646
0.181845
0.182113
0.182487
0.182942
0.183451
0.184025
0.184637
0.185293
0.186206
0.188053
0.191623
0.197893
0.20875
0.208663
0.199416
0.196061
0.20081
0.19448
0.194332
0.199018
0.20201
0.200484
0.195223
0.191878
0.188304
0.187569
0.191095
0.199555
0.205989
0.213743
0.233428
0.256758
0.272418
0.245186
0.222466
0.217419
0.214802
0.215385
0.216319
0.218309
0.22141
0.212967
0.19212
0.190256
0.202479
0.193103
0.202811
0.216294
0.286864
0.188254
0.182752
0.181765
0.181531
0.181368
0.180881
0.181284
0.181184
0.181133
0.181151
0.181259
0.181464
0.181754
0.182153
0.182637
0.183186
0.183776
0.184411
0.185088
0.185988
0.187909
0.192338
0.20146
0.211057
0.202665
0.194961
0.193138
0.185523
0.203946
0.248189
0.219535
0.199735
0.204891
0.208674
0.203175
0.190196
0.186088
0.185732
0.188742
0.193076
0.201358
0.295438
0.225106
0.202863
0.225994
0.210899
0.218279
0.215197
0.216886
0.220845
0.220587
0.220846
0.218462
0.194151
0.190994
0.196689
0.194389
0.204012
0.21987
0.263127
0.186347
0.18237
0.181685
0.181416
0.181182
0.180524
0.180869
0.180735
0.180674
0.180693
0.180815
0.181047
0.181389
0.181815
0.182342
0.182909
0.183488
0.184106
0.184767
0.185607
0.18752
0.192179
0.203672
0.20883
0.199318
0.198404
0.192594
0.180849
0.192182
0.254554
0.229661
0.201477
0.212963
0.21173
0.20835
0.199142
0.185319
0.1841
0.184186
0.186362
0.190625
0.194174
0.198924
0.206205
0.208751
0.226541
0.209928
0.215678
0.219386
0.222578
0.222436
0.220948
0.21966
0.197773
0.192782
0.195901
0.194572
0.207632
0.222024
0.220692
0.185271
0.182087
0.181365
0.181042
0.180721
0.179969
0.180354
0.180214
0.180171
0.180237
0.180409
0.180724
0.18113
0.181628
0.182188
0.18275
0.183336
0.183944
0.184577
0.185509
0.187791
0.192992
0.205347
0.20688
0.198564
0.199664
0.205424
0.180477
0.220373
0.243012
0.210451
0.207135
0.211844
0.212512
0.208228
0.200442
0.185253
0.183047
0.182207
0.182244
0.183626
0.186886
0.188648
0.183622
0.198826
0.213259
0.198301
0.215075
0.219051
0.224489
0.223908
0.222203
0.219754
0.204284
0.194546
0.200714
0.19225
0.214267
0.221482
0.221907
0.184759
0.18159
0.180749
0.18034
0.179959
0.179064
0.179669
0.179507
0.17954
0.179691
0.179999
0.180453
0.18098
0.18156
0.182122
0.182676
0.183231
0.18382
0.184484
0.185658
0.188488
0.194682
0.20653
0.204848
0.197983
0.199484
0.203488
0.219527
0.250005
0.215143
0.202553
0.199887
0.210023
0.210812
0.205154
0.198887
0.187979
0.182265
0.180664
0.179697
0.179624
0.180844
0.183135
0.185879
0.179944
0.197934
0.212235
0.217957
0.22022
0.225856
0.222432
0.221731
0.218104
0.207015
0.197831
0.196615
0.194308
0.214553
0.218564
0.221955
0.184595
0.180809
0.179872
0.179349
0.178847
0.177781
0.178626
0.17858
0.178708
0.179032
0.179494
0.180059
0.180705
0.181351
0.18192
0.182445
0.182974
0.183553
0.184309
0.185795
0.189086
0.196861
0.206272
0.202913
0.197464
0.198128
0.201119
0.198759
0.2109
0.211478
0.203409
0.20177
0.208929
0.205525
0.199769
0.196064
0.19007
0.184506
0.17903
0.177036
0.177011
0.177846
0.179901
0.183224
0.186518
0.199249
0.201227
0.220895
0.220995
0.224744
0.223702
0.221277
0.206714
0.210896
0.198636
0.198211
0.203255
0.212508
0.214694
0.221904
0.184138
0.179806
0.178812
0.178161
0.177478
0.175854
0.177278
0.177299
0.177607
0.178124
0.178772
0.179501
0.180256
0.180933
0.181466
0.181956
0.182456
0.183052
0.183947
0.185726
0.189269
0.198519
0.204775
0.201261
0.197303
0.197595
0.204805
0.197878
0.207801
0.206131
0.195844
0.203041
0.204492
0.19844
0.194235
0.192618
0.190428
0.186404
0.18087
0.176503
0.174281
0.176048
0.178976
0.182815
0.187488
0.196435
0.197839
0.200071
0.222803
0.223998
0.222159
0.208361
0.205402
0.206429
0.199827
0.198603
0.202636
0.212492
0.212148
0.217385
0.183025
0.178727
0.177726
0.177
0.176156
0.173607
0.175871
0.175952
0.17638
0.177068
0.177898
0.178794
0.179649
0.180295
0.180773
0.181242
0.181755
0.18242
0.183466
0.18541
0.189096
0.198909
0.202763
0.200194
0.197793
0.197771
0.209097
0.200894
0.198601
0.195393
0.193929
0.197062
0.196844
0.191595
0.188661
0.18899
0.189358
0.187263
0.18333
0.179383
0.177357
0.177174
0.179083
0.184226
0.189164
0.199752
0.19611
0.19695
0.195204
0.220958
0.207505
0.205659
0.202522
0.201806
0.198757
0.200915
0.204934
0.213961
0.21148
0.208053
0.181759
0.177804
0.176923
0.176261
0.175455
0.172251
0.174918
0.174868
0.17526
0.176004
0.176978
0.178053
0.178932
0.179464
0.17989
0.180366
0.180973
0.181751
0.182907
0.184828
0.188767
0.197999
0.200692
0.199554
0.198409
0.196842
0.204042
0.190635
0.193802
0.191494
0.190979
0.188241
0.187629
0.184499
0.183186
0.185308
0.187536
0.187121
0.185286
0.183033
0.181802
0.182165
0.184675
0.189509
0.193053
0.201355
0.217542
0.201817
0.221226
0.206043
0.204842
0.202409
0.199843
0.198848
0.202276
0.201184
0.206093
0.215242
0.215346
0.186685
0.180779
0.177442
0.176716
0.176263
0.1757
0.173047
0.174831
0.174512
0.174602
0.175206
0.176237
0.177393
0.178064
0.17849
0.178945
0.17951
0.180188
0.181065
0.182218
0.183954
0.188314
0.196201
0.198443
0.198423
0.197793
0.206411
0.188112
0.190712
0.19151
0.18907
0.186848
0.180344
0.178953
0.177697
0.178011
0.181671
0.185267
0.186368
0.186405
0.186051
0.186371
0.187757
0.19112
0.194728
0.199077
0.207564
0.208628
0.200667
0.217991
0.204172
0.202959
0.200358
0.1964
0.195678
0.200574
0.20575
0.205995
0.222772
0.223724
0.166286
0.180131
0.177775
0.177145
0.176711
0.176264
0.1746
0.175406
0.174938
0.174776
0.175106
0.176011
0.176847
0.177277
0.177713
0.178262
0.178934
0.179694
0.180532
0.181498
0.183045
0.187917
0.193918
0.195774
0.196091
0.195737
0.209304
0.188648
0.187511
0.186357
0.184962
0.18185
0.174555
0.172102
0.171722
0.173205
0.177964
0.182625
0.185223
0.186922
0.188345
0.190288
0.193064
0.196365
0.19662
0.207314
0.209371
0.210082
0.198707
0.21108
0.20243
0.202523
0.198357
0.19239
0.192154
0.189458
0.205911
0.206919
0.211377
0.229909
0.181279
0.179204
0.17781
0.17753
0.177389
0.177169
0.17604
0.176046
0.175777
0.175695
0.175867
0.176296
0.176549
0.176832
0.177293
0.177903
0.178582
0.179235
0.17977
0.180187
0.18127
0.185134
0.189025
0.190978
0.192057
0.207083
0.203146
0.187557
0.182636
0.1816
0.180001
0.177065
0.171625
0.16691
0.166777
0.168787
0.174107
0.179578
0.183501
0.186788
0.189957
0.193567
0.197053
0.198042
0.198945
0.212028
0.211722
0.216784
0.21751
0.202216
0.200624
0.201707
0.195929
0.188897
0.184093
0.185969
0.207166
0.202087
0.210863
0.215813
0.18268
0.178856
0.178186
0.178046
0.177912
0.177662
0.176827
0.176959
0.176653
0.17687
0.176974
0.176875
0.17675
0.177015
0.17741
0.177937
0.178431
0.178696
0.178595
0.177985
0.17425
0.192882
0.199057
0.193995
0.197217
0.206113
0.182016
0.180637
0.177934
0.177099
0.175556
0.173012
0.168579
0.162931
0.162994
0.165023
0.170153
0.176179
0.181337
0.186184
0.191248
0.19604
0.199135
0.304457
0.200919
0.202413
0.242689
0.194623
0.211235
0.196766
0.198807
0.199424
0.198107
0.203508
0.199801
0.199798
0.207064
0.208845
0.21189
0.210293
0.181556
0.178766
0.178474
0.178403
0.178279
0.178068
0.177703
0.177776
0.177513
0.178074
0.177808
0.177372
0.177278
0.177589
0.177916
0.178111
0.178179
0.177736
0.176215
0.183022
0.193997
0.200572
0.201235
0.194655
0.18782
0.181372
0.180297
0.175937
0.174054
0.173148
0.171586
0.169308
0.165926
0.160129
0.159795
0.161548
0.166083
0.172108
0.178315
0.185138
0.19219
0.197777
0.198865
0.204267
0.207109
0.20394
0.22627
0.190383
0.209013
0.194475
0.199573
0.200352
0.198132
0.192114
0.19709
0.196596
0.190994
0.199244
0.227101
0.158479
0.180465
0.179108
0.179023
0.179005
0.178882
0.178616
0.178466
0.178047
0.178631
0.179339
0.178713
0.178148
0.17828
0.17853
0.17857
0.178173
0.177341
0.174663
0.184093
0.191721
0.197574
0.200777
0.195855
0.19174
0.187497
0.181511
0.175873
0.172993
0.171057
0.170918
0.168982
0.166822
0.164221
0.160504
0.157737
0.159451
0.16334
0.169053
0.176244
0.18464
0.192752
0.196249
0.194624
0.224219
0.238227
0.190598
0.194199
0.190386
0.18758
0.188141
0.197803
0.19805
0.198032
0.195918
0.181886
0.182814
0.187671
0.198752
0.231502
0.153815
0.179777
0.179429
0.179317
0.179368
0.179282
0.179192
0.179057
0.17926
0.179259
0.180695
0.179322
0.179274
0.179657
0.179737
0.179298
0.177782
0.17274
0.185605
0.191043
0.195624
0.19966
0.195008
0.19337
0.189695
0.184685
0.177712
0.170886
0.170611
0.16876
0.168054
0.166691
0.165034
0.162998
0.160301
0.157417
0.157606
0.161329
0.167077
0.174863
0.184622
0.194495
0.249662
0.203849
0.229788
0.184924
0.199132
0.191076
0.187869
0.188696
0.185013
0.19767
0.198264
0.194733
0.193931
0.178974
0.18151
0.183496
0.210959
0.187472
0.180288
0.179556
0.179656
0.179557
0.179593
0.179585
0.179647
0.179792
0.180276
0.181041
0.181416
0.180279
0.180927
0.181614
0.181705
0.179936
0.172399
0.187149
0.191773
0.195086
0.198587
0.197735
0.194796
0.190631
0.186747
0.17999
0.172542
0.170582
0.167514
0.16697
0.166116
0.16548
0.164195
0.16294
0.161309
0.159907
0.159695
0.160794
0.165281
0.173452
0.183805
0.210861
0.199836
0.231104
0.198624
0.18848
0.196606
0.190279
0.1866
0.188798
0.190054
0.18269
0.1965
0.194051
0.17488
0.17793
0.178144
0.187458
0.232018
0.16228
0.179737
0.179531
0.179797
0.179667
0.179777
0.179875
0.180074
0.180732
0.182044
0.183431
0.182026
0.181654
0.18317
0.184697
0.184487
0.17875
0.1887
0.192578
0.194975
0.197577
0.199535
0.19432
0.192544
0.188026
0.181282
0.173791
0.170776
0.167367
0.170763
0.173964
0.177455
0.178345
0.176668
0.165968
0.162744
0.161631
0.161727
0.163719
0.168532
0.172237
0.184324
0.187096
0.221675
0.244934
0.180219
0.194486
0.211463
0.199734
0.186062
0.189076
0.198855
0.20108
0.192115
0.194031
0.172958
0.179258
0.174933
0.200819
0.190409
0.154953
0.179425
0.179648
0.179388
0.179383
0.179534
0.179858
0.180688
0.181879
0.184294
0.187477
0.182615
0.183451
0.18645
0.185872
0.189277
0.194978
0.180745
0.178374
0.177786
0.177993
0.178367
0.191446
0.175556
0.183778
0.176353
0.172413
0.170327
0.169465
0.179084
0.181204
0.180946
0.180896
0.181066
0.181182
0.192856
0.178368
0.153077
0.157785
0.163763
0.171906
0.203349
0.197124
0.215754
0.182299
0.178128
0.195373
0.199519
0.187274
0.184747
0.189828
0.195785
0.199365
0.197079
0.180534
0.180588
0.175186
0.173738
0.216831
0.160254
0.179123
0.179399
0.179254
0.179222
0.179239
0.179598
0.180228
0.181633
0.183711
0.188187
0.186957
0.184666
0.188131
0.189907
0.183634
0.200065
0.197866
0.183669
0.180271
0.179046
0.178462
0.174587
0.175264
0.176053
0.178293
0.171451
0.170793
0.169292
0.169965
0.183088
0.182832
0.190732
0.186326
0.186506
0.188045
0.190563
0.193941
0.193692
0.195403
0.19217
0.175657
0.188715
0.211904
0.276828
0.179208
0.180408
0.193301
0.189871
0.184658
0.182827
0.190004
0.195635
0.197306
0.185149
0.173327
0.181093
0.172515
0.178877
0.203559
0.154814
0.179204
0.179256
0.179166
0.179348
0.179135
0.179619
0.18065
0.182535
0.185742
0.189444
0.183649
0.184059
0.193802
0.206083
0.206297
0.204067
0.188723
0.18403
0.181543
0.179908
0.178353
0.17294
0.17192
0.170021
0.174881
0.172841
0.169899
0.168082
0.172976
0.1962
0.191925
0.187965
0.186856
0.187855
0.190575
0.194045
0.196593
0.199223
0.197275
0.196837
0.19461
0.201655
0.231307
0.182962
0.175276
0.183345
0.189766
0.186126
0.183511
0.16993
0.195899
0.193844
0.195534
0.177638
0.173395
0.176448
0.171618
0.199977
0.166945
0.152743
0.178543
0.178793
0.179288
0.179424
0.179822
0.180774
0.181966
0.183812
0.186973
0.185599
0.182203
0.19658
0.207893
0.210749
0.211065
0.209055
0.192759
0.186459
0.183134
0.180825
0.17849
0.173173
0.170631
0.171604
0.171217
0.169665
0.167625
0.159565
0.180785
0.194864
0.192746
0.190201
0.190005
0.191199
0.19461
0.198733
0.200653
0.19973
0.198169
0.197571
0.188333
0.199685
0.277337
0.180896
0.190033
0.185108
0.188925
0.185806
0.182493
0.181433
0.197237
0.193667
0.186313
0.177507
0.182258
0.17268
0.171416
0.210393
0.159234
0.151229
0.17789
0.178656
0.179141
0.179963
0.179853
0.180848
0.181504
0.182122
0.180733
0.173093
0.199319
0.208039
0.211559
0.212715
0.212423
0.207898
0.196088
0.188732
0.184488
0.18129
0.174263
0.173017
0.170431
0.172413
0.17023
0.167572
0.162668
0.158102
0.19675
0.196012
0.194829
0.192934
0.192744
0.194976
0.199772
0.203383
0.204202
0.199787
0.201137
0.200775
0.218917
0.235079
0.21926
0.175052
0.192389
0.185445
0.188297
0.18596
0.18057
0.184497
0.197707
0.19443
0.179191
0.173958
0.181702
0.171239
0.17375
0.200125
0.155823
0.149819
0.155218
0.175035
0.179608
0.177086
0.176568
0.1792
0.178523
0.176072
0.176961
0.189062
0.204668
0.211037
0.213019
0.213198
0.211861
0.209495
0.199005
0.190641
0.185524
0.181883
0.174402
0.172152
0.171637
0.171642
0.169623
0.165437
0.161247
0.157372
0.197248
0.197059
0.196311
0.194757
0.195205
0.19815
0.202996
0.207517
0.209319
0.202842
0.205947
0.205085
0.212541
0.2716
0.180821
0.17327
0.193248
0.186295
0.187802
0.185104
0.17995
0.186933
0.197385
0.192385
0.177347
0.172594
0.178271
0.170908
0.197077
0.175375
0.154593
0.149442
0.148542
0.148517
0.176168
0.149966
0.15194
0.15964
0.16233
0.169019
0.181033
0.197903
0.208465
0.212926
0.213808
0.213293
0.210347
0.214439
0.202881
0.192904
0.186308
0.177023
0.174869
0.171855
0.173551
0.171104
0.169128
0.163896
0.160418
0.157063
0.198624
0.197768
0.196722
0.195258
0.196324
0.200257
0.205611
0.210163
0.211416
0.210332
0.204803
0.202297
0.218503
0.261525
0.181198
0.175595
0.193568
0.189187
0.187363
0.183598
0.180771
0.188605
0.195613
0.188461
0.181064
0.180808
0.172941
0.17101
0.210615
0.16408
0.154204
0.148335
0.145662
0.147658
0.148709
0.15014
0.151041
0.170064
0.171203
0.176616
0.190051
0.202693
0.210919
0.21408
0.214109
0.213077
0.238946
0.220756
0.207122
0.195197
0.186941
0.176617
0.174799
0.172517
0.173951
0.171228
0.168068
0.16299
0.160011
0.157097
0.201686
0.197612
0.193158
0.191042
0.192641
0.197778
0.204424
0.211264
0.215235
0.214404
0.216221
0.20312
0.262347
0.190331
0.17747
0.180799
0.193493
0.188378
0.186829
0.181842
0.181974
0.191037
0.194151
0.17754
0.173823
0.181191
0.170696
0.172135
0.211851
0.162568
0.153805
0.14738
0.143414
0.144882
0.149498
0.149431
0.154051
0.156752
0.158696
0.184191
0.194386
0.20552
0.212529
0.21452
0.213927
0.212627
0.243563
0.226887
0.211716
0.197453
0.185802
0.177401
0.174558
0.174391
0.173671
0.171475
0.166757
0.162642
0.159912
0.157386
0.201312
0.194311
0.183359
0.175509
0.176691
0.186694
0.200159
0.211607
0.217971
0.215392
0.216171
0.227423
0.261506
0.181468
0.176382
0.193363
0.192454
0.18807
0.186108
0.17946
0.182519
0.198233
0.193831
0.177397
0.172555
0.176154
0.170084
0.194037
0.197598
0.161293
0.153387
0.147392
0.143104
0.143812
0.148457
0.152155
0.155179
0.158449
0.160661
0.165222
0.194505
0.206592
0.213188
0.214979
0.213211
0.212106
0.250702
0.232761
0.216443
0.198979
0.18173
0.178198
0.174952
0.17671
0.173869
0.171387
0.166014
0.162645
0.160078
0.157874
0.198596
0.177269
0.169556
0.171067
0.175121
0.182822
0.192915
0.204769
0.222209
0.225666
0.234771
0.257682
0.252791
0.182701
0.178603
0.194488
0.189909
0.18778
0.185023
0.179298
0.184004
0.199319
0.189795
0.178361
0.178907
0.168979
0.169476
0.2001
0.185096
0.161234
0.151797
0.147921
0.14348
0.142587
0.147047
0.153153
0.15631
0.159669
0.161979
0.165988
0.173319
0.181739
0.211018
0.214574
0.213575
0.21175
0.210458
0.237742
0.220865
0.200605
0.181302
0.178914
0.176068
0.177744
0.17468
0.170766
0.165777
0.162938
0.160455
0.15858
0.189681
0.17385
0.175698
0.179577
0.185478
0.194571
0.20763
0.222743
0.235898
0.226416
0.241696
0.257297
0.183337
0.180607
0.192353
0.19504
0.189055
0.187276
0.183525
0.179119
0.188113
0.196126
0.179445
0.173963
0.17449
0.16886
0.171466
0.206951
0.181786
0.163566
0.153815
0.146188
0.141976
0.141391
0.150848
0.154615
0.15726
0.160491
0.163016
0.166797
0.173372
0.180592
0.189798
0.210592
0.21344
0.212333
0.211171
0.241768
0.224746
0.203211
0.182574
0.179622
0.178199
0.178318
0.175471
0.170114
0.165949
0.163425
0.161069
0.159421
0.183521
0.179133
0.182623
0.188161
0.195687
0.205465
0.218533
0.23681
0.234676
0.238568
0.255033
0.250587
0.182675
0.179339
0.195138
0.195247
0.188763
0.184757
0.181935
0.179495
0.190636
0.194366
0.176841
0.172193
0.162988
0.17411
0.19274
0.203468
0.182614
0.166287
0.157454
0.15281
0.147955
0.147741
0.150636
0.155424
0.157953
0.161191
0.163876
0.1675
0.173613
0.180316
0.188792
0.210217
0.213204
0.212877
0.211326
0.245386
0.228336
0.203629
0.183896
0.180608
0.181878
0.179327
0.175661
0.16971
0.166446
0.164056
0.161864
0.159751
0.182301
0.183975
0.188548
0.194447
0.206702
0.221571
0.24208
0.242056
0.236315
0.237542
0.251575
0.187463
0.184445
0.188281
0.19664
0.195202
0.188371
0.182606
0.179185
0.180712
0.199161
0.190664
0.178826
0.165422
0.1636
0.178889
0.196316
0.200788
0.191695
0.17037
0.160121
0.155325
0.151134
0.149707
0.152511
0.156097
0.158645
0.161866
0.164651
0.168187
0.173998
0.180245
0.188356
0.207925
0.212367
0.213512
0.212392
0.246886
0.230832
0.199151
0.185145
0.181855
0.185179
0.180668
0.175467
0.169628
0.167003
0.164653
0.162605
0.16024
0.193695
0.186506
0.193082
0.194607
0.209686
0.224745
0.242272
0.22532
0.232627
0.250183
0.249509
0.182879
0.186347
0.189515
0.197464
0.1949
0.187728
0.181814
0.177697
0.18068
0.194515
0.183204
0.174232
0.167163
0.165644
0.164651
0.19945
0.204576
0.189716
0.176379
0.164617
0.158426
0.154441
0.15236
0.153704
0.156821
0.159478
0.162642
0.165445
0.168958
0.174567
0.180452
0.188306
0.207032
0.21275
0.214415
0.213564
0.249999
0.233518
0.19518
0.186358
0.183248
0.186943
0.181594
0.175199
0.169799
0.167504
0.165198
0.163202
0.161376
0.163127
0.186548
0.19521
0.199261
0.207666
0.221327
0.225713
0.230425
0.232319
0.248703
0.188215
0.197875
0.187705
0.191226
0.197859
0.194335
0.186746
0.180631
0.172808
0.185455
0.19409
0.175617
0.168828
0.166664
0.170499
0.165604
0.199005
0.19065
0.190982
0.185167
0.172259
0.162927
0.158331
0.155599
0.155358
0.157958
0.160729
0.163776
0.16644
0.169994
0.175475
0.181089
0.188886
0.208138
0.214908
0.215485
0.214749
0.212165
0.237094
0.197144
0.187729
0.184887
0.188303
0.182013
0.175003
0.170121
0.168023
0.165723
0.163608
0.162472
0.16516
0.192655
0.197013
0.203885
0.212973
0.226383
0.228408
0.228204
0.250187
0.197501
0.213034
0.194739
0.189051
0.193634
0.197955
0.193491
0.180206
0.178114
0.168576
0.1862
0.19052
0.177874
0.172637
0.165644
0.160501
0.195928
0.19355
0.187645
0.1918
0.181837
0.183387
0.170432
0.163218
0.159482
0.157592
0.159873
0.162669
0.165483
0.167833
0.171482
0.176855
0.182207
0.190255
0.211124
0.21589
0.216268
0.215622
0.214216
0.243482
0.199571
0.189747
0.187197
0.189869
0.182235
0.174887
0.170698
0.168628
0.166269
0.164577
0.163682
0.166443
0.199828
0.202872
0.211563
0.225664
0.228764
0.226751
0.231803
0.250726
0.215006
0.211388
0.192564
0.190046
0.19578
0.19778
0.192245
0.178734
0.175258
0.16593
0.176208
0.17892
0.173503
0.173336
0.16517
0.162876
0.198968
0.1896
0.185991
0.171535
0.181905
0.180707
0.18335
0.170849
0.164644
0.161012
0.163406
0.165239
0.167942
0.169772
0.173458
0.17867
0.183723
0.192526
0.213419
0.214341
0.216428
0.216086
0.214873
0.255141
0.203098
0.192866
0.191341
0.192136
0.182782
0.174918
0.17155
0.169299
0.166743
0.165537
0.165325
0.168242
0.217981
0.212251
0.225306
0.230684
0.224256
0.226358
0.248697
0.196138
0.21364
0.207033
0.191765
0.190232
0.19728
0.197355
0.19029
0.17768
0.173219
0.165891
0.192973
0.175014
0.174396
0.172862
0.166792
0.167371
0.198493
0.18926
0.182608
0.172116
0.183031
0.178157
0.180539
0.18348
0.173472
0.166654
0.169797
0.169209
0.171431
0.17249
0.176034
0.180981
0.185724
0.195574
0.210676
0.21378
0.213335
0.215832
0.215132
0.211747
0.209246
0.197975
0.200386
0.195055
0.183779
0.17521
0.172812
0.169893
0.167481
0.166672
0.167728
0.170189
0.221506
0.228993
0.230839
0.223409
0.224877
0.229565
0.246061
0.19082
0.212907
0.201886
0.188755
0.190249
0.198106
0.196661
0.175668
0.176776
0.17121
0.165319
0.177609
0.177615
0.176008
0.171127
0.161247
0.172165
0.193943
0.186986
0.182214
0.171778
0.16921
0.179139
0.177035
0.179992
0.183724
0.176395
0.178995
0.175304
0.175176
0.176125
0.179429
0.183549
0.188219
0.197328
0.209684
0.216078
0.215384
0.214247
0.215131
0.21281
0.220377
0.20685
0.21853
0.198818
0.185274
0.176285
0.174399
0.170273
0.168395
0.168346
0.170406
0.173581
0.176215
0.228794
0.222716
0.222398
0.224905
0.24504
0.248901
0.188185
0.212728
0.197848
0.188422
0.191131
0.198288
0.195592
0.170951
0.17513
0.168636
0.167971
0.181799
0.174651
0.176306
0.16888
0.164599
0.198239
0.190764
0.184444
0.178073
0.170699
0.168717
0.168701
0.172617
0.17677
0.178781
0.183482
0.180926
0.184647
0.181654
0.1836
0.186416
0.186628
0.19033
0.198526
0.20954
0.219578
0.217509
0.21463
0.21471
0.21302
0.199491
0.221393
0.241094
0.20567
0.187608
0.178097
0.17658
0.171471
0.169661
0.170619
0.172667
0.176144
0.177671
0.220845
0.219817
0.221501
0.237522
0.244052
0.194772
0.213617
0.212009
0.194049
0.189193
0.193214
0.198083
0.193975
0.211477
0.173396
0.165938
0.169995
0.18139
0.177078
0.175614
0.167971
0.169241
0.195589
0.187754
0.181813
0.172786
0.170659
0.169108
0.167865
0.168728
0.169255
0.177594
0.178019
0.179144
0.181839
0.184864
0.190167
0.191933
0.19331
0.198338
0.210219
0.221
0.222047
0.21961
0.215487
0.212071
0.212772
0.202323
0.239496
0.260791
0.217363
0.192594
0.180764
0.19254
0.172591
0.171436
0.17248
0.175555
0.178342
0.179883
0.215804
0.218117
0.228659
0.241689
0.245307
0.187511
0.214654
0.207527
0.191297
0.189128
0.195206
0.197652
0.191807
0.205702
0.171298
0.162725
0.175273
0.178485
0.17762
0.173599
0.171095
0.17206
0.191521
0.184716
0.179045
0.172736
0.166477
0.167936
0.167907
0.167708
0.168513
0.169059
0.175018
0.169459
0.183577
0.189888
0.193123
0.19398
0.195883
0.200554
0.208168
0.220349
0.220796
0.220521
0.216207
0.212077
0.211987
0.202388
0.200229
0.269384
0.232917
0.200466
0.194326
0.193686
0.17411
0.175397
0.174458
0.177301
0.180381
0.179832
0.213351
0.219982
0.239375
0.240079
0.242256
0.184486
0.212948
0.199115
0.188261
0.188728
0.196296
0.197097
0.189054
0.204029
0.169096
0.159314
0.182025
0.173794
0.177178
0.171119
0.166469
0.171506
0.188208
0.181744
0.176137
0.171169
0.168281
0.166693
0.164382
0.166754
0.167738
0.167978
0.168378
0.169451
0.170883
0.176638
0.182128
0.203322
0.204922
0.208385
0.215343
0.226971
0.218123
0.215209
0.215312
0.21089
0.21063
0.202031
0.200825
0.195274
0.194944
0.209895
0.195657
0.19393
0.176502
0.186591
0.184484
0.187761
0.182506
0.180573
0.216059
0.227146
0.240051
0.233167
0.238865
0.182606
0.189296
0.193046
0.187189
0.189447
0.196785
0.196515
0.170492
0.202409
0.166975
0.172155
0.181211
0.176458
0.176157
0.169883
0.170143
0.192017
0.184852
0.178757
0.173399
0.169884
0.168362
0.167961
0.167781
0.166988
0.166395
0.165589
0.167355
0.169823
0.17096
0.17745
0.18819
0.200838
0.211604
0.2085
0.205722
0.211522
0.204967
0.215472
0.209511
0.210067
0.209387
0.202641
0.201996
0.196954
0.196232
0.197103
0.195818
0.192812
0.188838
0.189347
0.188051
0.189595
0.181469
0.220016
0.218606
0.221717
0.222125
0.220537
0.217094
0.1807
0.186909
0.189978
0.186542
0.19129
0.196976
0.19596
0.166658
0.205121
0.164203
0.171915
0.16611
0.177036
0.174505
0.171105
0.171275
0.187782
0.181577
0.17587
0.17159
0.169793
0.169667
0.170059
0.170225
0.17027
0.170285
0.17027
0.170204
0.167498
0.169169
0.174777
0.183617
0.192953
0.197296
0.208508
0.205176
0.21038
0.198703
0.200163
0.203733
0.201675
0.204684
0.2042
0.205697
0.203167
0.198024
0.196978
0.194156
0.19143
0.189937
0.189351
0.189876
0.191663
0.182062
0.223868
0.224739
0.224536
0.221379
0.219473
0.213597
0.182673
0.179871
0.188292
0.186163
0.192702
0.196954
0.19544
0.164019
0.204445
0.189243
0.17064
0.160786
0.176552
0.173001
0.167832
0.169998
0.184278
0.178792
0.17358
0.170779
0.170043
0.169846
0.1694
0.168795
0.168309
0.167817
0.167279
0.167081
0.172686
0.176176
0.179999
0.184889
0.192395
0.205764
0.229694
0.219336
0.209634
0.203622
0.195601
0.194484
0.197589
0.200613
0.198108
0.205068
0.207741
0.202912
0.19418
0.191779
0.191555
0.187261
0.189822
0.193658
0.230625
0.231774
0.226586
0.225039
0.222058
0.220711
0.217753
0.183591
0.1874
0.19571
0.187198
0.186422
0.193624
0.196851
0.194965
0.161726
0.2041
0.186269
0.168005
0.159021
0.175517
0.173204
0.169938
0.168623
0.181127
0.177086
0.171986
0.17033
0.16974
0.168896
0.167819
0.166798
0.166112
0.16713
0.17073
0.171727
0.172903
0.176461
0.180744
0.185634
0.192776
0.19798
0.215052
0.231158
0.222902
0.208194
0.207138
0.206818
0.199041
0.199049
0.210148
0.210899
0.213468
0.209239
0.200434
0.19288
0.187135
0.178255
0.225069
0.225038
0.230715
0.225977
0.223051
0.222644
0.222053
0.2233
0.191932
0.210692
0.199077
0.194224
0.186159
0.187095
0.194347
0.19664
0.194377
0.161301
0.204356
0.185143
0.159584
0.175963
0.174489
0.175243
0.170554
0.166515
0.178847
0.173226
0.170773
0.169765
0.169541
0.168252
0.166974
0.165994
0.16942
0.168478
0.168915
0.170463
0.162065
0.165065
0.170554
0.163562
0.163702
0.180836
0.184193
0.19157
0.183015
0.206689
0.201379
0.212742
0.191333
0.230885
0.234548
0.222652
0.214345
0.209466
0.201705
0.185656
0.217974
0.239471
0.232289
0.23152
0.231108
0.230898
0.227698
0.223493
0.225059
0.194481
0.212213
0.203726
0.196334
0.192388
0.185259
0.187833
0.194727
0.196178
0.193029
0.18427
0.205303
0.186396
0.168989
0.17511
0.174557
0.177618
0.16916
0.176188
0.175091
0.173524
0.169118
0.168623
0.16961
0.168555
0.167436
0.166399
0.168376
0.164134
0.163455
0.163872
0.161939
0.164116
0.168272
0.172503
0.175046
0.179083
0.180193
0.183095
0.190559
0.174351
0.186857
0.20443
0.185643
0.250041
0.248831
0.230503
0.215684
0.202133
0.22443
0.243858
0.254577
0.23227
0.220068
0.228259
0.227962
0.225119
0.222597
0.216796
0.203332
0.210577
0.205724
0.198265
0.195368
0.190544
0.184799
0.188244
0.194808
0.195428
0.188739
0.182097
0.207411
0.19186
0.160417
0.174766
0.175951
0.178536
0.167223
0.174201
0.170826
0.168463
0.167675
0.165608
0.16915
0.179413
0.174009
0.170654
0.168245
0.16416
0.163222
0.160996
0.162332
0.164356
0.167644
0.170113
0.171948
0.176538
0.177335
0.179947
0.182123
0.182528
0.191019
0.159508
0.158421
0.238589
0.240143
0.258926
0.272145
0.250038
0.221347
0.213138
0.213353
0.220783
0.223566
0.224793
0.22295
0.220362
0.215272
0.197463
0.208833
0.204307
0.198251
0.1942
0.194487
0.187605
0.184894
0.189563
0.194799
0.194083
0.21703
0.206585
0.211231
0.19408
0.159165
0.174825
0.177531
0.179248
0.178382
0.16977
0.167789
0.190122
0.167424
0.168328
0.172366
0.176813
0.177299
0.171431
0.168986
0.165896
0.163464
0.160824
0.163048
0.164694
0.167274
0.169438
0.171716
0.17733
0.179941
0.182004
0.184997
0.183231
0.178595
0.185161
0.242117
0.208712
0.18683
0.185705
0.197486
0.207304
0.183833
0.23404
0.214043
0.213771
0.203449
0.201745
0.175352
0.213728
0.211153
0.207561
0.203406
0.198785
0.194223
0.193257
0.193148
0.172062
0.171654
0.171691
0.182567
0.190169
0.222776
0.208117
0.209165
0.185228
0.159141
0.176743
0.179172
0.181022
0.177437
0.176459
0.183735
0.177805
0.167052
0.16694
0.168853
0.17182
0.17736
0.168328
0.166591
0.169915
0.168777
0.17132
0.16439
0.164417
0.166764
0.168917
0.170944
0.175613
0.178744
0.180972
0.185017
0.183681
0.179837
0.18565
0.194597
0.189715
0.180995
0.199042
0.220468
0.222949
0.221683
0.220248
0.218387
0.182763
0.211576
0.207849
0.205484
0.20329
0.200855
0.198613
0.196177
0.193442
0.191813
0.193239
0.191872
0.185657
0.183446
0.187166
0.191759
0.190026
0.216506
0.217003
0.215501
0.182833
0.175331
0.176812
0.179585
0.182782
0.176472
0.175367
0.180129
0.177755
0.181427
0.18731
0.19251
0.170196
0.173578
0.176049
0.167422
0.166353
0.170479
0.170473
0.165803
0.163402
0.165863
0.168226
0.170131
0.174265
0.177787
0.180552
0.185097
0.183147
0.179577
0.183345
0.187816
0.177422
0.193154
0.20979
0.219457
0.219729
0.218198
0.216612
0.192321
0.18576
0.205659
0.202461
0.1996
0.197916
0.196252
0.1943
0.1925
0.190808
0.190893
0.193176
0.171193
0.168896
0.170894
0.186838
0.188516
0.210872
0.215408
0.224039
0.220445
0.179357
0.175323
0.177764
0.181981
0.183288
0.176636
0.171962
0.175904
0.177465
0.173591
0.17439
0.176854
0.182275
0.169906
0.171937
0.176593
0.16792
0.16667
0.169183
0.164324
0.161602
0.164893
0.168061
0.16988
0.171228
0.175509
0.178245
0.182604
0.180995
0.177474
0.178122
0.212531
0.204977
0.208867
0.212249
0.217664
0.218473
0.216236
0.184566
0.19347
0.203043
0.201063
0.198313
0.195876
0.194597
0.193135
0.191664
0.190235
0.189659
0.191152
0.192598
0.187644
0.183666
0.183817
0.1849
0.186577
0.207511
0.213813
0.223963
0.223464
0.174367
0.175941
0.178145
0.184463
0.183627
0.177411
0.17213
0.174363
0.174812
0.17453
0.174823
0.172257
0.173689
0.176489
0.17076
0.170516
0.175142
0.176808
0.169829
0.159055
0.160007
0.162917
0.167213
0.170714
0.172463
0.173091
0.176188
0.181013
0.181929
0.17722
0.211929
0.226019
0.224648
0.222494
0.22087
0.220362
0.217426
0.213497
0.209087
0.204815
0.201192
0.197677
0.196339
0.194361
0.192553
0.191093
0.18979
0.188672
0.188783
0.190911
0.191974
0.188422
0.185737
0.184814
0.184394
0.184817
0.206121
0.210645
0.220466
0.227843
0.166453
0.176625
0.179405
0.186123
0.183506
0.178425
0.171091
0.178749
0.179594
0.179817
0.174527
0.175119
0.17122
0.171495
0.17452
0.171747
0.169159
0.170991
0.166437
0.16338
0.160561
0.160588
0.163959
0.170015
0.174671
0.177781
0.180263
0.181953
0.183656
0.190669
0.188858
0.223764
0.225471
0.223952
0.220845
0.216704
0.212429
0.208297
0.202666
0.19853
0.196322
0.195287
0.194002
0.192552
0.191111
0.189812
0.188607
0.187933
0.188909
0.190901
0.190912
0.188358
0.185946
0.184941
0.184595
0.186036
0.205892
0.209112
0.216656
0.219558
0.165947
0.177264
0.182692
0.186633
0.183028
0.179409
0.17014
0.176497
0.176723
0.177688
0.178124
0.173364
0.17288
0.1701
0.170515
0.175664
0.173254
0.168011
0.166728
0.171365
0.169308
0.164637
0.162586
0.165332
0.170781
0.175677
0.179983
0.188374
0.189924
0.190816
0.187026
0.219339
0.220238
0.219917
0.217245
0.213133
0.208938
0.203416
0.199079
0.19631
0.194647
0.192848
0.188547
0.196272
0.191901
0.189294
0.187854
0.187337
0.188508
0.190191
0.189725
0.187402
0.18507
0.184381
0.184326
0.185024
0.205529
0.209281
0.21654
0.216065
0.168728
0.17875
0.187882
0.185751
0.181601
0.179365
0.173331
0.179943
0.174638
0.17483
0.175738
0.173239
0.17105
0.169874
0.169095
0.175794
0.173241
0.174351
0.173472
0.177737
0.176781
0.174587
0.172847
0.170088
0.168329
0.169506
0.171762
0.180065
0.189293
0.189125
0.186025
0.206947
0.216318
0.215672
0.21424
0.21193
0.198115
0.197637
0.202379
0.200148
0.197934
0.194469
0.186613
0.187317
0.186614
0.190474
0.187489
0.187227
0.188626
0.18907
0.187285
0.184501
0.183375
0.183668
0.183626
0.184151
0.20511
0.210599
0.211891
0.213929
0.172127
0.187233
0.192154
0.182999
0.179335
0.177297
0.174388
0.171771
0.167323
0.17435
0.165781
0.164538
0.172824
0.174031
0.176115
0.177189
0.177717
0.177986
0.177905
0.179763
0.180002
0.180678
0.182598
0.186833
0.188566
0.179674
0.18473
0.193426
0.191928
0.207442
0.184981
0.194078
0.210007
0.213383
0.200132
0.220456
0.201855
0.193837
0.192492
0.187533
0.1864
0.195002
0.197714
0.198847
0.204435
0.18802
0.187087
0.18812
0.186598
0.183922
0.182063
0.181772
0.182218
0.182184
0.181792
0.199752
0.205666
0.213185
0.214925
0.214649
0.173643
0.197069
0.193128
0.173147
0.171832
0.177529
0.181605
0.170233
0.170878
0.173022
0.174966
0.17626
0.177189
0.178131
0.178977
0.179656
0.179882
0.179868
0.179816
0.180735
0.180741
0.181336
0.183277
0.190262
0.198483
0.200797
0.201105
0.19973
0.192165
0.176339
0.183141
0.191352
0.215706
0.221866
0.196022
0.197529
0.197481
0.200112
0.196308
0.191388
0.187395
0.182353
0.176342
0.171342
0.194418
0.193064
0.186733
0.185641
0.182725
0.181671
0.180429
0.179912
0.179593
0.179001
0.181256
0.203041
0.207903
0.214231
0.216275
0.210833
0.177203
0.19592
0.190085
0.195016
0.182922
0.174906
0.171433
0.172627
0.174703
0.172387
0.17611
0.177424
0.178239
0.179063
0.179773
0.180347
0.180913
0.181067
0.180886
0.18228
0.182636
0.183512
0.185989
0.191611
0.197622
0.199866
0.199643
0.199745
0.209057
0.207229
0.179225
0.184635
0.199334
0.201858
0.201239
0.199454
0.16546
0.160059
0.161256
0.159912
0.15924
0.158587
0.157741
0.15737
0.155374
0.156235
0.158805
0.163259
0.168607
0.169572
0.183757
0.178571
0.177514
0.181952
0.199706
0.205211
0.209847
0.210612
0.219599
0.221955
0.189136
0.194062
0.186921
0.186094
0.1797
0.172754
0.170804
0.17035
0.174593
0.170938
0.175851
0.177444
0.178372
0.179206
0.179918
0.18052
0.181077
0.181511
0.181959
0.183097
0.184029
0.185935
0.190233
0.196318
0.199619
0.20037
0.19917
0.199226
0.209791
0.205976
0.17915
0.178866
0.196847
0.199564
0.196969
0.195114
0.190315
0.19379
0.193612
0.19242
0.186066
0.185289
0.183607
0.181558
0.178569
0.164863
0.180221
0.177965
0.17634
0.175984
0.176179
0.175613
0.175349
0.191451
0.204276
0.221437
0.215557
0.217415
0.200114
0.212968
0.201631
0.189726
0.207225
0.184005
0.179415
0.181332
0.16721
0.168386
0.170879
0.173755
0.176165
0.177729
0.178438
0.179007
0.179678
0.180359
0.181053
0.181755
0.182415
0.18388
0.185911
0.190189
0.195926
0.199154
0.200147
0.199466
0.195024
0.209799
0.208991
0.205947
0.182033
0.180486
0.193053
0.197294
0.196119
0.193857
0.194376
0.187263
0.184893
0.182821
0.181436
0.179468
0.176532
0.174716
0.174039
0.173968
0.174215
0.174653
0.175166
0.175559
0.175589
0.174777
0.173926
0.194619
0.205795
0.217613
0.212775
0.217909
0.205353
0.200678
0.200658
0.210018
0.2024
0.183719
0.161484
0.171166
0.172351
0.173263
0.174204
0.175223
0.176309
0.177464
0.178438
0.178978
0.179386
0.179947
0.180658
0.181612
0.182689
0.184486
0.188718
0.194733
0.198379
0.199554
0.199485
0.196244
0.19428
0.213083
0.208132
0.207692
0.19609
0.19113
0.195825
0.197959
0.196971
0.194772
0.16912
0.185242
0.181649
0.174459
0.176988
0.174783
0.173672
0.173155
0.173068
0.173235
0.173558
0.17401
0.174432
0.174632
0.174404
0.173407
0.171275
0.19989
0.220076
0.215764
0.212406
0.216845
0.207705
0.19619
0.201105
0.211719
0.204298
0.183493
0.16829
0.171083
0.172356
0.173141
0.173858
0.174578
0.175445
0.176497
0.177618
0.178613
0.179313
0.179765
0.18039
0.181291
0.182503
0.185938
0.19226
0.197215
0.198929
0.198643
0.196763
0.195454
0.19498
0.214377
0.207611
0.208624
0.20489
0.198125
0.19842
0.199686
0.198771
0.198993
0.179993
0.189151
0.183486
0.174591
0.174286
0.172903
0.172402
0.172216
0.172217
0.172364
0.172622
0.172933
0.173208
0.173107
0.172539
0.1713
0.186113
0.21777
0.216678
0.21472
0.212224
0.212697
0.204164
0.202132
0.206276
0.214796
0.203393
0.185245
0.166781
0.170168
0.171218
0.17192
0.172508
0.173188
0.174046
0.175048
0.176166
0.17733
0.178455
0.179538
0.180486
0.181414
0.182738
0.188803
0.195162
0.197726
0.197929
0.196915
0.196101
0.196463
0.198182
0.215612
0.207923
0.209354
0.207659
0.203531
0.200303
0.20054
0.202371
0.202647
0.200835
0.190755
0.183114
0.187478
0.174307
0.174428
0.172169
0.171537
0.171323
0.171259
0.17116
0.171048
0.170695
0.169998
0.170443
0.189648
0.213251
0.214272
0.214532
0.213703
0.212231
0.211979
0.205768
0.205077
0.203735
0.21007
0.203482
0.187992
0.166754
0.168949
0.169811
0.170464
0.171075
0.171807
0.172648
0.173588
0.174612
0.175702
0.176933
0.178333
0.179757
0.181182
0.183395
0.192688
0.196442
0.197022
0.196431
0.195508
0.195607
0.196905
0.204212
0.214988
0.213449
0.213601
0.21014
0.203805
0.201338
0.201889
0.217031
0.21194
0.20832
0.202629
0.198787
0.195697
0.193212
0.192225
0.192839
0.194452
0.196362
0.19846
0.20079
0.203261
0.205724
0.208015
0.210001
0.211677
0.21292
0.213737
0.21404
0.213507
0.212505
0.214143
0.20911
0.205194
0.210349
0.207739
0.204092
0.189858
0.166024
0.167447
0.168389
0.169072
0.169797
0.170579
0.171433
0.172339
0.173273
0.174303
0.175508
0.176925
0.178564
0.180773
0.18544
0.19487
0.196017
0.195437
0.194399
0.19411
0.19467
0.196206
0.209923
0.211931
0.215223
0.218241
0.209282
0.206537
0.203038
0.202132
0.218331
0.215447
0.213551
0.209885
0.206827
0.204197
0.202119
0.200746
0.199952
0.19984
0.200235
0.201126
0.202482
0.204229
0.20612
0.208064
0.209838
0.211393
0.212624
0.213511
0.213986
0.213687
0.212741
0.21385
0.21035
0.226264
0.207965
0.205006
0.205996
0.191916
0.165548
0.165724
0.166804
0.167547
0.168371
0.16923
0.170124
0.171055
0.171974
0.172964
0.174129
0.175574
0.17768
0.182041
0.189821
0.194834
0.194666
0.193505
0.19316
0.193571
0.1931
0.199108
0.201685
0.204305
0.217513
0.211773
0.209385
0.209736
0.20505
0.219727
0.217805
0.216072
0.21559
0.213805
0.211071
0.208014
0.205399
0.203437
0.202157
0.201543
0.20151
0.201959
0.20287
0.20412
0.205602
0.207149
0.208608
0.209944
0.211143
0.212157
0.21288
0.213006
0.212436
0.212952
0.213826
0.216572
0.205754
0.200098
0.205081
0.193829
0.179174
0.163928
0.164921
0.165881
0.16681
0.167756
0.168694
0.169655
0.170632
0.171594
0.172783
0.17458
0.178294
0.186004
0.192528
0.193935
0.193156
0.192677
0.1935
0.192499
0.196657
0.201427
0.199103
0.213335
0.216916
0.218686
0.213426
0.208729
0.199822
0.213948
0.21714
0.215748
0.215651
0.215239
0.213149
0.210071
0.207278
0.205139
0.20369
0.202769
0.202386
0.202441
0.202866
0.203594
0.204587
0.205663
0.206786
0.207873
0.208978
0.210107
0.211163
0.211953
0.212118
0.21285
0.211621
0.21266
0.179902
0.191202
0.203272
0.194801
0.181692
0.162785
0.163016
0.164101
0.165159
0.166183
0.167178
0.168159
0.169171
0.170263
0.171731
0.17463
0.181286
0.189065
0.192953
0.192958
0.192519
0.193226
0.19215
0.197539
0.198802
0.20633
0.196962
0.198719
0.210357
0.221034
0.21347
0.210381
0.210486
0.211413
0.216347
0.214916
0.215836
0.215511
0.213873
0.211149
0.208432
0.205957
0.204069
0.202768
0.202023
0.201753
0.201828
0.202204
0.202918
0.202951
0.202644
0.203315
0.204448
0.205787
0.207035
0.207973
0.208659
0.20879
0.211206
0.212627
0.196541
0.196961
0.198752
0.193023
0.182392
0.163628
0.161303
0.162158
0.163335
0.164483
0.165554
0.16658
0.167685
0.169062
0.171268
0.176274
0.184463
0.190178
0.192574
0.192396
0.192838
0.191997
0.196504
0.198675
0.20079
0.206561
0.192695
0.214677
0.242121
0.232968
0.213355
0.212742
0.208717
0.213902
0.214375
0.215168
0.214731
0.21411
0.213075
0.210566
0.207488
0.2047
0.202643
0.200649
0.198918
0.198589
0.198784
0.199351
0.200227
0.201305
0.202543
0.203858
0.205233
0.206481
0.207383
0.208157
0.208473
0.209564
0.209724
0.208871
0.211223
0.213545
0.190653
0.186281
0.181631
0.176207
0.161034
0.160254
0.161248
0.162438
0.163708
0.164882
0.166185
0.168026
0.171514
0.178571
0.186064
0.190151
0.192057
0.19228
0.1922
0.193853
0.197227
0.200423
0.174564
0.194179
0.21956
0.235092
0.243656
0.242416
0.227092
0.21521
0.210852
0.21607
0.215101
0.213683
0.212826
0.212481
0.21098
0.208233
0.204054
0.201876
0.200469
0.199605
0.199338
0.199524
0.200074
0.200942
0.202027
0.203213
0.204409
0.205521
0.206497
0.207259
0.20796
0.208546
0.207253
0.210908
0.182991
0.207644
0.211106
0.185544
0.181807
0.180616
0.177542
0.175282
0.174014
0.16051
0.159017
0.160089
0.161382
0.162758
0.164373
0.166843
0.171785
0.179899
0.186386
0.189795
0.191699
0.192037
0.191772
0.197773
0.20324
0.173062
0.196166
0.196364
0.277302
0.23289
0.247555
0.217472
0.224228
0.214059
0.213192
0.219156
0.212539
0.212256
0.212092
0.211426
0.208414
0.206301
0.204539
0.203052
0.201989
0.201369
0.201294
0.201619
0.202246
0.203107
0.204049
0.204961
0.205791
0.206498
0.207137
0.207823
0.20836
0.206884
0.209314
0.205248
0.189152
0.22817
0.280067
0.232951
0.170551
0.168831
0.174879
0.17146
0.171103
0.172088
0.172696
0.159161
0.158849
0.160403
0.162463
0.165815
0.172354
0.180996
0.186712
0.189699
0.191375
0.190442
0.19531
0.193586
0.191329
0.212442
0.214059
0.278024
0.260063
0.243565
0.244188
0.265961
0.252589
0.221972
0.220998
0.217839
0.211334
0.211928
0.211788
0.208653
0.207286
0.20611
0.204916
0.203911
0.203199
0.202839
0.202892
0.20324
0.203774
0.204431
0.205079
0.205693
0.206283
0.206908
0.20762
0.207982
0.20676
0.207837
0.208479
0.177959
0.214124
0.234269
0.202604
0.196169
0.166568
0.162831
0.158623
0.15622
0.155013
0.154995
0.155959
0.171362
0.1735
0.157686
0.158756
0.162243
0.169373
0.178885
0.185247
0.18833
0.189655
0.189387
0.187481
0.194996
0.213725
0.250173
0.263416
0.292535
0.255845
0.25067
0.227514
0.269632
0.250563
0.243986
0.224698
0.214561
0.210332
0.211542
0.208605
0.207584
0.206517
0.205634
0.204825
0.204193
0.203765
0.203601
0.203714
0.204162
0.205084
0.206582
0.208009
0.209082
0.209971
0.210631
0.210448
0.209284
0.209675
0.211653
0.20578
0.203496
0.256199
0.236457
0.194372
0.197053
0.164245
0.15594
0.152472
0.151169
0.150461
0.150822
0.151537
0.152571
0.15592
0.158778
0.162439
0.166916
0.17242
0.180147
0.202627
0.24066
0.192003
0.282826
0.258802
0.282305
0.285224
0.26387
0.262947
0.25484
0.275315
0.228253
0.212211
0.266453
0.248045
0.244265
0.245009
0.211855
0.208598
0.208244
0.207784
0.206901
0.206087
0.205015
0.204458
0.20421
0.206065
0.207633
0.208207
0.208614
0.209069
0.209603
0.210165
0.210702
0.210921
0.210275
0.208942
0.208841
0.210323
0.207187
0.198556
0.204788
0.223234
0.191637
0.205679
0.198175
0.180194
0.152614
0.149059
0.150118
0.150573
0.151462
0.153459
0.156135
0.158982
0.162203
0.166081
0.170707
0.176702
0.186586
0.214781
0.264496
0.281747
0.28645
0.291318
0.300036
0.303599
0.277943
0.253541
0.260761
0.291185
0.215899
0.202144
0.253001
0.242232
0.243003
0.240038
0.196489
0.204577
0.206395
0.207018
0.206295
0.205491
0.204685
0.206335
0.20805
0.208269
0.208368
0.208504
0.208688
0.208903
0.209041
0.208827
0.207677
0.204571
0.199572
0.195549
0.195466
0.195114
0.196738
0.19991
0.201798
0.216147
0.187445
0.206204
0.198809
0.179867
0.163926
0.163767
0.150053
0.153499
0.154465
0.156278
0.158815
0.161879
0.165394
0.169432
0.174388
0.180283
0.192916
0.227694
0.271181
0.285996
0.288255
0.288561
0.297229
0.307152
0.294141
0.299805
0.316334
0.297074
0.200736
0.200114
0.242293
0.238713
0.241661
0.236511
0.22396
0.191809
0.202062
0.205835
0.205639
0.205078
0.205165
0.208147
0.208272
0.208217
0.208135
0.208023
0.207795
0.20726
0.205973
0.202974
0.197549
0.191306
0.188206
0.188384
0.188649
0.191552
0.203848
0.203497
0.178517
0.201858
0.188205
0.206336
0.199402
0.188627
0.16522
0.163951
0.164095
0.164278
0.15274
0.158783
0.161198
0.163957
0.167555
0.171852
0.176712
0.183067
0.196683
0.232908
0.272456
0.288182
0.291274
0.288092
0.286544
0.261966
0.266724
0.299821
0.315996
0.252939
0.194122
0.195086
0.233768
0.237212
0.240611
0.232288
0.217726
0.199388
0.191143
0.202628
0.20454
0.204501
0.206521
0.208195
0.208152
0.20794
0.207522
0.206793
0.20558
0.203658
0.200176
0.195035
0.189881
0.186826
0.185372
0.184796
0.18805
0.18716
0.203153
0.203009
0.197959
0.183451
0.197043
0.206694
0.184113
0.18398
0.169853
0.169741
0.166802
0.164009
0.164618
0.159804
0.162964
0.16511
0.168498
0.172835
0.177979
0.184195
0.196483
0.228816
0.268207
0.287833
0.283339
0.276298
0.238555
0.233596
0.238965
0.25615
0.29506
0.233586
0.191348
0.19274
0.231935
0.240889
0.236552
0.223571
0.203768
0.182677
0.168931
0.188229
0.201269
0.203215
0.205203
0.207755
0.207488
0.206922
0.205928
0.204381
0.202101
0.199068
0.19511
0.190809
0.187416
0.184356
0.182067
0.184063
0.182462
0.182622
0.200006
0.203663
0.201716
0.181293
0.193826
0.206939
0.185856
0.183206
0.176733
0.177001
0.173846
0.170225
0.166735
0.162146
0.160574
0.166652
0.169077
0.172407
0.176518
0.182155
0.191379
0.213265
0.250942
0.274261
0.240183
0.24475
0.243201
0.238509
0.236249
0.239257
0.271557
0.232441
0.195131
0.196195
0.239241
0.236269
0.223355
0.200758
0.176632
0.168026
0.164342
0.160129
0.174766
0.198289
0.20281
0.20625
0.206329
0.204483
0.202902
0.200655
0.198333
0.195929
0.193127
0.190069
0.186136
0.181278
0.180117
0.179325
0.17754
0.184936
0.200109
0.200775
0.179768
0.180897
0.206753
0.208756
0.201846
0.196684
0.186088
0.184003
0.18094
0.177529
0.173484
0.168872
0.162873
0.162473
0.167906
0.169141
0.171232
0.174133
0.178108
0.184959
0.202887
0.228874
0.202365
0.223593
0.234259
0.239548
0.242031
0.244055
0.255957
0.247816
0.234205
0.229994
0.226658
0.205946
0.181914
0.172368
0.168556
0.165683
0.163352
0.161484
0.159542
0.154032
0.189137
0.201436
0.201035
0.200462
0.196785
0.19511
0.196108
0.195219
0.193736
0.19068
0.18546
0.17965
0.177469
0.174886
0.178489
0.181692
0.188335
0.196585
0.170765
0.186973
0.212614
0.2083
0.202297
0.198605
0.194547
0.194476
0.186956
0.183213
0.179717
0.175625
0.169686
0.163727
0.163213
0.164642
0.166422
0.1687
0.171132
0.174093
0.178022
0.185087
0.171267
0.173229
0.175114
0.177244
0.179551
0.181885
0.184026
0.185968
0.186265
0.182965
0.177467
0.173099
0.170341
0.170989
0.167637
0.165375
0.164788
0.159385
0.158934
0.158592
0.155473
0.17356
0.185022
0.186571
0.188136
0.192507
0.193349
0.193171
0.192318
0.190114
0.185984
0.182999
0.180673
0.176791
0.170824
0.178047
0.194095
0.172125
0.166685
0.188537
0.210024
0.207378
0.203116
0.19941
0.195547
0.192877
0.191415
0.186229
0.182774
0.179811
0.176007
0.169562
0.151142
0.157703
0.160548
0.162695
0.16431
0.165913
0.167651
0.169379
0.158959
0.159729
0.160391
0.161085
0.161801
0.162596
0.163446
0.164043
0.165311
0.16553
0.164835
0.163538
0.160739
0.159047
0.158132
0.15768
0.157421
0.157184
0.15691
0.156651
0.156676
0.156819
0.153529
0.173855
0.179549
0.183758
0.183766
0.183885
0.184225
0.184605
0.185249
0.18669
0.186267
0.179734
0.173245
0.173339
0.18436
0.168783
0.163898
0.214441
0.207725
0.206815
0.203171
0.195094
0.189623
0.187581
0.190391
0.183387
0.179556
0.176781
0.174561
0.169256
0.171221
0.149085
0.153489
0.155317
0.1561
0.156769
0.157489
0.158176
0.148903
0.149118
0.149294
0.149448
0.149584
0.149729
0.149929
0.150289
0.151784
0.1521
0.153364
0.154087
0.162799
0.157015
0.157113
0.156861
0.155848
0.153897
0.152933
0.152575
0.152327
0.152355
0.152894
0.154062
0.157394
0.168456
0.174468
0.179352
0.181679
0.177961
0.177748
0.179655
0.183264
0.180531
0.175051
0.17232
0.170253
0.160268
0.180463
0.195613
0.205076
0.196698
0.187644
0.181528
0.179466
0.178889
0.182567
0.175249
0.171753
0.169
0.166199
0.163056
0.164087
0.142764
0.146407
0.147485
0.147935
0.148269
0.14847
0.148674
0.149667
0.149929
0.150159
0.150365
0.150549
0.150737
0.150943
0.151167
0.152494
0.152896
0.155138
0.158701
0.156564
0.156322
0.156152
0.155848
0.155395
0.154808
0.154157
0.15357
0.153161
0.152996
0.153045
0.153249
0.15376
0.155076
0.159957
0.164403
0.168167
0.170528
0.17002
0.169707
0.171822
0.172607
0.172654
0.191184
0.168135
0.170276
0.180268
0.181795
0.188197
0.180857
0.178259
0.176793
0.17633
0.176444
0.177335
0.171838
0.168298
0.165634
0.162242
0.158568
0.15588
0.142672
0.146055
0.147092
0.147904
0.148512
0.148964
0.149357
0.150169
0.15026
0.150348
0.150427
0.150469
0.150457
0.150396
0.150409
0.150346
0.151801
0.157994
0.159599
0.159258
0.158857
0.158359
0.157745
0.157041
0.156268
0.155496
0.154831
0.154325
0.153991
0.153855
0.153917
0.154209
0.154909
0.156271
0.158942
0.161001
0.166572
0.169473
0.167799
0.166478
0.178468
0.185431
0.186043
0.169674
0.173138
0.17522
0.176153
0.179043
0.17619
0.176138
0.175912
0.176016
0.176846
0.17413
0.170316
0.167531
0.164418
0.159869
0.154964
0.151128
0.141127
0.147174
0.148695
0.149347
0.149718
0.14994
0.150072
0.142147
0.139197
0.137193
0.135758
0.134809
0.134245
0.134004
0.133985
0.135011
0.134725
0.162821
0.161924
0.161397
0.160832
0.160213
0.159555
0.158899
0.158265
0.15767
0.157121
0.156599
0.15613
0.155807
0.155679
0.155737
0.156061
0.156688
0.157997
0.159929
0.160034
0.16593
0.169446
0.169491
0.174756
0.182033
0.186347
0.172385
0.175749
0.174734
0.173575
0.176109
0.174523
0.175844
0.175831
0.176167
0.175505
0.171433
0.168383
0.165693
0.162328
0.157922
0.152903
0.149587
0.141753
0.148819
0.149935
0.150312
0.15061
0.149867
0.14624
0.134314
0.133381
0.133255
0.133972
0.135583
0.137906
0.140568
0.142148
0.148082
0.142859
0.163892
0.163222
0.162825
0.162326
0.161737
0.161132
0.160618
0.160233
0.159975
0.159807
0.159657
0.159487
0.159274
0.158983
0.158589
0.158287
0.158339
0.15887
0.159917
0.155759
0.164011
0.168603
0.171882
0.174482
0.182458
0.188822
0.175178
0.177595
0.163965
0.174497
0.175996
0.175462
0.176377
0.17668
0.175501
0.171431
0.169551
0.167384
0.165183
0.162301
0.158141
0.152526
0.149781
0.147279
0.1501
0.150708
0.149902
0.144684
0.139403
0.136156
0.133511
0.133795
0.135315
0.138176
0.141872
0.145503
0.148694
0.15011
0.155153
0.150728
0.164934
0.164406
0.16413
0.163731
0.163236
0.16274
0.16236
0.162131
0.162007
0.161895
0.161638
0.161208
0.160626
0.159963
0.159239
0.158573
0.158027
0.157575
0.157353
0.137602
0.16294
0.169497
0.174688
0.177283
0.18736
0.157753
0.179035
0.16066
0.154431
0.176682
0.17685
0.175578
0.178392
0.174654
0.172875
0.171947
0.170838
0.169305
0.167452
0.164558
0.159936
0.153239
0.152355
0.149807
0.151097
0.151031
0.146399
0.140238
0.136426
0.134338
0.134785
0.135168
0.136588
0.139016
0.142129
0.145204
0.148124
0.149158
0.154555
0.150593
0.165538
0.165157
0.164987
0.164747
0.164494
0.164282
0.164126
0.163962
0.163672
0.163183
0.162348
0.161308
0.160135
0.158984
0.157971
0.157207
0.15677
0.156246
0.155954
0.157413
0.16364
0.17126
0.177005
0.185076
0.175414
0.153199
0.154627
0.160551
0.150166
0.178597
0.178538
0.178396
0.177229
0.177738
0.177526
0.176805
0.175516
0.173447
0.170742
0.167029
0.161837
0.15409
0.149088
0.151101
0.15211
0.151825
0.146467
0.14071
0.137256
0.135416
0.13905
0.138195
0.137814
0.137916
0.138474
0.139365
0.140601
0.140821
0.145226
0.141937
0.166359
0.166209
0.166175
0.166051
0.165885
0.165657
0.165341
0.164913
0.164316
0.163612
0.162643
0.16165
0.160567
0.159536
0.158687
0.158393
0.158749
0.159647
0.161121
0.165014
0.170675
0.174122
0.179458
0.191317
0.181127
0.149152
0.157072
0.160656
0.155631
0.180081
0.181119
0.182741
0.184055
0.184005
0.182857
0.181334
0.178928
0.175322
0.170488
0.163967
0.157418
0.144568
0.150656
0.151511
0.152129
0.152789
0.152428
0.147868
0.143025
0.140464
)
;
    }
    front
    {
        type            cyclic;
    }
    back
    {
        type            cyclic;
    }
}


// ************************************************************************* //
