/*--------------------------------*- C++ -*----------------------------------*\
  =========                 |
  \\      /  F ield         | OpenFOAM: The Open Source CFD Toolbox
   \\    /   O peration     | Website:  https://openfoam.org
    \\  /    A nd           | Version:  13
     \\/     M anipulation  |
\*---------------------------------------------------------------------------*/
FoamFile
{
    format      ascii;
    class       volScalarField;
    location    "0.5";
    object      yPlus;
}
// * * * * * * * * * * * * * * * * * * * * * * * * * * * * * * * * * * * * * //

dimensions      [];

internalField   uniform 0;

boundaryField
{
    inlet
    {
        type            cyclic;
    }
    outlet
    {
        type            cyclic;
    }
    top
    {
        type            calculated;
        value           nonuniform List<scalar> 
7200
(
44.0271
43.9336
43.7734
43.8364
43.9535
43.635
43.63
43.8013
43.8734
43.8945
44.0628
44.2704
44.5785
45.1745
45.955
46.447
46.3719
45.4656
45.3408
45.1653
45.1462
44.779
44.615
45.1406
45.076
45.5643
47.8815
50.0167
50.5196
49.815
48.1507
45.8546
43.7548
46.5871
53.9431
59.9195
61.7616
59.0019
52.7278
48.9843
47.7113
46.9592
46.5754
46.3999
46.4331
46.699
47.0729
47.3608
47.5216
47.4687
46.8386
46.3243
45.2946
44.8142
44.2083
44.0331
43.7257
43.711
43.4394
43.3015
41.5587
41.2106
41.2671
41.5376
41.8564
41.9805
42.1623
42.4046
42.526
42.7434
42.8796
43.0571
43.2115
43.7734
44.452
44.9177
44.7829
43.5111
43.2542
43.1884
43.0625
42.6075
42.3329
42.8427
43.2618
43.2257
44.667
47.0824
47.68
46.8649
45.0552
43.1219
46.293
52.8738
60.3075
62.9074
61.1372
56.1338
50.7712
47.5843
46.5634
45.95
45.6446
45.5201
45.6031
45.8751
46.2761
46.5789
46.7585
46.7256
46.2969
45.709
44.9447
44.3992
43.7328
44.0991
43.9212
43.9422
43.7058
43.8924
42.0588
41.7664
41.7859
41.9629
42.1778
42.2231
42.314
42.4719
42.5496
42.7068
42.8544
43.0421
43.2276
43.739
44.3495
44.7948
44.7705
43.8014
43.6263
43.5909
43.6107
43.4035
43.1144
43.415
43.8572
43.9691
45.1359
47.0169
47.4219
46.6761
45.0036
44.1209
52.7266
60.2959
64.0457
62.7749
58.0688
53.4303
48.7718
46.1416
45.3152
44.8459
44.6424
44.5929
44.7177
45.0061
45.3943
45.7015
45.8975
45.9036
45.5619
45.1049
44.4535
43.8892
43.7067
44.0412
43.91
43.9277
43.7354
44.2703
42.9112
42.9672
43.2183
43.6853
44.3745
44.8845
45.0701
45.2659
45.2163
45.3567
45.3963
45.4374
45.6489
46.1208
46.9565
47.7615
48.0683
47.6418
47.8439
48.1896
48.578
48.7825
48.6406
48.8673
48.571
47.4754
46.6574
47.6133
48.1397
47.9873
48.7438
50.945
60.4854
64.7631
64.326
59.6013
55.4087
51.1987
47.2521
45.1437
44.5306
44.2187
44.1189
44.1395
44.3028
44.601
44.9749
45.278
45.4733
45.4909
45.1826
44.7025
44.0529
43.4855
43.8227
44.1126
44.1918
44.5323
44.3626
46.1261
47.2101
47.6376
48.6052
49.4201
50.7774
51.5465
51.5608
51.8669
51.6572
51.7127
52.0367
52.3217
52.851
53.5234
54.6494
55.833
56.5953
56.8312
57.4958
58.2256
59.0006
59.6327
59.7513
60.0374
59.3817
57.319
55.1932
55.0812
55.7256
56.2645
58.2091
59.9106
65.5669
65.9227
61.7392
57.0872
53.3145
49.5578
46.2807
44.626
44.1911
44.0102
44.0713
44.432
44.7861
45.1788
45.5778
45.9028
46.0931
46.0732
45.6467
45.3194
46.337
45.714
46.0707
46.4522
46.8167
47.6564
47.6766
50.7523
53.5742
54.7302
55.9459
57.0269
58.3222
58.831
58.5156
58.5699
58.2208
58.0411
58.3668
59.1716
60.1547
61.1567
62.4903
63.9172
65.0573
65.8794
66.8615
67.7541
68.6685
69.5019
69.8349
70.194
69.6672
67.7195
65.7537
65.3074
65.6499
65.8691
66.7747
65.9207
66.9119
63.9452
59.3528
55.2465
51.8826
48.6026
45.9294
45.2405
45.4078
45.7367
46.2469
47.0184
47.5528
48.0119
48.418
48.7748
48.9497
48.8497
48.1164
49.2467
50.3003
50.001
50.4325
51.0148
51.6225
52.9359
53.4149
57.2549
59.6609
60.9812
62.1434
63.1621
64.0501
64.192
63.6299
63.2268
62.6196
62.0124
61.9834
63.3453
64.7482
66.0934
67.5791
69.1311
70.5141
71.7494
72.8939
73.7868
74.6867
75.5389
76.089
76.5327
76.0981
74.3799
72.507
71.4736
71.9924
71.622
71.135
67.4159
65.0676
61.7626
57.6189
54.0037
51.0396
48.2469
46.8034
47.2031
48.0381
48.9865
49.9426
50.9407
51.5375
51.945
52.3142
52.6685
52.8147
52.654
51.8341
54.055
55.4324
55.378
55.8919
56.6555
57.3063
58.5858
58.9955
63.1441
63.6427
64.7715
65.7214
66.6377
67.1713
66.998
66.2242
65.4804
64.5466
63.2165
63.1139
64.7135
66.4532
68.0614
69.6913
71.3245
72.8582
74.3375
75.6044
76.4755
77.3441
78.0707
78.662
79.079
78.4764
76.664
74.5943
73.3511
73.2695
71.846
70.2604
65.4751
63.2178
60.0874
56.3534
53.1934
50.6111
48.7288
48.3857
49.5387
50.8141
52.215
53.45
54.4733
55.0318
55.3229
55.6343
55.9727
56.1119
55.9871
55.4405
58.3911
59.6228
59.8376
60.3781
61.1911
61.6695
62.6445
62.6186
66.8985
64.8798
65.8265
66.4787
67.2861
67.5733
67.1088
65.8786
64.7168
63.5063
61.8581
61.806
63.144
65.066
67.0488
68.8623
70.6238
72.2466
74.195
75.573
76.106
76.9332
77.4336
77.6713
77.6555
76.6192
74.4687
72.513
71.4591
71.2223
69.8755
68.4031
64.0209
61.646
58.7521
55.4143
52.6598
50.5869
49.4759
49.7759
51.3515
52.7706
54.354
55.5743
56.4512
56.9013
57.1079
57.3976
57.721
57.8921
57.8573
57.7941
60.8343
61.9307
62.3586
63.0468
63.8011
63.9617
64.457
63.6846
68.0887
64.0519
64.9455
65.5839
66.0464
66.2633
65.6208
64.0607
63.204
62.057
60.5413
60.5242
61.721
63.5166
65.3862
67.0942
68.7608
70.3263
72.2792
73.5727
74.0073
74.8049
75.2549
75.5071
75.4403
74.4696
72.5201
70.7394
69.8609
69.4917
68.2185
66.773
62.2425
60.345
57.6767
54.687
52.2879
50.7557
50.0978
50.5428
52.1412
53.4723
54.964
55.9558
56.5921
56.9051
57.0797
57.3922
57.7026
57.9043
57.8993
58.3231
61.0702
62.1456
62.6828
63.4736
64.2237
64.0327
64.0273
62.7863
67.1649
63.3624
64.2164
64.8365
64.8192
64.886
63.9899
62.7728
61.9812
60.8672
59.4342
59.4385
60.49
62.175
63.9681
65.5937
67.181
68.6898
70.5112
71.7353
72.2053
72.9545
73.3422
73.5662
73.4199
72.4794
70.6807
69.0528
68.3147
67.8392
66.1354
64.8027
60.8438
59.2042
56.7502
54.0805
51.9777
50.702
50.2322
50.6013
51.9045
53.1008
54.4556
55.3424
55.9005
56.1763
56.3335
56.6105
56.8785
57.0474
57.0336
57.5618
60.3069
61.351
61.8543
62.6168
63.3393
63.157
63.1165
62.052
65.9219
62.5877
63.4125
64.0184
63.5613
63.5639
62.3295
61.6557
60.8853
59.8073
58.4598
58.4732
59.3899
60.9635
62.6635
64.2
65.7014
67.1461
68.8354
69.99
70.4887
71.1962
71.5412
71.7459
71.5462
70.6553
69.0129
67.5414
66.9136
66.3716
64.3628
63.2486
59.634
58.2683
55.8935
53.3883
51.5123
50.6977
50.3419
50.4619
51.5989
52.659
53.8643
54.6326
55.1154
55.36
55.5132
55.7713
56.0149
56.1698
56.1655
56.6731
59.4646
60.5167
60.9853
61.761
62.5706
62.4142
62.3316
61.4022
64.685
61.696
62.5108
63.0773
62.2711
62.1109
61.3775
60.6582
59.9223
58.886
57.6227
57.6318
58.4325
59.8957
61.4967
62.938
64.3515
65.7256
67.2883
68.3775
68.9048
69.5818
69.9095
70.1119
69.8926
69.0671
67.5852
66.2698
65.7231
65.1254
63.385
62.157
59.1875
57.3634
55.188
52.875
51.3213
50.9786
50.7244
50.2199
51.1734
52.0827
53.136
53.8033
54.225
54.4494
54.6053
54.8539
55.0783
55.2255
55.2309
55.7176
58.358
59.5899
59.9577
60.9187
61.0168
60.8403
60.7167
59.8301
62.6088
60.737
61.5071
61.9833
60.8991
61.1849
60.492
59.7745
59.1011
58.1208
56.9424
56.9418
57.6478
59.0047
60.5061
61.8532
63.1827
64.486
65.9334
66.9692
67.5235
68.1802
68.5045
68.7112
68.494
67.7379
66.4035
65.2319
64.7396
64.0963
62.5246
61.445
58.7694
57.1892
55.1223
52.8635
51.4831
51.9047
51.5721
50.1025
50.9306
51.7057
52.6232
53.2073
53.5778
53.7834
53.9406
54.1813
54.3886
54.5279
54.5399
54.9931
57.3907
58.5764
58.0539
59.1485
59.8739
59.5677
59.4289
58.496
61.2137
59.8769
60.5043
60.7474
60.0755
60.3366
59.718
59.0005
58.4176
57.4998
56.4165
56.4128
57.0453
58.3015
59.7044
60.9614
62.2155
63.4493
64.7955
65.7854
66.3637
67
67.3272
67.5327
67.3287
66.6321
65.4237
64.3715
63.9138
63.2428
61.7982
60.7714
58.3827
56.2265
54.2222
51.9944
51.3953
52.8467
52.2218
49.2684
49.6805
50.3687
51.199
51.7266
52.0672
52.2554
52.414
52.6456
52.8418
52.9664
52.9675
53.3819
55.5672
56.8012
57.234
58.0658
58.5172
58.201
57.9979
57.0576
59.7
57.9395
59.4054
59.7547
59.304
59.5783
59.0152
58.3443
57.8448
56.9997
56.0199
56.0282
56.6017
57.7694
59.0771
60.255
61.4385
62.6089
63.8639
64.8143
65.4035
66.0166
66.3367
66.5388
66.3385
65.6911
64.5795
63.6182
63.1749
62.486
61.1436
60.1324
57.9101
56.6063
54.6288
52.245
51.8168
53.8536
53.6389
50.5268
50.1047
50.679
51.4226
51.8919
52.1896
52.3702
52.5267
52.7419
52.9045
52.9988
52.9663
53.2308
55.0931
56.0048
55.9121
56.696
57.3541
57.0632
56.8186
55.8358
58.339
58.7901
58.4078
58.8604
58.5914
58.8796
58.368
57.7879
57.3617
56.5937
55.7266
55.7609
56.2855
57.375
58.5989
59.7083
60.8288
61.9397
63.1128
64.0213
64.607
65.1837
65.4855
65.6687
65.461
64.8467
63.807
62.9105
62.4644
61.7527
60.4785
59.4157
57.002
55.793
53.889
51.6529
51.278
53.0211
52.6923
49.7722
49.2907
49.7494
50.4264
50.854
51.1287
51.2994
51.4524
51.6594
51.8165
51.9067
51.8774
52.1404
53.8555
54.7157
54.8585
55.6455
56.3816
56.0747
55.7964
54.8308
57.0348
57.7321
57.6101
58.0587
57.9368
58.2376
57.7904
57.3019
56.9416
56.2522
55.4977
55.556
56.0516
57.0725
58.2213
59.2719
60.336
61.3889
62.4824
63.3435
63.9092
64.4359
64.7058
64.8521
64.6293
64.0313
63.0428
62.1955
61.7371
61.0079
59.7903
58.7249
56.3191
55.0884
53.2675
51.204
50.8374
52.319
51.9732
49.33
48.7946
49.1346
49.7618
50.1623
50.4315
50.6144
50.7821
50.9918
51.1473
51.2348
51.2157
51.4783
53.0593
53.8412
54.0524
54.7718
55.509
55.1752
54.8682
54.5469
55.7821
57.0094
56.0277
57.293
57.3024
57.6198
57.2447
56.8398
56.5344
55.9182
55.277
55.3548
55.8332
56.7927
57.8722
58.8694
59.8798
60.8734
61.8883
62.6956
63.2275
63.6939
63.9164
64.0159
63.7679
63.1734
62.2244
61.4144
60.9429
60.2349
59.1443
56.9916
54.687
54.347
52.6254
50.7289
50.3794
51.5569
51.2345
48.9035
48.3592
48.6093
49.1987
49.5881
49.8703
50.0871
50.2902
50.5224
50.693
50.7866
50.7847
51.0479
52.4805
53.1704
53.3907
54.0218
54.7294
54.3762
54.0557
54.2632
55.2674
56.1946
56.5494
56.6831
56.8925
57.2323
56.9285
56.5931
56.3375
55.7913
55.2539
55.3523
55.8147
56.7087
57.7163
58.6552
59.6043
60.5358
61.4706
62.2138
62.6978
63.0945
63.2569
63.3092
63.0283
62.4369
61.5298
60.7551
60.2605
59.4983
57.4577
56.3308
55.226
53.4111
51.8869
50.1801
49.8602
50.7645
50.4778
48.4624
47.9407
48.1498
48.711
49.1063
49.416
49.6768
49.9256
50.1915
50.3859
50.4902
50.5041
50.7571
52.0296
52.6294
52.8518
53.3924
54.0439
53.6808
53.3711
54.0144
54.7329
55.4936
55.6294
55.1187
55.5194
55.874
55.6179
55.3318
55.098
54.6028
54.1544
54.2827
54.7453
55.6019
56.565
57.4722
58.3883
59.2786
60.1483
60.8359
61.2699
61.5891
61.6852
61.6726
61.3503
60.7355
59.8273
59.0489
58.4941
57.6013
57.0958
54.9011
53.9417
52.4109
51.0544
49.5504
49.278
49.9712
49.7537
48.0479
47.5848
47.802
48.3598
48.782
49.1334
49.4432
49.7418
50.0477
50.2652
50.3792
50.4039
50.6363
51.741
52.2454
52.4492
52.894
53.4637
53.0946
52.8075
53.6086
54.2699
54.8448
54.1274
55.6338
55.9076
56.1792
55.9102
55.617
55.3942
54.9453
54.5479
54.6795
55.0829
55.8446
56.7052
57.5296
58.3644
59.1799
59.986
60.5996
60.948
61.2005
61.2109
61.1464
60.8055
60.1294
59.2674
58.5034
57.9474
57.0291
55.3144
53.5773
52.8059
51.4089
50.1727
48.88
48.6489
49.2151
49.1022
47.7038
47.3455
47.6131
48.1921
48.6702
49.08
49.4462
49.8003
50.148
50.3864
50.5059
50.5339
50.7345
51.6643
52.0593
52.2123
52.5498
53.0087
52.6243
52.3498
53.0209
53.479
53.9932
53.924
54.7842
54.8336
54.963
54.6513
54.3455
54.1169
53.7041
53.3801
53.5325
53.9341
54.6539
55.4685
56.2576
57.0569
57.8278
58.5671
59.1249
59.4259
59.6139
59.5783
59.4641
59.1004
58.4316
57.596
56.8645
56.3488
55.5305
53.5681
52.2103
51.5611
50.3598
49.2955
48.2226
48.0412
48.5448
48.5708
47.5034
47.3005
47.6598
48.278
48.8677
49.3538
49.7665
50.1669
50.576
50.8541
50.9782
51.0126
51.1625
51.895
52.1523
52.2019
52.4025
52.7122
52.2831
51.9824
52.5211
52.7731
52.9859
53.2566
53.5152
53.8548
53.8482
53.4718
53.1319
52.8864
52.4977
52.2198
52.372
52.7551
53.4208
54.1794
54.9238
55.6805
56.4032
57.0781
57.5787
57.8352
57.9728
57.9069
57.7745
57.4133
56.7888
56.021
55.3676
54.9293
54.2231
52.2518
50.8732
50.2908
49.3244
48.4577
47.6036
47.4938
47.9772
48.1399
47.3924
47.4312
47.9193
48.6467
49.286
49.829
50.4759
51.1742
51.5576
51.7603
51.8664
51.872
51.9769
52.5417
52.6519
52.5732
52.5839
52.6816
52.149
51.7551
52.0879
52.0682
52.1105
51.981
52.267
52.7715
52.7368
52.2578
51.8644
51.5993
51.2253
50.9832
51.1328
51.4957
52.1053
52.8059
53.5078
54.2274
54.9048
55.524
55.9777
56.2003
56.3041
56.2263
56.0924
55.7592
55.1976
54.5092
53.9487
53.597
53.0224
50.1482
50.0357
49.5314
48.4032
48.0717
47.639
47.7339
48.2516
48.5982
48.4399
48.9733
49.6965
49.6017
51.5221
52.329
52.9043
53.5507
54.3605
54.8525
54.4347
54.3865
54.3358
54.1703
53.9612
53.3535
53.1593
53.067
52.4117
51.8771
51.9238
51.5083
51.6175
51.1784
51.263
51.4819
51.2838
50.7363
50.5478
50.2517
49.874
49.6808
49.8306
50.1777
50.7393
51.3887
52.0553
52.7391
53.3765
53.9496
54.3695
54.5747
54.6692
54.6033
54.493
54.2137
53.7403
53.1582
52.7039
52.4341
51.8348
51.0562
49.519
49.1303
48.4041
48.2799
48.0312
48.2143
49.0963
49.9853
50.7008
51.8191
53.3277
54.5485
56.5434
58.1242
58.6361
59.6024
60.6229
61.3572
61.1021
60.725
59.8352
59.0797
58.0223
56.6014
55.2988
54.3606
53.1643
52.3831
52.1709
51.356
51.6041
50.9784
50.7506
50.544
50.0465
49.3469
49.0429
48.9358
48.5899
48.4243
48.5811
48.9318
49.4618
50.0737
50.7275
51.3835
51.9826
52.5172
52.9162
53.1271
53.2427
53.2186
53.1632
52.9712
52.623
52.1882
51.8835
51.7436
51.0427
50.3541
49.5731
49.1692
48.8856
49.2088
49.7368
50.6202
52.0253
53.4275
55.467
57.5738
59.9866
61.4219
64.1271
66.2502
67.9445
69.9915
71.4477
72.9693
73.2858
72.8056
71.7161
70.0771
67.7282
65.0191
61.98
59.3813
56.8671
54.7059
53.9638
51.4445
52.8008
50.4631
50.3583
50.0063
49.2891
48.3988
47.8664
47.5577
47.0843
47.3767
47.5585
47.9173
48.4475
49.0518
49.7029
50.3546
50.912
51.4159
51.812
52.0673
52.2453
52.3011
52.3432
52.2971
52.1362
51.906
51.8031
51.7964
51.0402
50.4078
51.3731
49.525
51.1797
52.2253
53.6454
55.7242
58.1366
60.8313
64.6982
67.6442
71.0203
73.4392
76.9083
79.8215
82.5706
85.4404
87.7813
90.0982
91.0034
91.1755
90.5085
88.3574
85.3428
81.6892
77.3567
72.5132
67.8346
63.0848
59.8123
53.1651
61.6983
56.5806
53.6351
49.8701
47.9604
47.3577
46.9274
46.6611
46.3203
46.4364
47.0774
47.5025
48.0548
48.6872
49.3483
50.0054
50.5227
50.987
51.3823
51.6663
51.9048
52.0285
52.1373
52.1596
52.0624
51.8779
52.0296
53.217
50.7682
52.7374
52.0958
52.7199
58.8506
61.3224
64.1763
67.884
71.789
75.722
80.6037
84.7723
88.685
91.5609
94.9719
98.2342
101.145
104.248
106.67
108.777
110.017
110.712
110.351
108.348
105.708
102.296
98.1104
92.9004
87.5852
81.3345
75.0925
64.4854
80.8607
73.3271
67.1178
59.3762
53.922
50.3081
47.6
46.0462
45.3041
45.3878
46.0153
46.6217
47.352
48.0897
48.8586
49.5886
50.1591
50.8591
51.4833
52.1291
52.7873
53.2367
53.7308
54.6596
55.7275
56.7911
58.5785
62.0334
57.3599
62.8107
62.2144
70.3381
74.8747
79.1474
83.0901
87.6692
92.3597
96.8152
101.131
104.878
108.179
110.59
112.852
115.317
117.328
119.659
121.407
122.898
123.946
124.773
124.555
122.956
120.986
118.328
114.989
110.898
106.586
101.231
95.3256
84.717
99.3322
92.1861
86.2906
78.3091
70.7146
64.5337
59.4745
56.3259
54.6086
53.826
53.4802
54.0472
54.4695
55.0917
55.6064
56.1391
56.335
57.0935
57.9776
58.9873
60.6106
61.8186
63.2635
65.5263
68.0961
70.702
73.9879
79.507
74.2656
81.9273
82.0166
91.7802
96.3148
100.938
104.843
108.949
113.04
116.596
119.362
121.564
123.28
124.459
125.33
126.551
127.307
128.436
129.278
130.051
130.69
131.314
131.109
129.867
128.38
126.297
123.523
120.896
117.95
114.3
110.391
102.092
110.155
104.731
100.781
95.1653
88.5202
83.4336
79.0078
75.9698
74.0716
72.7852
72.0821
72.2228
72.4169
72.7999
72.8843
72.8473
72.7911
73.5441
74.6509
76.0736
78.2657
80.1623
82.4222
85.2141
88.4141
91.6684
95.3848
101.015
96.327
103.663
104.597
112.353
116.29
120.046
123.03
125.918
128.568
130.658
131.777
132.171
132.079
131.778
131.199
130.992
130.532
130.551
130.568
130.724
130.979
131.382
131.163
130.157
128.952
127.27
124.643
122.902
121.026
118.868
116.802
110.826
112.606
109.066
106.788
103.563
99.5097
96.6854
94.1278
92.1851
91.1558
90.7096
90.7847
91.4353
92.1717
92.8675
93.3224
93.5946
93.9812
95.0372
96.3494
98.0297
99.9047
101.722
103.983
106.243
108.979
111.8
115.174
119.612
115.557
121.18
122.168
127.561
130.497
133.007
134.775
136.316
137.385
137.954
137.522
136.26
134.58
132.911
131.094
129.632
128.077
127.131
126.421
126.06
125.97
126.169
125.907
125.036
123.978
122.528
120.226
118.596
117.207
116.119
115.601
111.618
107.426
106.006
105.297
104.123
102.29
101.32
100.34
99.7043
99.9374
100.795
102.05
103.613
105.185
106.62
107.846
108.764
109.787
111.258
112.806
114.54
116.158
117.84
119.946
121.594
123.621
125.755
128.409
131.617
127.917
131.869
132.072
135.838
137.665
139.086
139.762
140.141
139.898
139.184
137.469
134.84
131.789
128.838
125.881
124.041
122.574
121.691
121.058
120.785
120.707
120.896
120.417
119.605
118.551
117.111
114.884
113.204
111.781
110.613
110.065
106.263
102.183
101.055
99.918
98.8709
97.8325
98.3883
98.7643
99.4173
100.886
102.905
105.145
107.511
109.803
111.923
113.83
115.323
116.83
118.628
120.418
122.264
123.86
125.681
127.843
129.261
130.794
132.358
134.287
136.638
133.088
135.879
135.101
137.975
138.663
139.197
138.992
138.385
137.058
135.215
132.36
129.163
126.139
123.13
120.436
118.549
116.754
115.945
115.413
115.208
115.145
115.338
114.928
114.193
113.168
111.768
109.638
107.931
106.496
105.372
104.791
101.379
97.2739
96.3905
95.0523
94.0975
93.1954
93.5985
93.8426
94.4783
95.7585
97.936
100.992
104.029
106.928
109.648
112.175
114.177
116.114
118.234
120.305
122.439
124.275
126.197
128.482
129.854
131.073
132.326
133.81
135.371
131.843
133.937
132.47
134.878
134.408
134.156
133.303
132.66
131.169
129.551
126.916
123.847
120.851
117.994
115.403
113.518
111.683
110.593
110.174
110.033
109.978
110.17
109.805
109.135
108.142
106.786
104.755
103.043
101.581
100.451
99.7688
96.656
92.765
92.0547
90.5687
89.6431
88.8385
89.1515
89.3499
89.9624
91.2893
93.4954
96.3867
99.2366
102
104.755
107.171
109.066
110.831
112.65
114.849
116.952
118.786
120.904
123.278
124.683
125.759
126.799
128.163
129.51
126.694
128.525
126.983
129.608
129.049
128.742
127.971
127.292
125.833
124.287
121.777
118.803
115.835
113.099
110.629
108.747
106.687
105.631
105.326
105.237
105.189
105.384
105.081
104.487
103.533
102.223
100.293
98.5997
97.1031
95.9447
95.1542
92.3079
88.764
88.1371
86.5238
85.6101
84.8752
85.0852
85.2225
85.7835
87.14
89.355
92.1396
94.8959
97.5694
100.197
102.491
104.318
106.03
107.825
109.954
111.968
113.775
116.125
118.392
119.817
120.922
121.966
123.214
124.407
122.047
123.546
122.101
124.402
124.002
123.6
122.876
122.162
120.699
119.224
116.866
114.02
111.127
108.551
106.249
104.453
102.588
101.06
100.827
100.858
100.862
101.053
100.816
100.296
99.3896
98.1387
96.3125
94.6488
93.1149
91.9475
91.0714
88.4624
85.3134
84.7199
83.0217
82.1254
81.4207
81.5087
81.561
82.057
83.4241
85.6189
88.2831
90.9282
93.4897
95.9793
98.1317
99.8668
101.518
103.29
105.338
107.275
109.006
111.188
113.613
115.133
116.257
117.279
118.401
119.501
117.537
118.765
117.31
119.099
119.143
118.684
118.008
117.282
115.849
114.473
112.312
109.636
106.858
104.446
102.322
100.631
98.8832
97.7095
97.3139
96.7428
96.9196
97.1449
96.9758
96.4989
95.6594
94.5028
92.7855
91.155
89.6042
88.4644
87.5374
85.1564
82.3678
81.7973
80.0837
79.215
78.5256
78.4928
78.4609
78.8988
80.2487
82.3774
84.8976
87.4121
89.8377
92.163
94.1616
95.7986
97.3911
99.1341
101.093
102.953
104.654
106.706
109.146
110.784
111.848
112.825
113.789
114.893
113.258
114.274
112.839
114.213
114.598
114.122
113.509
112.792
111.417
110.134
108.165
105.674
103.034
100.774
98.8072
97.2095
95.5755
94.4859
94.1092
93.7726
93.2086
93.5278
93.4463
93.0357
92.266
91.1906
89.6208
88.0522
86.5132
85.4261
84.4892
82.3357
79.8315
79.2867
77.6313
76.8057
76.1345
76.0032
75.9122
76.317
77.6411
79.6805
82.0426
84.4069
86.6805
88.8344
90.6838
92.2267
93.7573
95.4598
97.3288
99.1084
100.767
102.695
104.76
106.762
107.756
108.559
109.345
110.691
109.347
110.209
108.918
110.137
110.425
109.952
109.409
108.709
107.405
106.204
104.401
102.081
99.5809
97.4506
95.6095
94.0909
92.5561
91.5431
91.1458
90.8095
90.4851
90.1946
90.1685
89.8146
89.1142
88.145
86.7115
85.2188
83.7487
82.7217
81.812
79.889
77.589
77.0854
75.5421
74.773
74.1351
73.9404
73.8253
74.2264
75.523
77.4637
79.6696
81.8793
84.0001
85.9919
87.705
89.1671
90.6429
92.2927
94.065
95.7603
97.3726
99.1917
101.063
102.598
103.54
104.424
105.263
106.935
105.85
106.589
105.51
106.577
106.742
106.27
105.785
105.114
103.872
102.732
101.071
98.9056
96.5341
94.5148
92.7778
91.3227
89.8694
88.9088
88.4913
88.1652
87.8176
87.1518
87.0854
86.7905
86.1179
85.2265
83.9713
82.5854
81.1694
80.2342
79.3904
77.6962
75.5047
75.0606
73.6847
72.9954
72.4042
72.178
72.0694
72.4903
73.7607
75.6041
77.6663
79.7299
81.7072
83.5523
85.1474
86.5402
87.9662
89.5585
91.2343
92.8426
94.4014
96.1137
97.8177
99.2349
100.13
100.912
101.76
103.509
102.665
103.298
101.841
102.9
102.94
102.457
102.006
101.345
100.148
99.0392
97.4776
95.4289
93.1556
91.2098
89.5418
88.1257
86.7269
85.7915
85.3458
85.0256
84.6777
84.8454
84.6937
84.3265
83.7643
82.8831
81.2554
80.0137
78.6578
77.8636
77.0983
75.6388
73.6407
73.2623
71.9503
71.3509
70.8111
70.5779
70.5018
70.9589
72.2073
73.9599
75.8922
77.8213
79.6665
81.3808
82.8754
84.2091
85.5884
87.1188
88.7009
90.2242
91.7085
93.3001
94.8716
96.12
96.9756
97.7591
98.5229
100.293
99.6504
100.118
99.8072
99.8135
100.355
99.7761
99.37
98.7425
97.5907
96.4887
95.0204
93.1225
90.9496
89.0717
87.4824
86.1308
84.8018
83.931
83.474
83.2093
82.9828
81.7252
81.6071
81.966
81.4405
80.6402
79.2317
77.7921
76.3873
75.7062
75.0187
73.8153
71.1216
70.696
70.3158
69.7128
69.2101
68.9924
68.9687
69.4785
70.7125
72.3819
74.1961
76.0026
77.7284
79.328
80.7369
82.0171
83.35
84.8168
86.3102
87.7436
89.1508
90.6525
92.0834
93.1783
93.9772
94.7543
95.4709
96.6799
96.6205
96.0349
96.0617
96.7214
97.061
96.5056
96.1058
95.4786
94.3533
93.2532
91.8474
90.0456
87.9438
86.1095
84.554
83.2242
81.9359
81.0765
80.6083
80.3616
80.1956
79.9105
79.948
78.7661
78.3459
77.6333
76.3848
75.0147
73.3799
72.8286
72.2035
71.2079
69.5643
69.5153
67.7218
68.1091
67.687
67.5181
67.5652
68.1325
69.352
70.9415
72.6467
74.3399
75.9548
77.4503
78.7809
80.0073
81.2915
82.6946
84.1088
85.4553
86.788
88.1952
89.4868
90.4356
91.1697
91.9247
92.623
93.6216
93.3148
94.7572
92.975
93.6608
93.8524
93.3339
92.9324
92.2996
91.1907
90.0676
88.7089
86.966
84.9199
83.1109
81.5716
80.2566
78.997
78.1392
77.6543
77.4092
77.2408
77.0159
77.0931
76.855
76.5737
75.9966
74.9457
73.6727
71.9424
71.3468
70.6146
69.914
67.0668
67.1349
66.3022
65.3968
65.147
65.0753
65.217
65.8495
67.0661
68.5954
70.2187
71.8279
73.3624
74.7838
76.0637
77.266
78.5204
79.88
81.2307
82.5094
83.7786
85.1014
86.2637
87.0887
87.7638
88.5211
89.2004
90.064
89.5686
91.3925
89.8848
90.3785
90.4198
90.1256
89.7429
89.1009
88.0083
86.8556
85.534
83.8425
81.8524
80.0696
78.5384
77.229
75.99
75.1252
74.6175
74.3598
74.1778
73.9744
74.0223
73.7953
73.5297
73.0016
72.077
70.9064
69.2883
68.4732
67.8006
67.2863
64.2851
64.4767
63.8374
63.6313
63.5643
63.598
63.8711
64.5538
65.7135
67.1492
68.6657
70.1559
71.572
72.9026
74.1309
75.307
76.4774
77.7695
79.0653
80.2401
81.3593
82.6152
83.6872
84.3903
84.9405
85.7053
86.5628
87.1351
87.6815
88.1563
86.7705
87.0877
86.994
86.5485
86.4137
85.7835
84.7059
83.5363
82.2508
80.616
78.6889
76.9239
75.3981
74.098
72.8813
72.0079
71.4779
71.2043
71.003
70.8136
70.8246
70.61
70.3591
69.8712
69.0588
67.9884
66.4892
65.4033
64.7976
64.4596
61.2987
61.5346
61.131
60.9789
60.9948
61.1148
61.4852
62.2287
63.3769
64.7514
66.1943
67.6116
68.961
70.2347
71.4432
72.6007
73.7414
74.9848
76.2256
77.3404
78.3953
79.5609
80.533
81.1545
81.6586
82.4096
83.1725
83.6787
84.1125
84.6979
83.452
83.6443
83.4567
82.8455
82.7582
82.262
81.2659
80.1068
78.8624
77.2846
75.4243
73.6899
72.1758
70.894
69.7029
68.8261
68.277
67.9888
67.7684
67.5858
67.5646
67.3586
67.1163
66.6605
65.9289
64.9456
63.5806
62.5384
61.6116
61.4466
58.1946
58.4001
58.1649
58.0985
58.1908
58.3841
58.8383
59.638
60.7752
62.094
63.4644
64.8143
66.1042
67.3335
68.5305
69.6666
70.7802
71.9825
73.1668
74.2312
75.2341
76.3221
77.2015
77.7675
78.2405
78.9462
79.6495
80.0964
80.5315
81.0909
79.9419
80.0447
79.7934
79.088
78.8684
78.4682
77.5416
76.5645
75.3823
73.8617
72.0845
70.3981
68.9085
67.6578
66.4977
65.6246
65.0602
64.7623
64.5217
64.3439
64.297
64.0898
63.8484
63.4097
62.7366
61.8184
60.5768
59.6147
58.5837
58.2235
55.0284
55.1489
55.0781
55.0715
55.2145
55.4705
55.99
56.8371
57.9656
59.2383
60.5426
61.8347
63.0844
64.2839
65.4768
66.5919
67.6827
68.8495
69.9829
71.0027
71.961
72.9769
73.775
74.3068
74.7632
75.3984
76.0653
76.4747
76.8502
77.3537
76.2919
76.3273
76.0329
75.2597
74.9592
74.4922
73.5115
72.8209
71.8162
70.3864
68.7236
67.1022
65.6525
64.4471
63.3254
62.462
61.8878
61.5784
61.3228
61.1468
61.079
60.8657
60.6262
60.1976
59.5703
58.6984
57.5597
56.6667
55.6738
55.2548
51.7787
51.9541
51.9474
51.9751
52.1429
52.4478
53.0183
53.8937
55.008
56.2358
57.4799
58.7199
59.9371
61.1123
62.2922
63.3975
64.4652
65.5969
66.6839
67.6613
68.5777
69.5277
70.2634
70.7804
71.2306
71.7935
72.4684
72.853
73.1002
73.55
72.5659
72.5451
72.2227
71.4012
71.0353
70.5485
69.5846
68.7954
68.0882
66.7986
65.4034
63.8771
62.4803
61.333
60.2589
59.4152
58.8405
58.5154
58.2544
58.0777
57.9886
57.7718
57.5318
57.1113
56.5157
55.6746
54.6194
53.7738
52.8103
52.4213
49.1117
48.8256
48.8456
48.9128
49.0909
49.4284
50.0327
50.9177
52.0069
53.1846
54.3711
55.5603
56.7411
57.8882
59.0463
60.1338
61.1876
62.2814
63.321
64.2561
65.1341
66.0249
66.7133
67.2291
67.6746
68.1849
68.8985
69.268
69.3416
69.7504
68.8398
68.7743
68.4403
67.5918
67.1786
66.6803
65.7432
64.9418
64.2268
62.9949
62.1345
60.7725
59.4706
58.3941
57.3761
56.5634
55.9981
55.6625
55.4019
55.2236
55.1176
54.8991
54.6547
54.2451
53.6729
52.8492
51.8578
51.0379
50.0933
49.7069
46.6586
46.231
45.9291
45.9865
46.1623
46.5223
47.1451
48.0223
49.0742
50.2024
51.3376
52.4709
53.6038
54.7151
55.8387
56.8979
57.9252
58.9846
59.9716
60.8618
61.7022
62.5408
63.1944
63.7136
64.1481
64.6323
65.3722
65.7528
65.6633
66.0343
65.1989
65.1036
64.7719
63.9194
63.4791
62.9852
62.0908
61.2974
60.6147
59.4451
58.782
57.8237
56.6872
55.7066
54.7519
53.9786
53.433
53.0982
52.8395
52.6649
52.5434
52.3261
52.0779
51.6793
51.1261
50.3151
49.3696
48.5598
47.6209
47.2266
44.5012
44.0134
43.4467
43.2765
43.473
43.842
44.4722
45.3222
46.3215
47.3953
48.4875
49.568
50.6453
51.7152
52.7956
53.815
54.8025
55.8124
56.7482
57.5887
58.3894
59.1773
59.8001
60.3135
60.7391
61.2126
61.9774
62.3483
62.1544
62.4977
61.7405
61.6307
61.3119
60.4801
60.0338
59.5603
58.7238
57.9633
57.32
56.2395
55.5849
54.7923
54.1737
53.3316
52.4518
51.7267
51.2073
50.8823
50.6271
50.4635
50.3301
50.1144
49.864
49.4752
48.9375
48.1347
47.2232
46.414
45.4731
45.0561
42.6772
42.1365
41.5568
41.2309
41.2666
41.404
42.0683
42.9007
43.8505
44.8572
45.9046
46.9462
47.9696
48.9939
50.0306
51.0089
51.9487
52.8989
53.7736
54.5606
55.3201
56.0548
56.6404
57.145
57.5602
58.0254
58.8009
59.1672
58.9108
59.2409
58.5696
58.461
58.1649
57.3766
56.9435
56.5038
55.7399
55.0339
54.4448
53.4698
52.8553
52.0919
51.9371
51.3127
50.5341
49.8668
49.3751
49.0593
48.8074
48.6473
48.5138
48.2971
48.0461
47.6663
47.1394
46.335
45.4474
44.6272
43.6774
43.2338
41.2219
40.6428
40.0358
39.6411
39.6287
39.7965
40.3612
40.9228
41.6946
42.6862
43.6931
44.7083
45.6846
46.6551
47.6369
48.5788
49.4795
50.3689
51.1802
51.9151
52.6271
53.3049
53.8517
54.3404
54.7443
55.1947
55.9631
56.3223
56.0451
56.3737
55.797
55.7029
55.4382
54.7146
54.3121
53.9177
53.2368
52.6007
52.0752
51.211
50.6494
49.9493
49.5989
49.6728
49.052
48.4419
47.968
47.6485
47.3921
47.2192
47.0863
46.8682
46.6155
46.2463
45.7264
44.9167
44.0561
43.2145
42.2487
41.7738
40.1647
39.5405
38.9306
38.4988
38.3577
38.4907
39.0332
39.6552
40.3988
40.8441
41.9406
42.9779
43.9132
44.8353
45.765
46.6556
47.5236
48.3648
49.1168
49.8058
50.4684
51.0833
51.5851
52.0434
52.4386
52.87
53.6173
53.9641
53.6987
54.0259
53.5434
53.4706
53.2407
52.5965
52.238
51.8962
51.3056
50.7494
50.2923
49.5368
49.0348
48.41
48.1263
47.8744
48.0209
47.4721
46.9984
46.6527
46.3822
46.1872
46.0153
45.7919
45.5596
45.2019
44.684
43.8697
43.0461
42.1895
41.2205
40.7058
39.5233
38.8334
38.2573
37.8106
37.5644
37.6653
38.1937
38.8189
39.5552
40.2885
40.6689
41.8634
42.7988
43.6871
44.5669
45.3911
46.2348
47.0441
47.7215
48.3995
49.0142
49.5602
50.0228
50.4491
50.8179
51.2318
51.9488
52.2778
52.042
52.3605
51.9674
51.9057
51.7039
51.1417
50.844
50.5545
50.0557
49.5821
49.1943
48.5452
48.0996
47.5191
47.2531
47.0317
47.4145
46.9543
46.4591
46.0362
45.7544
45.5057
45.29
45.0535
44.8341
44.4978
43.9681
43.1405
42.3663
41.5544
40.5922
40.0499
39.2752
38.5559
38.0567
37.6192
37.4405
37.5795
38.1706
38.3494
39.0643
39.8221
40.6981
41.8022
42.4562
43.3599
44.2352
44.905
45.8552
46.6565
47.2986
47.9349
48.5061
49.0323
49.449
49.5305
50.1914
50.5946
51.2684
51.5753
51.385
51.6707
51.3614
51.2741
51.1202
50.6298
50.3708
50.1161
49.7229
49.332
49.0217
48.4863
48.1046
47.6024
47.3097
47.063
47.4742
47.1226
46.5399
46.0325
45.6779
45.3958
45.1413
44.864
44.6169
44.2061
43.6291
42.7889
42.0524
41.2584
40.3152
39.8144
39.6114
38.9598
38.5629
38.1867
37.6875
37.6854
38.2843
38.7756
39.4257
40.1367
40.865
41.7809
42.6083
43.4841
44.3404
44.9069
45.5351
46.3538
46.8494
47.8968
48.4916
48.5433
49.0064
49.3667
49.8687
50.3035
50.9625
51.2588
51.0777
51.3402
51.3872
51.23
50.8309
50.3506
50.4267
50.1401
49.721
49.3094
48.9337
48.4082
48.0396
46.9442
47.2485
46.4299
46.4707
47.0519
46.7206
45.3547
46.0319
44.8959
44.7286
44.4735
44.2655
44.7151
44.0478
43.1444
42.3931
41.5788
40.6374
40.1227
39.6389
38.9647
38.5368
38.2938
38.0058
38.1018
39.2885
40.2701
41.3092
42.5611
43.7813
45.066
46.1824
47.3752
48.3582
49.0433
49.7934
50.3907
50.7183
51.1944
51.4451
52.012
52.4302
52.4234
53.1293
53.5193
54.3598
54.3335
54.3701
54.2471
55.22
53.9785
54.1519
53.8246
53.8931
53.5541
53.5711
53.674
53.7703
53.855
53.7607
53.2622
53.0377
52.2079
51.6042
50.8179
49.4858
47.9684
46.8151
45.5351
44.8065
44.408
43.966
43.6993
43.2725
42.5565
42.0435
41.4028
40.5921
40.1668
41.7186
42.0151
43.0336
43.7707
44.4773
45.4022
47.2941
49.0244
50.7738
52.6402
54.5174
56.3829
58.1049
59.8321
61.1899
62.0756
62.9746
63.9409
64.3759
64.9162
65.2472
65.8205
66.3549
66.5275
67.5728
68.0538
68.5905
68.4399
68.9803
68.5826
70.165
68.3749
68.8648
68.7012
68.8197
68.5447
68.8329
69.194
69.4594
69.6735
69.6035
69.0961
68.5428
67.1514
65.9306
64.4489
62.4591
59.914
57.5533
55.3279
53.9784
52.991
51.8349
50.7377
49.3107
47.4074
45.6605
44.128
42.6141
41.8116
53.3505
54.332
56.3803
57.8128
59.2446
60.5392
62.5031
64.3676
66.4162
68.4692
70.5283
72.5951
74.5292
76.2755
77.793
78.9911
80.0666
81.1566
82.007
82.9046
83.8947
84.5294
85.3268
85.8792
87.0595
87.7205
88.0367
87.9018
88.7739
88.8345
90.1425
88.3743
88.7298
88.35
88.1706
87.7495
87.6168
87.4507
87.1728
86.7477
86.2971
85.4936
84.5753
82.9531
81.5876
80.0803
78.251
76.029
73.9127
71.9198
70.5264
69.297
67.7179
66.0791
64.1258
61.6187
58.7944
56.3712
54.1873
53.1302
71.2052
71.8196
73.2934
74.238
75.211
76.04
77.3528
78.7813
80.5883
82.4119
84.248
86.1284
87.8373
89.2426
90.5691
91.8442
92.9931
94.1404
95.3051
96.4394
97.8255
98.6107
99.6152
100.456
101.6
102.284
102.609
102.399
103.287
103.556
104.442
102.748
102.813
102.037
101.371
100.525
99.7451
98.8698
97.9118
96.8594
95.9499
94.8094
93.6043
91.9289
90.6069
89.3155
87.8469
86.4018
85.2331
84.0678
83.1305
82.1789
80.9714
79.8258
78.7092
77.3387
75.3706
73.5763
71.7668
70.9458
84.3531
84.462
85.0987
85.3589
85.6444
85.9117
86.5751
87.4805
88.8345
90.3093
91.7995
93.3281
94.6503
95.6351
96.6011
97.7554
98.9665
100.058
101.507
102.782
104.188
105.045
106.115
107.04
108.059
108.64
108.933
108.644
109.353
109.513
110.08
108.334
108.09
106.925
105.779
104.481
103.157
101.729
100.261
98.7583
97.4658
96.0459
94.613
92.8767
91.5425
90.3039
88.8548
88.0536
87.4944
87.0628
86.7225
86.3171
85.863
85.6702
85.8797
86.1263
85.763
85.2613
84.3762
84.0388
88.9067
88.9569
89.2348
89.1059
88.9751
88.9088
89.1937
89.7521
90.7398
91.943
93.1651
94.3943
95.4082
96.1207
96.8573
97.8326
98.8434
99.5493
101.048
102.451
103.78
104.61
105.637
106.53
107.424
107.896
108.084
107.703
108.142
108.008
108.283
106.365
105.751
104.181
102.559
100.793
98.988
97.102
95.2225
93.7027
92.4617
91.0755
89.635
87.92
86.5177
85.0872
83.5661
82.8948
82.3506
81.8966
81.5632
81.1554
81.5789
82.4882
84.0744
85.8189
86.9516
87.6839
87.8802
88.3044
85.8292
86.2269
86.59
86.4256
86.2051
86.0241
86.1346
86.4972
87.236
88.2213
89.2218
90.1967
90.963
91.4693
92.0217
92.9735
93.9125
94.5349
95.779
97.009
98.7051
99.6604
100.722
101.665
102.552
103.045
103.234
102.987
103.413
103.278
103.439
101.718
101.104
99.5759
97.999
96.2695
94.3528
92.5075
90.6914
89.189
87.9231
86.542
85.0815
83.3421
82.416
81.0364
79.5908
78.8774
78.2798
77.8085
77.5205
77.1681
77.5194
78.3007
79.7407
81.467
82.4115
82.9938
83.1873
84.6359
81.9812
82.3286
82.6063
82.4278
82.234
82.0783
82.1988
82.5823
83.3178
84.2837
85.2567
86.1985
86.9551
87.4829
88.0696
88.9853
89.8655
90.4599
91.5738
92.2196
93.9355
94.9298
96.0023
96.9623
97.7905
98.2638
98.4168
98.2655
98.6594
98.4801
98.5473
96.9887
96.4066
94.9055
93.3634
91.6578
89.8147
88.0295
86.2682
84.7944
83.5336
82.191
80.7287
78.9425
78.5338
77.2601
75.879
75.0969
74.4245
73.8997
73.6223
73.3297
73.6818
74.4561
75.8875
77.6222
78.5374
79.1093
79.499
80.9257
78.3094
78.6652
78.9148
78.7559
78.5864
78.4574
78.5953
78.9944
79.719
80.6536
81.5921
82.5006
83.2464
83.7893
84.3961
85.278
86.1015
86.6743
87.6716
88.4149
89.9294
90.3055
91.506
92.4641
93.2408
93.6954
93.8627
93.8087
94.1574
93.9887
94.0061
92.6059
92.0866
90.6328
89.1344
87.4539
85.6546
83.9063
82.1752
80.709
79.457
78.0856
76.6251
75.7457
75.1033
73.8569
72.5702
71.7628
71.0327
70.43
70.1604
69.9555
70.3122
71.0667
72.4565
74.0985
74.943
75.4588
75.9638
77.3345
74.969
75.3081
75.5446
75.422
75.2972
75.2007
75.3472
75.752
76.4633
77.3645
78.2674
79.1359
79.8662
80.426
81.0472
81.8898
82.6584
83.2063
84.0951
84.7993
86.165
86.6605
87.1201
88.074
88.892
89.3969
89.6077
89.6575
89.9829
89.8626
89.8592
88.6039
88.1285
86.7142
85.2544
83.6199
81.8874
80.1874
78.5226
77.075
75.7412
74.9113
73.9575
72.7791
72.1008
70.9205
69.7199
68.9441
68.1546
67.4962
67.3091
67.1393
67.4997
68.2248
69.5777
71.085
71.8352
72.2295
72.7698
74.0911
71.3127
72.0913
72.4995
72.3772
72.3514
72.3491
72.511
72.911
73.6027
74.472
75.341
76.1718
76.88
77.4557
78.0785
78.8765
79.5938
80.1185
80.9179
81.5977
82.8224
83.3408
84.0321
84.8754
85.4157
85.6248
86.025
85.8239
86.2278
86.1644
86.1943
85.0266
84.6613
83.2984
81.8852
80.2664
78.5616
76.9671
75.3458
73.8241
73.4474
72.5185
71.4151
70.3037
69.5973
68.4885
67.3876
66.7301
65.9339
64.7235
64.6484
64.9478
65.3766
66.0659
67.2597
68.5856
69.2182
69.5544
70.0604
71.1579
68.7249
69.0777
70.018
69.9559
69.973
69.9539
70.151
70.5653
71.2266
72.0628
72.8876
73.6763
74.3554
74.9343
75.5451
76.289
76.9479
77.4415
78.1595
78.8093
79.9178
80.4206
81.0663
81.8672
82.4876
82.8644
83.1599
83.0118
82.7873
82.9167
83.1352
81.9703
81.7631
80.5083
79.1525
77.5773
75.7904
74.1069
73.0491
72.058
71.258
70.344
69.3013
68.2379
67.5208
66.4839
65.4503
64.7927
63.1375
62.0199
63.0924
63.302
63.6763
64.3227
65.3757
66.5372
67.1487
67.3226
67.0136
68.1561
66.6817
67.0295
67.47
67.981
68.0236
67.9938
68.2296
68.6507
69.3278
70.1156
70.8821
71.62
72.2638
72.8317
73.4205
74.0999
74.6933
75.1502
75.792
76.4153
77.4043
77.849
78.4601
79.2219
79.8372
80.1249
80.3977
80.3683
80.3421
79.9219
80.3919
79.4915
79.2362
77.98
76.6675
75.0925
72.9484
72.0821
71.0648
70.0631
69.3568
68.4755
67.4866
66.479
65.7711
64.8094
63.8541
63.1605
61.2812
61.1859
61.5932
61.8543
62.2904
62.9056
63.9019
64.9598
65.4093
65.2889
65.147
66.1721
65.062
65.3787
65.6509
65.7226
66.4819
66.4801
66.7426
67.1506
67.788
68.5424
69.2478
69.912
70.5142
71.0525
71.6014
72.2091
72.7352
73.141
73.6979
74.2856
75.1324
75.7119
76.3105
77.1088
77.4351
77.7736
78.3645
78.3405
77.3282
76.9443
77.1809
76.4132
76.2857
75.8437
74.4528
72.7518
71.2931
70.2553
69.2507
68.3029
67.5942
66.7261
65.7829
64.8429
64.1451
63.2995
62.4505
61.729
60.0891
59.8394
60.1852
60.5126
60.9773
61.6428
62.6203
63.5188
63.9906
63.2823
63.6322
64.5459
63.8877
64.2155
64.4517
64.5308
64.7191
64.7521
65.6331
66.1265
66.7185
67.4121
68.0427
68.6215
69.1794
69.6595
70.1458
70.6735
71.1281
71.4768
71.9273
72.5511
73.234
73.6915
74.2504
74.979
75.5673
75.5919
75.521
75.2831
75.8515
75.9597
76.061
75.5408
75.3596
72.8989
72.627
71.2728
69.8581
68.8394
67.8766
66.9745
66.2564
65.4287
64.5223
63.6217
63.0444
62.1854
61.3991
60.6903
58.9776
58.7343
59.1491
59.5055
59.9699
60.6064
61.4919
62.339
62.7301
62.1539
62.6215
63.4779
62.8552
62.7101
62.7849
62.8658
63.0852
63.2227
64.1347
64.6898
65.1849
65.7514
66.3055
66.8209
67.2984
67.7248
68.1598
68.6274
69.0231
69.3103
69.6232
71.0085
71.3979
71.7969
72.3018
72.9757
73.5522
73.5302
74.2969
74.1468
73.4178
73.8356
73.937
73.4843
73.3348
72.9541
70.0437
68.9533
67.6269
66.6484
65.7162
64.841
64.1029
63.2847
62.3842
61.4845
60.8242
59.9937
59.2059
58.3674
56.9182
56.7932
57.1814
57.5494
58.1606
58.9294
59.8422
60.7519
61.1048
60.5025
61.293
61.7656
62.2133
62.3971
62.6213
62.7277
62.9667
62.9968
63.9663
64.4162
64.8719
65.3406
65.8253
66.2451
66.641
66.9785
67.3316
67.6837
67.9965
68.241
68.5816
68.5077
69.8095
70.1251
70.5731
71.2009
71.5352
70.7006
72.1721
72.1035
71.5142
71.8518
71.911
71.5003
71.3002
70.8699
70.0529
68.4953
67.2823
66.3592
65.4764
64.6468
63.9108
63.1193
62.2556
61.3823
60.7024
59.8952
59.1588
58.3245
57.0236
56.6204
56.8212
57.1726
57.9079
58.6626
59.5672
60.0562
60.1983
60.3167
61.5548
62.0582
61.2543
61.4708
61.4705
61.6148
61.9615
62.007
62.6101
63.3429
63.7326
64.1268
64.5305
64.8903
65.2262
65.5099
65.8082
66.0968
66.3536
66.5734
66.8828
67.3232
67.1679
67.482
67.8827
68.4386
68.7095
69.6575
70.0932
70.0701
69.543
69.8204
69.8456
69.4616
69.2091
68.7521
67.8978
66.5153
65.3778
64.4885
63.6387
62.8344
62.1026
61.3312
60.4915
59.6283
58.9255
58.1164
57.3629
56.5545
55.362
54.9755
55.2204
55.6059
56.3325
57.0904
58.1157
58.6962
58.9763
59.3189
60.6455
61.1478
60.1282
60.3389
60.3759
60.5233
60.7657
60.8323
61.3255
61.8754
62.3829
62.7698
63.1144
63.409
63.6855
63.919
64.1652
64.3924
64.5839
64.7289
65.0326
65.3584
65.675
66
66.3855
66.9531
67.3031
67.5494
67.903
67.92
67.4523
67.6724
67.6635
67.3039
67.0087
66.5209
65.7237
64.476
63.4026
62.5429
61.7274
60.9544
60.2292
59.4846
58.6791
57.8379
57.1299
56.3278
55.5128
54.7761
53.6642
53.3238
53.598
54.0036
54.7238
55.5099
56.626
57.2996
57.6794
58.1659
59.5475
60.0355
58.8253
59.0231
59.088
59.2322
59.3986
59.4728
59.8759
60.3128
60.79
61.0703
61.357
61.7938
62.0183
62.2096
62.4125
62.5939
62.7299
62.7929
63.0158
63.2777
63.4931
63.7349
64.0732
64.623
65.0206
65.237
65.5839
65.6372
65.226
65.4019
65.3712
65.0383
64.7172
64.2128
63.4606
62.3536
61.3532
60.5251
59.747
59.0095
58.2958
57.5806
56.8124
56.0014
55.2996
54.5107
53.5897
52.9188
51.9056
51.6251
51.9204
52.3296
53.0859
53.9112
55.0443
55.7946
56.2743
56.8425
58.2209
58.6956
57.2879
57.4775
57.5553
57.6957
57.8206
57.9043
58.2463
58.618
59.0049
59.1825
59.3886
59.9263
60.0953
60.349
60.5139
60.6678
60.7701
60.7837
60.9409
61.1163
61.2571
61.4295
61.732
62.2624
62.6309
62.869
63.2046
63.2836
62.9067
63.0409
63.0077
62.6958
62.362
61.852
61.1449
60.1656
59.2452
58.4461
57.71
57.0134
56.3296
55.6475
54.9206
54.1501
53.4634
52.6941
51.6443
50.9944
50.0924
49.8626
50.168
50.5646
51.3514
52.2071
53.3238
54.1307
54.6982
55.2998
56.6296
57.1076
55.5341
55.7192
55.813
55.9729
56.0828
56.1723
56.4696
56.7894
57.1197
57.2748
57.4559
57.829
57.8675
58.2994
58.4722
58.6703
58.7396
58.7413
58.8758
58.9997
59.0887
59.2075
59.472
59.9639
60.2985
60.4959
60.8367
60.8952
60.5548
60.6466
60.5978
60.3342
59.9964
59.4595
58.7991
57.9368
57.0943
56.3384
55.6512
55.0054
54.3654
53.7262
53.0529
52.3411
51.6833
50.9336
50.0912
49.03
48.2779
48.0966
48.401
48.7741
49.5965
50.4589
51.5296
52.3598
52.9835
53.5537
54.8022
55.3138
53.4923
53.6692
53.787
53.9919
54.2347
54.3191
54.5758
54.8572
55.1442
55.2955
55.472
55.6861
55.6825
56.0467
56.1793
56.6258
56.6813
56.7103
56.8222
56.9316
56.9448
57.008
57.2181
57.6515
57.9908
58.105
58.4268
58.444
58.1236
58.1723
58.248
57.9686
57.6417
57.1103
56.4847
55.7264
54.9655
54.2611
53.6238
53.0344
52.4609
51.8763
51.2571
50.612
49.9964
49.2804
48.6255
47.2818
46.5071
46.3949
46.7028
47.0505
47.8816
48.7441
49.7269
50.5479
51.1954
51.7088
52.706
53.1987
51.4397
51.6136
51.7474
51.9682
52.1776
52.286
52.5372
52.7988
53.0561
53.216
53.3951
53.5646
53.5561
53.8763
54.0422
54.3801
54.4152
54.736
54.9318
55.0094
55.0011
55.0295
55.1951
55.5627
55.8241
55.9156
56.1759
56.159
55.8647
55.8775
55.8909
55.6329
55.4009
54.8276
54.2368
53.6239
52.9502
52.224
51.6326
51.1027
50.5936
50.0846
49.5467
48.9955
48.4873
47.9011
47.2975
45.9652
44.9375
44.8324
45.1364
45.4299
46.2348
47.0891
47.9884
48.766
49.2771
49.7048
50.62
51.1041
49.4487
49.623
49.7711
50.0024
50.2025
50.335
50.5841
50.8339
51.0752
51.2441
51.4227
51.5629
51.5635
51.8459
52.0553
52.3589
52.4044
52.628
53.257
53.3393
53.3232
53.3247
53.4505
53.744
53.9453
54.0018
54.1883
54.1362
53.8596
53.8326
53.8039
53.5527
53.3005
52.7708
52.212
51.6435
51.0301
50.3758
49.8321
49.3562
48.9062
48.4657
48.0082
47.5485
47.1498
46.6793
46.1373
44.8316
43.6208
43.4667
43.7542
43.986
44.7473
45.516
46.285
46.975
47.4757
47.8095
48.6345
49.0952
47.6145
47.7842
47.941
48.177
48.3677
48.5215
48.7743
49.0206
49.2524
49.4344
49.6177
49.75
49.779
50.0271
50.2647
50.5681
50.6476
50.8376
51.5247
51.9581
51.955
51.9422
52.0337
52.2753
52.4172
52.4457
52.5569
52.4672
52.1951
52.1197
52.0479
51.7964
51.5246
51.0264
50.4939
49.9592
49.3901
48.7868
48.2792
47.8458
47.4442
47.0644
46.6813
46.3074
46.0168
45.6508
45.1585
43.8942
42.8141
42.2046
42.5778
42.7536
43.4617
44.1456
44.7994
45.4039
45.8705
46.1091
46.8407
47.2674
46.0232
46.1822
46.3382
46.5705
46.7527
46.9199
47.175
47.4223
47.6516
47.8454
48.0403
48.1812
48.2523
48.4836
48.7307
49.0437
49.1862
49.3669
49.9468
50.8718
50.9222
50.9127
50.9917
51.2099
51.3092
51.3044
51.3437
51.2128
50.9268
50.7932
50.6712
50.4031
50.1038
49.6299
49.1159
48.6028
48.0651
47.5022
47.0183
46.6117
46.2468
45.9151
45.5888
45.2825
45.0803
44.8077
44.3709
43.1781
42.1942
41.557
41.6073
41.7439
42.4054
43.0099
43.5617
44.0863
44.5221
44.6792
45.3119
45.7001
44.7214
44.8671
45.0143
45.2366
45.4111
45.5837
45.8356
46.0831
46.3151
46.5213
46.7269
46.886
47.0066
47.2522
47.4956
47.8299
48.0553
48.2692
48.8111
49.9703
50.2698
50.2648
50.3358
50.5584
50.6264
50.6073
50.5859
50.4057
50.0773
49.8764
49.6863
49.3818
49.0541
48.5965
48.0958
47.5979
47.0841
46.5522
46.082
45.6869
45.3419
45.0374
44.7501
44.4902
44.3466
44.1666
43.7949
42.6634
41.7807
41.1732
40.849
40.9627
41.5795
42.1169
42.5836
43.0414
43.4519
43.5466
44.0843
44.4327
43.7102
43.8426
43.9766
44.1857
44.3538
44.5296
44.7756
45.0242
45.2628
45.4866
45.7066
45.8913
46.0618
46.3466
46.6133
46.9672
47.2917
47.5744
48.1217
49.0497
49.6799
49.8077
50.0769
50.423
50.3165
50.2575
50.1848
49.9885
49.6342
49.3779
49.0921
48.7279
48.3636
47.9266
47.4358
46.9527
46.4575
45.9499
45.4903
45.0987
44.7579
44.4636
44.1993
43.9697
43.8557
43.7545
43.4643
42.4041
41.5752
41.0152
40.3228
40.4067
40.9874
41.4665
41.8605
42.2582
42.6496
42.7016
43.1495
43.4605
42.963
43.0842
43.2073
43.4042
43.5677
43.7489
43.993
44.2466
44.4998
44.7525
44.9992
45.2202
45.4403
45.7671
46.0819
46.4224
46.8275
47.0794
47.6747
48.8597
49.8967
50.3114
50.4535
51.4074
51.0544
50.825
51.0562
50.3578
49.4477
49.1178
48.819
48.4421
48.0575
47.6083
47.1218
46.6654
46.179
45.6919
45.2441
44.8533
44.5105
44.2189
43.9629
43.7543
43.6476
43.6627
43.4303
42.4063
41.5292
41.0659
40.0494
40.1033
40.6304
41.0638
41.3887
41.7203
42.0921
42.1195
42.4799
42.7537
42.5162
42.6265
42.7418
42.93
43.0923
43.2795
43.5249
43.7863
44.0565
44.3309
44.5907
44.8311
45.086
45.4842
45.986
46.4493
47.1456
48.0501
49.2539
50.7614
52.1238
52.8551
52.9598
54.4392
54.1636
53.3026
53.3318
52.4725
50.7852
50.4929
49.1838
48.2579
47.6414
47.7117
47.2034
46.7335
46.2598
45.8042
45.3675
44.9816
44.6416
44.3477
44.0882
43.919
43.8383
43.812
43.6611
42.8257
41.8547
41.4938
40.0997
40.1147
40.5881
40.9541
41.2293
41.4922
41.8303
41.8436
42.1167
42.3519
42.4165
42.5093
42.6143
42.7933
42.9555
43.1466
43.393
43.6662
44.0033
44.4753
44.9295
45.3855
45.8578
46.4951
47.3397
47.9868
49.1886
50.2322
52.274
54.1684
55.5352
56.7648
56.9448
58.7657
58.6936
57.3393
57.1421
56.0797
53.735
52.5122
51.1371
49.6163
48.5807
48.1661
47.5914
47.5633
46.7598
46.2812
45.8395
45.4713
45.1382
44.8425
44.5929
44.4009
44.297
44.2509
44.152
43.494
41.8004
41.4564
40.5106
40.5521
40.9392
41.4254
41.3878
41.602
41.9384
41.9443
42.1216
42.3132
42.5675
42.6356
42.7241
42.8895
43.0461
43.2344
43.4765
43.7731
44.2519
44.882
45.4811
46.1391
46.8927
47.9381
49.3762
50.5818
52.118
52.6338
55.0634
57.4402
59.3029
60.5757
60.8015
62.8661
63.0228
61.1831
60.856
59.6174
56.9951
55.2914
53.4903
51.4416
49.8898
49.4185
48.7288
48.141
47.3421
46.9987
46.4839
46.1222
45.7926
45.481
45.2432
45.0909
44.8548
44.7148
44.5845
44.0297
43.1577
42.0592
41.1628
41.1806
41.6314
41.9803
42.1851
42.3793
42.2641
42.2692
42.3489
42.4922
42.7432
42.805
42.8766
43.0269
43.1887
43.3914
43.7072
44.1267
45.0348
45.7095
46.3957
47.2474
48.3579
49.9358
51.6435
53.4742
55.1938
55.8134
57.9955
60.6762
62.9444
64.6508
64.9284
66.8798
67.0205
65.5868
65.1874
63.6388
60.953
58.5731
56.2902
53.8892
51.744
51.0239
50.2453
49.502
48.5669
48.2538
47.4686
47.1538
46.8927
46.7191
46.0981
45.9225
45.7994
45.9137
45.9595
45.7977
44.4744
43.8286
42.4144
42.0585
42.279
42.4335
42.5913
42.8395
43.1355
43.2872
43.1051
43.2241
43.6381
43.5989
43.6437
43.7968
43.9725
44.2233
44.5609
45.0146
45.7523
46.7821
47.7367
49.5568
51.1789
53.1737
55.1537
57.1487
59.0099
60.0352
61.7493
64.3835
66.8733
69.0017
69.613
71.7156
71.4236
70.8573
70.6495
68.6583
66.1307
62.8376
59.9317
57.0987
54.3964
53.2643
52.4259
51.562
50.6651
50.0958
49.4177
49.1842
49.1626
49.0169
48.6644
48.5619
48.5367
48.7682
48.9224
49.0019
48.1539
47.2949
46.1105
45.3915
45.1954
45.0603
45.0558
45.1679
45.1232
44.9157
44.2627
43.8833
45.4524
44.913
44.7538
44.8197
44.9509
45.2318
45.6561
46.265
47.4677
49.3851
50.2239
51.5749
53.6038
55.5849
57.5814
59.3556
61.4617
62.992
64.4535
66.5622
69.1591
71.5504
72.4019
74.3127
74.1162
74.5076
74.964
72.8798
70.7373
67.8047
64.3327
61.0506
57.907
56.3757
55.5414
54.7528
53.9712
53.4843
52.9633
52.9121
53.0468
52.9717
52.692
52.5461
52.4374
52.5996
52.7251
52.9602
52.5999
51.9196
50.9518
50.199
49.9949
49.8178
49.7024
49.5832
49.0398
48.1649
46.9869
46.1476
48.7721
47.7516
47.2247
47.0862
47.0605
47.2886
47.792
48.3305
49.6866
50.8544
51.9529
54.849
56.6557
58.1346
60.0536
61.6196
63.6033
65.95
67.4137
68.9259
71.5198
73.733
74.6462
75.9939
75.6218
77.3599
77.4817
76.5705
74.7202
72.8028
68.97
65.4932
62.084
60.2192
59.4324
58.7772
58.1563
57.7523
57.3955
57.4115
57.3426
57.1688
56.8247
56.4384
56.1284
55.9995
56.007
56.283
56.305
55.9127
55.2464
54.7752
54.7645
54.9613
54.9214
54.7051
53.9426
52.7627
51.1132
49.9435
52.8194
51.533
50.6892
50.2863
49.9667
50.104
50.7385
50.9872
52.2976
53.4552
54.2049
55.7297
56.9778
58.0113
59.8969
61.474
63.4084
66.0808
67.7746
69.2937
71.7055
73.7105
74.7421
75.5342
74.789
76.9285
77.3415
77.5888
76.0344
76.2184
73.086
69.7681
66.2116
64.1026
63.1442
62.454
61.8802
61.4107
61.0859
60.8865
60.4527
60.0525
59.5192
58.872
58.4212
57.9815
57.889
58.1778
58.3966
58.2964
57.9691
57.7306
58.2012
58.8489
59.0822
58.9566
58.3472
57.3301
55.6554
54.2794
56.6835
55.3041
54.3768
53.6897
52.9853
53.0212
54.1264
53.8424
53.3196
54.3516
54.9847
55.7852
56.6078
57.5187
59.2242
60.7704
62.6215
65.4871
67.3679
69.0057
71.1584
72.9085
73.9054
74.355
72.9442
75.5776
75.9562
77.0875
75.9955
76.6165
75.3318
72.7935
69.1896
66.8209
65.3275
64.3466
63.626
63.0024
62.5865
62.0695
61.3546
60.7397
60.0651
59.2438
58.6946
58.0865
57.9481
58.2543
58.5778
58.7512
58.7747
58.7008
59.621
60.7307
61.2788
61.3883
61.1334
60.6113
59.3043
58.0672
59.4091
58.2485
57.5931
56.7943
55.8759
55.862
55.5369
55.6053
54.9864
54.9784
55.1816
55.297
55.8405
56.9102
58.264
59.7963
61.5334
64.4183
66.3279
68.034
69.8986
71.2651
72.0704
72.3993
70.0735
72.7367
73.1354
74.6815
74.0709
73.1348
75.7613
73.6202
69.9729
67.2102
64.9711
63.5225
62.5119
61.7459
61.2078
60.4504
59.6145
58.9164
58.206
57.3517
56.8545
56.1455
55.9957
56.4088
56.866
57.3414
57.7149
57.9253
59.2997
60.7698
61.6084
61.9993
62.1091
62.101
61.3263
60.4731
60.6297
59.8759
59.8841
59.3078
58.3046
57.473
57.7027
56.8505
55.241
54.9205
54.6499
54.3182
54.6994
55.8214
56.9824
58.4106
60.0491
62.6807
64.4431
65.9889
67.6111
68.8507
69.5287
69.7022
67.4775
69.9352
70.4106
71.6936
71.2113
70.3976
72.1699
70.4084
67.472
64.9683
62.9283
61.6105
60.6797
59.9843
59.4986
58.8156
57.8734
57.2052
56.5548
55.7888
55.3238
54.654
54.5383
54.9248
55.3265
55.4175
56.0782
56.3052
57.6416
59.4349
60.5626
61.2338
61.6722
62.0594
61.775
61.3421
60.5614
60.3531
59.365
59.0418
58.8059
58.0399
57.1236
55.952
54.5186
53.8936
53.4938
53.3213
53.7652
54.8032
55.8961
57.226
58.7829
61.0978
62.7329
64.1745
65.6274
66.681
67.1323
67.1764
65.3684
67.5592
67.9884
69.0489
68.6869
67.955
67.0139
67.9392
65.7109
63.1177
61.2205
60.0038
58.8182
58.1662
57.7155
57.0927
56.2082
55.5973
55.0063
54.3332
53.9269
53.3734
53.3035
53.6465
53.7519
54.0116
54.6888
54.9793
56.3813
57.8991
58.8562
59.5496
60.266
60.9649
61.0782
61.002
59.698
58.8261
59.0461
58.629
57.8218
56.4573
55.6799
54.634
53.4074
52.8877
52.5768
52.4972
52.9474
53.9007
54.9137
56.1535
57.6102
59.6575
61.1527
62.4737
63.7462
64.5408
64.7601
64.97
63.4498
65.3796
65.7568
66.6123
66.3339
65.6933
64.9322
65.549
63.8479
61.3546
59.633
58.5326
57.0994
56.4901
56.0773
55.5153
54.7204
54.1685
53.6472
53.0783
52.7358
52.2885
52.2533
52.1592
52.5413
52.891
53.5188
53.8745
55.2584
56.6105
57.4619
58.3907
58.9859
59.5267
59.7809
60.02
57.6014
57.9145
57.5395
57.1776
56.4438
55.169
54.5272
53.5882
52.5135
52.0741
51.8233
51.8066
52.2422
53.1077
54.0403
55.1941
56.5484
58.3596
59.7149
60.8989
61.921
61.9275
62.6975
62.9391
61.6886
63.384
63.7051
64.3943
64.1671
63.6015
62.9314
63.4155
62.0965
59.7414
58.1832
57.1977
55.5708
55.0056
54.6295
54.1232
53.3937
52.9156
52.4724
52.0022
51.7075
51.3539
51.3394
50.9989
51.5549
51.9449
52.5373
52.9665
53.5039
54.748
55.5228
56.3269
56.8488
57.6311
57.8201
57.966
56.8584
56.5876
56.2621
55.9944
55.3094
54.1171
53.528
52.7041
51.7543
51.397
51.1999
51.2229
51.6384
52.425
53.2847
54.3514
55.6092
57.2046
58.4168
59.4193
60.1581
60.0356
60.8545
61.1172
60.1044
61.5921
61.8668
62.4176
62.2327
61.7431
61.2208
61.5557
60.4681
58.2789
56.8678
56.0374
54.1935
53.6916
53.3666
52.9588
52.4273
52.0512
51.6917
51.3015
51.0524
50.7806
50.767
50.3929
50.9616
51.3564
51.8759
52.1667
53.4528
54.4914
55.1642
55.9089
56.4488
57.0205
56.9653
57.2805
55.2491
55.422
55.1704
54.9651
54.351
53.2286
52.6796
51.968
51.1177
50.8366
50.6792
50.7333
51.1261
51.8493
52.636
53.6172
54.7774
56.1745
57.2204
58.0158
58.3583
58.3962
59.1992
59.4763
58.6788
59.9814
60.2202
60.6529
60.5072
60.0819
59.6717
59.8857
58.9305
56.936
55.6902
54.474
53.4931
52.5122
52.2478
51.9347
50.8132
50.5367
50.2514
49.9289
49.7227
49.5279
49.4626
49.1427
49.6929
50.0755
50.5554
50.6913
52.3113
53.1524
53.731
54.3515
54.8221
55.3218
55.2918
55.5467
54.1726
54.4513
54.1809
53.9997
53.4639
52.4433
51.9468
51.3444
50.5822
50.3647
50.2228
50.298
50.6637
51.3248
52.0417
52.9403
53.9818
55.1762
56.0673
56.6188
56.4012
56.9358
57.69
57.9695
57.3568
58.4986
58.7106
59.0468
58.938
58.5701
58.2514
58.3992
57.581
55.8654
54.3315
53.2708
52.3424
51.6098
51.3755
51.0572
50.8231
50.5435
50.2769
49.9855
49.7976
49.6379
49.0223
49.2942
49.7736
50.1145
50.5616
51.4767
51.3643
52.1612
52.6781
53.1908
53.5985
54.0159
53.9898
54.195
53.3113
53.5396
53.2454
53.0799
52.634
51.7246
51.2835
50.7943
50.1057
49.9284
49.7966
49.8708
50.2073
50.8173
51.47
52.2678
53.1813
54.1915
54.9262
55.1853
54.9305
55.5763
56.2736
56.549
56.0824
57.0883
57.282
57.5493
57.471
57.152
56.9147
57.0352
55.6351
54.0572
52.7671
51.801
50.9608
50.0063
49.7639
49.3984
49.7693
49.4748
49.2139
48.9593
48.8009
48.6195
48.0763
48.4079
48.8397
49.1561
49.5314
50.3755
50.4983
51.2704
51.7366
52.1649
52.5153
52.8644
52.842
52.9993
52.4511
52.6274
52.3337
52.1905
51.8246
51.0384
50.6494
50.2123
49.6132
49.4778
49.3602
49.4106
49.7097
50.2638
50.8538
51.5503
52.3203
53.1503
53.7431
53.5841
53.5891
54.2654
54.9027
55.1716
54.8134
55.6881
55.8871
56.0998
56.0405
55.7634
55.582
55.646
53.0456
53.432
52.4645
51.1763
50.494
49.7499
49.524
49.4453
48.7993
48.5578
48.3232
48.103
47.8712
47.6206
47.3769
47.7068
48.0964
48.3944
48.7194
49.5222
49.6717
50.3618
50.7798
51.1374
51.438
51.7318
51.7164
51.8373
51.5576
51.6883
51.4203
51.2905
50.9987
50.3214
49.9568
49.5538
49.0374
48.9265
48.8299
48.8816
49.1427
49.6366
50.1714
50.7785
51.3895
52.0387
52.447
51.9529
52.3255
52.9663
53.5417
53.811
53.5389
54.3107
54.5057
54.6617
54.598
54.3438
54.1838
54.1748
51.9325
52.0092
50.6686
49.6291
49.0336
48.4365
48.2538
48.2201
47.802
47.617
47.4096
47.174
46.9266
46.8441
46.6968
47.0055
47.3547
47.6327
47.9068
48.6293
48.7951
49.4021
49.7773
50.0736
50.3316
50.58
50.5754
50.6697
50.6121
50.7225
50.4857
50.3719
50.1367
49.5509
49.1834
48.8083
48.3664
48.2666
48.1854
48.218
48.4421
48.9339
49.4207
49.9676
50.4061
49.7977
50.483
50.6769
51.0933
51.6617
52.1728
52.4699
52.2719
52.3566
53.1522
53.2496
53.177
52.9278
52.7681
52.7048
50.744
50.5909
49.0697
48.2116
47.7334
47.2715
47.129
47.136
46.8067
46.6184
46.4037
46.1298
46.0774
46.0273
45.9566
46.2383
46.5472
46.8049
47.039
47.6818
47.8593
48.3932
48.7376
48.9805
49.199
49.409
49.4128
49.4857
49.6008
49.7294
49.5216
49.4292
49.2313
48.6978
48.3272
47.9765
47.6033
47.5086
47.4389
47.4513
47.6871
48.1346
48.5641
48.9621
48.6507
48.7736
49.2391
49.4453
49.8208
50.3113
50.7555
51.0633
50.9389
50.6249
51.8393
51.9205
51.8488
51.5859
51.3771
51.2188
49.3734
48.6014
47.4708
46.8277
46.4743
46.1322
46.0384
46.0998
45.8438
45.6314
45.2867
45.2644
45.2363
45.2282
45.2117
45.4668
45.7301
45.9669
46.171
46.7359
46.9048
47.3657
47.6804
47.8701
48.0462
48.2186
48.2229
48.2602
48.3549
48.49
48.3433
48.3021
48.1573
47.7035
47.3539
47.037
46.7508
46.6619
46.5761
46.466
45.7005
46.7183
47.184
47.5634
47.3688
47.1642
47.0964
47.8375
48.7019
48.5367
48.7478
50.0031
49.7374
49.0479
50.2335
50.355
50.3248
50.0287
49.6894
49.9493
49.0845
46.8614
45.8704
45.4118
45.1904
45.0089
45.0069
45.1159
44.8529
44.3735
44.3429
44.3141
44.2852
44.292
44.3011
44.5222
44.7417
44.9346
45.0776
45.6008
45.6827
46.0739
46.3645
46.5219
46.6691
46.818
46.823
46.8868
48.204
48.4635
48.0125
47.4806
47.0653
46.296
45.6936
45.531
45.1001
44.9564
44.7384
44.6383
44.7368
45.8297
46.9963
48.1176
48.7426
48.8931
49.2048
48.816
49.1118
48.4676
48.0917
50.2867
50.2522
50.7277
51.5431
52.1796
51.7803
51.4063
51.1384
52.1762
49.5865
45.0911
44.3077
43.9966
43.9146
43.9359
43.9781
44.402
44.6481
44.8452
44.9217
44.91
44.895
45.0996
45.2523
45.5563
45.6103
45.9056
46.4106
47.0499
46.8398
46.9278
46.9979
47.0058
46.9237
46.8952
46.858
46.6928
47.8385
48.4803
48.0292
47.7588
47.555
46.7156
46.4783
46.6012
46.2772
46.1493
46.1286
46.3055
46.8787
48.2612
49.729
50.8892
51.1728
50.4571
50.1745
48.511
48.0959
46.9168
46.1126
48.2385
48.5979
50.4799
53.2624
55.4727
55.388
54.8555
54.1288
52.5571
47.1631
43.5467
42.9279
42.7504
42.7704
42.8775
44.9093
46.9501
47.56
47.6277
47.5987
47.5246
47.4777
47.8185
48.1123
48.4403
48.4582
48.7297
49.0916
49.4179
48.7826
48.5116
48.1077
47.8593
47.5365
47.3048
47.0858
47.1762
45.78
46.2826
45.9343
46.0898
46.3203
45.7195
45.6976
46.2351
46.7518
46.9939
47.285
47.5584
47.9706
49.025
50.3581
51.1372
50.7665
48.4231
48.0056
46.6985
46.4025
45.4388
44.7764
46.5243
46.7083
48.2398
52.2948
56.434
56.9934
56.2577
53.9328
49.9695
45.4975
42.4486
41.9748
41.8897
42.3613
45.0455
49.4958
50.4072
50.5062
50.1667
49.9388
49.7799
49.705
49.9833
50.3749
50.6927
50.837
50.9618
50.6394
50.4637
49.3512
48.6863
47.8566
47.3027
46.7149
46.2152
45.5388
45.2826
44.5651
45.0141
44.7002
44.797
44.9614
44.4579
44.4567
44.8829
45.2743
45.4838
45.7631
46.0434
46.4464
47.3703
48.5372
49.232
48.9955
47.1749
46.8563
45.7554
45.4939
44.6638
44.1032
45.5468
45.6584
47.0318
50.5356
54.1273
55.1095
54.1794
51.8682
48.3984
44.4453
41.8826
41.5652
42.7868
45.3858
51.0055
53.6535
52.3991
51.5821
50.872
50.4642
50.2113
50.1023
50.298
50.7178
51.028
51.211
51.0824
50.0609
49.3321
47.6766
46.9952
46.3372
45.8615
45.3079
44.7258
44.2686
44.142
43.3081
43.7202
43.4562
43.5338
43.6718
43.246
43.2736
43.6504
43.9962
44.1882
44.4555
44.7126
45.0886
45.9013
46.9312
47.5527
47.3753
45.8822
45.6213
44.6923
44.4722
43.7548
43.2871
44.4794
44.549
45.8233
48.9602
52.0857
52.9522
52.1278
50.003
46.8271
43.9043
42.1997
43.2628
46.6625
51.9584
56.6434
55.9013
52.3597
50.5167
49.4314
48.8347
48.5112
48.4585
48.6826
49.0842
49.3846
49.5596
49.4654
48.6046
47.9668
46.5504
45.9591
45.3951
44.8723
43.957
44.0652
43.6713
43.5309
43.5094
43.8294
43.5599
43.6211
43.7958
43.4628
43.4662
43.8169
44.1291
44.2944
44.55
44.7844
45.1259
45.8092
46.6918
47.2146
47.0734
45.9087
45.7062
44.9262
44.757
44.2149
43.8858
44.8863
44.8757
46.0434
48.7981
51.3901
52.0924
51.3665
49.4994
46.5919
43.7005
43.5681
47.3368
53.4124
58.4462
59.4351
54.9813
50.5129
49.0083
48.1126
47.6376
47.3917
47.3842
47.6298
48.0185
48.3138
48.482
48.4017
47.6594
47.0636
45.8535
45.3421
44.8179
44.1335
43.8377
43.8042
43.4868
43.3428
)
;
    }
    hills
    {
        type            calculated;
        value           nonuniform List<scalar> 
7200
(
78.3375
79.3201
80.126
80.769
81.3023
81.7672
82.2005
82.5744
82.8454
82.4583
82.6254
79.4828
78.3328
77.507
76.7169
75.8915
75.0304
74.1987
73.4388
72.7992
72.2519
71.778
71.3723
71.0418
71.4315
72.5087
73.6197
76.0359
77.9396
79.2005
78.3044
75.8245
70.9457
62.1311
56.1612
75.6904
80.7504
81.6358
77.0745
64.7576
64.9435
66.6517
67.209
67.5082
68.3299
68.7189
69.0052
69.1517
69.2854
69.3266
69.1978
68.9257
68.6091
68.5607
69.2599
70.7965
72.4699
74.1874
75.8166
77.1709
63.8031
64.7406
65.4734
66.0469
66.5539
67.074
67.677
68.3554
69.0198
68.2512
69.6037
67.2028
66.8503
67.1113
67.7344
68.4401
69.0758
69.6542
70.0609
70.9207
72.342
73.4471
74.3622
75.2082
76.7429
76.2564
79.0395
81.8652
84.0517
84.6201
82.3973
76.4544
68.8671
59.597
62.5949
79.8113
83.2293
84.1356
78.0246
60.919
59.8132
59.6131
59.163
58.8653
58.8124
58.6153
58.4938
58.197
57.7885
57.2076
56.4371
55.5032
54.5084
54.0658
54.4355
55.8817
57.6617
59.4592
61.1005
62.7391
51.842
52.6998
53.3799
53.8001
54.3479
55.0185
55.8786
56.8435
57.8167
57.2508
59.1143
57.4136
57.4806
58.3901
59.7507
61.1144
62.5262
63.8054
64.9993
66.4633
68.2924
69.9156
71.2983
72.5399
74.2683
74.5028
77.1922
79.8702
81.7944
82.0463
79.606
73.5217
64.5237
55.018
69.4603
80.7991
82.6766
82.2635
73.0855
57.668
55.8563
54.6472
53.4877
52.3909
51.6726
51.1234
50.7267
50.2937
49.7018
48.844
47.6794
46.2958
44.817
43.6675
43.3897
44.298
45.7163
47.5527
49.0866
50.7791
25.5525
24.9482
24.776
24.9989
25.2474
24.9965
23.9234
21.8032
19.1412
17.9505
16.0844
15.2346
15.3471
17.4925
25.2123
34.4086
42.1911
50.5276
53.3652
55.4017
57.52
59.3745
61.1025
62.813
64.732
65.8465
68.3299
70.7738
72.3681
72.2256
69.0603
62.3493
52.7732
49.4365
68.5713
74.8929
75.0042
72.0149
62.0869
44.5457
29.4672
18.2591
22.1814
26.8275
27.2005
27.575
28.3581
29.1936
30.1025
31.7595
34.0596
36.279
37.5628
37.7724
36.6149
35.8529
33.3702
30.3625
28.0271
26.6153
56.8138
57.1296
57.4059
57.656
57.9206
58.2121
58.4678
58.51
58.2526
57.6786
57.0602
56.192
55.1099
53.2179
51.0901
50.1331
49.1429
48.5846
44.7493
41.5335
37.1756
32.3997
27.0652
21.8538
16.0519
7.21575
9.4063
16.1938
21.6473
21.6969
15.085
13.2328
29.8302
50.687
62.0377
62.9214
59.8984
52.2185
30.6516
25.5824
36.8056
35.7726
35.844
35.7374
36.1991
37.2415
38.476
39.4423
40.6214
41.8245
43.19
44.6885
46.238
47.4083
48.5251
50.5222
52.6234
54.324
55.5381
56.3411
53.3221
53.5013
53.6502
53.85
54.1692
54.5499
54.8738
54.9221
54.509
53.7017
52.7702
51.2628
49.2462
46.6903
44.8586
45.4646
47.7885
50.6095
52.0828
53.1426
53.8418
54.3301
55.4661
56.5617
57.5514
58.57
59.9755
61.4529
62.9458
64.4293
65.6946
65.9737
64.1329
60.0285
53.8458
45.4183
36.1718
32.6278
37.2815
34.9473
34.4839
33.7718
33.3214
33.2627
33.6291
34.5591
35.7033
36.6746
37.7724
39.2415
40.8152
42.5652
43.9778
45.1227
46.1442
47.8396
49.7259
51.2876
52.4024
53.0024
47.4982
47.7221
47.9254
48.1748
48.5449
48.9493
49.3139
49.3903
48.9751
47.9578
46.7707
44.8474
41.8793
39.449
38.4051
41.5107
44.0428
47
48.2658
49.0468
49.4421
49.4915
50.3959
51.6813
52.6509
53.3083
54.3279
55.387
56.5521
57.855
59.0329
59.3219
58.2564
55.8027
51.5392
45.461
38.6023
34.5417
34.0035
31.8595
30.6883
29.698
29.1501
29.2387
29.694
30.6231
31.6289
32.3541
33.2634
34.8524
36.8889
38.9669
40.4953
41.6275
42.4784
43.7628
44.872
45.9467
46.7962
47.2266
44.0566
44.1471
44.2897
44.5883
44.994
45.1802
45.3089
45.1403
44.6174
43.5692
42.1864
40.3705
37.6863
35.4357
36.3556
41.0242
42.9773
43.8206
44.0842
44.0264
43.7158
43.6322
43.6029
44.2469
46.0267
47.2416
48.7533
50.3653
52.1663
54.0337
55.6438
56.4591
56.0583
54.2672
50.5945
44.8855
38.3963
33.5812
30.6932
28.7693
27.8464
27.4233
27.3952
27.7348
28.2528
29.1259
29.9236
30.4091
31.2257
33.034
35.5641
37.7302
39.2109
40.3173
41.1168
42.2311
42.9906
43.5594
43.874
43.8123
42.5387
42.3063
42.0542
42.1963
42.5418
42.683
42.4042
41.9516
41.327
40.3058
38.8674
36.699
33.8273
32.7623
38.1327
42.0306
43.6736
44.2991
44.1027
43.1316
42.3187
41.6461
41.7497
42.4994
43.936
45.6184
47.3073
49.0059
50.9293
52.9025
54.5425
55.3394
54.8531
52.7287
48.5753
42.647
36.301
31.4377
28.7143
27.2287
26.6994
26.4249
26.5837
26.813
27.2076
27.8652
28.4917
28.866
29.6936
31.549
34.5306
36.5617
37.8438
38.7858
39.4469
40.5296
41.5027
42.2545
42.4558
42.5026
41.096
40.7597
40.6591
40.7915
40.8669
40.678
40.2596
39.7304
39.0286
37.7345
35.7317
32.7959
29.9908
34.2427
41.0042
43.5187
44.6342
45.1269
44.865
43.861
42.8208
42.1761
42.3045
43.1289
44.508
46.1024
48.19
50.1775
52.3793
54.5167
56.087
56.505
55.3422
52.4346
47.5356
41.2036
34.8955
30.2111
27.6297
26.475
26.1322
26.244
26.5019
26.666
26.9832
27.4972
28.0748
28.5597
29.4976
31.1426
34.5969
36.3668
37.3828
38.0567
38.3288
38.9994
39.7998
40.5448
40.9634
41.0759
39.7721
39.7
39.7297
39.901
39.8423
39.3598
38.801
38.1768
37.2694
35.4334
32.4887
28.7318
29.8616
40.1081
43.428
45.3206
46.2044
46.4635
46.0234
45.0998
43.924
43.4796
43.8034
44.7356
46.182
47.7653
50.3682
52.6867
55.1275
57.2517
58.4763
58.2493
56.2714
52.3093
46.5236
39.766
33.5553
29.2319
27.0437
26.1777
26.3104
26.7205
27.0575
27.3742
27.7589
28.2884
29.0525
29.9467
30.9727
32.0971
35.8006
37.2544
38.026
38.5574
38.515
38.7879
38.9788
39.3757
39.6134
39.7304
39.3212
39.4807
39.6383
39.7584
39.4462
38.7018
37.8922
37.0381
35.6294
32.8123
28.3633
27.4187
38.184
43.991
46.4506
47.6454
48.2372
48.1815
47.5796
46.6975
45.8841
45.6939
46.0762
46.9348
48.5178
50.2507
53.0837
55.6435
58.1121
59.9189
60.5198
59.476
56.4934
51.4757
44.9751
38.1779
32.5389
28.9796
27.3207
26.7486
27.2941
27.9194
28.488
29.0969
29.7387
30.4881
31.3654
32.3033
33.3698
34.5984
38.1404
39.1151
39.5919
39.9643
39.634
39.4692
39.1544
39.1652
39.154
39.1637
39.7023
40.0692
40.3194
40.2192
39.4605
38.3055
37.152
35.8718
33.5161
28.8527
25.8997
36.5291
44.4227
47.6872
49.3095
50.1244
50.3758
50.0024
49.2887
48.4596
47.7504
47.612
48.2321
49.2783
50.9766
52.8772
55.7262
58.3105
60.5444
61.8067
61.6307
59.6869
55.6264
49.7797
43.0404
36.7615
32.0902
29.3906
28.2075
27.9666
28.7203
29.5623
30.4419
31.3207
32.2183
33.1381
34.0842
35.0739
36.2489
37.5895
41.1722
41.6066
41.7812
42.0124
41.47
40.8859
40.1927
39.9162
39.6904
39.5365
40.744
41.2263
41.4074
40.9902
39.8475
38.1751
36.3785
34.1422
29.8568
25.509
35.0336
44.6822
48.4687
50.8999
52.0339
52.5151
52.3419
51.7116
50.9156
50.1377
49.5389
49.4244
50.2171
51.5035
53.1993
55.2288
57.9573
60.4041
62.2355
62.8279
61.8639
58.899
53.9725
47.7181
41.272
35.8318
32.0927
29.9938
29.1966
29.2572
30.2147
31.3333
32.5021
33.6254
34.7171
35.7655
36.8161
37.9229
39.2675
40.7638
44.2611
44.1619
44.0811
44.2286
43.5922
42.664
41.757
41.3177
40.9893
40.6772
42.0185
42.5568
42.5208
41.7813
40.0831
37.3278
34.4944
30.6547
26.0164
33.7544
44.892
49.3416
52.2588
53.7964
54.5186
54.6531
54.163
53.3397
52.4483
51.6567
51.1047
51.0155
51.7964
53.3701
54.8817
56.7068
59.4853
61.7942
63.128
63.003
61.1762
57.369
51.9435
45.7421
39.8768
35.2116
32.0864
30.3398
29.8657
30.2754
31.4755
32.8959
34.3463
35.697
36.9861
38.1961
39.4088
40.6757
42.1946
43.9184
46.7486
46.448
46.1857
46.2989
45.6784
44.5563
43.4472
42.8819
42.5553
42.0916
43.1502
43.4175
43.2698
42.144
39.5632
34.8361
31.0758
26.4644
32.2828
44.7825
49.8265
53.2309
55.2307
56.373
56.9623
56.8077
56.11
55.1392
54.1459
53.2911
52.7012
52.5512
53.1112
54.757
56.1505
58.5341
60.2305
62.2949
63.1678
62.3512
59.7144
55.3226
49.7325
43.835
38.5339
34.3757
31.5793
30.0524
29.921
30.8061
32.3235
34.0391
35.7414
37.3555
38.8985
40.3276
41.7493
43.1155
44.891
46.413
48.5629
48.2835
47.9057
47.9745
47.4022
46.1363
44.8201
44.2074
43.7384
43.1384
43.7619
44.0121
43.6907
42.0002
37.8949
29.4506
29.1571
29.8305
44.4258
49.7903
53.7222
56.1673
57.9216
59.124
58.9915
58.606
57.6709
56.481
55.2894
54.2719
53.5547
53.308
53.7642
55.2601
57.3315
58.7105
61.14
62.7644
62.358
60.8981
57.6297
52.8866
47.3267
41.7636
36.8587
32.9488
30.3326
28.9771
29.257
30.7557
32.5208
34.491
36.5101
38.4732
40.3551
42.0607
43.6845
45.4016
46.7771
47.9073
49.5205
49.5787
49.0161
48.7466
48.1692
47.8866
46.5563
45.7431
44.4691
43.821
44.3558
44.4267
43.8222
41.2888
34.6405
20.2762
37.205
39.5214
49.0367
53.6028
56.9042
59.3063
60.5026
61.2829
61.3347
60.6313
59.4334
57.9959
56.5754
55.3565
54.4481
53.9919
54.2187
55.3668
57.1329
59.5531
61.4047
61.8734
61.4091
59.2709
55.5218
50.5999
45.1698
39.8937
35.2211
31.4485
29.0169
27.8143
28.5549
30.626
32.7217
35.0412
37.422
39.7417
41.985
43.908
45.7661
47.2474
48.3685
49.1884
50.3637
50.2898
49.6727
48.9258
48.407
47.9176
47.0071
46.3128
46.1339
44.8181
44.723
44.118
42.8107
38.6323
29.2732
34.9289
16.6583
33.3994
51.1374
56.9688
60.255
62.3323
63.6073
64.1441
63.9368
63.0277
61.5916
59.915
58.2876
56.8995
55.8355
55.1867
55.1417
55.9205
57.2029
58.6932
60.4582
61.1175
60.1369
57.4407
53.3142
48.2555
42.8485
37.5819
33.1738
29.2348
26.8637
25.725
26.8484
29.5097
32.1438
34.8031
37.4559
39.9837
42.6167
44.6302
46.2807
47.5315
48.3416
48.8598
49.7621
49.6112
49.0467
48.3536
47.5596
47.3772
47.4517
47.1285
46.2231
45.3801
45.017
43.4843
40.0375
32.7383
31.5946
41.4773
37.1584
51.8429
56.8784
61.3895
64.1233
65.9493
67.0558
67.4728
67.1178
66.0071
64.3294
62.4104
60.5849
59.0428
57.8439
57.005
56.6073
56.8155
57.4387
58.308
59.5015
59.946
58.54
55.4764
51.1863
46.1755
40.8923
35.7325
31.4704
27.8443
25.6521
24.5784
26.1588
29.2903
32.104
35.1025
38.3543
41.1728
43.7417
45.7959
47.3657
48.3793
48.876
49.1308
49.6434
49.2253
48.4901
47.79
47.1888
47.1992
47.4515
47.3467
46.8283
45.9616
44.6903
41.2782
34.1961
29.2794
47.296
53.4276
56.0191
59.3935
63.1662
66.1927
68.4822
70.0969
71.0716
71.3484
70.8373
69.5214
67.5887
65.4005
63.3513
61.656
60.3526
59.3829
58.6911
58.2765
58.06
57.8537
58.2004
58.1554
56.5804
53.3419
49.0715
44.2442
39.121
34.0801
29.8497
26.9458
25.2007
24.3563
25.7493
28.9769
32.6338
35.7061
38.8061
41.7437
44.3764
46.4216
47.8978
48.7483
49.0061
48.9928
49.1538
48.4719
47.3048
46.7205
46.4248
46.7362
47.2924
47.4426
47.0988
46.1766
43.8997
37.2549
28.0468
44.1103
53.4144
58.487
61.9833
65.3931
68.3599
70.9507
73.2551
74.7327
75.5867
75.7122
75.0191
73.4865
71.2816
68.7773
66.4373
64.5531
63.1452
62.1088
61.2733
60.4288
59.4303
58.1177
56.6097
55.505
53.9121
50.8451
46.8183
42.3716
37.6513
32.7937
28.6771
25.7372
24.9589
25.4845
27.1622
30.4475
33.3906
36.1527
39.0933
42.1243
44.7642
46.8517
48.3183
49.0923
49.1921
48.9356
48.7285
47.7805
46.4877
45.9494
45.9412
46.5634
47.4697
47.8339
47.4716
46.3636
42.0483
31.2816
38.9527
53.773
60.1126
64.6514
67.9995
71.1164
73.8283
76.2043
78.3061
79.6643
80.3782
80.3396
79.4466
77.6865
75.2143
72.3695
69.6557
67.4816
65.9214
64.8333
63.9588
62.9645
61.4455
59.0261
55.6092
52.2881
49.9182
47.5967
44.015
39.3626
33.6824
28.0921
24.0964
20.3815
19.8425
22.2782
26.5022
32.3963
35.2167
36.512
39.0431
42.1159
44.7881
47.0123
48.6063
49.4346
49.4856
48.9993
48.4225
47.2291
45.7671
45.1268
45.3313
46.2222
47.5035
48.1296
47.6756
46.3468
38.2768
33.5245
53.417
61.2534
66.9041
70.8932
73.9351
76.8114
79.317
81.5051
83.4126
84.6142
85.1665
84.957
83.8792
81.9165
79.2034
76.0508
72.9122
70.3045
68.4625
67.25
66.3284
65.2975
63.6732
60.8369
56.1298
49.6921
44.5983
43.9738
40.6508
35.6173
30.0785
25.2074
21.3255
18.4187
16.481
16.4421
20.852
30.6953
36.5125
36.243
38.3653
41.3946
44.2289
46.7494
48.6308
49.6258
49.7074
49.0659
48.1754
46.7858
45.2594
44.2011
44.4352
45.5734
47.179
48.0726
47.6647
45.7742
32.7083
51.6643
61.5886
68.8091
73.7063
77.2318
80.2074
82.8188
85.0727
86.9938
88.5013
89.4933
89.857
89.4713
88.2321
86.1281
83.2639
79.8815
76.3823
73.2833
70.983
69.4638
68.3403
67.1259
65.3471
62.4377
57.5857
49.7685
39.5646
38.923
37.4622
31.7726
27.687
24.4219
21.986
20.3763
17.9889
16.6194
20.3378
27.7723
34.8881
35.06
36.8109
39.8621
42.9881
45.8916
48.1573
49.4442
49.6549
48.9692
47.987
46.558
45.0402
43.0304
43.1995
44.6236
46.3782
47.5305
47.1581
44.2177
40.0071
60.9772
69.1765
75.5253
79.8936
83.1201
85.9735
88.3889
90.442
92.1383
93.4154
94.1772
94.3254
93.7495
92.3707
90.1811
87.2598
83.7913
80.086
76.5865
73.747
71.6959
70.1023
68.4357
66.2238
63.0475
58.4205
51.4654
39.9224
30.3148
34.8787
27.7988
25.2032
22.2977
20.4804
19.8888
18.4737
18.4704
22.1513
27.1799
32.0446
32.7688
33.9346
37.2644
40.8452
44.2493
46.9998
48.7042
49.1308
48.5088
47.4223
46.3738
45.1855
41.4813
41.7126
43.4243
45.2003
46.4505
45.9789
40.8844
58.0947
67.8236
76.114
81.7029
85.7051
88.8591
91.3686
93.5864
95.4305
96.9064
97.9495
98.4694
98.3799
97.6111
96.1112
93.8717
90.9503
87.4824
83.7006
79.9446
76.5972
73.8587
71.5258
69.0851
66.0312
62.0704
57.1425
51.2813
43.8264
32.9514
25.5762
25.4353
14.0263
9.95569
11.2594
9.51321
11.3601
16.7518
21.8145
25.1033
27.3133
28.1723
29.1484
32.9877
37.5869
41.7517
45.0958
47.376
48.2613
47.8556
47.091
46.8433
46.2283
39.7605
40.3939
42.041
43.9361
44.9855
44.5637
34.7889
65.0853
73.8545
81.6774
86.826
90.574
93.5965
95.9923
98.0232
99.6796
100.954
101.78
102.076
101.767
100.823
99.2146
96.9365
94.0324
90.6065
86.8225
82.8947
79.0749
75.5535
72.241
68.6786
64.3404
59.0156
53.0172
47.1253
41.4037
36.1253
31.4194
40.4583
50.7537
56.6689
57.8631
56.2973
46.3962
31.9889
11.7755
17.5258
19.7849
21.2089
22.4483
26.8156
32.8171
38.7306
43.0753
46.1395
47.853
48.3264
48.1695
48.2885
47.6908
38.5788
39.6744
41.1817
43.1068
43.3399
43.4528
34.5803
69.4464
78.4906
85.9782
90.9023
94.5061
97.42
99.7034
101.575
103.069
104.167
104.804
104.914
104.441
103.371
101.687
99.3966
96.5361
93.1746
89.3939
85.2783
80.9426
76.5131
71.9801
66.9942
61.0524
53.9486
46.3319
39.7872
35.3688
31.4691
31.1823
40.349
49.3237
55.1572
59.0635
62.4763
61.9131
57.4022
47.4356
35.3244
8.32604
10.2934
13.133
17.3107
25.5685
35.6194
43.1359
47.8209
50.3137
51.7743
51.6046
50.9261
49.4027
37.8586
39.3287
40.6
42.5131
41.7428
42.203
43.9246
72.5251
82.2331
89.5917
94.4283
97.9206
100.69
102.819
104.502
105.793
106.666
107.075
106.975
106.33
105.13
103.378
101.088
98.288
94.997
91.2113
86.9086
82.0789
76.7727
71.037
64.681
57.2152
48.2845
38.6655
31.3213
30.4
24.6043
28.3749
40.1489
50.2695
56.3065
59.9458
62.6803
64.0096
64.2687
61.5776
55.8587
45.9127
34.5865
29.3632
25.9776
22.1679
30.055
41.9073
49.6797
53.3958
55.4044
54.591
52.5572
49.8189
36.8656
38.5072
39.6148
41.5713
40.1747
41.0802
52.3444
74.8369
85.3042
92.689
97.483
100.854
103.43
105.344
106.782
107.802
108.389
108.516
108.145
107.262
105.87
103.985
101.619
98.7727
95.4213
91.5001
86.8922
81.5021
75.4037
68.7928
61.6406
53.4393
43.4812
31.7605
20.2473
11.993
14.9055
28.0596
41.506
52.2413
58.1605
61.1693
63.2896
64.6121
65.7714
65.8717
64.2694
60.2893
54.8536
57.9908
46.4756
38.8443
28.2235
37.9574
49.339
54.2312
56.8119
55.5346
52.5138
49.3276
35.9803
37.6829
38.6072
40.6792
39.0046
40.2104
57.8902
76.7868
87.9157
95.4198
100.16
103.363
105.691
107.346
108.487
109.203
109.481
109.303
108.645
107.497
105.884
103.817
101.29
98.2912
94.7583
90.6013
85.7656
80.1845
73.9218
67.2179
60.0935
52.0552
42.3104
30.5719
18.2196
10.3889
20.4918
32.8287
44.7409
54.6644
60.3294
62.8641
64.276
65.292
66.3743
67.166
67.4215
66.3665
63.8195
61.6706
61.9234
57.3439
42.8334
34.9242
47.6919
53.8534
57.1257
55.8153
52.0034
48.4304
36.2216
37.2455
38.2491
40.4501
38.7372
40.0378
60.6756
78.6054
90.2265
97.8427
102.431
105.361
107.299
108.732
109.455
109.895
109.866
109.396
108.536
107.134
105.29
102.999
100.264
97.0143
93.3094
89.1333
84.2751
78.6105
72.2749
65.5968
58.7053
51.2069
42.4263
32.4095
23.8389
22.384
29.3014
38.4221
48.524
57.2519
62.4604
64.6891
65.5002
66.0709
66.9758
67.8971
68.7822
68.9684
67.9163
66.0088
63.5933
61.8203
55.4883
38.9722
45.3877
53.0026
56.7625
55.951
51.5828
47.1231
37.7486
37.7268
38.5466
41.0598
39.2632
40.5705
61.4642
80.5489
92.5582
100.262
104.668
107.324
108.951
109.922
110.367
110.362
109.936
109.096
107.849
106.197
104.151
101.635
98.6198
95.2704
91.6315
87.5054
82.6424
76.944
70.621
64.0909
57.6054
50.9181
43.5634
35.9633
31.1044
32.2281
36.9852
44.1221
52.5805
59.9655
64.5059
66.4349
66.791
66.9919
67.6852
68.5682
69.5059
69.9735
69.4241
67.8639
65.2529
61.6473
57.2485
45.8159
43.2005
51.9483
56.017
56.0978
51.6741
46.4072
39.9328
39.0033
39.2641
41.9465
40.0171
41.4563
61.4087
82.5713
94.8578
102.467
106.559
108.852
110.095
110.66
110.688
110.272
109.454
108.266
106.718
104.806
102.512
99.7134
96.6115
93.3641
89.8462
85.8011
80.9702
75.3138
69.1256
62.8977
56.9734
51.2499
45.4824
40.2718
38.2622
40.0702
43.649
49.5734
56.6317
62.7398
66.517
68.0747
68.0606
67.9833
68.4323
69.0998
69.7873
70.0305
69.4535
67.9093
65.1335
60.6432
54.7353
44.5643
42.566
51.1677
55.3548
56.2213
51.9086
46.4037
41.9752
40.6152
40.4163
42.3065
40.4606
42.2248
61.9603
84.7769
97.2744
104.546
108.184
110.022
110.823
110.941
110.52
109.66
108.44
106.902
105.057
102.897
100.328
97.3841
94.4162
91.3354
87.9796
84.0489
79.3089
73.7971
67.882
62.1103
56.8879
52.2288
48.0497
44.9267
44.7758
46.8156
49.6808
54.6449
60.4845
65.4464
68.4766
69.6239
69.2724
68.935
69.066
69.3911
69.6641
69.4952
68.5996
66.7342
63.3654
57.9274
49.7128
40.1655
42.8566
50.5202
54.9231
55.9538
52.3395
47.0218
43.6404
42.2676
41.66
42.4716
40.608
42.4342
64.6473
87.4135
99.9559
106.591
109.619
110.891
111.163
110.785
109.864
108.536
106.906
105.018
102.881
100.472
97.6364
94.7871
91.9778
89.1841
86.0262
82.2515
77.6767
72.4197
66.9121
61.733
57.314
53.7486
51.0121
49.5472
50.785
52.779
55.152
59.2747
64.0209
67.9766
70.3321
71.0709
70.3876
69.7673
69.5116
69.4172
69.2128
68.5454
67.1653
64.6845
60.2461
53.5187
42.8089
36.7927
44.4389
51.4282
55.251
55.9167
52.9637
48.2988
45.1841
43.8468
42.8904
42.7752
40.6259
40.7836
70.7606
90.6458
102.794
108.585
110.893
111.49
111.114
110.161
108.695
106.876
104.82
102.581
100.166
97.4566
94.6228
91.9297
89.3635
86.7729
83.9808
80.402
76.063
71.159
66.1791
61.7043
58.1552
55.6666
54.2084
54.0375
56.2711
58.0906
60.0998
63.4515
67.2126
70.294
72.0442
72.3896
71.3834
70.4638
69.7856
69.2269
68.512
67.3028
65.2982
61.922
56.1069
47.3884
35.1738
37.4733
47.0314
53.0073
56.382
56.5713
54.0199
50.1124
47.0994
45.491
44.1293
43.1812
40.7408
32.652
76.9991
94.6266
105.794
110.608
112.154
112.045
111.02
109.241
107.015
104.691
102.201
99.6264
96.9545
94.0357
91.3123
88.8233
86.5078
84.1501
81.4452
78.1442
74.1787
69.7956
65.4845
61.8333
59.2576
57.7908
57.3579
58.3135
61.2482
62.8534
64.5644
67.2101
70.0979
72.4125
73.6077
73.5783
72.276
71.0623
69.9567
68.9169
67.6591
65.8377
63.023
58.4301
51.0292
37.8092
31.0675
41.5728
49.8153
55.1548
57.8842
57.8247
55.5746
52.1834
49.1272
47.0166
45.1581
43.5913
41.7376
20.8106
81.8344
98.9471
108.602
112.258
112.948
112.055
110.306
107.834
105.006
102.042
99.0655
96.1463
93.2173
90.4004
87.9141
85.7338
83.7459
81.6916
79.2877
76.2681
72.6611
68.7711
65.1161
62.2284
60.455
59.8703
60.3971
62.3021
65.6895
67.1212
68.5815
70.6032
72.7228
74.3565
75.0406
74.665
73.1181
71.6334
70.1035
68.5361
66.6624
64.0713
60.3423
54.1465
44.5196
28.6169
35.1166
46.1862
52.493
57.2186
59.4224
59.2178
57.2836
54.2162
50.8897
48.2283
46.5231
45.0013
42.8723
27.8691
86.7051
103.496
111.054
113.413
113.154
111.382
108.856
105.678
102.266
98.8418
95.5041
92.335
89.2951
86.6916
84.4919
82.7107
81.1014
79.389
77.2839
74.5637
71.3473
67.9884
65.0006
62.8565
61.852
62.0298
63.3256
65.9113
69.53
70.9371
72.1894
73.6871
75.1466
76.1761
76.4167
75.7247
73.948
72.1671
70.1777
68.0422
65.4347
62.0675
56.9878
48.9301
32.3459
27.8626
41.773
49.7682
54.9468
58.8471
60.5484
60.1713
58.4588
55.4568
52.701
50.209
48.7711
47.48
42.7659
51.4913
91.1284
107.851
112.978
113.946
112.647
109.976
106.666
102.834
98.8278
95.0012
91.3895
88.0861
85.2763
83.0055
81.2104
79.7514
78.53
77.1454
75.3307
72.9944
70.1955
67.3935
65.0717
63.6615
63.3543
64.1548
66.0518
69.1801
72.8844
74.4604
75.5733
76.5974
77.473
77.9568
77.7943
76.8525
74.8716
72.7498
70.2867
67.459
64.104
59.7629
53.0982
42.0163
23.9421
37.3665
48.1476
53.6034
58.0707
60.9711
62.2492
61.6643
59.8449
57.1887
54.8966
53.251
52.659
49.0352
36.461
76.9769
96.6812
111.21
114.044
113.643
111.237
107.718
103.641
99.3728
94.8835
90.6391
86.8912
83.7017
81.2288
79.3691
77.9987
76.9145
76.0663
75
73.4873
71.4813
69.2063
66.9633
65.3046
64.5711
64.8696
66.1721
68.5326
72.1222
75.7996
77.126
78.3763
79.068
79.494
79.526
78.9917
77.773
75.733
73.0937
69.9918
66.5097
62.3951
56.257
47.9723
27.0854
29.3539
44.0657
50.8683
55.4065
59.5812
61.7646
62.8966
62.2919
60.5196
58.3542
56.5179
55.5502
54.1006
47.7951
35.3542
88.4661
102.889
112.924
114.226
112.347
108.914
104.644
99.9828
95.2151
90.4498
85.9122
82.1626
79.3434
77.2768
75.8709
74.9279
74.2394
73.749
72.99
71.7745
70.1091
68.2699
66.687
65.6593
65.5322
66.3404
68.0703
70.7363
74.6058
78.3111
80.2647
81.2821
81.6404
81.656
81.2618
80.3264
78.7108
76.2557
73.1673
69.5682
65.4425
60.1367
52.4091
39.2341
21.1921
40.3906
48.9764
53.5313
57.6355
61.4849
63.3178
64.0118
63.223
61.3834
59.7751
58.6763
58.0268
54.626
42.9548
62.9883
97.6458
107.563
113.767
113.287
110.196
105.874
101.024
95.9218
90.7539
85.7007
81.1321
77.6674
75.1662
73.4903
72.4813
71.881
71.7533
71.591
71.1278
70.2021
68.8784
67.464
66.3802
66.0847
66.4697
67.6938
69.7824
72.791
76.2501
80.2561
82.6994
83.6024
83.894
83.7109
82.9855
81.6153
79.5427
76.7247
73.207
68.9615
63.6729
56.7297
46.9983
22.3247
33.4526
47.4533
51.9164
55.4928
59.3933
62.997
64.4816
64.5547
63.6674
62.4285
61.2382
60.7374
59.2319
53.0082
40.3254
89.6064
103.242
111.171
113.544
111.45
107.373
102.412
97.1384
91.6987
86.2364
81.1573
76.8002
73.5881
71.4053
70.1116
69.4887
69.3275
69.5454
69.6921
69.5117
68.8794
67.9081
66.9291
66.322
66.5125
67.5065
69.067
71.4269
73.7788
78.3487
82.3435
84.3938
85.3341
85.4902
85.0353
83.9404
82.1816
79.7402
76.5313
72.5031
67.4589
60.9302
52.6951
34.3162
23.2199
43.851
51.3934
54.0153
57.1476
60.9785
64.3115
65.5393
65.5236
64.7012
63.6723
62.9906
62.3604
59.3741
48.7038
62.2016
97.3149
107.487
112.947
112.398
109.28
104.286
98.7179
92.9335
87.0443
81.3976
76.4735
72.6242
69.667
67.7617
66.7916
66.6397
66.9294
67.4083
67.8115
67.8576
67.4645
66.7826
66.146
65.7537
66.549
67.8071
69.6116
72.0976
75.6775
78.8199
83.1033
85.3576
86.2602
86.2386
85.4836
84.0992
82.0602
79.2791
75.6438
70.9819
64.9879
57.2608
47.77
20.0774
37.3135
49.9514
53.7035
55.6263
58.5599
62.4097
65.4746
66.4763
66.3358
65.5722
64.8944
64.6548
63.3298
58.2547
44.4422
86.5816
103.68
111.082
113.534
111.018
106.977
101.348
95.2353
88.944
82.7284
77.2176
72.4753
68.7476
66.0785
64.534
63.986
64.1814
64.8128
65.5764
66.2645
66.5802
66.4854
66.1733
65.9841
66.0907
67.3969
69.1215
71.287
73.7754
76.0464
79.6712
83.4117
85.5579
86.3029
86.0404
85.0773
83.4829
81.1804
78.0485
73.8881
68.4849
61.458
52.7665
32.5889
26.4647
46.6325
53.0814
55.1402
56.8774
59.8024
63.7165
66.4942
67.3033
67.0275
66.4218
66.2375
65.6782
63.4624
55.0737
55.5538
95.3925
106.878
112.523
113.691
109.632
104.909
98.6525
92.0003
85.4696
79.3661
73.8731
69.2204
65.6139
63.1992
61.9102
61.605
62.0234
62.8661
63.8846
64.7682
65.2762
65.4029
65.3704
65.5467
66.092
67.6679
69.6148
71.882
73.9803
76.1783
79.8402
83.1274
84.9928
85.4679
85.0109
83.9237
82.1305
79.5349
75.9605
71.1893
64.9827
57.2224
45.6361
20.4741
38.4714
51.6606
54.7123
56.1843
57.8849
60.9009
64.9198
67.3768
67.9865
67.6202
67.3587
67.5167
66.5051
62.7899
49.5705
74.811
99.5797
108.887
112.597
113.146
107.741
102.504
95.7384
89.0329
82.5608
76.5154
71.1029
66.591
63.1941
60.9342
59.8038
59.644
60.2281
61.2496
62.4563
63.5039
64.1876
64.5273
64.7478
65.261
66.1708
68.088
70.2048
72.366
74.0165
76.0333
79.4743
82.2415
83.6837
83.8535
83.3255
82.0872
80.0603
77.1024
72.9937
67.5673
60.6171
52.1423
31.0898
25.9975
46.1527
54.2454
55.5276
56.9374
58.734
61.9101
65.9503
68.0386
68.3953
68.1772
68.3407
68.0538
66.2376
60.7329
47.1628
88.691
102.277
109.869
112.264
111.776
105.464
99.9543
93.2808
86.6626
80.2654
74.2795
69.03
64.6848
61.4116
59.2704
58.2148
58.1322
58.8168
59.9567
61.2857
62.4459
63.2648
63.7925
64.2619
65.077
66.3213
68.4427
70.6832
72.5168
73.8464
75.6191
78.6721
80.8407
81.7704
81.7814
81.1091
79.6666
77.3156
73.879
69.2057
63.153
55.5911
41.9436
23.2759
35.5487
50.3838
55.4522
56.0316
57.4818
59.4702
62.8537
66.7749
68.4924
68.7294
68.9223
69.0498
68.0461
65.2763
56.8811
57.192
92.0029
103.454
109.689
111.262
110.171
103.153
97.5875
91.0723
84.5965
78.3677
72.5613
67.4155
63.1805
60.0077
57.9395
56.937
56.9146
57.6803
58.9166
60.34
61.5763
62.4932
63.1654
63.8599
64.9235
66.4652
68.6977
70.975
72.3762
73.4993
74.9654
77.5118
79.0259
79.4754
79.3112
78.4261
76.6864
73.9195
69.9716
64.7469
58.1328
49.0884
31.6004
27.1298
41.9772
52.6271
55.8672
56.2784
57.8787
60.1194
63.7119
67.3406
68.7549
69.0338
69.3599
69.1523
67.4692
63.6408
51.2558
70.6328
93.6317
103.817
108.998
109.974
108.145
101.16
95.6477
89.3731
83.0559
76.9437
71.2292
66.1571
61.9774
58.8464
56.8009
55.816
55.8337
56.669
57.9997
59.5028
60.7977
61.786
62.5695
63.4742
64.7466
66.5262
68.8292
70.9289
71.9835
72.9865
74.1005
76.0822
76.9159
77.0125
76.5554
75.3516
73.2165
69.9798
65.5635
59.8095
52.6219
39.3529
27.7397
33.9905
45.8338
53.6644
55.9067
56.3841
58.1813
60.7001
64.4702
67.7228
68.8491
69.4502
69.7177
68.8568
66.3403
61.2125
47.0074
79.913
94.12
103.415
107.883
108.562
106.179
99.4079
93.9855
87.9379
81.7815
75.7885
70.1729
65.1628
61.0118
57.8879
55.8248
54.8142
54.8302
55.7069
57.1536
58.726
60.0752
61.1158
61.9991
63.0703
64.5213
66.4596
68.8124
70.5934
71.3909
72.2903
73.0349
74.4147
74.5777
74.3075
73.5134
71.933
69.362
65.6483
60.7715
54.603
45.0566
33.2598
30.4228
38.9941
47.9081
53.9796
55.9148
56.4902
58.4581
61.2297
65.1436
67.9307
68.9742
69.5871
69.699
68.0959
64.6451
57.5671
50.6056
81.3719
94.0094
102.417
106.469
106.986
104.275
97.8286
92.5373
86.7152
80.7087
74.825
69.2713
64.3135
60.2123
57.0877
54.9832
53.9236
53.9086
54.8052
56.3176
57.9471
59.3596
60.4548
61.4274
62.6311
64.2322
66.2497
68.6151
70.0261
70.6416
71.3994
71.7765
72.5708
72.2157
71.6005
70.4119
68.4258
65.4582
61.4002
56.0727
48.9738
38.781
31.9754
34.5266
42.0997
48.8362
53.9536
55.8499
56.5653
58.7732
61.7756
65.7509
68.049
69.1952
69.7429
69.2458
67.0961
62.7575
53.0704
59.1646
82.0634
93.5471
101.126
104.84
105.284
102.53
96.3949
91.3271
85.7188
79.8296
74.0498
68.5623
63.6365
59.5175
56.386
54.2549
53.14
53.0825
53.9599
55.4748
57.1246
58.5775
59.7128
60.8002
62.1283
63.8439
65.892
68.1116
69.227
69.7221
70.2856
70.3039
70.4996
69.7998
68.8358
67.2873
64.9235
61.5961
57.1871
51.3676
42.9946
35.7115
33.8821
37.9431
43.8039
49.187
53.8485
55.7446
56.6378
59.1279
62.4036
66.2203
68.1252
69.157
69.7077
68.7319
65.8247
60.4342
48.7141
66.3842
82.0603
92.8317
99.7244
103.197
103.642
100.999
95.3125
90.3705
84.8675
79.1039
73.4268
68.0055
63.1098
58.9735
55.7699
53.5814
52.4293
52.3336
53.2103
54.6832
56.2945
57.7211
58.8722
60.0577
61.5035
63.3057
65.4199
67.336
68.1822
68.5982
68.9271
68.5878
68.2512
67.3233
66.0594
64.19
61.5236
57.9054
53.1252
46.6008
39.6478
35.5603
36.3452
40.1349
44.7343
49.3352
53.6916
55.6199
56.7428
59.5621
63.0806
66.4985
68.2192
69.2357
69.454
67.9411
64.1603
57.4974
47.5833
68.482
81.6849
91.797
98.2708
101.691
102.181
99.4382
94.1524
89.4757
84.104
78.4936
72.9168
67.5623
62.6989
58.553
55.2942
53.0364
51.8379
51.714
52.5582
53.9689
55.5016
56.8627
57.9846
59.2167
60.7506
62.567
64.7765
66.3188
66.9348
67.2644
67.3529
66.6656
65.9292
64.8087
63.2924
61.168
58.2556
54.4056
49.3712
43.0418
38.267
36.7101
38.3464
41.4688
45.3314
49.4024
53.5418
55.5219
56.9203
60.0977
63.7832
66.7036
68.466
69.4115
69.1482
66.9145
62.0892
53.9166
51.2027
68.7633
81.121
90.5111
96.6395
99.9267
100.315
98.2728
93.0548
88.5943
83.4463
77.9656
72.4819
67.196
62.3706
58.2324
54.9435
52.6361
51.3884
51.2183
52.0009
53.3295
54.7766
56.0603
57.1338
58.3582
59.9253
61.672
63.9168
65.0331
65.4979
65.7528
65.6782
64.6619
63.616
62.2682
60.5488
58.223
55.1417
51.1652
45.8984
41.112
38.2609
38.0666
39.6684
42.3649
45.7363
49.4155
53.4602
55.5054
57.2083
60.7418
64.4885
66.9519
68.5855
69.4228
68.6071
65.5112
59.5325
50.3863
55.6062
68.7276
80.2518
89.0075
94.9155
98.1847
98.8087
96.9566
92.099
87.7858
82.8477
77.4727
72.071
66.8568
62.0771
57.9651
54.6792
52.3582
51.088
50.8743
51.5689
52.7931
54.1329
55.3343
56.3606
57.5615
59.1072
60.7356
62.8511
63.5438
63.9158
64.1581
63.9589
62.605
61.3293
59.7613
57.8304
55.3594
52.2253
48.2833
43.6105
40.1601
38.6205
39.0136
40.5478
42.9593
45.981
49.4253
53.5163
55.6147
57.6354
61.4934
65.2252
67.4263
68.9719
69.4183
67.8641
63.6884
56.5037
48.5428
58.096
68.6106
79.0501
87.3773
93.0935
96.3799
97.194
95.7185
91.1907
86.9659
82.2092
76.9378
71.605
66.4663
61.7404
57.6642
54.402
52.0988
50.8411
50.6123
51.2368
52.3424
53.5554
54.6681
55.6473
56.8395
58.3549
59.8859
61.7072
62.0169
62.3065
62.485
62.1302
60.5593
59.1066
57.3287
55.2445
52.6829
49.5548
45.6634
42.008
39.6042
38.9465
39.5338
41.0887
43.3062
46.1281
49.5004
53.7474
55.8635
58.2059
62.3993
65.8964
68.0831
69.5282
69.3041
66.798
61.3523
53.1664
49.5645
58.9486
68.5213
77.8232
85.6172
91.1767
94.4894
95.4814
94.3316
90.1895
86.0032
81.391
76.263
70.993
65.9261
61.2547
57.2123
53.9781
51.7042
50.4804
50.2684
50.859
51.8752
52.9802
54.0006
54.9415
56.1346
57.6171
59.1477
60.6144
60.574
60.786
60.8228
60.2774
58.5157
56.9495
55.0373
52.8419
50.2617
47.1719
43.5006
40.6595
39.1455
38.9526
39.8093
41.3664
43.4542
46.2244
49.6898
54.1559
56.2341
58.8904
63.3764
66.5223
68.4605
69.889
68.9095
65.2827
58.4962
50.2192
51.8397
59.8318
68.3995
76.53
83.673
89.1573
92.509
93.6927
92.925
89.0984
84.8269
80.3195
75.3712
70.1757
65.1783
60.5606
56.5423
53.33
51.0783
49.8854
49.7057
50.3031
51.2841
52.3163
53.257
54.1889
55.3874
56.8152
58.4021
59.5124
59.1552
59.2892
59.1481
58.3842
56.4553
54.8517
52.8732
50.6523
48.0706
45.0549
41.8478
39.6151
38.7479
38.8899
39.8867
41.4457
43.5286
46.3961
50.0483
54.7253
56.7094
59.7058
64.3701
67.2565
68.9921
69.977
68.1627
63.2474
55.2773
48.8161
53.7478
60.8306
68.3238
75.3046
81.6906
86.9154
90.3556
91.8865
91.6208
87.2071
83.3848
78.9361
74.2311
69.1811
64.2647
59.7121
55.7156
52.5142
50.2679
49.0878
48.9247
49.5585
50.5297
51.5238
52.4207
53.3533
54.5544
55.9015
57.5596
58.2731
57.6223
57.6422
57.3028
56.3241
54.2952
52.7236
50.7766
48.6039
46.1022
43.2374
40.6443
39.0162
38.4785
38.8909
39.9693
41.5668
43.7444
46.7789
50.607
55.4463
57.2918
60.6322
65.316
68.1903
69.6561
69.8935
67.0107
60.6653
52.1446
49.4879
55.1768
61.8723
68.3539
74.2793
79.7077
84.2324
87.487
89.0914
89.1389
84.9518
81.6608
77.2338
72.8279
68.0311
63.203
58.7411
54.7856
51.6058
49.3839
48.2199
48.0666
48.6986
49.6495
50.6235
51.4952
52.4482
53.6455
54.914
56.5894
56.7823
55.9454
55.814
55.2808
54.0782
52.0367
50.5537
48.712
46.6412
44.3054
41.7149
39.7509
38.6975
38.5086
39.0995
40.2513
41.9299
44.2252
47.3792
51.3258
56.2822
57.9652
61.6726
66.1742
68.758
70.0971
69.4606
65.3043
57.5972
49.9018
51.1322
56.7822
62.9324
68.6214
73.7054
78.1459
81.8451
84.6245
86.2101
86.501
82.3156
79.4991
75.3611
71.0515
66.5812
61.8919
57.5549
53.699
50.5882
48.4372
47.316
47.1704
47.7598
48.692
49.6504
50.5168
51.4974
52.6847
53.9185
55.3875
55.1807
54.2384
54.0352
53.3139
51.8241
49.8234
48.4154
46.6824
44.7577
42.6267
40.4541
39.0873
38.4993
38.6827
39.4709
40.7466
42.5132
44.8875
48.0778
52.1395
57.2656
58.7285
62.7726
66.9106
69.2368
70.161
68.5735
62.9736
54.3676
49.3507
52.8708
58.43
64.0191
69.1046
73.5367
77.1437
79.9546
82.0712
83.3067
83.5569
79.3808
76.9318
73.1505
68.7551
64.6775
60.2866
56.0828
52.4026
49.4053
47.3598
46.3119
46.1849
46.7387
47.6562
48.6059
49.4841
50.4878
51.6543
52.9401
54.0898
53.5309
52.4183
52.3909
51.5577
49.8863
48.2211
46.5881
44.9032
43.1072
41.1737
39.4627
38.6805
38.6074
39.1429
40.1111
41.4652
43.268
45.6298
48.7716
53.0006
57.7459
59.5924
63.9382
67.6385
69.7699
69.9911
67.1567
60.0739
51.6716
50.3035
54.6912
60.049
65.1667
69.7955
73.701
76.6644
78.7546
80.1286
80.7318
80.6344
76.291
73.9202
70.4327
66.2089
62.0235
58.1434
54.1256
50.6851
47.9058
46.0427
45.1259
45.0455
45.5963
46.4984
47.4561
48.3616
49.384
50.5208
51.8364
52.7212
51.8752
50.7372
50.8946
50.0746
48.3133
46.7079
45.1033
43.4958
41.8274
40.1124
38.97
38.7325
39.179
40.0408
41.1139
42.4289
44.1456
46.3643
49.3826
53.8628
57.9763
60.1953
64.8288
68.4606
70.2844
69.5282
65.111
56.8668
50.3627
51.9076
56.6264
61.6715
66.419
70.6843
74.1505
76.6002
78.1624
78.909
78.7775
77.9599
73.6503
70.8455
67.3706
63.1049
58.8256
54.9779
51.4525
48.2295
45.8049
44.2359
43.5696
43.6358
44.2398
45.1533
46.1386
47.0709
48.1003
49.1038
50.6753
51.2121
50.1244
49.1653
49.3227
48.5577
47.3767
45.6089
44.0585
42.5439
41.039
39.6145
39.1971
39.5282
40.3576
41.4087
42.4165
43.5944
45.0828
47.0238
49.865
54.6818
58.0604
60.8357
65.595
68.8202
70.3619
68.6062
62.6547
53.9728
50.707
53.7895
58.5866
63.326
67.7799
71.7257
74.7966
76.8529
78.053
78.3536
77.6292
76.1319
71.8251
68.3727
64.4375
60.0825
55.3402
51.234
47.8096
44.9414
42.8261
41.6404
41.3347
41.7003
42.4834
43.498
44.5461
45.4251
46.4524
47.4994
49.2838
49.4302
48.1249
47.1735
47.3357
46.8927
45.8507
44.463
43.1496
41.8682
40.6744
39.9221
40.3153
41.2327
42.3164
43.2876
44.0347
44.8919
45.9869
47.5523
50.2026
55.388
58.0981
61.5193
66.2429
69.0921
70.1205
67.1783
59.7574
52.1371
51.9961
55.8382
60.5182
65.0091
69.2188
72.8621
75.5583
77.2892
78.1994
78.1578
77.0358
75.0456
70.7558
66.818
62.3266
57.5196
52.5197
47.6366
43.9739
41.1741
39.2958
38.3879
38.2886
38.8495
39.9603
41.185
42.3509
43.3153
44.3833
45.5409
47.5342
47.2721
45.7602
44.597
44.7288
44.5378
43.8875
43.0402
42.1533
41.3275
40.8158
41.2911
42.4884
43.8586
44.8917
45.3999
45.7267
46.1162
46.725
47.9058
50.3971
55.9099
58.1156
62.2372
66.7398
69.3425
69.6241
65.154
56.7948
51.825
53.6509
57.8648
62.3818
66.6905
70.6793
74.0228
76.3915
77.8664
78.5084
78.1609
76.7636
74.4811
69.9958
65.8701
61.2002
56.0484
50.6474
45.274
40.6786
37.7498
35.8582
34.9843
34.9285
35.4513
36.4129
37.9007
39.293
40.4302
41.6327
43.213
45.1854
44.4226
42.8292
41.535
42.0149
42.0446
41.8534
41.523
41.259
41.3917
42.3514
44.0692
45.8788
47.1662
47.6165
47.5446
47.2799
47.1204
47.2604
48.1104
50.4568
56.188
58.1059
62.965
67.1535
69.5046
68.7623
62.5349
54.5085
52.6348
55.4429
59.7701
64.136
68.3243
72.087
75.1362
77.2575
78.5445
78.9467
78.327
76.6772
74.0682
69.3789
64.9832
60.3429
55.4189
50.0343
44.2481
38.6034
34.5857
32.5359
31.4452
31.225
31.5498
32.326
33.5013
34.9727
36.3843
37.8843
40.0276
41.8381
40.9614
39.6131
38.6051
39.5014
39.8911
40.3129
40.8559
41.8989
43.7722
46.2918
48.5881
49.9763
50.4748
50.078
49.3133
48.5003
47.8921
47.6562
48.2071
50.3494
56.1767
58.0232
63.6409
67.398
69.4012
67.4187
59.8212
53.6284
54.0061
57.2351
61.5316
65.7539
69.8543
73.3693
76.1462
78.0998
79.2473
79.4723
78.6768
76.8569
73.9189
69.3117
64.4239
59.4268
54.6432
49.9944
44.9221
38.9401
32.7066
29.1712
27.8452
27.2131
27.185
27.5544
28.4441
29.6706
31.0025
33.029
36.1117
37.5319
37.3038
36.9602
36.4576
38.2012
39.4752
40.9972
43.4242
46.6473
49.7787
52.0517
53.1393
53.3704
52.7564
51.7321
50.5473
49.4133
48.5044
47.9541
48.1794
50.0272
56.0512
57.846
64.2224
67.5538
69.0054
65.6095
57.5482
54.1717
55.722
59.0369
63.1943
67.2532
71.2403
74.4923
77.0371
78.8657
79.8824
79.9822
79.1089
77.2402
74.1752
70.136
65.1533
59.753
54.4067
49.5892
45.5309
41.4209
35.105
27.7024
24.5762
23.1679
22.4543
22.021
22.5424
23.5726
24.9654
27.5794
31.5249
33.9262
35.2644
36.4992
36.7611
39.5483
43.6191
47.8565
51.3992
53.8979
55.3577
55.8694
55.6713
54.9972
53.9731
52.7151
51.3638
50.0717
48.9593
48.1225
48.0049
49.5238
56.0241
57.5598
64.7427
67.6781
68.3971
63.4975
56.5749
55.6485
57.7383
60.9999
64.9757
68.7405
72.521
75.5121
77.8708
79.57
80.4412
80.4189
79.4976
77.6756
74.7935
70.8411
66.6182
61.7692
56.5142
51.2651
46.5633
43.0318
39.7261
32.3607
22.9418
21.4432
19.3707
17.9156
18.0923
19.5977
21.8242
26.5482
30.7272
32.5118
34.3474
38.6446
44.9253
49.755
53.3351
55.7147
57.2039
57.9837
58.0319
57.8163
57.1452
56.1902
54.9952
53.624
52.1736
50.7603
49.4657
48.3399
47.8653
49.0131
55.2888
57.6282
65.1071
67.8535
67.6007
61.64
57.2376
57.7486
60.0715
63.2152
66.9576
70.3469
73.7845
76.5157
78.7331
80.2563
80.9656
80.7908
79.7653
77.9194
75.1472
71.2123
67.3922
63.4131
59.3073
55.1591
50.8006
46.615
42.8213
39.5121
33.1818
25.4712
14.7658
12.6912
7.67827
14.0869
21.3344
28.7352
36.9531
44.1191
49.0751
52.6116
55.6971
56.9301
58.2195
59.1734
59.7577
59.839
59.6079
59.1915
58.4062
57.3818
56.1343
54.7054
53.186
51.6636
50.1655
48.7104
47.8501
48.5716
54.4053
57.6504
65.3478
68.0131
66.5313
60.9373
58.9222
60.4058
62.826
65.6871
69.1977
72.2127
75.2136
77.7216
79.8038
81.1198
81.6536
81.3067
80.1226
78.2023
75.4193
71.7967
68.0252
64.3767
60.7529
57.3802
54.2107
51.1725
47.6801
43.4702
38.9701
37.4826
37.5509
36.4127
38.7635
42.1395
44.8772
47.2995
49.6862
52.0726
54.2641
56.1543
58.7494
60.2411
61.4428
62.1382
62.371
62.1085
61.6811
61.0606
60.2157
59.1242
57.8073
56.3136
54.7835
53.2207
51.5852
49.9796
49.1412
49.3293
54.765
58.5163
66.3613
68.7827
65.6283
61.3791
61.9062
64.0423
66.4756
68.8604
71.8976
74.6687
77.2971
79.5282
81.3373
82.4539
82.7599
82.1857
80.7594
78.6972
75.6555
72.1507
68.3078
64.7652
61.124
57.8375
54.9278
52.168
48.6912
44.3955
40.2714
40.335
40.7677
41.4355
42.918
45.3403
47.9975
50.6457
53.0879
55.2603
57.0711
58.6727
61.121
62.6664
63.9066
64.3589
64.3708
64.0091
63.3737
62.5215
61.444
60.1255
58.5973
56.9026
55.3505
53.6784
51.9222
50.2378
48.4963
47.6813
52.5287
57.3653
65.8863
67.864
63.6996
61.8289
63.425
66.1429
68.9243
71.3906
73.6863
76.4427
78.827
80.7814
82.2712
83.2451
83.4459
82.579
80.8559
78.6071
75.7303
73.3548
69.6106
66.1568
62.6052
59.2775
56.1621
53.1557
49.9779
45.5989
41.845
43.8448
45.339
46.4904
47.939
49.7422
51.762
54.0068
56.1535
58.1553
60.1459
61.8765
64.2749
65.6991
66.6631
67.15
66.876
66.3183
65.5011
64.4712
63.2444
61.8052
60.1692
58.3846
56.5702
54.8497
53.2471
50.902
48.6481
47.0616
51.8595
57.0959
65.8556
67.3537
62.9811
63.2361
65.5454
68.6242
71.5713
73.9827
76.0261
78.5368
80.7396
82.4293
83.6629
84.4038
84.5726
83.7284
81.9151
79.4442
76.6922
74.6309
71.1546
67.6507
64.2969
61.1846
58.1787
55.0436
51.1426
45.0012
41.2154
44.3074
47.0511
48.8869
50.1734
51.5714
53.2228
55.3585
57.5919
59.9286
62.6128
65.3621
67.4288
68.8519
69.4636
69.7226
69.1931
68.5178
67.5949
66.4449
65.106
63.594
61.9027
60.094
58.4068
56.7298
54.6016
51.9776
48.996
46.9686
51.0663
56.7128
65.5254
66.5038
63.0731
64.7851
67.6677
71.087
74.1357
76.4996
78.3728
80.7239
82.6999
84.1465
85.0999
85.5643
85.5135
84.8438
83.0875
80.5516
77.7512
76.1644
72.801
69.3624
66.0941
63.2322
60.5551
57.8976
54.3422
47.3988
43.6466
45.0054
47.1128
49.7061
52.0282
53.8609
55.5947
58.2641
60.9772
63.6645
66.8361
69.527
70.9066
72.0721
72.1181
71.9467
71.4985
70.7989
69.8212
68.5896
67.1633
65.6219
63.9456
62.2191
60.6833
58.7238
56.3318
53.4016
49.9079
47.2471
50.1515
56.0243
64.9789
65.6
63.8222
66.5942
69.9847
73.6632
76.7685
79.1622
80.9855
83.1586
84.9787
86.215
86.9302
87.1176
86.7702
85.9239
84.4937
82.1071
79.2646
77.9569
74.6366
71.1311
67.882
64.896
62.2781
59.8777
56.8726
49.7882
46.4462
48.1047
49.352
52.0279
54.5729
57.1395
59.688
62.4803
65.2751
68.0302
71.1789
73.2754
74.8866
75.1853
75.1831
74.7996
74.1336
73.2676
72.1858
70.9102
69.4528
67.9638
66.3788
64.9168
63.0885
60.9036
58.3135
55.0384
51.0357
47.6222
49.0132
55.094
64.1232
64.9068
64.8151
68.5435
72.3691
76.229
79.4216
81.9524
83.8278
85.7652
87.4741
88.6055
89.1358
89.1411
88.5449
87.4167
85.7739
83.5944
81.0003
80.0894
76.6052
73.0286
69.6393
66.6016
64.0055
61.7141
59.2101
52.4233
49.6656
51.9637
53.5234
55.4772
57.8874
60.6289
63.3317
66.334
68.9797
71.8595
74.6068
76.0949
77.2887
78.0125
78.0541
77.461
76.6746
75.7174
74.5954
73.3865
72.001
70.7675
69.2779
67.5037
65.5195
63.1709
60.3678
56.8287
52.3644
48.1158
47.8494
53.7979
62.9921
64.7161
66.0183
70.5837
74.7505
78.7428
82.0751
84.7917
86.8848
88.5481
90.1591
91.2172
91.6539
91.5433
90.8208
89.5061
87.7003
85.4528
82.9299
82.0896
78.6453
75.0882
71.6128
68.4417
65.6702
63.3009
60.9157
54.8502
52.6543
55.3745
57.2912
58.9557
61.136
63.741
66.3615
69.0613
71.6799
74.7725
77.1229
78.0974
79.4094
80.1237
80.3181
80.1134
79.2625
78.3546
77.2879
76.3577
75.1272
73.6387
71.8821
69.913
67.7599
65.2796
62.4228
58.7319
53.8676
48.6781
46.7805
52.0945
61.6626
64.9645
67.4194
72.7036
77.1136
81.2252
84.6724
87.4969
89.7763
91.4497
92.9298
93.9241
94.3267
94.1356
93.3792
91.9536
90.0391
87.7116
85.2487
84.2564
80.8028
77.3053
73.962
70.7946
67.8189
65.034
62.3289
56.5529
55.505
58.3716
60.5752
62.3067
64.3937
67.0164
69.6785
72.7345
75.4246
77.6276
79.3704
80.5053
81.4081
81.9564
82.2464
82.2759
81.9918
81.3791
80.4634
79.2408
77.7729
76.0968
74.1731
72.1074
69.9066
67.4869
64.5922
60.7762
55.5872
49.4757
45.8166
50.0289
60.0993
65.5126
69.0221
74.9207
79.5404
83.7641
87.2796
90.1425
92.5002
94.2756
95.7503
96.7071
97.0115
96.7234
96.149
94.7188
92.7444
90.2598
87.4273
86.298
82.9208
79.5606
76.3015
73.2247
70.3411
67.5711
64.6188
58.8551
58.4762
61.2347
63.5257
65.4037
67.4891
70.3347
73.0651
75.6772
78.3621
80.4951
82.0625
83.2469
84.1965
84.7661
85.0066
84.9579
84.5674
83.815
82.7788
81.4785
79.9751
78.2748
76.4163
74.4244
72.2958
69.9307
67.0565
63.1627
57.667
50.6214
45.153
47.7941
58.2952
66.3435
70.8277
77.2648
82.1284
86.4645
90.0393
92.9381
95.2802
97.0628
98.4882
99.507
99.7369
99.3337
98.3526
96.8375
94.8074
92.3072
89.4622
88.0378
84.7522
81.5024
78.364
75.3854
72.5359
69.7512
66.7647
60.9233
61.2787
64.384
67.0643
69.2031
71.4842
74.1463
76.962
79.5202
82.2425
84.0262
85.5181
86.643
87.4271
87.8262
87.884
87.6108
87.0141
86.1356
85.0352
83.7329
82.2351
80.5533
78.7599
76.8287
74.7684
72.4773
69.6662
65.7715
60.0637
52.2657
44.9549
45.6729
56.2544
67.5296
72.8017
79.7414
84.9083
89.356
92.9855
95.9366
98.2563
100.009
101.236
101.904
101.964
101.441
100.362
98.7526
96.6447
94.077
91.1729
89.5
86.2022
82.9626
79.8552
76.952
74.255
71.7145
69.0117
63.6827
64.1903
67.2746
70.0722
72.2709
74.5408
77.1643
79.8687
82.3714
84.9224
86.5931
88.0517
89.1514
89.9226
90.3454
90.4333
90.2012
89.6692
88.838
87.7255
86.4032
84.8846
83.1908
81.4876
79.4973
77.438
75.1823
72.4358
68.5893
62.7645
54.3586
45.4521
43.9778
53.801
68.9822
74.8553
82.2756
87.8401
92.3872
96.0349
98.9449
101.188
102.817
103.854
104.301
104.167
103.487
102.27
100.532
98.3115
95.6363
92.6638
90.7356
87.3381
83.9979
80.8028
77.8472
75.1543
72.6768
70.186
65.7072
66.814
70.115
72.829
75.1194
77.3439
79.8396
82.4205
84.8269
87.3525
89.0813
90.6258
91.8116
92.6345
93.1091
93.2175
93.0196
92.5228
91.7242
90.6261
89.3393
87.8072
86.1059
84.304
82.2936
80.2326
78.001
75.3267
71.5742
65.7204
56.8638
46.6613
42.65
50.9143
70.7202
76.9598
84.8028
90.8306
95.4694
99.1318
101.984
104.137
105.639
106.509
106.751
106.417
105.549
104.148
102.238
99.8522
97.0455
93.9983
91.7133
88.1396
84.6156
81.2498
78.1522
75.362
72.8614
70.5042
66.8881
68.146
71.613
74.4132
76.8309
79.202
81.7936
84.4442
86.962
89.549
91.4389
93.0649
94.2962
95.1581
95.7147
95.868
95.6783
95.1796
94.4035
93.3653
92.0918
90.5562
88.8453
86.9982
85.0542
83.026
80.8485
78.2746
74.6469
68.8247
59.6748
48.2698
42.0691
48.3215
72.6624
79.1005
87.5437
93.7636
98.5314
102.2
105.018
107.096
108.481
109.179
109.23
108.699
107.622
106.009
103.884
101.302
98.3379
95.1416
92.4036
88.5925
84.8225
81.2179
77.8993
74.9347
72.3471
70.0222
67.0113
68.576
71.9789
74.9105
77.5013
80.1196
82.9493
85.7361
88.4755
91.3482
93.475
95.2975
96.7121
97.6906
98.2297
98.416
98.2241
97.725
96.9588
95.9543
94.7367
93.3846
91.707
89.8911
87.9534
85.9296
83.7978
81.3323
77.8072
72.003
62.6799
50.4704
41.9686
44.7518
74.2397
80.9277
89.9381
96.4185
101.341
105.077
107.9
109.933
111.193
111.731
111.608
110.883
109.598
107.759
105.398
102.606
99.4392
96.0499
92.8745
88.7496
84.6571
80.7259
77.0954
73.8586
71.0572
68.613
66.0411
67.8721
71.3108
74.3541
77.1893
80.1294
83.2588
86.4063
89.5101
92.6439
95.0187
97.073
98.6854
99.8256
100.505
100.768
100.654
100.274
99.5848
98.5932
97.419
96.0647
94.5459
92.8716
91.0565
89.1294
87.0838
84.728
81.3859
75.6531
66.3088
53.6489
42.7097
40.3813
75.1992
82.3608
92.1643
99.0593
104.194
108.028
110.87
112.837
113.979
114.377
114.091
113.176
111.667
109.58
106.977
103.928
100.493
96.8204
92.3898
87.8488
83.3289
78.9668
74.9142
71.284
68.1412
65.4662
63.2535
65.4156
69.0163
72.2233
75.3258
78.639
82.0849
85.6629
89.149
92.6195
95.2956
97.6366
99.5135
100.894
101.79
102.246
102.312
102.035
101.465
100.648
99.6245
98.4216
97.0632
95.5672
93.951
92.2299
90.3775
88.1914
85.0815
79.4967
70.3154
57.6281
44.794
37.9772
75.1498
83.4091
94.0637
101.372
106.685
110.574
113.389
115.241
116.237
116.465
115.987
114.853
113.09
110.741
107.861
104.516
100.751
96.7253
90.5066
85.4944
80.4778
75.5934
71.009
66.8775
63.3212
60.3791
58.6558
61.2356
65.0441
68.5354
72.1152
75.9331
79.911
83.965
87.8933
91.7421
94.7906
97.4729
99.6655
101.343
102.52
103.239
103.549
103.502
103.15
102.544
101.73
100.742
99.609
98.351
96.9833
95.5052
93.8578
91.8011
88.7374
83.1576
74.1083
61.514
47.4296
40.5626
72.9131
83.7129
95.0943
102.835
108.291
112.194
114.931
116.616
117.416
117.428
116.718
115.335
113.311
110.68
107.504
103.835
99.7129
95.2931
87.5963
82.0849
76.509
71.012
65.7955
61.0606
56.9957
53.7228
52.77
55.9409
60.0459
64.1182
68.3442
72.8108
77.4467
82.0706
86.5018
90.7465
94.189
97.2206
99.7431
101.736
103.22
104.233
104.817
105.024
104.912
104.539
103.957
103.207
102.318
101.303
100.163
98.8688
97.3226
95.2585
92.0799
86.4232
77.3867
64.8557
50.205
44.4574
66.1939
83.2681
95.2387
103.443
109.029
112.921
115.51
117.013
117.607
117.393
116.442
114.808
112.525
109.616
106.142
102.151
97.6668
92.8411
84.0881
78.0637
71.8856
65.7125
59.7687
54.3041
49.6326
46.1183
46.3511
50.0928
54.8041
59.6344
64.6727
69.8957
75.2513
80.4516
85.3612
89.9847
93.7738
97.1037
99.9047
102.163
103.906
105.163
105.976
106.397
106.488
106.314
105.931
105.381
104.69
103.854
102.863
101.665
100.132
97.9843
94.672
88.8772
79.7305
67.2897
52.7324
46.8634
55.6311
82.3521
94.937
103.549
109.141
112.972
115.396
116.722
117.116
116.684
115.497
113.614
111.069
107.893
104.134
99.8335
94.9908
89.7769
80.2848
73.743
66.9399
60.0172
53.2065
46.8359
41.4067
37.7588
39.776
44.3488
49.8868
55.6697
61.5361
67.5786
73.5555
79.2432
84.502
89.3777
93.552
97.1486
100.22
102.736
104.719
106.191
107.183
107.786
108.056
108.056
107.842
107.432
106.821
106.004
104.908
103.485
101.645
99.1731
95.5998
89.746
80.7297
68.5087
54.6335
48.6899
45.2359
81.5085
94.9871
103.934
109.323
112.81
114.903
116.006
116.217
115.581
114.166
112.043
109.251
105.818
101.786
97.1843
91.9975
86.411
76.4247
69.3675
61.9015
54.1328
46.2784
38.7068
32.2741
29.0995
33.6968
39.4104
46.0061
52.8577
59.5994
66.2945
72.7395
78.6529
84.0957
89.0643
93.4916
97.3396
100.659
103.434
105.669
107.352
108.465
109.03
109.141
108.893
108.363
107.611
106.662
105.509
104.107
102.383
100.218
97.3815
93.3033
87.0355
77.7191
65.3622
52.0627
47.557
41.3149
81.5713
95.8855
104.612
109.653
112.778
114.525
115.235
115.081
114.303
112.675
110.328
107.302
103.626
99.3331
94.435
88.9149
82.9738
72.8955
65.3084
57.1335
48.3986
39.1965
29.7952
21.902
21.8515
29.8215
36.8947
44.4021
51.962
59.3912
66.3335
72.7307
78.8261
84.5725
89.6985
94.5949
98.4725
101.633
104.09
105.896
107.104
107.778
107.994
107.828
107.353
106.63
105.706
104.599
103.292
101.721
99.7863
97.343
94.1295
89.5135
82.6371
72.5771
59.512
46.3588
45.9103
58.0328
84.4028
98.4556
106.105
110.509
113.141
114.505
114.894
114.452
113.247
111.433
108.883
105.647
101.74
97.1849
91.9938
86.1495
79.8687
70.0282
61.9258
53.0513
43.2673
32.4156
20.3102
12.135
22.0413
29.2466
37.3892
45.4657
53.3561
60.4793
67.4795
73.9854
80.0566
85.602
90.3827
94.8094
98.2331
100.996
103.101
104.598
105.537
105.983
106.003
105.669
105.043
104.183
103.13
101.898
100.455
98.7186
96.5613
93.8094
90.1366
84.9478
77.2847
66.1801
52.1487
40.1171
36.5895
73.2183
89.1537
101.898
108.328
112.003
114.129
115.114
115.198
114.455
112.984
110.83
108.033
104.628
100.502
95.692
90.2096
84.0499
77.4234
68.0174
59.5448
50.1984
39.7492
27.735
13.4804
11.2835
24.1599
29.5915
38.5408
46.4761
54.1485
61.6437
68.6879
75.2158
81.1383
86.4085
90.8366
94.8175
97.8326
100.196
101.927
103.09
103.743
103.946
103.765
103.261
102.489
101.498
100.32
98.9597
97.3731
95.4583
93.0607
89.9711
85.8368
79.978
71.2783
58.664
43.0765
35.2962
36.0847
80.9576
96.2256
105.784
111.016
113.935
115.543
116.125
115.858
114.842
113.147
110.777
107.763
104.093
99.7801
94.7639
89.0649
82.6581
75.7471
66.256
58.0903
49.2649
39.7676
29.7927
20.6647
18.9101
27.381
32.5757
40.247
48.6002
56.3336
63.6486
70.5984
76.9074
82.5294
87.432
91.5299
94.765
97.6478
99.5346
100.84
101.635
101.973
101.914
101.517
100.836
99.9151
98.7923
97.4897
95.9989
94.2659
92.1688
89.522
86.1071
81.4818
74.8105
64.7345
49.8156
33.5965
13.7219
66.9698
86.1122
99.7294
107.335
111.8
114.349
115.635
115.919
115.357
114.052
112.073
109.458
106.214
102.339
97.8389
92.7337
87.0183
80.6467
73.8215
65.7697
58.4357
50.7307
42.8122
35.18
29.3042
27.9665
32.6028
37.8506
44.2842
51.9345
59.2256
66.1969
72.7664
78.8168
84.0838
88.5791
92.258
95.1282
97.1044
99.0536
99.904
100.307
100.305
99.9635
99.3399
98.4762
97.4066
96.159
94.7403
93.1286
91.2538
88.9751
86.1149
82.3636
77.1809
69.564
57.8962
41.0761
24.8435
48.5796
71.0728
85.9858
97.2551
103.636
107.768
110.198
111.471
111.787
111.284
110.068
108.217
105.754
102.76
99.1293
94.9373
90.1906
84.8816
78.9817
72.6683
66.1337
59.6865
53.0512
46.3564
40.5152
36.3166
35.3718
39.2092
43.6724
49.0577
55.7134
62.3741
68.8197
74.9117
80.448
85.3808
89.5212
92.801
95.1955
96.8802
98.1944
98.6817
98.7408
98.4346
97.84
97.0124
95.9852
94.7865
93.434
91.9181
90.2106
88.2481
85.8508
82.7666
78.6272
72.7911
64.0425
50.4524
33.7247
35.4402
60.2342
71.4942
85.2373
94.8233
100.561
104.428
106.74
107.947
108.222
107.713
106.533
104.762
102.454
99.6538
96.3
92.4469
88.1238
83.3116
77.9749
72.2893
66.8405
61.177
55.6712
50.4021
46.1111
43.1867
42.7607
45.2992
49.0067
53.4923
59.2836
65.2127
71.1315
76.782
81.8729
86.2506
89.7599
92.6689
94.7179
95.954
96.7918
96.9329
96.6688
96.0591
95.2139
94.199
93.0371
91.7519
90.3451
88.8193
87.1033
85.0893
82.5772
79.2784
74.7797
68.3155
58.343
43.8939
27.7653
57.4968
62.7164
71.3943
83.8955
92.2868
97.6587
101.068
103.342
104.42
104.657
104.17
103.064
101.423
99.279
96.6739
93.6836
90.1972
86.3494
82.0904
77.3783
72.2771
67.7869
63.1134
58.6687
54.5126
51.1428
49.0218
48.7894
50.8635
53.7323
57.4446
62.3818
67.7078
73.1286
78.2734
82.8783
86.7816
89.8478
92.1018
93.6406
94.5436
94.8189
94.5748
94.1726
93.3017
92.2526
91.0786
89.8124
88.4708
87.079
85.5849
83.8992
81.8843
79.3039
75.8586
71.0813
63.9993
53.1397
39.7877
48.1239
62.6532
62.7815
71.2631
82.3895
89.7736
94.6085
98.0669
99.8439
100.796
100.974
100.499
99.4773
97.9771
96.0391
93.6844
91.054
88.0013
84.5631
80.8465
76.7853
72.4231
69.1397
65.3503
61.7322
58.4669
55.9331
54.4025
54.2764
55.9373
58.0231
61.0476
65.3328
70.1116
74.9352
79.4945
83.5698
86.9672
89.5545
91.3066
92.2926
92.5946
92.5289
92.0181
91.0267
90.5149
89.2689
87.9696
86.6338
85.2581
83.8476
82.3952
80.7823
78.8242
76.2622
72.7572
67.6779
60.1902
49.4352
37.5946
63.0158
62.4757
62.3708
71.128
80.9172
87.4572
91.8711
94.985
96.7093
97.4993
97.543
96.8313
95.9034
94.5645
92.8562
90.8032
88.536
86.0713
83.1006
79.939
76.5426
72.9375
70.8405
67.8926
65.1481
62.7076
60.824
59.6868
59.5871
60.9162
62.5666
65.0071
68.5943
72.6592
76.7941
80.7176
84.1898
87.0125
89.0675
90.327
90.8415
90.7002
90.1381
89.1512
88.1697
86.9923
86.2866
85.0596
83.7718
82.4747
81.1777
79.7479
78.1264
76.2264
73.7401
70.136
64.9965
57.5203
48.0745
46.802
67.6933
62.8928
62.2544
71.0228
79.2964
85.1397
89.3214
92.0784
93.5785
94.2305
94.2292
93.7058
92.5928
91.4456
89.9898
88.2608
86.3206
84.4019
81.9771
79.4006
76.6605
73.8104
73.3512
71.3145
69.4295
67.7534
66.4555
65.6706
65.6171
66.6497
67.9561
69.8364
72.6093
75.8718
79.2091
82.37
85.1648
87.4157
88.9782
89.7925
89.8945
89.3798
88.4286
87.1756
85.8159
84.6567
83.4067
82.3259
81.6516
80.56
79.4917
78.2975
76.9099
74.8502
72.2575
68.6702
63.694
56.6473
49.4099
61.2094
69.0863
64.7434
63.0313
71.1752
78.38
83.5094
87.3366
89.6647
90.8958
91.4133
91.384
90.9036
89.9152
88.9814
87.8188
86.439
84.8364
83.2268
81.4509
79.4941
77.4819
75.4328
77.7023
76.4383
75.2984
74.3054
73.552
73.1192
73.1501
73.9241
74.962
76.32
78.3316
80.7469
83.2677
85.7206
87.8803
89.5491
90.596
90.9939
90.7283
89.9106
88.6983
87.2455
85.7089
84.2095
82.8784
81.8485
81.0769
80.3526
79.7276
78.7467
77.5193
75.57
72.6061
69.0887
64.3197
58.0462
52.3308
69.6409
70.4034
67.6989
64.9758
72.3299
78.8267
83.6015
86.8066
88.6295
89.6062
90.0303
90.0301
89.669
88.8595
88.2344
87.4346
86.4637
85.2991
84.0596
82.8487
81.5929
80.301
79.0112
85.3263
84.7447
84.2367
83.797
83.4807
83.3382
83.4665
84.0711
84.8912
85.8692
87.2256
88.8678
90.5825
92.2481
93.6419
94.6043
95.0099
94.8273
94.0849
92.8907
91.3881
89.7206
88.0453
86.4677
85.0755
83.9435
83.094
82.3958
82.0693
81.5825
80.8478
79.2309
76.241
72.4328
67.8243
62.4666
60.053
75.7396
74.0545
71.9681
69.0836
75.7868
81.7212
85.9119
88.4157
89.8436
90.6796
91.1296
91.2837
91.1732
90.6912
90.4635
90.0957
89.5805
88.8968
88.0859
87.5561
87.0167
86.47
85.9203
96.812
96.8675
96.9396
97.0091
97.1086
97.2634
97.5345
98.0626
98.7255
99.3711
100.123
101.016
101.939
102.612
103.162
103.328
102.984
102.105
100.763
99.0876
97.2169
95.2831
93.4087
91.6761
90.1433
88.7399
87.6655
86.9143
86.5069
86.6917
86.5038
85.3428
82.5139
78.3186
73.7845
69.1088
70.0222
81.7261
79.9357
77.9644
75.6767
81.726
87.2193
90.6002
92.5946
93.847
94.7231
95.3561
95.8002
96.0387
96.1292
96.3401
96.4423
96.4218
96.2322
95.9571
96.213
96.4034
96.5769
96.7322
112.919
113.569
114.188
114.743
115.253
115.725
116.193
116.742
117.334
117.761
118.03
118.016
118.155
118.044
117.683
116.929
115.702
114.012
111.959
109.688
107.333
105.001
102.784
100.741
98.91
97.2143
95.9292
95.0403
94.5838
94.6021
95.0161
94.3893
91.7652
86.9931
82.1311
77.7813
81.6448
89.807
88.9896
86.6531
85.4172
91.038
95.7041
98.5236
100.335
101.669
102.793
103.797
104.743
105.349
106.004
106.701
107.305
107.811
108.204
108.605
109.632
110.557
111.395
112.206
133.538
134.762
135.909
136.942
137.865
138.674
139.383
140.035
140.641
140.965
140.86
140.12
139.519
138.574
137.25
135.475
133.235
130.592
127.686
124.679
121.699
118.834
116.145
113.674
111.449
109.427
107.862
106.766
106.209
106.148
106.344
106.253
103.75
98.2495
92.5641
87.9189
94.3695
99.8843
100.039
97.8809
97.6609
103.143
107.409
110.132
112.108
113.765
115.321
116.86
118.155
119.355
120.592
121.831
122.952
123.981
124.936
125.974
127.699
129.311
130.789
132.225
153.526
155.244
156.848
158.297
159.583
160.694
161.633
162.415
163.083
163.385
163.002
161.58
160.337
158.628
156.388
153.601
150.316
146.665
142.838
139.03
135.37
131.926
128.739
125.837
123.252
120.962
119.246
118.106
117.621
117.656
117.777
117.107
114.303
108.726
102.11
97.0148
105.156
109.251
110.583
108.332
108.659
114.461
119.026
122.079
124.45
126.563
128.676
130.557
132.286
133.962
135.652
137.319
138.85
140.26
141.621
143.223
145.512
147.685
149.723
151.696
160.625
162.597
164.422
166.063
167.507
168.742
169.763
170.564
171.172
171.366
170.73
168.607
166.845
164.578
161.709
158.261
154.329
150.08
145.734
141.5
137.509
133.82
130.457
127.431
124.777
122.477
120.807
119.764
119.449
119.709
120.053
119.434
116.923
111.005
103.404
98.4222
108.782
111.794
113.426
110.702
112.49
118.12
122.432
125.542
128.223
130.519
132.747
134.785
136.706
138.573
140.411
142.206
143.851
145.301
146.681
148.809
151.385
153.884
156.255
158.521
149.852
151.743
153.475
155.021
156.368
157.507
158.441
159.153
159.646
159.716
158.945
156.221
154.183
151.702
148.631
145.011
140.973
136.718
132.479
128.45
124.74
121.384
118.385
115.746
113.511
111.661
110.483
109.959
110.172
110.902
111.542
110.892
108.064
101.56
93.2171
90.2475
102.66
104.322
104.885
102.667
104.868
110.098
114.038
116.907
119.376
121.545
123.607
125.496
127.286
129.005
130.647
132.215
133.626
134.781
136.023
138.277
140.785
143.26
145.613
147.82
126.14
127.707
129.116
130.348
131.402
132.276
132.981
133.497
133.815
133.752
133.021
129.866
127.827
125.538
122.787
119.616
116.161
112.616
109.182
106.012
103.174
100.679
98.5113
96.6647
95.1932
94.0677
93.5959
93.7759
94.6252
95.8869
96.8672
96.2665
92.9412
85.752
77.2941
79.1319
91.9358
91.7003
90.6164
88.3493
90.1528
94.5805
97.6517
99.9267
101.874
103.595
105.2
106.648
108.006
109.275
110.424
111.45
112.257
112.645
114.014
116.068
118.262
120.447
122.522
124.421
99.2137
100.413
101.45
102.323
103.05
103.642
104.122
104.462
104.651
104.396
103.994
100.667
98.9245
97.2155
95.2729
93.1054
90.8116
88.529
86.3905
84.4956
82.8656
81.4769
80.3069
79.3516
78.645
78.1139
78.3757
79.1188
80.396
82.0472
83.2727
82.611
78.8986
70.7034
62.2171
74.3456
83.2622
82.6073
80.1269
73.9679
75.0534
78.2777
80.2495
81.6747
82.8778
83.955
84.9204
85.7414
86.4662
87.0733
87.5226
87.7804
87.7822
88.0664
89.1197
90.8728
92.7169
94.5626
96.2929
97.8483
)
;
    }
    front
    {
        type            cyclic;
    }
    back
    {
        type            cyclic;
    }
}


// ************************************************************************* //
