/*--------------------------------*- C++ -*----------------------------------*\
  =========                 |
  \\      /  F ield         | OpenFOAM: The Open Source CFD Toolbox
   \\    /   O peration     | Website:  https://openfoam.org
    \\  /    A nd           | Version:  13
     \\/     M anipulation  |
\*---------------------------------------------------------------------------*/
FoamFile
{
    format      ascii;
    class       volScalarField;
    location    "0.5";
    object      classifier_w_couette_sigma;
}
// * * * * * * * * * * * * * * * * * * * * * * * * * * * * * * * * * * * * * //

dimensions      [];

internalField   uniform 0;

boundaryField
{
    inlet
    {
        type            cyclic;
    }
    outlet
    {
        type            cyclic;
    }
    top
    {
        type            calculated;
        value           nonuniform List<scalar> 
7200
(
0.146306
0.154203
0.156674
0.158011
0.158776
0.159551
0.159554
0.159458
0.159398
0.159461
0.159028
0.158677
0.157827
0.157338
0.156948
0.156404
0.155705
0.154904
0.154476
0.154046
0.153037
0.151613
0.149613
0.148295
0.147256
0.145802
0.145679
0.145901
0.145138
0.145512
0.149614
0.145173
0.144987
0.155914
0.154386
0.152022
0.145443
0.162145
0.165624
0.17061
0.171202
0.171104
0.170733
0.170216
0.169439
0.168443
0.167434
0.1666
0.166067
0.165665
0.16516
0.164772
0.163693
0.162031
0.156136
0.1457
0.14754
0.149365
0.150836
0.146993
0.150474
0.154255
0.156231
0.157416
0.158066
0.15857
0.158314
0.157929
0.157886
0.15784
0.15741
0.157032
0.156337
0.156012
0.155811
0.155437
0.154864
0.154076
0.153646
0.153191
0.152302
0.150815
0.148817
0.147503
0.146068
0.145175
0.144483
0.144182
0.144513
0.147626
0.163681
0.147918
0.145008
0.152984
0.153808
0.148077
0.167122
0.169263
0.171156
0.173019
0.173183
0.172821
0.172189
0.171536
0.170813
0.170009
0.169184
0.168416
0.167766
0.167039
0.166298
0.165084
0.162435
0.158807
0.144655
0.146833
0.148458
0.149955
0.151753
0.147481
0.153339
0.155155
0.1566
0.157633
0.158294
0.158483
0.157984
0.157666
0.157604
0.157691
0.157522
0.157311
0.156846
0.156622
0.156573
0.156415
0.156001
0.155196
0.154606
0.153976
0.153014
0.151429
0.148924
0.146563
0.160974
0.164624
0.164629
0.148282
0.146371
0.146724
0.15664
0.16816
0.156148
0.156519
0.152101
0.164244
0.17011
0.171415
0.174505
0.175388
0.174731
0.173986
0.173149
0.172437
0.171783
0.171061
0.170246
0.169344
0.16822
0.166579
0.163842
0.158834
0.143395
0.144952
0.146647
0.14795
0.149108
0.150243
0.152164
0.1525
0.153467
0.154857
0.155643
0.15583
0.157694
0.162551
0.164372
0.152893
0.151739
0.147681
0.162516
0.170953
0.167157
0.163321
0.165681
0.166483
0.165618
0.156936
0.156404
0.156034
0.165884
0.168346
0.168515
0.15228
0.154432
0.166443
0.168189
0.168047
0.158955
0.162024
0.166845
0.157462
0.161597
0.15793
0.164499
0.169246
0.173088
0.175165
0.176183
0.175159
0.173921
0.172809
0.171777
0.171108
0.170602
0.169958
0.169026
0.167731
0.165801
0.162774
0.147272
0.144928
0.145557
0.146051
0.147646
0.148473
0.149494
0.150154
0.152064
0.152354
0.155929
0.161422
0.153093
0.151126
0.148753
0.147373
0.14727
0.146757
0.147137
0.146844
0.145889
0.144325
0.14566
0.163002
0.167781
0.173967
0.174977
0.174944
0.171691
0.164581
0.158607
0.140198
0.139108
0.139634
0.143645
0.148145
0.150619
0.151413
0.150657
0.15037
0.151859
0.161797
0.158352
0.165751
0.170948
0.174406
0.175718
0.175792
0.173243
0.169863
0.168757
0.168167
0.167665
0.167511
0.167639
0.167431
0.166565
0.1651
0.162711
0.157843
0.144535
0.145635
0.145797
0.14553
0.145114
0.140263
0.155768
0.163029
0.158877
0.150473
0.152505
0.150166
0.15312
0.152956
0.15182
0.150067
0.149213
0.148476
0.147286
0.143831
0.140452
0.138482
0.137138
0.136303
0.135799
0.15992
0.167303
0.16659
0.162197
0.160499
0.161779
0.163063
0.162884
0.160748
0.159207
0.149379
0.150002
0.155588
0.163051
0.159829
0.144688
0.16796
0.171187
0.172397
0.174686
0.175457
0.17449
0.17127
0.164385
0.155681
0.157294
0.16096
0.163787
0.165918
0.167357
0.167749
0.167278
0.166258
0.164081
0.159819
0.142796
0.157484
0.153757
0.153996
0.153784
0.153519
0.153388
0.15309
0.151965
0.149446
0.156344
0.156466
0.155049
0.154726
0.153955
0.15115
0.149079
0.149638
0.14964
0.14516
0.155601
0.14023
0.1652
0.174034
0.175592
0.176421
0.177119
0.177623
0.177752
0.17804
0.178464
0.178345
0.178788
0.178466
0.178417
0.179489
0.152376
0.151403
0.151056
0.150809
0.151616
0.158873
0.172423
0.174053
0.17506
0.174079
0.169598
0.161706
0.145427
0.144477
0.143501
0.161038
0.167816
0.163776
0.162241
0.161289
0.160558
0.159433
0.157798
0.15644
0.154732
0.153203
0.152457
0.152578
0.152821
0.153017
0.153458
0.157986
0.155237
0.151283
0.158597
0.159152
0.160679
0.164207
0.154336
0.153846
0.154897
0.154594
0.15702
0.149876
0.155584
0.157007
0.157767
0.158226
0.158633
0.159152
0.159543
0.159911
0.160136
0.159986
0.159794
0.159729
0.158814
0.158278
0.156754
0.154402
0.153485
0.153841
0.152613
0.151493
0.151286
0.167476
0.172494
0.174203
0.174114
0.170808
0.160471
0.14551
0.144318
0.143101
0.166242
0.163322
0.160457
0.158714
0.157774
0.157195
0.156409
0.155308
0.154434
0.154268
0.153843
0.152962
0.152127
0.152651
0.156091
0.158323
0.159534
0.160005
0.158528
0.14952
0.15813
0.156956
0.155344
0.154934
0.15316
0.153002
0.157965
0.153628
0.155404
0.154345
0.154102
0.154745
0.155597
0.156281
0.156777
0.157347
0.157816
0.158426
0.158499
0.158078
0.157868
0.157499
0.156697
0.155951
0.154576
0.152817
0.152417
0.153691
0.15325
0.152536
0.152729
0.169782
0.17334
0.173526
0.171864
0.16522
0.145511
0.144024
0.158243
0.168194
0.161451
0.158783
0.157309
0.156271
0.155641
0.15527
0.154639
0.153771
0.153112
0.153342
0.154028
0.15595
0.158442
0.158681
0.15825
0.158893
0.159615
0.159863
0.160729
0.149982
0.160126
0.159293
0.157794
0.155
0.155527
0.159047
0.154081
0.154792
0.154116
0.153256
0.153019
0.153486
0.154155
0.154704
0.155123
0.15565
0.156126
0.156806
0.156965
0.156531
0.156275
0.15589
0.155262
0.154661
0.153439
0.151761
0.151082
0.151887
0.152541
0.152733
0.153135
0.171647
0.172256
0.17121
0.16747
0.157503
0.143975
0.157719
0.167452
0.170257
0.159106
0.157546
0.156674
0.156176
0.155935
0.155793
0.155415
0.154827
0.154203
0.15395
0.154019
0.155582
0.159568
0.160289
0.160196
0.16
0.159898
0.159932
0.161077
0.151659
0.162664
0.162109
0.160505
0.158197
0.159139
0.139526
0.153341
0.153438
0.152998
0.152402
0.152182
0.152452
0.152911
0.15337
0.153789
0.154295
0.15478
0.155501
0.155771
0.155426
0.155172
0.154746
0.154124
0.15354
0.152381
0.150809
0.15019
0.150807
0.151706
0.152557
0.152547
0.169077
0.170491
0.167639
0.161365
0.142979
0.143266
0.163256
0.168539
0.170003
0.169421
0.158007
0.157436
0.157106
0.156961
0.156924
0.156762
0.156443
0.156049
0.155641
0.15461
0.153863
0.156178
0.15795
0.159236
0.15952
0.158837
0.158714
0.162707
0.150566
0.145887
0.164186
0.163809
0.162528
0.160732
0.150592
0.151853
0.151919
0.1518
0.151519
0.151339
0.151469
0.151746
0.15207
0.1524
0.152808
0.153233
0.153896
0.154193
0.153951
0.153756
0.153361
0.15283
0.152311
0.151292
0.149908
0.149281
0.149628
0.149704
0.149708
0.14996
0.165032
0.167093
0.162782
0.15718
0.145875
0.149819
0.165544
0.167797
0.170191
0.171325
0.165133
0.158257
0.15815
0.158162
0.158276
0.158273
0.157885
0.15759
0.157328
0.156523
0.154836
0.154566
0.154389
0.15412
0.155072
0.153967
0.154768
0.164462
0.1493
0.149702
0.14569
0.159818
0.158977
0.147637
0.149666
0.150223
0.150527
0.150716
0.150722
0.150603
0.150675
0.150805
0.15097
0.151151
0.151397
0.151677
0.152162
0.152397
0.152248
0.152141
0.151856
0.151475
0.151077
0.150247
0.149112
0.148412
0.148648
0.148593
0.148221
0.148043
0.145974
0.161636
0.157432
0.142863
0.145683
0.159046
0.166021
0.168183
0.170712
0.172194
0.172197
0.171739
0.171321
0.1714
0.17168
0.171679
0.161161
0.159386
0.159198
0.158787
0.156871
0.156024
0.155591
0.155061
0.154842
0.154588
0.155179
0.165879
0.152038
0.149453
0.146713
0.146153
0.145523
0.147595
0.148447
0.149238
0.149619
0.149998
0.150178
0.150137
0.150213
0.150253
0.15029
0.15033
0.15041
0.150515
0.150754
0.15086
0.150748
0.150696
0.150537
0.15031
0.150041
0.149421
0.14854
0.147857
0.147662
0.147554
0.147303
0.147069
0.145244
0.158054
0.158768
0.157173
0.153293
0.161152
0.166266
0.168315
0.170429
0.172112
0.17264
0.172813
0.172792
0.172661
0.172463
0.172416
0.172995
0.17409
0.161419
0.161187
0.159641
0.158559
0.158636
0.157194
0.169334
0.170399
0.170925
0.168614
0.165191
0.148456
0.145927
0.146599
0.14675
0.14726
0.147974
0.148654
0.149281
0.149692
0.149937
0.149973
0.150077
0.150054
0.150027
0.149993
0.149978
0.149973
0.150034
0.150027
0.149908
0.14984
0.149753
0.149628
0.149484
0.149098
0.148454
0.147754
0.147166
0.146715
0.14622
0.145461
0.157499
0.160343
0.159353
0.157524
0.158513
0.163213
0.168653
0.167094
0.170217
0.173986
0.175456
0.176648
0.177708
0.177986
0.17222
0.168086
0.165841
0.16526
0.165035
0.164807
0.163477
0.16232
0.16243
0.162671
0.167833
0.169995
0.168027
0.166713
0.162524
0.149539
0.145622
0.147472
0.147526
0.147731
0.14842
0.14868
0.149241
0.149675
0.149955
0.150065
0.150163
0.150061
0.149986
0.149918
0.149871
0.149849
0.149869
0.149846
0.149738
0.149656
0.149597
0.149515
0.149444
0.149217
0.148746
0.147982
0.14707
0.146336
0.145588
0.144237
0.158055
0.159279
0.157622
0.156985
0.158171
0.161106
0.162918
0.162903
0.166362
0.169456
0.169921
0.170296
0.170346
0.170225
0.170018
0.170077
0.171012
0.172765
0.178746
0.176946
0.169519
0.167576
0.172079
0.16881
0.165187
0.165226
0.161817
0.160703
0.143713
0.164737
0.148117
0.148849
0.147803
0.147971
0.148437
0.149012
0.149482
0.14994
0.15029
0.150443
0.150452
0.150259
0.150109
0.149985
0.149895
0.149861
0.149887
0.149895
0.149833
0.149773
0.149744
0.149677
0.149629
0.149446
0.149018
0.148265
0.14721
0.146322
0.145606
0.14468
0.15277
0.156183
0.156251
0.156351
0.157391
0.15971
0.162007
0.160247
0.163766
0.165755
0.166019
0.166226
0.16615
0.165939
0.165809
0.165959
0.166875
0.168541
0.175357
0.177099
0.178829
0.179294
0.169867
0.178509
0.161873
0.161019
0.155781
0.156995
0.145728
0.163077
0.149326
0.14975
0.148836
0.148841
0.149163
0.149594
0.150059
0.150547
0.150949
0.151086
0.150995
0.150734
0.150498
0.150295
0.15013
0.150033
0.150007
0.150007
0.149972
0.149933
0.149923
0.149862
0.149823
0.149667
0.149291
0.14862
0.147635
0.146704
0.145954
0.146461
0.153843
0.155603
0.155544
0.155451
0.155912
0.15838
0.159268
0.157691
0.159921
0.161106
0.161298
0.161466
0.161405
0.161253
0.161263
0.161489
0.162286
0.163599
0.169561
0.170135
0.172524
0.172989
0.162789
0.171954
0.158869
0.157894
0.145433
0.145855
0.145214
0.162004
0.161126
0.149877
0.149823
0.14991
0.150178
0.150515
0.150927
0.151375
0.151739
0.151838
0.151724
0.15146
0.151188
0.150933
0.150692
0.150504
0.150378
0.150312
0.15026
0.150209
0.150195
0.150137
0.150118
0.150029
0.149788
0.149301
0.148514
0.147467
0.155437
0.15001
0.151556
0.155116
0.154885
0.154787
0.154917
0.156163
0.156648
0.15598
0.157002
0.157572
0.15771
0.157799
0.157806
0.157799
0.15791
0.15814
0.158676
0.159446
0.161677
0.162617
0.164834
0.16503
0.158334
0.160465
0.157134
0.156512
0.148044
0.148928
0.148271
0.160888
0.151048
0.150484
0.150655
0.150872
0.151158
0.151435
0.15175
0.152074
0.152331
0.152419
0.152358
0.15218
0.151966
0.151741
0.15149
0.151248
0.151039
0.150896
0.150801
0.150715
0.150689
0.150638
0.150658
0.150675
0.150624
0.150387
0.149921
0.152651
0.155151
0.153254
0.153187
0.154655
0.15462
0.154702
0.154705
0.155081
0.155373
0.155336
0.155721
0.156014
0.156091
0.156155
0.156198
0.15625
0.156364
0.156534
0.156823
0.157099
0.156523
0.157919
0.159304
0.159448
0.156097
0.156417
0.156113
0.155879
0.15202
0.147922
0.147596
0.158939
0.150803
0.151268
0.15141
0.151614
0.15185
0.152081
0.152283
0.152454
0.152605
0.152703
0.152727
0.152711
0.152672
0.152599
0.152485
0.152331
0.152147
0.151993
0.151889
0.151781
0.151757
0.151721
0.151786
0.15193
0.152061
0.15213
0.15228
0.153696
0.153072
0.154079
0.154198
0.153967
0.154831
0.155079
0.155092
0.155155
0.15543
0.155715
0.155716
0.155743
0.15573
0.155771
0.155823
0.155896
0.156017
0.156167
0.156413
0.152519
0.154356
0.155577
0.156688
0.157006
0.154938
0.154719
0.155351
0.155402
0.154825
0.154723
0.155471
0.156905
0.158559
0.152066
0.151839
0.151925
0.15209
0.152317
0.152542
0.152658
0.152763
0.152853
0.152914
0.152964
0.15302
0.153074
0.153102
0.15307
0.152986
0.152908
0.152857
0.152777
0.152765
0.152758
0.152862
0.153061
0.153297
0.153651
0.153347
0.15364
0.153737
0.15458
0.154631
0.153934
0.1552
0.155648
0.155914
0.156053
0.156541
0.157034
0.15668
0.156367
0.156234
0.156241
0.156295
0.156395
0.156664
0.157219
0.150365
0.151287
0.153079
0.154368
0.155585
0.156303
0.154013
0.152846
0.154808
0.154876
0.155195
0.15546
0.155173
0.156734
0.150405
0.15198
0.151857
0.151983
0.15215
0.152338
0.152522
0.152687
0.152842
0.152932
0.152973
0.153006
0.153078
0.153202
0.153361
0.153503
0.153608
0.153709
0.153802
0.153859
0.153923
0.154002
0.154119
0.154276
0.154532
0.155227
0.153243
0.154072
0.153117
0.154926
0.155073
0.153967
0.155522
0.15642
0.157246
0.157929
0.15904
0.159761
0.15956
0.15876
0.158498
0.158716
0.159203
0.148013
0.147757
0.148417
0.148953
0.149667
0.151918
0.15375
0.155194
0.15641
0.156037
0.156166
0.154299
0.154433
0.154699
0.154882
0.154661
0.154794
0.149566
0.150709
0.151328
0.151754
0.152074
0.152371
0.152616
0.152778
0.152912
0.153027
0.153134
0.153197
0.153251
0.153351
0.153522
0.153734
0.153941
0.154178
0.154422
0.154635
0.154832
0.155025
0.155168
0.155297
0.155571
0.156452
0.158585
0.152986
0.152829
0.155322
0.15559
0.153692
0.155254
0.157294
0.158931
0.159873
0.160396
0.161662
0.161714
0.16125
0.161234
0.145515
0.144432
0.144135
0.144496
0.145183
0.146741
0.148406
0.150845
0.153537
0.155583
0.156838
0.156732
0.156601
0.152618
0.153281
0.153816
0.154044
0.154217
0.155382
0.153997
0.150925
0.151046
0.151828
0.152281
0.152441
0.152583
0.15275
0.152938
0.153083
0.15318
0.153294
0.153476
0.153685
0.153904
0.154149
0.154381
0.15466
0.154987
0.155301
0.155618
0.155911
0.156095
0.156237
0.156508
0.157219
0.158392
0.158772
0.161229
0.154698
0.155908
0.160039
0.165465
0.167253
0.16975
0.167675
0.163197
0.161153
0.160034
0.14492
0.144598
0.144351
0.144482
0.144467
0.144541
0.143934
0.145119
0.147059
0.150756
0.153763
0.155769
0.157011
0.156956
0.156917
0.156625
0.156489
0.154967
0.1547
0.155171
0.157014
0.156225
0.155706
0.150444
0.153669
0.153439
0.153411
0.153085
0.152745
0.152749
0.152884
0.153032
0.153201
0.153502
0.153935
0.154382
0.154814
0.155151
0.155469
0.155832
0.15617
0.156523
0.156811
0.156973
0.157101
0.157297
0.157738
0.158176
0.157491
0.157722
0.168865
0.157764
0.162244
0.161952
0.162408
0.162758
0.161744
0.157932
0.159505
0.146831
0.146485
0.146106
0.146051
0.146331
0.14635
0.146733
0.147146
0.148225
0.148589
0.152408
0.155559
0.155731
0.157052
0.15688
0.156915
0.15703
0.157479
0.157657
0.157529
0.154985
0.159012
0.157048
0.158511
0.157031
0.155611
0.155369
0.155413
0.154173
0.153776
0.153038
0.152774
0.152744
0.152854
0.153172
0.153915
0.1546
0.155135
0.155625
0.156038
0.156411
0.156704
0.156985
0.157142
0.157213
0.15734
0.157606
0.158198
0.159261
0.157776
0.157617
0.160133
0.161196
0.160146
0.160466
0.160444
0.160123
0.15876
0.147714
0.147452
0.147238
0.148604
0.150296
0.154944
0.159448
0.163932
0.169217
0.171941
0.17396
0.173333
0.171633
0.170379
0.166593
0.161998
0.15865
0.156918
0.156606
0.157196
0.158129
0.158849
0.155008
0.160321
0.160976
0.161022
0.160939
0.160119
0.159047
0.15533
0.15538
0.154777
0.153713
0.152918
0.152556
0.152436
0.152616
0.153301
0.154391
0.15488
0.155153
0.155467
0.155704
0.1559
0.156108
0.156262
0.156641
0.157316
0.157748
0.157813
0.159103
0.158246
0.158346
0.157561
0.159306
0.158184
0.157568
0.158701
0.14691
0.14698
0.149143
0.156006
0.164249
0.174253
0.174938
0.163744
0.160744
0.160499
0.160346
0.160044
0.159677
0.159394
0.159802
0.16094
0.16176
0.14799
0.163633
0.16508
0.163162
0.159559
0.154937
0.155949
0.159667
0.152617
0.151517
0.160402
0.161033
0.161219
0.160863
0.160691
0.155044
0.154696
0.153922
0.152142
0.151263
0.15095
0.151021
0.151636
0.152859
0.15382
0.153751
0.153861
0.153992
0.154204
0.15464
0.155691
0.157084
0.157116
0.157024
0.156987
0.157979
0.160189
0.156881
0.158167
0.160864
0.159583
0.146119
0.151437
0.161184
0.174071
0.169409
0.162192
0.162762
0.162229
0.161437
0.160169
0.159054
0.158412
0.158003
0.157547
0.156823
0.155968
0.155038
0.154079
0.157945
0.154322
0.171714
0.172934
0.17146
0.170015
0.168761
0.167263
0.155906
0.168426
0.166136
0.157315
0.150881
0.151849
0.155211
0.1579
0.152679
0.155122
0.155407
0.154016
0.152497
0.151305
0.150941
0.151178
0.151917
0.153348
0.152922
0.152736
0.152687
0.152917
0.153678
0.155355
0.155256
0.161101
0.161023
0.159592
0.145741
0.144304
0.146952
0.146135
0.161627
0.176713
0.166708
0.164051
0.163487
0.161937
0.160414
0.159558
0.159522
0.159474
0.16172
0.162986
0.163573
0.163228
0.162283
0.160827
0.15943
0.15806
0.155569
0.150119
0.147584
0.155202
0.158703
0.173231
0.176128
0.17495
0.173347
0.171604
0.168466
0.173026
0.170706
0.1687
0.166719
0.16315
0.1593
0.157883
0.159089
0.161026
0.161873
0.162388
0.162695
0.162856
0.162808
0.16264
0.162446
0.162171
0.162265
0.16241
0.162347
0.161479
0.158296
0.140182
0.145026
0.149984
0.157242
0.168811
0.17457
0.177008
0.167014
0.167064
0.163999
0.16225
0.160365
0.159443
0.159334
0.163596
0.165931
0.165914
0.165008
0.163602
0.161859
0.160221
0.158472
0.156896
0.155338
0.15395
0.152902
0.152048
0.150343
0.14785
0.144429
0.144481
0.14908
0.167464
0.166189
0.176071
0.17666
0.175643
0.173383
0.17588
0.174251
0.172831
0.170674
0.168408
0.167084
0.166374
0.166019
0.165758
0.165592
0.165617
0.165901
0.166086
0.166168
0.16605
0.165779
0.165117
0.163308
0.156884
0.147371
0.163024
0.170595
0.177053
0.171096
0.166333
0.165585
0.164225
0.161357
0.163383
0.160346
0.160246
0.158105
0.157816
0.161748
0.162813
0.162566
0.161433
0.159671
0.15794
0.15637
0.154779
0.152559
0.150025
0.14743
0.145571
0.144852
0.144919
0.145318
0.146134
0.146244
0.145643
0.145896
0.146364
0.147425
0.151562
0.160634
0.167999
0.161959
0.174821
0.175478
0.169668
0.174622
0.174205
0.173145
0.171858
0.171138
0.170518
0.1701
0.16995
0.169949
0.170034
0.170155
0.170215
0.170253
0.170137
0.169601
0.168093
0.163994
0.154935
0.155778
0.170742
0.168309
0.165407
0.163486
0.160773
0.15842
0.156177
0.153892
0.156515
0.154446
0.152574
0.152152
0.15548
0.154295
0.153429
0.152283
0.150999
0.148799
0.14607
0.143268
0.141969
0.14403
0.146377
0.151909
0.173706
0.172637
0.172296
0.172176
0.172367
0.172491
0.172454
0.172119
0.171918
0.171447
0.170751
0.170362
0.17006
0.17047
0.168323
0.163956
0.167081
0.164983
0.163107
0.175561
0.170984
0.171215
0.17134
0.171251
0.170962
0.170557
0.17016
0.169947
0.170037
0.170466
0.170697
0.170074
0.167879
0.164782
0.16227
0.160683
0.159795
0.157606
0.153558
0.173848
0.167168
0.15868
0.154877
0.146899
0.147767
0.144862
0.151177
0.145063
0.14419
0.142979
0.141542
0.139784
0.138268
0.14293
0.149403
0.173096
0.17249
0.171466
0.170518
0.169973
0.169891
0.169966
0.170219
0.170407
0.170569
0.170732
0.170646
0.17036
0.170082
0.169584
0.168823
0.168242
0.16778
0.167494
0.167743
0.16688
0.16448
0.164387
0.164041
0.16287
0.16212
0.162056
0.161766
0.161399
0.169049
0.159214
0.134254
0.154314
0.158563
0.162056
0.164984
0.166664
0.16658
0.166444
0.166606
0.166888
0.167606
0.168622
0.168476
0.166982
0.164727
0.163171
0.163827
0.161441
0.166006
0.163701
0.161708
0.166981
0.146511
0.146698
0.15009
0.174291
0.172551
0.163148
0.157158
0.154855
0.153613
0.15673
0.167372
0.168819
0.168808
0.168231
0.168187
0.168452
0.168557
0.168614
0.168466
0.168208
0.167818
0.167199
0.166294
0.165622
0.165117
0.164951
0.164834
0.163831
0.16178
0.161798
0.16148
0.161129
0.160942
0.161174
0.161224
0.161462
0.161898
0.162435
0.163221
0.163893
0.164026
0.161747
0.143509
0.145456
0.147023
0.149932
0.175918
0.176301
0.177088
0.177493
0.177827
0.178451
0.178936
0.179259
0.179415
0.162116
0.154169
0.15517
0.155314
0.156411
0.171157
0.171641
0.168597
0.15789
0.156574
0.155094
0.15362
0.151795
0.149775
0.163838
0.166872
0.167086
0.166616
0.16558
0.164692
0.165568
0.165915
0.165989
0.165837
0.165599
0.165196
0.164569
0.163711
0.163094
0.162619
0.16233
0.162063
0.161313
0.160097
0.160148
0.159915
0.159659
0.159574
0.159815
0.159944
0.160145
0.160503
0.16109
0.161895
0.162631
0.163221
0.163891
0.164232
0.164021
0.163154
0.146224
0.14726
0.148595
0.149777
0.150841
0.151957
0.152664
0.153108
0.153491
0.154277
0.154833
0.152862
0.155072
0.153279
0.154403
0.156733
0.167881
0.157342
0.154148
0.1528
0.152747
0.143363
0.151295
0.146932
0.144915
0.156731
0.162547
0.163632
0.16296
0.160618
0.161222
0.163003
0.16327
0.163224
0.163125
0.162839
0.16233
0.161651
0.161167
0.160793
0.160533
0.160294
0.15979
0.159173
0.159189
0.159013
0.15886
0.158866
0.159081
0.159211
0.159355
0.159576
0.160019
0.160645
0.161174
0.161693
0.162179
0.162275
0.16161
0.158936
0.142889
0.14501
0.146594
0.147859
0.149079
0.150188
0.15083
0.151112
0.151227
0.15194
0.152504
0.15063
0.152098
0.151366
0.152313
0.151956
0.166344
0.164822
0.153062
0.14919
0.148332
0.147206
0.145694
0.144574
0.144234
0.143574
0.142674
0.141407
0.158236
0.158897
0.156927
0.158947
0.160562
0.160959
0.161098
0.160985
0.160666
0.160215
0.159875
0.159608
0.159441
0.159271
0.158939
0.158677
0.158644
0.158511
0.158431
0.158459
0.158623
0.158704
0.158796
0.158995
0.159372
0.159849
0.160315
0.160799
0.161231
0.161442
0.161201
0.159951
0.15053
0.143234
0.144576
0.145605
0.147123
0.148523
0.149049
0.148958
0.148892
0.149778
0.150456
0.148485
0.164573
0.166199
0.14992
0.148549
0.152954
0.147581
0.147079
0.146559
0.146546
0.146297
0.145502
0.144849
0.144554
0.144158
0.143764
0.143416
0.142662
0.140238
0.1568
0.156263
0.157301
0.158573
0.159143
0.159309
0.159394
0.159265
0.159069
0.158899
0.158811
0.158701
0.158479
0.158405
0.158345
0.158212
0.158156
0.158161
0.158246
0.158267
0.158334
0.158551
0.158917
0.159348
0.159762
0.160161
0.160483
0.1606
0.160437
0.159684
0.158065
0.141189
0.142853
0.143998
0.145057
0.146558
0.146927
0.146505
0.146771
0.148038
0.148832
0.146968
0.157248
0.164548
0.161436
0.146014
0.145493
0.145625
0.145723
0.145847
0.146058
0.1459
0.145379
0.144926
0.14477
0.144625
0.144523
0.144369
0.14387
0.142939
0.14158
0.155757
0.156235
0.156105
0.157233
0.157992
0.15842
0.158471
0.158492
0.158464
0.158439
0.158374
0.158236
0.158191
0.158119
0.15796
0.157903
0.157856
0.15785
0.157812
0.157858
0.158104
0.158492
0.158923
0.159327
0.159679
0.159931
0.159994
0.159875
0.159536
0.158833
0.157013
0.141471
0.142131
0.142632
0.143623
0.144315
0.144483
0.14541
0.146764
0.147635
0.14609
0.144012
0.161636
0.161454
0.143688
0.144006
0.144902
0.145331
0.145442
0.145672
0.145759
0.145556
0.145387
0.145389
0.145406
0.145487
0.145512
0.145237
0.144619
0.143935
0.142336
0.139418
0.138227
0.15533
0.157168
0.157742
0.157901
0.158075
0.158119
0.158161
0.158145
0.158061
0.157946
0.157861
0.157683
0.157603
0.157496
0.157416
0.157339
0.157378
0.157645
0.158058
0.158507
0.158924
0.15927
0.159507
0.159571
0.159494
0.15935
0.15915
0.158551
0.157044
0.14703
0.140206
0.142184
0.142424
0.142975
0.144019
0.145709
0.146628
0.145307
0.143295
0.161527
0.163281
0.142054
0.143112
0.144495
0.144881
0.145194
0.14562
0.145878
0.145914
0.145958
0.14612
0.146266
0.146469
0.146612
0.14649
0.146108
0.145843
0.145227
0.144086
0.143006
0.14057
0.155533
0.157287
0.157655
0.157658
0.157773
0.1579
0.157925
0.157863
0.157628
0.157528
0.157354
0.157247
0.157098
0.156978
0.156884
0.156921
0.157197
0.157627
0.158093
0.158527
0.158889
0.159144
0.159247
0.159232
0.159183
0.159161
0.159063
0.15864
0.158013
0.157155
0.14522
0.141717
0.142358
0.142927
0.14462
0.145718
0.144532
0.141597
0.162663
0.163329
0.141859
0.142824
0.144233
0.145004
0.145539
0.145967
0.146331
0.146602
0.146837
0.147091
0.147326
0.147603
0.14785
0.147843
0.147725
0.147698
0.148261
0.147717
0.146129
0.144598
0.141329
0.155769
0.157038
0.157411
0.157496
0.157572
0.15765
0.157589
0.157241
0.157097
0.156975
0.156855
0.156694
0.15656
0.156438
0.156418
0.156698
0.157184
0.157684
0.158136
0.158517
0.158801
0.15896
0.159018
0.159044
0.159097
0.159147
0.159102
0.159
0.158705
0.157565
0.140434
0.141786
0.142089
0.143015
0.144913
0.144643
0.141688
0.162325
0.162616
0.139872
0.142743
0.144225
0.145144
0.145838
0.146239
0.14666
0.147134
0.147469
0.147727
0.14799
0.148273
0.148534
0.148577
0.148475
0.148383
0.148637
0.148917
0.148749
0.148086
0.145995
0.152463
0.155838
0.156973
0.157154
0.157202
0.157186
0.15724
0.156552
0.154281
0.156266
0.156431
0.156273
0.156064
0.155801
0.155805
0.156106
0.156644
0.15726
0.157754
0.158149
0.15846
0.158675
0.158807
0.158904
0.159015
0.159086
0.159087
0.159123
0.159134
0.158783
0.157172
0.141064
0.141188
0.141946
0.144252
0.145828
0.142935
0.160776
0.160937
0.139918
0.142669
0.144386
0.145273
0.145925
0.146504
0.14693
0.147407
0.14788
0.148219
0.148551
0.148908
0.149271
0.149427
0.149375
0.149074
0.148151
0.14813
0.14897
0.149204
0.148106
0.145499
0.153811
0.156051
0.156657
0.156735
0.156299
0.15668
0.156337
0.155758
0.15518
0.155746
0.155626
0.155449
0.155408
0.155535
0.155785
0.156203
0.15684
0.157398
0.157808
0.158138
0.158397
0.158583
0.158722
0.158841
0.158926
0.15901
0.159071
0.159154
0.15918
0.158789
0.157077
0.15381
0.141074
0.144214
0.144781
0.143687
0.159427
0.159773
0.140793
0.142768
0.144286
0.145237
0.145868
0.146489
0.14703
0.1476
0.148134
0.14862
0.149095
0.149588
0.150102
0.150402
0.150505
0.150433
0.150256
0.15
0.148784
0.148122
0.149112
0.148484
0.141514
0.154792
0.155986
0.15644
0.15546
0.156269
0.155858
0.155781
0.155284
0.154937
0.154972
0.155048
0.155192
0.155364
0.155474
0.15566
0.1561
0.156779
0.157268
0.157631
0.157915
0.158135
0.158342
0.158495
0.158624
0.158763
0.158838
0.15889
0.158915
0.158765
0.158265
0.157035
0.155524
0.144818
0.144365
0.143529
0.140379
0.158168
0.14167
0.142805
0.144026
0.144941
0.14573
0.146402
0.147106
0.147802
0.148526
0.149153
0.14979
0.15043
0.151079
0.151504
0.151752
0.151866
0.151917
0.151922
0.151715
0.151666
0.151697
0.151729
0.15136
0.15164
0.154047
0.15552
0.153915
0.154941
0.155215
0.155273
0.154967
0.155088
0.155077
0.155203
0.155362
0.155465
0.155446
0.155493
0.155856
0.156521
0.157004
0.157368
0.157666
0.157918
0.158137
0.158322
0.158475
0.158598
0.158664
0.158716
0.158724
0.158643
0.158536
0.158404
0.158761
0.158148
0.144952
0.145583
0.143492
0.156494
0.139458
0.142248
0.143278
0.144742
0.145601
0.146456
0.147353
0.148262
0.149183
0.149968
0.150753
0.151498
0.152194
0.152674
0.152976
0.153145
0.153266
0.153369
0.153338
0.153379
0.153426
0.153533
0.153676
0.153276
0.152193
0.153176
0.153492
0.15304
0.154508
0.1544
0.154548
0.154766
0.155038
0.155303
0.155486
0.155507
0.155332
0.155166
0.155352
0.155961
0.156475
0.156833
0.157145
0.157421
0.157657
0.157867
0.158038
0.158164
0.158248
0.158311
0.15832
0.158252
0.158193
0.158215
0.15847
0.158426
0.157261
0.144969
0.142933
0.156842
0.15595
0.154563
0.143224
0.144457
0.145737
0.146965
0.147972
0.149129
0.150244
0.151176
0.15204
0.152761
0.153359
0.153766
0.154011
0.154145
0.154235
0.154344
0.154341
0.15438
0.154437
0.1545
0.154634
0.154749
0.154925
0.15106
0.150887
0.152008
0.153471
0.153362
0.154199
0.154805
0.155309
0.155655
0.15582
0.155741
0.15542
0.155032
0.154986
0.15543
0.155969
0.156296
0.156609
0.156889
0.157128
0.15735
0.15753
0.157666
0.157767
0.157843
0.157858
0.157803
0.157775
0.157801
0.15787
0.157844
0.157643
0.154986
0.154665
0.156774
0.156595
0.15633
0.15528
0.139218
0.147377
0.147372
0.149242
0.150557
0.151777
0.152752
0.153534
0.15407
0.154442
0.154654
0.154752
0.154781
0.154784
0.154839
0.154804
0.154802
0.15484
0.154848
0.154947
0.155092
0.15569
0.156818
0.15508
0.149439
0.153139
0.153795
0.154501
0.155369
0.155964
0.156273
0.15633
0.156091
0.155649
0.155099
0.154814
0.155023
0.155568
0.155835
0.156108
0.156351
0.156565
0.156773
0.15695
0.157089
0.157206
0.157299
0.157328
0.157294
0.157286
0.157288
0.157249
0.157198
0.157185
0.156825
0.156068
0.156492
0.156435
0.156234
0.155934
0.154943
0.153576
0.15008
0.150597
0.152431
0.153637
0.154471
0.154988
0.155206
0.155287
0.155284
0.155235
0.155158
0.155084
0.155083
0.154991
0.154946
0.154957
0.154961
0.155127
0.155366
0.156138
0.157855
0.159081
0.158208
0.151708
0.154773
0.155166
0.156555
0.157153
0.157339
0.157141
0.156573
0.155958
0.155327
0.15486
0.154841
0.15532
0.155589
0.155745
0.155914
0.156052
0.156198
0.156335
0.156455
0.156573
0.156678
0.156727
0.156727
0.156742
0.156737
0.156679
0.156611
0.15661
0.15654
0.155978
0.15606
0.156044
0.155861
0.155707
0.155271
0.154477
0.153365
0.152306
0.154696
0.155551
0.156062
0.156221
0.156089
0.155953
0.155849
0.155764
0.155675
0.155617
0.155624
0.155503
0.155422
0.155392
0.155401
0.155628
0.155916
0.156717
0.158392
0.160164
0.160933
0.164805
0.156389
0.157437
0.158135
0.158664
0.158823
0.158438
0.157361
0.156364
0.155642
0.155062
0.154849
0.155148
0.155596
0.155651
0.155702
0.155747
0.155786
0.155831
0.155887
0.155969
0.156057
0.156113
0.156143
0.156189
0.156194
0.156152
0.156089
0.156052
0.156068
0.155635
0.155642
0.155652
0.155496
0.155402
0.155149
0.154701
0.15393
0.152793
0.156624
0.156769
0.157534
0.157327
0.156961
0.156782
0.156739
0.156734
0.156703
0.156722
0.156774
0.156627
0.156386
0.15613
0.155899
0.155924
0.155997
0.156688
0.158404
0.160167
0.160994
0.164498
0.158151
0.15936
0.159814
0.160225
0.160322
0.160025
0.158755
0.157117
0.15613
0.155432
0.155002
0.155058
0.155607
0.155749
0.155726
0.155693
0.155653
0.1556
0.155557
0.155563
0.155594
0.155628
0.155674
0.155728
0.155741
0.155721
0.155654
0.155597
0.155634
0.155342
0.155332
0.155362
0.155262
0.155219
0.155081
0.154848
0.154425
0.153459
0.153623
0.157973
0.157694
0.158184
0.158141
0.158018
0.158046
0.158099
0.158085
0.158094
0.15812
0.157886
0.157297
0.156524
0.155839
0.155685
0.155858
0.156808
0.158547
0.159994
0.160874
0.163784
0.157766
0.159803
0.16092
0.161086
0.161293
0.16123
0.160401
0.158358
0.15701
0.156229
0.155572
0.155255
0.155511
0.155841
0.155775
0.155714
0.155644
0.155558
0.155475
0.155426
0.155394
0.155407
0.155448
0.155492
0.155494
0.155463
0.155409
0.155352
0.155373
0.155231
0.155221
0.155262
0.155245
0.155249
0.155207
0.155133
0.154939
0.154393
0.152792
0.161731
0.158768
0.158777
0.159425
0.159369
0.159377
0.159383
0.159311
0.15923
0.15918
0.158923
0.15829
0.157207
0.156178
0.155934
0.156286
0.157489
0.159266
0.160528
0.161164
0.163682
0.16924
0.159498
0.16068
0.161057
0.161145
0.161218
0.160933
0.15921
0.157962
0.157408
0.156801
0.156223
0.155999
0.156145
0.155893
0.155707
0.155577
0.155475
0.155392
0.155342
0.155329
0.155359
0.155407
0.155457
0.155463
0.155418
0.155387
0.155386
0.155374
0.155343
0.155344
0.155386
0.15544
0.155471
0.155472
0.155461
0.155378
0.155062
0.154025
0.156487
0.160829
0.159514
0.160159
0.160229
0.160191
0.160122
0.159997
0.159871
0.159779
0.159615
0.159373
0.158402
0.156968
0.156416
0.156799
0.158128
0.159961
0.161152
0.161589
0.163405
0.168183
0.15958
0.160563
0.160842
0.160777
0.160567
0.159959
0.158245
0.157919
0.15814
0.157952
0.157549
0.157243
0.157125
0.156551
0.156054
0.155696
0.155457
0.155302
0.155214
0.155214
0.155275
0.155352
0.155434
0.155475
0.155452
0.155466
0.155564
0.155556
0.15557
0.155597
0.155635
0.155714
0.155749
0.155767
0.155784
0.155775
0.15562
0.15502
0.153187
0.164282
0.159789
0.160096
0.160291
0.160421
0.160368
0.16026
0.160158
0.160109
0.15978
0.159825
0.159408
0.157724
0.156724
0.157102
0.158618
0.160478
0.161558
0.161845
0.162953
0.165627
0.159852
0.160245
0.160446
0.160596
0.160414
0.15961
0.157852
0.157524
0.158122
0.158485
0.158424
0.158391
0.158202
0.157471
0.15681
0.156282
0.155847
0.155512
0.155315
0.155251
0.155302
0.155354
0.155429
0.155494
0.155462
0.155506
0.155727
0.155751
0.155801
0.155854
0.155879
0.155965
0.15601
0.156057
0.156125
0.156203
0.156196
0.155927
0.154921
0.16801
0.159026
0.15999
0.159415
0.15968
0.159689
0.159688
0.159663
0.159759
0.159567
0.159628
0.159511
0.157871
0.156233
0.156413
0.158125
0.160492
0.161651
0.16179
0.161662
0.1638
0.156849
0.160805
0.160582
0.160892
0.160671
0.159878
0.158398
0.157878
0.158233
0.158709
0.158939
0.159126
0.158687
0.158073
0.157424
0.156919
0.156378
0.156037
0.155778
0.155665
0.155694
0.155619
0.155572
0.155659
0.155539
0.155543
0.155915
0.15596
0.156048
0.156101
0.156113
0.156218
0.156295
0.156377
0.156492
0.15664
0.156737
0.156684
0.156209
0.155008
0.158661
0.159215
0.157969
0.158349
0.158562
0.158777
0.158774
0.159011
0.158817
0.158986
0.159131
0.157652
0.15543
0.155392
0.157035
0.158887
0.160501
0.161474
0.159894
0.160882
0.163501
0.160711
0.161228
0.161341
0.160612
0.160661
0.159121
0.157552
0.157186
0.164261
0.158325
0.158427
0.158354
0.158144
0.157524
0.157025
0.156671
0.15664
0.156575
0.156402
0.156397
0.155996
0.155923
0.155979
0.15579
0.15583
0.156314
0.156299
0.156359
0.156393
0.156415
0.15655
0.156678
0.156791
0.157147
0.157371
0.157663
0.15782
0.157988
0.142712
0.147626
0.15718
0.162056
0.162506
0.162828
0.165707
0.155656
0.156816
0.156495
0.157078
0.157635
0.156877
0.153773
0.153572
0.15553
0.157294
0.158738
0.159371
0.157069
0.157446
0.157263
0.157089
0.158707
0.160543
0.156825
0.156096
0.155492
0.155073
0.154745
0.153398
0.153241
0.153164
0.153085
0.158951
0.152988
0.144799
0.150469
0.151911
0.150759
0.145585
0.157452
0.156079
0.156318
0.156484
0.156804
0.156513
0.156893
0.156736
0.156969
0.15673
0.156674
0.156778
0.147549
0.147281
0.146623
0.145876
0.145242
0.144667
0.144132
0.158051
0.142656
0.157844
0.148555
0.159256
0.160253
0.157249
0.162501
0.15665
0.154682
0.156069
0.156703
0.164285
0.164826
0.149221
0.151737
0.153712
0.1558
0.156691
0.156582
0.157847
0.15772
0.156735
0.156994
0.156413
0.150378
0.161638
0.162342
0.162455
0.162494
0.162127
0.161465
0.160887
0.160597
0.160373
0.147865
0.146869
0.151128
0.150654
0.149324
0.1484
0.14774
0.146888
0.146967
0.147894
0.148255
0.147413
0.149172
0.150413
0.151168
0.150935
0.151494
0.151719
0.152124
0.151656
0.151225
0.15075
0.150294
0.149907
0.149072
0.14843
0.147763
0.146147
0.144438
0.14161
0.159841
0.16073
0.162257
0.163191
0.165097
0.156591
0.154744
0.151926
0.151214
0.151509
0.152697
0.153429
0.155212
0.155813
0.161444
0.162469
0.162788
0.161918
0.16105
0.160015
0.159075
0.159848
0.160532
0.160473
0.159302
0.148447
0.151385
0.152672
0.153266
0.153854
0.154972
0.155576
0.156283
0.157729
0.159635
0.161482
0.162555
0.163565
0.166467
0.16837
0.169797
0.169017
0.170022
0.16971
0.17347
0.170433
0.171907
0.171789
0.171921
0.171253
0.171734
0.172085
0.172049
0.171431
0.169659
0.166611
0.162437
0.155083
0.1473
0.153077
0.163246
0.164015
0.163525
0.163113
0.163085
0.163217
0.163268
0.163426
0.163957
0.164707
0.164587
0.163521
0.161356
0.160581
0.161028
0.158898
0.157319
0.156457
0.15642
0.156669
0.157868
0.159008
0.15924
0.155784
0.153208
0.164841
0.170384
0.173752
0.175325
0.175813
0.175885
0.174409
0.170189
0.166905
0.16577
0.16537
0.164889
0.164621
0.164159
0.16385
0.163593
0.163532
0.163497
0.163906
0.16329
0.164158
0.164274
0.164511
0.164698
0.164975
0.165139
0.165241
0.165279
0.165111
0.164457
0.163533
0.164767
0.16223
0.139154
0.163267
0.168078
0.168441
0.168181
0.167827
0.167482
0.167316
0.166371
0.165351
0.164311
0.163049
0.162191
0.162471
0.162719
0.162214
0.16617
0.165877
0.166152
0.16636
0.166488
0.166296
0.165981
0.165191
0.16426
0.162875
0.159239
0.151445
0.158512
0.170919
0.17296
0.172406
0.170373
0.168026
0.16563
0.16349
0.162089
0.161142
0.15981
0.158532
0.157126
0.15626
0.155752
0.155776
0.155494
0.155619
0.154873
0.156069
0.156366
0.157071
0.157761
0.158674
0.159579
0.160497
0.161217
0.161546
0.161642
0.1624
0.165179
0.156782
0.153687
0.163187
0.168788
0.170072
0.170027
0.169677
0.16952
0.169394
0.168669
0.167979
0.167421
0.166884
0.166368
0.166225
0.166227
0.166262
0.170703
0.171209
0.171696
0.17184
0.171762
0.171475
0.171062
0.170326
0.169449
0.168471
0.166587
0.1634
0.159037
0.153068
0.160759
0.170702
0.172841
0.172081
0.169898
0.166411
0.163665
0.161361
0.158797
0.15664
0.154639
0.15306
0.15234
0.152056
0.151516
0.151575
0.15104
0.152166
0.152472
0.153385
0.154416
0.155784
0.157411
0.159107
0.160341
0.161085
0.162156
0.165247
0.158272
0.153873
0.16228
0.167822
0.170129
0.170402
0.170349
0.170286
0.170162
0.169765
0.169364
0.169241
0.16938
0.169508
0.169598
0.169748
0.169812
0.170096
0.171934
0.172626
0.173139
0.173187
0.17295
0.172457
0.171878
0.171003
0.169874
0.168648
0.166922
0.164568
0.161255
0.15555
0.151177
0.165895
0.171571
0.171379
0.170695
0.170439
0.168222
0.163933
0.161324
0.159317
0.157543
0.15561
0.155005
0.154273
0.15286
0.153128
0.152428
0.154778
0.155627
0.157372
0.159265
0.161108
0.163065
0.178158
0.165887
0.16398
0.161743
0.159098
0.141528
0.145503
0.147461
0.148658
0.149315
0.167782
0.167062
0.166944
0.167534
0.151333
0.152806
0.166954
0.167799
0.168829
0.169793
0.17033
0.170686
0.171158
0.14763
0.148151
0.148459
0.148377
0.14802
0.147731
0.147383
0.14689
0.14624
0.145568
0.145168
0.144867
0.143544
0.159895
0.162228
0.16347
0.164289
0.164801
0.165655
0.165569
0.165716
0.166806
0.167706
0.168387
0.168999
0.169503
0.169343
0.169212
0.171524
0.172617
0.172118
0.170867
0.171398
0.170697
0.169825
0.168668
0.16729
0.165323
0.163403
0.161632
0.159541
0.158196
0.14173
0.146738
0.167447
0.166961
0.166742
0.166687
0.166967
0.166803
0.166182
0.165678
0.155093
0.150205
0.148818
0.14771
0.147038
0.146826
0.146953
0.147159
0.145997
0.146309
0.146764
0.146961
0.146865
0.146607
0.146321
0.145975
0.145608
0.145271
0.145027
0.144844
0.144604
0.144037
0.143555
0.156219
0.15942
0.160721
0.16259
0.163223
0.164316
0.165199
0.165704
0.166372
0.167173
0.16788
0.167742
0.167517
0.169746
0.170535
0.169896
0.168506
0.169064
0.168273
0.167366
0.166139
0.164588
0.162766
0.160867
0.159407
0.158014
0.136174
0.146542
0.147714
0.16685
0.166741
0.165873
0.166202
0.16635
0.165987
0.165306
0.16473
0.165982
0.151445
0.14996
0.148714
0.14812
0.147508
0.146869
0.146214
0.146314
0.146703
0.146996
0.147026
0.146911
0.146773
0.146533
0.146241
0.145942
0.145627
0.145337
0.145076
0.14471
0.144238
0.143731
0.143239
0.141696
0.154996
0.158232
0.160787
0.162875
0.163735
0.164042
0.164257
0.164909
0.165569
0.165474
0.16532
0.167124
0.167669
0.166848
0.165478
0.166289
0.165524
0.164689
0.163518
0.162011
0.160504
0.159139
0.158094
0.156805
0.141967
0.145543
0.150058
0.166491
0.166302
0.165479
0.16581
0.165904
0.165458
0.164665
0.163967
0.16383
0.165565
0.150888
0.149206
0.148508
0.147651
0.146799
0.146315
0.14641
0.146827
0.146999
0.146939
0.146825
0.146631
0.146361
0.146221
0.146063
0.145893
0.145684
0.145443
0.145092
0.144636
0.144114
0.143684
0.142798
0.140621
0.156222
0.159423
0.160744
0.161456
0.162405
0.163033
0.163651
0.163774
0.163745
0.16388
0.164531
0.16441
0.164095
0.162793
0.163606
0.162964
0.162388
0.161167
0.159676
0.158475
0.157561
0.156582
0.140077
0.144207
0.164998
0.164383
0.165541
0.16603
0.165258
0.165548
0.165812
0.165334
0.16411
0.16324
0.162973
0.163029
0.164035
0.164364
0.164333
0.164943
0.146368
0.146085
0.146504
0.146759
0.146938
0.14694
0.146898
0.14657
0.146059
0.146097
0.146097
0.146058
0.145923
0.145722
0.145384
0.144903
0.14448
0.14434
0.143656
0.141892
0.13863
0.157154
0.159244
0.159543
0.160173
0.16106
0.161374
0.161563
0.162212
0.162533
0.162637
0.161656
0.161372
0.160544
0.161228
0.160833
0.160464
0.159314
0.15795
0.156981
0.155926
0.153996
0.147344
0.136722
0.155153
0.160998
0.1636
0.165488
0.165304
0.165074
0.165175
0.163877
0.163099
0.163301
0.163678
0.163373
0.163007
0.162827
0.161898
0.160894
0.14607
0.146238
0.146288
0.146245
0.146534
0.146697
0.146528
0.146266
0.145981
0.146108
0.146216
0.146185
0.146107
0.145982
0.145664
0.145258
0.144811
0.144645
0.143929
0.142816
0.140252
0.154743
0.157221
0.158732
0.159332
0.159693
0.159809
0.159901
0.160307
0.160652
0.160896
0.159951
0.159233
0.158675
0.160025
0.160353
0.160591
0.158665
0.156838
0.156181
0.153013
0.153745
0.142039
0.139566
0.151147
0.157492
0.160803
0.163906
0.163486
0.16309
0.163966
0.162086
0.164098
0.163582
0.162934
0.162063
0.16134
0.160919
0.16004
0.158819
0.146236
0.146376
0.146122
0.146037
0.146084
0.146289
0.146206
0.1461
0.146108
0.146171
0.14626
0.146242
0.146085
0.146034
0.145801
0.145587
0.145551
0.145227
0.144637
0.143683
0.141958
0.145019
0.155787
0.15758
0.158405
0.158867
0.159103
0.158907
0.158808
0.158849
0.159091
0.158593
0.158125
0.15754
0.159487
0.163523
0.162031
0.156993
0.156673
0.156344
0.155585
0.154794
0.140549
0.148342
0.153664
0.157406
0.159652
0.162681
0.162571
0.164349
0.163184
0.163887
0.163502
0.162726
0.16176
0.160612
0.159822
0.159381
0.158315
0.157236
0.146019
0.146099
0.146009
0.14593
0.145792
0.145817
0.145851
0.146047
0.146082
0.146239
0.14625
0.146204
0.146146
0.146017
0.145864
0.145853
0.14584
0.145621
0.1452
0.144465
0.143086
0.140084
0.156082
0.15717
0.15782
0.157912
0.158231
0.158055
0.15824
0.159497
0.160395
0.1575
0.157171
0.156053
0.146078
0.156153
0.157889
0.156671
0.156046
0.156517
0.139478
0.1396
0.148922
0.155209
0.158015
0.159521
0.159588
0.160934
0.161026
0.163069
0.16306
0.163159
0.162693
0.161638
0.160396
0.159263
0.15837
0.15754
0.156897
0.155645
0.145994
0.145988
0.145906
0.145307
0.145551
0.14556
0.14566
0.145922
0.146019
0.145975
0.146002
0.145969
0.145948
0.145852
0.145727
0.145827
0.145832
0.145658
0.145347
0.144957
0.14273
0.153876
0.1565
0.157149
0.15721
0.157331
0.158175
0.158694
0.177735
0.161762
0.157771
0.157155
0.157042
0.144861
0.147985
0.165959
0.148119
0.146642
0.14645
0.146861
0.147804
0.163146
0.162289
0.162289
0.16162
0.16038
0.158599
0.159716
0.159672
0.160743
0.161434
0.161974
0.161744
0.160612
0.159312
0.158051
0.156558
0.156017
0.155799
0.146592
0.146016
0.145969
0.145587
0.14569
0.14569
0.145684
0.145828
0.145874
0.145793
0.145556
0.145923
0.145959
0.14599
0.145913
0.146005
0.146303
0.146439
0.146459
0.146451
0.1469
0.151866
0.147564
0.154595
0.156565
0.157034
0.159177
0.158542
0.159401
0.159512
0.157003
0.157028
0.157351
0.157585
0.154628
0.13742
0.166833
0.16584
0.152128
0.160995
0.162033
0.162801
0.162797
0.162025
0.161195
0.160006
0.15671
0.152828
0.155867
0.158395
0.160939
0.159686
0.160348
0.160955
0.15988
0.15861
0.156673
0.155317
0.155195
0.154676
0.153084
0.14654
0.14587
0.155502
0.154839
0.154902
0.153996
0.151508
0.145003
0.145387
0.145165
0.146755
0.144745
0.144785
0.144576
0.144261
0.14364
0.143521
0.153064
0.154588
0.155318
0.1429
0.164476
0.147103
0.156388
0.156926
0.159231
0.159281
0.161239
0.157184
0.157419
0.157655
0.157819
0.157789
0.157716
0.151692
0.152864
0.15143
0.148152
0.149007
0.149395
0.149737
0.149893
0.150604
0.152442
0.162931
0.16292
0.162355
0.16185
0.161738
0.161043
0.159186
0.159802
0.159944
0.158635
0.157299
0.155191
0.154722
0.153034
0.146157
0.146122
0.146141
0.145582
0.151282
0.152137
0.152956
0.152723
0.152047
0.145242
0.145359
0.145122
0.145228
0.144927
0.144957
0.144909
0.144749
0.144173
0.14264
0.153174
0.155744
0.157105
0.157611
0.157308
0.150225
0.160111
0.166266
0.17002
0.169974
0.153161
0.147932
0.145185
0.156788
0.157975
0.157899
0.152126
0.146354
0.148283
0.1549
0.152462
0.150433
0.150738
0.151301
0.151701
0.163388
0.162935
0.16255
0.162719
0.162573
0.161898
0.161365
0.160842
0.160325
0.160683
0.159892
0.158565
0.156194
0.154161
0.154432
0.15249
0.152055
0.146174
0.152663
0.145912
0.145448
0.152562
0.154573
0.155704
0.156783
0.155845
0.155172
0.149765
0.153184
0.153253
0.153407
0.152107
0.152157
0.152709
0.153865
0.155245
0.156125
0.156706
0.156931
0.156871
0.15655
0.156125
0.156124
0.158146
0.157047
0.148192
0.148617
0.148085
0.148117
0.147293
0.147751
0.149437
0.150031
0.159751
0.166205
0.151751
0.15139
0.151492
0.151613
0.15154
0.151905
0.151774
0.151307
0.152185
0.161274
0.161036
0.160322
0.160131
0.160382
0.160615
0.159608
0.158013
0.154759
0.153201
0.151936
0.151565
0.151413
0.146152
0.152229
0.145941
0.145217
0.154129
0.155972
0.157532
0.15893
0.15849
0.157994
0.157189
0.156234
0.155696
0.153567
0.155383
0.15527
0.155313
0.15562
0.155934
0.156041
0.156107
0.156112
0.156058
0.155801
0.155526
0.155811
0.158667
0.158976
0.151843
0.149138
0.149523
0.150086
0.150352
0.150717
0.151051
0.15144
0.166554
0.166347
0.152378
0.152273
0.152329
0.152328
0.152188
0.152155
0.151876
0.151526
0.151332
0.151665
0.152637
0.152632
0.159597
0.159719
0.160137
0.159147
0.157145
0.153754
0.152516
0.15066
0.150561
0.147334
0.146165
0.151945
0.145925
0.152107
0.155743
0.157335
0.158789
0.159893
0.159684
0.15904
0.15834
0.157769
0.156984
0.155979
0.155707
0.155512
0.156147
0.156179
0.156164
0.155992
0.155706
0.155467
0.155386
0.155249
0.155033
0.155281
0.157839
0.158417
0.157728
0.150312
0.150961
0.151591
0.151862
0.15217
0.152402
0.152654
0.153252
0.154139
0.153272
0.15319
0.153189
0.153101
0.152903
0.152726
0.152421
0.152089
0.151922
0.15243
0.153204
0.152838
0.152485
0.159143
0.159157
0.158526
0.156224
0.153395
0.150348
0.149853
0.149656
0.146919
0.146382
0.151241
0.145943
0.154942
0.156838
0.158064
0.159192
0.160419
0.160491
0.159875
0.159136
0.158768
0.158143
0.157062
0.155761
0.155966
0.156178
0.155925
0.156237
0.155941
0.155421
0.154893
0.154737
0.154693
0.154686
0.155184
0.157152
0.157528
0.15773
0.151848
0.152453
0.153056
0.153222
0.153497
0.15366
0.153825
0.154272
0.154689
0.154285
0.154146
0.154046
0.153882
0.153638
0.153404
0.153077
0.152734
0.152544
0.153025
0.153776
0.153262
0.151769
0.150354
0.157859
0.157969
0.155684
0.153126
0.149573
0.149342
0.149676
0.14713
0.149773
0.150364
0.145904
0.156978
0.158251
0.159172
0.160012
0.160842
0.161025
0.160476
0.159447
0.15898
0.158538
0.15788
0.156565
0.155284
0.155843
0.156121
0.156
0.155299
0.155235
0.154531
0.154086
0.154085
0.154333
0.155151
0.156273
0.156944
0.158463
0.153482
0.15403
0.154527
0.154645
0.154825
0.15495
0.155087
0.155343
0.155581
0.155316
0.155097
0.154872
0.154651
0.154378
0.154123
0.153815
0.153502
0.153306
0.153634
0.154445
0.153109
0.151016
0.150055
0.148371
0.157432
0.155611
0.15289
0.149988
0.149494
0.149443
0.146754
0.155954
0.152303
0.155241
0.158524
0.15936
0.159967
0.160505
0.160946
0.161208
0.161155
0.160134
0.159188
0.158806
0.158413
0.157662
0.155891
0.155114
0.155768
0.155952
0.1557
0.154328
0.154004
0.153138
0.153137
0.15388
0.15622
0.157747
0.157363
0.156466
0.154966
0.155467
0.155905
0.156023
0.1562
0.156273
0.156311
0.156473
0.156565
0.156361
0.156093
0.155797
0.155494
0.155193
0.154946
0.154679
0.154411
0.154209
0.154296
0.155037
0.152908
0.150269
0.149648
0.148902
0.156748
0.155618
0.150113
0.150128
0.150974
0.151747
0.156435
0.158041
0.158357
0.157819
0.159753
0.160156
0.160484
0.160782
0.161022
0.161219
0.161407
0.161102
0.159807
0.158986
0.158668
0.158267
0.157268
0.155031
0.155298
0.155703
0.155811
0.15519
0.153897
0.152114
0.153342
0.148498
0.156195
0.156072
0.157974
0.156975
0.156109
0.15665
0.157107
0.157289
0.157561
0.15768
0.157646
0.157682
0.157711
0.157597
0.157405
0.157105
0.156657
0.156171
0.155834
0.155571
0.155329
0.155099
0.154956
0.155485
0.153286
0.160134
0.148753
0.148882
0.156558
0.156092
0.149645
0.157297
0.15987
0.159814
0.1593
0.159627
0.159937
0.159508
0.160407
0.160571
0.16074
0.160919
0.161087
0.161241
0.161405
0.161514
0.160999
0.159498
0.15876
0.158464
0.157945
0.156398
0.154772
0.155326
0.155787
0.15556
0.152965
0.156302
0.156763
0.155806
0.154418
0.154801
0.156605
0.156964
0.156797
0.157482
0.158153
0.158574
0.158913
0.159019
0.158866
0.158833
0.158897
0.158875
0.158787
0.158598
0.15818
0.157544
0.156838
0.156331
0.156043
0.155764
0.155459
0.155559
0.155352
0.161075
0.159639
0.148917
0.157662
0.154166
0.159462
0.161006
0.162382
0.161214
0.160697
0.16049
0.160461
0.16031
0.160632
0.160711
0.160818
0.160953
0.161106
0.161259
0.16141
0.161552
0.161596
0.160711
0.158935
0.158444
0.158094
0.157351
0.155017
0.155148
0.155737
0.155674
0.154306
0.155629
0.154796
0.153819
0.153326
0.154044
0.15561
0.156452
0.156899
0.157954
0.158996
0.159502
0.159705
0.159779
0.159607
0.15986
0.162039
0.159919
0.159708
0.159603
0.15931
0.15879
0.158019
0.157022
0.156396
0.156046
0.155665
0.155397
0.161009
0.161342
0.161886
0.159713
0.157997
0.1582
0.160943
0.158288
0.1634
0.161499
0.16115
0.160839
0.160678
0.160575
0.160711
0.160751
0.160828
0.160946
0.161096
0.161255
0.161419
0.16157
0.161703
0.161549
0.159763
0.158338
0.158022
0.157582
0.156127
0.154916
0.155683
0.15571
0.15496
0.155048
0.15342
0.152546
0.152793
0.153707
0.154764
0.155409
0.15647
0.158044
0.158967
0.159416
0.160483
0.160168
0.159928
0.159881
0.159916
0.160061
0.160379
0.161081
0.162531
0.159171
0.158663
0.157829
0.156661
0.155977
0.155489
0.154784
0.160739
0.161474
0.16305
0.161461
0.158321
0.15923
0.161808
0.161909
0.164454
0.160839
0.161409
0.161009
0.16082
0.160687
0.160757
0.16077
0.160825
0.160931
0.161075
0.161235
0.16141
0.161577
0.161734
0.161775
0.160707
0.158193
0.157801
0.157478
0.156658
0.154509
0.155643
0.155699
0.154974
0.154569
0.153087
0.152409
0.153604
0.159379
0.159681
0.158625
0.158493
0.158185
0.158573
0.159199
0.159472
0.159678
0.159794
0.15985
0.159885
0.15993
0.160016
0.160185
0.160401
0.16063
0.160818
0.162203
0.157285
0.156026
0.163182
0.160068
0.16058
0.161504
0.163601
0.16241
0.15923
0.159703
0.162363
0.16358
0.165395
0.165924
0.161257
0.161121
0.160914
0.160759
0.160773
0.160769
0.16081
0.160906
0.161043
0.1612
0.161379
0.161555
0.161721
0.16176
0.160725
0.157658
0.156977
0.156723
0.156472
0.154384
0.155487
0.155636
0.154507
0.153558
0.160366
0.160181
0.15948
0.160739
0.160621
0.159262
0.156426
0.150817
0.157634
0.158726
0.159179
0.159656
0.159868
0.159924
0.159926
0.159914
0.159907
0.159933
0.159981
0.160029
0.160028
0.160096
0.160975
0.160391
0.159812
0.158874
0.160139
0.161333
0.1632
0.163
0.160082
0.16008
0.162783
0.164502
0.16614
0.167296
0.168396
0.161174
0.160946
0.160791
0.16073
0.160729
0.160769
0.160858
0.160992
0.161142
0.161312
0.161464
0.161535
0.160998
0.157036
0.162426
0.161522
0.160356
0.159143
0.158297
0.153656
0.155571
0.150728
0.140771
0.159747
0.163834
0.163273
0.16473
0.157459
0.147792
0.151112
0.15169
0.15267
0.156423
0.158616
0.159627
0.159864
0.160087
0.160041
0.159962
0.159868
0.159784
0.159708
0.159633
0.159538
0.15941
0.159592
0.159526
0.158607
0.158342
0.159261
0.160955
0.162666
0.163119
0.160582
0.160573
0.163189
0.165124
0.166746
0.168091
0.169149
0.161113
0.160843
0.160752
0.160415
0.160588
0.160657
0.160712
0.160857
0.160939
0.160954
0.159564
0.166952
0.165599
0.164322
0.162961
0.161617
0.160138
0.15878
0.15855
0.158819
0.158451
0.158845
0.151809
0.149566
0.149615
0.147153
0.146024
0.158089
0.159112
0.16413
0.162737
0.157161
0.155562
0.157454
0.160124
0.160419
0.160444
0.160292
0.16034
0.160024
0.159829
0.159631
0.159451
0.159274
0.159071
0.158897
0.159075
0.158206
0.157923
0.158355
0.160185
0.161285
0.16268
0.160242
0.161299
0.163603
0.165571
0.167209
0.168648
0.169571
0.171352
0.172133
0.160404
0.172975
0.173089
0.172992
0.172505
0.172074
0.171167
0.169986
0.168554
0.167227
0.16593
0.164482
0.163027
0.161789
0.160778
0.160482
0.161515
0.163791
0.164968
0.170188
0.171256
0.170039
0.169419
0.167898
0.161922
0.161338
0.166479
0.164077
0.167904
0.169488
0.165144
0.159971
0.160424
0.161678
0.161547
0.161173
0.160856
0.160423
0.160207
0.159868
0.159639
0.159378
0.159116
0.158924
0.159131
0.158174
0.157749
0.157842
0.159522
0.160852
0.162425
0.159542
0.161719
0.163876
0.16582
0.167489
0.168941
0.169973
0.171517
0.172447
0.173023
0.173552
0.173479
0.173182
0.172647
0.17205
0.171218
0.170174
0.168997
0.167566
0.166296
0.165021
0.164109
0.164229
0.165138
0.167104
0.169782
0.172738
0.175105
0.179973
0.174238
0.161322
0.156904
0.154811
0.153165
0.149482
0.14374
0.14858
0.148707
0.154656
0.16497
0.168962
0.159421
0.163114
0.16291
0.162527
0.162081
0.161507
0.161281
0.160698
0.160386
0.160064
0.159818
0.159508
0.159656
0.158589
0.158256
0.158328
0.159922
0.160401
0.161516
0.159644
0.160978
0.16371
0.166107
0.168087
0.169686
0.170872
0.172208
0.173321
0.17354
0.174033
0.173969
0.173533
0.172904
0.17224
0.171491
0.170723
0.169892
0.168973
0.168258
0.168006
0.168978
0.170755
0.172944
0.175397
0.177527
0.178788
0.175541
0.167307
0.164676
0.160479
0.156862
0.156042
0.154612
0.151701
0.145063
0.149441
0.148293
0.1496
0.146838
0.151828
0.160482
0.163824
0.1638
0.163656
0.163416
0.163069
0.162781
0.162354
0.162105
0.162012
0.162289
0.162702
0.161602
0.160556
0.160472
0.160664
0.161843
0.161322
0.161161
0.160028
0.153848
0.160093
0.163814
0.166729
0.169051
0.17087
0.172358
0.173583
0.174035
0.173364
0.173733
0.173588
0.173194
0.172772
0.17231
0.171998
0.171758
0.171566
0.17197
0.172665
0.172782
0.173811
0.175424
0.177247
0.177421
0.170017
0.166282
0.164528
0.162787
0.160003
0.156173
0.155575
0.154476
0.151252
0.147082
0.147814
0.138409
0.137921
0.164164
0.162972
0.163874
0.164246
0.164137
0.164107
0.164091
0.164046
0.164039
0.164062
0.164654
0.167292
0.166482
0.164472
0.163598
0.163245
0.163241
0.163915
0.163867
0.163667
0.163312
0.161048
0.157439
0.154537
0.14518
0.165963
0.168268
0.169375
0.170726
0.172104
0.172901
0.171785
0.172342
0.172672
0.17277
0.172779
0.172733
0.172776
0.172914
0.173
0.172999
0.173641
0.175641
0.175425
0.172528
0.166427
0.164696
0.163459
0.162039
0.160544
0.159469
0.157699
0.155703
0.154639
0.153367
0.150441
0.147948
0.145189
0.172019
0.175408
0.17236
0.166537
0.165683
0.165013
0.164657
0.164523
0.164716
0.16541
0.167547
0.170077
0.168052
0.165846
0.165196
0.164828
0.164426
0.164531
0.164936
0.164714
0.164669
0.16497
0.165094
0.163518
0.158133
0.15517
0.152916
0.161775
0.169742
0.168887
0.170724
0.171385
0.171539
0.17305
0.172738
0.172655
0.172695
0.172791
0.172978
0.173096
0.173049
0.173993
0.175024
0.174764
0.173893
0.170382
0.166839
0.164422
0.163184
0.161887
0.160279
0.159055
0.158135
0.156923
0.155857
0.154384
0.15264
0.150541
0.148407
0.144871
0.165183
0.176139
0.174683
0.168351
0.169006
0.16808
0.167289
0.170735
0.171988
0.169759
0.167887
0.166925
0.166346
0.165889
0.165517
0.165223
0.165322
0.165466
0.165113
0.164778
0.164898
0.165413
0.165946
0.163599
0.16773
0.175817
0.176176
0.176181
0.176028
0.175048
0.173289
0.173983
0.173559
0.175377
0.175246
0.174966
0.174717
0.17455
0.174375
0.171432
0.171339
0.174764
0.16767
0.167863
0.166129
0.16492
0.164216
0.162818
0.161639
0.160458
0.158883
0.157917
0.157227
0.156346
0.155603
0.153917
0.151635
0.150343
0.147489
0.143813
0.165448
0.175901
0.176655
0.176841
0.175395
0.173287
0.171387
0.169576
0.168545
0.167859
0.167357
0.166988
0.166592
0.166227
0.166091
0.166142
0.166154
0.166331
0.155994
0.15312
0.15187
0.149305
0.147136
0.141325
0.174888
0.166278
0.165207
0.164911
0.164846
0.165531
0.167749
0.170894
0.173822
0.162852
0.163198
0.163178
0.163588
0.163892
0.162577
0.163526
0.164079
0.16363
0.163668
0.16361
0.163617
0.163269
0.162511
0.161373
0.160319
0.15927
0.1579
0.157214
0.156642
0.155613
0.15496
0.15282
0.149605
0.149639
0.146628
0.16357
0.175983
0.175417
0.172841
0.174303
0.173608
0.171817
0.17009
0.168732
0.167862
0.167233
0.166733
0.166251
0.165667
0.164802
0.155795
0.154136
0.153149
0.152201
0.151168
0.150023
0.148701
0.147026
0.144787
0.163003
0.16935
0.171175
0.17567
0.161053
0.160575
0.160471
0.160778
0.161399
0.162016
0.158746
0.158929
0.158522
0.158678
0.15881
0.160103
0.158936
0.159925
0.16202
0.161543
0.161807
0.162129
0.161737
0.160946
0.160187
0.159279
0.15843
0.157331
0.156832
0.156269
0.15501
0.15421
0.151383
0.149336
0.143536
0.161591
0.173855
0.173513
0.17268
0.172106
0.172448
0.17138
0.170291
0.169082
0.167987
0.167194
0.166558
0.165973
0.165201
0.160335
0.15468
0.153652
0.152866
0.152147
0.15128
0.150274
0.149117
0.147888
0.146559
0.158289
0.167262
0.170818
0.171801
0.171944
0.171688
0.171068
0.160026
0.15831
0.158309
0.158424
0.157262
0.157162
0.157691
0.157827
0.158071
0.15785
0.158504
0.158584
0.15975
0.160011
0.160277
0.160346
0.160068
0.159501
0.158918
0.158238
0.157575
0.156724
0.156255
0.155563
0.154139
0.153742
0.149889
0.149194
0.160022
0.172104
0.173722
0.173386
0.172535
0.172187
0.169442
0.170375
0.170137
0.169038
0.167967
0.167126
0.166188
0.16551
0.164692
0.156459
0.153753
0.152882
0.152111
0.15136
0.150494
0.149553
0.148489
0.147454
0.146537
0.161548
0.169766
0.171491
0.171623
0.171112
0.170368
0.169357
0.167854
0.166135
0.163393
0.157574
0.160889
0.157533
0.158031
0.15776
0.157358
0.157669
0.157875
0.157975
0.158519
0.158636
0.158689
0.158675
0.158508
0.158107
0.157679
0.157168
0.156653
0.155994
0.155384
0.154473
0.153375
0.153359
0.148397
0.147791
0.164313
0.173777
0.173364
0.173196
0.17229
0.171557
0.169449
0.170409
0.170287
0.168966
0.167867
0.167057
0.165797
0.165261
0.164368
0.154627
0.152768
0.151924
0.151124
0.150378
0.149624
0.148818
0.147956
0.147141
0.146463
0.16493
0.170952
0.171497
0.170891
0.16962
0.168586
0.166869
0.165483
0.164287
0.163036
0.161398
0.161857
0.161088
0.157004
0.157275
0.157419
0.157391
0.157377
0.157618
0.157896
0.157899
0.157787
0.157521
0.157257
0.156923
0.156595
0.156213
0.155881
0.15527
0.154324
0.153297
0.153161
0.152507
0.147244
0.156427
0.171275
0.173696
0.173247
0.173268
0.1722
0.171281
0.169254
0.170209
0.170293
0.168877
0.167868
0.167027
0.165891
0.165923
0.164199
0.153143
0.151652
0.150793
0.150012
0.149386
0.149013
0.148207
0.147473
0.147185
0.146426
0.167245
0.171256
0.170417
0.170055
0.169259
0.168327
0.166939
0.165911
0.164379
0.163576
0.162354
0.159495
0.159622
0.161114
0.161264
0.161223
0.156901
0.155652
0.155897
0.156468
0.157182
0.15738
0.15713
0.156747
0.156374
0.156075
0.155734
0.155336
0.154345
0.15348
0.155409
0.15361
0.150087
0.145917
0.165832
0.173295
0.173587
0.173369
0.173535
0.172291
0.171179
0.169348
0.170036
0.170156
0.168832
0.16787
0.167567
0.166702
0.166965
0.156502
0.15149
0.150049
0.149337
0.148841
0.14864
0.14801
0.147258
0.147157
0.147375
0.147228
0.168515
0.171
0.16865
0.166884
0.166075
0.16483
0.163002
0.161697
0.160309
0.160021
0.158895
0.157859
0.157711
0.161836
0.163442
0.164147
0.164495
0.164623
0.163153
0.158014
0.15573
0.155904
0.156925
0.15689
0.156456
0.156069
0.15661
0.157598
0.158335
0.15814
0.157819
0.151785
0.145871
0.148927
0.173303
0.173704
0.173808
0.173742
0.173967
0.17266
0.171345
0.169489
0.169845
0.169902
0.168912
0.168913
0.168899
0.16848
0.167778
0.153779
0.150339
0.151283
0.149723
0.149884
0.148823
0.147868
0.14739
0.147541
0.147535
0.14654
0.166354
0.170183
0.170265
0.165718
0.164598
0.163225
0.161461
0.160353
0.15922
0.158886
0.158058
0.155802
0.156528
0.162857
0.169365
0.171112
0.170807
0.168934
0.168791
0.167543
0.16666
0.163902
0.161779
0.16241
0.163402
0.163104
0.162289
0.161136
0.159866
0.159314
0.159031
0.148715
0.14343
0.168089
0.174059
0.174247
0.174193
0.17429
0.174539
0.173395
0.172284
0.169787
0.170419
0.170696
0.170504
0.170281
0.169803
0.169178
0.167438
0.150587
0.149066
0.148417
0.148542
0.147825
0.146691
0.146357
0.147053
0.147688
0.147613
0.149156
0.169866
0.170377
0.169197
0.164372
0.162689
0.161042
0.159397
0.158436
0.157516
0.1572
0.156486
0.153886
0.155032
0.169317
0.173706
0.173999
0.171195
0.167276
0.167059
0.16688
0.168612
0.16869
0.168468
0.165836
0.163644
0.163574
0.163014
0.161711
0.160557
0.160334
0.155055
0.142714
0.142057
0.173423
0.174352
0.17473
0.174683
0.174898
0.175182
0.174446
0.173753
0.171571
0.172871
0.172438
0.171584
0.170999
0.170498
0.169873
0.169071
0.168758
0.168451
0.148744
0.148487
0.147224
0.146421
0.146649
0.147523
0.147816
0.147594
0.167728
0.170318
0.168423
0.165812
0.162011
0.16013
0.158396
0.157144
0.156421
0.15571
0.155383
0.154655
0.152011
0.152251
0.179935
0.174466
0.172204
0.167665
0.162612
0.16076
0.161997
0.163895
0.16542
0.167465
0.168325
0.167739
0.165547
0.16372
0.162292
0.161007
0.156354
0.147216
0.141482
0.169015
0.174328
0.174927
0.175394
0.175635
0.175415
0.176122
0.175261
0.174704
0.173358
0.174153
0.167434
0.172939
0.172132
0.170789
0.16993
0.168238
0.150466
0.168551
0.148361
0.147719
0.146538
0.146462
0.147309
0.147816
0.147843
0.146368
0.170217
0.167356
0.16413
0.16156
0.158757
0.156709
0.155739
0.154916
0.154453
0.15393
0.153559
0.152727
0.149932
0.148596
0.186819
0.172193
0.167735
0.160813
0.154736
0.152916
0.15359
0.156119
0.158594
0.160781
0.162643
0.164152
0.165113
0.165105
0.164952
0.158763
0.145587
0.136646
0.161196
0.173512
0.174867
0.175509
0.176159
0.176461
0.175453
0.176882
0.175779
0.175731
0.174844
0.174452
0.172358
0.173934
0.172042
0.170681
0.170016
0.16922
0.169212
0.169875
0.148523
0.147039
0.146536
0.147168
0.147759
0.147792
0.147378
0.167239
0.167896
0.163096
0.159638
0.157076
0.15511
0.153649
0.153309
0.152781
0.152523
0.152136
0.151728
0.150736
0.147579
0.145697
0.186722
0.167234
0.159017
0.156155
0.152082
0.149914
0.150572
0.151674
0.149935
0.152625
0.154661
0.154511
0.156251
0.158664
0.160125
0.161043
0.144739
0.136003
0.164548
0.174165
0.17546
0.175441
0.176873
0.176122
0.175005
0.177452
0.176251
0.176713
0.175914
0.175591
0.173843
0.174335
0.172042
0.170807
0.170392
0.170285
0.170359
0.170682
0.149496
0.146926
0.147306
0.147837
0.147763
0.147528
0.146537
0.168747
0.163389
0.158773
0.155443
0.153139
0.151862
0.150895
0.150985
0.150694
0.150605
0.150307
0.149894
0.148672
0.145074
0.14402
0.182009
0.157051
0.15462
0.150324
0.147133
0.145745
0.14577
0.146229
0.146933
0.149442
0.145196
0.143665
0.14633
0.146939
0.150629
0.153635
0.14443
0.134561
0.138543
0.173989
0.174309
0.17255
0.176626
0.174552
0.174118
0.177683
0.177076
0.177585
0.176942
0.176817
0.175323
0.173671
0.171555
0.170785
0.170625
0.170959
0.17127
0.171353
0.151366
0.147516
0.147946
0.147729
0.147117
0.145861
0.165858
0.164472
0.158789
0.154876
0.152014
0.150206
0.149337
0.148728
0.148863
0.148735
0.148797
0.148564
0.148158
0.146657
0.142665
0.142826
0.167684
0.149043
0.146085
0.145351
0.143299
0.142436
0.142683
0.142854
0.142408
0.142234
0.142643
0.139815
0.140456
0.13904
0.14461
0.164057
0.148791
0.148929
0.141393
0.157387
0.156899
0.172304
0.174092
0.171922
0.167722
0.176815
0.177072
0.177862
0.177505
0.178058
0.17519
0.146221
0.146302
0.169973
0.170705
0.17128
0.171518
0.171765
0.147049
0.14775
0.147288
0.145384
0.145467
0.148607
0.166255
0.159413
0.155286
0.152174
0.149846
0.148436
0.147852
0.147406
0.147417
0.147686
0.147765
0.147489
0.147118
0.144883
0.141615
0.141956
0.15422
0.137976
0.138225
0.138716
0.138911
0.138365
0.138151
0.139202
0.139532
0.139645
0.141121
0.141422
0.143037
0.142794
0.147242
0.150182
0.150977
0.149394
0.152247
0.152959
0.153055
0.156816
0.172254
0.17225
0.172802
0.179311
0.17965
0.179008
0.179026
0.177786
0.146561
0.143472
0.145014
0.169757
0.170714
0.171442
0.171237
0.173418
0.168595
0.148623
0.145348
0.145078
0.146699
0.165623
0.162263
0.154956
0.151071
0.148905
0.147949
0.147611
0.146429
0.145978
0.146114
0.146418
0.146647
0.146431
0.145848
0.146649
0.14001
0.139301
0.140349
0.144883
0.131379
0.132176
0.13405
0.133983
0.133946
0.135472
0.136514
0.137471
0.140374
0.141882
0.13947
0.141393
0.139247
0.145923
0.153518
0.15112
0.15048
0.150024
0.150427
0.152573
0.153928
0.153946
0.154036
0.179947
0.180278
0.180061
0.17115
0.147315
0.143903
0.143705
0.144984
0.169075
0.169951
0.171427
0.173908
0.158439
0.168006
0.170323
0.145509
0.148024
0.167019
0.1662
0.159191
0.153268
0.149273
0.147767
0.146019
0.14545
0.145812
0.146202
0.146554
0.146375
0.146095
0.145322
0.144453
0.141771
0.154966
0.154299
0.15642
0.157437
0.158222
0.158777
0.157249
0.155153
0.133798
0.132259
0.131074
0.130711
0.13026
0.129484
0.130459
0.174367
0.155517
0.151454
0.150515
0.149766
0.149486
0.149353
0.149373
0.150146
0.150622
0.15012
0.151487
0.153807
0.153455
0.151284
0.146885
0.144511
0.143589
0.144378
0.145691
0.16849
0.17088
0.150028
0.149937
0.151373
0.165467
0.16651
0.166217
0.166543
0.16412
0.160446
0.156452
0.153088
0.150917
0.149262
0.148269
0.148002
0.14885
0.149343
0.149474
0.149014
0.14856
0.148133
0.149698
0.151412
0.151336
0.15394
0.155298
0.156443
0.15734
0.157867
0.157984
0.158459
0.158612
0.158879
0.158814
0.158593
0.157832
0.157517
0.157188
0.156192
0.154225
0.151984
0.150926
0.150483
0.14999
0.149692
0.14916
0.149054
0.148975
0.14804
0.148584
0.14947
0.149114
0.147366
0.145307
0.144157
0.143968
0.14528
0.147534
0.170768
0.149218
0.15443
0.158639
0.15842
0.163207
0.165333
0.165334
0.164452
0.162775
0.160392
0.157796
0.155704
0.154266
0.153614
0.153248
0.153889
0.155874
0.1563
0.156001
0.155019
0.156067
0.158287
0.142481
0.146362
0.151219
0.153241
0.154514
0.15571
0.156639
0.157297
0.157383
0.158194
0.158589
0.159349
0.158987
0.158614
0.157415
0.156982
0.156585
0.156009
0.154894
0.153249
0.152278
0.151866
0.151076
0.150408
0.149337
0.148611
0.148143
0.146875
0.146887
0.147218
0.146879
0.145727
0.144636
0.144129
0.144593
0.145649
0.170094
0.1501
0.15552
0.153676
0.154065
0.163504
0.164043
0.165366
0.16559
0.165266
0.164275
0.162807
0.161161
0.159971
0.159352
0.159203
0.159982
0.160724
0.161795
0.161196
0.15996
0.159338
0.158578
0.1456
0.146906
0.146577
0.151948
0.154143
0.155628
0.156834
0.157702
0.15825
0.158203
0.158596
0.158753
0.158953
0.158822
0.15854
0.157698
0.157218
0.156826
0.156345
0.155585
0.154429
0.153733
0.153155
0.152123
0.15105
0.149456
0.148428
0.147611
0.146441
0.146517
0.146713
0.146122
0.145182
0.145014
0.145385
0.1451
0.146821
0.150775
0.154125
0.152802
0.159258
0.163723
0.166231
0.168186
0.168738
0.168764
0.16849
0.167584
0.166295
0.164955
0.163948
0.163397
0.163043
0.163314
0.163533
0.163639
0.162452
0.161141
0.156778
0.145301
0.148101
0.149397
0.133828
)
;
    }
    hills
    {
        type            calculated;
        value           nonuniform List<scalar> 
7200
(
0.176787
0.174013
0.171267
0.169795
0.168935
0.168511
0.168508
0.170822
0.179426
0.166655
0.16715
0.169451
0.167846
0.167089
0.166669
0.166296
0.165943
0.165562
0.165062
0.164496
0.163398
0.162188
0.160707
0.159257
0.15844
0.159021
0.16163
0.162256
0.162298
0.158642
0.148293
0.148155
0.149903
0.161577
0.165193
0.16432
0.160411
0.150365
0.176026
0.152687
0.160756
0.164256
0.165314
0.163009
0.149525
0.149024
0.148031
0.139983
0.143933
0.147021
0.150044
0.14988
0.157865
0.165062
0.170046
0.173269
0.17512
0.176862
0.178737
0.178699
0.172362
0.173107
0.173938
0.174465
0.170383
0.166129
0.16481
0.164949
0.167776
0.178225
0.179451
0.163077
0.162953
0.163475
0.164569
0.165739
0.166443
0.166883
0.167026
0.168264
0.168992
0.168538
0.167333
0.165151
0.160743
0.166223
0.168653
0.168673
0.167279
0.153954
0.147445
0.148425
0.152433
0.16806
0.166999
0.165039
0.15334
0.151374
0.177108
0.152317
0.160062
0.14417
0.147864
0.146965
0.143647
0.152655
0.158463
0.157381
0.14647
0.14011
0.142028
0.141355
0.151248
0.151957
0.154536
0.159447
0.161209
0.161374
0.162425
0.171283
0.158264
0.158564
0.158651
0.158533
0.158329
0.158219
0.158153
0.157181
0.155723
0.159215
0.161504
0.155747
0.15585
0.156298
0.157203
0.158517
0.159952
0.160736
0.161503
0.163128
0.164447
0.164749
0.164112
0.162623
0.161934
0.1625
0.161887
0.160633
0.159387
0.142828
0.145171
0.147181
0.152573
0.170993
0.170844
0.163778
0.155514
0.156498
0.162191
0.151693
0.160984
0.145643
0.147255
0.148999
0.148012
0.146046
0.142904
0.15732
0.161262
0.16114
0.160688
0.15959
0.149126
0.150094
0.151765
0.160057
0.161072
0.160774
0.160679
0.157967
0.166948
0.165919
0.166158
0.167184
0.167996
0.167133
0.163021
0.158206
0.165753
0.166957
0.168174
0.16946
0.16277
0.165158
0.169789
0.162359
0.160324
0.15783
0.157868
0.157764
0.157688
0.157683
0.157654
0.157486
0.157002
0.156483
0.155584
0.153633
0.152322
0.150624
0.151085
0.151829
0.158952
0.1919
0.173181
0.158997
0.152129
0.142833
0.156027
0.167272
0.165246
0.171848
0.177593
0.179208
0.179437
0.179555
0.179417
0.178739
0.17724
0.171941
0.166083
0.163275
0.154161
0.172209
0.168608
0.168715
0.169267
0.170822
0.171365
0.169437
0.157352
0.158195
0.158262
0.158289
0.158722
0.15979
0.161028
0.162052
0.162532
0.16304
0.163394
0.163176
0.162958
0.163418
0.167129
0.166155
0.167416
0.170303
0.170009
0.170172
0.168416
0.160702
0.159783
0.160932
0.163613
0.169647
0.188894
0.162228
0.170056
0.184732
0.203422
0.192503
0.189752
0.19984
0.167932
0.158874
0.155137
0.147282
0.17298
0.187179
0.192004
0.179466
0.172967
0.174045
0.173633
0.172265
0.171846
0.168293
0.163406
0.160789
0.160218
0.162837
0.158863
0.157897
0.157466
0.155064
0.160366
0.156235
0.154689
0.155355
0.155535
0.15526
0.154732
0.154343
0.154216
0.154212
0.154334
0.154717
0.155549
0.15663
0.160039
0.160916
0.163441
0.167655
0.167814
0.160893
0.16834
0.168015
0.164313
0.162036
0.159668
0.158559
0.157137
0.156024
0.156793
0.158779
0.162691
0.168403
0.177009
0.181746
0.1827
0.182225
0.183071
0.191845
0.202336
0.181338
0.1776
0.200749
0.18129
0.168086
0.13992
0.161792
0.161742
0.161388
0.160994
0.160416
0.15996
0.159745
0.159748
0.15977
0.159749
0.159396
0.158729
0.158118
0.1576
0.157045
0.156429
0.156018
0.155763
0.155632
0.156864
0.156608
0.156222
0.155779
0.155465
0.155445
0.155921
0.157024
0.150101
0.146046
0.148722
0.152296
0.161384
0.175083
0.171249
0.161943
0.166981
0.168047
0.16312
0.161677
0.16073
0.161514
0.159073
0.155047
0.153677
0.152902
0.152374
0.152011
0.152068
0.152096
0.152074
0.15569
0.161541
0.16044
0.166268
0.173621
0.175528
0.169245
0.164786
0.167857
0.141013
0.142358
0.144878
0.161646
0.161797
0.161869
0.161549
0.161502
0.162303
0.161106
0.159673
0.159445
0.15927
0.159275
0.159191
0.158776
0.158705
0.158239
0.157454
0.156967
0.158607
0.157835
0.157486
0.157286
0.157188
0.157946
0.148327
0.147632
0.147183
0.147563
0.150441
0.152683
0.174854
0.175553
0.166345
0.162161
0.163093
0.159425
0.162425
0.161851
0.162027
0.164476
0.160258
0.162716
0.157603
0.154265
0.153723
0.153817
0.152604
0.151981
0.151652
0.15194
0.159835
0.158481
0.158285
0.159531
0.161662
0.16507
0.168863
0.153021
0.147668
0.148293
0.148562
0.161287
0.161548
0.16187
0.161886
0.161749
0.162147
0.160528
0.159566
0.159204
0.159271
0.159555
0.159744
0.15956
0.159991
0.160183
0.159786
0.158917
0.159726
0.158952
0.158532
0.158437
0.15853
0.146423
0.144859
0.145115
0.147412
0.147923
0.147017
0.155033
0.171028
0.176884
0.161915
0.160242
0.159277
0.157083
0.161853
0.161723
0.162393
0.162784
0.160347
0.162901
0.158103
0.155888
0.153758
0.152506
0.152199
0.15196
0.151822
0.152101
0.16084
0.158686
0.158538
0.160598
0.162566
0.168601
0.169445
0.154159
0.152885
0.153221
0.161072
0.160846
0.160842
0.16102
0.16114
0.160976
0.160817
0.160738
0.159806
0.159362
0.159501
0.159637
0.159526
0.159908
0.159908
0.160159
0.16024
0.160034
0.159834
0.159754
0.159623
0.159458
0.159451
0.147545
0.145792
0.145976
0.145128
0.144186
0.148384
0.169011
0.170512
0.158
0.163147
0.157184
0.156098
0.155291
0.162899
0.162074
0.162523
0.157883
0.16021
0.167248
0.159403
0.156625
0.152468
0.152097
0.152129
0.152039
0.151965
0.152182
0.155475
0.159075
0.158915
0.161089
0.165644
0.169103
0.169213
0.158941
0.157176
0.155714
0.160904
0.160894
0.160625
0.160532
0.160636
0.160443
0.159976
0.159958
0.159142
0.159434
0.159498
0.160026
0.162152
0.145
0.162664
0.162459
0.161828
0.160207
0.162482
0.162491
0.162641
0.162663
0.162444
0.141272
0.141022
0.142319
0.143181
0.146383
0.169758
0.168975
0.172863
0.161062
0.157517
0.156033
0.155566
0.155044
0.154092
0.163898
0.163579
0.157931
0.16277
0.160954
0.158935
0.156303
0.152394
0.152288
0.152281
0.152158
0.152128
0.152284
0.152825
0.160513
0.159546
0.161754
0.168567
0.169623
0.164259
0.162246
0.159363
0.160966
0.161414
0.16166
0.161506
0.161204
0.161431
0.161521
0.160465
0.159284
0.159033
0.158751
0.159461
0.161777
0.162327
0.143474
0.162714
0.162744
0.162675
0.162586
0.162746
0.162658
0.162046
0.159515
0.159304
0.159386
0.160285
0.160814
0.157831
0.17148
0.168085
0.175403
0.161299
0.158909
0.156193
0.155544
0.155385
0.155168
0.154872
0.154697
0.155541
0.157941
0.160383
0.158882
0.157794
0.154817
0.152538
0.152456
0.1524
0.152304
0.152316
0.152431
0.152403
0.151388
0.160619
0.16468
0.169241
0.169687
0.163154
0.162353
0.16111
0.161315
0.16193
0.162191
0.162374
0.162623
0.162761
0.162142
0.16052
0.158209
0.155213
0.156527
0.159709
0.162106
0.162473
0.14191
0.162285
0.162296
0.162266
0.16263
0.16229
0.162191
0.160535
0.16002
0.159685
0.15994
0.160961
0.161001
0.170334
0.170142
0.172514
0.161579
0.159589
0.156368
0.155705
0.155481
0.155361
0.155255
0.155142
0.155158
0.155694
0.157105
0.158444
0.157656
0.156613
0.153146
0.152521
0.152457
0.15246
0.152428
0.152457
0.152503
0.151414
0.148699
0.165359
0.168515
0.169537
0.169813
0.163034
0.159908
0.160957
0.162001
0.16265
0.162869
0.16299
0.162955
0.162676
0.161599
0.15854
0.154356
0.153491
0.158799
0.159883
0.161997
0.162731
0.140787
0.162437
0.162544
0.16226
0.162222
0.161504
0.160325
0.16097
0.159818
0.159756
0.160312
0.163341
0.161551
0.173963
0.171853
0.16104
0.159429
0.156461
0.155777
0.155643
0.155597
0.155507
0.155379
0.155298
0.1553
0.155595
0.156439
0.157436
0.156788
0.153784
0.152514
0.152361
0.152395
0.15248
0.152504
0.152525
0.152338
0.149988
0.148384
0.152213
0.163793
0.169547
0.170141
0.161982
0.160804
0.16184
0.162977
0.163356
0.163151
0.162722
0.162229
0.16166
0.159983
0.161221
0.156488
0.15205
0.158266
0.16058
0.161833
0.162813
0.160636
0.162696
0.162758
0.162715
0.162353
0.159625
0.160952
0.160213
0.159637
0.159716
0.161348
0.167835
0.173923
0.17063
0.162366
0.159162
0.156416
0.155703
0.155526
0.155504
0.155554
0.15562
0.155523
0.155407
0.155366
0.155467
0.15591
0.156693
0.154732
0.152497
0.152016
0.152104
0.152302
0.152488
0.152522
0.152513
0.15171
0.149083
0.14973
0.157589
0.167565
0.173363
0.169511
0.158828
0.161429
0.16287
0.163625
0.163306
0.162427
0.161538
0.160794
0.159909
0.165238
0.154931
0.154231
0.150807
0.157889
0.163897
0.161876
0.162899
0.144352
0.162571
0.162722
0.162783
0.16272
0.161922
0.15932
0.159397
0.159745
0.160542
0.161845
0.168869
0.166601
0.162463
0.158823
0.156552
0.155697
0.155394
0.155276
0.155274
0.155392
0.155549
0.15559
0.155499
0.155427
0.155435
0.155671
0.156045
0.153037
0.152173
0.152449
0.15183
0.152129
0.152447
0.152468
0.152285
0.150508
0.14914
0.15243
0.162194
0.170612
0.176233
0.171647
0.157846
0.161963
0.163492
0.163639
0.162615
0.16107
0.159126
0.157035
0.158341
0.154282
0.152323
0.15112
0.149793
0.157567
0.160547
0.161965
0.163001
0.161128
0.144028
0.162785
0.162846
0.162713
0.160914
0.159709
0.160218
0.16108
0.161862
0.157698
0.170235
0.170341
0.158107
0.156892
0.155555
0.15505
0.154907
0.154825
0.155044
0.155202
0.15542
0.15561
0.155656
0.155622
0.155648
0.155751
0.153589
0.151916
0.152389
0.151499
0.151888
0.152528
0.152308
0.152244
0.151474
0.149488
0.150508
0.156861
0.166928
0.17543
0.178873
0.17513
0.172229
0.16187
0.163582
0.163177
0.160724
0.156816
0.155928
0.155077
0.154252
0.152623
0.150556
0.149981
0.149739
0.157112
0.161602
0.162618
0.163083
0.163153
0.161872
0.159269
0.162349
0.16161
0.160223
0.160104
0.162458
0.160924
0.160229
0.167667
0.171103
0.162376
0.159173
0.155644
0.154615
0.154199
0.154576
0.15475
0.154892
0.155085
0.155332
0.15556
0.155678
0.155703
0.155706
0.15523
0.152079
0.151097
0.151392
0.152031
0.152374
0.151898
0.151983
0.151728
0.150392
0.149978
0.153555
0.162218
0.171628
0.18128
0.180439
0.180802
0.176408
0.161289
0.163499
0.162696
0.15537
0.156436
0.155306
0.154405
0.153252
0.151363
0.149317
0.149052
0.149646
0.1635
0.157245
0.162972
0.163118
0.163292
0.163172
0.162825
0.163981
0.160844
0.16003
0.161717
0.158462
0.163454
0.165574
0.158537
0.178995
0.168666
0.157045
0.154724
0.154099
0.154131
0.154246
0.154481
0.154726
0.15493
0.15517
0.15543
0.155618
0.155723
0.155759
0.155105
0.151813
0.150719
0.150797
0.150908
0.151421
0.151691
0.15177
0.15125
0.150609
0.152754
0.159187
0.168905
0.179252
0.18287
0.189792
0.193524
0.187714
0.159116
0.161231
0.161516
0.163208
0.159654
0.157772
0.156029
0.15421
0.152473
0.15056
0.150115
0.150383
0.158129
0.162779
0.163043
0.163168
0.163174
0.163171
0.162488
0.161113
0.16079
0.161299
0.157803
0.171869
0.173806
0.147206
0.14355
0.172991
0.153247
0.155431
0.153995
0.153747
0.153811
0.153983
0.154214
0.154454
0.154653
0.154857
0.155123
0.155392
0.155612
0.155784
0.155673
0.152657
0.150683
0.15032
0.150295
0.151356
0.151819
0.151966
0.151769
0.152849
0.157106
0.165088
0.175546
0.18189
0.189552
0.195619
0.193198
0.192627
0.180272
0.155717
0.164651
0.164177
0.160239
0.158116
0.156101
0.154718
0.153396
0.150973
0.150272
0.150834
0.157506
0.162328
0.162906
0.162731
0.162708
0.162735
0.160317
0.15992
0.159803
0.160521
0.173609
0.168591
0.17039
0.144785
0.159604
0.156123
0.155628
0.154052
0.153596
0.153543
0.153641
0.153798
0.153989
0.154194
0.154371
0.15454
0.154787
0.155093
0.155384
0.155646
0.155874
0.155097
0.151304
0.150143
0.149517
0.151275
0.15378
0.154457
0.155337
0.157597
0.162495
0.171375
0.182053
0.183237
0.194642
0.194164
0.191289
0.194473
0.160512
0.160322
0.161692
0.166689
0.162607
0.1598
0.157296
0.155791
0.154487
0.15254
0.151375
0.152058
0.158264
0.171239
0.161783
0.160066
0.161199
0.160742
0.161224
0.159655
0.160814
0.1671
0.169435
0.169339
0.142028
0.159214
0.157981
0.154947
0.153892
0.153484
0.153373
0.153395
0.153528
0.153718
0.153918
0.154104
0.154267
0.154404
0.154597
0.154878
0.155174
0.155452
0.155696
0.155959
0.154763
0.150864
0.149789
0.150257
0.154501
0.156268
0.15881
0.162233
0.168254
0.178879
0.184013
0.192952
0.196197
0.192626
0.190797
0.192476
0.189125
0.182475
0.174611
0.169945
0.165531
0.161156
0.157987
0.156642
0.155865
0.154755
0.152957
0.153935
0.160651
0.160924
0.160275
0.160321
0.159589
0.160875
0.160359
0.160261
0.160497
0.173883
0.167271
0.138089
0.158343
0.157539
0.155509
0.153831
0.153447
0.153277
0.153236
0.153306
0.153497
0.153741
0.15398
0.154177
0.154345
0.154475
0.154602
0.154812
0.155077
0.155336
0.155561
0.155755
0.156031
0.155805
0.151034
0.150444
0.154979
0.15908
0.162246
0.168529
0.181382
0.185692
0.180979
0.193045
0.192778
0.185356
0.187699
0.193472
0.183839
0.182952
0.182785
0.177295
0.170016
0.163535
0.159193
0.157239
0.156801
0.156295
0.154963
0.156172
0.164246
0.16182
0.160637
0.1605
0.160404
0.160478
0.159917
0.162503
0.160722
0.169962
0.152387
0.143721
0.158285
0.154792
0.154027
0.153425
0.153201
0.153101
0.153121
0.153259
0.153509
0.1538
0.154077
0.154301
0.154495
0.154642
0.15476
0.154894
0.1551
0.155338
0.155556
0.155743
0.155972
0.156322
0.156848
0.154151
0.15683
0.166738
0.171452
0.183549
0.188819
0.178224
0.189394
0.190456
0.189133
0.190715
0.190224
0.19253
0.191563
0.183436
0.185472
0.184758
0.177103
0.167369
0.16134
0.15836
0.157492
0.157899
0.157375
0.158508
0.166971
0.16602
0.16094
0.161307
0.160516
0.159604
0.1607
0.160466
0.175516
0.167085
0.143045
0.16098
0.154995
0.153789
0.153183
0.153082
0.152946
0.152934
0.153038
0.153249
0.153526
0.153829
0.154105
0.154354
0.154571
0.154752
0.154909
0.155041
0.15519
0.155395
0.155619
0.155852
0.156159
0.156638
0.157192
0.158629
0.16488
0.176215
0.187865
0.189676
0.178451
0.185058
0.190864
0.191166
0.189317
0.189981
0.190914
0.191246
0.182363
0.187148
0.186594
0.187807
0.186435
0.17544
0.165016
0.159649
0.158645
0.159369
0.159864
0.161183
0.169049
0.167504
0.162103
0.161571
0.161474
0.161087
0.161917
0.165494
0.170733
0.145371
0.157741
0.156048
0.154195
0.153624
0.152847
0.152989
0.152904
0.152932
0.153056
0.153258
0.153512
0.153776
0.154029
0.154281
0.15451
0.154719
0.154926
0.155119
0.155279
0.155466
0.155719
0.156051
0.156532
0.157202
0.157939
0.160039
0.167412
0.1751
0.183898
0.181411
0.188179
0.191275
0.192583
0.190554
0.190516
0.190613
0.190331
0.193376
0.188271
0.182266
0.180188
0.181618
0.186344
0.18426
0.172061
0.162547
0.160362
0.161884
0.162548
0.164017
0.170147
0.16959
0.162894
0.162034
0.163232
0.16165
0.160813
0.174045
0.171395
0.143704
0.156536
0.155004
0.154452
0.153963
0.153044
0.153229
0.153105
0.153088
0.153159
0.153296
0.153481
0.153684
0.153906
0.154128
0.154345
0.15456
0.154793
0.155042
0.155269
0.155502
0.155835
0.156345
0.157148
0.158047
0.159709
0.164343
0.172593
0.175595
0.180675
0.192802
0.194311
0.171236
0.169116
0.158922
0.169884
0.178546
0.189084
0.185642
0.192894
0.190179
0.185314
0.182411
0.181246
0.182906
0.178192
0.16535
0.159699
0.163292
0.167413
0.166807
0.167371
0.171579
0.170381
0.164347
0.165843
0.164705
0.162298
0.1695
0.169019
0.143328
0.156425
0.155057
0.154846
0.154443
0.153638
0.153719
0.153526
0.153438
0.153438
0.153504
0.153616
0.153758
0.153916
0.154071
0.154236
0.154429
0.154664
0.154946
0.155244
0.155603
0.156222
0.157219
0.158347
0.16052
0.16641
0.174099
0.176858
0.173846
0.175107
0.169903
0.162769
0.160485
0.155531
0.153982
0.157209
0.164329
0.164347
0.163948
0.187444
0.188754
0.171238
0.173696
0.171426
0.178644
0.180894
0.169899
0.160192
0.160294
0.170905
0.168554
0.167797
0.171863
0.167003
0.167803
0.166811
0.169633
0.170668
0.170778
0.169704
0.160558
0.155832
0.155162
0.155043
0.154639
0.153966
0.154048
0.153877
0.153799
0.153804
0.153869
0.15397
0.154093
0.154198
0.154263
0.154321
0.15441
0.154586
0.154865
0.155229
0.15569
0.156545
0.158116
0.16044
0.167315
0.174882
0.176654
0.172927
0.181503
0.173569
0.16925
0.161663
0.162046
0.158048
0.15505
0.153438
0.15344
0.154031
0.161268
0.162443
0.171816
0.163697
0.158394
0.157976
0.172242
0.181468
0.181958
0.161875
0.155482
0.163421
0.163961
0.164541
0.168869
0.167361
0.180807
0.166131
0.171863
0.173432
0.170345
0.139362
0.157821
0.155331
0.155298
0.155023
0.154529
0.153927
0.154032
0.153894
0.153855
0.153896
0.153995
0.154122
0.154266
0.15436
0.15439
0.154362
0.154376
0.154501
0.154769
0.155186
0.155743
0.156739
0.158882
0.164242
0.172397
0.177187
0.17517
0.186465
0.187014
0.165354
0.169637
0.162428
0.160708
0.158199
0.15725
0.157535
0.155081
0.153691
0.153522
0.155089
0.163704
0.158076
0.172989
0.175373
0.171736
0.179043
0.183342
0.163262
0.154837
0.157591
0.159495
0.162235
0.167573
0.167484
0.181367
0.16754
0.173399
0.172851
0.170065
0.13744
0.15711
0.155268
0.155368
0.15487
0.154323
0.153724
0.153868
0.153757
0.153746
0.153824
0.153955
0.154122
0.15427
0.154354
0.154326
0.154254
0.15424
0.154358
0.154641
0.155084
0.155687
0.157052
0.15936
0.165808
0.17529
0.17492
0.184814
0.198559
0.185806
0.165947
0.169067
0.162086
0.161798
0.158133
0.156745
0.157097
0.156393
0.155031
0.153905
0.153529
0.154372
0.156134
0.153506
0.170013
0.169557
0.171188
0.166721
0.16823
0.156126
0.156545
0.158435
0.16227
0.168516
0.167368
0.181923
0.167588
0.173382
0.172013
0.170001
0.158707
0.156454
0.155431
0.155444
0.154771
0.15412
0.153474
0.153652
0.153553
0.153572
0.153674
0.15384
0.154018
0.154152
0.154176
0.154111
0.154045
0.154079
0.154264
0.154618
0.155135
0.155848
0.157648
0.160103
0.167168
0.17595
0.173985
0.186118
0.213841
0.173971
0.167844
0.162017
0.160335
0.159904
0.157977
0.157039
0.156787
0.157463
0.156038
0.15502
0.154173
0.153747
0.153938
0.154115
0.153735
0.163971
0.16667
0.169544
0.175117
0.159415
0.156931
0.158307
0.162829
0.169937
0.17983
0.182814
0.166233
0.171424
0.17126
0.170412
0.158691
0.155969
0.155617
0.155447
0.154617
0.153898
0.153141
0.153364
0.15329
0.153344
0.153487
0.153687
0.153847
0.153928
0.153899
0.153836
0.153831
0.153966
0.154256
0.154714
0.15532
0.156229
0.15848
0.161287
0.168698
0.176157
0.173722
0.187402
0.180989
0.16663
0.169657
0.160332
0.161547
0.158446
0.15783
0.157015
0.156688
0.157575
0.157369
0.155888
0.154929
0.154406
0.154076
0.153878
0.15383
0.154048
0.164281
0.168775
0.172283
0.162293
0.15814
0.15779
0.163597
0.171788
0.181108
0.167749
0.165813
0.170244
0.170914
0.171274
0.159207
0.155329
0.155698
0.155258
0.1543
0.153528
0.152575
0.152955
0.152909
0.153023
0.153237
0.15345
0.153618
0.153646
0.153596
0.153558
0.153643
0.153881
0.154277
0.154831
0.155538
0.156783
0.159259
0.162612
0.169812
0.176077
0.174953
0.186643
0.196268
0.167824
0.164753
0.163289
0.160781
0.157162
0.157099
0.156677
0.156694
0.157262
0.157616
0.157307
0.156072
0.155088
0.154713
0.154515
0.154451
0.153527
0.163814
0.169604
0.168166
0.162967
0.159164
0.156018
0.163747
0.175183
0.179852
0.155876
0.162328
0.16385
0.171014
0.172318
0.159428
0.154581
0.155575
0.154782
0.153771
0.152984
0.151814
0.152481
0.152505
0.152716
0.152981
0.153231
0.153387
0.153397
0.153335
0.153344
0.153502
0.153841
0.154333
0.154966
0.155793
0.157516
0.159893
0.163621
0.17017
0.17553
0.17598
0.17674
0.154549
0.163537
0.163945
0.160356
0.158294
0.156695
0.156594
0.156694
0.156791
0.156994
0.157405
0.157694
0.157389
0.156882
0.155874
0.155303
0.155286
0.155239
0.165156
0.168534
0.169484
0.163664
0.158472
0.155756
0.16853
0.175473
0.177824
0.156384
0.15725
0.162281
0.17085
0.17291
0.158277
0.154235
0.155234
0.154122
0.153135
0.152405
0.150993
0.152056
0.152157
0.152416
0.152745
0.153047
0.153187
0.153167
0.153103
0.153175
0.153443
0.153884
0.154453
0.155156
0.156163
0.158396
0.160475
0.164062
0.169476
0.173767
0.174588
0.16743
0.159835
0.163405
0.161928
0.156319
0.15773
0.156782
0.156806
0.156922
0.156948
0.156932
0.157186
0.157569
0.157756
0.157587
0.15724
0.1569
0.156578
0.156668
0.168514
0.169883
0.169009
0.169104
0.158854
0.162941
0.169907
0.175331
0.175661
0.156318
0.158371
0.16129
0.170269
0.173073
0.157844
0.154282
0.154718
0.153489
0.152659
0.152081
0.150599
0.151857
0.151986
0.152275
0.15262
0.152915
0.152962
0.152859
0.152886
0.153112
0.15353
0.154058
0.154686
0.155468
0.156768
0.159294
0.160983
0.163903
0.167726
0.170585
0.171464
0.162051
0.16013
0.159127
0.15504
0.155724
0.157655
0.157301
0.157213
0.157215
0.15713
0.156993
0.157115
0.157354
0.157621
0.157732
0.157643
0.157439
0.157257
0.158478
0.169338
0.17078
0.169306
0.161349
0.164233
0.165284
0.171601
0.174791
0.174015
0.161104
0.158005
0.160727
0.168675
0.171972
0.156917
0.154592
0.15421
0.15311
0.152536
0.152183
0.15107
0.15205
0.1522
0.15248
0.152751
0.152886
0.1527
0.152605
0.152836
0.153282
0.153824
0.154423
0.155081
0.155997
0.157691
0.160147
0.161424
0.16339
0.165557
0.16726
0.163971
0.157854
0.156176
0.15586
0.154452
0.155509
0.1573
0.157715
0.15759
0.157477
0.157316
0.157109
0.157138
0.15725
0.157417
0.157555
0.157624
0.157574
0.157605
0.167906
0.17062
0.168845
0.168499
0.159897
0.163453
0.167085
0.171666
0.174318
0.173949
0.163127
0.159548
0.161141
0.168397
0.169451
0.157395
0.154881
0.153865
0.153006
0.152641
0.152452
0.151828
0.152526
0.152793
0.153108
0.153254
0.152917
0.152451
0.152659
0.153183
0.153798
0.154409
0.155044
0.155818
0.157015
0.159129
0.161068
0.161995
0.163119
0.164098
0.165423
0.161678
0.159066
0.156037
0.154742
0.154758
0.155275
0.156675
0.157603
0.157716
0.157636
0.157498
0.157258
0.157222
0.157237
0.157298
0.157396
0.157529
0.157627
0.160453
0.169429
0.171664
0.163436
0.168189
0.159242
0.162796
0.167084
0.17108
0.173964
0.174445
0.176685
0.16087
0.162351
0.173125
0.167717
0.153794
0.154636
0.153527
0.153044
0.15291
0.152871
0.152546
0.153044
0.1535
0.153985
0.154003
0.152878
0.152633
0.153198
0.153895
0.15456
0.155182
0.155859
0.156786
0.158372
0.160683
0.162267
0.163175
0.163907
0.164415
0.159943
0.170156
0.158852
0.156184
0.155355
0.155188
0.155201
0.155573
0.157021
0.157459
0.157622
0.157654
0.157447
0.157364
0.157301
0.157286
0.157364
0.157548
0.158608
0.168751
0.169955
0.169984
0.163119
0.154721
0.160947
0.16254
0.166901
0.170694
0.174873
0.177924
0.174834
0.161431
0.17281
0.172651
0.168559
0.153491
0.154066
0.153246
0.153027
0.152991
0.153047
0.153064
0.153655
0.154187
0.154768
0.154484
0.152896
0.153285
0.154079
0.154823
0.155479
0.156118
0.156912
0.158139
0.160176
0.162742
0.16246
0.162729
0.160977
0.166512
0.164785
0.158431
0.158606
0.155955
0.155679
0.155562
0.155357
0.15501
0.156277
0.156881
0.157343
0.157716
0.157674
0.157574
0.157439
0.157358
0.157442
0.157894
0.138136
0.170844
0.181461
0.167631
0.160794
0.152761
0.161311
0.163272
0.167448
0.171879
0.166296
0.171212
0.172509
0.170327
0.170546
0.17227
0.157643
0.154076
0.153464
0.152906
0.152743
0.152684
0.152921
0.153403
0.154173
0.154709
0.155247
0.154269
0.153377
0.154201
0.155068
0.155833
0.156557
0.157288
0.158314
0.160002
0.159692
0.162772
0.162651
0.160304
0.158414
0.157789
0.157856
0.158063
0.157349
0.155779
0.156028
0.156012
0.155694
0.154948
0.15541
0.156089
0.156724
0.157482
0.15781
0.157797
0.157601
0.15745
0.157546
0.159501
0.169919
0.184487
0.176513
0.158465
0.155485
0.152147
0.159978
0.161992
0.166434
0.170182
0.174683
0.176998
0.175167
0.172555
0.174973
0.167431
0.154319
0.154611
0.153063
0.152633
0.152435
0.152322
0.152671
0.153627
0.154379
0.154955
0.155288
0.15387
0.154194
0.155245
0.156194
0.157043
0.157886
0.158746
0.160009
0.16114
0.16279
0.162851
0.161386
0.159298
0.158001
0.158176
0.158046
0.157514
0.155811
0.155793
0.15647
0.15643
0.156099
0.155301
0.154535
0.155544
0.156182
0.157081
0.157711
0.157902
0.157738
0.157536
0.157524
0.168451
0.171529
0.159752
0.164344
0.16066
0.155547
0.157955
0.161964
0.163317
0.167354
0.171529
0.174165
0.180293
0.17379
0.174788
0.17636
0.170407
0.154665
0.154759
0.15282
0.152497
0.152331
0.152122
0.152498
0.153639
0.154581
0.154719
0.155104
0.154142
0.155251
0.15659
0.157669
0.158519
0.159305
0.159843
0.161132
0.162736
0.162932
0.162256
0.159762
0.158513
0.157989
0.158235
0.157919
0.156918
0.154933
0.15566
0.156528
0.156607
0.15647
0.15583
0.154574
0.154787
0.155558
0.156405
0.157258
0.157749
0.157695
0.157423
0.13688
0.170587
0.172844
0.169381
0.156719
0.154929
0.156079
0.157823
0.162002
0.162783
0.166344
0.169454
0.175631
0.176296
0.171235
0.178328
0.172299
0.145438
0.154693
0.153653
0.152852
0.152557
0.152341
0.152172
0.152705
0.153839
0.154394
0.15428
0.154992
0.155077
0.156927
0.158488
0.159332
0.159864
0.160099
0.160298
0.162348
0.162776
0.162432
0.160479
0.159286
0.157778
0.157951
0.158254
0.157584
0.155
0.150919
0.152352
0.15416
0.154791
0.155769
0.15618
0.155651
0.154695
0.154428
0.155401
0.15657
0.157099
0.156656
0.142134
0.168983
0.175142
0.172894
0.165019
0.160752
0.154188
0.156641
0.157756
0.158925
0.16771
0.166198
0.168532
0.18106
0.171778
0.177256
0.179251
0.167382
0.156394
0.154722
0.153345
0.15303
0.152718
0.152621
0.152692
0.15333
0.154048
0.154077
0.154112
0.155204
0.156754
0.158863
0.159795
0.160089
0.1603
0.159392
0.161338
0.162203
0.162181
0.161382
0.159487
0.158301
0.157695
0.158075
0.158011
0.156132
0.147379
0.147979
0.147965
0.147948
0.147994
0.147911
0.150142
0.155792
0.155812
0.155099
0.154655
0.153956
0.151304
0.151551
0.167006
0.171272
0.159857
0.171154
0.161055
0.151066
0.150513
0.156632
0.158323
0.161788
0.160894
0.161955
0.171335
0.17485
0.172996
0.18295
0.176924
0.147813
0.156738
0.154362
0.153384
0.153467
0.153367
0.153594
0.153901
0.15422
0.154105
0.153625
0.154584
0.156563
0.159079
0.160169
0.160522
0.157642
0.15963
0.145507
0.144839
0.14454
0.144169
0.143575
0.158356
0.143085
0.157713
0.157457
0.156435
0.155467
0.152494
0.148809
0.148529
0.148279
0.148258
0.148422
0.148744
0.154534
0.151653
0.15029
0.150934
0.151581
0.152434
0.146964
0.169241
0.180445
0.17558
0.16369
0.158263
0.15237
0.152668
0.156675
0.15931
0.160221
0.162363
0.156397
0.170078
0.172681
0.182157
0.18417
0.170091
0.156884
0.15444
0.154074
0.153565
0.153973
0.154125
0.154626
0.154927
0.154669
0.153876
0.153793
0.156663
0.158723
0.160248
0.160999
0.163763
0.1603
0.15928
0.145553
0.144768
0.144354
0.143901
0.142076
0.143161
0.143366
0.157575
0.156751
0.155387
0.155316
0.152062
0.148995
0.148764
0.152305
0.151729
0.151785
0.151729
0.152126
0.154296
0.154691
0.156249
0.161502
0.150573
0.167373
0.171529
0.154613
0.174233
0.15921
0.155873
0.153397
0.152733
0.156103
0.159956
0.161348
0.162384
0.15903
0.172634
0.174137
0.190472
0.182004
0.148499
0.166925
0.154338
0.153969
0.153807
0.154223
0.154348
0.155005
0.155148
0.154531
0.153902
0.155
0.158371
0.160809
0.159722
0.161342
0.159902
0.159384
0.145521
0.145051
0.144625
0.144176
0.143535
0.141897
0.14281
0.143621
0.150366
0.153319
0.153918
0.154626
0.146831
0.149322
0.150501
0.151142
0.151366
0.151333
0.151209
0.151125
0.15165
0.155052
0.15732
0.162018
0.165347
0.169873
0.168099
0.17524
0.164559
0.157196
0.153235
0.153343
0.152464
0.142602
0.161681
0.161468
0.161494
0.165738
0.176021
0.181705
0.193709
0.174885
0.14632
0.168226
0.153483
0.15346
0.153953
0.154002
0.154652
0.155432
0.15536
0.154516
0.154504
0.157406
0.160503
0.162621
0.162616
0.162008
0.161192
0.160307
0.145216
0.145039
0.144567
0.144026
0.143695
0.142468
0.142601
0.148019
0.151479
0.151279
0.149278
0.151494
0.148622
0.149794
0.15032
0.150704
0.150891
0.150623
0.15037
0.150317
0.150909
0.153702
0.158779
0.163529
0.167427
0.174587
0.155451
0.176331
0.159548
0.15575
0.152857
0.152392
0.151823
0.157602
0.16275
0.161975
0.157452
0.170703
0.17602
0.192919
0.190757
0.170058
0.164044
0.167616
0.152489
0.153151
0.153583
0.153988
0.154382
0.155346
0.155307
0.154998
0.156494
0.162612
0.161627
0.162167
0.162051
0.161841
0.161392
0.159525
0.144849
0.144953
0.144496
0.143787
0.14156
0.142683
0.143313
0.151913
0.15186
0.15196
0.151854
0.15244
0.152049
0.150375
0.150405
0.150382
0.150337
0.150258
0.150329
0.149692
0.150498
0.153075
0.159699
0.164076
0.1687
0.164497
0.166628
0.167632
0.157907
0.154997
0.152759
0.153018
0.154009
0.157945
0.163068
0.162915
0.160398
0.175149
0.17859
0.197587
0.184607
0.150459
0.168952
0.175345
0.157169
0.150482
0.153468
0.15154
0.151519
0.15358
0.154143
0.15583
0.158238
0.16089
0.161548
0.161713
0.16157
0.161413
0.160897
0.143454
0.144487
0.144822
0.144415
0.14427
0.141952
0.142519
0.145849
0.152352
0.152081
0.152531
0.152454
0.153168
0.152349
0.150179
0.149853
0.149609
0.149515
0.149489
0.149516
0.149966
0.151575
0.153374
0.159937
0.166933
0.171028
0.155739
0.174532
0.165156
0.156968
0.154363
0.152839
0.153496
0.15673
0.159066
0.162562
0.163125
0.168513
0.180359
0.182318
0.197385
0.175694
0.147447
0.171798
0.180911
0.178866
0.168358
0.150986
0.152664
0.147884
0.155335
0.156569
0.159295
0.16109
0.161538
0.161493
0.161352
0.161227
0.161115
0.160165
0.142802
0.14403
0.14466
0.144295
0.141357
0.142359
0.142764
0.151248
0.152519
0.152473
0.1529
0.153096
0.153905
0.152962
0.14994
0.149281
0.148882
0.148737
0.148856
0.149222
0.150319
0.152599
0.155803
0.158739
0.172158
0.171121
0.160316
0.176327
0.161668
0.156347
0.1532
0.153034
0.154032
0.157603
0.16009
0.161907
0.160688
0.1709
0.177942
0.191494
0.192659
0.17023
0.15241
0.173975
0.182024
0.176572
0.176452
0.161476
0.161786
0.152915
0.160051
0.15924
0.160245
0.161484
0.161613
0.161244
0.160968
0.160894
0.16086
0.140399
0.142043
0.14352
0.144467
0.144933
0.141234
0.14233
0.143796
0.152861
0.15269
0.152996
0.153294
0.153833
0.15471
0.15454
0.149966
0.147892
0.147358
0.147205
0.14733
0.148285
0.151213
0.155305
0.159228
0.172561
0.170441
0.157619
0.172994
0.168836
0.159068
0.155841
0.152679
0.153293
0.154623
0.15762
0.160668
0.162211
0.161662
0.177094
0.178386
0.194476
0.185138
0.15488
0.153227
0.17526
0.179739
0.170335
0.170613
0.171588
0.165395
0.155587
0.147405
0.144725
0.16024
0.161285
0.161482
0.161071
0.160555
0.160551
0.160623
0.139806
0.141346
0.142981
0.144238
0.14441
0.141703
0.142198
0.146534
0.153059
0.152864
0.153511
0.153776
0.1547
0.155645
0.156628
0.149064
0.148072
0.148038
0.148295
0.1488
0.149703
0.151948
0.1565
0.164984
0.171445
0.165218
0.159742
0.174588
0.166413
0.157835
0.154859
0.152653
0.153588
0.155893
0.157481
0.162292
0.163763
0.169413
0.181286
0.180789
0.191654
0.175916
0.152551
0.152532
0.173619
0.176538
0.166715
0.16665
0.174486
0.167545
0.157504
0.148963
0.145724
0.145432
0.160193
0.160948
0.160653
0.160433
0.160207
0.160411
0.139165
0.140724
0.142444
0.144269
0.141411
0.141907
0.142387
0.151588
0.153255
0.153263
0.15398
0.154404
0.15574
0.156808
0.156754
0.148758
0.14901
0.149184
0.149985
0.151363
0.152963
0.154106
0.156579
0.172515
0.165099
0.160172
0.157961
0.176251
0.162934
0.157251
0.152995
0.152732
0.153883
0.156619
0.157743
0.162415
0.162339
0.171819
0.177398
0.185871
0.185836
0.173563
0.150943
0.152239
0.171707
0.174567
0.164956
0.164818
0.174816
0.169786
0.157826
0.150084
0.146337
0.145768
0.14565
0.145211
0.15992
0.160119
0.160261
0.160308
0.160123
0.140226
0.14196
0.145151
0.140825
0.141828
0.142978
0.153551
0.153489
0.153749
0.154433
0.155211
0.157027
0.158357
0.156888
0.150301
0.149875
0.150553
0.152065
0.154048
0.156138
0.158291
0.164126
0.166699
0.163548
0.161131
0.174607
0.175853
0.161545
0.156836
0.152496
0.152749
0.154143
0.157265
0.15942
0.161663
0.161474
0.176036
0.174799
0.201679
0.182034
0.17067
0.150824
0.152977
0.170491
0.174929
0.16452
0.163298
0.174569
0.16941
0.159085
0.150903
0.146839
0.146081
0.145874
0.145279
0.145189
0.159314
0.16019
0.160466
0.160396
0.139837
0.141556
0.145369
0.141104
0.141682
0.144454
0.154002
0.153738
0.154287
0.154964
0.156211
0.158649
0.160325
0.155983
0.150838
0.151608
0.153298
0.156074
0.160211
0.164929
0.170501
0.163995
0.165071
0.162103
0.159802
0.174681
0.169886
0.160551
0.156528
0.152438
0.15304
0.154357
0.157602
0.160339
0.163014
0.167546
0.180255
0.198859
0.20215
0.175551
0.16393
0.153047
0.152959
0.168172
0.176042
0.167711
0.167245
0.174233
0.170002
0.15975
0.15152
0.14729
0.146367
0.146129
0.145461
0.145268
0.14373
0.160125
0.160614
0.160419
0.139493
0.1412
0.145062
0.141355
0.141711
0.147996
0.154337
0.154158
0.154916
0.155601
0.157433
0.160631
0.162133
0.154441
0.151985
0.15344
0.154748
0.15179
0.152723
0.155207
0.160537
0.165984
0.16457
0.161908
0.173687
0.176108
0.164428
0.159797
0.156277
0.152415
0.153856
0.154431
0.157472
0.162144
0.163045
0.172437
0.188646
0.200599
0.201984
0.175444
0.157373
0.156157
0.153165
0.165383
0.176081
0.170803
0.168486
0.174652
0.170209
0.160261
0.152009
0.147684
0.146632
0.146379
0.145683
0.145395
0.144013
0.159885
0.160754
0.160721
0.139352
0.140966
0.143401
0.141509
0.141944
0.152083
0.154661
0.154692
0.15553
0.15644
0.159016
0.162639
0.163669
0.150999
0.151434
0.149564
0.150573
0.153076
0.155116
0.157308
0.165174
0.165027
0.162525
0.15986
0.174751
0.164799
0.163587
0.159166
0.156029
0.15235
0.154077
0.152107
0.157824
0.16095
0.161222
0.174412
0.190935
0.201461
0.18152
0.170766
0.157146
0.157843
0.155122
0.162175
0.174159
0.174427
0.17173
0.175153
0.17032
0.160531
0.15239
0.148053
0.146902
0.146654
0.14595
0.145583
0.144195
0.159933
0.160935
0.160989
0.139078
0.14073
0.141824
0.141599
0.142303
0.153533
0.154874
0.15518
0.156064
0.157463
0.160891
0.164463
0.165385
0.163429
0.148347
0.150292
0.152184
0.154195
0.156193
0.161919
0.164721
0.164582
0.161745
0.173556
0.161447
0.164563
0.163039
0.158591
0.155784
0.152228
0.154243
0.151238
0.158915
0.162054
0.165188
0.181401
0.193624
0.201474
0.180502
0.172028
0.162994
0.158879
0.15936
0.160292
0.1705
0.176065
0.175017
0.175584
0.16979
0.160217
0.152529
0.148337
0.147223
0.147011
0.146308
0.145866
0.144159
0.160504
0.161189
0.161252
0.160474
0.140416
0.142093
0.14166
0.14278
0.153968
0.154972
0.155602
0.156488
0.158489
0.162657
0.165908
0.166731
0.165652
0.148986
0.151486
0.153336
0.154853
0.159037
0.164088
0.164817
0.161775
0.170079
0.158795
0.160515
0.165108
0.162447
0.158056
0.155585
0.154404
0.154236
0.146782
0.159129
0.164062
0.171747
0.18387
0.196636
0.184179
0.174625
0.172084
0.166715
0.160786
0.159842
0.161537
0.166744
0.173998
0.175766
0.175086
0.168507
0.159328
0.152443
0.148614
0.147673
0.147519
0.146814
0.146236
0.143867
0.160755
0.161425
0.161496
0.161135
0.139828
0.142012
0.141699
0.143455
0.154215
0.1551
0.155987
0.156833
0.159487
0.16403
0.16708
0.167772
0.167683
0.151544
0.152686
0.154575
0.157106
0.161701
0.164595
0.164363
0.160552
0.15905
0.158073
0.161293
0.165049
0.161709
0.157538
0.155403
0.154705
0.154122
0.145029
0.14714
0.15942
0.17071
0.185887
0.19946
0.184587
0.171306
0.174807
0.169774
0.163248
0.161525
0.161291
0.165104
0.170047
0.173584
0.173392
0.165381
0.158228
0.152303
0.149087
0.14837
0.148264
0.147508
0.146561
0.143623
0.159867
0.16113
0.161534
0.161413
0.138767
0.141656
0.141677
0.144489
0.154327
0.155264
0.156395
0.157207
0.160633
0.16511
0.167872
0.168545
0.169419
0.152191
0.153806
0.155751
0.159161
0.163956
0.164603
0.161681
0.170971
0.158506
0.158219
0.162232
0.164591
0.160838
0.157081
0.155107
0.154806
0.154012
0.145134
0.16058
0.16459
0.180947
0.188202
0.201183
0.18436
0.171857
0.172809
0.171691
0.166782
0.164572
0.162511
0.162843
0.166462
0.168502
0.169072
0.162217
0.15714
0.152605
0.150102
0.149564
0.149521
0.148645
0.146743
0.143664
0.159392
0.159358
0.160903
0.161564
0.160575
0.141188
0.141451
0.145644
0.154224
0.155405
0.156815
0.157701
0.161975
0.166008
0.168282
0.169095
0.170678
0.155404
0.154756
0.157863
0.162964
0.164616
0.164367
0.161597
0.173011
0.158312
0.158893
0.163802
0.163956
0.159874
0.156725
0.154765
0.15478
0.153691
0.144097
0.150384
0.172294
0.182975
0.191186
0.182508
0.182345
0.172569
0.172989
0.176012
0.170023
0.165856
0.164874
0.163794
0.163466
0.165397
0.164991
0.161073
0.157046
0.153863
0.152224
0.15173
0.151327
0.149428
0.145965
0.143311
0.159693
0.159702
0.159982
0.16153
0.161181
0.140169
0.140637
0.145086
0.153755
0.155471
0.157092
0.158239
0.163134
0.166636
0.168356
0.169646
0.173054
0.171191
0.157992
0.16231
0.164185
0.164458
0.162154
0.160119
0.173564
0.158297
0.159657
0.164739
0.163217
0.158993
0.156504
0.155874
0.154751
0.150128
0.144613
0.15562
0.178662
0.184722
0.194866
0.183813
0.16948
0.172794
0.173332
0.176399
0.172326
0.169385
0.166055
0.164645
0.164621
0.163311
0.16349
0.161314
0.160216
0.15659
0.154848
0.153026
0.151132
0.148073
0.14509
0.14307
0.160594
0.160048
0.159729
0.161221
0.161523
0.158214
0.138893
0.142855
0.152482
0.155398
0.157252
0.158523
0.163259
0.166755
0.168599
0.170637
0.175145
0.172192
0.162071
0.163791
0.164351
0.162686
0.16153
0.170912
0.159083
0.158456
0.160582
0.164964
0.16229
0.158262
0.156384
0.156081
0.154409
0.147397
0.146113
0.157635
0.181209
0.186923
0.198519
0.183979
0.17167
0.173116
0.173624
0.178194
0.176184
0.173142
0.169573
0.167066
0.16498
0.165058
0.162943
0.163389
0.160566
0.159023
0.157328
0.155375
0.152488
0.148298
0.144641
0.142145
0.16116
0.160551
0.159683
0.159769
0.16173
0.15984
0.13746
0.14077
0.150222
0.154805
0.157274
0.15891
0.163781
0.166707
0.168821
0.172905
0.17562
0.172251
0.163259
0.164043
0.163356
0.161242
0.158291
0.173252
0.15901
0.158909
0.161656
0.164199
0.161244
0.157725
0.156343
0.155009
0.154251
0.144233
0.151055
0.172291
0.182967
0.189845
0.199836
0.182963
0.172375
0.17341
0.173821
0.174424
0.180908
0.177788
0.177327
0.170542
0.168533
0.166263
0.164895
0.16561
0.16485
0.161255
0.157855
0.155391
0.15213
0.148128
0.145084
0.143847
0.160233
0.160914
0.160015
0.160161
0.161731
0.160467
0.160007
0.139863
0.147406
0.153679
0.15748
0.159073
0.163917
0.165015
0.16929
0.175123
0.175641
0.172816
0.163199
0.163861
0.159881
0.160898
0.155644
0.173759
0.159821
0.160039
0.163272
0.163156
0.160339
0.157371
0.15609
0.155186
0.154001
0.140683
0.15564
0.178915
0.184874
0.193012
0.182195
0.178327
0.172715
0.173629
0.174091
0.175176
0.177648
0.180731
0.18539
0.181822
0.178751
0.171261
0.168633
0.175641
0.170807
0.167852
0.163812
0.155403
0.151147
0.147866
0.145952
0.146802
0.160949
0.161968
0.161117
0.159906
0.161455
0.161043
0.161597
0.159926
0.157238
0.152514
0.158598
0.160482
0.164336
0.162401
0.162543
0.162606
0.17491
0.172707
0.163256
0.162825
0.161319
0.163019
0.161323
0.17393
0.175223
0.161457
0.163337
0.162181
0.159635
0.157162
0.160981
0.155477
0.153402
0.160223
0.157623
0.181428
0.187085
0.195832
0.182044
0.170949
0.172982
0.173799
0.174883
0.17741
0.180777
0.183568
0.185117
0.185299
0.184866
0.184477
0.179963
0.183382
0.178269
0.174646
0.175721
0.166205
0.154238
0.15312
0.156397
0.160012
0.166144
0.165351
0.1649
0.161469
0.161275
0.160997
0.163013
0.161433
0.157994
0.159118
0.160227
0.162154
0.164126
0.164142
0.163557
0.162117
0.173456
0.16109
0.164025
0.164367
0.164343
0.163922
0.16314
0.173899
0.176093
0.162215
0.16213
0.161386
0.159146
0.157076
0.164054
0.158006
0.150386
0.159145
0.158468
0.183269
0.189516
0.196647
0.180851
0.171725
0.173077
0.174087
0.176421
0.180243
0.183765
0.185961
0.187129
0.187522
0.187577
0.187312
0.186397
0.187815
0.185629
0.18135
0.176818
0.172796
0.172771
0.162183
0.16615
0.168825
0.169865
0.168915
0.167313
0.165445
0.162733
0.159158
0.1634
0.16179
0.16213
0.161284
0.162255
0.163472
0.16454
0.164292
0.16285
0.161026
0.172592
0.164065
0.164338
0.164138
0.162556
0.160683
0.159075
0.175285
0.176731
0.162016
0.161181
0.160789
0.158842
0.157104
0.164564
0.158228
0.160754
0.159042
0.165035
0.185202
0.191606
0.180785
0.177297
0.171721
0.172912
0.174474
0.178204
0.182681
0.185735
0.187497
0.188548
0.189065
0.189288
0.189257
0.189007
0.186404
0.185112
0.184161
0.179697
0.175401
0.168583
0.168013
0.169098
0.171022
0.172701
0.166361
0.168563
0.167922
0.163687
0.157341
0.16194
0.161681
0.164896
0.163807
0.163746
0.163925
0.164854
0.163606
0.161523
0.163864
0.16486
0.164209
0.163026
0.160107
0.156587
0.154327
0.172818
0.176788
0.160564
0.160737
0.16066
0.160371
0.15866
0.157292
0.163611
0.158203
0.160936
0.15871
0.168951
0.187195
0.192083
0.177089
0.172947
0.1714
0.172359
0.174356
0.179413
0.1842
0.186908
0.188489
0.189372
0.189554
0.188818
0.186487
0.186213
0.183142
0.181937
0.180007
0.178392
0.175681
0.174534
0.169967
0.167554
0.169953
0.166977
0.166423
0.164899
0.171933
0.171258
0.163067
0.160578
0.165349
0.16498
0.165767
0.165782
0.164555
0.175949
0.164172
0.167029
0.164794
0.163502
0.160365
0.155569
0.152476
0.150675
0.170401
0.160701
0.159204
0.160487
0.159748
0.160388
0.160044
0.158571
0.157669
0.163338
0.158073
0.161624
0.15724
0.182941
0.188903
0.18976
0.173743
0.170603
0.174363
0.175432
0.173167
0.179069
0.184492
0.187152
0.188587
0.188831
0.186366
0.187517
0.183963
0.183961
0.204494
0.204541
0.204293
0.184515
0.182699
0.199947
0.197924
0.191234
0.189708
0.171348
0.196286
0.193582
0.192091
0.170227
0.167106
0.16793
0.168037
0.166744
0.169063
0.167102
0.162855
0.165714
0.165174
0.163674
0.159647
0.154018
0.152152
0.151594
0.149665
0.168204
0.161203
0.159511
0.159273
0.160432
0.159323
0.160247
0.159865
0.158661
0.158251
0.158853
0.157814
0.16156
0.163128
0.1844
0.189515
0.185393
0.171961
0.164321
0.168179
0.172348
0.175119
0.176522
0.183305
0.185284
0.186958
0.187065
0.185751
0.211968
0.210224
0.201197
0.204463
0.204973
0.20523
0.205246
0.204404
0.202425
0.200206
0.197584
0.190601
0.206072
0.192315
0.186357
0.211895
0.172122
0.164859
0.172223
0.168861
0.173326
0.163387
0.164029
0.162839
0.164243
0.15873
0.151901
0.151021
0.151147
0.150586
0.147537
0.167755
0.161153
0.160198
0.15967
0.15949
0.160069
0.159089
0.160093
0.15972
0.158835
0.159133
0.159437
0.157033
0.161565
0.16718
0.18578
0.188057
0.182489
0.169807
0.163976
0.164645
0.166738
0.170003
0.177899
0.179861
0.197715
0.201235
0.206082
0.210907
0.211873
0.203984
0.203488
0.204602
0.205107
0.205688
0.206399
0.20647
0.20457
0.20212
0.201014
0.199295
0.190967
0.190101
0.209616
0.203927
0.166902
0.169171
0.1784
0.165889
0.164429
0.167395
0.164151
0.15729
0.149207
0.147612
0.149631
0.150758
0.15048
0.147247
0.167433
0.161529
0.160868
0.160361
0.159494
0.159598
0.158993
0.158936
0.159763
0.159391
0.159069
0.151264
0.159341
0.155872
0.162242
0.172285
0.186807
0.184967
0.180964
0.179321
0.160336
0.160617
0.172272
0.166231
0.170272
0.195637
0.197791
0.200017
0.202281
0.211494
0.211666
0.206167
0.203067
0.205066
0.205269
0.205871
0.20657
0.206796
0.205699
0.203527
0.201505
0.201107
0.20078
0.19908
0.199077
0.159867
0.168145
0.176534
0.177336
0.172024
0.170898
0.177427
0.166008
0.152947
0.147215
0.147169
0.145632
0.149622
0.164528
0.163159
0.162248
0.161781
0.161408
0.160863
0.159746
0.16039
0.172821
0.168127
0.163461
0.160227
0.159662
0.165369
0.156053
0.152374
0.161992
0.171145
0.186702
0.182239
0.179356
0.177957
0.158866
0.160045
0.161319
0.162815
0.166039
0.172756
0.196872
0.19846
0.186846
0.188711
0.186059
0.182619
0.179774
0.203877
0.205102
0.205627
0.206216
0.206417
0.205608
0.203772
0.201953
0.201097
0.201191
0.199787
0.199973
0.172899
0.176282
0.182396
0.173029
0.171908
0.170566
0.169187
0.167917
0.166939
0.165764
0.164612
0.163746
0.163057
0.162701
0.162503
0.162303
0.161998
0.161509
0.16046
0.159643
0.159841
0.158308
0.158175
0.159595
0.159853
0.160012
0.15528
0.164722
0.151931
0.163535
0.184963
0.185644
0.180833
0.177743
0.175793
0.165058
0.157962
0.158471
0.174165
0.176001
0.181998
0.195373
0.198663
0.199808
0.188069
0.188481
0.185589
0.179496
0.205668
0.204675
0.205121
0.205741
0.206067
0.205419
0.203637
0.202028
0.200707
0.200921
0.199141
0.190139
0.180484
0.186552
0.174622
0.17205
0.170937
0.16974
0.168497
0.167367
0.16583
0.166619
0.163801
0.163399
0.163307
0.163186
0.163031
0.16283
0.162386
0.161547
0.160136
0.16016
0.173905
0.170718
0.165791
0.159534
0.16056
0.151158
0.155708
0.160703
0.154966
0.164063
0.185074
0.183166
0.178869
0.1757
0.17404
0.161515
0.162001
0.1637
0.168417
0.173542
0.179321
0.179909
0.192791
0.198355
0.198354
0.187492
0.187677
0.183853
0.200688
0.2033
0.203985
0.204625
0.205231
0.205415
0.20441
0.202174
0.19902
0.197954
0.198638
0.183211
0.170355
0.171629
0.171358
0.170761
0.169918
0.168946
0.166553
0.165265
0.149392
0.144675
0.163962
0.163588
0.163644
0.163519
0.163376
0.163071
0.162425
0.161235
0.160095
0.159901
0.158666
0.15759
0.158518
0.159875
0.160711
0.149421
0.155971
0.148112
0.156573
0.165405
0.184552
0.181282
0.176547
0.174105
0.172523
0.159615
0.160397
0.161495
0.162686
0.165556
0.170835
0.177075
0.17826
0.186895
0.196195
0.195256
0.195184
0.20672
0.199382
0.201652
0.202699
0.203227
0.203791
0.20429
0.204457
0.20354
0.198789
0.197664
0.194783
0.160493
0.167127
0.169424
0.169769
0.169598
0.168796
0.167834
0.166912
0.166097
0.165396
0.164975
0.164433
0.163748
0.163662
0.163704
0.16355
0.16306
0.162061
0.160776
0.159379
0.157741
0.156768
0.156702
0.158102
0.159514
0.162649
0.148628
0.152708
0.149111
0.155959
0.167821
0.183229
0.179296
0.174764
0.172745
0.171272
0.158533
0.161066
0.161661
0.16168
0.16208
0.163882
0.169433
0.173288
0.177703
0.1797
0.190963
0.187899
0.189866
0.192665
0.198164
0.200981
0.201944
0.202166
0.202533
0.202796
0.20277
0.199983
0.195855
0.191058
0.162009
0.162009
0.166843
0.167961
0.167837
0.167079
0.166322
0.16574
0.165262
0.165021
0.164899
0.164446
0.164052
0.163857
0.163772
0.163491
0.162778
0.161683
0.160588
0.158772
0.156639
0.155082
0.155481
0.157219
0.159085
0.161394
0.149011
0.151674
0.150372
0.152601
0.171343
0.181471
0.176709
0.173264
0.171645
0.170175
0.15757
0.160857
0.160765
0.160889
0.160991
0.161932
0.163907
0.168362
0.171395
0.175269
0.172749
0.180046
0.185781
0.181394
0.185311
0.193213
0.198757
0.200208
0.200563
0.200694
0.20052
0.199811
0.193274
0.177547
0.161183
0.158643
0.16349
0.165418
0.165641
0.165262
0.165021
0.164918
0.164912
0.164798
0.164892
0.164984
0.166856
0.165465
0.163214
0.163158
0.16249
0.161328
0.160271
0.158524
0.156077
0.154362
0.154889
0.156903
0.158987
0.160141
0.149315
0.152275
0.15226
0.152991
0.175117
0.179688
0.174291
0.171972
0.170719
0.169058
0.166993
0.159789
0.160283
0.160167
0.160377
0.160336
0.162346
0.164659
0.169436
0.168954
0.171071
0.17332
0.177004
0.175504
0.177545
0.180304
0.182175
0.186752
0.191929
0.192796
0.191682
0.188188
0.18039
0.169195
0.160138
0.157331
0.16038
0.163195
0.164067
0.164312
0.143884
0.147511
0.151574
0.152058
0.152007
0.152659
0.154152
0.152467
0.148544
0.163021
0.162457
0.161662
0.160838
0.158081
0.154606
0.153786
0.155448
0.157721
0.159308
0.1598
0.149133
0.153741
0.156483
0.155811
0.183227
0.17628
0.172466
0.171158
0.169831
0.16786
0.165594
0.163955
0.160225
0.159224
0.156934
0.158388
0.159272
0.166821
0.167744
0.168878
0.170284
0.171954
0.17368
0.174165
0.175046
0.175234
0.174737
0.174066
0.174981
0.178875
0.178565
0.176862
0.174
0.160924
0.159978
0.158498
0.158282
0.165148
0.144783
0.163906
0.150475
0.153155
0.153242
0.154723
0.154479
0.155573
0.154437
0.153058
0.162846
0.16276
0.162061
0.160914
0.156917
0.153549
0.153743
0.155478
0.157462
0.158821
0.159073
0.147756
0.149249
0.157764
0.162394
0.166911
0.18376
0.173124
0.171487
0.172692
0.168912
0.161282
0.162959
0.162018
0.161904
0.162902
0.164197
0.16514
0.165894
0.166603
0.167324
0.168111
0.169396
0.171047
0.172753
0.173082
0.174234
0.174678
0.1742
0.17237
0.169472
0.167817
0.166999
0.169639
0.169046
0.155723
0.159524
0.15766
0.156141
0.161579
0.145623
0.148125
0.150905
0.151834
0.152702
0.154023
0.156465
0.158817
0.157866
0.155493
0.157873
0.155709
0.1547
0.16102
0.155887
0.155056
0.155743
0.156877
0.157901
0.15803
0.149458
0.147463
0.149824
0.161888
0.170032
0.177315
0.183041
0.172472
0.171569
0.15804
0.161449
0.160962
0.160222
0.160775
0.162267
0.161124
0.163048
0.164088
0.164775
0.165399
0.166077
0.166977
0.168126
0.169678
0.171477
0.170907
0.172004
0.17257
0.172445
0.171394
0.169646
0.168231
0.167515
0.167446
0.157815
0.15244
0.158759
0.157241
0.152414
0.153526
0.15408
0.154601
0.148035
0.139648
0.146332
0.145062
0.144634
0.144618
0.144834
0.145073
0.145358
0.14569
0.146152
0.146617
0.146761
0.146404
0.151718
0.154429
0.155291
0.149281
0.14763
0.147356
0.149624
0.160657
0.170448
0.168884
0.180252
0.172714
0.166377
0.15966
0.160797
0.160103
0.159508
0.160171
0.162681
0.159254
0.161275
0.16273
0.163681
0.164408
0.165101
0.165879
0.166845
0.168135
0.169549
0.168866
0.16965
0.169915
0.169418
0.168273
0.167315
0.166367
0.163456
0.16252
0.152987
0.147224
0.154049
0.152248
0.152363
0.153193
0.154558
0.154493
0.155745
0.155231
0.155271
0.155281
0.156134
0.156108
0.155717
0.155369
0.154969
0.151616
0.155521
0.154509
0.155166
0.156046
0.156783
0.157053
0.15561
0.148647
0.146802
0.158924
0.164551
0.165943
0.166053
0.169671
0.177556
0.171007
0.157624
0.160736
0.160578
0.162853
0.158594
0.158099
0.158572
0.159357
0.160152
0.161109
0.162283
0.163287
0.164153
0.164996
0.165844
0.166761
0.167827
0.167056
0.167616
0.167542
0.166827
0.166136
0.165189
0.162497
0.160478
0.15557
0.151699
0.147471
0.149855
0.156753
0.152738
0.153298
0.154233
0.154895
0.154673
0.155708
0.155774
0.155708
0.154283
0.15559
0.153807
0.154051
0.15475
0.155491
0.156156
0.156746
0.157323
0.157828
0.158089
0.15781
0.155749
0.148069
0.145896
0.156433
0.162131
0.164601
0.168074
0.181483
0.172406
0.160701
0.158761
0.159293
0.161699
0.160752
0.160041
0.159394
0.159025
0.158934
0.159124
0.159669
0.160584
0.161752
0.162891
0.163872
0.164701
0.165472
0.166259
0.165285
0.165581
0.165188
0.164756
0.164218
0.16271
0.161246
0.160098
0.155202
0.150973
0.14867
0.147965
0.150056
0.151089
0.151878
0.152643
0.153272
0.149344
0.154398
0.154739
0.154304
0.154145
0.154151
0.154578
0.155252
0.155968
0.15662
0.157184
0.15768
0.15808
0.158305
0.158226
0.157572
0.148877
0.145916
0.154101
0.1563
0.161541
0.1636
0.165718
0.16696
0.170981
0.159033
0.160954
0.159306
0.161477
0.160364
0.159568
0.158755
0.158215
0.157945
0.158016
0.158439
0.159157
0.160129
0.161281
0.162399
0.163251
0.163889
0.164559
0.163248
0.163058
0.162703
0.162526
0.162258
0.162043
0.161221
0.161495
0.157213
0.151034
0.149166
0.146097
0.14783
0.149354
0.151035
0.151866
0.151426
0.14798
0.153103
0.153355
0.154265
0.154558
0.155141
0.15571
0.156309
0.156895
0.157423
0.15787
0.158216
0.158407
0.15833
0.157908
0.156712
0.148172
0.15338
0.154595
0.156371
0.161176
0.162138
0.164495
0.179237
0.168366
0.159979
0.159638
0.160279
0.161011
0.159749
0.158814
0.157947
0.157279
0.156968
0.157014
0.157386
0.158013
0.158826
0.159756
0.160673
0.16143
0.162013
0.162684
0.161863
0.161592
0.161783
0.162283
0.163033
0.163772
0.163962
0.164066
0.161333
0.15246
0.149939
0.146888
0.14629
0.147597
0.148805
0.149384
0.149686
0.149217
0.148468
0.147876
0.152326
0.152852
0.153927
0.154772
0.155392
0.155995
0.156408
0.15669
0.15687
0.156717
0.155995
0.15152
0.147585
0.154067
0.154794
0.155433
0.156469
0.160271
0.161913
0.164299
0.177148
0.165584
0.158141
0.159425
0.161001
0.160271
0.15902
0.158065
0.157224
0.156611
0.156357
0.156422
0.156772
0.157361
0.158121
0.158936
0.159652
0.160217
0.160813
0.16162
0.160812
0.161235
0.162458
0.164208
0.166444
0.16834
0.168867
0.166779
0.167056
0.156566
0.15327
0.148757
0.146959
0.146551
0.147393
0.151678
0.151348
0.150994
0.149876
0.149388
0.149271
0.149432
0.14992
0.150687
0.151491
0.152073
0.152456
0.152781
0.153103
0.153427
0.153759
0.154098
0.154466
0.154826
0.155218
0.155689
0.156444
0.158839
0.162997
0.162579
0.16629
0.162584
0.158251
0.159076
0.161854
0.160063
0.158504
0.157726
0.157019
0.156522
0.156343
0.156433
0.156774
0.157324
0.158018
0.158715
0.159271
0.159762
0.160482
0.161015
0.160426
0.16201
0.16469
0.167815
0.169958
0.170886
0.171456
0.167833
0.165428
0.159879
0.157559
0.155407
0.150081
0.146816
0.146779
0.153044
0.152742
0.15287
0.151804
0.15138
0.151081
0.1509
0.150819
0.150778
0.150808
0.150902
0.151082
0.151367
0.15177
0.152245
0.152782
0.153323
0.15387
0.154398
0.154926
0.155502
0.156281
0.157827
0.16359
0.162179
0.169379
0.16342
0.156932
0.160651
0.161774
0.162731
0.158153
0.157626
0.157068
0.156724
0.156624
0.156757
0.157096
0.157595
0.158178
0.15872
0.159202
0.159865
0.160456
0.160156
0.161045
0.164205
0.168036
0.170005
0.170121
0.17136
0.175714
0.179482
0.175718
0.165599
0.160504
0.15808
0.153731
0.148606
0.158109
0.154187
0.153761
0.154257
0.153462
0.152767
0.151978
0.151371
0.150967
0.150737
0.150657
0.150695
0.150831
0.151078
0.15143
0.151883
0.152403
0.152948
0.153514
0.154114
0.154762
0.155479
0.156341
0.157578
0.163049
0.162283
0.169442
0.172981
0.158401
0.159976
0.161362
0.159097
0.157782
0.157349
0.157028
0.156851
0.15684
0.157021
0.157355
0.157799
0.158262
0.158746
0.159414
0.160125
0.159821
0.159657
0.162573
0.166976
0.169485
0.169506
0.171885
0.179651
0.188118
0.190549
0.187299
0.177357
0.169814
0.161516
0.155945
0.149573
0.161385
0.155796
0.154536
0.154771
0.154388
0.15365
0.152663
0.151953
0.151471
0.151135
0.150916
0.150837
0.150875
0.151026
0.151286
0.151661
0.152099
0.152592
0.153113
0.15369
0.154333
0.155049
0.156058
0.157263
0.162394
0.161553
0.168924
0.192228
0.162891
0.158737
0.160684
0.160923
0.157844
0.156892
0.156794
0.156788
0.156883
0.157103
0.157434
0.15783
0.158275
0.158904
0.159739
0.159729
0.159137
0.159771
0.164694
0.16825
0.168966
0.172157
0.181428
0.186438
0.182215
0.189561
0.190181
0.181597
0.175206
0.168802
0.159652
0.163501
0.163061
0.157841
0.15576
0.156431
0.155471
0.154439
0.153489
0.15276
0.152028
0.151481
0.151133
0.150954
0.150913
0.150957
0.15103
0.151134
0.150929
0.150811
0.151229
0.15187
0.152657
0.153546
0.154412
0.155539
0.160754
0.161327
0.168462
0.174802
0.168861
0.156563
0.159283
0.160788
0.159489
0.156392
0.156303
0.156477
0.156703
0.15698
0.157324
0.157733
0.158303
0.15915
0.159592
0.158942
0.158753
0.160424
0.166
0.167832
0.170819
0.180619
0.182991
0.185586
0.179114
0.190397
0.187403
0.174568
0.172153
0.172997
0.163338
0.163215
0.163142
0.160674
0.158294
0.157257
0.155748
0.154994
0.153933
0.152826
0.151894
0.151095
0.150173
0.149611
0.149657
0.149857
0.15016
0.150561
0.151035
0.151576
0.152166
0.152826
0.153526
0.154218
0.154888
0.157239
0.16142
0.161285
0.167306
0.165333
0.169612
0.154739
0.157584
0.160016
0.158319
0.156617
0.155648
0.15587
0.156235
0.15663
0.157034
0.157536
0.158301
0.159127
0.158896
0.158177
0.158529
0.161471
0.165787
0.16838
0.176818
0.182897
0.18414
0.218976
0.189531
0.174161
0.17126
0.161035
0.169029
0.163885
0.163973
0.161993
0.163245
0.162994
0.158659
0.156995
0.156247
0.155062
0.153238
0.151571
0.150977
0.150683
0.150558
0.150602
0.150763
0.151022
0.151377
0.151806
0.152281
0.15278
0.15328
0.153786
0.154281
0.15478
0.156091
0.160476
0.160675
0.155676
0.170001
0.165903
0.15367
0.151762
0.15697
0.158419
0.159144
0.158252
0.155785
0.154979
0.155409
0.155899
0.156412
0.157071
0.158001
0.158573
0.158006
0.157419
0.158423
0.162327
0.165294
0.171293
0.181358
0.185266
0.219049
0.188385
0.195501
0.157408
0.159698
0.164401
0.167378
0.164875
0.164513
0.162898
0.163873
0.162487
0.158526
0.15722
0.156168
0.153955
0.153055
0.152492
0.1521
0.151869
0.151777
0.151851
0.15204
0.152317
0.15267
0.153055
0.153441
0.153814
0.15416
0.154498
0.154908
0.156001
0.159489
0.161024
0.150014
0.161297
0.169891
0.172566
0.143106
0.15708
0.141217
0.15771
0.157976
0.158543
0.159065
0.158073
0.154845
0.155037
0.155647
0.156449
0.157453
0.157697
0.156946
0.156715
0.158409
0.162048
0.165811
0.17396
0.18259
0.191698
0.176104
0.181791
0.162723
0.163558
0.164182
0.164799
0.166159
0.168975
0.164006
0.162335
0.163432
0.161911
0.158653
0.156945
0.154733
0.154065
0.153631
0.153297
0.153072
0.152953
0.15294
0.153051
0.153243
0.153481
0.153756
0.154024
0.154276
0.154514
0.154764
0.155175
0.156352
0.159108
0.161113
0.160628
0.158964
0.170026
0.167483
0.17187
0.151449
0.155576
0.140781
0.14056
0.14029
0.140184
0.140221
0.140315
0.156288
0.157008
0.15454
0.155099
0.156095
0.156454
0.155718
0.155617
0.157114
0.159903
0.158677
0.164732
0.167966
0.171082
0.172138
0.16628
0.16048
0.164368
0.164775
0.168571
0.168534
0.170193
0.16617
0.162033
0.162302
0.16161
0.158419
0.155163
0.154657
0.154316
0.154081
0.153911
0.153823
0.153799
0.153847
0.153971
0.154203
0.154633
0.15539
0.156214
0.156837
0.157345
0.157944
0.159028
0.16091
0.16206
0.16142
0.153029
0.171657
0.163997
0.171772
0.168972
0.150263
0.160149
0.14026
0.140002
0.139836
0.139736
0.139819
0.139825
0.139771
0.140484
0.140836
0.141319
0.14197
0.142847
0.143766
0.143454
0.140538
0.156299
0.149298
0.157985
0.161342
0.16263
0.163563
0.163594
0.16326
0.162886
0.16949
0.169185
0.170981
0.167415
0.162882
0.160265
0.161746
0.161336
0.156453
0.155026
0.154707
0.154545
0.154386
0.154331
0.154398
0.155618
0.157096
0.157486
0.157596
0.157704
0.157824
0.157994
0.158313
0.158963
0.160161
0.16164
0.162659
0.162681
0.162776
0.17185
0.182259
0.181218
0.169253
0.152022
0.150331
0.167782
0.143821
0.144986
0.142069
0.141014
0.140607
0.140707
0.14104
0.141303
0.1415
0.141776
0.142057
0.142554
0.142969
0.141568
0.137746
0.141378
0.148062
0.156708
0.161033
0.161955
0.16491
0.165059
0.166053
0.163975
0.168772
0.165151
0.169834
0.162629
0.155508
0.154449
0.161443
0.161303
0.156223
0.154962
0.154707
0.154644
0.154604
0.155815
0.15752
0.157667
0.157771
0.157898
0.158057
0.15828
0.158647
0.159291
0.160439
0.162255
0.164511
0.166236
0.166261
0.165347
0.168687
0.184397
0.183732
0.182989
0.16898
0.152898
0.15005
0.167346
0.154961
0.154455
0.145503
0.143177
0.141818
0.141321
0.14125
0.141394
0.141708
0.142038
0.142458
0.14252
0.142505
0.139747
0.136612
0.140251
0.145703
0.154085
0.159669
0.162081
0.164311
0.165481
0.166208
0.168302
0.162656
0.159853
0.163699
0.153021
0.150051
0.15132
0.150957
0.163842
0.156914
0.154953
0.154679
0.154655
0.155041
0.157588
0.157778
0.157941
0.158136
0.1584
0.158798
0.159442
0.160523
0.162279
0.164735
0.167135
0.168184
0.167666
0.166373
0.167581
0.168347
0.184392
0.197193
0.165113
0.168658
0.152342
0.149779
0.154934
0.160059
0.154652
0.156487
0.152986
0.14519
0.143688
0.142454
0.141927
0.141957
0.142392
0.142868
0.143163
0.14214
0.138785
0.135884
0.138633
0.141934
0.14953
0.155632
0.160856
0.16287
0.162999
0.164182
0.167304
0.156422
0.158983
0.151815
0.146366
0.148356
0.149451
0.149483
0.149419
0.16085
0.155247
0.154651
0.154609
0.156135
0.157733
0.157826
0.158121
0.158517
0.159111
0.159992
0.161244
0.163032
0.165148
0.167075
0.16806
0.167899
0.166835
0.16697
0.168002
0.180471
0.182786
0.181908
0.165594
0.169126
0.15105
0.16715
0.166323
0.164128
0.163048
0.160272
0.156708
0.153034
0.144966
0.142923
0.141769
0.141637
0.142062
0.142761
0.143448
0.143117
0.139003
0.135442
0.136663
0.138142
0.143097
0.149103
0.153867
0.157451
0.159504
0.15994
0.157831
0.157745
0.158671
0.144294
0.145397
0.146799
0.14689
0.147931
0.150061
0.150704
0.158743
0.154903
0.154568
0.155631
0.157667
0.157989
0.158418
0.15911
0.160059
0.161262
0.162708
0.164403
0.166094
0.167335
0.167823
0.16736
0.166817
0.166787
0.167745
0.183041
0.182793
0.170737
0.165076
0.168731
0.150436
0.166834
0.166615
0.165791
0.165668
0.163971
0.162186
0.160037
0.15554
0.145971
0.143669
0.142253
0.142056
0.142004
0.142986
0.143462
0.141908
0.137578
0.136223
0.134557
0.136647
0.139855
0.143526
0.146895
0.148043
0.147003
0.144228
0.160229
0.159449
0.14343
0.145104
0.144954
0.14672
0.149617
0.150245
0.150555
0.150611
0.143809
0.155044
0.155298
0.157636
0.1581
0.15908
0.159887
0.160708
0.161565
0.162667
0.16407
0.165464
0.166686
0.167212
0.16718
0.166493
0.166653
0.166505
0.179517
0.182928
0.172365
0.166572
0.15205
0.149725
0.149647
0.164792
0.168117
0.167456
0.165859
0.164577
0.163194
0.161348
0.156754
0.146021
0.143055
0.141395
0.140336
0.140242
0.140099
0.139797
0.137649
0.134816
0.13714
0.134597
0.134132
0.134607
0.135544
0.136883
0.137952
0.137925
0.140584
0.141511
0.143516
0.145854
0.148365
0.148902
0.149003
0.149201
0.149459
0.14982
0.150285
0.149782
0.156593
0.158071
0.158818
0.159363
0.160209
0.160582
0.160534
0.161267
0.16227
0.163457
0.16462
0.165832
0.166983
0.167489
0.166456
0.166131
0.174774
0.178983
0.170909
0.166747
0.15138
0.148365
0.149418
0.150535
0.152487
0.169818
0.166212
0.165164
0.164247
0.163001
0.160783
0.154383
0.143642
0.140891
0.140013
0.139763
0.139625
0.139532
0.139477
0.139177
0.140298
0.140234
0.140215
0.140239
0.14031
0.140504
0.141416
0.145604
0.148048
0.148143
0.148449
0.148461
0.148264
0.151313
0.151374
0.151072
0.147982
0.147981
0.148324
0.148857
0.149426
0.147887
0.159081
0.158864
0.158966
0.159207
0.15954
0.159936
0.160434
0.161077
0.161987
0.164082
0.166794
0.167981
0.168966
0.167106
0.171452
0.184408
0.155196
0.167896
0.148592
0.147714
0.148769
0.150621
0.151977
0.153578
0.165735
0.164451
0.163851
0.163188
0.161844
0.157932
0.145555
0.14072
0.140357
0.140336
0.140389
0.14041
0.1404
0.140365
0.142484
0.142533
0.142671
0.142896
0.143309
0.144144
0.145917
0.148597
0.149302
0.149201
0.14935
0.149222
0.152489
0.153727
0.154364
0.154732
0.154941
0.155011
0.155022
0.155064
0.155214
0.15506
0.147006
0.150998
0.156838
0.158603
0.159054
0.15946
0.159941
0.160516
0.161463
0.163386
0.166713
0.167769
0.1693
0.170517
0.178306
0.177208
0.166838
0.160086
0.147757
0.148216
0.148909
0.15106
0.152497
0.153407
0.165974
0.163283
0.16246
0.161871
0.161105
0.158212
0.152926
0.140958
0.141392
0.141784
0.142075
0.142257
0.142362
0.142445
0.145126
0.145347
0.145574
0.145792
0.146012
0.146296
0.146775
0.147836
0.149395
0.149408
0.149718
0.150019
0.152267
0.15509
0.155496
0.155703
0.155901
0.156272
0.156338
0.156261
0.156183
0.156047
0.155695
0.154836
0.151714
0.156469
0.160195
0.161849
0.162166
0.161144
0.161406
0.162564
0.164588
0.166004
0.171447
0.173503
0.18607
0.172605
0.157318
0.149334
0.149362
0.150189
0.151333
0.152947
0.153723
0.154382
0.166568
0.162759
0.16131
0.160281
0.15911
0.157326
0.154626
0.140668
0.142589
0.143365
0.143929
0.144352
0.144622
0.14489
0.154242
0.155138
0.156015
0.156842
0.15755
0.158189
0.158746
0.1592
0.160582
0.159738
0.159646
0.155882
0.157716
0.158076
0.158161
0.158129
0.158025
0.157875
0.157717
0.157585
0.157429
0.157129
0.156617
0.155875
0.154685
0.152844
0.150089
0.154472
0.154787
0.15465
0.161698
0.1615
0.16262
0.163876
0.166454
0.166525
0.188007
0.179292
0.154016
0.149926
0.150115
0.150429
0.152611
0.153791
0.154414
0.154933
0.165248
0.1639
0.163377
0.162878
0.161964
0.160038
0.155456
0.140428
0.145297
0.1472
0.149088
0.15071
0.151982
0.153228
0.171904
0.173465
0.17482
0.175983
0.176849
0.17743
0.177715
0.177779
0.177371
0.178082
0.176826
0.163848
0.161992
0.160796
0.159995
0.159401
0.15895
0.158586
0.158285
0.158031
0.157789
0.157513
0.157166
0.156727
0.156168
0.15539
0.154393
0.153011
0.151328
0.153461
0.154506
0.166134
0.164868
0.15957
0.163071
0.168668
0.185531
0.176008
0.153981
0.14886
0.148812
0.150444
0.153353
0.154374
0.154899
0.155858
0.169021
0.168402
0.168161
0.167762
0.16641
0.163072
0.156487
0.137899
0.153726
0.158556
0.162343
0.165377
0.167896
0.170104
0.170628
0.169797
0.16962
0.16966
0.169753
0.169833
0.169876
0.169917
0.16951
0.17007
0.176441
0.171512
0.168573
0.166176
0.164154
0.162405
0.160927
0.159697
0.158726
0.158007
0.157502
0.15716
0.156918
0.156713
0.156502
0.156255
0.15612
0.155977
0.154567
0.14638
0.149196
0.150935
0.170711
0.158756
0.16367
0.168696
0.181635
0.16939
0.154127
0.148232
0.148707
0.150086
0.152061
0.153096
0.154132
0.172048
0.171809
0.171388
0.171159
0.17058
0.168826
0.164641
0.15739
0.141748
0.163788
0.169071
0.172582
0.175173
0.175661
0.172927
0.170783
0.170487
0.170145
0.169685
0.169115
0.1685
0.167917
0.167671
0.166704
0.168102
0.17769
0.174735
0.172497
0.170255
0.167941
0.16557
0.163298
0.161258
0.15962
0.158453
0.157716
0.157315
0.157101
0.156924
0.156718
0.156544
0.156688
0.157166
0.156862
0.142631
0.145925
0.148273
0.151937
0.158199
0.163431
0.1699
0.17851
0.165405
0.165308
0.148404
0.149337
0.150341
0.151394
0.152606
0.171526
0.172367
0.172662
0.172788
0.172656
0.171861
0.169626
0.164485
0.154425
0.159708
0.17105
0.174844
0.176166
0.173595
0.171736
0.171116
0.169307
0.168542
0.167702
0.166757
0.165848
0.165139
0.164644
0.1646
0.164376
0.165564
0.178045
0.175384
0.17367
0.171721
0.169461
0.166967
0.164478
0.162231
0.160425
0.15911
0.158172
0.157544
0.157134
0.156866
0.156674
0.156567
0.156672
0.157076
0.157096
0.132935
0.144669
0.147799
0.151055
0.163544
0.163247
0.166725
0.177448
0.165365
0.156082
0.14865
0.149406
0.150625
0.153601
0.170889
0.171629
0.172016
0.17235
0.172525
0.172334
0.171299
0.168664
0.162371
0.146639
0.16919
0.17483
0.176631
0.174412
0.171902
0.170779
0.170015
0.167117
0.166406
0.165695
0.164961
0.164242
0.163676
0.163251
0.163247
0.163003
0.163409
0.178069
0.174734
0.17318
0.17141
0.169321
0.167033
0.164797
0.162817
0.161157
0.159805
0.158615
0.157692
0.157036
0.156656
0.15653
0.156615
0.156908
0.157469
0.157899
0.156171
0.143763
0.147471
0.151835
0.166052
0.165241
0.168586
0.16448
0.157112
0.158075
0.148228
0.149014
0.166451
0.168863
0.168945
0.169161
0.169531
0.169931
0.170182
0.169975
0.168686
0.165506
0.156761
0.163253
0.172703
0.176141
0.176382
0.172393
0.169873
0.16871
0.167853
0.166969
0.1664
0.165875
0.165446
0.165021
0.164696
0.164384
0.164385
0.163738
0.163899
0.179027
0.17277
0.171054
0.16954
0.167955
0.166365
0.164897
0.163589
0.162352
0.161234
0.160021
0.159008
0.158176
0.157655
0.157547
0.157784
0.15806
0.158447
0.158674
0.156935
0.144999
0.14666
0.150683
0.162779
0.163673
0.166288
0.163945
0.169323
0.16741
0.14735
0.159037
0.16476
0.165205
0.165723
0.166243
0.166685
0.167103
0.167219
0.16628
0.162477
0.154615
0.1423
0.166983
0.172934
0.176088
0.177609
0.176919
0.171789
0.168665
0.167628
)
;
    }
    front
    {
        type            cyclic;
    }
    back
    {
        type            cyclic;
    }
}


// ************************************************************************* //
