/*--------------------------------*- C++ -*----------------------------------*\
  =========                 |
  \\      /  F ield         | OpenFOAM: The Open Source CFD Toolbox
   \\    /   O peration     | Website:  https://openfoam.org
    \\  /    A nd           | Version:  13
     \\/     M anipulation  |
\*---------------------------------------------------------------------------*/
FoamFile
{
    format      ascii;
    class       volScalarField;
    location    "0.5";
    object      classifier_w_channel_sigma;
}
// * * * * * * * * * * * * * * * * * * * * * * * * * * * * * * * * * * * * * //

dimensions      [];

internalField   uniform 0;

boundaryField
{
    inlet
    {
        type            cyclic;
    }
    outlet
    {
        type            cyclic;
    }
    top
    {
        type            calculated;
        value           nonuniform List<scalar> 
7200
(
0.13327
0.164303
0.165976
0.166065
0.165869
0.165888
0.165618
0.16526
0.165378
0.165318
0.165308
0.165171
0.164984
0.164472
0.163834
0.163436
0.163451
0.16393
0.163863
0.163753
0.163344
0.162869
0.161727
0.160362
0.159357
0.157836
0.156391
0.155344
0.154479
0.154533
0.156264
0.155162
0.155667
0.12917
0.120395
0.121647
0.118887
0.136051
0.138713
0.140927
0.141192
0.141255
0.141029
0.140513
0.139571
0.139079
0.139002
0.139033
0.139146
0.139313
0.13954
0.139817
0.140341
0.141006
0.139998
0.157055
0.160143
0.16244
0.163492
0.134655
0.139121
0.167879
0.168528
0.168687
0.168628
0.168547
0.16822
0.167849
0.167685
0.167416
0.167183
0.166954
0.166654
0.166096
0.165491
0.165009
0.164913
0.165368
0.165266
0.165028
0.164581
0.16397
0.162801
0.161372
0.159723
0.158595
0.157057
0.155505
0.155157
0.156659
0.140201
0.157745
0.154788
0.118345
0.122052
0.119277
0.138942
0.139598
0.140864
0.14194
0.141934
0.141859
0.141582
0.141034
0.139968
0.139547
0.139587
0.139699
0.139841
0.13999
0.140152
0.140347
0.140924
0.140582
0.153635
0.159448
0.161436
0.162888
0.164324
0.134943
0.167002
0.16815
0.168628
0.168768
0.16871
0.168479
0.168039
0.167782
0.16773
0.167635
0.167496
0.167311
0.16706
0.166604
0.166136
0.165746
0.165638
0.165962
0.165772
0.165429
0.164835
0.163987
0.162497
0.159914
0.141301
0.14123
0.140702
0.15559
0.156004
0.156302
0.138743
0.141083
0.119421
0.122496
0.11987
0.137652
0.139807
0.140785
0.142203
0.142346
0.142259
0.14208
0.141728
0.141039
0.140027
0.139874
0.140035
0.140213
0.140356
0.140471
0.140576
0.139853
0.132382
0.156791
0.159971
0.161219
0.162462
0.163266
0.164811
0.16446
0.16668
0.167323
0.166966
0.163509
0.142399
0.137366
0.137659
0.131489
0.128954
0.134905
0.168023
0.171344
0.173428
0.176315
0.174485
0.174145
0.174718
0.163903
0.163465
0.162786
0.174157
0.171697
0.165356
0.121507
0.122829
0.142031
0.141245
0.14064
0.138966
0.13954
0.141156
0.141751
0.123924
0.121365
0.138289
0.139456
0.1413
0.142263
0.142277
0.142225
0.142188
0.141983
0.141378
0.14041
0.140176
0.140328
0.140512
0.140644
0.140687
0.140441
0.144342
0.157294
0.158785
0.159205
0.161096
0.16192
0.162745
0.162882
0.164573
0.161928
0.140496
0.139086
0.127565
0.129487
0.130753
0.128814
0.130749
0.131392
0.132149
0.132629
0.132754
0.131816
0.13365
0.152335
0.158622
0.163279
0.166062
0.165584
0.159339
0.150928
0.144732
0.122266
0.123799
0.128487
0.127494
0.124099
0.12228
0.120842
0.121501
0.120887
0.126701
0.141811
0.140166
0.138779
0.139981
0.141803
0.142266
0.142134
0.142127
0.142463
0.142349
0.141953
0.141094
0.140984
0.14114
0.141265
0.141334
0.141286
0.14097
0.139554
0.156056
0.158272
0.157513
0.156672
0.154716
0.142499
0.140559
0.139882
0.14314
0.129647
0.127009
0.127068
0.123192
0.125219
0.126352
0.125811
0.124165
0.122663
0.120474
0.120592
0.131879
0.13441
0.133988
0.131497
0.126054
0.1451
0.150706
0.15001
0.14543
0.145238
0.145211
0.146185
0.146302
0.144947
0.146351
0.12599
0.126943
0.143227
0.156892
0.151152
0.121448
0.13929
0.140696
0.1403
0.141736
0.14217
0.1419
0.141671
0.141788
0.139884
0.139733
0.140252
0.140903
0.141266
0.141578
0.141707
0.141714
0.141599
0.141318
0.140091
0.150573
0.13838
0.121434
0.121894
0.121918
0.122883
0.12549
0.128675
0.128502
0.122591
0.122244
0.12566
0.127003
0.12756
0.12759
0.126307
0.124138
0.123286
0.121912
0.122443
0.137689
0.120097
0.145699
0.15418
0.158799
0.161061
0.162652
0.161967
0.160498
0.160405
0.160703
0.16059
0.161141
0.161189
0.161422
0.161142
0.14796
0.149112
0.14872
0.149074
0.149497
0.140315
0.141071
0.141087
0.141934
0.141721
0.141034
0.139872
0.15027
0.152079
0.146715
0.140158
0.142697
0.120659
0.120257
0.120351
0.120582
0.12086
0.121345
0.121914
0.121263
0.12218
0.126433
0.12779
0.130037
0.130957
0.127937
0.120848
0.120477
0.122243
0.125285
0.127542
0.128952
0.129057
0.137695
0.13736
0.137794
0.138174
0.140899
0.131277
0.152163
0.153949
0.154414
0.154291
0.15394
0.153545
0.15318
0.152612
0.151978
0.151636
0.151354
0.150968
0.150762
0.150517
0.150372
0.150319
0.150387
0.15048
0.150137
0.150453
0.150863
0.141309
0.141269
0.141018
0.14133
0.140672
0.138176
0.148576
0.151572
0.149224
0.141635
0.120612
0.120244
0.120513
0.120671
0.12077
0.120907
0.121146
0.121589
0.12217
0.124206
0.131348
0.131948
0.126219
0.119735
0.120705
0.122029
0.123527
0.122621
0.122433
0.138983
0.138609
0.13815
0.137535
0.136734
0.137488
0.14204
0.148689
0.154783
0.157235
0.157623
0.157355
0.156739
0.156015
0.155418
0.154898
0.154439
0.153737
0.153092
0.152852
0.152584
0.152298
0.151988
0.151717
0.151533
0.151501
0.151535
0.151596
0.151178
0.151342
0.151406
0.141442
0.141076
0.140709
0.140091
0.138758
0.146626
0.148819
0.13913
0.141728
0.12015
0.120404
0.120447
0.120872
0.121369
0.121587
0.121864
0.122428
0.123682
0.126509
0.130464
0.122696
0.119846
0.12021
0.120788
0.121839
0.12247
0.123298
0.123062
0.121933
0.139804
0.139464
0.138866
0.13788
0.139187
0.142576
0.151718
0.155568
0.157271
0.158585
0.158668
0.158282
0.15763
0.156935
0.15635
0.155832
0.155317
0.154661
0.154182
0.153922
0.153543
0.153205
0.152815
0.152479
0.152206
0.151997
0.151934
0.151791
0.151395
0.151484
0.151173
0.14136
0.141092
0.140567
0.139669
0.137877
0.149048
0.138921
0.141652
0.143317
0.121046
0.121064
0.122352
0.123372
0.123833
0.12389
0.124081
0.124637
0.125776
0.127581
0.130477
0.12265
0.119819
0.120299
0.120902
0.121487
0.121384
0.121661
0.139738
0.120462
0.142201
0.14033
0.139788
0.139317
0.141316
0.131378
0.154276
0.156618
0.158156
0.159196
0.159181
0.158829
0.158247
0.157564
0.156929
0.156387
0.155856
0.155265
0.154832
0.154528
0.154114
0.153754
0.153337
0.15303
0.152742
0.152469
0.152386
0.152125
0.151712
0.151495
0.150792
0.141059
0.140978
0.140275
0.138531
0.144152
0.147687
0.141404
0.142842
0.143472
0.145084
0.122843
0.123374
0.123819
0.123956
0.123846
0.123846
0.124219
0.125005
0.126332
0.12821
0.129965
0.121273
0.119646
0.11956
0.119954
0.119602
0.119609
0.140184
0.118728
0.146259
0.142343
0.141873
0.142222
0.142043
0.153266
0.156197
0.157596
0.158779
0.159581
0.159504
0.159189
0.158663
0.158032
0.157426
0.156888
0.156359
0.155822
0.155408
0.155053
0.154622
0.154254
0.153853
0.153588
0.153298
0.152992
0.152853
0.152562
0.152277
0.152397
0.152148
0.139866
0.140477
0.1392
0.138406
0.148704
0.137472
0.142804
0.143946
0.143797
0.143887
0.145264
0.124032
0.123607
0.123446
0.123231
0.122945
0.12284
0.123339
0.124323
0.125777
0.129073
0.129675
0.129625
0.129033
0.12171
0.12339
0.12066
0.140869
0.125664
0.156022
0.148728
0.140196
0.139856
0.152179
0.155673
0.156939
0.158048
0.159015
0.159659
0.159577
0.15933
0.158887
0.158349
0.157817
0.157308
0.156792
0.156285
0.15587
0.155478
0.15505
0.1547
0.154342
0.154132
0.153873
0.153575
0.153333
0.153102
0.152878
0.15319
0.152976
0.149496
0.138964
0.138441
0.132279
0.143262
0.140268
0.143779
0.144336
0.144002
0.143896
0.143778
0.14368
0.143585
0.143436
0.143226
0.143045
0.134276
0.12195
0.122007
0.12285
0.125543
0.127219
0.126936
0.128627
0.127607
0.127525
0.128275
0.140571
0.140735
0.156443
0.153279
0.152284
0.151897
0.15482
0.156052
0.157255
0.158104
0.15888
0.159372
0.15933
0.159181
0.158857
0.158466
0.158051
0.157618
0.157155
0.156684
0.156272
0.155872
0.15547
0.155163
0.154861
0.154701
0.154493
0.154231
0.153908
0.153504
0.153224
0.153245
0.153312
0.150102
0.13837
0.138988
0.138641
0.137585
0.14167
0.143751
0.143857
0.143577
0.143414
0.143361
0.14326
0.143157
0.143071
0.142961
0.142795
0.142567
0.142372
0.122098
0.121243
0.121878
0.123404
0.123015
0.123952
0.141635
0.141291
0.14116
0.142605
0.140445
0.155497
0.153262
0.154093
0.154679
0.155201
0.156098
0.156971
0.157791
0.158366
0.158711
0.158731
0.158682
0.15848
0.158259
0.158
0.157709
0.157374
0.157008
0.156656
0.1563
0.155953
0.155707
0.155472
0.155368
0.155231
0.155002
0.15458
0.153939
0.153439
0.152952
0.151615
0.137957
0.140392
0.140512
0.139436
0.140825
0.142643
0.141914
0.14217
0.141671
0.141076
0.140997
0.140751
0.140356
0.139636
0.131694
0.125923
0.122882
0.122062
0.121744
0.121398
0.120891
0.120952
0.12133
0.120758
0.141908
0.141482
0.141293
0.142236
0.139628
0.155093
0.152805
0.154569
0.154951
0.155301
0.156041
0.156482
0.157094
0.157536
0.157783
0.157861
0.157866
0.157748
0.157657
0.157547
0.157419
0.157259
0.157072
0.156862
0.156618
0.156375
0.156204
0.15604
0.155984
0.155884
0.15565
0.155117
0.154268
0.1535
0.152512
0.149176
0.138436
0.140441
0.139506
0.139795
0.141465
0.142735
0.142758
0.1422
0.140801
0.140216
0.140413
0.140439
0.140431
0.140387
0.140348
0.140284
0.140017
0.139546
0.132387
0.128602
0.123897
0.122608
0.125919
0.123396
0.141553
0.141199
0.13971
0.140647
0.149773
0.16138
0.15385
0.154554
0.15433
0.154684
0.155206
0.15574
0.156218
0.156574
0.156794
0.156904
0.156903
0.156827
0.156798
0.156774
0.156759
0.15674
0.156719
0.156665
0.156564
0.156447
0.156362
0.15626
0.15622
0.156108
0.155821
0.155237
0.154277
0.153233
0.151871
0.149262
0.135296
0.137326
0.138665
0.139511
0.140704
0.141945
0.142157
0.140682
0.13914
0.138611
0.138846
0.13891
0.138919
0.138869
0.138817
0.138765
0.1386
0.138308
0.136007
0.133959
0.132591
0.13202
0.138852
0.132111
0.139703
0.138981
0.135522
0.137126
0.151855
0.159347
0.153862
0.154143
0.153955
0.154178
0.154544
0.154938
0.15537
0.15569
0.155913
0.156021
0.156004
0.155941
0.155923
0.155926
0.15596
0.15601
0.156068
0.156118
0.156124
0.156112
0.156094
0.156032
0.155997
0.155875
0.155569
0.154987
0.153949
0.152405
0.14989
0.150052
0.134445
0.137735
0.138245
0.138362
0.13896
0.140675
0.140462
0.139127
0.137605
0.136822
0.136851
0.136869
0.136848
0.136784
0.136767
0.136785
0.136799
0.13682
0.138572
0.136619
0.135222
0.134396
0.137466
0.134832
0.13686
0.13582
0.146142
0.146714
0.147499
0.156662
0.157494
0.153428
0.153528
0.153744
0.154028
0.154344
0.154724
0.155018
0.155245
0.155339
0.155313
0.155235
0.155196
0.15519
0.155226
0.155283
0.155356
0.155447
0.155511
0.155555
0.155571
0.155534
0.155505
0.155401
0.155133
0.154584
0.153355
0.150178
0.134483
0.153188
0.150409
0.13719
0.137146
0.137265
0.137647
0.138665
0.138777
0.138355
0.137016
0.135682
0.135259
0.135088
0.134997
0.134931
0.134944
0.134973
0.135003
0.135147
0.137868
0.137638
0.136777
0.136031
0.135135
0.135969
0.134489
0.133767
0.14798
0.149971
0.151183
0.153693
0.153128
0.153126
0.153298
0.153492
0.153749
0.154029
0.154344
0.154611
0.15484
0.154923
0.154885
0.154775
0.154693
0.154653
0.154653
0.154682
0.154732
0.154816
0.154901
0.154959
0.154993
0.154968
0.154955
0.154901
0.154687
0.154135
0.152338
0.134256
0.135075
0.134898
0.150208
0.135037
0.13624
0.137143
0.13764
0.137861
0.13819
0.13905
0.13841
0.136882
0.135891
0.135395
0.135115
0.134892
0.134727
0.134548
0.134298
0.134406
0.138017
0.138123
0.137284
0.136667
0.133483
0.133948
0.133069
0.132797
0.137347
0.145182
0.146317
0.148483
0.153052
0.153359
0.153549
0.153642
0.153862
0.154121
0.15436
0.154604
0.154842
0.154903
0.154833
0.154676
0.154539
0.154444
0.154389
0.154371
0.154366
0.154406
0.154476
0.154517
0.15457
0.154545
0.154548
0.154585
0.154459
0.153876
0.151378
0.133866
0.135696
0.134447
0.134862
0.135761
0.136942
0.138566
0.139277
0.138939
0.13943
0.141331
0.141452
0.14021
0.138892
0.138053
0.137454
0.136895
0.136307
0.135665
0.134888
0.138707
0.139325
0.139089
0.138039
0.137468
0.132948
0.133154
0.132613
0.132661
0.133302
0.133233
0.132743
0.13451
0.152086
0.153743
0.153749
0.153767
0.153963
0.154218
0.15447
0.154726
0.154968
0.155003
0.154916
0.154724
0.154541
0.154389
0.154264
0.154177
0.154109
0.154097
0.154133
0.154135
0.154177
0.154132
0.154145
0.154251
0.154131
0.153259
0.143728
0.134123
0.137472
0.135448
0.136073
0.138044
0.139361
0.141402
0.142323
0.141673
0.14223
0.144607
0.144932
0.143903
0.142475
0.141376
0.140488
0.139624
0.138506
0.137111
0.140523
0.140433
0.140648
0.140284
0.139173
0.138713
0.133339
0.13389
0.133063
0.133318
0.133752
0.133267
0.132833
0.136489
0.153088
0.154153
0.154415
0.154484
0.154743
0.155013
0.155248
0.155565
0.155836
0.155807
0.155629
0.15532
0.155022
0.154769
0.154532
0.154318
0.154138
0.154017
0.153933
0.153835
0.153765
0.153654
0.153652
0.153734
0.153575
0.1524
0.136812
0.135051
0.137348
0.137693
0.13851
0.141201
0.143078
0.145257
0.146151
0.145673
0.146427
0.148734
0.148892
0.14755
0.145989
0.144865
0.144048
0.143697
0.142971
0.142473
0.141818
0.141238
0.141421
0.141183
0.140188
0.139901
0.139954
0.139382
0.134075
0.134557
0.135055
0.134363
0.133728
0.13654
0.149851
0.155117
0.155238
0.155421
0.155864
0.156303
0.156651
0.157068
0.157356
0.157229
0.156925
0.156451
0.15597
0.15553
0.155099
0.154693
0.154342
0.154064
0.153828
0.153597
0.153404
0.153202
0.153181
0.153287
0.153189
0.152211
0.141748
0.139685
0.140577
0.141293
0.142264
0.145218
0.147948
0.150089
0.15103
0.150335
0.150526
0.153956
0.153006
0.150303
0.148686
0.146427
0.144366
0.143266
0.142756
0.142331
0.142159
0.141521
0.141566
0.141523
0.140714
0.140539
0.140364
0.139923
0.136755
0.137302
0.137933
0.13687
0.136154
0.138256
0.1388
0.153424
0.15463
0.155474
0.156848
0.157976
0.158699
0.159412
0.159839
0.159625
0.159092
0.158301
0.157513
0.156795
0.156084
0.155405
0.154819
0.154351
0.15396
0.153613
0.153331
0.153092
0.153103
0.153299
0.153406
0.152969
0.151983
0.15199
0.152987
0.145161
0.146134
0.149628
0.15055
0.149506
0.14526
0.145643
0.150975
0.152297
0.140721
0.145485
0.14607
0.143197
0.143328
0.142905
0.142375
0.140739
0.14029
0.140182
0.140181
0.140279
0.139976
0.1399
0.140038
0.139781
0.139972
0.140688
0.141093
0.139822
0.140297
0.13971
0.142648
0.143376
0.141323
0.154703
0.157158
0.158504
0.160651
0.162484
0.163295
0.163169
0.162531
0.161441
0.160143
0.158861
0.157718
0.156688
0.155814
0.155135
0.154604
0.154178
0.153871
0.153673
0.153764
0.154061
0.154352
0.15428
0.153979
0.154759
0.15547
0.148048
0.151144
0.152761
0.153326
0.153364
0.153343
0.153112
0.154843
0.143111
0.145326
0.144314
0.143597
0.141952
0.140361
0.139543
0.138455
0.136428
0.13589
0.135644
0.135964
0.137064
0.136697
0.136716
0.137045
0.137623
0.138666
0.139852
0.140101
0.139969
0.141581
0.138906
0.14391
0.145569
0.146058
0.146363
0.151243
0.159153
0.161101
0.163488
0.166021
0.166554
0.166166
0.165238
0.163913
0.162158
0.160403
0.158951
0.157759
0.156854
0.156207
0.155717
0.155404
0.155235
0.15528
0.155386
0.155358
0.154861
0.153571
0.154722
0.155628
0.152898
0.153135
0.154699
0.154835
0.154585
0.154218
0.141488
0.145157
0.143854
0.142465
0.139957
0.137812
0.134066
0.130919
0.129983
0.129511
0.128776
0.128219
0.128349
0.128907
0.130759
0.131823
0.132496
0.132648
0.13281
0.133528
0.135535
0.137226
0.13742
0.142954
0.137014
0.14687
0.147377
0.14801
0.149167
0.150247
0.147248
0.161956
0.165206
0.166193
0.168009
0.168314
0.167819
0.166909
0.165512
0.163664
0.16208
0.160746
0.159696
0.158947
0.158297
0.157788
0.157264
0.156557
0.155716
0.155093
0.154498
0.152576
0.153844
0.154549
0.154663
0.156199
0.156066
0.155681
0.143322
0.143133
0.142266
0.139913
0.13499
0.13006
0.129266
0.127248
0.123483
0.121806
0.12174
0.122966
0.123504
0.123771
0.122893
0.121262
0.119803
0.123413
0.128496
0.144462
0.147625
0.145786
0.143373
0.14137
0.130918
0.137376
0.150943
0.157221
0.135773
0.148778
0.151366
0.152061
0.152267
0.145937
0.165407
0.166901
0.167893
0.169027
0.168818
0.168193
0.167279
0.16589
0.164456
0.163331
0.162294
0.161463
0.160559
0.15952
0.157697
0.155894
0.155373
0.15522
0.154792
0.150655
0.152526
0.152859
0.153917
0.149134
0.139267
0.138698
0.136058
0.130713
0.129217
0.125222
0.121741
0.123271
0.124422
0.125185
0.127161
0.129782
0.131898
0.1334
0.13391
0.13417
0.134531
0.13473
0.132684
0.121594
0.128459
0.151989
0.159645
0.160715
0.158931
0.154794
0.149915
0.148099
0.154645
0.14911
0.14792
0.160203
0.160631
0.160589
0.147476
0.161314
0.166169
0.167114
0.167648
0.169005
0.169484
0.169067
0.168408
0.167461
0.166259
0.164872
0.163465
0.16207
0.160463
0.158698
0.156151
0.154559
0.149329
0.144786
0.138767
0.137176
0.140775
0.136711
0.137487
0.130604
0.12826
0.122515
0.119793
0.122633
0.125129
0.12845
0.132095
0.1336
0.132776
0.121702
0.118684
0.117667
0.117432
0.117257
0.116976
0.116763
0.116679
0.116885
0.121639
0.132827
0.122726
0.14386
0.150309
0.159726
0.16372
0.164992
0.164
0.158523
0.165203
0.162136
0.158309
0.153553
0.149478
0.14884
0.15228
0.151841
0.148907
0.147461
0.146755
0.145992
0.145375
0.144789
0.144309
0.143908
0.143741
0.142616
0.141474
0.14008
0.138401
0.137042
0.130796
0.132392
0.13179
0.130636
0.129165
0.123935
0.128816
0.120408
0.120495
0.122481
0.125536
0.128985
0.132444
0.133716
0.118972
0.118069
0.118484
0.118516
0.118168
0.117525
0.11698
0.116556
0.116211
0.115991
0.115882
0.115857
0.115865
0.115887
0.116454
0.121823
0.129755
0.123823
0.123101
0.143968
0.15191
0.159927
0.164372
0.165015
0.161966
0.164074
0.164086
0.162902
0.160273
0.157809
0.155321
0.153377
0.152109
0.151162
0.150331
0.149732
0.149099
0.148444
0.14755
0.146312
0.144239
0.140969
0.135443
0.128208
0.13043
0.1303
0.129657
0.124332
0.119914
0.119065
0.120498
0.125882
0.123135
0.128346
0.128144
0.133279
0.131843
0.117508
0.117234
0.117769
0.117961
0.117635
0.117088
0.11651
0.11594
0.115479
0.115767
0.117289
0.121145
0.125098
0.126569
0.124359
0.120595
0.119509
0.121886
0.12603
0.12558
0.123776
0.120527
0.121596
0.123635
0.141262
0.148654
0.155988
0.143158
0.155328
0.157953
0.160408
0.160778
0.160174
0.159372
0.15842
0.157573
0.156762
0.155808
0.154941
0.154271
0.153876
0.153213
0.15164
0.148576
0.143621
0.137421
0.131044
0.130322
0.122907
0.119903
0.119243
0.121389
0.125962
0.130428
0.133954
0.132774
0.133255
0.133436
0.119067
0.115746
0.11562
0.115647
0.11559
0.115435
0.11513
0.115051
0.116
0.121806
0.124053
0.120838
0.118825
0.139672
0.139302
0.139288
0.139397
0.139631
0.139777
0.139822
0.139721
0.139657
0.139453
0.139133
0.138974
0.138891
0.139121
0.13917
0.137527
0.137857
0.13673
0.136369
0.151188
0.14615
0.148822
0.15086
0.15149
0.150622
0.149426
0.148496
0.148068
0.148134
0.148689
0.149035
0.148328
0.146261
0.144048
0.142414
0.141364
0.140767
0.139898
0.130469
0.124187
0.122
0.121497
0.122171
0.125898
0.129142
0.129086
0.122277
0.123446
0.115471
0.115254
0.115372
0.115742
0.11722
0.121678
0.120143
0.140535
0.138781
0.138638
0.138444
0.138308
0.13824
0.138241
0.138326
0.138496
0.138717
0.138915
0.138968
0.138894
0.138834
0.13866
0.138389
0.138211
0.138122
0.138093
0.138319
0.138208
0.13726
0.13726
0.137324
0.13664
0.136242
0.136105
0.135905
0.135814
0.131661
0.131467
0.124951
0.136639
0.138392
0.14019
0.141976
0.143151
0.143301
0.143462
0.143762
0.144115
0.144614
0.145342
0.145412
0.144566
0.143307
0.14255
0.142919
0.143344
0.122366
0.122164
0.141932
0.129904
0.119522
0.11965
0.119663
0.139114
0.138941
0.137558
0.136091
0.13731
0.136052
0.135108
0.1376
0.137786
0.137698
0.137592
0.137615
0.137782
0.137936
0.138034
0.13805
0.13802
0.137943
0.137756
0.137481
0.137344
0.137319
0.137465
0.137423
0.137231
0.136336
0.136393
0.136555
0.136445
0.136466
0.136555
0.136501
0.136558
0.136656
0.136596
0.136488
0.136348
0.136289
0.136247
0.133013
0.137792
0.139852
0.141805
0.145332
0.1458
0.147127
0.14753
0.148011
0.148559
0.148968
0.149466
0.150801
0.141834
0.139485
0.137072
0.141948
0.139966
0.138685
0.138741
0.137968
0.135571
0.136687
0.137233
0.136963
0.136434
0.134617
0.136474
0.13732
0.13721
0.137041
0.136848
0.136757
0.136855
0.136996
0.137072
0.137072
0.137051
0.136984
0.136813
0.136583
0.136535
0.136586
0.136632
0.136409
0.13628
0.135762
0.135856
0.135987
0.135773
0.135779
0.13597
0.136032
0.136118
0.136294
0.136461
0.136526
0.136422
0.136219
0.13623
0.136342
0.136469
0.136418
0.135554
0.139883
0.141606
0.143002
0.143699
0.144218
0.144547
0.144533
0.144375
0.144842
0.144515
0.141934
0.137524
0.140417
0.140405
0.134075
0.137571
0.135675
0.135689
0.135705
0.133422
0.129907
0.132967
0.131812
0.132086
0.13435
0.136403
0.136353
0.136231
0.136018
0.136115
0.136158
0.136209
0.136207
0.136202
0.136173
0.136058
0.135903
0.135948
0.136079
0.136089
0.135807
0.135706
0.135443
0.135491
0.135438
0.135252
0.135273
0.135441
0.135522
0.135617
0.13581
0.13609
0.136295
0.13625
0.13611
0.136008
0.136033
0.136185
0.135493
0.130493
0.138271
0.141199
0.142835
0.14386
0.144603
0.14487
0.144542
0.143799
0.144372
0.144458
0.141559
0.133582
0.133525
0.137557
0.135319
0.137084
0.136643
0.133806
0.134364
0.136246
0.136687
0.135888
0.136581
0.138375
0.138524
0.13756
0.13523
0.135503
0.135696
0.134978
0.135676
0.135687
0.13562
0.135575
0.135538
0.135481
0.135412
0.135492
0.13564
0.135684
0.135451
0.135366
0.135101
0.135078
0.134881
0.134742
0.134722
0.134839
0.1349
0.135014
0.135296
0.135696
0.136029
0.136196
0.13623
0.136133
0.135959
0.13593
0.13609
0.132374
0.136722
0.139973
0.141235
0.143214
0.144682
0.144776
0.143748
0.142692
0.143879
0.144497
0.141143
0.136617
0.137065
0.131813
0.13715
0.131316
0.133084
0.134676
0.136979
0.139178
0.140581
0.140857
0.141443
0.14238
0.142675
0.142651
0.142548
0.140944
0.134691
0.13521
0.134969
0.135333
0.135374
0.135211
0.135073
0.134985
0.135023
0.135141
0.135225
0.135279
0.135126
0.135033
0.134672
0.134622
0.134334
0.134216
0.134168
0.134251
0.134321
0.134486
0.134838
0.135306
0.135732
0.136031
0.136195
0.136198
0.136025
0.135837
0.135975
0.135838
0.131196
0.138398
0.140344
0.141594
0.143442
0.143321
0.141727
0.141572
0.143775
0.144848
0.141669
0.13451
0.136707
0.135775
0.136371
0.134983
0.137396
0.138874
0.140526
0.142117
0.143286
0.143797
0.144274
0.144818
0.145076
0.145194
0.145094
0.144241
0.142414
0.138816
0.134899
0.135062
0.135006
0.1351
0.134844
0.134621
0.134549
0.134678
0.13482
0.134843
0.134727
0.134622
0.134182
0.134122
0.133821
0.133736
0.133699
0.133791
0.133898
0.134115
0.134513
0.135005
0.135448
0.13579
0.136015
0.136101
0.136018
0.135841
0.135765
0.135992
0.135601
0.133279
0.137265
0.137822
0.139679
0.140276
0.140028
0.141636
0.144053
0.145386
0.14271
0.135067
0.136139
0.136031
0.134497
0.136861
0.13989
0.141507
0.142911
0.144207
0.145206
0.145735
0.146156
0.146542
0.146753
0.146911
0.146886
0.146354
0.14528
0.143979
0.140308
0.13097
0.124254
0.134715
0.134602
0.134335
0.134223
0.134295
0.134305
0.134335
0.134262
0.13414
0.13371
0.13364
0.133392
0.133362
0.133375
0.133505
0.133667
0.133929
0.134346
0.134828
0.135247
0.135571
0.135797
0.135916
0.135904
0.135804
0.135697
0.135692
0.135923
0.135752
0.130745
0.12853
0.135259
0.13763
0.138901
0.140977
0.144092
0.145602
0.143321
0.137847
0.136136
0.136245
0.129982
0.137895
0.141653
0.143218
0.144486
0.145612
0.146506
0.147061
0.147466
0.147813
0.147999
0.148162
0.148166
0.1478
0.147103
0.14657
0.14537
0.142769
0.140257
0.133513
0.134525
0.134028
0.134003
0.133917
0.133821
0.133852
0.133796
0.133661
0.133302
0.13323
0.133078
0.133126
0.13321
0.133381
0.133589
0.133889
0.134307
0.134746
0.135116
0.135396
0.135593
0.135707
0.135728
0.135692
0.135638
0.135593
0.135581
0.135733
0.135933
0.135673
0.12962
0.137297
0.139185
0.140163
0.143389
0.145465
0.143477
0.135626
0.136109
0.136427
0.129278
0.139413
0.143344
0.144997
0.146155
0.147002
0.147776
0.148378
0.148777
0.149049
0.149197
0.149327
0.149363
0.14909
0.148738
0.148557
0.149183
0.148306
0.145392
0.141966
0.133571
0.134028
0.133598
0.133634
0.133403
0.133379
0.133343
0.133222
0.132977
0.132887
0.132845
0.133014
0.133177
0.133384
0.133688
0.134154
0.134533
0.134782
0.135021
0.135237
0.135398
0.135494
0.135524
0.135524
0.135525
0.135529
0.1355
0.13545
0.13547
0.135636
0.135807
0.130386
0.138793
0.139268
0.141141
0.145099
0.144853
0.13764
0.136839
0.137029
0.13264
0.140732
0.144274
0.145923
0.147126
0.147797
0.148488
0.149185
0.14956
0.149714
0.149792
0.149846
0.149811
0.149546
0.149143
0.148804
0.148991
0.149032
0.148623
0.147283
0.142579
0.133043
0.133365
0.133222
0.133045
0.132956
0.132905
0.132864
0.132695
0.133334
0.132817
0.133007
0.133289
0.133718
0.134502
0.135096
0.135325
0.135172
0.135004
0.135079
0.135192
0.135267
0.135301
0.135324
0.135368
0.13543
0.135444
0.135387
0.135333
0.135309
0.135394
0.135685
0.135118
0.137353
0.139469
0.14466
0.147213
0.142022
0.136268
0.136175
0.13409
0.141808
0.145135
0.146553
0.147539
0.148334
0.148941
0.149516
0.149908
0.150034
0.150087
0.150138
0.150137
0.149919
0.149498
0.14871
0.146491
0.145893
0.147639
0.147416
0.144354
0.139133
0.133495
0.132712
0.132533
0.132484
0.13243
0.132484
0.132725
0.133062
0.133445
0.133417
0.134106
0.134742
0.135222
0.135551
0.135683
0.135553
0.135048
0.134876
0.134938
0.134998
0.135039
0.135081
0.135148
0.135233
0.135304
0.135335
0.135318
0.135285
0.135193
0.135076
0.135468
0.133876
0.137411
0.14483
0.145899
0.144048
0.13509
0.135419
0.136731
0.14236
0.145183
0.146641
0.147515
0.148311
0.148985
0.149549
0.149886
0.15006
0.150162
0.150289
0.150369
0.15024
0.149963
0.149469
0.148706
0.147599
0.144226
0.14245
0.144332
0.142776
0.129355
0.132646
0.132284
0.132292
0.132375
0.132421
0.132702
0.133274
0.134805
0.135173
0.135383
0.135653
0.135957
0.136097
0.135995
0.13577
0.13536
0.134689
0.134586
0.13462
0.134644
0.134694
0.134784
0.134885
0.134994
0.135102
0.135158
0.135179
0.135124
0.134925
0.13478
0.135115
0.135035
0.145707
0.144972
0.143704
0.135185
0.134759
0.138927
0.142133
0.144521
0.145964
0.147031
0.147855
0.148675
0.149305
0.149764
0.149982
0.150163
0.150415
0.150621
0.150606
0.150499
0.150296
0.150025
0.149489
0.148621
0.14801
0.147529
0.146801
0.145305
0.134481
0.13239
0.13212
0.132756
0.132672
0.133351
0.133661
0.135211
0.135987
0.136259
0.136493
0.136649
0.136562
0.136202
0.135729
0.135195
0.134388
0.134214
0.134232
0.134274
0.134361
0.134476
0.134624
0.134791
0.13495
0.135073
0.135181
0.135198
0.135086
0.134927
0.134712
0.135412
0.134557
0.145537
0.146763
0.142411
0.134622
0.131368
0.139067
0.141927
0.144765
0.145914
0.146993
0.148053
0.148915
0.149538
0.14983
0.15013
0.150529
0.150873
0.15098
0.151023
0.151016
0.150965
0.150727
0.150356
0.150006
0.149548
0.149134
0.148556
0.14689
0.136089
0.133341
0.133504
0.134267
0.135273
0.135482
0.136404
0.137198
0.137662
0.137854
0.137826
0.137434
0.1367
0.135841
0.135083
0.134077
0.133682
0.133645
0.133677
0.133766
0.133882
0.134047
0.134228
0.134399
0.13456
0.134724
0.134806
0.134793
0.134806
0.135014
0.135863
0.135895
0.134198
0.144566
0.138786
0.134106
0.134214
0.134153
0.138464
0.141606
0.143905
0.145806
0.147035
0.148338
0.149217
0.149653
0.150127
0.150663
0.15111
0.151339
0.151501
0.151616
0.151679
0.151592
0.151428
0.151224
0.150908
0.150689
0.150472
0.150062
0.148561
0.13814
0.137031
0.136473
0.138555
0.138897
0.139125
0.139657
0.139955
0.139978
0.139682
0.138955
0.137826
0.136506
0.135338
0.134127
0.133299
0.133111
0.133075
0.133118
0.133212
0.133373
0.133556
0.133744
0.133932
0.134134
0.13427
0.134336
0.134474
0.134817
0.135488
0.135689
0.134534
0.134199
0.133932
0.13378
0.133708
0.133624
0.133731
0.127268
0.143523
0.140898
0.145611
0.147524
0.148853
0.149511
0.150181
0.150829
0.151349
0.151674
0.151924
0.152123
0.152271
0.152288
0.152246
0.152156
0.151973
0.151898
0.151866
0.15186
0.151493
0.149571
0.146899
0.138077
0.142129
0.142042
0.14265
0.14307
0.143173
0.142989
0.142401
0.14132
0.13983
0.138091
0.136424
0.134938
0.13351
0.132958
0.132706
0.132598
0.132604
0.132704
0.13285
0.13302
0.133212
0.133425
0.133586
0.133708
0.133908
0.134261
0.134809
0.135038
0.134475
0.133619
0.133324
0.133644
0.133574
0.133457
0.133286
0.133307
0.133465
0.142299
0.14079
0.145705
0.148588
0.149454
0.150305
0.151044
0.151613
0.151998
0.152309
0.15258
0.152817
0.152936
0.153011
0.153033
0.152992
0.153064
0.153188
0.153464
0.15358
0.152577
0.151556
0.149687
0.143256
0.145816
0.14622
0.147099
0.147127
0.146807
0.145993
0.144621
0.142853
0.140833
0.138764
0.136887
0.13497
0.133765
0.133074
0.132642
0.13241
0.13232
0.132332
0.13241
0.132543
0.13272
0.132873
0.133018
0.133228
0.133528
0.133993
0.134223
0.133989
0.133545
0.133192
0.133407
0.133346
0.133225
0.133073
0.132944
0.133042
0.133673
0.139085
0.147486
0.148113
0.149506
0.150454
0.151287
0.1519
0.152333
0.152691
0.153032
0.153386
0.153623
0.153856
0.154064
0.154225
0.154536
0.154939
0.15567
0.1565
0.156163
0.154986
0.153693
0.153386
0.148716
0.150321
0.150838
0.150993
0.150754
0.149956
0.148539
0.146699
0.144616
0.142384
0.140166
0.138038
0.136081
0.134825
0.133914
0.133266
0.1328
0.132509
0.132358
0.132307
0.132331
0.132401
0.132505
0.132671
0.132875
0.133278
0.13347
0.13333
0.133157
0.132973
0.133092
0.133032
0.132971
0.132881
0.132849
0.132993
0.133488
0.134931
0.146684
0.149263
0.149487
0.150585
0.151522
0.152226
0.152719
0.153118
0.15351
0.153961
0.1543
0.154733
0.155283
0.155866
0.156718
0.157781
0.159405
0.161314
0.161955
0.160705
0.159081
0.161909
0.149726
0.153227
0.153475
0.153831
0.153783
0.153305
0.152238
0.150641
0.148807
0.146751
0.1445
0.142286
0.139984
0.138194
0.136838
0.135732
0.134788
0.13406
0.13353
0.133142
0.132851
0.132707
0.132661
0.13268
0.132728
0.132915
0.13312
0.133025
0.132915
0.132995
0.133074
0.13306
0.133191
0.13322
0.133348
0.133752
0.134376
0.135579
0.139056
0.149787
0.150748
0.151055
0.151797
0.15261
0.153145
0.153552
0.153937
0.154412
0.154793
0.15537
0.156409
0.157851
0.159779
0.161704
0.163705
0.16571
0.167095
0.166891
0.164308
0.166019
0.146222
0.15364
0.155375
0.15528
0.155589
0.155481
0.154925
0.153773
0.152416
0.150885
0.149044
0.14699
0.1448
0.142695
0.141073
0.139654
0.138327
0.137229
0.136316
0.135538
0.134871
0.134407
0.134089
0.133872
0.13368
0.133509
0.133559
0.133586
0.133421
0.133855
0.133929
0.134025
0.1345
0.134725
0.135074
0.135834
0.136689
0.137726
0.140273
0.148754
0.151847
0.152047
0.152275
0.15302
0.153522
0.153912
0.15428
0.154749
0.155159
0.155773
0.156976
0.159006
0.161659
0.163917
0.165578
0.16721
0.168721
0.169208
0.166817
0.167139
0.165606
0.15241
0.155579
0.156407
0.156832
0.156973
0.156714
0.155827
0.154862
0.153901
0.152755
0.151269
0.149481
0.147493
0.14581
0.144288
0.142789
0.141458
0.140293
0.139231
0.13826
0.137531
0.13696
0.136519
0.136065
0.13545
0.135307
0.135501
0.135191
0.135955
0.136052
0.136285
0.137144
0.137589
0.138126
0.139175
0.140228
0.141196
0.143121
0.144493
0.153207
0.153038
0.153066
0.153496
0.15393
0.15433
0.154712
0.155181
0.155631
0.15616
0.157
0.158848
0.161824
0.164469
0.16607
0.167527
0.168962
0.169702
0.167662
0.167498
0.167164
0.152251
0.155746
0.157031
0.157617
0.157869
0.157813
0.157234
0.156596
0.155877
0.155124
0.15426
0.153035
0.151534
0.150126
0.148715
0.147275
0.145908
0.144637
0.143421
0.142287
0.141411
0.140698
0.140078
0.139437
0.138477
0.138187
0.138583
0.138126
0.13907
0.139188
0.139518
0.140645
0.141224
0.141879
0.143075
0.144182
0.145079
0.146629
0.146841
0.155271
0.155662
0.154199
0.154213
0.154462
0.154853
0.155235
0.155682
0.156081
0.156572
0.157097
0.158446
0.161426
0.164596
0.16629
0.167675
0.169013
0.169774
0.168019
0.167662
0.167505
0.152522
0.156078
0.157366
0.157713
0.157775
0.157644
0.15734
0.157509
0.156942
0.156271
0.155863
0.155182
0.154204
0.153036
0.151814
0.150664
0.149434
0.148195
0.14702
0.145921
0.145058
0.144306
0.143605
0.142874
0.141685
0.141327
0.141897
0.141371
0.142354
0.142524
0.14288
0.144104
0.14471
0.145363
0.14655
0.147596
0.148343
0.14956
0.149538
0.156157
0.158538
0.155855
0.155062
0.155086
0.155485
0.155856
0.156262
0.156535
0.156962
0.157463
0.158328
0.160884
0.164586
0.166459
0.167813
0.169105
0.169751
0.168179
0.167747
0.167626
0.151072
0.155821
0.157307
0.15735
0.157346
0.157107
0.15626
0.156032
0.156312
0.155807
0.15594
0.155742
0.155267
0.154395
0.152946
0.151969
0.151096
0.149904
0.149012
0.148188
0.147548
0.146824
0.146096
0.145397
0.144103
0.143675
0.144356
0.143892
0.144814
0.145028
0.145369
0.146553
0.147104
0.147693
0.148727
0.149637
0.150224
0.151206
0.151286
0.147305
0.159794
0.157154
0.155669
0.155621
0.155895
0.156311
0.156748
0.156996
0.157462
0.157862
0.158437
0.160581
0.164647
0.16671
0.168063
0.169199
0.16979
0.168203
0.167908
0.167787
0.167899
0.154014
0.156299
0.155653
0.153864
0.153881
0.151366
0.147813
0.146953
0.163467
0.149103
0.151164
0.152819
0.153516
0.15181
0.150143
0.149526
0.148667
0.148445
0.147925
0.147584
0.147884
0.146402
0.145736
0.144537
0.144111
0.14472
0.144414
0.14528
0.145574
0.145729
0.146807
0.147234
0.147789
0.148324
0.149112
0.149456
0.15031
0.1505
0.14746
0.144975
0.153737
0.15113
0.152771
0.154282
0.160068
0.158606
0.157871
0.158618
0.158697
0.158926
0.160351
0.164971
0.167036
0.168375
0.169442
0.169919
0.168457
0.168257
0.168043
0.167919
0.168009
0.168227
0.1682
0.167959
0.167935
0.168046
0.168168
0.168134
0.168001
0.167931
0.167527
0.166843
0.163926
0.14423
0.134993
0.145699
0.144143
0.143762
0.144761
0.146531
0.147093
0.146174
0.145518
0.144153
0.143896
0.144308
0.144067
0.143792
0.144466
0.145412
0.146511
0.14492
0.14531
0.145735
0.146141
0.146449
0.146951
0.147091
0.152708
0.146903
0.153031
0.145429
0.149252
0.149913
0.156104
0.152317
0.157923
0.1603
0.159428
0.159552
0.154989
0.155903
0.166885
0.168479
0.169546
0.170026
0.168873
0.168521
0.168323
0.168126
0.167948
0.167932
0.167953
0.167599
0.160331
0.157147
0.155392
0.1544
0.153876
0.153622
0.153167
0.15217
0.151089
0.147132
0.136585
0.140715
0.141042
0.141005
0.140859
0.14049
0.140651
0.140357
0.140511
0.139883
0.139691
0.140116
0.140657
0.140071
0.141284
0.141277
0.141692
0.14171
0.142011
0.141975
0.141812
0.141623
0.141388
0.141171
0.141395
0.141281
0.141427
0.141181
0.139471
0.148024
0.147293
0.150083
0.154459
0.159293
0.159187
0.162007
0.165477
0.167175
0.168372
0.169522
0.170018
0.169798
0.168844
0.158557
0.156824
0.15598
0.156625
0.157256
0.157907
0.156027
0.151171
0.146976
0.143854
0.140693
0.132758
0.133571
0.13334
0.132983
0.132922
0.133022
0.13275
0.132805
0.132883
0.13307
0.132973
0.132701
0.132654
0.132143
0.131927
0.131635
0.131647
0.131581
0.131961
0.131165
0.132091
0.131895
0.132023
0.132008
0.132189
0.132048
0.131865
0.131725
0.131606
0.131592
0.131716
0.131681
0.131444
0.130099
0.134562
0.139146
0.140481
0.141058
0.141011
0.141514
0.142661
0.144308
0.145598
0.146018
0.145772
0.147481
0.151044
0.15563
0.160564
0.148085
0.149812
0.150156
0.149723
0.148087
0.146237
0.144315
0.143052
0.141523
0.136936
0.12856
0.130942
0.131291
0.13122
0.131227
0.131361
0.131478
0.130633
0.126996
0.123078
0.121021
0.120313
0.119839
0.119519
0.119329
0.119325
0.11939
0.119425
0.119487
0.119377
0.119636
0.119274
0.119278
0.119223
0.119156
0.119097
0.119078
0.119116
0.119265
0.119641
0.120526
0.122794
0.128608
0.131858
0.126214
0.141359
0.14684
0.149258
0.148829
0.146113
0.144903
0.147803
0.150973
0.152655
0.15304
0.15227
0.150546
0.148754
0.147558
0.14743
0.150408
0.14911
0.148723
0.148588
0.148596
0.148537
0.148702
0.148643
0.148317
0.147123
0.143331
0.135863
0.132308
0.132656
0.13116
0.128606
0.125203
0.123001
0.121444
0.120322
0.120009
0.119948
0.120166
0.12101
0.122813
0.124329
0.125626
0.126458
0.128576
0.128722
0.128963
0.126497
0.12653
0.125594
0.124385
0.12251
0.120877
0.119853
0.119652
0.119965
0.120635
0.122045
0.126467
0.130674
0.137507
0.141837
0.146355
0.149664
0.150237
0.148795
0.148949
0.153094
0.156467
0.158351
0.159324
0.159585
0.158811
0.157254
0.15487
0.152283
0.156414
0.155762
0.155592
0.155345
0.155093
0.154789
0.154567
0.154082
0.153371
0.152318
0.15011
0.146772
0.142495
0.13684
0.132841
0.130374
0.127313
0.125988
0.123838
0.122027
0.121304
0.120897
0.120671
0.120899
0.121801
0.123337
0.124576
0.125825
0.12919
0.129888
0.129443
0.127345
0.127242
0.125946
0.124488
0.122291
0.120394
0.119759
0.120104
0.120688
0.121825
0.125697
0.130818
0.137279
0.140232
0.143779
0.148372
0.15136
0.151635
0.151284
0.152727
0.155832
0.157768
0.15862
0.158945
0.159578
0.159824
0.159666
0.158702
0.157228
0.156811
0.156895
0.156852
0.156437
0.155843
0.155123
0.154434
0.153405
0.151973
0.150213
0.147777
0.144888
0.14158
0.137338
0.13622
0.132313
0.129446
0.126136
0.125906
0.125816
0.123738
0.121503
0.1208
0.120458
0.120247
0.119936
0.119994
0.119677
0.12156
0.12301
0.122155
0.120066
0.12016
0.119383
0.118939
0.118868
0.119268
0.1387
0.13881
0.137473
0.136285
0.135754
0.14005
0.146894
0.149195
0.150444
0.151529
0.160041
0.158401
0.158401
0.16102
0.152912
0.152871
0.159725
0.1579
0.156969
0.15594
0.156631
0.157055
0.156712
0.148578
0.148781
0.148814
0.148586
0.148038
0.147635
0.147245
0.14664
0.145601
0.143965
0.141784
0.138143
0.130395
0.13679
0.136887
0.136912
0.137012
0.13713
0.137394
0.137249
0.137262
0.137678
0.138142
0.138502
0.138823
0.139125
0.139122
0.13917
0.140092
0.140609
0.140517
0.139981
0.140291
0.140226
0.140173
0.140005
0.139605
0.138901
0.137926
0.137048
0.136062
0.134894
0.140455
0.148628
0.155934
0.155394
0.156874
0.155039
0.154763
0.155136
0.156375
0.157325
0.152073
0.151883
0.151298
0.150386
0.149513
0.149103
0.148763
0.148499
0.146757
0.146675
0.146975
0.147087
0.146891
0.146505
0.146049
0.145418
0.144557
0.143373
0.142303
0.141697
0.140526
0.13764
0.126638
0.135767
0.136595
0.136702
0.136717
0.136757
0.137024
0.137414
0.137626
0.137949
0.138349
0.138746
0.138779
0.138801
0.139734
0.140179
0.139964
0.139478
0.139901
0.13989
0.139837
0.139604
0.13909
0.138279
0.137155
0.136097
0.134867
0.127495
0.147531
0.149944
0.151898
0.151299
0.153
0.152211
0.152835
0.154139
0.155418
0.156319
0.157698
0.151879
0.151499
0.150758
0.15011
0.149502
0.148493
0.147353
0.147093
0.147339
0.147526
0.147488
0.147321
0.147147
0.146824
0.146391
0.145908
0.145373
0.144897
0.144543
0.143997
0.143168
0.141893
0.139908
0.132013
0.135366
0.136481
0.136516
0.136844
0.137314
0.137362
0.137417
0.137742
0.138134
0.138197
0.138249
0.13915
0.139516
0.139172
0.138744
0.139458
0.139518
0.139509
0.139236
0.138636
0.137778
0.13667
0.135479
0.134527
0.140592
0.147132
0.149814
0.14544
0.148804
0.1514
0.150645
0.151103
0.152488
0.154126
0.154944
0.155279
0.156441
0.151471
0.150667
0.150075
0.149321
0.148367
0.14754
0.147301
0.147703
0.147801
0.147699
0.147534
0.147284
0.146875
0.146652
0.146417
0.146188
0.145935
0.145677
0.145281
0.14473
0.143958
0.143012
0.140465
0.128809
0.13621
0.136394
0.136307
0.136535
0.137159
0.137467
0.137771
0.137897
0.137993
0.138194
0.13861
0.138667
0.138571
0.138116
0.139075
0.139184
0.139224
0.138758
0.137836
0.136735
0.135518
0.134478
0.131589
0.143745
0.141815
0.139656
0.141547
0.146051
0.149995
0.149134
0.146908
0.14967
0.153398
0.154225
0.153787
0.153264
0.150498
0.149371
0.147408
0.150007
0.147951
0.147034
0.14766
0.147925
0.148079
0.148079
0.14802
0.147592
0.146588
0.146669
0.146717
0.146703
0.146559
0.146361
0.145995
0.145445
0.144982
0.144633
0.143002
0.13897
0.126915
0.136512
0.136034
0.135909
0.136078
0.136719
0.136983
0.137277
0.137808
0.138241
0.138447
0.137873
0.13777
0.137531
0.13859
0.138792
0.138858
0.13825
0.137044
0.135243
0.134593
0.134506
0.132772
0.125246
0.133854
0.136066
0.138521
0.142737
0.145965
0.142014
0.143312
0.151671
0.153424
0.15205
0.149982
0.1483
0.147293
0.146718
0.145354
0.144254
0.147614
0.147445
0.147755
0.147688
0.147986
0.148209
0.14798
0.147637
0.147
0.147018
0.147209
0.147165
0.147075
0.146964
0.146608
0.146189
0.145665
0.145338
0.143911
0.141097
0.133041
0.135941
0.136041
0.135581
0.135817
0.136146
0.136315
0.136521
0.137083
0.137671
0.138186
0.137495
0.136862
0.136704
0.138548
0.138791
0.138858
0.13812
0.136025
0.134898
0.134589
0.135588
0.126757
0.125737
0.134056
0.135213
0.136707
0.139405
0.139321
0.139416
0.14924
0.15245
0.149466
0.14896
0.148281
0.147339
0.14639
0.14567
0.144623
0.143959
0.148205
0.148036
0.147952
0.147412
0.147608
0.14822
0.148128
0.147814
0.14763
0.147542
0.147592
0.147555
0.147249
0.147254
0.146997
0.146915
0.14692
0.146431
0.145477
0.14375
0.140331
0.129922
0.135966
0.135181
0.135237
0.135794
0.136242
0.136244
0.136359
0.136666
0.137318
0.137168
0.13656
0.135928
0.138572
0.139497
0.139183
0.136624
0.13554
0.135724
0.135916
0.136908
0.126462
0.134533
0.134919
0.135537
0.136409
0.138257
0.138472
0.141601
0.148298
0.146601
0.146913
0.148027
0.147574
0.146735
0.145966
0.145456
0.144822
0.144941
0.148582
0.148155
0.148152
0.147492
0.146714
0.147284
0.147878
0.148028
0.148073
0.148056
0.147954
0.147825
0.147672
0.14748
0.147329
0.147493
0.147446
0.147103
0.146423
0.145161
0.142594
0.127592
0.135251
0.134677
0.134814
0.135284
0.135942
0.135863
0.136689
0.138885
0.139168
0.136863
0.136291
0.135503
0.127582
0.136608
0.13767
0.136657
0.137334
0.136976
0.128595
0.126047
0.134805
0.135028
0.135546
0.136171
0.13644
0.137201
0.137486
0.139782
0.142514
0.144232
0.146672
0.147148
0.146834
0.146393
0.145983
0.145746
0.145335
0.14605
0.148856
0.148354
0.1473
0.142126
0.144001
0.1457
0.147219
0.147643
0.148071
0.147903
0.147716
0.147627
0.147518
0.147354
0.147235
0.147492
0.147411
0.147056
0.146478
0.145743
0.141373
0.13554
0.134396
0.134249
0.13465
0.135459
0.136579
0.137912
0.130161
0.139869
0.138195
0.136306
0.135818
0.145251
0.150771
0.153695
0.149466
0.146631
0.144492
0.144478
0.146371
0.138831
0.136929
0.137233
0.137031
0.136562
0.136138
0.136695
0.136877
0.137904
0.140187
0.142481
0.145164
0.146368
0.146601
0.146569
0.146387
0.146109
0.145973
0.15038
0.14904
0.14845
0.147861
0.147873
0.148004
0.148258
0.148787
0.148581
0.148385
0.148209
0.14833
0.148313
0.148263
0.148085
0.148221
0.148448
0.148421
0.148219
0.148002
0.148404
0.15099
0.149318
0.134641
0.13384
0.134972
0.136558
0.136926
0.139267
0.14021
0.136229
0.13591
0.136696
0.136972
0.137525
0.127898
0.144313
0.143729
0.135527
0.135022
0.136035
0.137039
0.137387
0.136939
0.136707
0.136452
0.13575
0.13539
0.13602
0.136792
0.138451
0.13848
0.140055
0.144279
0.146253
0.146919
0.147631
0.147578
0.146854
0.146564
0.147766
0.150375
0.148978
0.142008
0.142018
0.141832
0.141847
0.142873
0.140504
0.144233
0.141662
0.132489
0.139824
0.142436
0.142575
0.142095
0.139778
0.132608
0.136335
0.135388
0.134814
0.139605
0.149788
0.148589
0.133781
0.135452
0.137559
0.138801
0.139691
0.137192
0.136787
0.136986
0.137474
0.137788
0.139416
0.130187
0.128638
0.128675
0.145801
0.149799
0.150758
0.151259
0.151413
0.151125
0.150492
0.146041
0.141763
0.139565
0.139517
0.14085
0.140257
0.138495
0.140147
0.144219
0.145793
0.146884
0.148702
0.148325
0.146965
0.149887
0.149808
0.149598
0.144711
0.14338
0.143719
0.142796
0.142662
0.142987
0.140045
0.145848
0.145038
0.144838
0.142491
0.143498
0.143922
0.143655
0.141983
0.133817
0.135875
0.134418
0.134259
0.134905
0.134748
0.129145
0.130016
0.130648
0.130916
0.132438
0.136315
0.151302
0.141017
0.138802
0.139316
0.139663
0.137043
0.130737
0.128955
0.136553
0.149987
0.151273
0.151737
0.151941
0.15196
0.149181
0.147066
0.145512
0.143197
0.141617
0.141786
0.142958
0.141439
0.140298
0.142423
0.145216
0.14674
0.148967
0.151338
0.150595
0.149248
0.149211
0.150107
0.146509
0.14931
0.145929
0.143705
0.142053
0.1415
0.141234
0.141032
0.14088
0.142854
0.140424
0.139226
0.137798
0.138166
0.13759
0.136552
0.135359
0.134362
0.133867
0.133835
0.134244
0.135029
0.135421
0.135441
0.136707
0.139489
0.138389
0.151377
0.152025
0.148911
0.14621
0.140774
0.141163
0.147715
0.146174
0.137408
0.140297
0.152315
0.152912
0.153142
0.153246
0.153237
0.152958
0.152678
0.152379
0.151523
0.147184
0.149183
0.147803
0.144088
0.142355
0.143399
0.145899
0.148428
0.153428
0.156053
0.153243
0.152365
0.151308
0.15026
0.146899
0.14959
0.14697
0.142719
0.141782
0.141536
0.141404
0.141087
0.140707
0.140203
0.13956
0.138522
0.137314
0.135692
0.135165
0.134651
0.134122
0.133699
0.133439
0.133349
0.133477
0.13392
0.134461
0.13518
0.136813
0.140245
0.140956
0.136987
0.151638
0.150686
0.150538
0.150278
0.149938
0.15145
0.15137
0.145835
0.146371
0.153765
0.154125
0.154285
0.154296
0.154236
0.15396
0.153727
0.153483
0.153151
0.152893
0.153151
0.153306
0.147689
0.144896
0.144679
0.147007
0.151202
0.158493
0.161056
0.157433
0.156133
0.151819
0.150416
0.148454
0.149769
0.146288
0.142213
0.14191
0.141771
0.141594
0.141301
0.140919
0.140469
0.13997
0.139219
0.137836
0.135945
0.13457
0.134007
0.13356
0.133255
0.133083
0.13302
0.13307
0.133356
0.133915
0.134737
0.136326
0.140247
0.141188
0.13937
0.151592
0.152245
0.15245
0.152713
0.152945
0.153407
0.153566
0.153879
0.153984
0.154935
0.15517
0.155158
0.155098
0.154976
0.154734
0.154505
0.154285
0.154068
0.154003
0.154436
0.15489
0.154798
0.153342
0.147124
0.148823
0.155105
0.162705
0.165354
0.161602
0.160129
0.151425
0.149966
0.150332
0.149761
0.143214
0.142372
0.142193
0.141992
0.141849
0.141576
0.141133
0.140639
0.140197
0.139739
0.138859
0.137105
0.134685
0.133678
0.133164
0.13295
0.132847
0.132845
0.132912
0.133155
0.133604
0.134367
0.135813
0.139287
0.14007
0.139866
0.152316
0.153209
0.153682
0.154247
0.15458
0.154939
0.15519
0.155223
0.155317
0.155862
0.156034
0.156011
0.155917
0.15575
0.155499
0.155247
0.155034
0.154887
0.154942
0.155602
0.155863
0.157169
0.158512
0.152312
0.151273
0.158515
0.167569
0.170817
0.164741
0.163588
0.151515
0.14983
0.152224
0.151175
0.143133
0.142951
0.142774
0.142499
0.142216
0.141945
0.141464
0.140863
0.140332
0.139909
0.139369
0.138164
0.136027
0.133835
0.133144
0.132791
0.132819
0.132912
0.133088
0.13343
0.133888
0.134639
0.136016
0.13779
0.139863
0.141205
0.153118
0.154152
0.154832
0.15543
0.155718
0.156121
0.156379
0.156398
0.156533
0.156989
0.157156
0.157079
0.15695
0.156705
0.156388
0.156092
0.155878
0.155772
0.155885
0.156684
0.157464
0.159963
0.161438
0.16236
0.154408
0.160193
0.172776
0.156041
0.164626
0.155594
0.153416
0.144665
0.151968
0.144392
0.144054
0.143854
0.14362
0.14329
0.142952
0.142657
0.142233
0.141612
0.140917
0.140415
0.139911
0.139171
0.137586
0.134828
0.133518
0.133054
0.133239
0.133562
0.133716
0.134476
0.135164
0.136227
0.139124
0.14113
0.140816
0.148877
0.153951
0.155131
0.155963
0.156618
0.156995
0.157422
0.157587
0.157701
0.15786
0.158183
0.15844
0.158596
0.158506
0.158186
0.15774
0.15729
0.156958
0.15678
0.156792
0.157484
0.159094
0.162054
0.164552
0.163578
0.158493
0.160919
0.160942
0.156088
0.161158
0.159207
0.146193
0.145179
0.144762
0.144374
0.145312
0.145052
0.144786
0.144417
0.144044
0.1437
0.143275
0.142762
0.142012
0.141321
0.140742
0.140107
0.139246
0.136964
0.134316
0.13372
0.133957
0.13443
0.134529
0.136459
0.137673
0.13995
0.1492
0.15086
0.149328
0.152171
0.1548
0.156202
0.157213
0.15791
0.158146
0.158431
0.158581
0.15877
0.158969
0.159231
0.159479
0.159725
0.15992
0.159913
0.159498
0.158827
0.158246
0.157885
0.157716
0.158079
0.16007
0.157679
0.166877
0.164976
0.160783
0.160505
0.162136
0.146421
0.136599
0.146657
0.14667
0.146588
0.145944
0.145652
0.146657
0.146398
0.14613
0.14575
0.145373
0.145002
0.14453
0.14406
0.143475
0.142664
0.141886
0.14123
0.140591
0.139247
0.1363
0.134706
0.13494
0.135608
0.136381
0.147034
0.149637
0.151212
0.152619
0.15355
0.153255
0.153691
0.15569
0.157304
0.15818
0.158541
0.158596
0.15888
0.159157
0.15944
0.159682
0.159875
0.160047
0.160204
0.160419
0.160738
0.161003
0.160583
0.159731
0.159074
0.158656
0.158629
0.159595
0.153492
0.157359
0.166234
0.15967
0.161008
0.141084
0.147671
0.139421
0.147553
0.147887
0.147965
0.14725
0.146998
0.147942
0.147725
0.147483
0.147111
0.146745
0.146363
0.145863
0.145361
0.144853
0.144209
0.143199
0.142433
0.141815
0.140938
0.138767
0.135965
0.136045
0.136808
0.137001
0.150328
0.152696
0.15348
0.15425
0.154896
0.154773
0.154857
0.156595
0.157967
0.158248
0.15857
0.158767
0.159133
0.159614
0.160423
0.153902
0.161172
0.160881
0.160815
0.160898
0.161062
0.161437
0.161904
0.161404
0.160435
0.159699
0.159299
0.160863
0.154164
0.150077
0.15406
0.160724
0.14283
0.142708
0.147994
0.140604
0.148516
0.148833
0.149129
0.1485
0.14826
0.149078
0.148907
0.148695
0.148342
0.147987
0.147596
0.147085
0.146556
0.146016
0.145472
0.144566
0.143487
0.142818
0.142037
0.140751
0.137339
0.137015
0.137734
0.137795
0.151265
0.154369
0.154758
0.155244
0.155807
0.155981
0.156133
0.157273
0.157563
0.15806
0.158788
0.149733
0.14955
0.14928
0.149299
0.149579
0.1503
0.151345
0.15291
0.155548
0.16302
0.162528
0.162441
0.162833
0.162132
0.161095
0.160541
0.1591
0.154576
0.148516
0.15201
0.161105
0.144717
0.143425
0.1427
0.14116
0.148874
0.149588
0.150054
0.149576
0.149359
0.150003
0.149872
0.149687
0.149354
0.149
0.148596
0.148071
0.14751
0.14692
0.14633
0.145569
0.14418
0.14336
0.142554
0.141665
0.138763
0.137543
0.138163
0.138223
0.152711
0.154945
0.155117
0.155396
0.152235
0.148623
0.144219
0.143318
0.142402
0.143265
0.145003
0.145905
0.147073
0.14804
0.148613
0.149048
0.149607
0.150294
0.15113
0.152141
0.153435
0.154997
0.156129
0.164123
0.164051
0.162811
0.160305
0.157898
0.154505
0.147876
0.150559
0.160004
0.145425
0.143789
0.142547
0.141409
0.141841
0.149767
0.150715
0.150396
0.150233
0.150714
0.150618
0.150454
0.15013
0.149763
0.149331
0.148773
0.148159
0.147489
0.146778
0.145919
0.144197
0.143007
0.142089
0.141471
0.139159
0.13739
0.138494
0.138396
0.152967
0.148691
0.149058
0.149783
0.148321
0.144515
0.141145
0.138206
0.135326
0.140956
0.143065
0.144168
0.146001
0.147596
0.148494
0.148973
0.149458
0.150016
0.15064
0.151368
0.152266
0.153414
0.154924
0.155475
0.157729
0.158576
0.157015
0.156179
0.154188
0.147986
0.149077
0.158168
0.145669
0.143877
0.142438
0.141499
0.141309
0.141569
0.151107
0.150944
0.150882
0.151198
0.151148
0.150989
0.150649
0.150248
0.149757
0.149123
0.148398
0.147562
0.146558
0.144468
0.141288
0.141017
0.14142
0.141531
0.141382
0.135274
0.135127
0.138412
0.133615
0.138606
0.143101
0.145362
0.145009
0.13863
0.137404
0.138687
0.140626
0.146563
0.148784
0.141922
0.145353
0.147613
0.148549
0.149275
0.149747
0.150175
0.150669
0.1512
0.151803
0.152573
0.153678
0.154567
0.155574
0.155571
0.155457
0.15507
0.153296
0.148083
0.14754
0.155211
0.145356
0.143642
0.142211
0.14146
0.141237
0.141216
0.151139
0.151098
0.151298
0.150882
0.151337
0.151219
0.150782
0.150359
0.149705
0.148797
0.145845
0.140864
0.140245
0.139844
0.139638
0.139776
0.138817
0.137891
0.138128
0.138329
0.13857
0.137269
0.133551
0.131901
0.130822
0.13078
0.132795
0.130846
0.132357
0.132673
0.13443
0.138483
0.144062
0.148143
0.143548
0.146915
0.148736
0.149744
0.15043
0.150988
0.151395
0.151804
0.152242
0.152708
0.153365
0.154105
0.153902
0.154622
0.154665
0.154264
0.153665
0.151473
0.147027
0.153308
0.144481
0.143079
0.141666
0.141313
0.141239
0.141243
0.142118
0.142276
0.15082
0.141836
0.141909
0.141907
0.141765
0.141706
0.141496
0.141213
0.140809
0.14026
0.139641
0.139117
0.138897
0.138128
0.136737
0.136077
0.136138
0.136003
0.13638
0.134684
0.132054
0.130562
0.129757
0.128866
0.127014
0.12705
0.128187
0.128589
0.129996
0.132771
0.135305
0.142287
0.142568
0.147728
0.149843
0.15093
0.151787
0.15248
0.152867
0.153246
0.153445
0.153778
0.154128
0.154396
0.154403
0.155099
0.155125
0.154722
0.154596
0.15058
0.146034
0.151567
0.143558
0.142256
0.141108
0.140823
0.140935
0.141203
0.141592
0.141778
0.141883
0.141782
0.141772
0.141731
0.141626
0.141512
0.14132
0.141021
0.140604
0.139814
0.139194
0.138756
0.138291
0.137231
0.136479
0.136029
0.13498
0.133814
0.133427
0.131675
0.126426
0.121742
0.121911
0.122725
0.122943
0.124483
0.123868
0.126126
0.127011
0.129207
0.130607
0.134079
0.14201
0.149323
0.151883
0.15324
0.154068
0.154435
0.154885
0.154998
0.155174
0.155416
0.15565
0.155628
0.155546
0.15591
0.155716
0.155361
0.155167
0.151906
0.147954
0.146459
0.14169
0.141345
0.14058
0.140593
0.140842
0.141101
0.141451
0.141724
0.141716
0.14205
0.142056
0.141958
0.141787
0.1416
0.141364
0.141096
0.14073
0.14017
0.139622
0.139359
0.138233
0.137248
0.135911
0.134363
0.132921
0.131561
0.128134
0.121807
0.120528
0.121203
0.123645
0.125228
0.126723
0.126115
0.125559
0.129209
0.129576
0.129429
0.128388
0.127917
0.142713
0.151423
0.154405
0.155906
0.156734
0.157034
0.157338
0.157386
0.157469
0.157766
0.157924
0.157644
0.157684
0.157715
0.157561
0.15755
0.157739
0.154866
0.15079
0.146019
0.143931
0.135921
0.138153
0.138807
0.13979
0.140739
0.141511
0.141999
0.142059
0.142437
0.142614
0.142529
0.142342
0.142154
0.141922
0.141733
0.141495
0.141068
0.140731
0.14045
0.138462
0.136299
0.134719
0.133478
0.1323
0.125765
0.121218
0.12
0.120998
0.124416
0.126824
0.128081
0.129739
0.127447
0.126238
0.130165
0.128976
0.129899
0.144823
0.143724
0.146801
0.153194
0.15605
0.157877
0.159299
0.159953
0.160457
0.16062
0.160777
0.161179
0.161654
0.16169
0.161571
0.161196
0.161037
0.161301
0.160569
0.157961
0.154816
0.150371
0.146017
0.144273
0.125833
0.133669
0.13654
0.138046
0.139767
0.141494
0.142183
0.140523
0.141612
0.142102
0.142207
0.142191
0.142099
0.142107
0.142257
0.14203
0.140411
0.138544
0.136422
0.13474
0.130892
0.123855
0.120923
0.119576
0.1199
0.122907
0.126389
0.130345
0.132746
0.133126
0.133768
0.130459
0.131464
0.131536
0.150831
0.162567
0.161098
0.154964
0.153254
0.155242
0.156167
0.158866
0.161793
0.163153
0.163964
0.164247
0.165163
0.166103
0.166265
0.166003
0.165683
0.165313
0.165089
0.164417
0.162979
0.160578
0.157716
0.153279
0.147022
0.142982
0.13956
0.128756
0.131299
0.131213
0.133566
0.13777
0.139517
0.135777
0.137676
0.139155
0.13998
0.140449
0.140344
0.139982
0.140207
0.139201
0.137205
0.136595
0.134552
0.130546
0.125778
0.121518
0.120166
0.119617
0.121558
0.125979
0.129305
0.13269
0.134194
0.134582
0.134712
0.132938
0.135644
0.134953
0.14496
0.160965
0.158893
0.155173
0.160523
0.161861
0.16167
0.164399
0.166654
0.168031
0.168936
0.16938
0.16978
0.169885
0.169716
0.169432
0.169182
0.168689
0.167813
0.1666
0.16483
0.16238
0.15918
0.153618
0.132259
0.132434
0.132709
0.132896
0.133023
0.13268
0.132175
0.13335
0.134492
0.134364
0.134802
0.135319
0.135935
0.136562
0.136539
0.132748
0.132977
0.136124
0.127878
0.128873
0.126745
0.124255
0.122315
0.120748
0.120178
0.120221
0.124226
0.128711
0.131506
0.133477
0.134164
0.134787
0.134734
0.13231
0.135371
0.134248
0.145178
0.156452
0.160583
0.165725
0.16762
0.16904
0.169761
0.170867
0.171479
0.171842
0.172037
0.172145
0.172196
0.172108
0.171996
0.171846
0.171606
0.171362
0.158629
0.15759
0.156557
0.15524
0.153486
0.143955
0.129518
0.122101
0.120915
0.120751
0.120797
0.121751
0.125623
0.13021
0.133298
0.119938
0.12029
0.120557
0.121108
0.121884
0.121725
0.122352
0.122487
0.122343
0.12249
0.122631
0.12262
0.121912
0.121154
0.12078
0.1206
0.121713
0.126217
0.130124
0.132148
0.133118
0.133486
0.133564
0.132345
0.125167
0.128701
0.144452
0.158963
0.163597
0.171178
0.171145
0.171493
0.172345
0.173002
0.173329
0.173449
0.173489
0.173474
0.173478
0.173515
0.173795
0.161175
0.160213
0.159446
0.15866
0.157834
0.156965
0.155942
0.154427
0.15012
0.141128
0.142631
0.14338
0.144552
0.121328
0.120828
0.120388
0.119861
0.11976
0.119775
0.122656
0.122288
0.123569
0.123239
0.123275
0.121186
0.123685
0.121527
0.120659
0.121248
0.121472
0.121651
0.121543
0.121263
0.121187
0.12174
0.123374
0.126894
0.12977
0.131006
0.131575
0.131765
0.128783
0.120415
0.124096
0.143193
0.162982
0.167737
0.17095
0.171961
0.172699
0.173904
0.17426
0.174217
0.174179
0.174124
0.174051
0.173986
0.174044
0.163062
0.16105
0.160287
0.159629
0.158998
0.158273
0.157466
0.156569
0.155572
0.153825
0.138987
0.142213
0.142739
0.142959
0.14303
0.142966
0.142823
0.130142
0.124737
0.124257
0.123672
0.127833
0.129062
0.12694
0.12644
0.126074
0.125645
0.123763
0.123792
0.121431
0.121584
0.121726
0.121761
0.121751
0.1219
0.122403
0.123479
0.125097
0.127757
0.129735
0.130388
0.130796
0.131038
0.124016
0.121314
0.143513
0.151437
0.16484
0.168723
0.171654
0.172026
0.174713
0.174377
0.174235
0.17418
0.174134
0.174048
0.17393
0.173844
0.173971
0.161734
0.160461
0.159778
0.159153
0.158529
0.157824
0.157069
0.156219
0.155352
0.153972
0.140594
0.14227
0.142749
0.142857
0.142805
0.142677
0.142484
0.142116
0.141687
0.14195
0.12731
0.125011
0.128403
0.127244
0.12791
0.127863
0.126395
0.126639
0.126189
0.124493
0.123755
0.123415
0.123435
0.123498
0.123986
0.124678
0.125697
0.127109
0.129256
0.130501
0.130747
0.131067
0.131443
0.121833
0.121715
0.147274
0.15945
0.167097
0.169968
0.172513
0.173208
0.174454
0.174081
0.174006
0.17407
0.174002
0.173807
0.173709
0.17371
0.174066
0.16067
0.159732
0.159102
0.158479
0.157862
0.157232
0.1566
0.155878
0.155224
0.153995
0.141301
0.142044
0.142538
0.142573
0.142477
0.142345
0.142074
0.141799
0.141503
0.141181
0.140726
0.141071
0.14088
0.126891
0.127571
0.127918
0.128799
0.12939
0.128884
0.127832
0.127077
0.126351
0.126006
0.126062
0.126634
0.12735
0.128307
0.129276
0.130539
0.13094
0.130749
0.12883
0.129601
0.12036
0.143187
0.15531
0.163945
0.168633
0.170766
0.172835
0.173341
0.174171
0.17382
0.173749
0.17383
0.173654
0.173408
0.173557
0.17379
0.174205
0.159587
0.15884
0.158239
0.157626
0.157083
0.156659
0.156104
0.155519
0.15517
0.153771
0.14116
0.141758
0.142379
0.142863
0.142526
0.142396
0.142227
0.142125
0.141785
0.14168
0.141351
0.140938
0.140502
0.122183
0.121863
0.121827
0.12207
0.128144
0.128274
0.129126
0.129428
0.129335
0.129052
0.129024
0.129247
0.129627
0.130122
0.130258
0.130482
0.127471
0.12048
0.126501
0.127727
0.120248
0.151829
0.161416
0.16661
0.169816
0.171331
0.172927
0.173191
0.173697
0.173395
0.173328
0.173346
0.173157
0.173218
0.17363
0.173754
0.16002
0.158315
0.157546
0.157093
0.156621
0.156323
0.155834
0.155339
0.155194
0.155151
0.153186
0.140754
0.141351
0.142105
0.14193
0.141656
0.141489
0.14122
0.14105
0.140801
0.140983
0.140697
0.140884
0.140041
0.125967
0.125705
0.126075
0.124446
0.123055
0.122339
0.122465
0.12734
0.128911
0.129753
0.130001
0.129734
0.128853
0.123896
0.120824
0.119852
0.120009
0.120004
0.129118
0.122467
0.139252
0.162339
0.1653
0.167817
0.17067
0.17171
0.172942
0.172989
0.173075
0.172793
0.172752
0.172811
0.17317
0.173514
0.173518
0.173391
0.158676
0.157493
0.157668
0.156854
0.156534
0.156004
0.155411
0.155149
0.155174
0.155105
0.153681
0.140356
0.140856
0.14164
0.14149
0.141268
0.141127
0.140917
0.14087
0.140783
0.141019
0.140875
0.140296
0.139485
0.128412
0.129071
0.129522
0.128856
0.127868
0.127452
0.125741
0.124864
0.123122
0.122229
0.122681
0.123263
0.123155
0.122883
0.122487
0.122252
0.122106
0.121341
0.128928
0.120229
0.156575
0.166644
0.167438
0.168786
0.171258
0.171922
0.172962
0.173038
0.172494
0.172448
0.172569
0.172906
0.173254
0.173166
0.172875
0.172757
0.157203
0.156842
0.156272
0.155704
0.155048
0.15441
0.154239
0.15471
0.155151
0.155042
0.13553
0.140417
0.140476
0.14064
0.140944
0.140629
0.140486
0.140342
0.140385
0.140407
0.140649
0.140493
0.139291
0.13869
0.13042
0.131001
0.131107
0.130899
0.130308
0.130174
0.129295
0.128959
0.128054
0.127195
0.12598
0.125619
0.125956
0.125957
0.125329
0.124281
0.123872
0.121439
0.123733
0.135762
0.163631
0.168655
0.16919
0.170299
0.171742
0.172011
0.172909
0.173138
0.172693
0.172894
0.173402
0.173382
0.173229
0.172759
0.172149
0.171537
0.170842
0.170556
0.155495
0.15482
0.154203
0.15387
0.154109
0.154738
0.155076
0.154756
0.140133
0.140224
0.140405
0.140518
0.140244
0.139789
0.139601
0.139554
0.139677
0.139735
0.139873
0.139564
0.138121
0.137632
0.131643
0.131555
0.131613
0.132012
0.132283
0.131834
0.131782
0.130839
0.130305
0.129712
0.129027
0.128291
0.127489
0.127175
0.126914
0.126186
0.124802
0.11957
0.121347
0.157888
0.1669
0.170386
0.170365
0.171004
0.172214
0.171784
0.172786
0.172936
0.172812
0.172724
0.170914
0.172337
0.171686
0.170954
0.169999
0.169631
0.154727
0.167246
0.1541
0.1538
0.153419
0.153527
0.154239
0.154715
0.154955
0.151381
0.139923
0.139956
0.140071
0.139796
0.139218
0.138637
0.138554
0.138611
0.138785
0.138815
0.138791
0.13831
0.136879
0.136478
0.131231
0.132015
0.132732
0.132124
0.131369
0.131708
0.131192
0.131655
0.132178
0.13104
0.130373
0.129692
0.129114
0.128615
0.12837
0.127762
0.12196
0.1262
0.150093
0.164278
0.169193
0.171722
0.170751
0.171603
0.172544
0.171792
0.172625
0.172469
0.17234
0.172204
0.172406
0.171378
0.170497
0.169507
0.168424
0.167558
0.166636
0.165655
0.153536
0.153112
0.153047
0.153623
0.154224
0.154485
0.154563
0.140043
0.139372
0.139434
0.139169
0.138508
0.137872
0.137331
0.137395
0.137524
0.137703
0.137656
0.137481
0.136882
0.135543
0.13546
0.130821
0.132738
0.131921
0.135261
0.135898
0.135327
0.135549
0.135214
0.131678
0.131949
0.132306
0.130647
0.130054
0.129545
0.129408
0.130179
0.123908
0.12327
0.153836
0.166641
0.171314
0.172462
0.171538
0.172423
0.172298
0.171962
0.172331
0.171885
0.171681
0.171483
0.171542
0.170035
0.168845
0.167735
0.166737
0.16591
0.165221
0.164473
0.153287
0.152784
0.153168
0.153765
0.153934
0.154199
0.153276
0.139158
0.138712
0.138545
0.137885
0.137073
0.13647
0.135969
0.136109
0.136279
0.136439
0.136287
0.136011
0.135345
0.134057
0.134618
0.132236
0.132512
0.136568
0.136103
0.13579
0.135652
0.135467
0.135239
0.135188
0.13555
0.131335
0.130161
0.130928
0.129781
0.130047
0.130793
0.126554
0.123962
0.124034
0.166619
0.172389
0.171674
0.172287
0.172306
0.171691
0.171916
0.171832
0.171259
0.171037
0.170768
0.170445
0.168379
0.166991
0.165846
0.165005
0.164419
0.164055
0.163503
0.153298
0.152838
0.153437
0.153467
0.153484
0.153234
0.140126
0.138059
0.137929
0.137377
0.13656
0.13582
0.135234
0.134754
0.134788
0.13499
0.13513
0.134882
0.134532
0.133862
0.13278
0.133947
0.132794
0.136398
0.135886
0.13612
0.135389
0.134777
0.134827
0.134765
0.134139
0.133662
0.133061
0.130542
0.130264
0.127715
0.130327
0.133527
0.135288
0.135899
0.125393
0.153258
0.156835
0.171119
0.171234
0.171076
0.16701
0.171848
0.171521
0.170468
0.169948
0.169235
0.167692
0.15362
0.153116
0.164687
0.163828
0.163527
0.163509
0.163091
0.152586
0.153329
0.153156
0.152453
0.152757
0.152778
0.137958
0.137408
0.137183
0.136427
0.135658
0.135054
0.134533
0.134086
0.134023
0.134358
0.134474
0.134117
0.133609
0.132637
0.130932
0.131574
0.135986
0.13036
0.130795
0.130909
0.130566
0.129436
0.128594
0.13002
0.13021
0.130231
0.132172
0.132774
0.133831
0.131204
0.132157
0.131377
0.131041
0.135349
0.15227
0.157512
0.158486
0.156194
0.17044
0.170078
0.169575
0.170749
0.169998
0.168544
0.168522
0.165771
0.152186
0.152397
0.152583
0.164439
0.163981
0.16392
0.164074
0.16346
0.162812
0.153034
0.151606
0.151562
0.152198
0.14051
0.138428
0.13797
0.136615
0.135882
0.135233
0.134704
0.133545
0.132901
0.132686
0.133001
0.133258
0.133034
0.132567
0.134042
0.130254
0.130431
0.131581
0.135018
0.119076
0.119918
0.12264
0.122525
0.122029
0.124443
0.12622
0.128069
0.132057
0.133076
0.129273
0.128838
0.125198
0.134468
0.155846
0.157597
0.157904
0.158638
0.159425
0.158751
0.158255
0.156897
0.153451
0.169553
0.168449
0.167344
0.159436
0.151522
0.152383
0.15291
0.153193
0.165245
0.165534
0.165859
0.166182
0.160546
0.160953
0.157266
0.149777
0.150332
0.140528
0.138742
0.13693
0.136013
0.135748
0.134771
0.132797
0.132022
0.132042
0.132181
0.132468
0.132509
0.132396
0.131887
0.131436
0.130243
0.142442
0.159032
0.161584
0.161469
0.161057
0.161176
0.158056
0.150171
0.13672
0.138921
0.138621
0.13801
0.132755
0.131056
0.134406
0.16666
0.157629
0.158877
0.158812
0.159266
0.159349
0.159932
0.160438
0.159647
0.159647
0.158446
0.156271
0.152967
0.152087
0.152246
0.151891
0.152342
0.1533
0.153988
0.154391
0.167146
0.167859
0.136628
0.119103
0.120225
0.137963
0.140673
0.140733
0.139111
0.137118
0.13579
0.134785
0.134065
0.133834
0.133276
0.132742
0.13257
0.133286
0.133773
0.13404
0.133948
0.134068
0.134628
0.136611
0.138642
0.160519
0.162038
0.163359
0.163819
0.163938
0.164293
0.164164
0.16363
0.163197
0.16292
0.162964
0.162841
0.162604
0.161777
0.160933
0.160433
0.160167
0.16067
0.160418
0.160878
0.160817
0.161189
0.161227
0.16023
0.16
0.158581
0.156662
0.154839
0.153975
0.153289
0.152833
0.153322
0.154277
0.155046
0.155905
0.168197
0.123501
0.121587
0.124998
0.136743
0.136659
0.137185
0.137158
0.136894
0.136465
0.135887
0.135262
0.134753
0.134441
0.134307
0.13469
0.135224
0.136537
0.13702
0.137189
0.137396
0.139349
0.142421
0.145662
0.155542
0.161948
0.163847
0.164889
0.165307
0.16539
0.165543
0.165239
0.164726
0.164362
0.163616
0.163857
0.163774
0.163824
0.163139
0.162374
0.161982
0.162043
0.16263
0.162393
0.16273
0.16248
0.162513
0.16208
0.160892
0.160337
0.158687
0.15681
0.155164
0.154398
0.153789
0.153424
0.153901
0.154873
0.155678
0.168155
0.124276
0.121611
0.122417
0.137381
0.137376
0.138099
0.138447
0.138325
0.13799
0.137587
0.137227
0.136889
0.136673
0.136613
0.136733
0.137378
0.137961
0.138804
0.139029
0.13926
0.14047
0.141813
0.155168
0.157431
0.155496
0.161715
0.164644
0.165673
0.165945
0.165891
0.166029
0.165847
0.165431
0.165129
0.164811
0.164729
0.164572
0.164384
0.16379
0.163073
0.162685
0.162746
0.163283
0.163162
0.163396
0.163065
0.162826
0.162029
0.16066
0.159856
0.158218
0.156599
0.155213
0.154383
0.153825
0.153898
0.154695
0.155255
0.15588
0.12474
0.120513
0.122175
0.124334
0.1368
0.139318
0.139972
0.140206
0.140031
0.139554
0.138857
0.138422
0.138212
0.138127
0.138165
0.138291
0.138744
0.139162
0.139707
0.140016
0.14119
0.140602
0.154731
0.160161
0.160958
0.132241
)
;
    }
    hills
    {
        type            calculated;
        value           nonuniform List<scalar> 
7200
(
0.129163
0.126935
0.124826
0.123727
0.123224
0.12332
0.124261
0.128976
0.139068
0.119898
0.121976
0.13918
0.139192
0.139089
0.138975
0.138854
0.138745
0.138653
0.138546
0.138452
0.138224
0.137955
0.137487
0.136815
0.135751
0.136311
0.138658
0.139277
0.140977
0.141664
0.147462
0.148282
0.151308
0.160521
0.138776
0.134198
0.142365
0.126998
0.13332
0.143304
0.151759
0.150941
0.142497
0.137709
0.135393
0.135222
0.13441
0.125896
0.127394
0.127686
0.128518
0.12896
0.130435
0.131574
0.132027
0.1325
0.132399
0.132227
0.131919
0.131008
0.139041
0.13842
0.138123
0.138677
0.14234
0.14149
0.140287
0.139336
0.139058
0.132031
0.131614
0.138061
0.137968
0.138106
0.138442
0.13883
0.139333
0.139905
0.140356
0.14046
0.140551
0.140726
0.140766
0.140576
0.138658
0.140955
0.140769
0.140227
0.138925
0.135807
0.146719
0.149735
0.15367
0.160009
0.133737
0.133475
0.138906
0.123536
0.134277
0.143494
0.151886
0.130844
0.133384
0.134307
0.132658
0.135121
0.136175
0.136135
0.134449
0.130207
0.131505
0.13081
0.135432
0.133133
0.133374
0.136913
0.140589
0.140493
0.14106
0.138236
0.140134
0.13944
0.138953
0.138733
0.13858
0.138532
0.138501
0.137946
0.136176
0.135448
0.135593
0.133092
0.133059
0.133515
0.134285
0.135095
0.136063
0.137276
0.138763
0.139878
0.140566
0.14099
0.141076
0.140705
0.140032
0.141046
0.139818
0.137226
0.136115
0.141461
0.146336
0.150147
0.154808
0.155928
0.132946
0.134511
0.138398
0.121068
0.141683
0.1536
0.144247
0.138307
0.14077
0.142839
0.143114
0.142446
0.140077
0.139203
0.141578
0.143179
0.143251
0.145419
0.163836
0.163913
0.154491
0.148316
0.147155
0.145579
0.144131
0.141118
0.161893
0.163533
0.163432
0.162123
0.160552
0.16226
0.165498
0.168404
0.164358
0.162551
0.162918
0.156171
0.157902
0.159879
0.158696
0.160623
0.158414
0.157025
0.155177
0.153153
0.150237
0.147559
0.144928
0.142077
0.138954
0.137678
0.134938
0.133708
0.135564
0.146428
0.148709
0.157944
0.154425
0.149865
0.134642
0.140827
0.143386
0.134391
0.141604
0.147386
0.185864
0.164836
0.156838
0.146504
0.14571
0.14533
0.145171
0.145483
0.146119
0.148245
0.154636
0.164598
0.165137
0.149606
0.153382
0.153982
0.153792
0.155388
0.155708
0.157147
0.148711
0.14884
0.14876
0.148592
0.148465
0.148605
0.149313
0.150517
0.151337
0.152289
0.15342
0.154825
0.156901
0.160927
0.164396
0.164914
0.160013
0.144709
0.144657
0.146247
0.153918
0.163182
0.164226
0.1625
0.168309
0.160588
0.157034
0.161362
0.160018
0.159159
0.146868
0.14832
0.154565
0.14477
0.141598
0.148958
0.150963
0.155984
0.147841
0.149678
0.152957
0.153834
0.15735
0.158962
0.161211
0.164204
0.165875
0.165933
0.17138
0.176126
0.171592
0.16819
0.162722
0.159592
0.154097
0.149766
0.148846
0.148071
0.148179
0.148358
0.134965
0.134047
0.133602
0.133432
0.133244
0.132914
0.13263
0.132726
0.133486
0.134936
0.142302
0.150453
0.151763
0.14503
0.147568
0.153353
0.153599
0.152565
0.154978
0.155849
0.156359
0.155108
0.155115
0.155812
0.156171
0.156915
0.157277
0.155268
0.149826
0.146246
0.145314
0.14538
0.144993
0.140626
0.139403
0.13899
0.137168
0.147971
0.140182
0.145929
0.192215
0.161527
0.16217
0.162678
0.163743
0.165422
0.166549
0.167048
0.167152
0.165991
0.16315
0.159207
0.155447
0.152297
0.149201
0.144933
0.141391
0.138855
0.137326
0.136149
0.142259
0.140893
0.139516
0.138378
0.137329
0.13632
0.135776
0.13675
0.143061
0.144434
0.150501
0.157602
0.152847
0.151461
0.160563
0.159073
0.156413
0.153108
0.15611
0.156799
0.156571
0.15305
0.152697
0.154799
0.154599
0.15454
0.154307
0.154102
0.153958
0.15376
0.153538
0.152724
0.144514
0.140307
0.137162
0.136648
0.139446
0.150083
0.154364
0.152399
0.200451
0.197221
0.191608
0.160561
0.161115
0.16238
0.164
0.165548
0.167708
0.168064
0.16557
0.162761
0.159797
0.15721
0.154783
0.151268
0.149274
0.146916
0.144992
0.143698
0.149996
0.149185
0.148075
0.146622
0.145078
0.143869
0.14556
0.146463
0.149642
0.152248
0.156115
0.160155
0.155903
0.146541
0.161559
0.161072
0.159153
0.161271
0.152802
0.151056
0.150127
0.155945
0.154246
0.153095
0.153898
0.155117
0.15513
0.154928
0.154077
0.153295
0.152739
0.152644
0.153736
0.152143
0.152659
0.152616
0.152838
0.154398
0.153845
0.195495
0.20089
0.197407
0.193197
0.15975
0.160215
0.161002
0.161964
0.162863
0.164765
0.1654
0.164645
0.163131
0.161245
0.159301
0.157386
0.154953
0.154515
0.153427
0.152566
0.151977
0.156177
0.155931
0.155462
0.154386
0.153094
0.150761
0.150577
0.152065
0.156397
0.159611
0.168405
0.166198
0.157918
0.149961
0.170127
0.15985
0.16029
0.162161
0.15544
0.154715
0.154064
0.149173
0.160379
0.15237
0.153347
0.155496
0.157719
0.15686
0.15514
0.154012
0.153379
0.153196
0.155278
0.153948
0.154617
0.151709
0.154167
0.15564
0.152654
0.19805
0.198747
0.195337
0.158703
0.158901
0.159129
0.159569
0.159984
0.160168
0.160763
0.162115
0.162655
0.163677
0.163554
0.162789
0.161503
0.159915
0.159088
0.157566
0.157234
0.15719
0.161754
0.161895
0.161481
0.160781
0.16036
0.161916
0.164078
0.164801
0.168349
0.169596
0.169126
0.160081
0.160186
0.178197
0.165451
0.160026
0.161059
0.162213
0.15663
0.155608
0.156771
0.159895
0.158971
0.146255
0.15171
0.155108
0.158788
0.15696
0.154964
0.153839
0.153287
0.153242
0.156893
0.156369
0.155546
0.15312
0.154626
0.154163
0.155845
0.198186
0.198041
0.193475
0.158445
0.1585
0.158534
0.158745
0.159064
0.159036
0.158796
0.15921
0.158416
0.162502
0.163993
0.164994
0.165554
0.166747
0.165186
0.164658
0.163829
0.162413
0.167775
0.16757
0.166975
0.165779
0.166457
0.182834
0.185384
0.179422
0.172787
0.171393
0.158007
0.162427
0.170048
0.168756
0.158152
0.159326
0.159733
0.160536
0.162435
0.159282
0.155864
0.158316
0.153497
0.152355
0.15173
0.15511
0.157948
0.155931
0.15424
0.153372
0.153056
0.153243
0.154309
0.16036
0.156843
0.154254
0.154955
0.154358
0.173522
0.198814
0.197397
0.158308
0.158379
0.15853
0.158588
0.158708
0.15903
0.159037
0.158286
0.157614
0.168404
0.15988
0.163396
0.166369
0.165817
0.173541
0.16729
0.167949
0.167904
0.167872
0.168774
0.168539
0.167588
0.165864
0.16666
0.166688
0.16636
0.171131
0.175781
0.166278
0.164121
0.162044
0.170816
0.156499
0.158572
0.158743
0.158726
0.159183
0.160078
0.160914
0.159986
0.156486
0.15335
0.153292
0.153019
0.156072
0.15662
0.154837
0.153585
0.153024
0.152963
0.153466
0.155347
0.161551
0.158945
0.153061
0.154171
0.157326
0.192389
0.198989
0.158414
0.158205
0.158611
0.158941
0.159161
0.159397
0.159619
0.159194
0.157883
0.156354
0.167057
0.154278
0.162712
0.166272
0.166134
0.180002
0.167875
0.168704
0.168807
0.16884
0.16852
0.168651
0.167814
0.167165
0.167118
0.16643
0.165413
0.174518
0.169007
0.162178
0.161049
0.170272
0.16087
0.158478
0.158121
0.157841
0.1578
0.158204
0.158844
0.15931
0.158764
0.15634
0.15365
0.154228
0.154861
0.156889
0.155478
0.154084
0.153197
0.1529
0.153098
0.154078
0.157784
0.165602
0.161924
0.153225
0.154462
0.157528
0.196481
0.198607
0.157983
0.158676
0.159271
0.159569
0.159793
0.159996
0.160026
0.158871
0.15592
0.153448
0.166461
0.153625
0.160537
0.165729
0.166498
0.180786
0.167976
0.168771
0.168687
0.168518
0.167796
0.168146
0.168232
0.167946
0.167058
0.164933
0.163733
0.168931
0.160692
0.159956
0.170427
0.162321
0.15866
0.157831
0.157239
0.156929
0.15701
0.157415
0.157957
0.158349
0.158051
0.156425
0.154093
0.155298
0.157549
0.156253
0.154661
0.153587
0.153023
0.152973
0.153465
0.155245
0.161529
0.168062
0.16887
0.167485
0.154849
0.154659
0.204388
0.15786
0.158595
0.159506
0.159969
0.160114
0.160067
0.159823
0.159382
0.156544
0.167968
0.169307
0.166298
0.154344
0.154693
0.16444
0.166056
0.164129
0.167881
0.168647
0.168691
0.16828
0.165918
0.166742
0.168131
0.168284
0.166301
0.162723
0.157138
0.160766
0.163219
0.173285
0.163052
0.158427
0.157379
0.156596
0.156251
0.156197
0.156382
0.156756
0.157239
0.157623
0.157542
0.15653
0.154834
0.157286
0.157991
0.155622
0.154283
0.153396
0.153098
0.153284
0.154207
0.157327
0.165214
0.169152
0.169042
0.167168
0.165518
0.16482
0.157863
0.158291
0.159405
0.16017
0.160413
0.159895
0.158984
0.158168
0.156584
0.167376
0.169274
0.168675
0.166134
0.154508
0.148973
0.162517
0.164513
0.166959
0.166856
0.168155
0.168556
0.168425
0.167574
0.163953
0.168023
0.169144
0.165849
0.167048
0.162203
0.161895
0.174787
0.164089
0.157937
0.156774
0.155898
0.155465
0.155253
0.1554
0.155686
0.156064
0.156511
0.15689
0.156964
0.156475
0.156014
0.158639
0.157436
0.155748
0.154221
0.153519
0.153486
0.153946
0.155599
0.160805
0.167928
0.169616
0.16879
0.166694
0.165122
0.164446
0.158333
0.158758
0.15991
0.160529
0.160157
0.158091
0.154691
0.15129
0.167571
0.168581
0.169229
0.168112
0.16571
0.154608
0.151062
0.160587
0.162621
0.161368
0.168238
0.167257
0.168065
0.168309
0.166734
0.167841
0.170482
0.171811
0.165651
0.192054
0.157126
0.16599
0.165815
0.15733
0.156456
0.155409
0.154831
0.154474
0.154718
0.15494
0.155323
0.155795
0.156293
0.156735
0.156986
0.157125
0.159242
0.159797
0.157477
0.155741
0.154408
0.154061
0.154292
0.155227
0.158231
0.165178
0.169549
0.169643
0.168102
0.165902
0.164332
0.163492
0.162654
0.158821
0.160007
0.160232
0.157873
0.167311
0.167706
0.167746
0.167754
0.1685
0.169332
0.168031
0.1655
0.154549
0.150303
0.160336
0.162099
0.162335
0.162451
0.16094
0.167323
0.167912
0.168286
0.170033
0.173789
0.175378
0.174695
0.166707
0.155375
0.175641
0.154645
0.156245
0.155108
0.15431
0.15426
0.154193
0.154236
0.154464
0.154863
0.155391
0.155994
0.156583
0.157079
0.157966
0.161173
0.161089
0.158795
0.156453
0.155366
0.15509
0.155493
0.157297
0.162186
0.168314
0.17012
0.169191
0.16706
0.164864
0.16325
0.162012
0.162177
0.1587
0.160048
0.160101
0.166948
0.167691
0.16781
0.167784
0.16769
0.168035
0.169062
0.167735
0.165124
0.154917
0.152347
0.160243
0.162632
0.16373
0.165338
0.166012
0.152832
0.166624
0.169898
0.173801
0.176018
0.168799
0.161375
0.21642
0.15988
0.156428
0.156987
0.155083
0.154199
0.153959
0.153867
0.153854
0.153912
0.154089
0.154427
0.154934
0.155558
0.156208
0.156822
0.158025
0.161605
0.162006
0.160613
0.158715
0.157032
0.156703
0.157616
0.160731
0.166438
0.169813
0.169627
0.168073
0.165648
0.163052
0.161107
0.159958
0.161389
0.159507
0.159238
0.166154
0.167292
0.167391
0.167795
0.168037
0.167968
0.167907
0.169343
0.168599
0.165899
0.152881
0.158051
0.163705
0.165544
0.165904
0.165864
0.166199
0.166433
0.16793
0.172535
0.175147
0.163442
0.161248
0.189277
0.172051
0.16667
0.162976
0.155099
0.1538
0.153541
0.153565
0.153638
0.153676
0.153711
0.153812
0.154031
0.154431
0.154988
0.155596
0.156163
0.15696
0.160476
0.162458
0.162419
0.161235
0.159122
0.158517
0.160151
0.164039
0.168026
0.168857
0.16789
0.166223
0.16414
0.161331
0.162041
0.160444
0.160847
0.162276
0.159007
0.166817
0.167104
0.167152
0.167704
0.167997
0.16803
0.167841
0.168865
0.168714
0.165782
0.154472
0.1592
0.165878
0.166898
0.16699
0.167112
0.166596
0.166221
0.168399
0.175608
0.164052
0.159444
0.160267
0.162392
0.153504
0.156367
0.154618
0.153184
0.152951
0.153093
0.153285
0.153445
0.153539
0.153581
0.153627
0.153733
0.153985
0.154424
0.154941
0.155416
0.155841
0.157318
0.161795
0.163332
0.164394
0.161659
0.162193
0.164234
0.167503
0.168841
0.167662
0.166586
0.164447
0.162382
0.161743
0.159975
0.160725
0.162291
0.16054
0.159035
0.159962
0.166903
0.166741
0.167539
0.167953
0.168052
0.16796
0.167991
0.16893
0.165457
0.155065
0.151126
0.16733
0.166166
0.164862
0.167865
0.167996
0.167999
0.171067
0.165566
0.160925
0.159376
0.184172
0.155428
0.150593
0.152839
0.152332
0.152232
0.152462
0.152786
0.153036
0.153231
0.153358
0.153429
0.153472
0.153513
0.153633
0.153945
0.154359
0.154742
0.155026
0.155313
0.157391
0.162638
0.165535
0.166519
0.166455
0.167848
0.168954
0.167971
0.16633
0.165479
0.163085
0.16106
0.160904
0.156155
0.154996
0.157565
0.162842
0.164401
0.165538
0.166816
0.166184
0.167028
0.16762
0.167861
0.167873
0.167678
0.169034
0.165096
0.155385
0.157047
0.166627
0.164097
0.16127
0.168222
0.169081
0.170218
0.174072
0.154723
0.161077
0.196006
0.158648
0.151855
0.149347
0.151306
0.151494
0.151816
0.152168
0.152503
0.152763
0.152972
0.153128
0.15323
0.153305
0.15334
0.153381
0.153579
0.153917
0.154231
0.154443
0.154576
0.154794
0.156394
0.163897
0.167912
0.167656
0.167998
0.167378
0.165742
0.165868
0.164168
0.162724
0.162121
0.156991
0.158935
0.160142
0.157275
0.154755
0.165104
0.164828
0.166271
0.16574
0.166309
0.167099
0.16749
0.167599
0.167497
0.16904
0.165402
0.155173
0.156903
0.164449
0.161669
0.160827
0.168572
0.17016
0.173294
0.167992
0.158821
0.179231
0.157949
0.151387
0.1509
0.14935
0.151009
0.151334
0.151656
0.151953
0.152232
0.152461
0.152671
0.15286
0.153001
0.153122
0.153186
0.153199
0.153309
0.1536
0.153908
0.154095
0.154192
0.154311
0.154654
0.155857
0.162397
0.168363
0.165891
0.165087
0.164178
0.163269
0.16047
0.160116
0.156383
0.158076
0.158358
0.154569
0.157909
0.161915
0.165345
0.164276
0.164815
0.164804
0.16557
0.16636
0.166994
0.167241
0.167215
0.168044
0.166315
0.154755
0.152217
0.161365
0.160043
0.162101
0.16898
0.171889
0.175539
0.156958
0.16188
0.164432
0.14887
0.150961
0.150627
0.14987
0.15122
0.15143
0.151613
0.151798
0.152
0.152194
0.152385
0.152562
0.152736
0.152891
0.152996
0.15303
0.153088
0.153317
0.153649
0.153888
0.154016
0.154155
0.154454
0.155332
0.156717
0.157158
0.16528
0.163838
0.163408
0.161647
0.160838
0.159978
0.157217
0.156333
0.156922
0.155792
0.156778
0.16045
0.162551
0.163933
0.160857
0.160615
0.162325
0.164626
0.166342
0.166784
0.166764
0.166999
0.167298
0.15512
0.153544
0.158461
0.159044
0.162238
0.170206
0.173131
0.165408
0.156093
0.191682
0.153788
0.151334
0.150631
0.150817
0.150395
0.151364
0.151472
0.151561
0.151667
0.15181
0.151975
0.152129
0.152285
0.152453
0.152607
0.152736
0.152809
0.152851
0.153011
0.15335
0.1537
0.153962
0.154211
0.154599
0.155569
0.15661
0.156266
0.152269
0.162073
0.163046
0.162776
0.160223
0.158076
0.157215
0.156071
0.154162
0.153886
0.158594
0.160851
0.162496
0.159985
0.15987
0.159766
0.160446
0.162386
0.164181
0.164854
0.166078
0.166205
0.168177
0.155427
0.15447
0.157145
0.158251
0.160947
0.170275
0.173043
0.1563
0.158808
0.158187
0.153144
0.150686
0.150658
0.150909
0.150674
0.151337
0.151404
0.151474
0.151537
0.151633
0.151757
0.151881
0.152024
0.152158
0.152289
0.152411
0.152508
0.152552
0.152644
0.152954
0.153437
0.153947
0.15445
0.155268
0.156604
0.156808
0.154525
0.151102
0.149528
0.159457
0.159607
0.16282
0.156467
0.174621
0.156918
0.151413
0.148445
0.159019
0.161451
0.160543
0.157947
0.157691
0.157847
0.158941
0.15967
0.161888
0.163447
0.164012
0.165373
0.166618
0.165314
0.155157
0.151642
0.157991
0.160137
0.167477
0.167442
0.158775
0.157926
0.150301
0.15159
0.150216
0.150323
0.150527
0.150415
0.150944
0.151017
0.151093
0.151163
0.151253
0.15136
0.151475
0.151615
0.151727
0.151832
0.151938
0.152016
0.152026
0.152094
0.152438
0.153136
0.153992
0.155129
0.156876
0.156671
0.153751
0.151286
0.150352
0.149194
0.155366
0.157747
0.16078
0.158725
0.156365
0.156705
0.15688
0.159973
0.162007
0.147655
0.159133
0.155683
0.155815
0.161308
0.157804
0.158904
0.160266
0.161683
0.16258
0.164218
0.165537
0.167362
0.155545
0.149836
0.156008
0.159478
0.159564
0.16145
0.15815
0.167158
0.147597
0.150449
0.150168
0.150328
0.150481
0.150418
0.150829
0.15089
0.150963
0.151035
0.151126
0.151238
0.15135
0.151482
0.151614
0.151719
0.151815
0.151887
0.151912
0.151929
0.152217
0.153114
0.154485
0.156865
0.156179
0.152018
0.150147
0.15016
0.148645
0.153913
0.155888
0.156276
0.159941
0.160434
0.157786
0.154507
0.15399
0.156605
0.158221
0.159048
0.154269
0.161553
0.163641
0.167842
0.161271
0.157858
0.159127
0.161856
0.163245
0.164455
0.165461
0.167664
0.160706
0.150409
0.149084
0.160873
0.156949
0.159141
0.159549
0.197788
0.151185
0.150204
0.150318
0.150473
0.150579
0.150474
0.150816
0.150856
0.150894
0.150945
0.151022
0.151127
0.151243
0.151384
0.151533
0.151667
0.151779
0.151872
0.151921
0.151944
0.15221
0.153326
0.15523
0.156982
0.153159
0.150078
0.146503
0.145119
0.154571
0.161741
0.159844
0.155108
0.161554
0.163523
0.161818
0.156659
0.153547
0.152702
0.154918
0.158225
0.159705
0.20215
0.164084
0.153911
0.158005
0.153521
0.158796
0.16265
0.164204
0.166401
0.166103
0.167334
0.164868
0.151211
0.148925
0.157168
0.156052
0.159201
0.160423
0.201087
0.150962
0.150281
0.150443
0.150561
0.150627
0.150413
0.150718
0.150718
0.150735
0.150771
0.150841
0.15095
0.151087
0.151233
0.151401
0.151545
0.151652
0.151738
0.151776
0.151751
0.151955
0.153045
0.155419
0.15675
0.152257
0.150197
0.147688
0.142808
0.145812
0.161021
0.161599
0.155647
0.164875
0.164403
0.163223
0.159376
0.153703
0.151949
0.151497
0.153091
0.156624
0.159015
0.15858
0.15687
0.158967
0.158636
0.157795
0.16262
0.164969
0.166865
0.166482
0.167238
0.16577
0.153403
0.149677
0.156537
0.155678
0.160134
0.16099
0.165463
0.150793
0.150352
0.150417
0.150503
0.150515
0.150217
0.150537
0.15051
0.150517
0.150565
0.150652
0.150796
0.150956
0.15113
0.1513
0.151428
0.15153
0.151597
0.151592
0.151552
0.151867
0.153034
0.155788
0.156213
0.1523
0.150362
0.155289
0.14626
0.155519
0.160142
0.158507
0.158405
0.1644
0.164179
0.162228
0.159483
0.153593
0.151685
0.150494
0.149989
0.150963
0.153546
0.154857
0.151026
0.15448
0.164346
0.152822
0.161644
0.164993
0.167179
0.166761
0.1677
0.165713
0.155371
0.152176
0.159557
0.155947
0.164866
0.160811
0.165262
0.150774
0.150278
0.150228
0.150252
0.150198
0.149773
0.15021
0.150138
0.150173
0.150257
0.150412
0.150632
0.150855
0.151062
0.151208
0.15131
0.151373
0.151408
0.151377
0.151381
0.151881
0.153133
0.156145
0.155532
0.152308
0.15073
0.155337
0.162874
0.161935
0.157564
0.157091
0.159203
0.163964
0.162853
0.160344
0.158365
0.153865
0.151415
0.149785
0.148453
0.147976
0.148836
0.150594
0.152661
0.14723
0.154237
0.160321
0.163011
0.165857
0.167267
0.166808
0.167484
0.163886
0.157483
0.155242
0.157019
0.155705
0.165426
0.159833
0.16501
0.150932
0.150055
0.149905
0.149835
0.14967
0.149087
0.149645
0.149624
0.149692
0.149861
0.150091
0.150355
0.150633
0.150869
0.151009
0.151077
0.151114
0.151124
0.151091
0.151174
0.151819
0.153292
0.156133
0.154892
0.152244
0.150584
0.155707
0.158183
0.156455
0.160449
0.15921
0.160944
0.163446
0.160469
0.157856
0.156657
0.15417
0.151541
0.149071
0.147309
0.146514
0.146872
0.148399
0.151022
0.152835
0.154274
0.153985
0.165465
0.1659
0.16708
0.168079
0.166385
0.155604
0.159731
0.155786
0.155086
0.158048
0.164195
0.158493
0.165051
0.151009
0.149712
0.149478
0.149278
0.148952
0.147969
0.148869
0.148867
0.149026
0.149293
0.149619
0.149966
0.150292
0.15053
0.150637
0.150685
0.1507
0.15069
0.150678
0.150857
0.151555
0.15347
0.155754
0.154414
0.152339
0.151009
0.158407
0.155294
0.159931
0.158905
0.158842
0.161816
0.161448
0.157461
0.155134
0.154628
0.153822
0.151835
0.149118
0.146979
0.145973
0.146446
0.148201
0.151229
0.155044
0.152729
0.153049
0.153481
0.167033
0.168235
0.167077
0.157673
0.154901
0.155547
0.156397
0.155103
0.156166
0.164007
0.157615
0.163633
0.150838
0.149337
0.149029
0.148719
0.14824
0.146622
0.148042
0.148061
0.148275
0.14863
0.149049
0.149477
0.149846
0.150053
0.150122
0.150155
0.15016
0.150154
0.150177
0.150426
0.151097
0.153484
0.155206
0.154231
0.15289
0.152036
0.165035
0.1578
0.155693
0.156419
0.159153
0.159596
0.1576
0.153958
0.152172
0.152498
0.152872
0.151877
0.149903
0.147974
0.147195
0.147646
0.149606
0.153409
0.157457
0.153389
0.151556
0.152174
0.15179
0.166433
0.15777
0.156377
0.153598
0.152611
0.155374
0.1561
0.157053
0.164308
0.157382
0.160213
0.150632
0.149061
0.148751
0.148419
0.147918
0.14584
0.147505
0.147415
0.147587
0.147958
0.148448
0.148964
0.149328
0.149447
0.149474
0.14949
0.149524
0.149549
0.149609
0.149864
0.150547
0.15321
0.154619
0.154259
0.153652
0.152651
0.166269
0.156435
0.155948
0.156778
0.157606
0.155264
0.152542
0.150033
0.149101
0.150338
0.15164
0.151548
0.150707
0.149705
0.149417
0.150256
0.152685
0.156734
0.158661
0.153814
0.159498
0.15373
0.166183
0.157076
0.156372
0.154774
0.152684
0.151469
0.156409
0.156058
0.157558
0.162607
0.158869
0.150127
0.150435
0.149037
0.148826
0.148597
0.148213
0.146454
0.147524
0.147228
0.147183
0.147448
0.14795
0.148484
0.14869
0.148717
0.148728
0.148763
0.148805
0.14888
0.148948
0.149156
0.149979
0.152672
0.153929
0.154044
0.15375
0.161674
0.151959
0.157116
0.155952
0.155656
0.154295
0.150463
0.147502
0.146071
0.146089
0.148208
0.150256
0.150996
0.151199
0.151269
0.151871
0.15333
0.15621
0.159169
0.153661
0.157793
0.158643
0.153648
0.164646
0.156274
0.15541
0.153781
0.151575
0.150551
0.157787
0.157559
0.157586
0.162655
0.163529
0.138778
0.15016
0.149239
0.149133
0.148977
0.148696
0.147553
0.147964
0.147523
0.147284
0.147348
0.147733
0.148021
0.148031
0.148009
0.148024
0.148085
0.148155
0.148196
0.14821
0.14836
0.149518
0.151961
0.153016
0.153202
0.15293
0.167547
0.153469
0.155098
0.15342
0.152353
0.150062
0.146076
0.143338
0.142501
0.143232
0.146034
0.148721
0.150315
0.151459
0.152545
0.15409
0.156336
0.158988
0.159004
0.158038
0.15608
0.163874
0.15292
0.160822
0.155543
0.155168
0.153036
0.150772
0.150097
0.149725
0.157899
0.159395
0.157288
0.164096
0.150009
0.149784
0.14936
0.149362
0.149295
0.149104
0.148366
0.148398
0.148053
0.1478
0.147721
0.147755
0.147619
0.147469
0.147402
0.147418
0.14748
0.147514
0.147443
0.147244
0.147208
0.148269
0.150123
0.151162
0.151482
0.163464
0.166146
0.153842
0.151072
0.14952
0.148156
0.14597
0.142749
0.140067
0.13952
0.14059
0.143764
0.14698
0.149366
0.151436
0.153547
0.156069
0.158631
0.159829
0.152601
0.158649
0.157587
0.16607
0.167738
0.155826
0.154832
0.154899
0.15261
0.150278
0.144747
0.1525
0.160199
0.157454
0.157347
0.159216
0.151343
0.149633
0.149522
0.149525
0.149438
0.149252
0.14876
0.148803
0.148556
0.148403
0.148224
0.147847
0.147391
0.147144
0.146999
0.146981
0.146981
0.14686
0.146519
0.145857
0.143565
0.152693
0.156211
0.153008
0.158224
0.167952
0.148834
0.150675
0.146873
0.145578
0.144359
0.142638
0.140104
0.137515
0.137231
0.138343
0.141439
0.14505
0.148224
0.151254
0.1545
0.157659
0.159914
0.211401
0.153754
0.14933
0.191636
0.155019
0.168141
0.153399
0.154201
0.154177
0.154982
0.16528
0.15791
0.160382
0.164381
0.157604
0.157823
0.162539
0.15083
0.149681
0.149634
0.149587
0.149468
0.149318
0.149077
0.149146
0.148989
0.148945
0.148476
0.147774
0.147223
0.146951
0.146785
0.146633
0.146468
0.146035
0.144994
0.147132
0.152513
0.156184
0.157435
0.155869
0.152374
0.148151
0.148554
0.146575
0.143364
0.142226
0.141202
0.139892
0.138045
0.135495
0.135304
0.13628
0.139042
0.142718
0.146613
0.150895
0.155286
0.158819
0.159897
0.154173
0.150778
0.155516
0.178282
0.155143
0.168271
0.152606
0.154461
0.154434
0.154213
0.149255
0.152763
0.155775
0.149975
0.153109
0.162465
0.134407
0.150317
0.14988
0.149808
0.149736
0.149612
0.149465
0.149407
0.149245
0.149502
0.149422
0.148616
0.147705
0.147206
0.146926
0.146676
0.146284
0.145711
0.144124
0.147505
0.150833
0.153698
0.15579
0.155338
0.154542
0.152553
0.149111
0.146379
0.143235
0.140803
0.140381
0.139351
0.138267
0.136909
0.135066
0.13409
0.135069
0.137434
0.141076
0.145725
0.151013
0.155964
0.158677
0.15103
0.163431
0.164901
0.150976
0.154827
0.156593
0.152163
0.150073
0.153926
0.153739
0.153845
0.15173
0.144084
0.146574
0.148772
0.152678
0.160673
0.132114
0.150145
0.150006
0.149903
0.14988
0.14976
0.149671
0.149652
0.149827
0.149695
0.149787
0.148436
0.147707
0.147357
0.147065
0.146637
0.145733
0.142991
0.148052
0.15024
0.152271
0.154397
0.153744
0.154043
0.153208
0.150926
0.147263
0.143483
0.140847
0.139117
0.138669
0.138049
0.137275
0.136244
0.134808
0.133559
0.134032
0.136355
0.140138
0.145261
0.151364
0.157237
0.192218
0.153833
0.1637
0.147761
0.155399
0.155324
0.156123
0.153031
0.148578
0.153858
0.153924
0.151061
0.150883
0.146227
0.146674
0.146726
0.157627
0.160047
0.150247
0.15007
0.15013
0.150024
0.149983
0.149887
0.149878
0.150011
0.150308
0.150282
0.149714
0.148352
0.147939
0.147741
0.147452
0.146435
0.142705
0.148735
0.15055
0.151834
0.153457
0.153585
0.153694
0.152959
0.1516
0.148462
0.14452
0.141464
0.139448
0.138586
0.137976
0.137619
0.136889
0.136287
0.135433
0.134644
0.134616
0.135849
0.139369
0.144872
0.151599
0.165478
0.152939
0.162707
0.149105
0.150042
0.15521
0.155364
0.154951
0.152813
0.150577
0.14723
0.153945
0.151189
0.142915
0.144715
0.144873
0.148224
0.159734
0.135972
0.150165
0.150137
0.150237
0.150098
0.150072
0.150027
0.150122
0.150488
0.150997
0.150962
0.149558
0.148492
0.148349
0.148468
0.148174
0.145468
0.149844
0.151181
0.151896
0.15288
0.153783
0.152831
0.152906
0.151733
0.14877
0.145261
0.1423
0.140643
0.143123
0.145057
0.147038
0.147575
0.146678
0.138778
0.136264
0.135687
0.135691
0.136977
0.140277
0.145078
0.154104
0.15119
0.161847
0.165261
0.145857
0.153408
0.16385
0.157621
0.153322
0.152128
0.155744
0.157569
0.155896
0.154754
0.142541
0.145928
0.143203
0.154214
0.161053
0.132796
0.150195
0.150258
0.150215
0.1501
0.150049
0.150098
0.150463
0.151058
0.15174
0.152141
0.149277
0.148475
0.149003
0.148666
0.150085
0.153454
0.152418
0.151003
0.150921
0.15146
0.152167
0.151994
0.15045
0.149684
0.146507
0.14389
0.141458
0.140122
0.147653
0.149006
0.149131
0.149308
0.149558
0.149652
0.154862
0.143784
0.129882
0.133831
0.139008
0.145622
0.16104
0.15158
0.154219
0.145064
0.14532
0.1549
0.157022
0.152152
0.151587
0.15155
0.153792
0.156023
0.157984
0.147553
0.145858
0.143952
0.142398
0.158571
0.13559
0.150014
0.150322
0.150239
0.150334
0.150173
0.150154
0.150325
0.150875
0.151633
0.152758
0.151322
0.14929
0.149729
0.150545
0.147634
0.156708
0.155743
0.154622
0.152558
0.152035
0.151992
0.150307
0.150605
0.148947
0.147046
0.14398
0.141958
0.140218
0.140425
0.149711
0.150173
0.154171
0.151631
0.151712
0.15265
0.153982
0.155253
0.154447
0.153211
0.151749
0.144866
0.148202
0.158864
0.178378
0.144997
0.146579
0.154891
0.1527
0.151164
0.149855
0.150781
0.152933
0.154526
0.149351
0.14351
0.146593
0.142881
0.144584
0.164506
0.1317
0.150281
0.150406
0.150414
0.150598
0.150308
0.150295
0.15053
0.151125
0.15198
0.152611
0.149226
0.148136
0.152841
0.160351
0.160834
0.159722
0.157652
0.155036
0.153669
0.152848
0.152133
0.149553
0.148638
0.146769
0.145755
0.143111
0.140963
0.139451
0.144733
0.159926
0.155799
0.152729
0.152023
0.152715
0.154581
0.157059
0.158644
0.158578
0.154898
0.152121
0.151375
0.153671
0.160516
0.145555
0.143491
0.148313
0.154268
0.151327
0.150694
0.146708
0.152115
0.151488
0.153465
0.146016
0.142688
0.144798
0.142445
0.153972
0.141779
0.130697
0.150216
0.150442
0.150719
0.15069
0.150547
0.15059
0.150841
0.151327
0.152027
0.150488
0.1478
0.154612
0.161396
0.16335
0.163615
0.162364
0.159797
0.156741
0.154968
0.153703
0.152441
0.149681
0.147999
0.146782
0.144057
0.140979
0.139494
0.133767
0.148718
0.158158
0.156266
0.154276
0.154072
0.155118
0.157741
0.160932
0.162267
0.159733
0.154689
0.152436
0.148275
0.151353
0.177543
0.145652
0.150737
0.149549
0.154038
0.15116
0.150245
0.147541
0.152288
0.150965
0.148975
0.146353
0.146833
0.143545
0.141807
0.157442
0.134231
0.130195
0.149828
0.150517
0.150807
0.150694
0.150245
0.150392
0.150373
0.150118
0.148565
0.143607
0.155298
0.160415
0.163187
0.164384
0.164361
0.162065
0.161541
0.158214
0.156047
0.154247
0.150684
0.149686
0.147526
0.146577
0.14273
0.139427
0.136029
0.132714
0.155299
0.158623
0.157693
0.156324
0.156236
0.157939
0.161427
0.164823
0.165438
0.160495
0.155477
0.154449
0.164249
0.163017
0.158933
0.143048
0.152476
0.150042
0.153838
0.152164
0.149186
0.148443
0.152174
0.151185
0.145969
0.143738
0.146752
0.14296
0.142228
0.16209
0.131887
0.128493
0.133269
0.147857
0.150803
0.148663
0.148082
0.149301
0.148407
0.146218
0.143324
0.149415
0.157326
0.161641
0.163772
0.164486
0.163972
0.167908
0.1631
0.159402
0.156872
0.154865
0.150929
0.149382
0.147504
0.145441
0.141662
0.137924
0.135031
0.132232
0.155475
0.159413
0.158953
0.157842
0.158238
0.160543
0.164484
0.168225
0.168711
0.162273
0.158029
0.156963
0.155476
0.175086
0.145207
0.142189
0.153331
0.15061
0.153647
0.151798
0.148327
0.148781
0.151807
0.150991
0.146064
0.142616
0.145499
0.1425
0.152812
0.147667
0.131004
0.127597
0.127398
0.12828
0.148287
0.129678
0.130911
0.134854
0.135858
0.138944
0.144705
0.152765
0.158849
0.162467
0.164098
0.164468
0.163288
0.170482
0.165026
0.160639
0.157503
0.152832
0.151333
0.149134
0.14798
0.144306
0.140769
0.136869
0.134464
0.132055
0.156119
0.159976
0.159438
0.158515
0.15943
0.162482
0.166841
0.170543
0.170553
0.164916
0.158967
0.154827
0.157361
0.172794
0.145692
0.143554
0.153875
0.153152
0.15342
0.151081
0.147983
0.149065
0.150966
0.149752
0.1479
0.146236
0.143624
0.141837
0.157217
0.13829
0.130619
0.126534
0.12464
0.126255
0.128229
0.128725
0.130029
0.140639
0.140754
0.142833
0.148428
0.154637
0.159782
0.162914
0.164139
0.164293
0.180932
0.173777
0.167102
0.161811
0.158246
0.153013
0.151537
0.149124
0.147706
0.143484
0.139821
0.13625
0.13419
0.13213
0.157423
0.159812
0.158073
0.156975
0.158413
0.162536
0.167564
0.171499
0.17124
0.165112
0.161716
0.15165
0.17069
0.148843
0.144118
0.146705
0.154167
0.15337
0.153071
0.15014
0.148001
0.14953
0.150355
0.145242
0.143624
0.146515
0.142348
0.141464
0.164373
0.137085
0.130214
0.125836
0.123314
0.124166
0.127693
0.127877
0.131318
0.133984
0.13576
0.146342
0.150391
0.155791
0.160463
0.163052
0.163983
0.164016
0.184387
0.177053
0.169369
0.162891
0.157918
0.15362
0.151628
0.149622
0.146927
0.142915
0.138908
0.136016
0.134129
0.132408
0.157341
0.157602
0.151464
0.147223
0.148353
0.154735
0.164587
0.171597
0.170856
0.162943
0.15856
0.156503
0.171339
0.145592
0.143848
0.153163
0.154174
0.153448
0.1526
0.149091
0.147791
0.152037
0.150581
0.146033
0.142777
0.144647
0.141466
0.151672
0.160004
0.136143
0.129842
0.125887
0.123371
0.123668
0.126705
0.129175
0.131704
0.134731
0.136848
0.140815
0.150642
0.156259
0.160735
0.163297
0.163628
0.163734
0.187593
0.180225
0.171754
0.163716
0.156535
0.15433
0.151887
0.150499
0.146276
0.142405
0.138397
0.136025
0.134256
0.132852
0.157128
0.14843
0.142879
0.143554
0.145468
0.149582
0.156408
0.16731
0.175571
0.163827
0.162787
0.168008
0.172316
0.14649
0.145127
0.154121
0.153937
0.153394
0.151953
0.148142
0.147893
0.152467
0.15017
0.146669
0.145391
0.141072
0.140514
0.154005
0.153174
0.135902
0.128756
0.126231
0.123731
0.123015
0.125671
0.129607
0.13234
0.135252
0.137487
0.141119
0.147599
0.154617
0.159981
0.163129
0.163844
0.163561
0.163197
0.182925
0.174043
0.164758
0.156917
0.155103
0.152391
0.150715
0.145925
0.141848
0.138237
0.136233
0.134543
0.133452
0.150386
0.144291
0.144653
0.145981
0.148297
0.152504
0.159574
0.167568
0.167839
0.159153
0.162421
0.168064
0.145919
0.145372
0.151863
0.154717
0.153901
0.152963
0.15106
0.147259
0.14896
0.151096
0.146131
0.143662
0.143918
0.141705
0.141006
0.156446
0.150011
0.137184
0.129998
0.125099
0.122782
0.122432
0.12796
0.130539
0.132751
0.135556
0.137951
0.141463
0.147473
0.153719
0.160589
0.161829
0.163768
0.163833
0.163507
0.185123
0.176097
0.16593
0.157859
0.155875
0.153257
0.150507
0.145747
0.14139
0.138364
0.136576
0.135016
0.134103
0.145385
0.145025
0.14621
0.148096
0.150972
0.155294
0.161069
0.168612
0.164182
0.161901
0.166949
0.170169
0.146201
0.145249
0.153742
0.155067
0.153838
0.150709
0.149963
0.14674
0.149647
0.15045
0.14553
0.142864
0.138289
0.144267
0.151247
0.159166
0.14939
0.1385
0.132362
0.129364
0.126531
0.126335
0.127839
0.130981
0.133043
0.135815
0.138307
0.141722
0.14746
0.153426
0.159931
0.169896
0.163646
0.164082
0.163584
0.187055
0.178026
0.166121
0.15875
0.156643
0.154809
0.150295
0.145559
0.141105
0.138722
0.137021
0.13562
0.134412
0.144346
0.14604
0.147401
0.149102
0.152516
0.157885
0.16651
0.166716
0.162229
0.162409
0.167261
0.147674
0.147425
0.149791
0.154926
0.155213
0.153617
0.149996
0.148419
0.146823
0.152396
0.150313
0.146976
0.138864
0.138507
0.146345
0.152581
0.158274
0.153614
0.140605
0.133923
0.130885
0.128512
0.127678
0.129106
0.131351
0.133349
0.136077
0.138621
0.141977
0.147554
0.153263
0.159609
0.168882
0.163372
0.164385
0.164101
0.187997
0.179414
0.164288
0.159543
0.157353
0.156111
0.150201
0.145331
0.141041
0.139118
0.137439
0.136145
0.134551
0.149097
0.145973
0.147475
0.148427
0.153348
0.158986
0.165674
0.159931
0.161861
0.167234
0.170478
0.14591
0.149492
0.150233
0.155708
0.155139
0.153143
0.149633
0.148098
0.145987
0.150596
0.148095
0.144085
0.139406
0.139488
0.137535
0.153922
0.161279
0.152536
0.143783
0.136444
0.132656
0.130393
0.129204
0.129847
0.131753
0.133753
0.136405
0.138943
0.14229
0.147772
0.153284
0.159504
0.168502
0.163615
0.164856
0.164701
0.189353
0.180869
0.163088
0.16025
0.157991
0.156421
0.150105
0.145095
0.141149
0.139451
0.1378
0.136541
0.135105
0.13624
0.14535
0.148712
0.151664
0.155742
0.16064
0.161513
0.161837
0.162205
0.167454
0.147955
0.154372
0.15002
0.1511
0.156221
0.154812
0.152219
0.149139
0.146678
0.147722
0.150205
0.144674
0.139893
0.139234
0.141525
0.138207
0.154336
0.15193
0.153025
0.149087
0.140736
0.135155
0.132583
0.131033
0.130827
0.132399
0.134422
0.136952
0.139397
0.142773
0.148208
0.15359
0.159744
0.169006
0.164609
0.165545
0.165408
0.163996
0.182786
0.163878
0.16096
0.158625
0.15645
0.149997
0.144905
0.141348
0.139768
0.13812
0.136813
0.135646
0.137316
0.148368
0.15136
0.155184
0.159635
0.162941
0.161598
0.161521
0.168431
0.151849
0.161807
0.153107
0.150437
0.152505
0.156534
0.154211
0.148073
0.148352
0.14463
0.147667
0.149453
0.146401
0.141129
0.138914
0.135198
0.152758
0.15265
0.150275
0.153621
0.147782
0.147541
0.13937
0.135291
0.133205
0.13211
0.133478
0.135493
0.137831
0.14008
0.143533
0.148941
0.154197
0.16034
0.170364
0.165503
0.166339
0.166146
0.165126
0.186042
0.16471
0.161867
0.159396
0.15642
0.14991
0.144756
0.141705
0.140113
0.13843
0.137243
0.136281
0.137952
0.153588
0.155055
0.159198
0.162869
0.162156
0.161029
0.162422
0.169757
0.161708
0.161911
0.151929
0.150792
0.153907
0.156632
0.153298
0.147293
0.147478
0.143267
0.149191
0.144944
0.143985
0.141546
0.138935
0.136453
0.153815
0.150911
0.148887
0.142385
0.148285
0.146944
0.14712
0.139562
0.136097
0.134017
0.135474
0.136917
0.139134
0.141062
0.144583
0.149947
0.155037
0.16124
0.171418
0.165815
0.167075
0.166847
0.165751
0.190909
0.165767
0.163089
0.160617
0.156544
0.149997
0.144681
0.142206
0.140458
0.138711
0.137698
0.137201
0.138912
0.159775
0.159234
0.162547
0.16326
0.160777
0.161277
0.168516
0.151331
0.161917
0.159466
0.151467
0.150752
0.155052
0.156465
0.151947
0.146674
0.146729
0.142922
0.149829
0.144336
0.141742
0.141517
0.139828
0.138836
0.154053
0.150962
0.147178
0.142568
0.149246
0.146328
0.146651
0.147189
0.141044
0.137206
0.139124
0.139153
0.14107
0.142521
0.146042
0.151288
0.156112
0.162419
0.169942
0.166709
0.166868
0.167249
0.166194
0.163776
0.167553
0.16487
0.162936
0.156938
0.150262
0.14474
0.142908
0.140709
0.139062
0.138262
0.138582
0.140004
0.16176
0.163275
0.163682
0.1609
0.160809
0.162141
0.167291
0.148981
0.161886
0.156777
0.150495
0.15062
0.155871
0.155967
0.144699
0.146137
0.145646
0.142361
0.148137
0.146251
0.142426
0.140956
0.135638
0.141372
0.15289
0.150164
0.146535
0.142167
0.141703
0.147205
0.145747
0.146409
0.147474
0.142797
0.14504
0.142649
0.143221
0.144611
0.148102
0.152782
0.157171
0.162936
0.169244
0.168481
0.168153
0.16715
0.166492
0.16447
0.171126
0.167994
0.168017
0.157733
0.150678
0.145241
0.143726
0.140836
0.139469
0.139159
0.140077
0.141945
0.143997
0.163077
0.160971
0.16028
0.16129
0.167555
0.170053
0.147928
0.162716
0.154863
0.15021
0.151013
0.156272
0.155092
0.141634
0.145332
0.144026
0.143385
0.149433
0.14196
0.14263
0.140238
0.137448
0.153863
0.151858
0.149202
0.144853
0.141527
0.141265
0.141732
0.143627
0.145689
0.146099
0.147703
0.146998
0.148667
0.147536
0.149533
0.152816
0.154838
0.158707
0.164008
0.169335
0.170632
0.169421
0.167534
0.166515
0.164728
0.159201
0.174131
0.175501
0.159858
0.151392
0.146095
0.1448
0.141442
0.140128
0.140387
0.14132
0.14331
0.144599
0.160634
0.159869
0.160641
0.165423
0.167142
0.150877
0.162344
0.163244
0.152992
0.150353
0.152226
0.156364
0.153825
0.162875
0.144538
0.142283
0.143795
0.149273
0.142851
0.142517
0.14024
0.139921
0.153344
0.150717
0.148132
0.143262
0.141524
0.141142
0.14112
0.141806
0.142121
0.146275
0.146034
0.146974
0.147943
0.149441
0.152621
0.154931
0.157464
0.162321
0.170986
0.177219
0.172415
0.170596
0.167933
0.165581
0.164656
0.16077
0.182332
0.182783
0.164872
0.153181
0.147278
0.152381
0.141967
0.141094
0.1414
0.143006
0.144406
0.145355
0.159145
0.160096
0.16301
0.167132
0.170847
0.147793
0.164801
0.161105
0.151526
0.150116
0.153569
0.156231
0.15222
0.160385
0.143753
0.140364
0.146283
0.146864
0.143142
0.141888
0.141374
0.141436
0.15214
0.149477
0.146911
0.143726
0.14006
0.14054
0.140779
0.14105
0.141639
0.141998
0.14479
0.141889
0.149194
0.152554
0.154569
0.156451
0.158985
0.1627
0.167319
0.172681
0.173292
0.170997
0.168072
0.165237
0.16413
0.160868
0.159781
0.187441
0.173698
0.156463
0.15404
0.153038
0.142808
0.143297
0.142509
0.143933
0.145439
0.145291
0.15928
0.160808
0.167678
0.167107
0.172523
0.146696
0.164573
0.1561
0.150207
0.149743
0.154441
0.155947
0.150324
0.15927
0.142844
0.137635
0.149422
0.141611
0.143085
0.141074
0.138534
0.141374
0.150977
0.148189
0.145531
0.143091
0.141544
0.140576
0.13926
0.140162
0.140838
0.141081
0.141419
0.141147
0.141779
0.144441
0.147574
0.160743
0.163481
0.166942
0.170748
0.175383
0.174399
0.170171
0.166922
0.163903
0.162923
0.160442
0.160029
0.159723
0.157022
0.161306
0.154645
0.15295
0.144233
0.14881
0.148247
0.150168
0.146642
0.145526
0.160098
0.163062
0.167924
0.164412
0.168268
0.146065
0.148942
0.152825
0.14929
0.150062
0.154934
0.155616
0.14093
0.158106
0.141712
0.140987
0.149374
0.142673
0.142814
0.140884
0.140541
0.152361
0.149633
0.146813
0.144172
0.142368
0.141431
0.14103
0.140841
0.140573
0.140348
0.139891
0.140304
0.141719
0.142731
0.145826
0.148978
0.157007
0.16455
0.162628
0.159233
0.166863
0.164098
0.171551
0.164389
0.16153
0.160641
0.159339
0.159726
0.160053
0.157979
0.156176
0.154347
0.152143
0.150164
0.150466
0.150069
0.150777
0.146331
0.16173
0.160376
0.160649
0.160433
0.160218
0.159692
0.145361
0.147528
0.151292
0.148717
0.151144
0.155215
0.155304
0.138598
0.158268
0.139529
0.141281
0.140963
0.143005
0.142264
0.141633
0.141268
0.150918
0.148211
0.145428
0.143198
0.142008
0.141565
0.141428
0.141311
0.141297
0.141313
0.141339
0.141469
0.140106
0.141255
0.144361
0.148814
0.152572
0.153753
0.157757
0.155317
0.161593
0.157177
0.158635
0.161236
0.158887
0.157138
0.157624
0.159549
0.159853
0.157482
0.155402
0.153054
0.151532
0.151102
0.150793
0.150822
0.151341
0.145951
0.161033
0.160699
0.160703
0.160801
0.160554
0.158666
0.14581
0.144255
0.150133
0.148388
0.152057
0.155333
0.155017
0.137008
0.157894
0.149365
0.140936
0.136387
0.142934
0.141775
0.139267
0.140712
0.149515
0.146974
0.14434
0.142651
0.141813
0.141293
0.140762
0.140298
0.140005
0.139766
0.139566
0.139584
0.14129
0.143185
0.145534
0.148153
0.151288
0.155793
0.160667
0.158367
0.158596
0.156377
0.15487
0.155076
0.157659
0.156284
0.155009
0.158631
0.15994
0.157171
0.15321
0.151798
0.151899
0.150074
0.150787
0.151941
0.16277
0.162221
0.161087
0.161301
0.16118
0.1613
0.160983
0.146277
0.14849
0.154008
0.149155
0.148452
0.152693
0.155408
0.154768
0.135535
0.157952
0.146719
0.139782
0.135654
0.14261
0.142007
0.14056
0.140147
0.148166
0.146232
0.143658
0.142326
0.141476
0.140639
0.139868
0.139287
0.138947
0.139104
0.140277
0.140666
0.141891
0.143794
0.146074
0.148404
0.151288
0.153154
0.156335
0.160423
0.157207
0.16065
0.157129
0.156185
0.153158
0.155169
0.158572
0.159546
0.161142
0.159346
0.15471
0.152499
0.150123
0.143904
0.160658
0.159269
0.161711
0.161469
0.161346
0.162746
0.164381
0.166254
0.149756
0.162783
0.155361
0.153022
0.148426
0.148785
0.153222
0.155463
0.154453
0.13532
0.158412
0.146161
0.134879
0.142487
0.142237
0.142806
0.141131
0.139223
0.14635
0.143743
0.143147
0.142136
0.141326
0.14027
0.139443
0.138926
0.139832
0.139472
0.139816
0.14058
0.137392
0.139254
0.142294
0.136659
0.137525
0.14726
0.148801
0.151865
0.14469
0.157724
0.154361
0.162037
0.146591
0.160016
0.161108
0.159576
0.157125
0.158085
0.155344
0.149381
0.158254
0.161565
0.161585
0.162944
0.166237
0.168637
0.168569
0.167097
0.169091
0.151118
0.163746
0.158122
0.153754
0.151971
0.147901
0.149206
0.153542
0.155393
0.153621
0.147312
0.159312
0.147203
0.142415
0.142209
0.142277
0.143359
0.14067
0.145594
0.144317
0.143215
0.141311
0.141931
0.141482
0.140438
0.139653
0.139141
0.139561
0.140312
0.139589
0.139117
0.137054
0.138351
0.140782
0.143208
0.144598
0.146494
0.14657
0.147609
0.150967
0.14631
0.144884
0.150163
0.149011
0.161711
0.162238
0.161492
0.157082
0.151046
0.159974
0.162202
0.167207
0.162794
0.16128
0.168262
0.169491
0.168473
0.167494
0.164569
0.15492
0.162238
0.159225
0.154751
0.153227
0.150982
0.147651
0.149464
0.153687
0.155155
0.151286
0.146497
0.161583
0.150636
0.136068
0.142124
0.142742
0.143315
0.139819
0.144498
0.142511
0.141252
0.140668
0.139894
0.141664
0.147357
0.145128
0.143688
0.142566
0.140289
0.138903
0.136521
0.137324
0.138453
0.14026
0.14161
0.142572
0.144846
0.144927
0.146166
0.147003
0.146404
0.14802
0.137314
0.134525
0.158532
0.165427
0.179473
0.168201
0.163138
0.15831
0.158465
0.160439
0.16578
0.168019
0.168692
0.167779
0.166582
0.164214
0.152716
0.160684
0.15809
0.154655
0.152361
0.152768
0.149244
0.147609
0.150289
0.153885
0.154507
0.166147
0.155811
0.165593
0.152149
0.135719
0.142172
0.14299
0.143468
0.143244
0.142582
0.14131
0.15168
0.141029
0.141335
0.142949
0.145393
0.146364
0.143824
0.143281
0.141361
0.139251
0.136404
0.137766
0.138722
0.14013
0.14125
0.142349
0.144983
0.145782
0.146991
0.148573
0.148012
0.146772
0.147617
0.163203
0.155748
0.146133
0.146765
0.154603
0.16157
0.145928
0.163591
0.161893
0.1627
0.15718
0.156603
0.141913
0.163865
0.1616
0.159424
0.157252
0.154864
0.152464
0.151812
0.152661
0.140745
0.140804
0.14148
0.147204
0.151511
0.173213
0.157617
0.16764
0.148111
0.136204
0.142867
0.143327
0.143967
0.142924
0.146328
0.150655
0.146991
0.14112
0.141104
0.141703
0.142581
0.145997
0.140222
0.139292
0.140111
0.139918
0.141183
0.138579
0.138737
0.140063
0.141203
0.142221
0.144462
0.145505
0.146575
0.148592
0.148491
0.147736
0.146598
0.148195
0.146831
0.14482
0.156178
0.17288
0.174199
0.172153
0.170442
0.168888
0.145215
0.16126
0.158761
0.157477
0.156508
0.15549
0.154521
0.153394
0.152035
0.15106
0.15176
0.151949
0.148339
0.146977
0.148945
0.151783
0.151863
0.164957
0.161548
0.173003
0.146942
0.142227
0.142765
0.143477
0.144651
0.143205
0.144672
0.148333
0.146879
0.147349
0.149872
0.153761
0.141696
0.14352
0.145588
0.139804
0.13924
0.140382
0.14092
0.140538
0.138262
0.139693
0.140957
0.141944
0.144024
0.145333
0.146475
0.148671
0.148408
0.14749
0.15125
0.145272
0.143947
0.152448
0.163874
0.17113
0.170524
0.168664
0.167067
0.15012
0.146701
0.157525
0.156029
0.154888
0.154212
0.153492
0.152584
0.151649
0.150657
0.150408
0.152065
0.140355
0.138994
0.140649
0.148755
0.149872
0.163631
0.163757
0.163884
0.17481
0.145826
0.142184
0.142863
0.144267
0.145098
0.1436
0.142537
0.144781
0.145711
0.143826
0.14431
0.145799
0.147712
0.14153
0.142606
0.145754
0.140249
0.139419
0.140372
0.139408
0.137423
0.139313
0.141023
0.141962
0.142644
0.144727
0.145542
0.14737
0.147017
0.146369
0.145323
0.165667
0.160146
0.163135
0.165628
0.169573
0.169579
0.168412
0.14625
0.152115
0.159132
0.155449
0.154383
0.153488
0.152903
0.152196
0.1514
0.150533
0.14999
0.150558
0.151923
0.150407
0.147347
0.147044
0.147728
0.149019
0.162235
0.16325
0.16724
0.176029
0.143608
0.142306
0.142983
0.145249
0.145481
0.144066
0.142496
0.143404
0.143654
0.144113
0.145019
0.143149
0.144249
0.145319
0.142036
0.141886
0.144776
0.146005
0.143289
0.135805
0.136523
0.13831
0.140698
0.14254
0.143445
0.14375
0.145206
0.146577
0.146984
0.145085
0.163811
0.176988
0.176255
0.174267
0.172501
0.171199
0.167793
0.163907
0.159919
0.157222
0.155611
0.154187
0.153606
0.152842
0.15206
0.151275
0.1504
0.149468
0.149025
0.149647
0.15057
0.149473
0.147886
0.147479
0.147453
0.147811
0.162206
0.162251
0.165402
0.178425
0.139577
0.142429
0.143409
0.146005
0.145728
0.144578
0.141772
0.145963
0.146245
0.146597
0.1442
0.145161
0.142772
0.142841
0.144726
0.142671
0.141399
0.142288
0.140331
0.137432
0.136391
0.136809
0.13897
0.142235
0.144693
0.146346
0.147659
0.147853
0.147744
0.152408
0.150325
0.175419
0.176717
0.174824
0.171354
0.166803
0.162206
0.158858
0.156117
0.154598
0.153924
0.153431
0.152824
0.152158
0.151433
0.150611
0.149643
0.148758
0.148604
0.149157
0.149575
0.148688
0.147752
0.147462
0.147529
0.148405
0.162443
0.162023
0.163255
0.165439
0.139227
0.142622
0.144583
0.146417
0.145926
0.145258
0.140788
0.144913
0.145015
0.14561
0.146111
0.144125
0.144406
0.142487
0.142212
0.14515
0.143534
0.139141
0.138681
0.14052
0.139766
0.138267
0.137869
0.139724
0.142744
0.145462
0.147871
0.152388
0.1525
0.148586
0.149125
0.170834
0.172567
0.170872
0.167431
0.162948
0.159601
0.156481
0.154755
0.153756
0.153128
0.152391
0.150915
0.155297
0.151661
0.150429
0.149379
0.148538
0.148401
0.148452
0.148456
0.147994
0.147231
0.147149
0.147406
0.148213
0.162631
0.162223
0.162794
0.164344
0.14017
0.143097
0.146725
0.146426
0.145827
0.145511
0.143058
0.145944
0.144011
0.144344
0.14515
0.143575
0.143244
0.142644
0.141411
0.144635
0.142592
0.142722
0.141818
0.143547
0.142776
0.141631
0.141164
0.14071
0.14054
0.141332
0.142408
0.146048
0.146879
0.150498
0.148549
0.160974
0.168766
0.168333
0.166119
0.163763
0.15599
0.156198
0.157803
0.156582
0.155367
0.15348
0.149304
0.149605
0.149242
0.151026
0.149234
0.148165
0.147889
0.14758
0.1474
0.146775
0.146481
0.146874
0.1472
0.147945
0.162756
0.162602
0.161109
0.163433
0.140543
0.146367
0.148964
0.145881
0.145278
0.144868
0.143812
0.142578
0.138926
0.143112
0.13834
0.13784
0.142215
0.143381
0.144334
0.144687
0.144656
0.144413
0.144014
0.144406
0.14414
0.144158
0.144704
0.1462
0.146974
0.143323
0.145325
0.150049
0.151079
0.167113
0.148284
0.152416
0.163386
0.159912
0.155738
0.163622
0.157016
0.15293
0.152292
0.149863
0.149284
0.151413
0.152855
0.153785
0.161216
0.149522
0.148108
0.147397
0.146464
0.146174
0.14577
0.145752
0.146144
0.146368
0.146664
0.160124
0.162783
0.163169
0.161538
0.162466
0.141411
0.151905
0.149833
0.142494
0.142212
0.144674
0.146324
0.141851
0.142204
0.143303
0.144153
0.144684
0.145043
0.145397
0.145692
0.145836
0.145668
0.145287
0.144836
0.144857
0.144459
0.144407
0.14496
0.147763
0.152553
0.153948
0.154372
0.153862
0.15174
0.144871
0.147581
0.150744
0.163101
0.166655
0.151837
0.153136
0.153137
0.154704
0.152448
0.149907
0.148062
0.145859
0.143195
0.140763
0.154077
0.15415
0.150854
0.147548
0.146903
0.14646
0.145609
0.145249
0.145159
0.14516
0.148319
0.163007
0.163384
0.163495
0.161181
0.160721
0.142027
0.151338
0.148959
0.155025
0.147318
0.142771
0.140899
0.141603
0.14263
0.143043
0.14478
0.14532
0.145619
0.145914
0.146141
0.146263
0.146285
0.145947
0.145389
0.145824
0.145515
0.145485
0.146167
0.148541
0.152143
0.153856
0.153823
0.154385
0.165799
0.164568
0.146035
0.148129
0.157397
0.158079
0.157065
0.156847
0.138311
0.135745
0.137015
0.136804
0.136697
0.136616
0.1363
0.136136
0.134498
0.134445
0.134964
0.137414
0.140085
0.139246
0.150265
0.145198
0.144604
0.149776
0.16103
0.16367
0.164112
0.162826
0.162087
0.16517
0.146509
0.150669
0.152633
0.149039
0.145224
0.141421
0.140425
0.140195
0.142428
0.142281
0.144792
0.145468
0.145832
0.146137
0.14636
0.146496
0.146553
0.146452
0.146205
0.146642
0.146636
0.147037
0.148634
0.151655
0.15355
0.154038
0.154452
0.154588
0.165599
0.163039
0.147073
0.146921
0.156342
0.157197
0.155757
0.15466
0.152163
0.154801
0.154944
0.154185
0.150514
0.150743
0.149907
0.149058
0.14778
0.139112
0.14599
0.144873
0.143748
0.143362
0.143381
0.143196
0.143495
0.155677
0.163398
0.176439
0.165117
0.164659
0.155806
0.162033
0.152232
0.155268
0.16434
0.147636
0.144824
0.146422
0.140261
0.140922
0.142326
0.143882
0.145102
0.145805
0.146039
0.146215
0.146416
0.146579
0.146699
0.146757
0.146723
0.14714
0.147566
0.149011
0.15165
0.153433
0.154121
0.154599
0.15303
0.162465
0.165265
0.162913
0.14926
0.146026
0.154498
0.156172
0.155443
0.1544
0.154544
0.151669
0.150668
0.149799
0.148509
0.145422
0.144197
0.143045
0.142483
0.142275
0.142263
0.142387
0.142586
0.142787
0.142886
0.142696
0.142837
0.157757
0.164454
0.168027
0.163977
0.166459
0.157149
0.159534
0.157922
0.166479
0.158943
0.147306
0.135666
0.142407
0.143195
0.143779
0.144314
0.144851
0.145389
0.14591
0.146275
0.146383
0.14642
0.146512
0.146635
0.146825
0.146999
0.147445
0.148772
0.151342
0.153284
0.154095
0.15462
0.153582
0.152759
0.165243
0.165197
0.16405
0.158613
0.154857
0.156356
0.156831
0.156037
0.154856
0.140895
0.150669
0.149215
0.14492
0.14443
0.143153
0.142426
0.14199
0.141792
0.141745
0.141803
0.14196
0.142158
0.142311
0.142331
0.142105
0.144076
0.161068
0.171123
0.166608
0.163894
0.166682
0.159511
0.153721
0.157745
0.165836
0.159269
0.147116
0.140891
0.142428
0.14332
0.143875
0.144333
0.144749
0.145192
0.145671
0.146123
0.146443
0.14656
0.146533
0.146599
0.146767
0.147001
0.148122
0.150542
0.153009
0.154144
0.154416
0.153833
0.153332
0.152792
0.166257
0.165251
0.164746
0.163132
0.159897
0.158955
0.158414
0.157495
0.157586
0.148273
0.152217
0.149729
0.14618
0.142868
0.141958
0.141583
0.141376
0.141266
0.14124
0.141293
0.141411
0.141562
0.141607
0.141519
0.141297
0.152902
0.169393
0.167986
0.16571
0.163914
0.166432
0.15822
0.154716
0.158828
0.165613
0.159067
0.147994
0.140102
0.142049
0.142873
0.143416
0.143849
0.144269
0.14472
0.145183
0.145644
0.146064
0.146391
0.146654
0.146829
0.146981
0.147235
0.149395
0.152294
0.153822
0.154186
0.153892
0.153553
0.153608
0.154186
0.166629
0.165301
0.165123
0.164371
0.163051
0.161313
0.160531
0.161001
0.161491
0.161805
0.154135
0.148674
0.151628
0.145933
0.14313
0.141719
0.141253
0.141015
0.140896
0.140795
0.140718
0.140599
0.140425
0.141228
0.155147
0.165506
0.166112
0.165956
0.16481
0.163833
0.166083
0.1588
0.160471
0.158022
0.163576
0.15939
0.149437
0.140065
0.141565
0.142304
0.142836
0.14329
0.14374
0.144186
0.144622
0.145038
0.145422
0.145822
0.146261
0.146677
0.147048
0.147601
0.151386
0.153436
0.153887
0.153636
0.153093
0.152801
0.153024
0.157727
0.165581
0.165452
0.166175
0.165138
0.163088
0.162459
0.162461
0.170077
0.167091
0.165816
0.162302
0.159922
0.157515
0.155166
0.153895
0.153849
0.154575
0.155609
0.156844
0.158253
0.159767
0.161296
0.162728
0.163948
0.164921
0.165582
0.165884
0.165698
0.164709
0.163744
0.165751
0.162123
0.160474
0.156819
0.162498
0.159884
0.150475
0.139708
0.140855
0.141632
0.142173
0.142682
0.143154
0.143607
0.144027
0.144397
0.144756
0.145154
0.14562
0.146164
0.146869
0.148348
0.152967
0.153645
0.153272
0.152459
0.151642
0.151044
0.151638
0.164424
0.163214
0.164831
0.166929
0.164358
0.163512
0.162697
0.162714
0.16936
0.168179
0.167768
0.166243
0.164826
0.163382
0.162021
0.161053
0.160501
0.160414
0.160663
0.161201
0.161966
0.162877
0.163796
0.164671
0.165405
0.165971
0.166322
0.166411
0.166122
0.165099
0.163734
0.165094
0.164522
0.166729
0.156769
0.160673
0.16091
0.151688
0.139506
0.139901
0.140767
0.141349
0.141902
0.142412
0.142882
0.143315
0.143681
0.144026
0.144418
0.144921
0.145683
0.147175
0.150345
0.153356
0.153117
0.152078
0.150981
0.150112
0.149744
0.154723
0.161033
0.15949
0.163994
0.162933
0.163225
0.163667
0.16266
0.168047
0.167765
0.167478
0.167764
0.167656
0.166872
0.165756
0.16462
0.163685
0.163049
0.162741
0.162732
0.162964
0.163397
0.163936
0.1645
0.165011
0.165419
0.165712
0.165872
0.165849
0.165546
0.164707
0.163537
0.164553
0.165457
0.162983
0.153591
0.156669
0.16052
0.152941
0.144848
0.138852
0.139697
0.14042
0.141032
0.141588
0.14208
0.142529
0.14293
0.143272
0.143695
0.14438
0.145733
0.148835
0.152114
0.153087
0.152177
0.150865
0.150037
0.149447
0.153125
0.158243
0.156604
0.159853
0.159171
0.161645
0.161959
0.162213
0.160206
0.164146
0.166618
0.166544
0.167116
0.167741
0.167485
0.166651
0.165729
0.164939
0.164357
0.163967
0.163792
0.163791
0.163918
0.164118
0.164347
0.16454
0.16469
0.164782
0.164811
0.164748
0.164512
0.164039
0.163288
0.164317
0.165814
0.160617
0.142184
0.155276
0.159571
0.153728
0.146255
0.138139
0.138576
0.139403
0.140103
0.14071
0.141239
0.141702
0.142132
0.142562
0.143145
0.144264
0.146876
0.150651
0.152742
0.152525
0.151247
0.1502
0.14921
0.153101
0.152557
0.158786
0.153349
0.153716
0.154734
0.157603
0.160012
0.160717
0.161338
0.162554
0.165899
0.165283
0.166255
0.166907
0.16694
0.166336
0.165509
0.164687
0.164017
0.163525
0.16325
0.163153
0.163164
0.163225
0.163305
0.163133
0.162834
0.162713
0.162654
0.162614
0.162506
0.162376
0.162439
0.16376
0.16542
0.160941
0.146924
0.154834
0.157397
0.152998
0.146599
0.13849
0.137517
0.138248
0.139054
0.139754
0.140341
0.140843
0.141341
0.141942
0.142861
0.144808
0.148545
0.151616
0.152792
0.151886
0.150688
0.149339
0.152252
0.152412
0.157231
0.152786
0.150812
0.158483
0.162158
0.159728
0.157095
0.161204
0.160975
0.164305
0.164506
0.164684
0.165076
0.165915
0.166242
0.165785
0.164945
0.164068
0.163316
0.162559
0.161908
0.161629
0.161496
0.161456
0.161484
0.161555
0.161665
0.161804
0.161956
0.16206
0.16205
0.162179
0.162809
0.164587
0.164042
0.161231
0.162254
0.157979
0.153916
0.150026
0.146173
0.143456
0.13714
0.137027
0.137786
0.138552
0.13929
0.139904
0.140539
0.141395
0.142842
0.145849
0.149699
0.151951
0.152606
0.151416
0.150041
0.150633
0.152583
0.15491
0.143533
0.14638
0.156415
0.15928
0.162429
0.163189
0.169681
0.162743
0.162523
0.165094
0.164688
0.164045
0.164045
0.164497
0.1644
0.163687
0.162552
0.161832
0.161302
0.16093
0.160728
0.16066
0.160695
0.160811
0.160984
0.161194
0.161418
0.161625
0.161788
0.161889
0.16208
0.162607
0.162892
0.165266
0.148516
0.156253
0.160471
0.149816
0.147426
0.147137
0.14391
0.142971
0.142471
0.136754
0.136342
0.137138
0.137946
0.138724
0.139572
0.140754
0.142857
0.146681
0.150284
0.152053
0.15237
0.151123
0.149907
0.153202
0.158966
0.142637
0.147047
0.150102
0.175076
0.163472
0.162634
0.158504
0.167554
0.163523
0.163255
0.166738
0.164067
0.163587
0.163372
0.163322
0.162798
0.162271
0.161687
0.161155
0.160751
0.160486
0.160377
0.160386
0.160487
0.160662
0.16087
0.161084
0.161286
0.161469
0.161666
0.161985
0.162503
0.16249
0.164509
0.163458
0.150409
0.159986
0.173722
0.196304
0.141835
0.143637
0.142599
0.1409
0.140874
0.141584
0.141751
0.13616
0.136339
0.137295
0.138438
0.140087
0.143077
0.147606
0.150973
0.152303
0.152212
0.150667
0.152532
0.15319
0.146906
0.153994
0.158531
0.167484
0.161882
0.163083
0.162083
0.173955
0.188089
0.168167
0.167154
0.166528
0.163642
0.163408
0.163102
0.162337
0.16201
0.161599
0.161123
0.160694
0.160367
0.160165
0.160102
0.160147
0.16027
0.160451
0.160651
0.160867
0.161115
0.161438
0.161904
0.162412
0.162393
0.163511
0.163752
0.145878
0.157612
0.161189
0.150847
0.158916
0.14084
0.139495
0.136047
0.134305
0.133373
0.133234
0.133783
0.141159
0.141661
0.135731
0.136535
0.138343
0.141817
0.147093
0.150932
0.152156
0.151659
0.152781
0.151923
0.15387
0.157769
0.1613
0.158339
0.168259
0.161602
0.162591
0.160549
0.18336
0.199574
0.202451
0.169385
0.165548
0.163083
0.163152
0.162286
0.161823
0.161349
0.160929
0.160533
0.160202
0.159959
0.159827
0.159808
0.159909
0.160139
0.160535
0.160975
0.1614
0.161853
0.162334
0.162622
0.162493
0.162999
0.164101
0.162484
0.155864
0.161558
0.167693
0.149916
0.160044
0.137639
0.135348
0.132449
0.13145
0.130845
0.130926
0.131387
0.13215
0.1342
0.136169
0.138699
0.141733
0.145163
0.14894
0.157527
0.177064
0.153514
0.195374
0.180633
0.188665
0.183529
0.16709
0.169603
0.164111
0.168353
0.159934
0.156921
0.196789
0.203162
0.20728
0.210546
0.164007
0.162021
0.162261
0.161887
0.161337
0.160882
0.160331
0.160009
0.159789
0.160034
0.160375
0.160515
0.160646
0.160832
0.161087
0.161389
0.161729
0.161988
0.1619
0.161415
0.16143
0.162262
0.159574
0.159324
0.156388
0.154821
0.151416
0.164012
0.160433
0.145754
0.131413
0.128145
0.129584
0.130259
0.131026
0.132393
0.134225
0.136274
0.138633
0.141403
0.144594
0.148294
0.152834
0.163501
0.187303
0.195227
0.199014
0.204341
0.204802
0.198421
0.176888
0.170513
0.170661
0.17697
0.157656
0.154213
0.20155
0.204478
0.209094
0.208749
0.156446
0.159564
0.161321
0.161427
0.160929
0.160461
0.159984
0.16007
0.160384
0.160373
0.160351
0.16036
0.160406
0.160481
0.160525
0.160393
0.159768
0.158035
0.155347
0.153754
0.154242
0.152922
0.151321
0.156956
0.148946
0.160608
0.147991
0.164335
0.160976
0.145195
0.1398
0.138435
0.128886
0.131757
0.132989
0.134515
0.136402
0.138616
0.141104
0.143936
0.147262
0.150599
0.155716
0.169442
0.190964
0.197927
0.20049
0.202827
0.206477
0.205307
0.190816
0.192061
0.200321
0.194659
0.154943
0.155618
0.202338
0.204134
0.209868
0.204735
0.193252
0.153453
0.158734
0.160711
0.160519
0.16019
0.159892
0.160376
0.160279
0.160158
0.160034
0.159894
0.159686
0.1593
0.158496
0.15678
0.153964
0.151277
0.150544
0.150883
0.149697
0.14903
0.162306
0.160818
0.141791
0.157974
0.147874
0.164442
0.161476
0.15323
0.13821
0.139157
0.13762
0.139984
0.130727
0.135602
0.1378
0.140041
0.142671
0.145604
0.14878
0.15234
0.157347
0.172085
0.191898
0.19938
0.201809
0.202391
0.200313
0.181391
0.182571
0.195446
0.205097
0.198374
0.154777
0.155346
0.198067
0.204125
0.207742
0.198543
0.183267
0.167122
0.153231
0.158796
0.159837
0.159831
0.159987
0.160267
0.160157
0.159921
0.15957
0.159031
0.158227
0.157097
0.155237
0.152773
0.150605
0.149618
0.149019
0.14779
0.147809
0.147291
0.160036
0.158553
0.151507
0.147033
0.150876
0.16438
0.145967
0.147283
0.140383
0.140335
0.138857
0.13757
0.141087
0.136056
0.139009
0.141078
0.143609
0.146543
0.149886
0.153163
0.158128
0.170652
0.190048
0.199402
0.196998
0.192582
0.178746
0.179136
0.18179
0.187084
0.205227
0.197304
0.154234
0.155112
0.196718
0.20594
0.20111
0.186687
0.166577
0.149128
0.140184
0.15254
0.157878
0.159029
0.159439
0.15999
0.159695
0.159219
0.158503
0.157512
0.156235
0.154726
0.15288
0.150951
0.149498
0.14805
0.146398
0.146487
0.14522
0.145739
0.154069
0.156048
0.15273
0.145401
0.149888
0.164816
0.147016
0.146825
0.143727
0.143938
0.14227
0.140501
0.13879
0.137286
0.136347
0.141416
0.143718
0.146193
0.14919
0.152292
0.156499
0.165104
0.183269
0.194168
0.190385
0.190828
0.187722
0.184888
0.184888
0.186504
0.195687
0.193853
0.156146
0.155725
0.200289
0.197491
0.183508
0.161742
0.144497
0.139349
0.136876
0.134075
0.148128
0.156146
0.158206
0.159114
0.158956
0.157707
0.156678
0.155541
0.154488
0.153398
0.152043
0.15049
0.14848
0.145744
0.144803
0.144039
0.142827
0.147227
0.153528
0.152659
0.142991
0.144569
0.163675
0.165312
0.162498
0.158247
0.149521
0.147996
0.146
0.144093
0.142036
0.139844
0.137077
0.137682
0.142542
0.144282
0.146602
0.148695
0.15135
0.155036
0.164517
0.181948
0.166412
0.182191
0.190533
0.194074
0.195499
0.195762
0.194754
0.196046
0.187698
0.185224
0.182593
0.164221
0.147764
0.142388
0.139941
0.137958
0.13625
0.134802
0.133368
0.13023
0.15168
0.156312
0.155943
0.155538
0.153884
0.153207
0.153592
0.153147
0.152327
0.150654
0.147782
0.144414
0.143131
0.141513
0.143299
0.145869
0.146154
0.149034
0.139989
0.147695
0.165324
0.165647
0.162721
0.160149
0.157116
0.155578
0.149462
0.147134
0.145173
0.143051
0.140227
0.138309
0.138952
0.14146
0.143629
0.145586
0.147603
0.149871
0.152486
0.156391
0.148259
0.14975
0.151013
0.15219
0.153195
0.153894
0.153886
0.152934
0.151454
0.149142
0.145995
0.143242
0.141334
0.142076
0.14002
0.138657
0.137111
0.133535
0.133
0.132666
0.130965
0.146192
0.149294
0.149852
0.150403
0.15194
0.15221
0.152058
0.151531
0.15029
0.148175
0.14667
0.145028
0.142382
0.139808
0.143404
0.147629
0.140795
0.139787
0.150898
0.165403
0.16538
0.163342
0.160278
0.157605
0.155367
0.152357
0.148962
0.146881
0.145199
0.143191
0.140039
0.129736
0.13653
0.139111
0.140945
0.142364
0.143762
0.145245
0.146711
0.13804
0.13865
0.139113
0.139538
0.139891
0.140178
0.140365
0.140189
0.139894
0.139041
0.137844
0.136403
0.135745
0.134754
0.134264
0.134052
0.133949
0.133867
0.133787
0.133793
0.134107
0.134851
0.130369
0.145261
0.146488
0.147403
0.146946
0.146813
0.146925
0.147111
0.147567
0.148565
0.148941
0.145352
0.140775
0.140588
0.144037
0.140141
0.137038
0.167432
0.164662
0.163984
0.162568
0.157262
0.154027
0.152763
0.152058
0.147805
0.145519
0.143861
0.142506
0.139346
0.142493
0.129237
0.133153
0.134825
0.135552
0.136156
0.136791
0.137383
0.128763
0.128907
0.129012
0.129093
0.129152
0.129201
0.129267
0.129406
0.13013
0.130119
0.130537
0.13078
0.137598
0.134077
0.134096
0.133962
0.133462
0.132595
0.132118
0.131812
0.13153
0.131435
0.131742
0.132533
0.134345
0.138929
0.142503
0.145345
0.146647
0.144312
0.144117
0.145169
0.147187
0.145754
0.142841
0.141239
0.140361
0.135797
0.148226
0.156749
0.160813
0.156636
0.153249
0.150425
0.149395
0.148975
0.148186
0.144007
0.141886
0.140137
0.13824
0.135918
0.136658
0.123621
0.126682
0.127662
0.128018
0.128272
0.128441
0.128598
0.129745
0.129932
0.130086
0.130214
0.130319
0.130417
0.130517
0.130624
0.131266
0.131405
0.132332
0.135886
0.134479
0.134274
0.134157
0.133979
0.13371
0.133341
0.132892
0.132435
0.132057
0.131836
0.131788
0.131887
0.132225
0.133008
0.135108
0.141118
0.143524
0.144896
0.141134
0.140854
0.142093
0.142325
0.142275
0.148881
0.139262
0.139853
0.149531
0.149181
0.152044
0.150153
0.14914
0.148412
0.14806
0.147848
0.146245
0.142716
0.140345
0.138532
0.136154
0.133514
0.131535
0.123541
0.126513
0.127488
0.128245
0.128799
0.129185
0.129507
0.129988
0.129881
0.129768
0.129641
0.129488
0.129285
0.129042
0.128921
0.128317
0.129762
0.133794
0.135946
0.135775
0.135577
0.13532
0.134988
0.134588
0.134129
0.133649
0.133219
0.132879
0.132644
0.132529
0.132535
0.132683
0.133085
0.13387
0.134874
0.138387
0.142384
0.144217
0.140305
0.139418
0.146262
0.148238
0.14723
0.140289
0.141613
0.147478
0.146758
0.14855
0.148037
0.147839
0.147643
0.14756
0.147616
0.145159
0.142564
0.140616
0.138386
0.135082
0.131477
0.12867
0.122813
0.127999
0.129304
0.129859
0.130087
0.130136
0.130082
0.12207
0.120374
0.119596
0.119257
0.119162
0.119201
0.119331
0.119525
0.119975
0.120669
0.137741
0.137457
0.137271
0.137
0.136652
0.136249
0.135826
0.135402
0.134999
0.134633
0.134294
0.133991
0.133768
0.133654
0.133652
0.133821
0.134177
0.134931
0.134778
0.137442
0.1417
0.143955
0.142213
0.144816
0.147168
0.148008
0.142345
0.143843
0.146705
0.145132
0.147006
0.147014
0.147296
0.147318
0.147388
0.147173
0.144656
0.142452
0.14039
0.137752
0.134261
0.130311
0.127824
0.123905
0.129821
0.130569
0.130628
0.13042
0.129088
0.12532
0.119379
0.119268
0.119241
0.119185
0.119079
0.119007
0.119086
0.119306
0.120221
0.120421
0.138927
0.13868
0.13853
0.138271
0.137914
0.137505
0.137111
0.136762
0.136476
0.136246
0.136039
0.135839
0.13564
0.135428
0.135192
0.135034
0.135071
0.135382
0.135909
0.133845
0.140123
0.143323
0.144965
0.145073
0.147518
0.149252
0.143961
0.145018
0.138045
0.145382
0.146968
0.147184
0.147454
0.147567
0.147485
0.14528
0.144026
0.142345
0.140467
0.137967
0.13449
0.130043
0.128035
0.128704
0.130869
0.130935
0.129536
0.124512
0.121077
0.119797
0.119352
0.119272
0.119113
0.11894
0.118994
0.119383
0.120018
0.120459
0.122067
0.121237
0.139646
0.139451
0.139342
0.139122
0.138799
0.138423
0.138063
0.137754
0.137499
0.137271
0.13699
0.136647
0.136247
0.135827
0.135397
0.135025
0.134736
0.134523
0.134518
0.120213
0.139408
0.143996
0.147136
0.146789
0.149773
0.136099
0.145798
0.136105
0.130661
0.146627
0.147721
0.14783
0.148584
0.147502
0.14667
0.146064
0.145178
0.143811
0.14207
0.139505
0.135666
0.130401
0.129537
0.130726
0.131294
0.130482
0.125736
0.121464
0.119922
0.119464
0.119291
0.119253
0.119162
0.119085
0.119174
0.119503
0.120051
0.120426
0.122011
0.121068
0.1397
0.13963
0.139555
0.139387
0.139151
0.138879
0.138603
0.138319
0.137991
0.137591
0.137034
0.136397
0.135711
0.135051
0.134471
0.134023
0.133761
0.133473
0.133386
0.13466
0.139816
0.145295
0.148992
0.152992
0.144705
0.134356
0.134828
0.13584
0.129303
0.147886
0.149158
0.149384
0.149528
0.150042
0.149888
0.149303
0.148238
0.146508
0.14418
0.140985
0.136659
0.130631
0.129977
0.131343
0.131474
0.13027
0.124754
0.120873
0.119641
0.119336
0.119598
0.119524
0.119561
0.119655
0.119804
0.120039
0.120422
0.121035
0.122515
0.119765
0.139139
0.139457
0.139434
0.139314
0.139135
0.138905
0.138627
0.1383
0.13789
0.137435
0.136839
0.136242
0.135606
0.135011
0.134524
0.134347
0.134583
0.135159
0.136083
0.138273
0.142892
0.146454
0.150237
0.157341
0.147638
0.13452
0.135955
0.133088
0.132963
0.148966
0.150472
0.152674
0.153272
0.15287
0.151811
0.150611
0.148751
0.145943
0.14216
0.137213
0.13252
0.125772
0.130655
0.130937
0.130922
0.130956
0.129845
0.124878
0.121113
0.119914
)
;
    }
    front
    {
        type            cyclic;
    }
    back
    {
        type            cyclic;
    }
}


// ************************************************************************* //
