/*--------------------------------*- C++ -*----------------------------------*\
  =========                 |
  \\      /  F ield         | OpenFOAM: The Open Source CFD Toolbox
   \\    /   O peration     | Website:  https://openfoam.org
    \\  /    A nd           | Version:  13
     \\/     M anipulation  |
\*---------------------------------------------------------------------------*/
FoamFile
{
    format      ascii;
    class       volScalarField;
    location    "0.5";
    object      classifier_w_laminar_mean;
}
// * * * * * * * * * * * * * * * * * * * * * * * * * * * * * * * * * * * * * //

dimensions      [];

internalField   uniform 0;

boundaryField
{
    inlet
    {
        type            cyclic;
    }
    outlet
    {
        type            cyclic;
    }
    top
    {
        type            calculated;
        value           nonuniform List<scalar> 
7200
(
0.148214
0.163335
0.163822
0.164016
0.16421
0.164092
0.164067
0.164039
0.163898
0.163539
0.163366
0.163231
0.163211
0.16322
0.163292
0.163314
0.163209
0.162884
0.162751
0.162537
0.162209
0.161583
0.160388
0.159153
0.157974
0.156287
0.1556
0.155615
0.155287
0.157142
0.162635
0.156091
0.155205
0.144176
0.259487
0.270595
0.252035
0.158832
0.162321
0.165174
0.165326
0.165218
0.16477
0.163875
0.162231
0.16132
0.16114
0.161071
0.161033
0.16101
0.160615
0.160672
0.161612
0.162843
0.161163
0.157565
0.159562
0.160867
0.161494
0.150125
0.158073
0.163124
0.163416
0.163676
0.163964
0.164111
0.164159
0.164165
0.163912
0.163585
0.163289
0.163043
0.162846
0.16276
0.162738
0.162697
0.162577
0.162241
0.162095
0.16196
0.161681
0.161121
0.159999
0.158887
0.157161
0.155543
0.154678
0.154485
0.155254
0.159823
0.162246
0.158962
0.155849
0.223549
0.270147
0.257299
0.163478
0.16424
0.16525
0.166103
0.165825
0.165477
0.164914
0.163931
0.162013
0.161153
0.161171
0.161258
0.161298
0.161342
0.160991
0.161029
0.162404
0.161789
0.155673
0.15861
0.16021
0.161052
0.161597
0.15096
0.162991
0.163242
0.163672
0.164067
0.164459
0.164863
0.164935
0.164612
0.164055
0.163427
0.162885
0.16251
0.162326
0.162262
0.162256
0.162231
0.162179
0.161985
0.161883
0.161767
0.161554
0.161083
0.159884
0.157955
0.161158
0.159638
0.161075
0.160898
0.157627
0.157903
0.15885
0.159104
0.218748
0.268677
0.260612
0.161065
0.164552
0.165281
0.166426
0.165735
0.165179
0.164606
0.163851
0.162538
0.160499
0.160082
0.160364
0.160663
0.160905
0.161209
0.16159
0.160405
0.150414
0.15574
0.157948
0.159449
0.160403
0.16085
0.161373
0.162048
0.162765
0.163402
0.164547
0.166588
0.164746
0.15615
0.155611
0.138786
0.137895
0.147393
0.161682
0.157681
0.156762
0.155723
0.156673
0.157108
0.156659
0.161665
0.161634
0.161536
0.157
0.161429
0.158865
0.129629
0.13127
0.159784
0.159502
0.160868
0.159977
0.161059
0.161327
0.161264
0.267404
0.261569
0.161873
0.163614
0.166036
0.166639
0.165349
0.16392
0.163187
0.162405
0.161072
0.158868
0.158094
0.158384
0.158861
0.159318
0.159762
0.160046
0.15769
0.154504
0.155757
0.156826
0.15876
0.159657
0.160224
0.160455
0.160952
0.161736
0.160718
0.157844
0.136859
0.137045
0.136963
0.151033
0.137114
0.135582
0.134945
0.134106
0.132298
0.128649
0.14596
0.16577
0.16263
0.159458
0.158343
0.158444
0.161099
0.166121
0.164827
0.130754
0.128899
0.130489
0.133001
0.132351
0.129974
0.130118
0.132584
0.129982
0.141149
0.162157
0.16223
0.162553
0.164348
0.166662
0.166745
0.165317
0.163168
0.161493
0.160294
0.158809
0.15642
0.156319
0.156736
0.157212
0.157684
0.158163
0.158513
0.157283
0.153349
0.155406
0.156482
0.156545
0.156475
0.150294
0.160992
0.157606
0.165109
0.133246
0.133087
0.138741
0.250666
0.267653
0.273499
0.2726
0.265846
0.257524
0.238073
0.19066
0.128637
0.127091
0.12605
0.125629
0.125758
0.165834
0.164837
0.165683
0.16618
0.165794
0.166078
0.167036
0.167178
0.165674
0.165338
0.140946
0.14337
0.161908
0.166805
0.165911
0.133695
0.163178
0.165682
0.164827
0.166553
0.166627
0.165392
0.163184
0.159998
0.153763
0.153414
0.15485
0.156125
0.156956
0.157287
0.157577
0.157859
0.158225
0.158694
0.158372
0.1519
0.157212
0.129683
0.130002
0.130046
0.130077
0.130514
0.131275
0.130749
0.189544
0.244014
0.27041
0.277327
0.279719
0.280204
0.277207
0.269894
0.263467
0.248335
0.163346
0.158353
0.129239
0.163252
0.158548
0.156735
0.156759
0.157879
0.158307
0.158655
0.159686
0.161044
0.162714
0.164285
0.165642
0.165903
0.164998
0.162806
0.161518
0.160635
0.160368
0.161631
0.164485
0.165941
0.165652
0.166429
0.165424
0.163337
0.158408
0.155088
0.151931
0.152935
0.156351
0.157514
0.131
0.130051
0.129791
0.129896
0.130216
0.130976
0.131641
0.13016
0.128537
0.128614
0.128834
0.129455
0.130143
0.14354
0.231158
0.212962
0.263954
0.267718
0.278305
0.282836
0.287067
0.156217
0.156402
0.15805
0.159296
0.16473
0.147382
0.160028
0.161593
0.162529
0.163019
0.163298
0.163546
0.163691
0.163803
0.163895
0.163884
0.163857
0.163844
0.163633
0.163423
0.163086
0.162906
0.163713
0.164458
0.162447
0.161031
0.161058
0.16606
0.165941
0.165161
0.165128
0.163379
0.157175
0.15548
0.151671
0.151083
0.157249
0.130985
0.129661
0.129421
0.129399
0.129434
0.12958
0.129884
0.130408
0.130762
0.129778
0.129663
0.129686
0.155317
0.217357
0.24468
0.255552
0.264491
0.257247
0.269002
0.158242
0.157272
0.15679
0.1572
0.156745
0.158866
0.16703
0.158419
0.161014
0.161618
0.161658
0.161938
0.162231
0.162453
0.162618
0.162816
0.162948
0.163147
0.163226
0.163073
0.162948
0.162737
0.162419
0.162117
0.161732
0.161567
0.162703
0.164654
0.163712
0.162919
0.16327
0.166161
0.165248
0.164264
0.162644
0.159451
0.155361
0.1528
0.155834
0.158051
0.12946
0.128939
0.128851
0.128879
0.128956
0.129053
0.129189
0.129398
0.129732
0.130136
0.130302
0.179665
0.227654
0.240614
0.24949
0.258411
0.262075
0.266142
0.259981
0.267474
0.161411
0.160221
0.159253
0.158665
0.161982
0.16777
0.159332
0.161058
0.16148
0.161496
0.161382
0.161527
0.161697
0.16179
0.161859
0.162004
0.162131
0.16236
0.162384
0.162171
0.162018
0.161773
0.161456
0.161183
0.160774
0.160429
0.160857
0.162579
0.163232
0.163423
0.16383
0.165608
0.16494
0.163686
0.161555
0.1569
0.152558
0.155952
0.15807
0.158219
0.129696
0.128926
0.12883
0.128885
0.129005
0.129106
0.129181
0.12929
0.129487
0.129772
0.130108
0.174591
0.230145
0.241581
0.249857
0.25589
0.254756
0.255933
0.15834
0.256958
0.165877
0.161945
0.161102
0.160903
0.165145
0.149438
0.159939
0.160888
0.161213
0.161126
0.16098
0.161025
0.1611
0.161143
0.16119
0.161315
0.161446
0.161697
0.161735
0.161527
0.161381
0.161145
0.160854
0.160573
0.160096
0.159625
0.159925
0.16141
0.162523
0.163246
0.163194
0.164835
0.164294
0.162771
0.159132
0.149971
0.15206
0.157885
0.157043
0.157296
0.154642
0.130661
0.129872
0.129631
0.129604
0.129654
0.129665
0.129606
0.129647
0.129728
0.129747
0.130036
0.183698
0.209588
0.228204
0.23913
0.232797
0.232742
0.158794
0.210825
0.154676
0.165782
0.165005
0.165853
0.166224
0.158404
0.160029
0.160477
0.160666
0.160572
0.160435
0.160406
0.160396
0.160396
0.16041
0.160485
0.160587
0.160828
0.160884
0.160699
0.160572
0.160354
0.160097
0.159839
0.159361
0.158801
0.158906
0.159779
0.160041
0.160118
0.160374
0.162554
0.162876
0.160245
0.156819
0.155367
0.152901
0.156148
0.155793
0.155776
0.155243
0.152645
0.132729
0.131589
0.131401
0.131467
0.131086
0.130163
0.12978
0.129613
0.129458
0.129743
0.129871
0.129839
0.13026
0.171489
0.154762
0.176562
0.159367
0.129296
0.158556
0.154352
0.162764
0.162249
0.156224
0.158558
0.159272
0.159682
0.159895
0.159891
0.159795
0.159748
0.159696
0.15966
0.159622
0.15962
0.159645
0.159805
0.159837
0.159683
0.15958
0.159398
0.159192
0.15898
0.158536
0.157948
0.157756
0.15825
0.158225
0.157626
0.15753
0.155233
0.1595
0.15692
0.148473
0.154931
0.155889
0.154356
0.153966
0.154142
0.15418
0.154271
0.154162
0.154053
0.154137
0.15426
0.154112
0.144014
0.130538
0.129637
0.129255
0.129206
0.129244
0.129253
0.129314
0.129288
0.129219
0.129528
0.155304
0.15791
0.157908
0.155216
0.154529
0.153916
0.156374
0.157513
0.158356
0.158782
0.159086
0.159177
0.159138
0.159124
0.159088
0.159051
0.158986
0.158925
0.158868
0.158893
0.15885
0.158701
0.158608
0.158466
0.158304
0.158132
0.157734
0.157144
0.156695
0.156607
0.15637
0.155848
0.155458
0.153546
0.156804
0.156412
0.154662
0.153056
0.154524
0.153004
0.152494
0.152936
0.153115
0.153473
0.15366
0.153782
0.153888
0.153959
0.153957
0.153626
0.152835
0.130826
0.129605
0.129104
0.128941
0.128859
0.128639
0.156893
0.156213
0.155638
0.15822
0.160485
0.156507
0.153832
0.154625
0.154743
0.155557
0.156567
0.157329
0.157956
0.158304
0.158447
0.158465
0.158504
0.158497
0.158502
0.158471
0.158429
0.158364
0.158322
0.158229
0.158074
0.157964
0.157855
0.157729
0.157611
0.157299
0.156713
0.155949
0.15521
0.154479
0.153438
0.152163
0.15565
0.155916
0.154436
0.152523
0.152141
0.152233
0.151355
0.151219
0.151623
0.151278
0.151278
0.151118
0.150794
0.15047
0.147199
0.139298
0.134258
0.132546
0.131677
0.130829
0.129603
0.129304
0.129927
0.12934
0.155984
0.154948
0.155381
0.155905
0.157266
0.156086
0.152584
0.154799
0.154777
0.155207
0.156083
0.156449
0.157078
0.15747
0.157649
0.157738
0.157808
0.157793
0.157831
0.157854
0.15788
0.157892
0.157912
0.157868
0.157751
0.157654
0.157573
0.15748
0.157407
0.157181
0.156656
0.155668
0.154356
0.153246
0.151965
0.150351
0.15399
0.153572
0.151938
0.150124
0.1498
0.15097
0.150804
0.149626
0.150458
0.150857
0.151274
0.15145
0.151537
0.151583
0.151597
0.151578
0.151349
0.150883
0.146312
0.141745
0.136208
0.134017
0.13943
0.135425
0.154268
0.154045
0.153547
0.153565
0.149647
0.153691
0.154425
0.155215
0.153912
0.154241
0.154881
0.155551
0.156158
0.156596
0.156839
0.157
0.157048
0.157007
0.15704
0.157082
0.15715
0.157236
0.157346
0.1574
0.157369
0.157331
0.157293
0.157223
0.157159
0.156942
0.156425
0.155468
0.153978
0.152594
0.151274
0.150214
0.150517
0.150064
0.148744
0.147089
0.146983
0.14862
0.1486
0.147161
0.148336
0.149274
0.149861
0.150117
0.150224
0.150242
0.150209
0.150202
0.150152
0.149967
0.149542
0.146387
0.1453
0.144766
0.151176
0.145337
0.151955
0.151398
0.149587
0.149793
0.150979
0.152796
0.154466
0.154913
0.153809
0.153821
0.154152
0.154644
0.155284
0.155773
0.156082
0.156283
0.156299
0.156248
0.156267
0.156308
0.156392
0.156507
0.15665
0.15677
0.156817
0.156845
0.156851
0.156796
0.156733
0.156524
0.156028
0.155154
0.153774
0.152167
0.150493
0.151404
0.149177
0.147268
0.145847
0.144382
0.144274
0.146224
0.146326
0.144549
0.145471
0.146464
0.147036
0.147328
0.147425
0.147415
0.147413
0.14751
0.14776
0.148037
0.153135
0.148671
0.147718
0.147045
0.14951
0.148613
0.148461
0.147462
0.148574
0.149413
0.149194
0.152815
0.155229
0.153715
0.153428
0.153556
0.153692
0.153988
0.154567
0.155059
0.155404
0.155609
0.15562
0.155575
0.155593
0.155639
0.155735
0.155859
0.156006
0.156157
0.156258
0.156331
0.156363
0.156318
0.156266
0.156098
0.155686
0.154925
0.15367
0.151534
0.148269
0.154931
0.155209
0.14456
0.143443
0.142507
0.142286
0.143517
0.143765
0.142639
0.142913
0.143398
0.143713
0.143917
0.144009
0.144063
0.144178
0.144399
0.144856
0.145441
0.150912
0.149335
0.148976
0.148279
0.146035
0.146973
0.145189
0.144545
0.151136
0.151415
0.151127
0.153742
0.153397
0.153186
0.153011
0.15325
0.153481
0.153664
0.154074
0.154498
0.154833
0.155039
0.155066
0.155032
0.155049
0.155102
0.155203
0.155336
0.155493
0.155664
0.155814
0.155921
0.155976
0.155944
0.155913
0.155814
0.1555
0.154869
0.153824
0.147909
0.145129
0.149005
0.156161
0.14358
0.142506
0.142073
0.14175
0.141958
0.142348
0.142288
0.142123
0.142083
0.142024
0.142067
0.142121
0.142198
0.142347
0.142572
0.143081
0.143914
0.148574
0.148911
0.149072
0.148758
0.143155
0.143715
0.142877
0.142662
0.147907
0.15114
0.151716
0.155162
0.152663
0.152795
0.152893
0.153091
0.153417
0.153743
0.153984
0.154308
0.154622
0.154822
0.154847
0.154809
0.154805
0.154823
0.154909
0.15505
0.155196
0.155367
0.155556
0.155685
0.155782
0.155759
0.155741
0.155741
0.155533
0.155043
0.154423
0.146324
0.149292
0.145586
0.145408
0.146093
0.143573
0.143066
0.142629
0.142385
0.142923
0.143481
0.142977
0.142565
0.142283
0.142217
0.142224
0.142256
0.142341
0.142498
0.14341
0.14693
0.147653
0.148231
0.148662
0.148825
0.141586
0.141773
0.141576
0.141632
0.142657
0.143049
0.142656
0.147739
0.157947
0.153518
0.153056
0.153057
0.15314
0.153497
0.15404
0.154269
0.154466
0.154609
0.154652
0.154636
0.154645
0.154674
0.154756
0.1549
0.15507
0.155274
0.15551
0.15568
0.155804
0.155821
0.155856
0.15592
0.155844
0.155626
0.153984
0.14544
0.150497
0.144015
0.144279
0.147376
0.145578
0.144914
0.144473
0.144416
0.145395
0.146342
0.145213
0.144264
0.143843
0.143749
0.14375
0.143772
0.144029
0.145673
0.145532
0.145763
0.146876
0.14762
0.148196
0.148758
0.140986
0.141619
0.141134
0.141311
0.141827
0.14179
0.141597
0.149485
0.154544
0.15307
0.153564
0.153596
0.153586
0.153528
0.153758
0.15431
0.154765
0.154948
0.154967
0.154912
0.154878
0.154883
0.154927
0.15502
0.155165
0.155358
0.15559
0.155779
0.155911
0.155999
0.156093
0.156196
0.156301
0.156656
0.149362
0.144835
0.147469
0.144595
0.144848
0.14869
0.14849
0.147919
0.148418
0.148895
0.150972
0.152631
0.15155
0.149594
0.148911
0.149175
0.149994
0.146183
0.145597
0.145535
0.144972
0.144642
0.146041
0.147164
0.147886
0.148764
0.150742
0.150537
0.140993
0.141218
0.141605
0.141647
0.141371
0.147292
0.154905
0.155942
0.155562
0.155292
0.155103
0.154676
0.154162
0.15395
0.154086
0.154581
0.155047
0.155266
0.155295
0.155283
0.155298
0.155373
0.155504
0.155711
0.155985
0.156237
0.156455
0.156657
0.15683
0.156996
0.157246
0.157995
0.157361
0.151176
0.149414
0.146205
0.14639
0.151093
0.154263
0.154083
0.154833
0.155277
0.157542
0.16407
0.162898
0.156235
0.156116
0.147808
0.145111
0.144218
0.144494
0.144181
0.144433
0.144031
0.145273
0.146944
0.147937
0.149007
0.149841
0.150107
0.145704
0.145432
0.145471
0.14415
0.143236
0.149349
0.145769
0.158773
0.157377
0.157544
0.157536
0.156835
0.155675
0.154622
0.15394
0.153694
0.153884
0.154508
0.155224
0.15561
0.155769
0.155893
0.15604
0.156267
0.156594
0.156924
0.157243
0.157542
0.157746
0.157896
0.158113
0.158663
0.159865
0.16022
0.161424
0.150011
0.15005
0.165842
0.163913
0.165493
0.166114
0.166233
0.163631
0.161115
0.159322
0.149562
0.14889
0.147659
0.147211
0.146543
0.146467
0.143955
0.14396
0.143785
0.145072
0.146939
0.147834
0.148984
0.149942
0.150628
0.152042
0.153102
0.15448
0.148106
0.148475
0.152525
0.150485
0.150615
0.146228
0.160399
0.159135
0.158842
0.157661
0.156022
0.1545
0.153434
0.152995
0.153082
0.153692
0.154727
0.155628
0.156169
0.156493
0.156785
0.15715
0.157521
0.157874
0.158173
0.158329
0.158396
0.158458
0.158699
0.158922
0.157943
0.157994
0.166368
0.162861
0.160145
0.160116
0.160214
0.160807
0.161135
0.157907
0.160951
0.150585
0.149396
0.148471
0.14727
0.146296
0.145516
0.145015
0.142821
0.14332
0.143119
0.144302
0.146725
0.147001
0.147831
0.148636
0.150063
0.152057
0.153467
0.153608
0.153841
0.149119
0.152972
0.152127
0.153217
0.151583
0.14986
0.162991
0.162452
0.15888
0.157529
0.15552
0.154008
0.152858
0.152267
0.152259
0.152931
0.154043
0.155259
0.156119
0.156646
0.157081
0.157477
0.157804
0.158021
0.158066
0.157999
0.157911
0.158091
0.15869
0.157636
0.157284
0.158976
0.159741
0.158545
0.15914
0.159663
0.160393
0.160094
0.151224
0.149735
0.147927
0.146377
0.145002
0.143179
0.140982
0.141571
0.142746
0.142441
0.142043
0.141593
0.141641
0.144153
0.145236
0.145621
0.145472
0.146
0.147473
0.150836
0.152722
0.153142
0.151
0.152464
0.156199
0.155995
0.155004
0.153386
0.15209
0.150761
0.162913
0.157785
0.156592
0.154812
0.153548
0.152438
0.151736
0.151807
0.152479
0.153322
0.154494
0.155357
0.155854
0.156266
0.156567
0.156746
0.156852
0.156972
0.157095
0.157339
0.158434
0.157899
0.157772
0.15796
0.158086
0.158661
0.158793
0.161112
0.149567
0.147961
0.146552
0.144559
0.141018
0.143235
0.141471
0.134737
0.130729
0.128465
0.126797
0.125572
0.124566
0.124543
0.125719
0.12771
0.133814
0.141489
0.154358
0.150813
0.150138
0.152637
0.155541
0.146828
0.153133
0.151032
0.152957
0.15128
0.156375
0.155121
0.153462
0.152007
0.15147
0.161833
0.157403
0.155201
0.153464
0.152121
0.151144
0.150944
0.151399
0.151871
0.152648
0.153685
0.154166
0.154564
0.154907
0.155384
0.156124
0.156552
0.156759
0.157018
0.158403
0.158929
0.157503
0.158637
0.162928
0.158006
0.145646
0.14441
0.141199
0.143117
0.138286
0.130083
0.126908
0.124989
0.124225
0.124407
0.124754
0.125075
0.125375
0.125512
0.125535
0.125551
0.125688
0.126186
0.129215
0.143062
0.158895
0.155678
0.153668
0.151083
0.14748
0.145801
0.152706
0.147252
0.146182
0.151309
0.149749
0.151862
0.157173
0.153331
0.164481
0.163158
0.160281
0.156486
0.154509
0.152723
0.151511
0.151044
0.150981
0.151218
0.151412
0.152592
0.153191
0.153718
0.154205
0.154868
0.154802
0.163747
0.162508
0.158067
0.143637
0.143966
0.14338
0.143812
0.142408
0.142127
0.134141
0.127452
0.124811
0.12446
0.125272
0.125803
0.126159
0.128641
0.178541
0.203307
0.220837
0.228609
0.234178
0.234056
0.232572
0.229173
0.219946
0.179084
0.127196
0.13082
0.161817
0.16244
0.159256
0.158365
0.157793
0.15621
0.150062
0.158192
0.154478
0.15011
0.146681
0.147857
0.15216
0.153601
0.155097
0.156783
0.157755
0.158112
0.157762
0.157319
0.156968
0.156782
0.156625
0.156469
0.156094
0.155893
0.155587
0.154883
0.153701
0.139815
0.141133
0.141403
0.141543
0.141473
0.1366
0.141485
0.130678
0.130854
0.125628
0.125326
0.125294
0.125567
0.126014
0.201314
0.234322
0.244494
0.24793
0.247865
0.244783
0.241319
0.239129
0.235582
0.233561
0.230845
0.22932
0.228747
0.225377
0.212167
0.168707
0.126991
0.129423
0.135843
0.163336
0.16178
0.159659
0.159389
0.158016
0.159287
0.158483
0.157216
0.154821
0.151556
0.149501
0.14851
0.148473
0.148914
0.149511
0.150054
0.150297
0.150498
0.150617
0.150867
0.151315
0.152051
0.152809
0.15178
0.141234
0.144763
0.144489
0.142875
0.136067
0.129073
0.126912
0.125662
0.124951
0.125252
0.124945
0.124866
0.125159
0.131055
0.212382
0.23594
0.247089
0.251887
0.252633
0.250922
0.247543
0.241852
0.231559
0.214994
0.194066
0.164314
0.140607
0.130681
0.138147
0.159582
0.166809
0.150745
0.125563
0.125932
0.126991
0.129055
0.132666
0.137409
0.161184
0.16136
0.159031
0.159958
0.158171
0.157462
0.156391
0.155018
0.153874
0.152778
0.151914
0.151533
0.151499
0.151739
0.152231
0.152706
0.153026
0.153343
0.153861
0.154849
0.156386
0.155644
0.145651
0.144761
0.135675
0.129728
0.127287
0.125945
0.12534
0.125153
0.125055
0.124959
0.126198
0.125045
0.186007
0.229233
0.238166
0.242923
0.245135
0.245005
0.240745
0.229467
0.205043
0.151251
0.126201
0.126815
0.127337
0.16145
0.16109
0.1611
0.161249
0.161501
0.161687
0.161722
0.16156
0.161397
0.161059
0.16052
0.16012
0.159811
0.159743
0.159086
0.155953
0.157363
0.156621
0.155513
0.157374
0.156025
0.155924
0.155433
0.155198
0.155583
0.156219
0.156857
0.157481
0.158012
0.158431
0.158831
0.159204
0.1597
0.160239
0.160433
0.1604
0.160295
0.159441
0.147698
0.138835
0.133799
0.131224
0.130772
0.12847
0.126301
0.129825
0.130354
0.128483
0.211531
0.217913
0.21593
0.207573
0.18235
0.12829
0.130673
0.162258
0.160871
0.160759
0.160461
0.160209
0.160006
0.159911
0.15989
0.159988
0.160142
0.160331
0.160343
0.160219
0.160043
0.159731
0.159202
0.158747
0.158386
0.158187
0.158237
0.157407
0.155405
0.155291
0.154652
0.153909
0.153259
0.153065
0.152655
0.151385
0.146481
0.146686
0.137884
0.155617
0.157516
0.158721
0.159607
0.160187
0.160629
0.161173
0.161731
0.162306
0.162826
0.163473
0.164001
0.163963
0.163478
0.162996
0.163437
0.163357
0.135598
0.135259
0.162343
0.149048
0.128662
0.129128
0.130506
0.16113
0.161381
0.160361
0.156841
0.156138
0.15573
0.156531
0.159091
0.159111
0.158761
0.158576
0.158526
0.158616
0.158701
0.15881
0.158783
0.158669
0.158424
0.158044
0.157409
0.156836
0.156358
0.156105
0.155958
0.155082
0.153072
0.153049
0.15235
0.1519
0.151568
0.151664
0.151686
0.151874
0.152298
0.152947
0.153783
0.154522
0.155207
0.155395
0.148212
0.150315
0.152249
0.154791
0.159174
0.160613
0.161438
0.162101
0.162782
0.162981
0.163063
0.163163
0.163458
0.158776
0.155754
0.155332
0.157852
0.157402
0.161171
0.161174
0.160451
0.157013
0.157074
0.15639
0.155743
0.154837
0.153723
0.15744
0.158194
0.157842
0.157363
0.157011
0.156784
0.15692
0.15698
0.157074
0.157021
0.156873
0.156563
0.156121
0.155421
0.15476
0.154187
0.153842
0.153639
0.152789
0.151041
0.151074
0.150345
0.149969
0.149707
0.149823
0.149897
0.150089
0.150583
0.151395
0.15238
0.153295
0.154116
0.154919
0.1556
0.15605
0.156153
0.1516
0.151181
0.152817
0.154211
0.155256
0.156249
0.156799
0.157055
0.157209
0.157756
0.15762
0.155368
0.156743
0.155593
0.156245
0.154911
0.159612
0.157538
0.155943
0.155218
0.15402
0.148355
0.153334
0.151326
0.150795
0.154016
0.155937
0.155745
0.155372
0.154679
0.154854
0.155211
0.155295
0.155237
0.155065
0.154708
0.154233
0.153522
0.152807
0.152174
0.151795
0.151591
0.150799
0.149259
0.149321
0.148576
0.148261
0.148062
0.148201
0.148313
0.148541
0.149063
0.14989
0.150855
0.151759
0.152595
0.153388
0.154093
0.154576
0.154019
0.147424
0.149198
0.150922
0.152443
0.153746
0.154831
0.155358
0.155431
0.155231
0.155864
0.155939
0.153653
0.154032
0.153753
0.155291
0.155044
0.158566
0.158026
0.15466
0.15334
0.152477
0.151575
0.150686
0.149345
0.148371
0.147648
0.146937
0.146493
0.152974
0.153134
0.152303
0.153126
0.15362
0.153606
0.153429
0.15305
0.152553
0.15184
0.151094
0.150407
0.150013
0.149793
0.149055
0.147735
0.147796
0.14705
0.14678
0.146629
0.146785
0.146919
0.147181
0.147767
0.148631
0.149581
0.150466
0.151277
0.152012
0.152627
0.153182
0.153567
0.150224
0.148066
0.148775
0.149959
0.151809
0.153371
0.153805
0.153401
0.152936
0.15395
0.154372
0.151901
0.157515
0.157912
0.151369
0.152762
0.150464
0.152391
0.152154
0.150853
0.150205
0.149831
0.14909
0.148484
0.148296
0.147917
0.147498
0.147063
0.146021
0.14454
0.151336
0.151098
0.151595
0.152014
0.151988
0.151688
0.151167
0.150382
0.149605
0.148901
0.148506
0.14826
0.147564
0.146493
0.146528
0.145811
0.14559
0.145481
0.145639
0.14579
0.146093
0.146733
0.147623
0.148553
0.149403
0.150162
0.150829
0.151361
0.151829
0.152393
0.152422
0.146014
0.146932
0.148191
0.149429
0.151247
0.151478
0.150608
0.150724
0.152333
0.153129
0.150564
0.154572
0.156884
0.155954
0.151044
0.15105
0.150043
0.149556
0.149422
0.149728
0.149802
0.149425
0.149102
0.149013
0.148821
0.148655
0.148347
0.147553
0.1463
0.144639
0.149993
0.150283
0.150195
0.150561
0.150481
0.149947
0.149202
0.148366
0.147617
0.147248
0.146992
0.146347
0.145513
0.145505
0.144861
0.1447
0.144636
0.144795
0.144957
0.145288
0.145968
0.146864
0.147752
0.148551
0.149245
0.149839
0.150302
0.150699
0.151177
0.151792
0.151626
0.147002
0.14659
0.147019
0.147577
0.148287
0.148415
0.149341
0.151113
0.152254
0.149817
0.150073
0.155452
0.155534
0.149727
0.148666
0.148594
0.148966
0.149353
0.149898
0.150146
0.149999
0.149866
0.149871
0.149827
0.149851
0.149726
0.149179
0.148266
0.147218
0.145051
0.143996
0.139424
0.148905
0.149403
0.148909
0.14817
0.147232
0.146535
0.146209
0.145964
0.145381
0.144731
0.144681
0.144155
0.144063
0.144043
0.144196
0.144375
0.144735
0.145436
0.146317
0.147153
0.147886
0.148509
0.14903
0.149436
0.149785
0.150194
0.150743
0.151379
0.151332
0.147375
0.144637
0.148452
0.147008
0.147079
0.14774
0.149954
0.151372
0.149186
0.147675
0.154838
0.155433
0.148271
0.147141
0.14818
0.148885
0.149472
0.150097
0.150483
0.150604
0.150712
0.15088
0.150954
0.151066
0.151023
0.150641
0.149989
0.149438
0.148373
0.146435
0.145189
0.143868
0.148087
0.147839
0.147042
0.146336
0.145622
0.145322
0.145105
0.144602
0.144074
0.143994
0.143613
0.143603
0.143626
0.143774
0.143976
0.144396
0.145115
0.145933
0.146693
0.147351
0.147906
0.148363
0.148718
0.149035
0.149405
0.149882
0.150435
0.151023
0.151486
0.151473
0.146248
0.146326
0.146092
0.146514
0.148512
0.150422
0.148501
0.14642
0.153935
0.154407
0.14745
0.146473
0.148332
0.14941
0.150161
0.150787
0.151329
0.151705
0.151934
0.152087
0.152158
0.152243
0.152244
0.151978
0.151645
0.151378
0.151798
0.150872
0.148418
0.146253
0.144622
0.147207
0.146161
0.145335
0.144685
0.14453
0.144333
0.143936
0.143503
0.143378
0.143131
0.143242
0.143321
0.143497
0.143919
0.144776
0.14545
0.145859
0.14634
0.14688
0.147373
0.147781
0.148099
0.148388
0.148732
0.149165
0.149642
0.150138
0.150674
0.151273
0.151418
0.147098
0.145413
0.145686
0.146345
0.149397
0.148926
0.145468
0.153165
0.153513
0.145067
0.146373
0.148401
0.149648
0.150638
0.151242
0.151818
0.152336
0.15258
0.152673
0.152726
0.152773
0.152739
0.152494
0.152115
0.151723
0.151674
0.151621
0.151227
0.150022
0.146916
0.145447
0.145704
0.144566
0.14392
0.143782
0.143655
0.143355
0.142837
0.143024
0.142819
0.142933
0.143194
0.143958
0.145517
0.146604
0.147018
0.146662
0.146233
0.146453
0.14686
0.14723
0.147531
0.147808
0.148133
0.148532
0.148951
0.149372
0.149822
0.150368
0.150912
0.150892
0.146818
0.145369
0.145223
0.148301
0.150443
0.146417
0.151966
0.152334
0.14392
0.146479
0.148758
0.15002
0.150948
0.151715
0.1522
0.152636
0.152961
0.15309
0.15317
0.153243
0.153257
0.153064
0.152694
0.152051
0.150378
0.149661
0.150628
0.150484
0.148478
0.147037
0.145041
0.14387
0.142928
0.142875
0.142833
0.142613
0.142574
0.142785
0.142731
0.143085
0.144653
0.145874
0.146679
0.147255
0.147561
0.147401
0.146357
0.146016
0.14632
0.146665
0.146958
0.147227
0.147538
0.147903
0.148301
0.148673
0.14906
0.149512
0.149914
0.150274
0.15042
0.149204
0.144803
0.147973
0.148784
0.147611
0.151151
0.151369
0.144102
0.146586
0.148673
0.150066
0.150931
0.151695
0.152261
0.152761
0.153123
0.153358
0.153525
0.153681
0.153776
0.153663
0.15341
0.153014
0.152437
0.151629
0.149348
0.14844
0.149116
0.148545
0.147144
0.143732
0.142589
0.142393
0.142503
0.142331
0.142056
0.142928
0.145818
0.146167
0.146522
0.146976
0.147492
0.147821
0.147825
0.147627
0.147004
0.145619
0.145536
0.145857
0.146152
0.146458
0.146783
0.147139
0.147508
0.147851
0.148194
0.148588
0.148904
0.149136
0.149512
0.149887
0.14938
0.148376
0.147747
0.147022
0.143515
0.150642
0.144717
0.146416
0.148228
0.149623
0.150668
0.151474
0.152195
0.152809
0.15334
0.153676
0.153942
0.154192
0.154374
0.154351
0.154213
0.154011
0.153736
0.153365
0.152761
0.152278
0.151843
0.151317
0.150788
0.146383
0.142643
0.14185
0.142383
0.14209
0.142009
0.142723
0.145937
0.14718
0.147533
0.14794
0.148277
0.148325
0.147994
0.147459
0.14671
0.145112
0.144906
0.145192
0.145488
0.145787
0.146075
0.146402
0.146742
0.147044
0.147325
0.147678
0.147937
0.148072
0.14823
0.14859
0.14876
0.149402
0.148162
0.149232
0.146306
0.149521
0.142648
0.145027
0.146693
0.148973
0.150141
0.151182
0.152109
0.15293
0.153637
0.154092
0.154467
0.154796
0.155038
0.155098
0.155038
0.154935
0.154778
0.154579
0.15424
0.15395
0.153669
0.153435
0.153304
0.15325
0.146318
0.14285
0.142575
0.142884
0.142594
0.143124
0.145912
0.147594
0.148514
0.149027
0.149255
0.149036
0.148321
0.14731
0.14634
0.144512
0.143883
0.144126
0.144435
0.144753
0.145052
0.145392
0.145728
0.146026
0.146301
0.14662
0.146833
0.146928
0.147043
0.147277
0.147555
0.147738
0.148413
0.147476
0.145112
0.148521
0.148395
0.147688
0.145407
0.147332
0.149285
0.150957
0.152058
0.153166
0.154066
0.15466
0.155133
0.155496
0.15575
0.155859
0.15584
0.155779
0.155671
0.155559
0.155325
0.15511
0.154912
0.154799
0.154912
0.155294
0.156558
0.146913
0.145005
0.143915
0.143596
0.144356
0.146797
0.148622
0.149687
0.150204
0.150354
0.150008
0.149085
0.147671
0.146284
0.144403
0.142972
0.143037
0.143293
0.143564
0.143839
0.144166
0.144488
0.144787
0.14506
0.145351
0.14553
0.145607
0.145693
0.145883
0.146138
0.146297
0.146483
0.147364
0.147051
0.147026
0.147006
0.146837
0.147112
0.14165
0.149888
0.14903
0.152167
0.153621
0.154734
0.155445
0.155947
0.156268
0.156472
0.156568
0.156552
0.1565
0.156415
0.156358
0.156206
0.15606
0.155918
0.155784
0.155874
0.156217
0.15706
0.159749
0.159718
0.154879
0.144566
0.145574
0.148109
0.149762
0.150743
0.151181
0.151263
0.150873
0.149977
0.148482
0.146775
0.144974
0.142636
0.142244
0.142312
0.142429
0.142615
0.142874
0.143148
0.143419
0.143682
0.143956
0.14411
0.14418
0.144244
0.144371
0.144567
0.144688
0.144825
0.145566
0.145667
0.145292
0.14519
0.144963
0.145218
0.145871
0.146078
0.151199
0.151145
0.154324
0.155785
0.156511
0.156892
0.157043
0.157108
0.157113
0.157063
0.156997
0.156936
0.156933
0.15686
0.156795
0.156714
0.156576
0.156516
0.156641
0.156825
0.159079
0.161071
0.161209
0.148222
0.147517
0.149306
0.150763
0.151547
0.151868
0.151842
0.151363
0.150563
0.149305
0.147612
0.145888
0.14334
0.14212
0.141895
0.141754
0.141714
0.141786
0.141925
0.142099
0.142298
0.142529
0.142659
0.142729
0.142764
0.142821
0.142979
0.143052
0.143101
0.143629
0.143768
0.143574
0.143431
0.143205
0.143333
0.143824
0.144486
0.145961
0.151991
0.156354
0.15736
0.157818
0.157888
0.157714
0.157566
0.15745
0.157358
0.157287
0.157267
0.157315
0.15733
0.157354
0.157331
0.157208
0.157017
0.156765
0.156213
0.157683
0.160448
0.160588
0.163768
0.148668
0.150491
0.151346
0.151846
0.152073
0.152023
0.15142
0.150583
0.149656
0.148281
0.146666
0.144777
0.142579
0.142166
0.141879
0.141607
0.141409
0.141302
0.141279
0.141309
0.141394
0.141447
0.141481
0.141441
0.141432
0.14152
0.141567
0.141484
0.141922
0.142178
0.142054
0.141894
0.141734
0.141817
0.142237
0.142896
0.144182
0.146945
0.15861
0.158546
0.159313
0.158806
0.15824
0.157904
0.157721
0.157615
0.157534
0.157508
0.157536
0.157524
0.157472
0.15733
0.15698
0.156456
0.155615
0.154463
0.154794
0.158066
0.159978
0.160762
0.148852
0.150858
0.151376
0.151465
0.151538
0.15157
0.151097
0.150071
0.149317
0.148391
0.146997
0.145637
0.143317
0.142551
0.142452
0.142219
0.141917
0.141643
0.141441
0.141261
0.141116
0.141008
0.140896
0.140708
0.14059
0.140564
0.140487
0.140301
0.140636
0.141109
0.141015
0.140867
0.140895
0.141023
0.141496
0.142285
0.143525
0.145776
0.151654
0.159969
0.159149
0.15915
0.158687
0.158228
0.157974
0.1578
0.157627
0.15742
0.157244
0.156933
0.156416
0.155816
0.155019
0.15427
0.153391
0.152506
0.152206
0.155046
0.157866
0.15871
0.149808
0.150812
0.150739
0.150899
0.150849
0.150777
0.150401
0.149078
0.148243
0.147836
0.146909
0.1457
0.144032
0.142494
0.142693
0.142781
0.142687
0.142526
0.142346
0.14213
0.141899
0.141634
0.141338
0.140986
0.140716
0.140535
0.140324
0.140017
0.140173
0.140907
0.140819
0.1407
0.140977
0.14119
0.141732
0.142599
0.143729
0.145445
0.149109
0.163625
0.159576
0.158842
0.158844
0.158239
0.157784
0.157403
0.157046
0.156569
0.156138
0.155537
0.154662
0.153769
0.152943
0.152421
0.151993
0.151631
0.15138
0.153652
0.156721
0.158006
0.155576
0.151461
0.151948
0.152438
0.152424
0.151752
0.150751
0.148515
0.146925
0.14676
0.146503
0.145589
0.144268
0.142235
0.142419
0.142833
0.143063
0.143162
0.143189
0.143133
0.142971
0.142713
0.142395
0.142006
0.141679
0.141416
0.141157
0.140763
0.140684
0.141511
0.141414
0.141288
0.141678
0.141908
0.142415
0.143198
0.144177
0.145554
0.148264
0.158737
0.160488
0.158217
0.158077
0.157399
0.156741
0.156168
0.155683
0.155095
0.154567
0.153963
0.153159
0.152308
0.151673
0.151493
0.151492
0.151507
0.151442
0.15328
0.156408
0.15779
0.156334
0.15236
0.153639
0.154325
0.154283
0.153434
0.151874
0.148742
0.14694
0.146435
0.146141
0.145683
0.144495
0.142362
0.142378
0.142873
0.143239
0.14351
0.143717
0.143822
0.143763
0.143572
0.143317
0.142986
0.142702
0.142555
0.142366
0.141841
0.141579
0.142292
0.142175
0.141987
0.142331
0.142508
0.142945
0.143636
0.144556
0.145841
0.148257
0.152903
0.162205
0.156382
0.156242
0.155866
0.155304
0.154738
0.154276
0.153733
0.153301
0.152632
0.152014
0.151465
0.15102
0.15114
0.151465
0.151678
0.151762
0.153339
0.156376
0.157811
0.156803
0.153182
0.154405
0.155075
0.155336
0.154694
0.152963
0.149916
0.14853
0.147541
0.146792
0.146228
0.144665
0.142945
0.143428
0.143908
0.14401
0.144281
0.144554
0.144571
0.144441
0.1442
0.144014
0.143776
0.143485
0.143476
0.143422
0.142698
0.142262
0.142831
0.14269
0.142427
0.142711
0.142848
0.143257
0.143941
0.1449
0.146207
0.148507
0.152536
0.163431
0.154495
0.153789
0.153902
0.153661
0.153212
0.152876
0.15247
0.152216
0.151723
0.151215
0.150779
0.150493
0.150875
0.151464
0.151825
0.152046
0.153673
0.156454
0.157951
0.157163
0.148315
0.155559
0.155626
0.156113
0.155671
0.154181
0.151667
0.149957
0.14929
0.148394
0.146994
0.144782
0.14457
0.14513
0.145987
0.145894
0.146054
0.146138
0.14577
0.14531
0.144753
0.144765
0.14478
0.144276
0.144345
0.144414
0.143382
0.142705
0.143137
0.142954
0.142664
0.142959
0.143104
0.143551
0.144267
0.145203
0.146488
0.148539
0.15164
0.156507
0.154064
0.152673
0.151405
0.151835
0.151722
0.151647
0.151363
0.151288
0.150855
0.15054
0.150274
0.15003
0.150617
0.151401
0.15188
0.152254
0.153994
0.156628
0.158128
0.158139
0.159365
0.1558
0.156444
0.15667
0.155966
0.155427
0.153278
0.14967
0.150835
0.155102
0.151109
0.15054
0.148943
0.147997
0.148713
0.149356
0.149191
0.14873
0.147167
0.146359
0.145615
0.14582
0.145762
0.145197
0.145114
0.145049
0.143864
0.143065
0.143267
0.14299
0.142819
0.143263
0.143482
0.143826
0.144808
0.145785
0.147186
0.148707
0.151064
0.142457
0.15444
0.148685
0.162008
0.162225
0.162507
0.162716
0.148024
0.14897
0.148576
0.148826
0.148985
0.148924
0.14994
0.15093
0.151748
0.152329
0.154216
0.156739
0.158388
0.158749
0.160068
0.162079
0.162418
0.161816
0.161815
0.159897
0.158679
0.158551
0.157148
0.156053
0.155523
0.155292
0.155353
0.158882
0.155282
0.149106
0.149382
0.148435
0.146792
0.143921
0.14895
0.147414
0.146754
0.145894
0.145349
0.145195
0.144386
0.143592
0.143857
0.143264
0.143173
0.143504
0.143892
0.143542
0.142985
0.142523
0.142206
0.14206
0.141901
0.151389
0.141706
0.154363
0.156054
0.160969
0.161461
0.148333
0.161991
0.148083
0.147035
0.147454
0.1476
0.16253
0.162875
0.146359
0.150425
0.151831
0.15428
0.156497
0.157648
0.159172
0.159632
0.161039
0.162422
0.162181
0.157954
0.160768
0.160486
0.160177
0.159484
0.158853
0.158334
0.157957
0.157798
0.157639
0.154165
0.145941
0.146198
0.145357
0.144536
0.143927
0.14357
0.143026
0.142969
0.143388
0.143605
0.143102
0.144105
0.144818
0.145282
0.145195
0.145536
0.145678
0.145904
0.145603
0.145327
0.145033
0.144761
0.14454
0.144079
0.143718
0.1434
0.142624
0.141932
0.141271
0.158397
0.158553
0.161086
0.162337
0.162823
0.147483
0.148578
0.148862
0.149389
0.150108
0.151272
0.153207
0.155299
0.156681
0.162027
0.1613
0.160536
0.160103
0.159636
0.1589
0.157899
0.157626
0.157493
0.157187
0.156669
0.144192
0.144508
0.144912
0.145017
0.145155
0.145387
0.145339
0.145396
0.145486
0.145596
0.145542
0.145382
0.145268
0.144999
0.144879
0.144676
0.144608
0.144697
0.144972
0.144409
0.144995
0.144872
0.144944
0.144944
0.145054
0.144962
0.144857
0.144794
0.144778
0.144851
0.144979
0.14492
0.1442
0.142161
0.150866
0.154482
0.155437
0.156774
0.157464
0.157802
0.157984
0.157996
0.157864
0.157547
0.157359
0.15883
0.160893
0.162496
0.161749
0.155904
0.155101
0.154629
0.15456
0.154649
0.154742
0.154231
0.15355
0.153166
0.152493
0.142113
0.145191
0.145685
0.145418
0.145058
0.144779
0.144217
0.142233
0.137731
0.133006
0.130302
0.129335
0.128624
0.128017
0.127423
0.127173
0.126968
0.126915
0.126692
0.126656
0.12646
0.126779
0.12661
0.126641
0.126722
0.126903
0.127062
0.127305
0.127721
0.128445
0.129815
0.132883
0.140038
0.145782
0.137315
0.156942
0.156447
0.155788
0.155879
0.156158
0.155953
0.155133
0.154441
0.154248
0.154426
0.154985
0.155648
0.155517
0.155641
0.156237
0.146803
0.146463
0.146332
0.146356
0.146475
0.146698
0.147178
0.148141
0.149685
0.151688
0.154327
0.153747
0.14722
0.147067
0.144935
0.142462
0.138797
0.135941
0.133105
0.130092
0.128867
0.128404
0.127842
0.1273
0.126861
0.126636
0.126455
0.126187
0.125851
0.125783
0.125974
0.126038
0.125933
0.12591
0.125972
0.126212
0.126601
0.127148
0.127881
0.128871
0.130561
0.133792
0.140488
0.144686
0.155797
0.15843
0.157908
0.15705
0.156919
0.157219
0.157047
0.1559
0.155033
0.154508
0.153979
0.153114
0.151919
0.150631
0.149259
0.147883
0.150909
0.151403
0.152206
0.152495
0.152569
0.152514
0.152615
0.152783
0.153363
0.154204
0.155243
0.156688
0.157772
0.155674
0.148963
0.146424
0.142958
0.141359
0.138151
0.134297
0.132059
0.130802
0.129844
0.129206
0.128697
0.128087
0.127819
0.127216
0.12628
0.126048
0.126424
0.126481
0.12632
0.12634
0.126388
0.126688
0.127246
0.128022
0.129089
0.130726
0.133715
0.140117
0.145593
0.155746
0.157831
0.157903
0.15698
0.156456
0.156482
0.156591
0.156244
0.155633
0.155288
0.155062
0.154813
0.154344
0.153674
0.15294
0.151864
0.150865
0.153743
0.154515
0.155154
0.155146
0.154886
0.154529
0.154327
0.154158
0.154318
0.154787
0.155419
0.156217
0.156746
0.156011
0.15402
0.148574
0.145423
0.141614
0.141531
0.141526
0.138398
0.133731
0.13145
0.130337
0.129732
0.128924
0.128837
0.127936
0.126469
0.126025
0.126524
0.126506
0.126333
0.126437
0.126573
0.126836
0.127363
0.154201
0.156638
0.155015
0.153763
0.153226
0.146265
0.151053
0.153038
0.153961
0.15451
0.15576
0.155452
0.155479
0.155952
0.155636
0.156264
0.154946
0.1544
0.153991
0.153669
0.153381
0.15299
0.152949
0.154304
0.155094
0.15546
0.154921
0.153194
0.152332
0.151845
0.151232
0.150568
0.150158
0.150357
0.150213
0.147418
0.155457
0.155886
0.156242
0.156568
0.156765
0.157212
0.157307
0.157628
0.158144
0.158684
0.159177
0.159605
0.159981
0.159993
0.160039
0.160807
0.161168
0.161074
0.160332
0.160314
0.159785
0.159217
0.158438
0.157461
0.156182
0.154655
0.153325
0.151759
0.150948
0.146473
0.152172
0.155389
0.155464
0.155647
0.155369
0.155232
0.155133
0.15502
0.154942
0.157086
0.154264
0.153546
0.152752
0.152309
0.152332
0.152653
0.153371
0.150836
0.149913
0.150804
0.151271
0.15126
0.151062
0.150851
0.150621
0.15046
0.150445
0.15039
0.150209
0.150028
0.149002
0.14363
0.153634
0.154949
0.155329
0.155729
0.155907
0.156429
0.156902
0.157262
0.15772
0.158191
0.158646
0.158713
0.158759
0.159392
0.159644
0.159476
0.158782
0.158749
0.158187
0.157566
0.156743
0.155662
0.154324
0.152751
0.151424
0.150074
0.139878
0.151559
0.152837
0.155788
0.155864
0.155931
0.155585
0.15517
0.154814
0.154628
0.154613
0.155075
0.154221
0.153951
0.153262
0.153167
0.153079
0.152482
0.15179
0.149672
0.150655
0.151308
0.151449
0.151355
0.15123
0.151001
0.150738
0.150468
0.150173
0.14985
0.149438
0.14895
0.148626
0.148598
0.148464
0.14407
0.152485
0.153972
0.154596
0.15516
0.155611
0.155876
0.156108
0.156445
0.156858
0.156971
0.157044
0.157478
0.157786
0.157537
0.156916
0.157049
0.156529
0.155942
0.155095
0.153951
0.152615
0.151197
0.150145
0.149891
0.146562
0.150881
0.153704
0.156451
0.156316
0.156157
0.155624
0.154991
0.154464
0.154217
0.154203
0.154094
0.155228
0.154129
0.153421
0.153457
0.153198
0.152252
0.151173
0.15055
0.151195
0.151526
0.151528
0.151361
0.151188
0.150964
0.150796
0.150577
0.150318
0.149999
0.149554
0.14887
0.148364
0.148344
0.148753
0.148222
0.14257
0.152384
0.153364
0.153695
0.153965
0.154449
0.154839
0.155197
0.155423
0.155535
0.155647
0.155757
0.155832
0.155812
0.15515
0.155473
0.155014
0.15448
0.153514
0.152147
0.150777
0.149731
0.149665
0.142734
0.149559
0.157028
0.156083
0.156488
0.156654
0.156314
0.155553
0.154777
0.154072
0.153899
0.153996
0.153677
0.153293
0.151221
0.150665
0.149963
0.154369
0.150834
0.149784
0.150974
0.151419
0.151752
0.15183
0.151768
0.151405
0.150815
0.150878
0.150697
0.150469
0.150182
0.149763
0.148994
0.148283
0.148549
0.149581
0.149146
0.147022
0.142381
0.152082
0.152526
0.152659
0.152739
0.153149
0.153451
0.153759
0.154097
0.154271
0.154317
0.154041
0.154103
0.153671
0.154044
0.153688
0.153206
0.152104
0.150653
0.149585
0.149767
0.148839
0.148325
0.137692
0.151541
0.154277
0.155761
0.156665
0.156419
0.155225
0.15453
0.154449
0.154241
0.153209
0.152035
0.151446
0.150839
0.15021
0.150133
0.150535
0.15068
0.150741
0.150925
0.1514
0.151198
0.151721
0.151354
0.150849
0.150667
0.150813
0.150899
0.150648
0.150383
0.149989
0.149103
0.148492
0.149048
0.14977
0.149185
0.148049
0.143867
0.150237
0.151428
0.151481
0.151568
0.15185
0.152085
0.152175
0.152517
0.152906
0.152953
0.152772
0.152643
0.152382
0.153347
0.153214
0.152894
0.151668
0.149791
0.150268
0.149044
0.150246
0.138023
0.137238
0.151073
0.15324
0.15468
0.155932
0.155336
0.154714
0.155086
0.15593
0.152973
0.152399
0.151887
0.151474
0.151052
0.150691
0.15097
0.151786
0.151599
0.151494
0.152016
0.152033
0.152041
0.152149
0.151938
0.151675
0.151266
0.150897
0.151082
0.150832
0.150389
0.150029
0.149061
0.149294
0.150455
0.15032
0.14968
0.148539
0.146316
0.145092
0.150263
0.150436
0.150375
0.150622
0.150941
0.151119
0.151272
0.151484
0.151632
0.15169
0.151872
0.151829
0.153204
0.153978
0.153643
0.150916
0.151055
0.151299
0.151127
0.152078
0.138108
0.151198
0.152494
0.153614
0.154413
0.155431
0.154979
0.155091
0.155706
0.153815
0.15304
0.152481
0.152007
0.151741
0.151534
0.151382
0.151895
0.152634
0.151869
0.151968
0.152446
0.152319
0.152088
0.15211
0.152138
0.151846
0.150901
0.151285
0.151322
0.150982
0.150599
0.149972
0.148999
0.150343
0.150836
0.150654
0.150066
0.148987
0.147144
0.142329
0.14938
0.149273
0.149122
0.14925
0.149879
0.150061
0.150582
0.151898
0.152036
0.150622
0.15095
0.151623
0.139999
0.152707
0.153472
0.152923
0.154125
0.153107
0.141601
0.139046
0.151556
0.153216
0.154069
0.154622
0.154493
0.154725
0.154394
0.154774
0.154879
0.154053
0.153299
0.152827
0.152469
0.152325
0.152252
0.152258
0.152513
0.154086
0.152549
0.152453
0.152552
0.151504
0.151699
0.151837
0.152048
0.151972
0.151624
0.150891
0.151166
0.150807
0.15039
0.149692
0.148789
0.150415
0.150738
0.150517
0.149958
0.149115
0.145933
0.147822
0.14821
0.147953
0.147887
0.148654
0.149839
0.150526
0.145111
0.152114
0.151206
0.151424
0.152173
0.152202
0.154359
0.157247
0.153927
0.153805
0.154022
0.154304
0.154074
0.156524
0.155793
0.156125
0.155891
0.155166
0.154177
0.154287
0.153912
0.154093
0.15484
0.154509
0.153782
0.15328
0.153012
0.153072
0.153228
0.153161
0.153393
0.153618
0.152958
0.152827
0.152874
0.152774
0.152723
0.152682
0.152875
0.15228
0.151988
0.150673
0.151872
0.151585
0.151011
0.149742
0.150409
0.151332
0.151426
0.151183
0.150716
0.150567
0.155039
0.151329
0.147666
0.14672
0.147633
0.149594
0.14985
0.150937
0.151889
0.151197
0.151763
0.152294
0.153333
0.154964
0.140942
0.158982
0.158446
0.154152
0.153814
0.154793
0.155689
0.155968
0.155654
0.155503
0.155201
0.153911
0.15233
0.153129
0.153701
0.154433
0.154379
0.154609
0.154396
0.153955
0.153713
0.15355
0.15357
0.15375
0.153078
0.152874
0.15383
0.153353
0.152948
0.15274
0.15278
0.152312
0.151063
0.150873
0.151217
0.150629
0.146392
0.149875
0.149701
0.149102
0.148517
0.147699
0.143935
0.147003
0.147405
0.147467
0.147076
0.15272
0.150646
0.146644
0.147437
0.149628
0.15036
0.151988
0.151659
0.152532
0.153127
0.153699
0.154532
0.158124
0.144222
0.141682
0.141494
0.155852
0.156373
0.156388
0.156263
0.156131
0.155587
0.155826
0.158818
0.158986
0.157564
0.156993
0.157168
0.155958
0.154555
0.154947
0.155126
0.155145
0.154839
0.154384
0.154253
0.152857
0.153636
0.153671
0.15349
0.152623
0.15544
0.151921
0.151973
0.151737
0.151249
0.150986
0.151577
0.151084
0.15085
0.15016
0.149787
0.149222
0.148615
0.14782
0.144606
0.146487
0.146671
0.146383
0.146338
0.146293
0.142528
0.143048
0.144351
0.145165
0.147124
0.152999
0.155267
0.152659
0.156977
0.157979
0.158524
0.154761
0.143964
0.141479
0.15616
0.156385
0.156826
0.156759
0.156575
0.156429
0.158162
0.158518
0.159126
0.159684
0.158951
0.158563
0.158454
0.156725
0.155392
0.155645
0.155637
0.155529
0.154872
0.15434
0.154589
0.152432
0.153624
0.153948
0.154105
0.153668
0.153154
0.152077
0.152387
0.152777
0.153241
0.152694
0.152265
0.149001
0.150215
0.148813
0.146311
0.145693
0.14582
0.145854
0.145979
0.145977
0.145796
0.14545
0.145183
0.145272
0.145316
0.14546
0.146283
0.148747
0.149599
0.155663
0.155898
0.156149
0.156488
0.155216
0.155953
0.157769
0.158031
0.156842
0.157818
0.157412
0.157799
0.157741
0.157592
0.157423
0.156947
0.156556
0.156083
0.155758
0.16231
0.163743
0.162655
0.158797
0.156531
0.156335
0.156415
0.155867
0.154432
0.153917
0.152035
0.152363
0.153932
0.154341
0.154004
0.153883
0.153416
0.152324
0.152806
0.153505
0.154071
0.153831
0.153503
0.152918
0.152014
0.150882
0.146063
0.145687
0.145411
0.145349
0.14524
0.145064
0.144861
0.144574
0.144329
0.144156
0.144162
0.144491
0.145762
0.149175
0.151034
0.154024
0.156761
0.157585
0.158338
0.158702
0.159156
0.158968
0.158945
0.157492
0.15787
0.158525
0.158689
0.158545
0.158377
0.158174
0.157741
0.157342
0.156889
0.15625
0.155541
0.155186
0.154392
0.161414
0.157897
0.157005
0.157049
0.155771
0.153977
0.153695
0.15118
0.152148
0.155356
0.154779
0.154823
0.154151
0.153161
0.152746
0.153298
0.153824
0.154133
0.154023
0.153715
0.153356
0.152967
0.152199
0.150407
0.147271
0.144696
0.1446
0.144342
0.144079
0.143852
0.143688
0.143671
0.143634
0.143598
0.143855
0.1452
0.149454
0.151269
0.157368
0.158183
0.158877
0.159547
0.159741
0.159987
0.159957
0.159855
0.159241
0.159109
0.159404
0.159417
0.159216
0.158985
0.158707
0.158292
0.157843
0.157324
0.156707
0.156131
0.155851
0.155135
0.153295
0.162402
0.157894
0.157593
0.155554
0.154039
0.151613
0.150946
0.151987
0.155721
0.155574
0.154427
0.154569
0.153061
0.153307
0.153611
0.153851
0.15406
0.154042
0.153599
0.153146
0.152885
0.152647
0.151771
0.149411
0.145125
0.143871
0.143491
0.143139
0.142881
0.142906
0.143278
0.143546
0.14377
0.144176
0.145845
0.149939
0.151561
0.158091
0.159641
0.16018
0.160696
0.160629
0.160737
0.160723
0.160576
0.160169
0.160009
0.16008
0.159992
0.159741
0.159437
0.159087
0.158638
0.158129
0.157557
0.156947
0.156459
0.156278
0.154478
0.153738
0.151262
0.159568
0.158115
0.155569
0.154654
0.15115
0.151043
0.153376
0.156548
0.156977
0.154237
0.155742
0.154084
0.154179
0.154174
0.154135
0.15413
0.154154
0.153747
0.153081
0.152646
0.152462
0.152111
0.150726
0.147545
0.14349
0.14285
0.142416
0.142527
0.14236
0.14312
0.143986
0.144623
0.145629
0.148124
0.150939
0.155492
0.160151
0.160938
0.161408
0.161704
0.161598
0.161538
0.161404
0.161175
0.160754
0.160468
0.160411
0.160262
0.159971
0.159634
0.159253
0.158781
0.158261
0.157701
0.15714
0.156717
0.156438
0.153735
0.152434
0.151845
0.152652
0.158472
0.156184
0.155289
0.159964
0.151737
0.158686
0.157842
0.154771
0.160873
0.154164
0.155331
0.155124
0.154923
0.154715
0.154584
0.154607
0.154429
0.153784
0.152971
0.152611
0.152304
0.151645
0.149544
0.1449
0.142635
0.142022
0.141806
0.143223
0.143736
0.145452
0.146883
0.149226
0.155468
0.159308
0.158637
0.163625
0.161881
0.162294
0.162464
0.162315
0.162154
0.161836
0.161358
0.160813
0.160428
0.160259
0.160071
0.159827
0.159531
0.159223
0.158813
0.158341
0.15782
0.157293
0.156844
0.156203
0.152491
0.149262
0.151522
0.154501
0.158691
0.157317
0.158222
0.160752
0.153965
0.161262
0.155952
0.15606
0.156224
0.155526
0.156321
0.156009
0.155778
0.155548
0.155384
0.155323
0.155241
0.154959
0.154069
0.153212
0.152731
0.152208
0.151248
0.147927
0.14273
0.142065
0.141668
0.142369
0.144173
0.14788
0.150885
0.150222
0.160989
0.16191
0.164265
0.163381
0.162429
0.162829
0.162868
0.162562
0.162249
0.161846
0.161249
0.160634
0.160227
0.160017
0.159777
0.159485
0.159161
0.158923
0.158657
0.158315
0.157852
0.157316
0.156791
0.155848
0.15087
0.163112
0.148975
0.154481
0.159226
0.158563
0.158683
0.155573
0.150606
0.158083
0.157451
0.157189
0.156972
0.156643
0.156927
0.156665
0.156482
0.156305
0.15618
0.156097
0.155978
0.155888
0.15551
0.154382
0.153353
0.152754
0.152096
0.150435
0.145279
0.142273
0.141881
0.142036
0.146036
0.158744
0.15979
0.159059
0.158977
0.15994
0.162084
0.162709
0.162594
0.162945
0.162834
0.162451
0.162104
0.161721
0.161119
0.160517
0.16011
0.159904
0.159657
0.159314
0.158855
0.158445
0.158129
0.157974
0.157643
0.157079
0.156456
0.155481
0.148287
0.161693
0.162557
0.154358
0.159469
0.154115
0.152097
0.155872
0.152637
0.158008
0.158054
0.157718
0.157354
0.157181
0.157263
0.157073
0.156946
0.156828
0.156755
0.156695
0.156588
0.156485
0.156381
0.155815
0.154158
0.15321
0.152564
0.151651
0.148287
0.142557
0.142224
0.142124
0.144792
0.158206
0.157345
0.15729
0.157831
0.158906
0.160656
0.161797
0.162243
0.162534
0.162426
0.16211
0.161727
0.161362
0.16068
0.15991
0.16361
0.159074
0.159085
0.15888
0.158429
0.157882
0.157293
0.157046
0.156982
0.156505
0.155797
0.154791
0.163756
0.162174
0.159711
0.16139
0.15835
0.153881
0.152367
0.155654
0.153555
0.158367
0.15816
0.157926
0.157629
0.157457
0.157485
0.157332
0.157236
0.157157
0.157122
0.157092
0.157019
0.156929
0.156831
0.156652
0.155428
0.153537
0.152805
0.152053
0.150301
0.143546
0.142514
0.142269
0.143945
0.157613
0.156149
0.156593
0.157359
0.158316
0.159433
0.160041
0.160438
0.160676
0.160645
0.160627
0.16282
0.162477
0.162131
0.162105
0.162326
0.162759
0.163346
0.164112
0.164681
0.156355
0.156032
0.155744
0.155693
0.155551
0.154778
0.153162
0.1632
0.162435
0.158977
0.160392
0.157665
0.153413
0.152501
0.15416
0.153794
0.158777
0.158483
0.158075
0.157867
0.157653
0.157647
0.157502
0.157415
0.157362
0.157344
0.15734
0.157302
0.157244
0.157158
0.157042
0.156407
0.153793
0.152862
0.152103
0.151013
0.145906
0.142677
0.142357
0.14407
0.157043
0.155907
0.156556
0.157411
0.162139
0.162163
0.160612
0.160492
0.160206
0.160623
0.16111
0.161303
0.161515
0.16163
0.161753
0.161988
0.162302
0.162691
0.163165
0.163573
0.163803
0.16372
0.163952
0.153537
0.153242
0.16251
0.161828
0.162823
0.162475
0.158589
0.159742
0.157869
0.153264
0.152565
0.153484
0.153809
0.156296
0.159057
0.158227
0.158067
0.157804
0.157743
0.157584
0.157498
0.157461
0.157449
0.157465
0.157461
0.157445
0.157395
0.1573
0.156763
0.153691
0.152516
0.151602
0.150873
0.146792
0.142687
0.142566
0.145091
0.156185
0.162864
0.161492
0.160309
0.15981
0.159739
0.159012
0.157092
0.153798
0.159425
0.160529
0.160917
0.161217
0.1613
0.161402
0.161597
0.161819
0.162115
0.16248
0.162833
0.163101
0.163165
0.163041
0.163155
0.162837
0.162092
0.161054
0.162137
0.162362
0.158615
0.159038
0.15848
0.153111
0.152615
0.153306
0.153889
0.155046
0.156459
0.158357
0.158219
0.157893
0.157727
0.15752
0.157429
0.157406
0.157397
0.157436
0.157469
0.157517
0.157545
0.157471
0.154709
0.157342
0.15544
0.155041
0.154312
0.152567
0.142317
0.142174
0.145248
0.141223
0.155638
0.158869
0.158711
0.15903
0.157681
0.146444
0.146585
0.14848
0.154416
0.162725
0.160081
0.161064
0.16121
0.160942
0.161028
0.16118
0.161388
0.161635
0.16192
0.162173
0.162338
0.162353
0.162224
0.162187
0.161375
0.160751
0.161211
0.161823
0.158446
0.15799
0.159378
0.152677
0.152697
0.153404
0.154186
0.155085
0.155834
0.158485
0.158379
0.157867
0.157965
0.157387
0.157244
0.157268
0.15722
0.157323
0.157465
0.157538
0.157913
0.156626
0.155735
0.154987
0.154684
0.152346
0.149709
0.148977
0.148712
0.148402
0.147307
0.143369
0.142183
0.141488
0.142156
0.143173
0.142034
0.143422
0.144903
0.146065
0.147813
0.151408
0.162489
0.160897
0.160851
0.160567
0.160465
0.160293
0.160448
0.160594
0.160779
0.160954
0.161122
0.161219
0.1611
0.160748
0.16075
0.160281
0.160144
0.161488
0.160306
0.157413
0.159056
0.151936
0.152958
0.153775
0.15476
0.155753
0.156417
0.158475
0.158929
0.158158
0.158932
0.15927
0.159445
0.159376
0.159505
0.159262
0.15886
0.158159
0.157282
0.156405
0.155545
0.155057
0.153627
0.150545
0.148795
0.14823
0.147753
0.14769
0.146886
0.144786
0.143547
0.143351
0.142369
0.140486
0.140809
0.141793
0.142723
0.144397
0.146555
0.147368
0.152225
0.161516
0.16125
0.160604
0.160122
0.159807
0.159657
0.159619
0.159704
0.159763
0.159842
0.159919
0.159795
0.159509
0.159889
0.159692
0.159345
0.161009
0.158971
0.156452
0.158327
0.151997
0.153603
0.154493
0.155585
0.156592
0.157174
0.158143
0.158563
0.158952
0.159006
0.159112
0.159163
0.159131
0.159118
0.158941
0.158592
0.158064
0.157103
0.156271
0.155607
0.154836
0.152589
0.15034
0.149009
0.147636
0.146396
0.145834
0.144254
0.138966
0.131568
0.130711
0.131516
0.130608
0.133043
0.133875
0.134657
0.136723
0.141199
0.144244
0.146332
0.162082
0.162368
0.161225
0.16039
0.159736
0.159325
0.159118
0.158954
0.158866
0.158741
0.158549
0.158483
0.158323
0.158778
0.158575
0.158248
0.160078
0.158772
0.155567
0.157472
0.151126
0.154318
0.155348
0.156548
0.157473
0.158014
0.158495
0.158759
0.158796
0.158851
0.158921
0.15895
0.158919
0.158863
0.158712
0.15848
0.158076
0.157344
0.156515
0.156014
0.153808
0.15138
0.149215
0.147183
0.145135
0.142926
0.13947
0.131884
0.128812
0.127388
0.126594
0.127523
0.127614
0.128118
0.129868
0.130626
0.13128
0.133715
0.136519
0.138591
0.163138
0.163336
0.161904
0.160954
0.160208
0.159721
0.15938
0.159076
0.158872
0.158498
0.157826
0.157205
0.157519
0.157534
0.15704
0.156866
0.15834
0.156558
0.154451
0.154944
0.156208
0.149987
0.154592
0.15574
0.156951
0.157806
0.15839
0.158657
0.158776
0.158439
0.158691
0.158786
0.158784
0.158732
0.158549
0.158277
0.157826
0.156956
0.155993
0.155149
0.152656
0.149824
0.147638
0.145459
0.142997
0.135619
0.130257
0.128353
0.127686
0.127291
0.126031
0.126165
0.126583
0.127707
0.128686
0.129022
0.126662
0.126609
0.164888
0.164352
0.16546
0.164194
0.162861
0.161899
0.160998
0.160406
0.159945
0.159568
0.15911
0.157795
0.15787
0.158315
0.158007
0.157263
0.156932
0.15796
0.156896
0.154316
0.152232
0.151865
0.153348
0.154969
0.138546
0.149229
0.152994
0.15445
0.155922
0.157527
0.158146
0.155616
0.156576
0.15706
0.157157
0.157131
0.156961
0.156756
0.156624
0.156062
0.154723
0.152241
0.148568
0.146072
0.141788
0.13395
0.129947
0.128002
0.127429
0.126969
0.127069
0.127398
0.127202
0.126145
0.126238
0.12767
0.127118
0.127716
0.161732
0.158932
0.160339
0.164459
0.165184
0.16451
0.164028
0.162895
0.161456
0.160396
0.159074
0.158028
0.158473
0.158666
0.158356
0.157822
0.157197
0.157867
0.158514
0.157641
0.155911
0.153885
0.152059
0.151258
0.152452
0.153189
0.153878
0.142246
0.145399
0.145496
0.148504
0.153303
0.154791
0.149896
0.151865
0.153297
0.154007
0.154355
0.154094
0.153578
0.15368
0.151781
0.149552
0.148147
0.145471
0.141279
0.136171
0.130794
0.128945
0.127682
0.126968
0.126951
0.12724
0.12769
0.127862
0.126927
0.126278
0.126468
0.127884
0.126187
0.16499
0.158849
0.160013
0.163737
0.161909
0.161622
0.161727
0.159479
0.15845
0.15871
0.158878
0.158757
0.158367
0.157932
0.157622
0.158028
0.159152
0.159507
0.158782
0.157473
0.155725
0.154124
0.15262
0.152813
0.146821
0.145821
0.145664
0.145832
0.146066
0.146356
0.145986
0.147243
0.148476
0.144562
0.145138
0.145787
0.146724
0.147683
0.147578
0.144044
0.144437
0.147161
0.139961
0.140253
0.137838
0.134647
0.131968
0.129836
0.128704
0.12755
0.126852
0.127207
0.127598
0.127999
0.128251
0.127651
0.126455
0.126582
0.128057
0.126289
0.165195
0.159793
0.158753
0.157476
0.157841
0.158412
0.158767
0.158843
0.158737
0.158605
0.158534
0.15856
0.158805
0.159318
0.1602
0.161085
0.16157
0.161686
0.159472
0.158692
0.157762
0.156099
0.154227
0.147621
0.142394
0.132243
0.130269
0.129985
0.130001
0.130895
0.134704
0.139174
0.142572
0.128778
0.129163
0.129489
0.130199
0.131243
0.131132
0.132207
0.132141
0.132121
0.132399
0.132607
0.132624
0.13156
0.1304
0.129593
0.128589
0.127586
0.127031
0.127552
0.127968
0.12823
0.128516
0.127967
0.126426
0.127499
0.127997
0.164665
0.159273
0.158004
0.158131
0.157035
0.157156
0.157464
0.157447
0.157213
0.157143
0.157191
0.157412
0.157921
0.158769
0.159168
0.159803
0.159593
0.159409
0.159052
0.158353
0.157298
0.155894
0.153948
0.151382
0.156289
0.156789
0.158477
0.159549
0.13014
0.129114
0.128473
0.128051
0.128193
0.128439
0.127516
0.127588
0.127665
0.127729
0.128161
0.12849
0.12896
0.129209
0.129533
0.130231
0.130636
0.130988
0.130749
0.130122
0.129495
0.128631
0.127916
0.127404
0.127889
0.128294
0.128465
0.128775
0.128018
0.127779
0.136594
0.163026
0.158791
0.158319
0.158859
0.158772
0.15757
0.155626
0.155637
0.15601
0.156254
0.156386
0.156512
0.156745
0.157166
0.16155
0.159725
0.159508
0.159373
0.15918
0.15871
0.157854
0.156653
0.155301
0.153393
0.154818
0.157139
0.157341
0.158968
0.160441
0.160571
0.159618
0.138964
0.129065
0.128153
0.127726
0.12878
0.128771
0.128333
0.128094
0.127828
0.128094
0.127897
0.128433
0.128746
0.129431
0.130022
0.130274
0.130121
0.129665
0.129154
0.128552
0.128192
0.127848
0.128284
0.128643
0.128772
0.129272
0.12815
0.131392
0.163091
0.160851
0.158584
0.158498
0.15922
0.158923
0.155712
0.15576
0.155793
0.156125
0.156374
0.156571
0.157006
0.157783
0.158977
0.160132
0.159431
0.159289
0.159137
0.158849
0.158272
0.157434
0.156409
0.15539
0.153809
0.156906
0.157571
0.158155
0.159821
0.160948
0.16117
0.160854
0.160067
0.158653
0.155777
0.130118
0.192784
0.130087
0.131982
0.131275
0.130295
0.129147
0.129106
0.129256
0.128853
0.128794
0.129031
0.129397
0.129408
0.12921
0.128937
0.128544
0.128399
0.12833
0.1287
0.12896
0.129181
0.129824
0.128228
0.13251
0.1634
0.159132
0.158543
0.159083
0.159588
0.157806
0.155929
0.155902
0.155981
0.156293
0.156577
0.1571
0.158307
0.160189
0.16138
0.159541
0.159091
0.158938
0.158675
0.158274
0.157753
0.157158
0.156445
0.155361
0.154405
0.158327
0.158248
0.159162
0.160762
0.161446
0.161494
0.161127
0.160501
0.159789
0.158845
0.157499
0.155964
0.156975
0.131844
0.132755
0.131809
0.13109
0.130798
0.130897
0.130419
0.130058
0.129648
0.129345
0.129212
0.129197
0.129117
0.128924
0.128966
0.129023
0.129208
0.129384
0.139937
0.12996
0.128785
0.162214
0.160482
0.15834
0.158865
0.159794
0.159966
0.157724
0.15619
0.156233
0.156282
0.15659
0.157156
0.158919
0.161496
0.163646
0.163728
0.159012
0.158645
0.158365
0.157988
0.157673
0.157618
0.157129
0.156384
0.155857
0.155141
0.159169
0.159071
0.160028
0.159895
0.160709
0.160854
0.160579
0.160145
0.159503
0.158774
0.157813
0.157415
0.156202
0.235264
0.240507
0.23741
0.172102
0.130547
0.130657
0.130929
0.1315
0.13138
0.130914
0.130416
0.130132
0.129977
0.12983
0.129811
0.129774
0.143955
0.194797
0.154891
0.129983
0.12953
0.163254
0.158678
0.158245
0.159594
0.160634
0.1607
0.158526
0.156578
0.156871
0.157007
0.157461
0.159411
0.162817
0.164698
0.166006
0.160499
0.158319
0.157698
0.157383
0.157274
0.157518
0.157208
0.156561
0.156713
0.156748
0.156463
0.160389
0.160107
0.160578
0.161174
0.161551
0.161312
0.160599
0.159885
0.159042
0.158598
0.157702
0.156446
0.155172
0.268841
0.268459
0.268883
0.257039
0.244323
0.233087
0.179069
0.135401
0.131583
0.132457
0.132209
0.131767
0.135058
0.165795
0.195466
0.222396
0.233891
0.233866
0.141723
0.129517
0.154889
0.157576
0.157729
0.158475
0.160586
0.161542
0.162013
0.160597
0.15764
0.158648
0.159342
0.160912
0.164662
0.166846
0.167422
0.167277
0.159187
0.157685
0.158484
0.157704
0.158188
0.157879
0.157192
0.157181
0.157587
0.157334
0.156095
0.160146
0.159916
0.159907
0.161442
0.161329
0.16086
0.160037
0.159346
0.158559
0.158053
0.157241
0.155291
0.154426
0.280408
0.280484
0.281214
0.277161
0.272602
0.269761
0.25991
0.255329
0.245415
0.241386
0.240844
0.245844
0.249001
0.251313
0.252823
0.255586
0.255999
0.246075
0.131365
0.129673
0.161304
0.156779
0.157444
0.159021
0.161646
0.162405
0.163632
0.163806
0.160625
0.163602
0.164822
0.166238
0.167869
0.168369
0.168235
0.168304
0.157543
0.156861
0.156598
0.157144
0.156717
0.155974
0.156265
0.157652
0.158378
0.158358
0.154827
0.161983
0.161872
0.161776
0.161621
0.160992
0.160254
0.159332
0.158622
0.157849
0.157303
0.156469
0.154164
0.153653
0.286691
0.286624
0.28684
0.285065
0.282569
0.281694
0.27819
0.277187
0.274145
0.272087
0.269779
0.269664
0.27003
0.270884
0.269916
0.267221
0.264812
0.244625
0.130096
0.145133
0.156847
0.1584
0.158303
0.1609
0.162834
0.163183
0.164911
0.166095
0.165495
0.16762
0.167759
0.168294
0.168581
0.168471
0.168009
0.167365
0.1667
0.166488
0.157037
0.156959
0.156307
0.156225
0.157248
0.158629
0.158988
0.158705
0.162437
0.161572
0.161611
0.161846
0.161096
0.160203
0.159258
0.158374
0.157699
0.156949
0.156345
0.155425
0.153069
0.152615
0.29038
0.289383
0.289395
0.288838
0.287862
0.286884
0.285946
0.284662
0.283371
0.282227
0.280918
0.279865
0.278726
0.278473
0.277799
0.274825
0.269388
0.233794
0.13205
0.160017
0.157046
0.161392
0.160169
0.161985
0.164233
0.163346
0.165805
0.167043
0.167651
0.167945
0.171848
0.169086
0.168776
0.168028
0.167076
0.167605
0.156905
0.164424
0.156541
0.156669
0.156284
0.156963
0.158559
0.159325
0.159491
0.158094
0.162018
0.161603
0.161617
0.161189
0.159986
0.158771
0.157961
0.157191
0.15659
0.155867
0.155184
0.154161
0.151934
0.15135
0.291146
0.290978
0.291474
0.290081
0.288279
0.288083
0.28719
0.287585
0.287807
0.28645
0.285423
0.284414
0.283558
0.282931
0.283038
0.280345
0.264062
0.129732
0.165048
0.156696
0.159976
0.164295
0.161281
0.163553
0.165637
0.164099
0.166706
0.167391
0.168162
0.168469
0.168858
0.168278
0.167773
0.166946
0.165979
0.165176
0.164099
0.163027
0.157192
0.156806
0.156993
0.158333
0.159378
0.159682
0.159296
0.163134
0.161494
0.161349
0.160724
0.159524
0.15824
0.157051
0.156512
0.155826
0.155284
0.154573
0.153832
0.152728
0.150634
0.150284
0.291365
0.292149
0.290783
0.293333
0.292864
0.291824
0.291882
0.291564
0.287934
0.288239
0.28835
0.286392
0.285681
0.285171
0.284985
0.285221
0.269234
0.131033
0.162913
0.157765
0.164065
0.166189
0.163595
0.165896
0.166275
0.165622
0.167325
0.167065
0.167896
0.168153
0.16831
0.166836
0.166278
0.165953
0.165287
0.164259
0.163363
0.16278
0.158589
0.157404
0.15835
0.15945
0.15968
0.159817
0.158265
0.161844
0.16091
0.160417
0.159031
0.157406
0.156255
0.155174
0.154874
0.154256
0.153766
0.153052
0.152322
0.151161
0.149056
0.149596
0.293116
0.291671
0.2947
0.293319
0.292099
0.291313
0.291093
0.291004
0.290994
0.291674
0.287055
0.285116
0.286034
0.285077
0.285567
0.286669
0.27742
0.131612
0.136014
0.158677
0.16596
0.163062
0.166084
0.166559
0.166309
0.167125
0.167516
0.166408
0.167094
0.166855
0.166196
0.164693
0.16551
0.165085
0.164301
0.16325
0.162685
0.162499
0.161139
0.158372
0.159534
0.159676
0.15948
0.157651
0.163687
0.160453
0.160061
0.158854
0.157074
0.155468
0.154446
0.153501
0.15317
0.152579
0.152151
0.151453
0.150815
0.1496
0.147334
0.149147
0.294059
0.294029
0.292467
0.292058
0.290051
0.288454
0.288559
0.288778
0.288157
0.28781
0.287104
0.283128
0.283143
0.281371
0.285113
0.292664
0.15254
0.153438
0.253437
0.16518
0.164552
0.160322
0.162392
0.162421
0.19317
0.168775
0.16786
0.164608
0.163955
0.163335
0.163483
0.154379
0.153991
0.165141
0.163182
0.162434
0.162376
0.162208
0.157896
0.15949
0.159504
0.157589
0.157313
0.1629
0.160641
0.159644
0.159028
0.157381
0.155592
0.154192
0.153338
0.152446
0.151935
0.151638
0.151164
0.150394
0.149964
0.148225
0.146444
0.147472
0.296608
0.284194
0.283622
0.282255
0.280047
0.276477
0.272846
0.276679
0.276964
0.277185
0.283308
0.286379
0.288152
0.286459
0.287992
0.28867
0.288356
0.155103
0.162463
0.162968
0.162688
0.163959
0.159574
0.16197
0.171804
0.16766
0.165627
0.161767
0.163704
0.162142
0.154107
0.151819
0.153397
0.164303
0.162916
0.162229
0.162354
0.161561
0.166737
0.161077
0.158128
0.157566
0.159953
0.164466
0.161541
0.160213
0.157376
0.155394
0.154221
0.153529
0.152061
0.151123
0.150745
0.150482
0.150155
0.149426
0.14869
0.149641
0.147062
0.147245
0.148459
0.152916
0.232538
0.234218
0.256127
0.255476
0.248886
0.261919
0.268902
0.275481
0.285583
0.287626
0.284024
0.283394
0.278496
0.154419
0.163022
0.16134
0.160468
0.16005
0.160472
0.162055
0.162432
0.162131
0.160446
0.166802
0.165219
0.163763
0.257569
0.15461
0.151994
0.152566
0.154364
0.163419
0.162853
0.162424
0.163977
0.165769
0.164674
0.183945
0.158785
0.16198
0.164972
0.162498
0.159683
0.15793
0.155754
0.154215
0.15215
0.151234
0.151235
0.151162
0.150981
0.150376
0.149805
0.148954
0.148237
0.146813
0.167151
0.163388
0.164217
0.164699
0.165207
0.165772
0.165939
0.167343
0.127278
0.127901
0.128895
0.1289
0.131537
0.135876
0.127211
0.159385
0.164214
0.161396
0.160394
0.159608
0.159361
0.15943
0.159719
0.160261
0.160624
0.159961
0.160521
0.160566
0.159693
0.158205
0.154868
0.152877
0.152592
0.154158
0.155593
0.16408
0.164193
0.151083
0.241133
0.207746
0.161576
0.165469
0.165529
0.16329
0.160327
0.158263
0.156632
0.155453
0.154992
0.154051
0.1531
0.152609
0.153022
0.15295
0.152543
0.152174
0.152528
0.153871
0.15774
0.161323
0.162253
0.163097
0.163715
0.164237
0.164578
0.164702
0.164866
0.16515
0.165338
0.165272
0.165043
0.164859
0.164667
0.164637
0.164699
0.164422
0.163246
0.161654
0.160811
0.160452
0.160096
0.160016
0.159712
0.159535
0.159451
0.158589
0.158708
0.159012
0.15808
0.156203
0.154245
0.153413
0.153787
0.155296
0.157039
0.164008
0.134351
0.26256
0.270616
0.159487
0.159597
0.160405
0.160319
0.159849
0.159121
0.158175
0.15715
0.156282
0.155688
0.155305
0.155378
0.155595
0.156595
0.156775
0.157009
0.157747
0.161554
0.16638
0.153673
0.159339
0.161971
0.162727
0.163307
0.163735
0.163969
0.164003
0.164152
0.164136
0.164139
0.163664
0.16352
0.163397
0.163495
0.163532
0.163684
0.163677
0.163304
0.162435
0.161873
0.161529
0.16105
0.160653
0.159925
0.159289
0.158765
0.157522
0.157079
0.157162
0.156637
0.155421
0.154264
0.153989
0.154874
0.155693
0.163827
0.136034
0.262587
0.269469
0.159512
0.160504
0.161381
0.161817
0.161558
0.16095
0.160234
0.159623
0.159055
0.15862
0.158356
0.158253
0.158631
0.158984
0.159538
0.159607
0.16027
0.16262
0.16465
0.157913
0.159558
0.159291
0.162472
0.163126
0.163671
0.163977
0.164158
0.1642
0.164295
0.164258
0.164239
0.163967
0.163748
0.163625
0.1636
0.163613
0.163695
0.163684
0.163481
0.162965
0.162682
0.162313
0.161846
0.161234
0.160168
0.159185
0.158239
0.156898
0.156407
0.156501
0.156103
0.155629
0.15591
0.156348
0.1556
0.156691
0.13724
0.260364
0.27099
0.269158
0.15984
0.163058
0.163887
0.164085
0.163737
0.162907
0.161685
0.160918
0.160547
0.160301
0.160154
0.160024
0.160062
0.160236
0.160626
0.16126
0.163455
0.16248
0.157146
0.160269
0.161157
0.140453
)
;
    }
    hills
    {
        type            calculated;
        value           nonuniform List<scalar> 
7200
(
0.143699
0.141208
0.138592
0.137037
0.136196
0.136195
0.137454
0.144415
0.153607
0.130025
0.133334
0.15379
0.153618
0.153241
0.152812
0.152348
0.151922
0.151593
0.151359
0.151249
0.15098
0.15065
0.15004
0.149164
0.148121
0.149211
0.152586
0.15395
0.157056
0.157539
0.155362
0.154765
0.155504
0.156473
0.150866
0.139995
0.162266
0.138107
0.149199
0.153283
0.152836
0.154799
0.15741
0.156568
0.152456
0.152297
0.150987
0.137045
0.139357
0.13977
0.141292
0.142281
0.144385
0.145693
0.146369
0.147483
0.147515
0.147236
0.146604
0.145689
0.156039
0.155363
0.155073
0.155864
0.158424
0.157467
0.155495
0.15368
0.152992
0.146398
0.146355
0.151085
0.150783
0.150769
0.150899
0.150849
0.150724
0.150683
0.150705
0.150969
0.15146
0.152008
0.152584
0.153215
0.153124
0.15428
0.155921
0.157327
0.157215
0.153729
0.154035
0.156093
0.155781
0.155229
0.14426
0.139755
0.149559
0.132382
0.150744
0.153578
0.153901
0.141271
0.14335
0.144595
0.143765
0.153406
0.154722
0.154534
0.149892
0.140667
0.14103
0.14019
0.151001
0.142203
0.141984
0.154212
0.153801
0.154526
0.155549
0.155058
0.151781
0.151426
0.151214
0.151196
0.15116
0.151186
0.151231
0.150617
0.148009
0.149975
0.150144
0.142584
0.142476
0.143282
0.144596
0.145724
0.146655
0.147189
0.147878
0.148873
0.149736
0.150452
0.151076
0.151554
0.152149
0.152138
0.153017
0.152962
0.15335
0.148944
0.151719
0.152411
0.156989
0.162591
0.142932
0.145561
0.14988
0.130454
0.157142
0.152957
0.157136
0.144687
0.145312
0.146401
0.146188
0.145512
0.144009
0.155977
0.157743
0.158032
0.156906
0.156892
0.149574
0.15577
0.163072
0.155528
0.157052
0.156876
0.1562
0.152535
0.159872
0.159017
0.159042
0.159753
0.160546
0.159711
0.157735
0.156942
0.159999
0.157313
0.15394
0.15203
0.144762
0.145876
0.16108
0.160515
0.15201
0.147323
0.146414
0.145471
0.144461
0.143865
0.143451
0.142986
0.142183
0.141269
0.141249
0.142492
0.145981
0.15614
0.156913
0.153095
0.151437
0.155539
0.154606
0.160597
0.155796
0.14184
0.144149
0.152766
0.152022
0.153114
0.15512
0.165464
0.165462
0.165077
0.164586
0.164241
0.163826
0.163402
0.162183
0.16017
0.145607
0.16002
0.159903
0.160242
0.162152
0.163699
0.163534
0.162164
0.158491
0.159451
0.159416
0.159226
0.159438
0.16047
0.162222
0.164759
0.167727
0.169638
0.170707
0.170752
0.170008
0.168258
0.166388
0.16602
0.164299
0.164161
0.163276
0.16207
0.158381
0.151034
0.148581
0.145865
0.153717
0.156205
0.145943
0.15063
0.160748
0.149593
0.13967
0.140787
0.149167
0.153899
0.163908
0.16325
0.161536
0.152412
0.147264
0.149039
0.150836
0.155483
0.167491
0.166714
0.166113
0.166455
0.164577
0.158936
0.157672
0.16551
0.166529
0.167182
0.155003
0.147476
0.142244
0.14748
0.157315
0.15668
0.15534
0.15606
0.141393
0.141185
0.140946
0.14082
0.140771
0.140728
0.140762
0.141132
0.142247
0.143327
0.1495
0.15833
0.165316
0.161001
0.161858
0.169118
0.164993
0.168059
0.166173
0.165661
0.164679
0.164274
0.163066
0.161695
0.161668
0.162469
0.16522
0.168137
0.168287
0.166738
0.166432
0.166709
0.165753
0.159958
0.153553
0.160414
0.158886
0.147263
0.154935
0.158451
0.139818
0.158805
0.159247
0.160168
0.161322
0.16132
0.160114
0.159214
0.159387
0.158185
0.155902
0.153357
0.150907
0.148984
0.147482
0.145903
0.144147
0.142983
0.142097
0.141605
0.144992
0.144268
0.14354
0.143061
0.142748
0.142697
0.14339
0.145024
0.148208
0.145956
0.152696
0.157837
0.160592
0.17087
0.163503
0.169862
0.160632
0.167346
0.163834
0.163913
0.164364
0.166951
0.16452
0.160145
0.158866
0.157955
0.157358
0.156846
0.156433
0.156237
0.156367
0.157906
0.159077
0.159686
0.158951
0.157117
0.158019
0.160979
0.160179
0.159021
0.13898
0.13996
0.142642
0.158417
0.158827
0.160468
0.162497
0.165032
0.168095
0.165698
0.158819
0.155805
0.153903
0.153274
0.153247
0.152541
0.151097
0.149295
0.146929
0.145507
0.150061
0.14772
0.146485
0.145884
0.145789
0.148154
0.145707
0.146366
0.149473
0.151301
0.154634
0.158675
0.166848
0.160964
0.172958
0.164569
0.157308
0.154938
0.164229
0.163759
0.163433
0.163286
0.167078
0.164418
0.159577
0.156334
0.15565
0.155131
0.153948
0.152871
0.151998
0.152074
0.162233
0.16056
0.159633
0.159635
0.16179
0.160597
0.157404
0.150851
0.142816
0.143357
0.1443
0.158833
0.158556
0.158745
0.160056
0.16231
0.16648
0.162778
0.159294
0.156451
0.155101
0.155204
0.156529
0.15773
0.15673
0.155569
0.153289
0.151052
0.153984
0.152317
0.151495
0.151227
0.15176
0.146059
0.144987
0.146813
0.151508
0.152622
0.153481
0.158241
0.169706
0.164176
0.164092
0.156059
0.156124
0.153076
0.163121
0.162569
0.162406
0.161941
0.167636
0.16281
0.156937
0.155091
0.153161
0.153127
0.152704
0.152012
0.151851
0.151756
0.163983
0.161361
0.160129
0.160413
0.161938
0.156562
0.157914
0.148352
0.145939
0.146315
0.160282
0.159533
0.159268
0.158979
0.158928
0.159374
0.160736
0.160936
0.160494
0.159326
0.158479
0.158598
0.160712
0.166034
0.161347
0.15868
0.156615
0.154972
0.157332
0.157798
0.158697
0.159761
0.16006
0.150655
0.149678
0.150113
0.14969
0.150375
0.156312
0.169688
0.164304
0.163466
0.164846
0.154305
0.154098
0.152978
0.163342
0.162472
0.161747
0.151074
0.166733
0.164542
0.157981
0.153976
0.153102
0.152966
0.152578
0.152193
0.152042
0.151897
0.153684
0.162042
0.160629
0.161698
0.159664
0.156961
0.157013
0.149985
0.148381
0.147579
0.160634
0.160129
0.159751
0.159425
0.159115
0.158956
0.158708
0.15843
0.159768
0.161289
0.161232
0.164198
0.169179
0.151763
0.169015
0.168009
0.165965
0.160051
0.167235
0.16788
0.168802
0.16896
0.169033
0.145573
0.144986
0.146957
0.149137
0.155254
0.169668
0.167727
0.166056
0.161531
0.152301
0.153007
0.153504
0.153193
0.151452
0.162509
0.162325
0.153636
0.159618
0.158225
0.156833
0.153206
0.153514
0.153613
0.153029
0.152469
0.152311
0.152174
0.151754
0.1637
0.161911
0.161642
0.156014
0.157032
0.155009
0.150788
0.149247
0.161653
0.16065
0.160069
0.159595
0.159069
0.15836
0.157757
0.157512
0.157336
0.151994
0.161487
0.163346
0.168599
0.168892
0.150383
0.168881
0.168719
0.168219
0.167504
0.168491
0.168625
0.168467
0.166808
0.166398
0.165762
0.16642
0.168517
0.162032
0.167226
0.168344
0.162684
0.161998
0.152253
0.152359
0.153026
0.153544
0.153234
0.152348
0.151278
0.151356
0.153552
0.156592
0.155512
0.155304
0.153187
0.154237
0.154124
0.153334
0.152711
0.152566
0.152459
0.151647
0.147388
0.162842
0.158884
0.157202
0.15547
0.154788
0.150493
0.16248
0.160594
0.159648
0.158838
0.158167
0.157478
0.156901
0.156731
0.156736
0.156659
0.153049
0.161253
0.166243
0.168775
0.168694
0.147934
0.168655
0.168717
0.168708
0.168581
0.168517
0.168486
0.167224
0.166786
0.166543
0.166288
0.16544
0.164763
0.167555
0.167284
0.163122
0.164744
0.158575
0.15207
0.153265
0.153978
0.154175
0.153737
0.152895
0.152011
0.151747
0.152788
0.154781
0.154766
0.15413
0.153665
0.15457
0.154243
0.153358
0.152887
0.152783
0.152655
0.15083
0.14633
0.162849
0.156922
0.157412
0.155326
0.152574
0.149088
0.160572
0.159237
0.158019
0.157004
0.156319
0.156086
0.156294
0.156723
0.156817
0.156169
0.15175
0.152027
0.167531
0.168452
0.168708
0.146261
0.168626
0.168573
0.168594
0.168549
0.168164
0.167451
0.167119
0.166744
0.166451
0.165714
0.159239
0.159959
0.166003
0.163077
0.166206
0.154633
0.151591
0.153693
0.154491
0.154906
0.154874
0.154475
0.153707
0.152784
0.152276
0.152693
0.154425
0.154232
0.15353
0.15419
0.154435
0.153859
0.153224
0.153018
0.152994
0.152651
0.149467
0.14722
0.152264
0.15405
0.156871
0.156242
0.149842
0.160831
0.15915
0.157624
0.156313
0.155678
0.155699
0.156219
0.156783
0.157401
0.153253
0.152225
0.149964
0.151104
0.166976
0.167779
0.168295
0.168165
0.168504
0.168261
0.168423
0.168457
0.166849
0.166976
0.166927
0.166657
0.16618
0.164011
0.157065
0.165276
0.163611
0.168953
0.153532
0.152273
0.154632
0.155435
0.155728
0.155734
0.155542
0.155218
0.154604
0.153726
0.153018
0.152958
0.153952
0.153678
0.153782
0.153789
0.153566
0.153297
0.153184
0.153168
0.153163
0.152177
0.148546
0.14931
0.154189
0.15307
0.15156
0.152682
0.160413
0.159533
0.157838
0.15622
0.155515
0.155556
0.155885
0.156096
0.156437
0.156211
0.15296
0.151737
0.148566
0.149698
0.157198
0.166973
0.167505
0.151411
0.16854
0.167897
0.167972
0.168382
0.168359
0.166664
0.166781
0.167221
0.166011
0.157493
0.161184
0.165203
0.163535
0.152829
0.153205
0.155721
0.156321
0.156549
0.156629
0.156534
0.156306
0.155944
0.155395
0.154608
0.153781
0.153264
0.153038
0.153773
0.153946
0.154518
0.153167
0.15328
0.153364
0.153383
0.153239
0.151143
0.148825
0.151764
0.154162
0.152268
0.151101
0.152549
0.160154
0.158769
0.156666
0.155343
0.155126
0.155381
0.155756
0.156408
0.156091
0.154919
0.152032
0.149779
0.147396
0.148933
0.155052
0.165999
0.166422
0.168827
0.15083
0.168253
0.168038
0.16834
0.167089
0.166802
0.167776
0.168069
0.16233
0.151286
0.166195
0.167157
0.152
0.153682
0.156225
0.15678
0.156952
0.156949
0.156986
0.15694
0.156756
0.15633
0.155723
0.154936
0.153987
0.152924
0.15196
0.153375
0.154589
0.153214
0.153683
0.153813
0.153773
0.153828
0.153244
0.150808
0.150935
0.154246
0.153517
0.151329
0.150728
0.151597
0.155833
0.158418
0.155879
0.154542
0.15444
0.157058
0.156989
0.156538
0.156227
0.154625
0.151558
0.148968
0.14744
0.149032
0.156746
0.16653
0.165862
0.167547
0.168837
0.167072
0.168526
0.168499
0.1669
0.167275
0.168991
0.164211
0.155032
0.154231
0.16207
0.166677
0.153925
0.156329
0.156961
0.157077
0.157156
0.157123
0.157106
0.15713
0.157063
0.156738
0.156087
0.155122
0.153789
0.152039
0.151069
0.152149
0.152606
0.153963
0.154425
0.154843
0.154962
0.154934
0.153747
0.152291
0.153756
0.155233
0.152706
0.150194
0.150383
0.149428
0.153421
0.158719
0.155218
0.153098
0.155541
0.157195
0.157778
0.158204
0.156341
0.154631
0.151389
0.148259
0.146688
0.162876
0.151321
0.168368
0.166856
0.166662
0.167605
0.168307
0.15433
0.167234
0.166075
0.168702
0.161607
0.165145
0.168677
0.144717
0.142606
0.156943
0.15348
0.156825
0.157174
0.157304
0.15731
0.157257
0.157224
0.157262
0.157281
0.157091
0.156552
0.155645
0.154287
0.152266
0.15095
0.151464
0.151935
0.154609
0.1565
0.156962
0.157007
0.156431
0.154833
0.154571
0.156018
0.154777
0.152661
0.149903
0.147271
0.14689
0.15337
0.160874
0.156164
0.157539
0.157574
0.160358
0.161347
0.160886
0.159539
0.155988
0.153104
0.149456
0.148115
0.151113
0.167935
0.167837
0.167454
0.167521
0.16754
0.168241
0.167183
0.166978
0.168333
0.162068
0.170193
0.166588
0.14935
0.144486
0.161831
0.149953
0.156271
0.156972
0.157269
0.157417
0.157486
0.157472
0.157442
0.15746
0.157484
0.157386
0.157006
0.156296
0.155185
0.153363
0.1512
0.150946
0.150995
0.154627
0.15767
0.158671
0.158643
0.157567
0.156461
0.156889
0.156866
0.153573
0.152867
0.147389
0.144928
0.147656
0.152751
0.15811
0.155938
0.162715
0.161779
0.163929
0.163853
0.162946
0.161678
0.159871
0.153988
0.149909
0.148382
0.150035
0.167752
0.168101
0.168148
0.168131
0.167888
0.166802
0.166809
0.166517
0.167475
0.168025
0.168758
0.164691
0.144146
0.16152
0.153261
0.156031
0.156642
0.15705
0.157337
0.157492
0.157601
0.157656
0.157676
0.157701
0.157704
0.157616
0.157338
0.156814
0.156022
0.15482
0.152544
0.150807
0.15021
0.15237
0.157631
0.163569
0.163628
0.162504
0.161382
0.159549
0.156492
0.152486
0.150335
0.144525
0.146042
0.147763
0.147881
0.163716
0.155217
0.155159
0.163065
0.165319
0.16533
0.164621
0.163324
0.161222
0.15571
0.151343
0.149535
0.150979
0.157418
0.16829
0.166889
0.166685
0.167482
0.166798
0.166677
0.168373
0.169154
0.167607
0.163932
0.142431
0.156949
0.156362
0.156087
0.156409
0.156804
0.157148
0.157362
0.157468
0.157569
0.157673
0.157775
0.157874
0.157912
0.157828
0.157605
0.157201
0.156622
0.155879
0.154763
0.152154
0.150206
0.149602
0.15452
0.162627
0.162982
0.163417
0.164053
0.162085
0.152695
0.152367
0.146592
0.146096
0.145549
0.145224
0.14628
0.147366
0.153786
0.159066
0.163168
0.165103
0.165597
0.165329
0.16467
0.163238
0.159608
0.153192
0.15108
0.152744
0.165312
0.167287
0.166133
0.166401
0.166853
0.166325
0.167406
0.168094
0.166934
0.165726
0.140558
0.151039
0.155565
0.156272
0.156292
0.156693
0.156992
0.157149
0.157217
0.157271
0.157367
0.157513
0.157701
0.157919
0.158067
0.158046
0.157857
0.157528
0.157077
0.156556
0.15594
0.15493
0.152075
0.149009
0.149723
0.159698
0.164934
0.16494
0.164188
0.160711
0.157479
0.156833
0.15559
0.146715
0.145243
0.1491
0.146284
0.150099
0.148719
0.15614
0.161505
0.163881
0.16516
0.165398
0.165122
0.164699
0.161715
0.155141
0.152553
0.153425
0.162926
0.16649
0.165489
0.166368
0.166591
0.166002
0.168641
0.162771
0.168126
0.150323
0.142795
0.155187
0.155876
0.15608
0.15662
0.156841
0.156923
0.156921
0.156898
0.156932
0.157039
0.157222
0.157484
0.157821
0.158127
0.158244
0.158121
0.157845
0.157474
0.157071
0.156653
0.156066
0.154872
0.151807
0.148711
0.153762
0.163679
0.162726
0.159959
0.156383
0.156799
0.153504
0.150586
0.151818
0.154471
0.152021
0.151483
0.147402
0.148468
0.156302
0.158344
0.161365
0.16362
0.164685
0.165023
0.165078
0.164289
0.156946
0.153529
0.153105
0.1509
0.165276
0.164647
0.166036
0.166513
0.1675
0.164742
0.166608
0.165427
0.142455
0.156503
0.155845
0.156136
0.156194
0.156692
0.156663
0.156586
0.156513
0.156485
0.156526
0.156648
0.156852
0.157157
0.157565
0.158
0.158309
0.158344
0.158145
0.157842
0.157514
0.157178
0.156732
0.155776
0.153302
0.15036
0.152918
0.152839
0.157288
0.156507
0.15706
0.154703
0.152631
0.150114
0.151038
0.152756
0.150827
0.150535
0.155004
0.151584
0.157188
0.157843
0.159764
0.162611
0.164676
0.16516
0.164769
0.165177
0.158793
0.153763
0.152566
0.152314
0.163312
0.163574
0.165569
0.167572
0.168252
0.165055
0.168921
0.148875
0.14825
0.155765
0.155996
0.156295
0.156109
0.15643
0.156315
0.156208
0.156142
0.156132
0.156185
0.15631
0.156515
0.156826
0.15724
0.15772
0.158162
0.15839
0.158336
0.158124
0.157863
0.157572
0.157132
0.156028
0.153434
0.151307
0.152261
0.148874
0.157115
0.156132
0.154533
0.153228
0.152283
0.153728
0.1543
0.15409
0.154072
0.152562
0.1542
0.157181
0.157493
0.158189
0.159611
0.161
0.164752
0.167046
0.165891
0.164526
0.163574
0.154253
0.152229
0.151992
0.162156
0.162768
0.161909
0.161201
0.164092
0.167242
0.166776
0.142594
0.153827
0.155871
0.156012
0.156114
0.155902
0.15613
0.156037
0.155963
0.155926
0.155938
0.156001
0.156119
0.156308
0.156581
0.156945
0.157391
0.157854
0.1582
0.158296
0.158194
0.158014
0.157781
0.157184
0.155276
0.15266
0.151996
0.150518
0.147062
0.145041
0.154397
0.153065
0.147322
0.156641
0.140477
0.153685
0.14357
0.141416
0.143919
0.154879
0.153704
0.153878
0.154206
0.156683
0.159492
0.160905
0.164372
0.166336
0.16606
0.163989
0.157043
0.152254
0.151239
0.146084
0.159697
0.158124
0.15495
0.155587
0.169023
0.167639
0.141933
0.155351
0.155746
0.155785
0.155798
0.15566
0.155851
0.155806
0.15578
0.155784
0.155827
0.155912
0.156036
0.156217
0.156452
0.156756
0.15713
0.157527
0.157845
0.157979
0.157956
0.157881
0.157523
0.155731
0.15311
0.151639
0.14943
0.147397
0.145662
0.144997
0.159568
0.163273
0.154
0.144657
0.147456
0.153461
0.157743
0.161565
0.149712
0.141132
0.149205
0.149511
0.148618
0.148137
0.156366
0.15945
0.161408
0.163671
0.165034
0.162672
0.161384
0.152878
0.151293
0.152221
0.158071
0.157473
0.15587
0.160846
0.16736
0.157734
0.156407
0.155698
0.155745
0.155686
0.155616
0.155467
0.155609
0.155582
0.155581
0.155608
0.15567
0.155771
0.155902
0.156085
0.156314
0.156592
0.156936
0.157332
0.157717
0.15798
0.158086
0.158146
0.157454
0.154332
0.151165
0.148166
0.146428
0.145039
0.142663
0.156538
0.159043
0.162893
0.157415
0.145961
0.144295
0.144237
0.145222
0.146729
0.155005
0.158058
0.152383
0.151147
0.148543
0.149008
0.146443
0.156991
0.160048
0.163929
0.164283
0.164187
0.1639
0.156195
0.15166
0.152805
0.146233
0.158416
0.156892
0.166693
0.166131
0.141025
0.153824
0.155776
0.155741
0.155598
0.155496
0.155305
0.155433
0.155408
0.155404
0.155428
0.155488
0.155587
0.155722
0.155914
0.156156
0.15645
0.156791
0.157195
0.15764
0.158036
0.15829
0.158456
0.15724
0.152893
0.148998
0.146646
0.145671
0.143957
0.141865
0.161952
0.168822
0.161976
0.161714
0.150111
0.144419
0.141944
0.143741
0.14432
0.144938
0.147191
0.151283
0.14506
0.152495
0.153211
0.153529
0.156369
0.159676
0.16548
0.16513
0.164212
0.164239
0.157298
0.152206
0.152597
0.144177
0.157264
0.159071
0.167774
0.165035
0.138738
0.154989
0.15585
0.155638
0.155464
0.155371
0.155121
0.155255
0.155222
0.155212
0.155229
0.155286
0.155385
0.155538
0.15574
0.15601
0.156319
0.156658
0.157062
0.157518
0.157901
0.158079
0.15812
0.155305
0.151813
0.148269
0.145901
0.142583
0.14714
0.150008
0.151479
0.167315
0.162139
0.166943
0.152534
0.146026
0.143157
0.142024
0.143177
0.143932
0.14421
0.144637
0.147621
0.151148
0.155415
0.155252
0.160364
0.160272
0.165157
0.166058
0.163644
0.164005
0.157424
0.152041
0.149881
0.14331
0.157604
0.15983
0.166673
0.164354
0.157959
0.155472
0.155776
0.155365
0.155213
0.155138
0.154873
0.155041
0.155008
0.155001
0.155033
0.155102
0.155234
0.155414
0.15566
0.155954
0.156266
0.156622
0.157049
0.157502
0.157847
0.158006
0.157935
0.154252
0.151481
0.148476
0.145942
0.143042
0.136761
0.154637
0.154196
0.166578
0.163841
0.161834
0.15176
0.147282
0.143207
0.140984
0.141917
0.14285
0.14375
0.143927
0.144079
0.144862
0.151922
0.161203
0.147913
0.156407
0.163102
0.166069
0.163734
0.163212
0.156657
0.151511
0.14466
0.143082
0.158491
0.157645
0.166899
0.16418
0.15739
0.155714
0.155493
0.154959
0.15484
0.154783
0.154493
0.15476
0.15471
0.154731
0.154791
0.154914
0.155111
0.155357
0.155648
0.155949
0.156272
0.156659
0.157115
0.157557
0.157865
0.158054
0.157544
0.153472
0.151194
0.148846
0.146963
0.141781
0.144371
0.154203
0.161954
0.15957
0.158207
0.153561
0.150112
0.146412
0.142796
0.141537
0.14054
0.141803
0.142889
0.1437
0.143853
0.14406
0.144658
0.151549
0.161068
0.155232
0.158178
0.16388
0.163851
0.159352
0.154611
0.150533
0.145652
0.163606
0.158832
0.155103
0.167933
0.164252
0.158291
0.155904
0.15502
0.154465
0.154361
0.154282
0.153972
0.154321
0.154322
0.154374
0.154501
0.154692
0.15494
0.155255
0.155584
0.155899
0.15625
0.156676
0.157138
0.157557
0.157846
0.1581
0.156652
0.152937
0.151108
0.149234
0.147563
0.141616
0.145385
0.163015
0.163324
0.152763
0.155306
0.148066
0.146722
0.144057
0.142186
0.14128
0.141105
0.140269
0.141138
0.142613
0.143203
0.143387
0.143742
0.147385
0.161028
0.155981
0.154512
0.163468
0.161202
0.155335
0.153746
0.149758
0.147077
0.15928
0.162224
0.161442
0.168314
0.164431
0.158678
0.155857
0.154425
0.153941
0.15383
0.153689
0.15319
0.153744
0.153766
0.153888
0.154101
0.154378
0.154713
0.155094
0.155463
0.155805
0.15619
0.156624
0.157062
0.157442
0.157741
0.158044
0.155526
0.152611
0.151283
0.149701
0.1483
0.144507
0.158787
0.159913
0.156049
0.1523
0.148979
0.144286
0.14319
0.142317
0.141622
0.141066
0.140962
0.140841
0.140343
0.139743
0.14138
0.142416
0.142844
0.145054
0.159207
0.153949
0.156357
0.157674
0.155286
0.153267
0.152566
0.149252
0.148312
0.157897
0.15883
0.162283
0.168484
0.164634
0.154976
0.155415
0.15375
0.153415
0.153308
0.153103
0.152257
0.153122
0.153168
0.153355
0.153656
0.154027
0.154465
0.154924
0.155321
0.155691
0.156094
0.156515
0.156918
0.157268
0.157619
0.157812
0.154498
0.152473
0.151711
0.150595
0.149797
0.149013
0.154779
0.158117
0.156855
0.148508
0.144038
0.14192
0.141457
0.141206
0.14117
0.141018
0.1409
0.14084
0.140831
0.140717
0.140465
0.140309
0.141618
0.145095
0.154716
0.155121
0.155243
0.156329
0.153432
0.152315
0.151852
0.149141
0.148867
0.157953
0.158183
0.163342
0.168718
0.164681
0.149674
0.154623
0.1531
0.153002
0.152947
0.15274
0.151602
0.152639
0.152658
0.152874
0.153247
0.153724
0.15429
0.154802
0.155197
0.155581
0.155986
0.156394
0.156773
0.157125
0.157561
0.157387
0.153822
0.152433
0.152251
0.151864
0.151406
0.150854
0.151245
0.15556
0.149047
0.144629
0.14124
0.140803
0.140522
0.140526
0.140798
0.140974
0.140965
0.140914
0.141012
0.14123
0.141469
0.141883
0.143599
0.150512
0.155981
0.154151
0.156876
0.154189
0.152658
0.152544
0.151099
0.149209
0.14877
0.162626
0.158164
0.163703
0.1691
0.164128
0.14283
0.153944
0.152901
0.152958
0.152955
0.152782
0.151743
0.15246
0.152403
0.152575
0.152984
0.153575
0.154242
0.154712
0.15511
0.15552
0.155929
0.156315
0.156698
0.157104
0.157639
0.156886
0.153524
0.152423
0.152545
0.152647
0.151861
0.157028
0.14872
0.149143
0.145221
0.143163
0.139756
0.140369
0.140119
0.140139
0.140485
0.140839
0.141006
0.141102
0.141296
0.141695
0.142402
0.143917
0.148397
0.153371
0.155456
0.155541
0.154544
0.153715
0.152539
0.152293
0.150561
0.148604
0.147429
0.160945
0.163216
0.163605
0.168497
0.161045
0.139467
0.153859
0.153616
0.153687
0.153494
0.153158
0.152292
0.15254
0.152413
0.152576
0.153015
0.153697
0.154306
0.154739
0.155185
0.155624
0.156042
0.156442
0.156862
0.157401
0.157959
0.156525
0.15359
0.1525
0.152513
0.152235
0.151183
0.154284
0.144754
0.14466
0.143905
0.143087
0.139768
0.140094
0.139947
0.139921
0.140229
0.140624
0.14098
0.141276
0.141648
0.142338
0.143749
0.147196
0.153926
0.155421
0.159419
0.145611
0.15413
0.152553
0.152318
0.152172
0.149876
0.147359
0.146797
0.147
0.164012
0.163691
0.164706
0.155689
0.156213
0.153864
0.154356
0.154662
0.154585
0.154215
0.153188
0.152703
0.152555
0.152834
0.153369
0.154049
0.154499
0.154963
0.155442
0.155899
0.156331
0.156769
0.1573
0.158073
0.158714
0.157304
0.154371
0.152778
0.152401
0.15163
0.152282
0.147936
0.14342
0.144122
0.144145
0.143916
0.141914
0.13978
0.139783
0.139791
0.140036
0.140387
0.140866
0.141394
0.142089
0.143324
0.145872
0.152383
0.155749
0.16238
0.161633
0.151641
0.154726
0.151467
0.152305
0.152134
0.149116
0.153732
0.150009
0.155101
0.164755
0.168993
0.165237
0.162562
0.154416
0.154674
0.155609
0.155914
0.155699
0.155051
0.153769
0.153186
0.152703
0.153223
0.153916
0.15449
0.154905
0.155436
0.155934
0.156409
0.156868
0.157393
0.158201
0.159721
0.161881
0.164066
0.165832
0.16471
0.153347
0.151098
0.153251
0.142325
0.143944
0.145157
0.145347
0.145054
0.143175
0.139383
0.1395
0.139625
0.139938
0.140255
0.140803
0.14154
0.142684
0.144784
0.149621
0.134398
0.153609
0.153651
0.153914
0.156661
0.152579
0.151732
0.15273
0.151705
0.153215
0.157054
0.163855
0.159452
0.163296
0.168651
0.165204
0.151313
0.1543
0.155846
0.156775
0.156972
0.156593
0.155661
0.154417
0.153514
0.152869
0.153725
0.154476
0.15488
0.155423
0.156062
0.156631
0.15715
0.157689
0.15851
0.16043
0.161179
0.16551
0.165802
0.162836
0.156406
0.154291
0.153868
0.148402
0.142453
0.145343
0.146787
0.146798
0.146125
0.144332
0.139563
0.139106
0.139347
0.13982
0.140204
0.140784
0.14172
0.143439
0.146911
0.154333
0.157212
0.149355
0.160499
0.148516
0.152266
0.150777
0.151449
0.153119
0.152567
0.15211
0.153105
0.15316
0.167951
0.169045
0.165484
0.161401
0.139819
0.15453
0.157326
0.15803
0.158033
0.157352
0.156051
0.154649
0.153347
0.153194
0.154374
0.154939
0.155325
0.1561
0.156871
0.157502
0.158129
0.158967
0.161164
0.162978
0.165302
0.165179
0.163142
0.155179
0.150874
0.149597
0.148502
0.144162
0.144393
0.146946
0.148439
0.147992
0.146881
0.145178
0.141875
0.138777
0.139087
0.139647
0.140237
0.140946
0.142281
0.145018
0.151791
0.156
0.156583
0.145564
0.159638
0.158529
0.149058
0.155378
0.153044
0.154062
0.153378
0.15468
0.153393
0.15994
0.167861
0.165512
0.164487
0.161763
0.13946
0.155497
0.158344
0.158717
0.15846
0.157479
0.15608
0.154515
0.153532
0.153565
0.155074
0.155102
0.155877
0.156965
0.157792
0.158406
0.159323
0.161512
0.164124
0.165423
0.165079
0.16398
0.154935
0.150809
0.14733
0.145764
0.144293
0.141802
0.146132
0.148127
0.149051
0.148653
0.147593
0.145964
0.143322
0.139943
0.138753
0.139392
0.140084
0.140983
0.142934
0.147152
0.136815
0.156756
0.142775
0.163794
0.156289
0.151098
0.145907
0.153928
0.154326
0.155074
0.154018
0.152866
0.154749
0.169361
0.164904
0.162781
0.165249
0.147727
0.154646
0.156947
0.158963
0.158942
0.158302
0.157078
0.155622
0.154244
0.153635
0.154427
0.155254
0.155368
0.156708
0.157795
0.158338
0.159144
0.161531
0.164089
0.165752
0.165237
0.164227
0.158931
0.152634
0.14698
0.144836
0.143255
0.141841
0.145246
0.146707
0.147474
0.148173
0.148238
0.147906
0.147066
0.145396
0.14347
0.141894
0.140111
0.13969
0.141169
0.144893
0.145229
0.155713
0.155729
0.158926
0.167095
0.159992
0.148981
0.145177
0.152901
0.162991
0.162407
0.155891
0.153331
0.163541
0.165267
0.162228
0.162954
0.166555
0.151445
0.155631
0.157929
0.15909
0.15859
0.157731
0.156378
0.154938
0.154068
0.154246
0.155287
0.155119
0.155873
0.157068
0.157471
0.157846
0.159768
0.163466
0.16542
0.1653
0.164332
0.162226
0.153332
0.149179
0.14515
0.143248
0.141366
0.143374
0.1575
0.156856
0.155552
0.155466
0.155437
0.15506
0.146319
0.147052
0.145515
0.144292
0.143458
0.143846
0.148118
0.14918
0.157818
0.152883
0.144539
0.163693
0.1617
0.149923
0.151325
0.146219
0.153729
0.166891
0.167799
0.163399
0.169816
0.165406
0.165691
0.160152
0.163156
0.150635
0.141758
0.156503
0.158526
0.158045
0.157451
0.156337
0.155067
0.154251
0.153984
0.154827
0.155637
0.155097
0.155947
0.15625
0.157102
0.162037
0.164334
0.151306
0.149875
0.148816
0.147864
0.146565
0.151519
0.143014
0.145018
0.142881
0.142475
0.144523
0.148161
0.157734
0.156656
0.155803
0.155397
0.155255
0.155358
0.156839
0.151854
0.143835
0.145028
0.145538
0.146695
0.148567
0.155688
0.147042
0.163215
0.158234
0.157056
0.151524
0.152525
0.147027
0.155076
0.164189
0.168919
0.16418
0.17223
0.166143
0.161826
0.15872
0.170371
0.14622
0.154794
0.157486
0.157946
0.156908
0.156143
0.155129
0.154191
0.15415
0.154654
0.155797
0.155008
0.155037
0.154905
0.155241
0.158596
0.165789
0.162868
0.151139
0.149784
0.148576
0.147386
0.142927
0.142849
0.144415
0.143916
0.140925
0.143557
0.14568
0.148648
0.157845
0.156199
0.153602
0.152604
0.1522
0.151838
0.152184
0.154467
0.15432
0.155686
0.159063
0.150638
0.158697
0.15486
0.146627
0.163541
0.157032
0.152858
0.152919
0.152373
0.148183
0.155848
0.164958
0.169775
0.167965
0.167733
0.166173
0.158992
0.158607
0.155353
0.144392
0.155336
0.15718
0.157208
0.155993
0.154765
0.153922
0.153744
0.154545
0.155723
0.155427
0.155011
0.155684
0.164195
0.167632
0.165984
0.163895
0.151038
0.150507
0.149464
0.148238
0.146616
0.141402
0.141136
0.141167
0.149482
0.144988
0.144507
0.145712
0.156711
0.151765
0.151879
0.152178
0.152087
0.151862
0.151394
0.150792
0.150795
0.154229
0.155682
0.159307
0.160729
0.156357
0.148609
0.164212
0.157151
0.156213
0.148655
0.153169
0.152128
0.140744
0.162306
0.164073
0.170528
0.170573
0.164741
0.162675
0.157846
0.168404
0.145604
0.144031
0.154486
0.155647
0.156487
0.154769
0.1544
0.154282
0.154669
0.15557
0.156086
0.155265
0.155964
0.165593
0.167532
0.167657
0.167385
0.166084
0.150435
0.150207
0.149229
0.147899
0.146167
0.141416
0.14012
0.144195
0.148425
0.150359
0.14509
0.148216
0.157136
0.151744
0.15202
0.152339
0.152604
0.151898
0.151115
0.150393
0.150071
0.152333
0.156887
0.160721
0.159484
0.157832
0.14691
0.165169
0.159686
0.155113
0.147471
0.153397
0.151675
0.147878
0.163902
0.164452
0.165694
0.171545
0.164445
0.158922
0.15761
0.171594
0.145684
0.143506
0.15386
0.154814
0.155104
0.154685
0.15425
0.154533
0.15517
0.155728
0.155774
0.161248
0.164493
0.165998
0.166593
0.166974
0.166953
0.164201
0.149761
0.149802
0.148937
0.147332
0.141489
0.141062
0.140605
0.146625
0.149045
0.150353
0.149932
0.147648
0.154887
0.152579
0.152617
0.152567
0.152447
0.152084
0.151987
0.150584
0.150244
0.151372
0.158966
0.162131
0.155287
0.145228
0.164729
0.158237
0.157277
0.154818
0.14668
0.146791
0.146326
0.146765
0.164233
0.166365
0.167521
0.167191
0.163728
0.1574
0.157492
0.156351
0.144166
0.141829
0.143992
0.152638
0.154938
0.153524
0.153612
0.154824
0.155301
0.1561
0.157131
0.157544
0.163291
0.164793
0.165606
0.166161
0.165973
0.148005
0.149099
0.149362
0.148599
0.147334
0.141145
0.140168
0.142785
0.147451
0.149685
0.150329
0.14948
0.147596
0.155131
0.152922
0.15281
0.15269
0.152464
0.152125
0.15164
0.151395
0.152894
0.152767
0.161103
0.160786
0.160873
0.145844
0.164543
0.154898
0.155728
0.154877
0.146159
0.145952
0.14489
0.149475
0.163618
0.168972
0.17106
0.163832
0.162399
0.157128
0.167747
0.148965
0.143828
0.14145
0.141203
0.142033
0.153288
0.142244
0.143137
0.146712
0.147483
0.150098
0.154387
0.160675
0.162983
0.163965
0.164901
0.165584
0.164882
0.147078
0.148388
0.148945
0.148174
0.14202
0.14109
0.140103
0.145774
0.148264
0.150328
0.150203
0.14936
0.147762
0.156056
0.153234
0.152912
0.152476
0.152156
0.152043
0.151903
0.152164
0.153657
0.157759
0.157808
0.158947
0.143826
0.147232
0.16519
0.155358
0.154527
0.150095
0.145846
0.145023
0.144388
0.151958
0.16219
0.168503
0.171684
0.163919
0.159496
0.15749
0.171356
0.146112
0.143799
0.140645
0.138295
0.140238
0.141662
0.141424
0.14089
0.151052
0.150012
0.152376
0.158973
0.161703
0.162446
0.163147
0.164201
0.165083
0.144632
0.146047
0.147663
0.148523
0.1484
0.140915
0.140575
0.141169
0.147247
0.149368
0.150642
0.150162
0.149423
0.148088
0.15819
0.153531
0.150712
0.149827
0.149413
0.149234
0.149915
0.152806
0.157092
0.161636
0.160574
0.155897
0.150045
0.165513
0.160717
0.158213
0.15337
0.147927
0.145642
0.144273
0.143909
0.154916
0.162837
0.167398
0.166531
0.164152
0.158237
0.157721
0.157658
0.145347
0.143531
0.139789
0.13601
0.137465
0.141541
0.140092
0.143084
0.144365
0.145776
0.1565
0.160319
0.161967
0.162169
0.162328
0.16352
0.164623
0.143288
0.145063
0.146926
0.148053
0.146849
0.140994
0.140018
0.143546
0.147975
0.150279
0.150805
0.150276
0.149605
0.148495
0.159399
0.152502
0.149861
0.147729
0.147364
0.148895
0.15012
0.152987
0.159405
0.166114
0.162384
0.152774
0.150171
0.164597
0.157614
0.157178
0.151525
0.147151
0.145423
0.142972
0.144098
0.162241
0.16628
0.170886
0.164075
0.163753
0.158392
0.167679
0.158075
0.144419
0.143102
0.139643
0.135447
0.136201
0.140273
0.142402
0.143666
0.145002
0.146135
0.147139
0.159725
0.161475
0.161505
0.162109
0.162865
0.164206
0.142278
0.144158
0.146195
0.147722
0.14243
0.14092
0.140143
0.146347
0.148953
0.150865
0.150993
0.150505
0.149853
0.148908
0.156647
0.147962
0.147564
0.147539
0.148364
0.149761
0.151699
0.151998
0.157541
0.162696
0.158181
0.153545
0.152612
0.165381
0.157507
0.155953
0.148364
0.146762
0.145075
0.143785
0.145412
0.162987
0.16904
0.171369
0.164907
0.160796
0.158977
0.168465
0.153437
0.144318
0.141336
0.139868
0.135552
0.134702
0.138768
0.143228
0.144424
0.145507
0.146433
0.147335
0.147738
0.148457
0.160557
0.161566
0.162995
0.164019
0.164495
0.143407
0.145521
0.147995
0.140922
0.140604
0.140939
0.147708
0.150167
0.151123
0.151166
0.150765
0.150115
0.149365
0.157528
0.148782
0.147858
0.148673
0.150201
0.151988
0.153742
0.155577
0.162382
0.164127
0.160298
0.153624
0.164698
0.163745
0.162125
0.155033
0.147289
0.146955
0.144669
0.144151
0.15009
0.161397
0.166872
0.166816
0.166734
0.155481
0.159351
0.171795
0.153298
0.146365
0.142986
0.137858
0.133862
0.133245
0.142213
0.144347
0.145027
0.145778
0.146673
0.147634
0.147904
0.148238
0.148896
0.161096
0.162865
0.164254
0.164755
0.142814
0.14494
0.147752
0.140984
0.140263
0.142722
0.148561
0.151109
0.151358
0.15136
0.150991
0.1504
0.149868
0.157281
0.149608
0.150537
0.15219
0.153953
0.155484
0.156945
0.159742
0.165696
0.161181
0.156447
0.154425
0.1649
0.161287
0.160635
0.154297
0.147008
0.153559
0.144577
0.144126
0.153235
0.16412
0.169897
0.165164
0.155649
0.154427
0.168253
0.157641
0.154987
0.148153
0.145758
0.143778
0.139568
0.139406
0.142017
0.1449
0.145364
0.146034
0.146901
0.147926
0.148181
0.148335
0.148926
0.14704
0.162811
0.164488
0.16483
0.142316
0.144431
0.147375
0.141122
0.140291
0.145977
0.149701
0.151506
0.151668
0.151572
0.151153
0.150672
0.149879
0.15746
0.152431
0.153911
0.156097
0.158387
0.161178
0.16355
0.165231
0.163479
0.161338
0.155589
0.165186
0.165452
0.16653
0.15937
0.153711
0.146917
0.15262
0.144225
0.143972
0.162286
0.168994
0.172212
0.158852
0.154681
0.152525
0.168085
0.156569
0.160692
0.150514
0.1472
0.145542
0.142377
0.141145
0.143597
0.145313
0.145714
0.146317
0.147142
0.148214
0.148497
0.148531
0.149043
0.147276
0.162709
0.16468
0.165169
0.142101
0.144079
0.145864
0.141235
0.140714
0.148355
0.150928
0.151695
0.151915
0.151707
0.151173
0.150815
0.150242
0.159396
0.155464
0.15655
0.158633
0.162654
0.164668
0.165236
0.168679
0.162615
0.15765
0.153528
0.165077
0.168488
0.165361
0.158242
0.15325
0.146991
0.152335
0.150214
0.146703
0.158289
0.16671
0.16795
0.157855
0.153905
0.155896
0.168614
0.157221
0.161218
0.153963
0.149406
0.147433
0.145025
0.143365
0.144465
0.145762
0.146145
0.146665
0.147433
0.148549
0.148888
0.148851
0.149255
0.147454
0.162841
0.164922
0.165482
0.141799
0.143734
0.143909
0.141337
0.14136
0.149051
0.151703
0.15189
0.152075
0.151769
0.151173
0.150815
0.150843
0.154407
0.156825
0.159571
0.161467
0.163436
0.165735
0.170311
0.163877
0.161786
0.155326
0.165547
0.167814
0.168828
0.164435
0.157175
0.152952
0.147611
0.151984
0.146581
0.150141
0.162043
0.168177
0.160495
0.156885
0.152213
0.15709
0.172477
0.160539
0.161668
0.161768
0.153023
0.149864
0.147779
0.145879
0.145599
0.146418
0.146744
0.147148
0.147863
0.149024
0.149442
0.149374
0.149598
0.147437
0.163499
0.16538
0.165892
0.164842
0.143299
0.144314
0.141467
0.142204
0.149655
0.151993
0.152103
0.152217
0.151835
0.151191
0.150684
0.151479
0.155382
0.159511
0.161298
0.162954
0.165511
0.169984
0.164789
0.162383
0.156164
0.166605
0.168186
0.168314
0.16832
0.163484
0.156166
0.152874
0.153317
0.150699
0.14308
0.152944
0.167149
0.171384
0.160022
0.155749
0.152383
0.169599
0.171782
0.160781
0.161714
0.161925
0.160688
0.153528
0.15066
0.148487
0.147016
0.147462
0.147608
0.147874
0.148527
0.149737
0.15024
0.150162
0.15003
0.147203
0.164233
0.166061
0.166472
0.165783
0.142543
0.144242
0.141668
0.143401
0.150518
0.152103
0.152326
0.152438
0.151939
0.151226
0.151157
0.152307
0.156134
0.16379
0.163518
0.166457
0.169134
0.165674
0.163016
0.161608
0.154361
0.16906
0.167655
0.168334
0.167758
0.162299
0.155233
0.15298
0.152554
0.148978
0.141148
0.15075
0.165147
0.168361
0.159471
0.154696
0.152409
0.169093
0.169238
0.160378
0.158629
0.163029
0.161868
0.161295
0.154472
0.151497
0.149034
0.149049
0.148681
0.148958
0.149526
0.15076
0.151328
0.151179
0.150382
0.147169
0.163258
0.166524
0.167061
0.166503
0.141295
0.143821
0.141909
0.145254
0.151526
0.152269
0.152558
0.152778
0.152083
0.151187
0.151696
0.153556
0.157509
0.166152
0.167053
0.168221
0.165639
0.163278
0.161788
0.156483
0.166301
0.168539
0.167752
0.168577
0.166939
0.160851
0.154533
0.153175
0.152025
0.147749
0.141961
0.159296
0.167719
0.161104
0.158627
0.153447
0.152182
0.172409
0.171126
0.160802
0.159723
0.163043
0.162943
0.16227
0.161926
0.155211
0.151764
0.151872
0.150416
0.150758
0.151112
0.152295
0.152862
0.152379
0.150475
0.147623
0.162966
0.163714
0.167072
0.1671
0.165136
0.143358
0.142041
0.147436
0.152169
0.152467
0.152832
0.153277
0.152211
0.151531
0.152601
0.155456
0.159507
0.164891
0.166972
0.165271
0.163529
0.162386
0.16154
0.155368
0.165663
0.168154
0.168013
0.169183
0.165817
0.159242
0.154206
0.154511
0.15164
0.146516
0.142428
0.154578
0.171261
0.160512
0.157511
0.152338
0.153055
0.173056
0.171674
0.16593
0.159368
0.159862
0.163523
0.163162
0.16261
0.162063
0.155482
0.157354
0.153316
0.153002
0.153559
0.154446
0.15431
0.152631
0.149813
0.147539
0.164856
0.165428
0.16575
0.167512
0.166237
0.142327
0.141593
0.147459
0.152061
0.152654
0.153279
0.153968
0.152299
0.152275
0.154206
0.157733
0.162575
0.164828
0.164488
0.163221
0.1621
0.161361
0.157512
0.153644
0.165704
0.167793
0.168205
0.168497
0.164547
0.157799
0.154267
0.152028
0.150867
0.144617
0.145921
0.16146
0.161746
0.159552
0.156183
0.152669
0.169831
0.173189
0.171865
0.165639
0.160047
0.159469
0.160496
0.162253
0.163421
0.162806
0.161969
0.161604
0.161502
0.157894
0.157075
0.155564
0.154122
0.15212
0.149996
0.148103
0.167519
0.166897
0.165991
0.167581
0.167004
0.156844
0.139964
0.145186
0.150847
0.152686
0.153979
0.155063
0.153117
0.153414
0.156094
0.160189
0.164251
0.164911
0.162511
0.161624
0.160955
0.15858
0.15504
0.166524
0.168767
0.167521
0.168399
0.167446
0.163057
0.15665
0.154534
0.158875
0.150115
0.142754
0.148875
0.162858
0.161352
0.158617
0.154845
0.152776
0.172999
0.173113
0.171687
0.165439
0.16153
0.160871
0.159996
0.161034
0.161516
0.163737
0.162796
0.162984
0.162371
0.161668
0.161455
0.160418
0.158605
0.155603
0.152402
0.14838
0.168389
0.167959
0.166614
0.165675
0.167469
0.158425
0.13833
0.142329
0.148216
0.152246
0.154935
0.159116
0.154016
0.154892
0.157746
0.163131
0.165048
0.165142
0.161013
0.160444
0.159428
0.154617
0.150763
0.165987
0.167905
0.167624
0.168626
0.165935
0.161471
0.155872
0.154953
0.155657
0.148797
0.140334
0.154783
0.172158
0.160403
0.157626
0.152314
0.153483
0.173404
0.172797
0.170965
0.166871
0.160515
0.160174
0.160732
0.160486
0.161074
0.161227
0.162568
0.159738
0.162422
0.161931
0.160686
0.159308
0.157843
0.15599
0.153666
0.15204
0.165865
0.166941
0.16704
0.166237
0.167485
0.159216
0.155993
0.139983
0.144768
0.151166
0.156706
0.159273
0.155257
0.158034
0.159785
0.164426
0.165484
0.165156
0.159816
0.160133
0.152168
0.153441
0.145188
0.16597
0.167927
0.168345
0.168548
0.164339
0.160132
0.155439
0.155603
0.155332
0.147307
0.13928
0.161365
0.161467
0.15951
0.156633
0.15346
0.156547
0.173479
0.172156
0.169525
0.165815
0.163037
0.161296
0.159123
0.159787
0.160874
0.160719
0.160115
0.160795
0.158737
0.159191
0.160479
0.15763
0.156667
0.156013
0.154828
0.154757
0.158024
0.16119
0.16563
0.165621
0.16683
0.159507
0.156832
0.150207
0.153032
0.150434
0.158152
0.161408
0.157456
0.164623
0.166061
0.168545
0.165914
0.165427
0.1596
0.158298
0.155428
0.158119
0.154616
0.165867
0.166048
0.168692
0.166294
0.162945
0.159141
0.155251
0.153482
0.155044
0.145873
0.160542
0.162547
0.161399
0.158612
0.155777
0.154461
0.173259
0.173179
0.171025
0.167494
0.164258
0.162326
0.161267
0.160745
0.160638
0.160532
0.159954
0.159747
0.161845
0.164629
0.168813
0.165416
0.157054
0.157567
0.157907
0.158835
0.164723
0.156581
0.153551
0.158035
0.16428
0.164994
0.158953
0.156874
0.151092
0.153745
0.157464
0.160803
0.164331
0.167068
0.167336
0.16832
0.168669
0.165892
0.157187
0.160282
0.160826
0.160863
0.160714
0.160704
0.165595
0.164849
0.168572
0.163995
0.161866
0.158501
0.155244
0.151401
0.158861
0.144519
0.16022
0.16048
0.160565
0.157676
0.155288
0.155872
0.17378
0.172408
0.169376
0.165593
0.162955
0.161465
0.160632
0.160122
0.159967
0.15995
0.160045
0.160471
0.160143
0.162444
0.167178
0.171715
0.172455
0.169431
0.164267
0.165676
0.169605
0.162453
0.156086
0.155425
0.158197
0.162085
0.158149
0.155723
0.152903
0.157201
0.160987
0.164507
0.167366
0.16938
0.169181
0.169128
0.16857
0.165241
0.162067
0.162702
0.162643
0.161346
0.161599
0.16171
0.164426
0.162742
0.167455
0.162566
0.161113
0.158143
0.155389
0.150616
0.158974
0.159248
0.160124
0.156958
0.159745
0.1569
0.153637
0.1578
0.173355
0.171422
0.16777
0.16433
0.16218
0.160816
0.159845
0.159193
0.158859
0.158691
0.158694
0.158954
0.159898
0.162411
0.164374
0.166265
0.167546
0.168899
0.167734
0.167268
0.16532
0.164276
0.163345
0.159139
0.157966
0.163493
0.159492
0.157448
0.154448
0.158768
0.165348
0.167943
0.16957
0.169684
0.169452
0.168439
0.164063
0.165737
0.164047
0.163112
0.161835
0.160841
0.16003
0.164705
0.162474
0.168208
0.165518
0.161729
0.160638
0.157931
0.155734
0.151024
0.158863
0.158294
0.159169
0.155007
0.158913
0.156767
0.15684
0.159863
0.172368
0.170764
0.166813
0.163608
0.161643
0.160236
0.159243
0.158628
0.158425
0.158316
0.158785
0.159205
0.161761
0.163675
0.165271
0.166356
0.167952
0.169079
0.167899
0.166219
0.165338
0.1613
0.164917
0.165195
0.161897
0.158681
0.167534
0.161895
0.163366
0.16093
0.168468
0.171782
0.169598
0.162394
0.166293
0.167193
0.164556
0.163129
0.161937
0.159506
0.157284
0.155684
0.164641
0.168263
0.168244
0.167366
0.163662
0.161199
0.160317
0.15777
0.156382
0.151828
0.158779
0.158134
0.154846
0.160624
0.158095
0.157546
0.159754
0.160618
0.168562
0.16674
0.166255
0.163412
0.161535
0.160138
0.159161
0.15872
0.158551
0.158414
0.159264
0.160171
0.1529
0.153435
0.153532
0.15446
0.157957
0.150499
0.150019
0.150969
0.144126
0.163074
0.142291
0.148156
0.151563
0.163694
0.164975
0.163479
0.162401
0.164968
0.171088
0.170268
0.163032
0.160809
0.16263
0.161123
0.158845
0.156085
0.154753
0.154471
0.153159
0.163944
0.167843
0.168439
0.167847
0.166681
0.162386
0.160998
0.160267
0.157768
0.157661
0.160544
0.158792
0.158211
0.164998
0.160149
0.157598
0.15858
0.160752
0.169399
0.162281
0.16476
0.162355
0.163887
0.161901
0.161068
0.159976
0.159461
0.158618
0.154184
0.153183
0.154735
0.152281
0.152277
0.152593
0.1525
0.151924
0.150526
0.149535
0.150529
0.151672
0.13468
0.139027
0.150165
0.143369
0.152977
0.159114
0.155432
0.163204
0.155076
0.160228
0.159652
0.154275
0.159739
0.157916
0.154799
0.153864
0.153654
0.153563
0.151403
0.163591
0.167456
0.168355
0.168746
0.167303
0.165831
0.161818
0.160904
0.16023
0.157854
0.159634
0.162181
0.158452
0.161251
0.156831
0.159517
0.15789
0.159297
0.160591
0.163053
0.161273
0.160786
0.160254
0.160853
0.16287
0.159359
0.158879
0.156962
0.155127
0.154121
0.153728
0.152775
0.152426
0.15227
0.152176
0.151717
0.150901
0.14941
0.147966
0.148863
0.150162
0.15386
0.13883
0.134103
0.136125
0.154925
0.152743
0.13779
0.135395
0.153658
0.156447
0.155788
0.155357
0.151985
0.151494
0.152997
0.153367
0.153409
0.151352
0.163213
0.167639
0.168604
0.169111
0.168075
0.166085
0.163911
0.160732
0.160558
0.159825
0.158248
0.162664
0.157283
0.157872
0.163172
0.154511
0.158891
0.158815
0.160356
0.161174
0.162419
0.161071
0.171882
0.160697
0.162517
0.159378
0.158521
0.159025
0.158686
0.155645
0.154691
0.153764
0.152719
0.152315
0.152479
0.152269
0.151685
0.150919
0.149415
0.146698
0.145888
0.146831
0.149384
0.143537
0.13889
0.150255
0.159283
0.159466
0.161917
0.165093
0.165661
0.163915
0.159601
0.153504
0.15033
0.150116
0.148774
0.150561
0.165563
0.166323
0.167689
0.168766
0.169436
0.169334
0.167702
0.166134
0.160149
0.156316
0.154192
0.154368
0.160847
0.163025
0.156874
0.153065
0.162666
0.154942
0.157908
0.159239
0.160357
0.16148
0.161979
0.162866
0.163264
0.160949
0.161115
0.163567
0.158438
0.15889
0.160447
0.158972
0.158691
0.159467
0.161507
0.152717
0.152798
0.152705
0.152115
0.151385
0.150237
0.147743
0.146718
0.147345
0.149176
0.142217
0.138445
0.156476
0.157684
0.161033
0.165169
0.163306
0.163566
0.164257
0.164641
0.165271
0.16101
0.166193
0.167199
0.168105
0.168856
0.169434
0.169719
0.169785
0.169537
0.168555
0.166757
0.165161
0.162656
0.160405
0.160789
0.161537
0.161586
0.164543
0.156231
0.154122
0.1637
0.159203
0.15838
0.160589
0.161772
0.163478
0.168722
0.163087
0.163314
0.16996
0.168591
0.161377
0.159025
0.15767
0.158996
0.159603
0.158954
0.159183
0.161135
0.15592
0.152924
0.153134
0.152603
0.151882
0.151085
0.148879
0.147665
0.148188
0.149672
0.143221
0.148209
0.154937
0.161723
0.165597
0.164897
0.163932
0.164475
0.165017
0.16539
0.163656
0.162159
0.167628
0.168673
0.169599
0.16995
0.170084
0.170094
0.169795
0.169078
0.167667
0.166359
0.159714
0.157027
0.156075
0.16071
0.163364
0.162022
0.166035
0.158108
0.157852
0.164098
0.159111
0.159233
0.161263
0.162836
0.164287
0.164146
0.165995
0.16765
0.166375
0.167459
0.169233
0.164807
0.159952
0.157635
0.15947
0.160011
0.159174
0.159883
0.156506
0.153703
0.153949
0.15367
0.152966
0.152215
0.151189
0.149182
0.150292
0.150681
0.143595
0.165659
0.165629
0.165452
0.165285
0.165091
0.164603
0.164921
0.165863
0.161206
0.151402
0.148773
0.168549
0.169542
0.170199
0.170267
0.170191
0.16991
0.169365
0.168472
0.167065
0.165385
0.163544
0.16135
0.160473
0.160791
0.162861
0.160325
0.16615
0.151786
0.15978
0.16262
0.159016
0.160542
0.161911
0.163433
0.164824
0.16228
0.163622
0.164422
0.165043
0.16685
0.16574
0.167524
0.16748
0.162411
0.158757
0.160709
0.160873
0.156942
0.154197
0.15394
0.154357
0.154521
0.154159
0.15363
0.153059
0.152046
0.150582
0.151353
0.148133
0.166255
0.166211
0.164068
0.163861
0.16416
0.164439
0.165006
0.165529
0.166366
0.167212
0.168019
0.168949
0.169555
0.170111
0.17022
0.169944
0.169286
0.168184
0.16672
0.164663
0.162525
0.161138
0.160605
0.160971
0.160671
0.160611
0.158163
0.163632
0.153653
0.162031
0.159592
0.159339
0.161369
0.16211
0.163943
0.165123
0.161034
0.164638
0.165129
0.16539
0.165138
0.166026
0.165004
0.1656
0.168403
0.165229
0.161347
0.162735
0.160971
0.15629
0.154364
0.154073
0.154695
0.154635
0.154189
0.153738
0.15319
0.151182
0.150898
0.154531
0.164423
0.166022
0.164444
0.163935
0.16417
0.164785
0.165781
0.166714
0.167818
0.168809
0.169366
0.169577
0.169925
0.170189
0.170101
0.169587
0.168543
0.167022
0.165228
0.162842
0.160614
0.158833
0.159166
0.160285
0.16046
0.160137
0.157557
0.162334
0.156746
0.163074
0.159098
0.160133
0.161461
0.162235
0.164633
0.165885
0.159914
0.16339
0.163459
0.164237
0.164844
0.165411
0.165851
0.164478
0.164582
0.169575
0.16727
0.159466
0.158527
0.160416
0.159095
0.156669
0.15528
0.155453
0.154954
0.154366
0.153918
0.151948
0.154398
0.152506
0.162131
0.165498
0.165032
0.164277
0.1646
0.165498
0.166355
0.167498
0.168202
0.168902
0.169107
0.169478
0.171287
0.162538
0.169486
0.169633
0.168614
0.166958
0.164866
0.161612
0.159009
0.157432
0.157947
0.159426
0.159898
0.159417
0.157459
0.162512
0.159464
0.164043
0.157598
0.160558
0.160364
0.162685
0.165434
0.166365
0.164691
0.164213
0.16257
0.16275
0.163835
0.163318
0.164349
0.164133
0.162997
0.168008
0.164144
0.163869
0.162443
0.163549
0.162368
0.160862
0.160413
0.159925
0.158817
0.158809
0.159237
0.159126
0.156708
0.150151
0.1606
0.166317
0.165428
0.165166
0.165025
0.16536
0.147288
0.149438
0.153372
0.15345
0.153768
0.154852
0.15648
0.156049
0.153621
0.169254
0.16863
0.166258
0.163612
0.159974
0.156654
0.155995
0.157533
0.158946
0.158903
0.158365
0.157651
0.163953
0.162914
0.165728
0.156862
0.158816
0.159085
0.163791
0.165791
0.166085
0.165433
0.16454
0.159814
0.162949
0.159119
0.158502
0.162971
0.165544
0.166508
0.166663
0.166234
0.165438
0.16454
0.163801
0.162957
0.162386
0.161667
0.159882
0.15865
0.159847
0.15796
0.150084
0.147451
0.154614
0.158574
0.165637
0.166148
0.158976
0.147649
0.158953
0.154258
0.156016
0.155831
0.156811
0.156724
0.162725
0.161848
0.160707
0.15941
0.169086
0.166421
0.162682
0.157854
0.154447
0.15489
0.156491
0.15768
0.157672
0.156956
0.156783
0.15911
0.166364
0.164353
0.164947
0.158969
0.155057
0.159012
0.164596
0.164203
0.162464
0.165908
0.164019
0.164295
0.165168
0.166106
0.166676
0.166995
0.167231
0.167383
0.167269
0.16673
0.165828
0.16477
0.163747
0.162876
0.162184
0.161301
0.158497
0.154908
0.152944
0.15189
0.151108
0.150554
0.15323
0.156639
0.162838
0.15809
0.156187
0.157595
0.158536
0.160216
0.160404
0.160678
0.160308
0.15855
0.156459
0.153332
0.150964
0.161468
0.160288
0.158991
0.164151
0.157104
0.155892
0.156338
0.156694
0.156333
0.155318
0.160893
0.154748
0.159767
0.165834
0.164
0.160191
0.157816
0.153833
0.160956
0.165472
0.166083
0.160829
0.158886
0.160614
0.163459
0.164922
0.166269
0.166633
0.166786
0.16689
0.166957
0.166906
0.166659
0.165856
0.164772
0.164142
0.163136
0.162091
0.160509
0.157601
0.154448
0.15263
0.151591
0.152407
0.151787
0.158609
0.153276
0.156627
0.158815
0.159372
0.158126
0.158072
0.147198
0.143035
0.144684
0.143445
0.142992
0.143074
0.143689
0.144321
0.145038
0.146169
0.146938
0.147603
0.148928
0.150336
0.160175
0.152235
0.15312
0.15829
0.154371
0.154714
0.159569
0.163341
0.163475
0.159822
0.155508
0.154598
0.162324
0.165195
0.163104
0.158728
0.158084
0.158491
0.1619
0.164132
0.16573
0.165956
0.16599
0.166031
0.166106
0.166171
0.16613
0.165836
0.165157
0.164411
0.16346
0.162008
0.15963
0.156431
0.153945
0.152723
0.152626
0.152735
0.155365
0.158349
0.166112
0.163017
0.159006
0.159504
0.160327
0.158158
0.160758
0.157874
0.157845
0.158256
0.160368
0.161608
0.161508
0.161368
0.160741
0.156027
0.155284
0.154137
0.154391
0.154684
0.154659
0.153941
0.152442
0.155764
0.15382
0.16018
0.160615
0.157217
0.159527
0.157028
0.154917
0.159038
0.164106
0.162755
0.163429
0.165718
0.161939
0.16236
0.163408
0.164341
0.164812
0.164911
0.16489
0.164957
0.165117
0.165303
0.165409
0.165342
0.165036
0.163618
0.162353
0.160026
0.156869
0.154371
0.15293
0.152588
0.151477
0.152194
0.155708
0.158496
0.160038
0.153836
0.159314
0.159564
0.160233
0.160742
0.161025
0.161076
0.161073
0.160943
0.157744
0.155291
0.152531
0.152176
0.152443
0.152877
0.153309
0.153689
0.15396
0.153998
0.153695
0.152925
0.15158
0.154734
0.15307
0.160201
0.158073
0.152521
0.159181
0.141913
0.168974
0.164385
0.167229
0.161601
0.15627
0.163106
0.162967
0.162741
0.162735
0.162863
0.163034
0.163249
0.163438
0.163611
0.163872
0.164176
0.164398
0.164461
0.164247
0.162019
0.160024
0.156927
0.15432
0.152786
0.152419
0.151922
0.151401
0.153345
0.155403
0.158495
0.155907
0.157624
0.158622
0.15906
0.15967
0.160231
0.150768
0.160742
0.160679
0.158286
0.152953
0.152274
0.152198
0.152393
0.152667
0.152925
0.153136
0.153299
0.153338
0.153157
0.15268
0.151978
0.158338
0.154075
0.159853
0.159606
0.157489
0.150939
0.15389
0.150658
0.168377
0.166324
0.166742
0.161197
0.162205
0.162208
0.161623
0.161102
0.160874
0.160829
0.16098
0.161315
0.161722
0.162111
0.162459
0.162769
0.163006
0.163042
0.162815
0.159616
0.156761
0.154032
0.152551
0.152238
0.152209
0.152049
0.151859
0.154015
0.154905
0.158247
0.156579
0.15478
0.155989
0.157812
0.158628
0.158353
0.150646
0.160503
0.160525
0.160129
0.152533
0.152343
0.152372
0.152478
0.152564
0.15261
0.152613
0.152547
0.15237
0.151944
0.151341
0.150638
0.154814
0.159771
0.159466
0.159337
0.15712
0.147233
0.152266
0.140499
0.164368
0.166923
0.164955
0.162299
0.161019
0.160783
0.15989
0.159306
0.158929
0.15885
0.159042
0.15944
0.15996
0.160503
0.160983
0.161361
0.161527
0.161437
0.160997
0.15717
0.154125
0.152397
0.152022
0.152265
0.152512
0.152923
0.152556
0.154034
0.154658
0.158422
0.157237
0.154641
0.153942
0.154937
0.155542
0.156176
0.153734
0.153321
0.152784
0.159376
0.159723
0.152204
0.15207
0.15209
0.152112
0.152072
0.151909
0.15163
0.151144
0.150418
0.147622
0.153639
0.159721
0.159417
0.159464
0.159279
0.157352
0.147728
0.153035
0.142234
0.160287
0.164545
0.164314
0.163979
0.160051
0.158962
0.158096
0.15758
0.157297
0.157309
0.15755
0.157975
0.158531
0.159143
0.159744
0.160215
0.160432
0.160308
0.159526
0.154359
0.152273
0.151766
0.151927
0.151985
0.151938
0.151987
0.151177
0.153457
0.158329
0.160471
0.158657
0.155198
0.15326
0.153417
0.159365
0.157597
0.155762
0.154565
0.153873
0.153846
0.154314
0.155007
0.155799
0.156575
0.157137
0.157509
0.157822
0.158108
0.158345
0.158522
0.158682
0.158853
0.159012
0.159203
0.159443
0.159577
0.158226
0.151705
0.149854
0.151179
0.160983
0.164382
0.164505
0.164598
0.159224
0.157588
0.156946
0.156563
0.156396
0.156475
0.156743
0.157167
0.157703
0.158311
0.158899
0.159353
0.159554
0.159254
0.15753
0.152124
0.151577
0.151561
0.15115
0.150487
0.149768
0.148979
0.148082
0.153991
0.159004
0.159725
0.160473
0.158851
0.155149
0.153706
0.16015
0.15899
0.158
0.15661
0.155774
0.155236
0.154984
0.154855
0.154736
0.154671
0.154669
0.154776
0.155028
0.155441
0.155955
0.156549
0.157134
0.157695
0.158198
0.158669
0.159156
0.159633
0.159149
0.154152
0.147072
0.157153
0.161214
0.163631
0.166135
0.164895
0.160111
0.156685
0.15621
0.155879
0.155797
0.155924
0.156214
0.156636
0.157148
0.157698
0.158208
0.158565
0.158602
0.157421
0.154432
0.151377
0.151359
0.150589
0.14943
0.148356
0.146528
0.143239
0.141679
0.148854
0.159347
0.160766
0.162919
0.162855
0.158679
0.158555
0.160479
0.159923
0.159568
0.158426
0.157202
0.155956
0.155031
0.154395
0.153986
0.153771
0.153717
0.153797
0.154025
0.154397
0.154906
0.155502
0.156121
0.156746
0.157379
0.158028
0.158702
0.159362
0.159133
0.155041
0.149259
0.157651
0.165558
0.163173
0.165623
0.164986
0.158703
0.155948
0.155406
0.155164
0.155157
0.155328
0.155635
0.156051
0.156537
0.157014
0.157439
0.157691
0.157081
0.154457
0.152009
0.151222
0.150599
0.149138
0.147976
0.145648
0.140636
0.138127
0.143816
0.154166
0.153033
0.15908
0.163649
0.163861
0.157615
0.157868
0.160355
0.160375
0.160135
0.15944
0.15816
0.156548
0.155256
0.154375
0.153812
0.153448
0.153265
0.153232
0.153346
0.153607
0.15403
0.154547
0.155139
0.155751
0.156429
0.157203
0.158072
0.158987
0.159139
0.155899
0.146756
0.15798
0.152494
0.160672
0.164716
0.164723
0.160718
0.156
0.154573
0.154381
0.154443
0.154649
0.154965
0.155361
0.155807
0.156253
0.156633
0.156533
0.154628
0.151973
0.151038
0.150848
0.149556
0.148235
0.145383
0.139039
0.137202
0.139495
0.141499
0.143095
0.14593
0.151771
0.160604
0.15864
0.159342
0.157675
0.159769
0.160767
0.161224
0.16036
0.158954
0.15735
0.156076
0.154963
0.154121
0.153539
0.153154
0.152949
0.152899
0.153024
0.153425
0.153151
0.152541
0.152879
0.153595
0.154476
0.155363
0.156032
0.155619
0.151728
0.147154
0.158188
0.156463
0.161107
0.1617
0.162911
0.161466
0.158116
0.154019
0.153548
0.15364
0.153884
0.154211
0.154591
0.155022
0.155495
0.155767
0.154779
0.152264
0.150671
0.150747
0.150261
0.148993
0.146432
0.139281
0.140156
0.144727
0.143547
0.144507
0.147451
0.146347
0.146124
0.152418
0.159123
0.156912
0.157207
0.159289
0.161441
0.161049
0.159501
0.158479
0.157032
0.15545
0.154101
0.153207
0.152055
0.150784
0.150622
0.150757
0.151089
0.151591
0.152214
0.152934
0.1537
0.154507
0.155262
0.155816
0.155843
0.154238
0.149605
0.148632
0.155164
0.152936
0.165047
0.156374
0.157682
0.161301
0.157396
0.155285
0.152993
0.152815
0.153033
0.153408
0.153804
0.154261
0.154743
0.154633
0.152806
0.150657
0.149944
0.150583
0.149798
0.148199
0.141737
0.140404
0.151229
0.13798
0.141548
0.154232
0.152517
0.150885
0.145875
0.159554
0.159543
0.157669
0.15689
0.15934
0.159873
0.159684
0.159121
0.158042
0.156433
0.15355
0.152493
0.151897
0.151562
0.151499
0.15164
0.151953
0.152427
0.153013
0.153651
0.154292
0.15489
0.155416
0.155779
0.155766
0.154826
0.151919
0.148409
0.157065
0.167672
0.153117
0.158057
0.155745
0.155053
0.158636
0.158379
0.15677
0.155278
0.152191
0.152048
0.152345
0.152788
0.153329
0.153794
0.15323
0.151203
0.149528
0.149417
0.150322
0.149577
0.145865
0.13921
0.148076
0.13835
0.147225
0.137667
0.143595
0.147935
0.157975
0.162859
0.16069
0.157627
0.158658
0.156517
0.15673
0.15829
0.159163
0.159029
0.15644
0.155104
0.154281
0.153629
0.153178
0.152928
0.152934
0.153127
0.153461
0.153907
0.154386
0.154841
0.15524
0.15554
0.155687
0.155514
0.15474
0.152748
0.149162
0.154267
0.161717
0.16281
0.140973
0.139487
0.156732
0.144815
0.157871
0.156582
0.156882
0.157521
0.156293
0.153665
0.151755
0.152065
0.152694
0.153148
0.152214
0.150111
0.148718
0.149001
0.149834
0.148687
0.143092
0.142059
0.14308
0.143896
0.148846
0.153024
0.157366
0.154064
0.158535
0.154484
0.15031
0.16059
0.157262
0.155654
0.156099
0.158016
0.158936
0.156653
0.15586
0.155342
0.15485
0.154451
0.154179
0.154058
0.154119
0.154304
0.15456
0.154856
0.15512
0.155322
0.155423
0.155365
0.155051
0.154293
0.152783
0.150112
0.147908
0.161433
0.163968
0.160834
0.155141
0.144802
0.147884
0.142387
0.14202
0.141259
0.141055
0.141534
0.142565
0.157579
0.156749
0.151884
0.151271
0.151858
0.151148
0.14903
0.147661
0.147859
0.148665
0.1626
0.164007
0.162344
0.167
0.152471
0.142734
0.150285
0.158197
0.15707
0.159662
0.15303
0.148043
0.146076
0.156769
0.154228
0.156175
0.157862
0.155866
0.155878
0.155656
0.155385
0.155113
0.154901
0.154758
0.154713
0.154786
0.155052
0.155695
0.156808
0.157761
0.158187
0.158208
0.157832
0.156907
0.155579
0.153477
0.151163
0.155601
0.169712
0.155908
0.151482
0.157551
0.14649
0.157934
0.137548
0.137012
0.13681
0.1368
0.137356
0.137782
0.13817
0.140447
0.141891
0.143672
0.145679
0.147931
0.150026
0.150126
0.143646
0.161818
0.145982
0.15404
0.15595
0.156248
0.158847
0.156787
0.158568
0.153757
0.158904
0.161739
0.150998
0.147412
0.146937
0.145263
0.155265
0.156525
0.155151
0.155354
0.155566
0.155529
0.155268
0.155109
0.15514
0.157148
0.158745
0.159227
0.15941
0.15951
0.159522
0.159413
0.159151
0.158704
0.15802
0.157043
0.155673
0.153804
0.153451
0.148946
0.150094
0.144253
0.14919
0.148087
0.147079
0.160503
0.14066
0.142756
0.138366
0.137658
0.137846
0.13897
0.140484
0.141817
0.143099
0.144617
0.146103
0.147735
0.148949
0.147401
0.140282
0.140698
0.143742
0.148228
0.151772
0.152808
0.155419
0.162037
0.159551
0.150254
0.162414
0.162511
0.149863
0.146712
0.14543
0.144507
0.163403
0.157578
0.154806
0.155137
0.155322
0.15531
0.155161
0.157161
0.159068
0.159356
0.159441
0.159473
0.15945
0.159351
0.159149
0.158827
0.158365
0.157822
0.157275
0.156485
0.154988
0.153816
0.158102
0.146459
0.142944
0.155451
0.151706
0.148936
0.14707
0.16008
0.152526
0.154237
0.143892
0.140812
0.139638
0.139924
0.14091
0.14221
0.143716
0.145243
0.146887
0.147724
0.148282
0.144884
0.138511
0.139101
0.141651
0.146103
0.149863
0.151349
0.15267
0.151488
0.147999
0.148584
0.158089
0.159709
0.147627
0.144019
0.142101
0.14197
0.142442
0.162164
0.155639
0.155071
0.155164
0.155114
0.155743
0.159001
0.159319
0.159349
0.159319
0.159242
0.159109
0.15891
0.158646
0.158398
0.158269
0.158054
0.157159
0.155749
0.154577
0.157265
0.144791
0.13966
0.147725
0.151854
0.153866
0.148823
0.14697
0.146119
0.158398
0.153548
0.156583
0.152352
0.143962
0.143113
0.14262
0.143012
0.144181
0.145821
0.147395
0.148566
0.147697
0.143513
0.137687
0.137593
0.138885
0.143048
0.145969
0.150072
0.153555
0.150734
0.147142
0.145823
0.154346
0.156444
0.14352
0.141159
0.140777
0.14107
0.142573
0.144213
0.16138
0.15551
0.15514
0.154985
0.157289
0.159129
0.159205
0.159184
0.159088
0.158952
0.1588
0.158691
0.158723
0.158856
0.158634
0.157767
0.156509
0.155431
0.157076
0.15446
0.139092
0.144518
0.14911
0.153859
0.158212
0.148002
0.156143
0.158277
0.161121
0.161278
0.159672
0.156706
0.151884
0.144793
0.143396
0.142777
0.143632
0.14524
0.147054
0.148627
0.148758
0.143739
0.137506
0.136236
0.138318
0.141643
0.144762
0.146527
0.14817
0.149084
0.146459
0.142553
0.153868
0.153371
0.140847
0.140418
0.140421
0.141765
0.144741
0.147879
0.148086
0.160286
0.155507
0.155043
0.156614
0.159055
0.159041
0.159061
0.158945
0.158861
0.158918
0.159139
0.159343
0.15925
0.158607
0.157523
0.156353
0.156907
0.153912
0.151396
0.137755
0.155457
0.148185
0.154362
0.156863
0.148904
0.156753
0.159505
0.161804
0.162423
0.162147
0.161203
0.159522
0.154482
0.146714
0.145311
0.144374
0.144924
0.145606
0.147556
0.148602
0.147079
0.141123
0.137942
0.134588
0.135829
0.138003
0.14035
0.142039
0.141988
0.140284
0.137644
0.151559
0.153567
0.14061
0.140677
0.142108
0.145858
0.149388
0.149001
0.148309
0.147565
0.151018
0.155656
0.156212
0.159045
0.159058
0.158965
0.159168
0.159468
0.159846
0.160112
0.160137
0.159789
0.158963
0.157705
0.157214
0.155426
0.153325
0.151571
0.139221
0.150301
0.159329
0.153616
0.151006
0.150472
0.147254
0.157358
0.161318
0.162576
0.162889
0.162658
0.161989
0.160687
0.156137
0.147229
0.144876
0.143009
0.141825
0.142202
0.142442
0.14248
0.140215
0.136419
0.137748
0.134188
0.132976
0.133171
0.133974
0.135259
0.136478
0.136954
0.140862
0.141361
0.142277
0.14596
0.149848
0.149768
0.148994
0.148151
0.147378
0.146789
0.146451
0.145221
0.156638
0.15956
0.159539
0.159808
0.160435
0.160808
0.160997
0.161063
0.161061
0.160765
0.159881
0.158689
0.158057
0.156101
0.154728
0.153591
0.144128
0.154849
0.158226
0.156935
0.156466
0.151362
0.147245
0.146758
0.146731
0.162153
0.163106
0.163141
0.162918
0.162342
0.160891
0.154949
0.144097
0.140922
0.139854
0.139875
0.139933
0.140037
0.140157
0.139966
0.139363
0.139465
0.139652
0.139967
0.140389
0.141086
0.143143
0.148475
0.150329
0.150266
0.150072
0.149554
0.149611
0.146503
0.1451
0.144541
0.150374
0.146823
0.146108
0.145578
0.144467
0.153505
0.161733
0.162065
0.162101
0.161648
0.161439
0.161396
0.161357
0.160934
0.160369
0.160079
0.159826
0.157432
0.155372
0.154269
0.146284
0.158059
0.160926
0.15648
0.156436
0.151294
0.147276
0.147489
0.147983
0.148373
0.163607
0.163469
0.16325
0.162928
0.162241
0.159625
0.145399
0.138343
0.138508
0.138841
0.139
0.139117
0.139239
0.139304
0.138646
0.138842
0.139124
0.139523
0.1401
0.140979
0.14224
0.143943
0.146384
0.147525
0.148318
0.148853
0.143003
0.142237
0.141974
0.141907
0.14185
0.141668
0.141297
0.140792
0.140425
0.140112
0.142845
0.154948
0.160925
0.161044
0.160525
0.16034
0.160155
0.160176
0.160869
0.161956
0.161717
0.158169
0.156457
0.156517
0.154455
0.155339
0.157104
0.158125
0.155845
0.151514
0.148841
0.150156
0.15122
0.151519
0.165429
0.164056
0.163127
0.162282
0.161426
0.157917
0.154326
0.136579
0.137553
0.13794
0.138112
0.138229
0.138363
0.138497
0.139875
0.140098
0.140325
0.140546
0.140765
0.141023
0.14138
0.14201
0.143761
0.144227
0.145413
0.146113
0.146304
0.142465
0.142765
0.142627
0.141703
0.139834
0.138969
0.138756
0.138692
0.138862
0.139462
0.140725
0.143777
0.156914
0.161615
0.16318
0.163361
0.161701
0.161447
0.162595
0.163181
0.160393
0.158961
0.157801
0.15911
0.15556
0.150893
0.157136
0.158045
0.155513
0.153262
0.153393
0.153569
0.153849
0.167412
0.164053
0.161926
0.160034
0.157802
0.154579
0.153002
0.135651
0.137696
0.138334
0.138818
0.139178
0.13941
0.139648
0.143042
0.143309
0.14355
0.143769
0.143963
0.144157
0.144364
0.144606
0.145823
0.146243
0.148177
0.143709
0.14318
0.143293
0.143263
0.143052
0.142699
0.142231
0.141716
0.141256
0.140905
0.140715
0.140745
0.141016
0.141674
0.142902
0.145956
0.153249
0.152861
0.152616
0.162003
0.161725
0.16295
0.1614
0.161601
0.15484
0.157953
0.158948
0.153378
0.158113
0.158753
0.154336
0.153704
0.153231
0.153238
0.153664
0.163615
0.160718
0.15863
0.157134
0.154804
0.151812
0.14885
0.13578
0.139249
0.140334
0.141196
0.141839
0.142314
0.142725
0.144419
0.144286
0.144134
0.143967
0.143792
0.143599
0.143407
0.143384
0.143022
0.145033
0.151711
0.14783
0.147843
0.147635
0.147239
0.146692
0.146044
0.145302
0.144502
0.143733
0.143074
0.142595
0.142371
0.142418
0.142766
0.143519
0.144716
0.146138
0.149808
0.151045
0.151633
0.160237
0.159284
0.158255
0.163799
0.162755
0.160296
0.161512
0.153233
0.154963
0.15501
0.153104
0.153686
0.153758
0.154152
0.155396
0.155378
0.153756
0.1529
0.15207
0.150529
0.14839
0.145736
0.13393
0.141561
0.143203
0.143971
0.144362
0.144522
0.144514
0.134995
0.132447
0.130923
0.129933
0.129293
0.128886
0.128673
0.128709
0.128831
0.129957
0.152679
0.152557
0.152443
0.152023
0.151358
0.15053
0.14962
0.148655
0.147681
0.146766
0.145953
0.145303
0.144918
0.144833
0.145033
0.14557
0.146311
0.147348
0.14869
0.147474
0.149671
0.151304
0.15601
0.157337
0.164713
0.164068
0.164181
0.16548
0.153946
0.15352
0.154138
0.153205
0.155125
0.155552
0.156477
0.152623
0.150025
0.149045
0.148588
0.148202
0.147712
0.146708
0.145374
0.136131
0.144204
0.145172
0.145152
0.144654
0.142999
0.138943
0.130034
0.129019
0.128352
0.127885
0.127561
0.127352
0.127271
0.127414
0.127656
0.128965
0.156557
0.156233
0.156018
0.155489
0.15468
0.153682
0.152619
0.151553
0.150571
0.149752
0.149112
0.148667
0.148393
0.148224
0.148099
0.148177
0.148536
0.149228
0.149353
0.145656
0.148568
0.150654
0.152622
0.156383
0.164358
0.163986
0.166426
0.165996
0.152119
0.154106
0.154945
0.155259
0.1569
0.15787
0.151707
0.148442
0.147555
0.147156
0.147275
0.147649
0.14778
0.146902
0.14612
0.143253
0.145866
0.145765
0.144053
0.138705
0.134163
0.131581
0.128913
0.128199
0.127707
0.127323
0.127041
0.126897
0.126918
0.127162
0.127679
0.128637
0.158372
0.158022
0.157748
0.157175
0.156304
0.155217
0.154041
0.152864
0.151772
0.150815
0.149929
0.149143
0.148471
0.147964
0.147606
0.147493
0.147499
0.147684
0.147869
0.134305
0.147058
0.150145
0.153072
0.157731
0.164636
0.151102
0.167267
0.155164
0.14888
0.154848
0.15532
0.154919
0.158762
0.149594
0.147872
0.147404
0.147252
0.147447
0.148049
0.148692
0.148823
0.147744
0.146777
0.145794
0.146301
0.145113
0.140125
0.134769
0.131748
0.129986
0.128603
0.128076
0.127714
0.12746
0.127311
0.127307
0.127472
0.127856
0.128719
0.128625
0.158019
0.157876
0.157545
0.156928
0.156046
0.154969
0.153792
0.15258
0.151358
0.150154
0.148848
0.147568
0.14636
0.145376
0.144731
0.144476
0.144518
0.144847
0.145576
0.146571
0.146243
0.149716
0.152733
0.155819
0.159179
0.148661
0.150406
0.156035
0.144314
0.154931
0.155006
0.152491
0.149394
0.149086
0.148944
0.148846
0.148766
0.148761
0.149045
0.149581
0.149911
0.148571
0.144591
0.146168
0.145937
0.144155
0.138149
0.133101
0.130677
0.129381
0.129619
0.129131
0.128827
0.128687
0.128676
0.128858
0.129269
0.13001
0.131843
0.128214
0.155054
0.156053
0.155767
0.155206
0.154463
0.153606
0.152704
0.151811
0.150917
0.150081
0.149102
0.148153
0.147154
0.146272
0.145698
0.145687
0.146275
0.147254
0.148331
0.150423
0.150309
0.1515
0.154306
0.156528
0.159743
0.144803
0.152051
0.147913
0.148858
0.154564
0.155297
0.151978
0.152695
0.153294
0.153487
0.153402
0.153226
0.153077
0.153144
0.15264
0.150107
0.138359
0.145244
0.145691
0.145445
0.14512
0.143378
0.137767
0.13267
0.130484
)
;
    }
    front
    {
        type            cyclic;
    }
    back
    {
        type            cyclic;
    }
}


// ************************************************************************* //
