/*--------------------------------*- C++ -*----------------------------------*\
  =========                 |
  \\      /  F ield         | OpenFOAM: The Open Source CFD Toolbox
   \\    /   O peration     | Website:  https://openfoam.org
    \\  /    A nd           | Version:  13
     \\/     M anipulation  |
\*---------------------------------------------------------------------------*/
FoamFile
{
    format      ascii;
    class       volScalarField;
    location    "0.5";
    object      classifier_w_crossflow_mean;
}
// * * * * * * * * * * * * * * * * * * * * * * * * * * * * * * * * * * * * * //

dimensions      [];

internalField   uniform 0;

boundaryField
{
    inlet
    {
        type            cyclic;
    }
    outlet
    {
        type            cyclic;
    }
    top
    {
        type            calculated;
        value           nonuniform List<scalar> 
7200
(
0.250126
0.255509
0.247866
0.243897
0.24163
0.239716
0.240262
0.241221
0.241577
0.242504
0.244206
0.245706
0.248198
0.249812
0.250899
0.252167
0.253678
0.255278
0.256112
0.257574
0.260155
0.26397
0.268175
0.269859
0.27247
0.273858
0.265796
0.260327
0.264872
0.274289
0.270801
0.283077
0.285252
0.292579
0.238568
0.226396
0.227677
0.202907
0.208961
0.218207
0.224056
0.228205
0.232895
0.239051
0.247204
0.25051
0.250372
0.250421
0.251693
0.254165
0.258093
0.262663
0.271511
0.278714
0.305918
0.29666
0.280765
0.270905
0.267421
0.256228
0.249691
0.249966
0.245338
0.241856
0.239569
0.238046
0.239135
0.24069
0.241853
0.24343
0.245787
0.247804
0.250457
0.252154
0.253281
0.254628
0.256131
0.257994
0.259287
0.260671
0.263221
0.266937
0.271057
0.27682
0.28783
0.296758
0.293073
0.281171
0.280315
0.281217
0.283737
0.285917
0.296948
0.246751
0.227149
0.226191
0.210865
0.223468
0.216393
0.223238
0.22934
0.233853
0.238944
0.245551
0.255245
0.259179
0.259185
0.259253
0.26054
0.263153
0.266401
0.270734
0.282335
0.29682
0.310416
0.28578
0.275451
0.270519
0.265463
0.255378
0.251909
0.24775
0.243312
0.239793
0.237188
0.235882
0.237514
0.239683
0.241739
0.243772
0.246212
0.248267
0.250344
0.251652
0.252264
0.25301
0.254066
0.256007
0.257842
0.25988
0.262974
0.267399
0.273155
0.287686
0.289885
0.281719
0.279928
0.286456
0.289116
0.289052
0.312045
0.275286
0.246065
0.229062
0.224951
0.197969
0.216278
0.21281
0.222803
0.232116
0.237524
0.242623
0.248912
0.257241
0.267715
0.270541
0.270529
0.270953
0.272802
0.276231
0.284117
0.30143
0.362316
0.304057
0.287019
0.278497
0.273844
0.270927
0.265073
0.261678
0.252912
0.248197
0.243616
0.241536
0.241018
0.24976
0.252482
0.249853
0.250654
0.275757
0.239194
0.239409
0.252503
0.262652
0.256776
0.253606
0.257703
0.256994
0.259126
0.261527
0.255389
0.226112
0.242133
0.284197
0.261938
0.273442
0.274296
0.273947
0.30284
0.29239
0.264401
0.226309
0.227282
0.223048
0.198566
0.206466
0.213244
0.222058
0.234539
0.24337
0.248848
0.254996
0.264358
0.276056
0.280608
0.280771
0.280813
0.281929
0.285001
0.291999
0.31479
0.307492
0.298742
0.293803
0.282039
0.277766
0.274382
0.272481
0.266514
0.266844
0.259004
0.254879
0.252525
0.246937
0.244889
0.243739
0.245664
0.246678
0.24812
0.249664
0.254289
0.268872
0.306954
0.244732
0.235197
0.226206
0.220468
0.220517
0.231198
0.24664
0.273011
0.279996
0.273068
0.258237
0.257512
0.262442
0.263851
0.267881
0.274468
0.265854
0.250934
0.192725
0.189989
0.202634
0.211911
0.217149
0.225324
0.236167
0.248948
0.259541
0.26679
0.27518
0.287413
0.289061
0.287585
0.286547
0.28689
0.288835
0.293734
0.308646
0.314321
0.301107
0.298784
0.299938
0.30389
0.346252
0.301563
0.284796
0.278103
0.2583
0.263603
0.263227
0.254163
0.250116
0.24413
0.242496
0.244892
0.246643
0.251028
0.25713
0.262299
0.2645
0.267919
0.271397
0.282642
0.266207
0.240116
0.241694
0.262081
0.265075
0.263536
0.25702
0.256773
0.265944
0.260745
0.270574
0.279645
0.283333
0.241328
0.257291
0.259363
0.214156
0.220163
0.219574
0.222491
0.229045
0.239252
0.253511
0.27519
0.315986
0.315693
0.304724
0.295483
0.289046
0.28518
0.28365
0.283946
0.285378
0.289177
0.300391
0.327992
0.309043
0.288469
0.285811
0.280588
0.275926
0.271341
0.266686
0.268578
0.254067
0.253404
0.24588
0.24091
0.238162
0.236535
0.237401
0.240944
0.243759
0.247001
0.252754
0.251848
0.281593
0.258417
0.231186
0.220524
0.214635
0.211229
0.210343
0.210036
0.209526
0.208731
0.208222
0.208645
0.209585
0.211168
0.215951
0.273761
0.270947
0.269445
0.266455
0.265628
0.285567
0.227752
0.23156
0.232231
0.241078
0.258602
0.290821
0.316482
0.326984
0.330499
0.300258
0.280255
0.284511
0.28199
0.279846
0.279039
0.278859
0.279091
0.278802
0.285439
0.28041
0.27694
0.27563
0.272521
0.269325
0.265848
0.257792
0.259287
0.248041
0.2473
0.240613
0.235515
0.222847
0.233983
0.2312
0.23263
0.232579
0.239795
0.348676
0.280323
0.268752
0.261135
0.255957
0.251981
0.248197
0.244802
0.242928
0.242655
0.242704
0.241932
0.24116
0.242026
0.241581
0.245344
0.254275
0.259462
0.257822
0.26041
0.261679
0.263549
0.250658
0.237246
0.239864
0.243957
0.258927
0.302366
0.317104
0.328275
0.334606
0.285442
0.285145
0.279769
0.276486
0.274668
0.273668
0.272852
0.271872
0.270726
0.268568
0.27029
0.267668
0.26685
0.26572
0.260781
0.256763
0.254408
0.251439
0.253321
0.244462
0.242948
0.24069
0.234598
0.229786
0.226334
0.227426
0.243273
0.293899
0.272218
0.266732
0.265078
0.261692
0.257863
0.254184
0.250551
0.246908
0.243378
0.240709
0.24091
0.241351
0.239976
0.239182
0.240176
0.241193
0.245508
0.253937
0.260292
0.257586
0.259998
0.263297
0.265893
0.245182
0.240018
0.248793
0.261921
0.287216
0.320457
0.327338
0.308773
0.280535
0.278729
0.274806
0.27147
0.269301
0.268187
0.267729
0.267093
0.265934
0.264169
0.261898
0.261399
0.253909
0.251688
0.252715
0.252254
0.249547
0.248824
0.248164
0.250336
0.24437
0.242391
0.239887
0.236632
0.231734
0.233757
0.248708
0.285323
0.271414
0.267343
0.265327
0.264641
0.26247
0.25941
0.256089
0.252487
0.248977
0.245887
0.242701
0.241224
0.241493
0.240912
0.240398
0.240992
0.242099
0.246392
0.255071
0.263839
0.264766
0.265234
0.26669
0.268919
0.244171
0.248285
0.258963
0.276018
0.311072
0.327324
0.310426
0.282496
0.27128
0.268477
0.267771
0.265727
0.264521
0.263782
0.263551
0.263344
0.262665
0.261185
0.259321
0.257887
0.250629
0.246783
0.247965
0.248299
0.246803
0.248136
0.249571
0.251903
0.249066
0.253589
0.245301
0.241823
0.238933
0.24431
0.371758
0.280262
0.272423
0.268519
0.267202
0.266848
0.265079
0.261916
0.258846
0.256031
0.252893
0.249891
0.246308
0.244085
0.244054
0.243844
0.243995
0.245175
0.24626
0.250312
0.258837
0.268045
0.271072
0.271124
0.271652
0.275011
0.258068
0.257755
0.271243
0.296384
0.345742
0.32875
0.291322
0.28048
0.27283
0.260189
0.258247
0.259804
0.260351
0.260476
0.260523
0.260829
0.261418
0.261015
0.260089
0.259531
0.254014
0.249157
0.248711
0.248809
0.24809
0.250558
0.252684
0.255178
0.257507
0.32144
0.259173
0.253193
0.254862
0.273779
0.29106
0.278275
0.273921
0.271002
0.270237
0.270204
0.268921
0.266126
0.263439
0.261038
0.258249
0.2554
0.251763
0.249365
0.249208
0.249113
0.249584
0.250864
0.251974
0.255875
0.263843
0.272895
0.278552
0.280637
0.283846
0.284942
0.277324
0.272015
0.289998
0.311459
0.313558
0.335612
0.287468
0.281531
0.275242
0.269013
0.259162
0.250565
0.253528
0.253732
0.253314
0.254753
0.259829
0.26199
0.262341
0.262081
0.257367
0.255258
0.255286
0.255206
0.252526
0.255095
0.25407
0.258356
0.269657
0.279834
0.318944
0.289604
0.293752
0.304218
0.286257
0.281254
0.277577
0.275143
0.274488
0.274614
0.273713
0.27162
0.269464
0.267493
0.265156
0.26274
0.259485
0.257304
0.257061
0.256906
0.257362
0.258421
0.259403
0.263176
0.27047
0.278773
0.285852
0.289032
0.292067
0.29588
0.313367
0.294401
0.310254
0.361098
0.324305
0.304333
0.287411
0.28291
0.278061
0.273776
0.270541
0.26908
0.26855
0.268956
0.269969
0.270598
0.211682
0.262362
0.266096
0.266236
0.262618
0.26097
0.261027
0.260051
0.260657
0.261015
0.258649
0.267861
0.303204
0.282278
0.306658
0.31174
0.315859
0.297813
0.290901
0.28552
0.282356
0.280159
0.279381
0.279451
0.278879
0.277645
0.276112
0.274667
0.272887
0.27102
0.268461
0.266757
0.266517
0.266261
0.266535
0.267261
0.268181
0.271853
0.27887
0.286801
0.294318
0.299435
0.303642
0.306006
0.318904
0.308348
0.306067
0.312814
0.325565
0.29878
0.288412
0.285374
0.28162
0.278456
0.2765
0.275719
0.275621
0.275916
0.276531
0.27705
0.277045
0.276186
0.268094
0.271425
0.268119
0.265949
0.267416
0.267517
0.274627
0.274709
0.274616
0.274092
0.282675
0.297124
0.314315
0.308706
0.306763
0.301766
0.296104
0.291665
0.287461
0.285246
0.284132
0.283935
0.283562
0.283225
0.282419
0.281595
0.280441
0.279149
0.277306
0.276145
0.276044
0.275891
0.276029
0.276478
0.277186
0.280311
0.286698
0.294794
0.302817
0.309287
0.31585
0.322882
0.311249
0.299997
0.303887
0.312322
0.308084
0.296221
0.289547
0.290914
0.286137
0.281672
0.279287
0.277789
0.277045
0.277939
0.263702
0.27359
0.28015
0.280983
0.280248
0.279491
0.276975
0.2745
0.273774
0.276318
0.283526
0.282318
0.2853
0.28542
0.294131
0.301467
0.320813
0.307991
0.30691
0.303979
0.298779
0.296286
0.29224
0.289502
0.287892
0.2873
0.287102
0.287554
0.287497
0.287279
0.286766
0.286009
0.284814
0.284055
0.284089
0.284086
0.284235
0.284576
0.285125
0.287399
0.292193
0.299485
0.308264
0.315126
0.32184
0.331086
0.310345
0.304725
0.312091
0.315541
0.310571
0.301172
0.297848
0.299974
0.294771
0.290167
0.288406
0.287456
0.287259
0.287455
0.287862
0.287966
0.287458
0.286566
0.288752
0.293871
0.288406
0.286864
0.289062
0.289922
0.290243
0.290973
0.300602
0.301371
0.33581
0.268459
0.310876
0.305573
0.310877
0.308377
0.304109
0.29969
0.295643
0.292416
0.290212
0.289276
0.289401
0.290383
0.290902
0.291178
0.291167
0.290864
0.29018
0.289655
0.289658
0.289715
0.289833
0.290198
0.290668
0.292302
0.295769
0.301391
0.309637
0.316929
0.323298
0.32934
0.333008
0.32155
0.320895
0.321751
0.317376
0.307813
0.303052
0.310963
0.304964
0.300932
0.299039
0.298116
0.29804
0.298454
0.298839
0.298704
0.297607
0.295932
0.293318
0.301336
0.301671
0.302781
0.290365
0.305008
0.30189
0.305723
0.327325
0.32147
0.325716
0.273573
0.308426
0.305524
0.309782
0.308715
0.305682
0.301983
0.297674
0.29406
0.291406
0.290298
0.290698
0.291913
0.292757
0.293326
0.293597
0.293597
0.293306
0.292904
0.292782
0.292763
0.29279
0.293166
0.293514
0.294638
0.297201
0.301689
0.308819
0.316994
0.325464
0.320601
0.333255
0.3261
0.327586
0.329957
0.327828
0.315939
0.314296
0.322989
0.319476
0.316975
0.315559
0.31469
0.314669
0.315087
0.315089
0.314444
0.312529
0.309868
0.293112
0.306042
0.306669
0.309287
0.306963
0.307248
0.318371
0.324567
0.338418
0.332527
0.334394
0.275999
0.266896
0.309774
0.30949
0.307795
0.305477
0.302564
0.298514
0.294896
0.292113
0.29096
0.291366
0.292544
0.29345
0.294081
0.29446
0.294632
0.294585
0.294268
0.294011
0.293896
0.293845
0.294173
0.294359
0.295015
0.296766
0.300339
0.306724
0.318414
0.330958
0.297766
0.296468
0.332591
0.335104
0.336761
0.336147
0.328892
0.327155
0.331587
0.331177
0.331648
0.331634
0.331422
0.331438
0.331506
0.331012
0.330014
0.327962
0.325231
0.310462
0.314067
0.313406
0.316574
0.326196
0.31834
0.332595
0.337243
0.324114
0.318771
0.32059
0.276735
0.310799
0.310427
0.309236
0.307053
0.304499
0.302024
0.298754
0.295618
0.293029
0.291788
0.291963
0.292876
0.293614
0.294103
0.294413
0.294591
0.294614
0.294332
0.293942
0.293741
0.293603
0.293846
0.293831
0.293965
0.294945
0.297653
0.303408
0.337863
0.335631
0.332558
0.290677
0.339849
0.339327
0.338263
0.33811
0.336303
0.33426
0.332796
0.333156
0.335548
0.337504
0.338317
0.338729
0.338944
0.338694
0.338153
0.336902
0.334642
0.324343
0.321047
0.319836
0.321597
0.340125
0.336877
0.342238
0.34407
0.332579
0.327174
0.324195
0.282646
0.312106
0.309793
0.30779
0.306046
0.303528
0.300654
0.298098
0.295522
0.293058
0.291722
0.291728
0.29237
0.292839
0.293137
0.293166
0.293061
0.292999
0.292669
0.292094
0.291822
0.291479
0.291627
0.291422
0.290871
0.291098
0.293014
0.297778
0.338201
0.329886
0.33775
0.33721
0.334484
0.335686
0.333342
0.333103
0.333998
0.331342
0.325955
0.326357
0.32944
0.332631
0.334365
0.335455
0.336346
0.336998
0.337497
0.336601
0.335197
0.328916
0.325351
0.323529
0.323398
0.347224
0.346352
0.347778
0.347454
0.34578
0.345428
0.345484
0.330617
0.267536
0.304031
0.306026
0.305504
0.304213
0.301483
0.297774
0.295513
0.293441
0.292205
0.291938
0.292284
0.292468
0.29246
0.292203
0.291801
0.291416
0.290768
0.28988
0.289401
0.288889
0.288847
0.288361
0.28737
0.28704
0.288223
0.309525
0.339364
0.322233
0.338248
0.336507
0.327957
0.326938
0.324269
0.322928
0.32371
0.319531
0.31216
0.314318
0.31865
0.322459
0.324724
0.326294
0.327639
0.328556
0.327142
0.342271
0.338771
0.331727
0.32782
0.32526
0.32319
0.349613
0.347585
0.349317
0.348496
0.345612
0.345742
0.34775
0.323305
0.304846
0.306755
0.303532
0.3026
0.301508
0.300355
0.297873
0.29395
0.290533
0.289199
0.289186
0.289908
0.290408
0.290524
0.290361
0.289989
0.289432
0.288547
0.287455
0.286687
0.286085
0.285699
0.284992
0.283965
0.283217
0.283104
0.326549
0.33833
0.330335
0.332392
0.330276
0.320254
0.314772
0.311055
0.306316
0.303948
0.295512
0.286322
0.288271
0.296386
0.301364
0.302532
0.301726
0.344325
0.346076
0.344962
0.345004
0.343933
0.335101
0.329275
0.325862
0.322019
0.316126
0.317207
0.348644
0.34742
0.345504
0.345851
0.347854
0.331011
0.313744
0.295256
0.294923
0.294538
0.29343
0.293145
0.293229
0.291712
0.28902
0.286406
0.28492
0.285211
0.28613
0.286854
0.287241
0.28723
0.286855
0.28592
0.284601
0.283485
0.282518
0.281694
0.280678
0.279412
0.278182
0.276858
0.298108
0.318179
0.321731
0.322779
0.320635
0.309852
0.295498
0.288389
0.280906
0.278481
0.270534
0.24341
0.248147
0.272756
0.276279
0.343189
0.353596
0.356836
0.354972
0.353718
0.350134
0.347795
0.338849
0.329986
0.324769
0.320447
0.318126
0.317507
0.322043
0.322327
0.322048
0.331202
0.336714
0.320272
0.326354
0.290894
0.289302
0.284885
0.280341
0.279062
0.28058
0.281401
0.281518
0.282152
0.282228
0.281617
0.280785
0.281054
0.281948
0.282607
0.282817
0.282221
0.280898
0.279551
0.278205
0.276926
0.275524
0.273869
0.272113
0.270463
0.267411
0.265124
0.253873
0.310583
0.306951
0.250096
0.232811
0.22875
0.239362
0.240613
0.234749
0.241589
0.276152
0.337591
0.34092
0.347266
0.34862
0.350598
0.350613
0.35929
0.355296
0.351971
0.340779
0.33112
0.325742
0.321125
0.317581
0.314846
0.309089
0.303581
0.30018
0.305336
0.303533
0.302825
0.292952
0.293306
0.336515
0.277748
0.271622
0.267583
0.264555
0.264517
0.267253
0.271295
0.274401
0.276755
0.277363
0.276217
0.275562
0.275965
0.276628
0.276575
0.275508
0.27417
0.272613
0.271041
0.269254
0.267129
0.264889
0.263017
0.261215
0.260935
0.257802
0.23879
0.262996
0.242045
0.238318
0.234851
0.23139
0.235995
0.254138
0.26906
0.333605
0.338138
0.341057
0.34488
0.348085
0.351113
0.352378
0.35953
0.354394
0.354481
0.343767
0.332213
0.332456
0.327793
0.325218
0.318764
0.308998
0.300374
0.298638
0.298413
0.298471
0.29816
0.281652
0.272298
0.281921
0.294656
0.279414
0.254781
0.258537
0.253782
0.253914
0.258383
0.263978
0.268729
0.271808
0.27272
0.271938
0.270334
0.269858
0.269787
0.268893
0.267637
0.266068
0.264494
0.262761
0.260924
0.259269
0.258042
0.256948
0.258615
0.25696
0.251612
0.243707
0.242983
0.238876
0.239079
0.241063
0.275798
0.33088
0.334552
0.339067
0.343038
0.346485
0.348288
0.351787
0.343942
0.329593
0.325391
0.321104
0.324607
0.326639
0.319532
0.325102
0.332215
0.337418
0.337681
0.331752
0.315028
0.303367
0.300605
0.291291
0.298559
0.25558
0.255272
0.257523
0.263976
0.272045
0.3015
0.246379
0.250157
0.248961
0.250815
0.255311
0.261283
0.26633
0.268792
0.26931
0.268516
0.266094
0.26463
0.263624
0.262577
0.261399
0.26048
0.259828
0.259545
0.259849
0.26058
0.259091
0.257819
0.254654
0.257042
0.240917
0.247571
0.252725
0.2701
0.338301
0.340257
0.341507
0.341729
0.345747
0.319154
0.307208
0.293413
0.288251
0.286111
0.285618
0.286574
0.287369
0.287474
0.284299
0.284819
0.296428
0.373473
0.286601
0.29057
0.29673
0.297299
0.298431
0.333272
0.297885
0.302967
0.289876
0.302513
0.253405
0.253221
0.259224
0.267869
0.306747
0.240961
0.248426
0.251757
0.255916
0.262041
0.267555
0.269966
0.270114
0.269538
0.266899
0.263534
0.262142
0.261341
0.260721
0.260702
0.2615
0.26228
0.261915
0.262301
0.267396
0.251799
0.267786
0.255348
0.248691
0.284478
0.352177
0.348461
0.348643
0.320029
0.298669
0.28548
0.283165
0.283439
0.282125
0.277239
0.272618
0.269071
0.266003
0.264373
0.263843
0.264659
0.266294
0.270115
0.279134
0.356658
0.253595
0.25264
0.260268
0.272613
0.290713
0.304436
0.299127
0.292248
0.306433
0.304366
0.294121
0.28708
0.259076
0.285665
0.256339
0.237349
0.240024
0.248486
0.250803
0.257648
0.264007
0.267561
0.269431
0.268622
0.268932
0.265436
0.265505
0.266982
0.268482
0.271648
0.281974
0.247354
0.260866
0.286481
0.358197
0.35954
0.358158
0.358453
0.340889
0.316805
0.298473
0.29038
0.286583
0.280139
0.271036
0.265406
0.262161
0.25996
0.256778
0.25477
0.252666
0.251256
0.249877
0.249632
0.249775
0.250567
0.252395
0.257444
0.265401
0.274975
0.268979
0.241482
0.232916
0.233236
0.23737
0.246962
0.277653
0.236733
0.256201
0.277442
0.296363
0.302867
0.291523
0.274996
0.267846
0.265399
0.26428
0.263693
0.265688
0.268254
0.270879
0.273056
0.275
0.276465
0.280284
0.283707
0.288355
0.295691
0.307093
0.381652
0.369099
0.360573
0.349192
0.33278
0.309397
0.319449
0.294416
0.294415
0.278095
0.273483
0.269601
0.265831
0.262061
0.25535
0.25114
0.24867
0.247203
0.246605
0.247061
0.247561
0.247538
0.247944
0.247934
0.248224
0.248223
0.248249
0.248875
0.251223
0.256491
0.26276
0.269652
0.286367
0.261064
0.235456
0.228407
0.226239
0.236378
0.230751
0.234735
0.241628
0.254165
0.270427
0.280634
0.286395
0.288351
0.288106
0.286934
0.285718
0.285188
0.285134
0.28568
0.286348
0.287035
0.288689
0.294072
0.314205
0.370076
0.334012
0.322595
0.312497
0.300405
0.289894
0.284922
0.280367
0.273997
0.27709
0.271546
0.272113
0.266072
0.261821
0.254927
0.250726
0.247126
0.244471
0.243168
0.243092
0.24382
0.245276
0.247633
0.25045
0.252903
0.255646
0.257301
0.257705
0.255905
0.253534
0.252678
0.254257
0.257138
0.260085
0.26456
0.271853
0.281546
0.295191
0.278452
0.244634
0.240602
0.266354
0.246607
0.24643
0.248538
0.254769
0.26036
0.265672
0.270043
0.272403
0.273449
0.273737
0.273137
0.272427
0.271901
0.271858
0.272738
0.275179
0.282253
0.306403
0.349502
0.314429
0.297708
0.28747
0.28187
0.277388
0.273843
0.27041
0.265172
0.267271
0.262461
0.264398
0.256437
0.250229
0.247379
0.245213
0.24367
0.243055
0.243958
0.246567
0.250535
0.25612
0.260175
0.262714
0.260165
0.252439
0.255672
0.256527
0.256365
0.255186
0.254291
0.254354
0.255803
0.25707
0.259551
0.263284
0.265613
0.267314
0.266629
0.272285
0.288727
0.280863
0.289584
0.296303
0.24052
0.271776
0.268276
0.266977
0.267009
0.267251
0.267288
0.267004
0.265897
0.264037
0.261391
0.25933
0.259963
0.26438
0.270512
0.276275
0.280521
0.283211
0.289662
0.343313
0.292395
0.281212
0.275167
0.272023
0.265545
0.264991
0.260458
0.268105
0.262403
0.249923
0.248487
0.248369
0.249202
0.252152
0.259513
0.265289
0.247268
0.256342
0.260748
0.265301
0.267961
0.268615
0.268435
0.267398
0.266271
0.265091
0.263937
0.264141
0.265365
0.266678
0.268998
0.272548
0.27517
0.277106
0.278235
0.277247
0.281071
0.291111
0.291481
0.292978
0.297947
0.301369
0.301836
0.303239
0.305352
0.325817
0.341815
0.406465
0.309212
0.295609
0.284646
0.275324
0.269518
0.268189
0.266652
0.264405
0.261821
0.258437
0.253774
0.252327
0.256328
0.263757
0.269072
0.266298
0.266639
0.277676
0.273518
0.273746
0.301187
0.262065
0.262169
0.264419
0.249057
0.254439
0.285723
0.311671
0.313295
0.318417
0.312291
0.279592
0.274182
0.274636
0.276803
0.276894
0.275619
0.274867
0.274357
0.274779
0.275717
0.277256
0.279785
0.283527
0.286224
0.288153
0.288697
0.289242
0.293294
0.302437
0.30234
0.303573
0.305221
0.306045
0.305028
0.304885
0.303837
0.30196
0.299857
0.296945
0.294536
0.293815
0.30099
0.354709
0.340289
0.329589
0.31345
0.256057
0.251212
0.24562
0.242432
0.238983
0.236658
0.235091
0.23343
0.23014
0.271423
0.308586
0.313715
0.296538
0.3014
0.261211
0.259033
0.272931
0.311318
0.310574
0.312636
0.316581
0.322016
0.330281
0.29386
0.282038
0.281706
0.28373
0.287475
0.290424
0.287443
0.286023
0.285543
0.286004
0.286833
0.288348
0.290825
0.294309
0.29671
0.298474
0.299548
0.300871
0.304169
0.310552
0.310247
0.311466
0.31317
0.313751
0.312384
0.311702
0.310608
0.308539
0.305511
0.301968
0.299119
0.297115
0.294578
0.293038
0.293376
0.296364
0.338803
0.333032
0.323967
0.315929
0.309857
0.303864
0.300301
0.298757
0.297905
0.293732
0.293574
0.30956
0.311421
0.311347
0.307836
0.31924
0.277645
0.307971
0.317963
0.321127
0.326863
0.363847
0.333339
0.343191
0.347332
0.318985
0.29829
0.295087
0.297556
0.305407
0.303199
0.297494
0.296496
0.296647
0.297045
0.298176
0.300253
0.303144
0.305089
0.306523
0.307658
0.309121
0.31182
0.316209
0.31607
0.317747
0.31914
0.319392
0.318091
0.317292
0.316249
0.314357
0.311211
0.307633
0.305103
0.303015
0.301135
0.300431
0.302139
0.31229
0.362555
0.34359
0.332936
0.324559
0.317348
0.311037
0.307858
0.30768
0.309351
0.305113
0.303598
0.318889
0.327935
0.329777
0.318293
0.323218
0.284483
0.2902
0.325556
0.332268
0.332698
0.336075
0.341648
0.346089
0.347415
0.350313
0.354656
0.360608
0.31477
0.312246
0.31983
0.311977
0.306758
0.305711
0.30551
0.306213
0.307713
0.309894
0.311515
0.312785
0.3137
0.314996
0.317292
0.320684
0.320847
0.32286
0.323914
0.32415
0.323071
0.32243
0.321446
0.319246
0.315794
0.31217
0.309193
0.306673
0.304797
0.304029
0.304568
0.308231
0.34216
0.351254
0.343442
0.337136
0.3272
0.318456
0.316092
0.318937
0.322017
0.315718
0.312241
0.327921
0.291526
0.28511
0.339731
0.330318
0.338528
0.338448
0.33745
0.338546
0.337978
0.33799
0.341105
0.343387
0.343544
0.34501
0.346886
0.348789
0.354318
0.368776
0.320827
0.322919
0.318746
0.314578
0.313272
0.313381
0.313884
0.315124
0.316451
0.317751
0.318504
0.319566
0.32162
0.324452
0.324804
0.327032
0.327899
0.328188
0.327407
0.326898
0.325798
0.323258
0.319566
0.315787
0.312583
0.309963
0.308148
0.307614
0.308193
0.309972
0.315698
0.369041
0.353104
0.34557
0.339203
0.329738
0.328746
0.334002
0.333484
0.323927
0.318632
0.333657
0.316601
0.291337
0.303231
0.339465
0.342059
0.341602
0.341356
0.339992
0.337112
0.335846
0.337288
0.338553
0.338586
0.339192
0.339767
0.341053
0.345015
0.351792
0.361728
0.325781
0.323763
0.324287
0.320532
0.319
0.318913
0.319986
0.32092
0.321879
0.322544
0.323456
0.325256
0.327849
0.328345
0.330567
0.331245
0.331563
0.330999
0.330546
0.329305
0.326471
0.322618
0.318833
0.315609
0.313033
0.311277
0.310716
0.311099
0.311944
0.313241
0.320206
0.362889
0.356595
0.353823
0.349049
0.345638
0.345261
0.339707
0.329614
0.322903
0.336246
0.346788
0.302073
0.302826
0.348925
0.348443
0.344442
0.341166
0.338363
0.334879
0.33286
0.333118
0.333424
0.333046
0.332935
0.332526
0.332877
0.335593
0.340534
0.346026
0.35787
0.377443
0.395048
0.328617
0.323175
0.32285
0.323822
0.324748
0.325839
0.326278
0.326958
0.328532
0.33102
0.331669
0.333619
0.334076
0.33434
0.333883
0.333352
0.331911
0.328872
0.324975
0.321298
0.31821
0.31578
0.31411
0.313445
0.313522
0.313783
0.313869
0.314702
0.320137
0.357325
0.376658
0.35423
0.35443
0.352202
0.347207
0.335011
0.327318
0.338824
0.351218
0.302543
0.2966
0.359914
0.353155
0.34464
0.340317
0.336656
0.332764
0.330103
0.329014
0.328121
0.326913
0.326199
0.3253
0.325181
0.327007
0.33052
0.333354
0.338858
0.348717
0.35615
0.372679
0.329604
0.326334
0.326807
0.328285
0.329526
0.329726
0.33022
0.331611
0.334133
0.334894
0.336328
0.3365
0.336587
0.336113
0.335402
0.333616
0.330417
0.326733
0.323326
0.320476
0.318235
0.316667
0.315906
0.315668
0.315486
0.31508
0.314794
0.31521
0.316433
0.319738
0.365189
0.357965
0.355979
0.353103
0.34199
0.332144
0.342008
0.359963
0.299481
0.296579
0.362777
0.354255
0.342928
0.336634
0.332091
0.328353
0.325032
0.322644
0.321082
0.319901
0.319127
0.318271
0.31783
0.319004
0.320742
0.321932
0.319198
0.323942
0.337171
0.349042
0.369875
0.331252
0.330787
0.331375
0.332935
0.333221
0.333496
0.334697
0.337234
0.338243
0.33898
0.338628
0.338393
0.337692
0.335902
0.332031
0.328992
0.327166
0.324985
0.322613
0.320568
0.319068
0.318209
0.317708
0.31717
0.316402
0.315696
0.315366
0.315049
0.31501
0.31817
0.366453
0.359199
0.357425
0.352971
0.33717
0.339228
0.360389
0.299944
0.298536
0.370421
0.353306
0.341689
0.334548
0.328825
0.325345
0.321935
0.318703
0.316948
0.316029
0.315297
0.314594
0.314279
0.315303
0.317208
0.319084
0.318895
0.318773
0.32081
0.327278
0.344613
0.344158
0.33499
0.334834
0.336135
0.336643
0.337193
0.337742
0.341437
0.346297
0.342312
0.340634
0.339428
0.33589
0.328304
0.322672
0.321074
0.323446
0.325629
0.324678
0.322957
0.321506
0.320497
0.319733
0.318895
0.31782
0.316978
0.316552
0.315994
0.315361
0.31564
0.320039
0.361507
0.361629
0.359031
0.342079
0.330186
0.351845
0.306445
0.305784
0.371682
0.352066
0.339346
0.332233
0.326972
0.322643
0.319656
0.316807
0.314528
0.313346
0.31242
0.311498
0.310811
0.311439
0.313263
0.316674
0.325787
0.328953
0.323184
0.323885
0.335239
0.34881
0.340792
0.339485
0.340495
0.340757
0.342374
0.341766
0.342527
0.343613
0.344738
0.341548
0.333041
0.326257
0.32148
0.318358
0.317449
0.319496
0.325206
0.326855
0.325527
0.324071
0.322877
0.321903
0.320906
0.319805
0.318789
0.31791
0.317212
0.316416
0.316009
0.316971
0.321111
0.334353
0.363419
0.342958
0.338315
0.345385
0.313581
0.311619
0.366539
0.350889
0.339418
0.331741
0.326871
0.322551
0.319044
0.315834
0.313323
0.311482
0.309964
0.308444
0.307121
0.307137
0.308177
0.31016
0.313209
0.317401
0.330528
0.336453
0.331453
0.336028
0.366089
0.342809
0.343422
0.342992
0.345469
0.343897
0.345082
0.340892
0.3263
0.325
0.322541
0.319549
0.316501
0.314706
0.31521
0.317419
0.322008
0.329081
0.329449
0.327996
0.326755
0.325598
0.324245
0.322984
0.321736
0.320482
0.319578
0.318764
0.318316
0.318829
0.320043
0.322372
0.327435
0.340016
0.343077
0.347596
0.370839
0.318345
0.36085
0.351207
0.341464
0.333933
0.328089
0.323556
0.319167
0.315303
0.311789
0.309315
0.307099
0.304865
0.302855
0.302209
0.302438
0.30321
0.304469
0.306295
0.3098
0.312491
0.314951
0.318367
0.323164
0.340513
0.347581
0.346867
0.348698
0.347576
0.346046
0.342575
0.324759
0.317472
0.316294
0.313982
0.312071
0.31183
0.314058
0.317943
0.323255
0.331439
0.332281
0.330884
0.329532
0.32812
0.326704
0.325259
0.323836
0.322572
0.321629
0.320655
0.32015
0.320389
0.320771
0.321025
0.318127
0.320793
0.340409
0.334793
0.35002
0.324536
0.380256
0.358597
0.349309
0.337013
0.330595
0.324799
0.319256
0.314172
0.309588
0.306356
0.303388
0.300527
0.298046
0.296859
0.29654
0.296666
0.297177
0.298028
0.299951
0.301588
0.303421
0.305289
0.30751
0.311686
0.335819
0.34751
0.347717
0.347219
0.343532
0.342009
0.326315
0.316091
0.311009
0.307957
0.30666
0.307918
0.312156
0.318365
0.324765
0.334521
0.337338
0.336097
0.334617
0.333022
0.331476
0.329821
0.328245
0.326905
0.325769
0.324627
0.323989
0.323995
0.323887
0.322905
0.319748
0.319514
0.325199
0.342946
0.357595
0.325968
0.328178
0.332732
0.356418
0.345118
0.334439
0.325238
0.318822
0.312049
0.306265
0.302174
0.298547
0.295405
0.292862
0.291422
0.290862
0.290726
0.290957
0.291361
0.292695
0.294001
0.295495
0.296749
0.297498
0.298404
0.296901
0.333909
0.341599
0.343502
0.339214
0.337142
0.321302
0.309341
0.302974
0.29982
0.299175
0.301553
0.307245
0.315694
0.324201
0.3348
0.341571
0.341148
0.339842
0.338368
0.336868
0.335152
0.333518
0.332066
0.33077
0.329495
0.328725
0.328513
0.328058
0.326776
0.324481
0.323823
0.326685
0.332634
0.334103
0.329183
0.329765
0.330755
0.332476
0.387698
0.329962
0.335624
0.31722
0.308483
0.301411
0.296613
0.292748
0.289784
0.287527
0.286179
0.285618
0.285447
0.285595
0.285773
0.286753
0.287805
0.28908
0.290402
0.290966
0.291
0.289937
0.281987
0.292196
0.332011
0.333692
0.328345
0.311835
0.299401
0.293124
0.290409
0.290574
0.293964
0.300275
0.309683
0.320116
0.33091
0.34264
0.344452
0.344033
0.34328
0.342192
0.340746
0.339252
0.33784
0.336473
0.335112
0.334255
0.333846
0.333204
0.332031
0.330391
0.329755
0.330907
0.332272
0.334228
0.333379
0.333855
0.33497
0.335437
0.336254
0.338815
0.323284
0.325003
0.304938
0.29487
0.289903
0.286429
0.284122
0.282401
0.28131
0.28079
0.280609
0.280607
0.280526
0.281193
0.281909
0.282833
0.283922
0.284628
0.284298
0.284049
0.277213
0.271532
0.282301
0.327182
0.313828
0.302097
0.287943
0.28218
0.280006
0.281245
0.286076
0.29283
0.301788
0.312748
0.323708
0.337721
0.343843
0.345085
0.345685
0.345763
0.345269
0.344425
0.343433
0.342296
0.34104
0.340183
0.33962
0.338933
0.33802
0.336702
0.336169
0.33662
0.336891
0.338649
0.338413
0.338889
0.340073
0.340504
0.340703
0.340859
0.339031
0.324
0.292983
0.287284
0.282604
0.280074
0.278711
0.277452
0.276418
0.275697
0.275248
0.274792
0.274261
0.274384
0.274486
0.274807
0.275103
0.275246
0.274491
0.274603
0.270325
0.261362
0.268998
0.258238
0.306414
0.287545
0.279107
0.273756
0.271423
0.272593
0.278648
0.286384
0.294322
0.304232
0.315179
0.327217
0.338927
0.341695
0.343542
0.345039
0.346094
0.346627
0.346699
0.346402
0.345819
0.345295
0.344824
0.3443
0.343726
0.34263
0.342224
0.342801
0.342352
0.343447
0.343425
0.343878
0.344834
0.345158
0.345043
0.344506
0.342534
0.33603
0.285414
0.28003
0.275134
0.273818
0.27316
0.271853
0.270431
0.26927
0.268438
0.267461
0.266474
0.265953
0.265346
0.265006
0.26452
0.263896
0.262841
0.263106
0.262553
0.251634
0.251356
0.245104
0.307323
0.28176
0.276091
0.271819
0.269523
0.26898
0.273427
0.282218
0.289516
0.297298
0.307273
0.317093
0.330747
0.33584
0.337615
0.339657
0.341752
0.343583
0.344976
0.345979
0.346675
0.347021
0.347149
0.347256
0.34727
0.346832
0.346646
0.347484
0.34692
0.346763
0.346817
0.347103
0.347221
0.347108
0.346331
0.344619
0.341935
0.336945
0.316463
0.27305
0.271823
0.268411
0.266703
0.265056
0.263385
0.26208
0.26123
0.260273
0.259279
0.258561
0.257591
0.256813
0.255935
0.255012
0.254165
0.254562
0.256543
0.246282
0.242581
0.241112
0.315621
0.28697
0.278563
0.276298
0.273223
0.271613
0.27334
0.28236
0.289823
0.294594
0.301644
0.310263
0.32139
0.330541
0.331407
0.332665
0.33457
0.336581
0.338512
0.340307
0.341969
0.343278
0.344332
0.345309
0.346191
0.346873
0.347314
0.348307
0.348171
0.346349
0.346443
0.346447
0.345252
0.34449
0.342912
0.340069
0.336851
0.332767
0.323937
0.261375
0.264605
0.26364
0.260062
0.258495
0.257186
0.256219
0.255659
0.255083
0.254398
0.253867
0.252902
0.251943
0.251076
0.250183
0.249523
0.249881
0.252437
0.244624
0.238794
0.240091
0.254589
0.292721
0.280134
0.274637
0.272177
0.271679
0.273761
0.284328
0.294388
0.297032
0.299679
0.305825
0.314749
0.326278
0.327124
0.327088
0.327953
0.329338
0.330931
0.332623
0.334432
0.336042
0.337504
0.338934
0.340386
0.342039
0.342946
0.343848
0.344545
0.341673
0.341784
0.34161
0.339462
0.3383
0.336464
0.333346
0.330098
0.326531
0.319959
0.28388
0.25345
0.258534
0.255607
0.254408
0.253553
0.252892
0.25251
0.252206
0.251804
0.251505
0.25066
0.24971
0.248903
0.247935
0.247001
0.247081
0.249551
0.24404
0.237458
0.240001
0.246676
0.291688
0.277573
0.271496
0.269336
0.269902
0.273998
0.28663
0.29533
0.298252
0.30009
0.302922
0.31036
0.321825
0.323052
0.322564
0.322752
0.323509
0.324588
0.325887
0.32744
0.328925
0.330324
0.331796
0.333294
0.335048
0.335943
0.336661
0.337959
0.335079
0.335143
0.334958
0.332496
0.331293
0.32953
0.326527
0.323366
0.320087
0.314204
0.30691
0.240009
0.251705
0.25396
0.25326
0.252287
0.25164
0.251235
0.251011
0.25064
0.251649
0.250938
0.248936
0.248057
0.246855
0.245531
0.245578
0.24781
0.24361
0.237158
0.239905
0.245998
0.288566
0.275826
0.270178
0.267999
0.26923
0.274625
0.286379
0.291679
0.295512
0.298897
0.300853
0.308385
0.316999
0.317023
0.316777
0.317242
0.317967
0.318992
0.320392
0.321935
0.323358
0.324564
0.32584
0.327292
0.328913
0.329493
0.32998
0.33155
0.328901
0.328767
0.328635
0.326101
0.324924
0.323218
0.320215
0.316933
0.313687
0.308339
0.301834
0.232959
0.250818
0.251888
0.256781
0.255681
0.254758
0.253891
0.253419
0.252703
0.253268
0.252632
0.250951
0.249802
0.248113
0.24642
0.246091
0.247046
0.242949
0.237203
0.242039
0.246117
0.311369
0.272368
0.26866
0.266752
0.268098
0.27349
0.284815
0.292598
0.294504
0.29773
0.301692
0.310337
0.310881
0.310265
0.310301
0.311444
0.312202
0.313806
0.315695
0.317498
0.319013
0.319921
0.320889
0.322536
0.324299
0.324704
0.324988
0.326691
0.324194
0.323917
0.323812
0.321186
0.319968
0.318217
0.315245
0.311941
0.308771
0.304066
0.2992
0.295458
0.252059
0.253191
0.267441
0.264081
0.26199
0.259319
0.258399
0.256691
0.25716
0.256098
0.254063
0.252796
0.250421
0.248368
0.247732
0.248147
0.242862
0.23745
0.243033
0.244552
0.239279
0.275196
0.267952
0.268671
0.275518
0.277141
0.291268
0.312208
0.310041
0.268883
0.307405
0.304779
0.30455
0.304338
0.305737
0.307366
0.308529
0.310242
0.31303
0.315129
0.316372
0.316102
0.318521
0.320224
0.322415
0.323026
0.322868
0.324555
0.322341
0.321954
0.321897
0.31899
0.317563
0.315734
0.311818
0.307985
0.303794
0.299427
0.293771
0.35703
0.318231
0.289548
0.244563
0.238839
0.235125
0.220871
0.279629
0.2722
0.272421
0.268262
0.264064
0.260991
0.256523
0.253971
0.251389
0.249921
0.243055
0.239516
0.242483
0.243468
0.240039
0.235447
0.232907
0.232674
0.23572
0.242294
0.246606
0.245607
0.250413
0.254265
0.25493
0.258009
0.26212
0.252685
0.299232
0.343716
0.319731
0.321618
0.328601
0.347657
0.307443
0.314408
0.316185
0.317998
0.319901
0.321473
0.320603
0.322741
0.321285
0.321726
0.320549
0.317735
0.346135
0.347298
0.349755
0.352236
0.354088
0.355129
0.356081
0.289628
0.357218
0.2854
0.311422
0.261385
0.254648
0.280722
0.239964
0.277264
0.283063
0.277374
0.27241
0.227324
0.224438
0.28508
0.263975
0.257177
0.246165
0.242221
0.2427
0.237654
0.237985
0.235658
0.232197
0.234852
0.257816
0.22856
0.235818
0.241882
0.246797
0.251198
0.255434
0.260015
0.26475
0.271414
0.311841
0.343512
0.332798
0.336115
0.340724
0.344703
0.347385
0.350769
0.351672
0.349328
0.34891
0.352095
0.345664
0.341364
0.339508
0.339119
0.337251
0.336074
0.334754
0.335951
0.337327
0.338959
0.340534
0.341858
0.344515
0.346191
0.347987
0.352433
0.356968
0.364507
0.271831
0.266735
0.2485
0.232652
0.221073
0.275185
0.264433
0.265332
0.265393
0.265105
0.260374
0.25251
0.244108
0.242638
0.231054
0.234118
0.237075
0.238994
0.241104
0.244186
0.25211
0.260756
0.269049
0.277559
0.289784
0.353108
0.347768
0.345793
0.345302
0.3442
0.341785
0.340983
0.33935
0.336413
0.332546
0.329464
0.327991
0.326194
0.322361
0.319773
0.318115
0.319255
0.318092
0.318148
0.314046
0.316658
0.315027
0.314994
0.314991
0.315606
0.315167
0.315028
0.315386
0.3166
0.31923
0.323565
0.330124
0.343562
0.363519
0.325463
0.292923
0.28573
0.281021
0.279237
0.276598
0.272637
0.267874
0.26454
0.263702
0.264249
0.257285
0.246367
0.237878
0.233447
0.269626
0.27277
0.277954
0.282201
0.286723
0.290558
0.294121
0.295731
0.297921
0.31027
0.359451
0.333132
0.32315
0.317944
0.31552
0.314096
0.312124
0.308216
0.301819
0.295292
0.291054
0.289285
0.287644
0.286111
0.284271
0.283372
0.28261
0.282447
0.281828
0.282047
0.281081
0.282583
0.282231
0.282484
0.282874
0.283608
0.284217
0.284995
0.286126
0.287722
0.290154
0.294974
0.305869
0.329768
0.402469
0.285155
0.271476
0.268526
0.268103
0.271004
0.273487
0.270652
0.268149
0.266891
0.266746
0.2677
0.268598
0.269246
0.268545
0.267479
0.300567
0.304529
0.305526
0.305544
0.304977
0.304415
0.302736
0.300203
0.296432
0.293052
0.294518
0.317865
0.342902
0.3195
0.312551
0.307715
0.301612
0.296745
0.291697
0.285974
0.2827
0.281163
0.279163
0.277336
0.275405
0.274204
0.273339
0.272768
0.271189
0.271056
0.270829
0.272638
0.27257
0.27328
0.274179
0.275675
0.277293
0.279211
0.281418
0.28397
0.287503
0.293698
0.307171
0.346234
0.309645
0.281392
0.268346
0.264418
0.263865
0.265143
0.265518
0.263514
0.262604
0.262511
0.26346
0.266324
0.271127
0.276894
0.28403
0.292893
0.27627
0.274861
0.271931
0.271168
0.271347
0.272239
0.272681
0.27359
0.273608
0.273321
0.274978
0.278895
0.287662
0.310411
0.332699
0.315253
0.306731
0.303405
0.296911
0.289286
0.284187
0.281144
0.27828
0.276176
0.274178
0.272338
0.271329
0.270331
0.267457
0.266722
0.267151
0.26911
0.269165
0.270402
0.271717
0.273796
0.276306
0.279255
0.282706
0.287049
0.293368
0.306374
0.34183
0.309778
0.286832
0.273598
0.266797
0.263944
0.263443
0.263548
0.262878
0.261333
0.2605
0.260397
0.260829
0.261688
0.263626
0.266169
0.270903
0.275948
0.265158
0.261836
0.259343
0.259865
0.261687
0.264247
0.26637
0.269121
0.271639
0.273748
0.276875
0.281104
0.288367
0.30464
0.3136
0.323983
0.312363
0.304909
0.304111
0.303418
0.297122
0.288535
0.283364
0.280276
0.277975
0.275629
0.275058
0.273427
0.268938
0.267165
0.268915
0.26998
0.269775
0.271049
0.271975
0.273678
0.275
0.267727
0.284479
0.292882
0.301483
0.310301
0.357443
0.329156
0.317477
0.311497
0.307345
0.253128
0.25961
0.259534
0.250648
0.298711
0.294489
0.259361
0.264591
0.2667
0.268287
0.267977
0.268481
0.268656
0.316486
0.313651
0.312623
0.315509
0.323668
0.327621
0.32966
0.332216
0.335319
0.338175
0.339772
0.344415
0.364492
0.304004
0.296044
0.292019
0.289271
0.287531
0.284338
0.285095
0.284669
0.280208
0.276414
0.273529
0.270999
0.268925
0.269304
0.269547
0.262754
0.259665
0.261017
0.265707
0.264824
0.267747
0.270919
0.274969
0.279974
0.286829
0.29443
0.301431
0.310007
0.316807
0.355934
0.32216
0.260906
0.261952
0.257887
0.263926
0.264865
0.264707
0.263489
0.26175
0.289081
0.307192
0.312244
0.318183
0.321987
0.32275
0.321782
0.319617
0.331169
0.336184
0.332511
0.330495
0.330567
0.33169
0.333037
0.334714
0.336437
0.337963
0.339373
0.340622
0.342602
0.350134
0.375584
0.319386
0.307096
0.302489
0.296195
0.294186
0.29006
0.286601
0.284637
0.28199
0.279008
0.276391
0.276596
0.277033
0.270776
0.268554
0.270362
0.275006
0.27393
0.276801
0.279878
0.283961
0.289368
0.296123
0.304107
0.311123
0.318785
0.396864
0.325881
0.317139
0.266205
0.266607
0.263055
0.26605
0.266817
0.266464
0.265579
0.264013
0.256405
0.306087
0.309979
0.315789
0.318205
0.320065
0.322727
0.326092
0.337135
0.333118
0.330372
0.329754
0.330157
0.330792
0.332014
0.333532
0.335135
0.336854
0.338563
0.340385
0.342651
0.344577
0.345988
0.34922
0.37654
0.325058
0.312005
0.303223
0.295731
0.292413
0.291356
0.29053
0.288203
0.285801
0.285835
0.286054
0.281023
0.279134
0.281549
0.285885
0.283544
0.285943
0.288518
0.292411
0.297953
0.304365
0.311338
0.317616
0.322859
0.354107
0.328899
0.311132
0.272505
0.267766
0.264261
0.267457
0.269098
0.26924
0.268408
0.267794
0.267626
0.257818
0.309805
0.315599
0.317724
0.320797
0.324108
0.329305
0.334022
0.331087
0.329697
0.329754
0.330244
0.331182
0.332567
0.333454
0.334506
0.33565
0.337055
0.33893
0.341818
0.344029
0.344399
0.343001
0.348693
0.384975
0.320309
0.308738
0.304528
0.30184
0.297872
0.295531
0.293353
0.292709
0.292579
0.291968
0.290111
0.290231
0.291089
0.295432
0.292159
0.293992
0.295816
0.300344
0.306957
0.313564
0.319624
0.323895
0.378339
0.338224
0.272004
0.282382
0.278775
0.270208
0.265403
0.269446
0.275467
0.273975
0.270584
0.270227
0.272499
0.274647
0.284779
0.287963
0.293512
0.272634
0.331989
0.337342
0.332031
0.330271
0.329017
0.328745
0.328943
0.330834
0.334351
0.333725
0.334089
0.334768
0.335889
0.337592
0.340786
0.343797
0.342433
0.337322
0.340161
0.35572
0.389408
0.316894
0.310894
0.310142
0.307772
0.303776
0.302283
0.301106
0.298536
0.29712
0.2966
0.299899
0.300634
0.303483
0.299953
0.300991
0.302322
0.307346
0.314659
0.321925
0.324948
0.331208
0.352355
0.401364
0.317738
0.298575
0.287893
0.275567
0.270881
0.282975
0.282986
0.270822
0.270311
0.27574
0.282512
0.287987
0.292617
0.296265
0.299709
0.301525
0.33518
0.333845
0.332909
0.329992
0.332014
0.329926
0.331501
0.333792
0.334037
0.333995
0.333027
0.333871
0.334842
0.33636
0.339971
0.342302
0.339447
0.335798
0.339029
0.346563
0.377577
0.32775
0.318186
0.314515
0.312093
0.310066
0.309146
0.308439
0.306158
0.304048
0.302712
0.306151
0.308991
0.310998
0.303734
0.30292
0.302826
0.310021
0.320785
0.323181
0.332737
0.326288
0.395357
0.401275
0.325992
0.308003
0.297571
0.285174
0.287739
0.2913
0.271887
0.267156
0.278943
0.28267
0.287003
0.29182
0.29614
0.299276
0.301212
0.301997
0.330605
0.33048
0.328305
0.329236
0.328849
0.327622
0.328648
0.329493
0.330808
0.333291
0.332151
0.333113
0.334804
0.336186
0.339986
0.338205
0.332206
0.332731
0.335878
0.34199
0.355227
0.36812
0.323913
0.31987
0.317378
0.314572
0.312663
0.31293
0.312762
0.311882
0.310016
0.31143
0.31334
0.315925
0.305561
0.295291
0.299203
0.318374
0.320124
0.320202
0.3222
0.319694
0.397266
0.332083
0.31629
0.306389
0.300222
0.29016
0.29159
0.284255
0.272433
0.280753
0.283658
0.285352
0.289925
0.29451
0.298054
0.300527
0.301873
0.302261
0.32879
0.328222
0.327611
0.328925
0.330767
0.330116
0.329472
0.328833
0.332413
0.331554
0.331325
0.332732
0.334126
0.336588
0.340194
0.333141
0.330328
0.330987
0.333712
0.339202
0.349522
0.386902
0.325378
0.323446
0.321516
0.319985
0.316999
0.317326
0.314619
0.306254
0.303776
0.316246
0.317784
0.32027
0.384194
0.316775
0.311946
0.315606
0.311885
0.314948
0.387015
0.394519
0.328533
0.309738
0.302542
0.298491
0.299487
0.296348
0.297365
0.29022
0.285344
0.2852
0.284453
0.287524
0.29193
0.29562
0.298754
0.301245
0.302648
0.30078
0.326569
0.327334
0.328601
0.34
0.336424
0.333576
0.330934
0.329315
0.329277
0.333598
0.332479
0.333854
0.33522
0.337837
0.341003
0.332565
0.330545
0.331326
0.333819
0.337874
0.355676
0.333154
0.327475
0.32639
0.32542
0.322341
0.31623
0.311619
0.318601
0.300115
0.312634
0.317081
0.316949
0.326893
0.309529
0.256435
0.31219
0.318369
0.321036
0.319863
0.317371
0.280832
0.286709
0.285627
0.288269
0.294084
0.30192
0.300046
0.301747
0.298886
0.292057
0.288645
0.286961
0.289054
0.29247
0.295386
0.298541
0.30108
0.302033
0.322305
0.32498
0.326356
0.328285
0.328136
0.328141
0.327927
0.327018
0.327578
0.32906
0.335605
0.330743
0.331811
0.333787
0.338651
0.334308
0.329228
0.328213
0.328889
0.330531
0.330441
0.306246
0.325445
0.332325
0.330871
0.325951
0.31436
0.314982
0.307508
0.304621
0.318099
0.317694
0.315209
0.312849
0.312088
0.387152
0.262442
0.265867
0.31381
0.296271
0.291153
0.286669
0.285565
0.288201
0.290151
0.293659
0.304674
0.317318
0.3107
0.305132
0.29724
0.299725
0.29555
0.287792
0.288078
0.290668
0.294232
0.297715
0.299716
0.304507
0.308087
0.321576
0.324659
0.293855
0.296587
0.296721
0.300676
0.309227
0.344045
0.33718
0.34198
0.353951
0.346327
0.344999
0.34687
0.349274
0.355036
0.365768
0.337495
0.333665
0.332341
0.352893
0.280271
0.328042
0.331554
0.325585
0.312661
0.309552
0.302505
0.315992
0.314751
0.31308
0.311257
0.309475
0.296738
0.360325
0.366274
0.369127
0.311795
0.302461
0.300407
0.299704
0.299884
0.301413
0.29735
0.26509
0.270225
0.279191
0.28324
0.281942
0.28878
0.299656
0.294998
0.287281
0.287122
0.289032
0.292142
0.295888
0.306412
0.322601
0.321701
0.322788
0.334093
0.32386
0.303614
0.302811
0.304356
0.306977
0.345652
0.334987
0.338104
0.338114
0.343165
0.344213
0.345012
0.346769
0.35164
0.37453
0.338506
0.333555
0.330387
0.327125
0.328345
0.361305
0.348006
0.335383
0.326886
0.322963
0.320968
0.30553
0.331586
0.302284
0.296857
0.295255
0.320881
0.369073
0.374157
0.303344
0.295414
0.29661
0.295704
0.295229
0.295147
0.261954
0.264866
0.26589
0.26699
0.271975
0.275354
0.27585
0.285322
0.292638
0.287355
0.28357
0.283536
0.285504
0.288499
0.291185
0.305038
0.306047
0.320925
0.310979
0.323406
0.331442
0.302065
0.298167
0.294508
0.290169
0.295486
0.299349
0.320542
0.312833
0.321307
0.334477
0.339568
0.339989
0.340176
0.338748
0.336598
0.335185
0.333906
0.332383
0.330295
0.330149
0.330914
0.327052
0.313575
0.317474
0.303713
0.301262
0.305641
0.309079
0.32211
0.31909
0.301375
0.302635
0.289069
0.270548
0.290584
0.288993
0.288684
0.288935
0.28974
0.291628
0.293831
0.29684
0.29749
0.257348
0.251289
0.259539
0.276224
0.285317
0.282937
0.279165
0.278481
0.279755
0.283171
0.298232
0.302085
0.303916
0.319686
0.310109
0.322564
0.330394
0.298562
0.293011
0.286545
0.280624
0.283339
0.28614
0.290987
0.297695
0.30474
0.335363
0.334725
0.337065
0.337884
0.337941
0.337806
0.33795
0.33803
0.3378
0.336996
0.336285
0.334869
0.328953
0.311211
0.307269
0.322065
0.29793
0.29633
0.293578
0.292704
0.291577
0.288637
0.288176
0.262018
0.260965
0.283217
0.282099
0.282205
0.282778
0.283757
0.286044
0.288232
0.290457
0.293273
0.295432
0.29387
0.298349
0.263425
0.276914
0.278211
0.274606
0.273305
0.274305
0.277896
0.296389
0.298966
0.313422
0.318219
0.305253
0.321716
0.295896
0.293174
0.286988
0.281122
0.276895
0.278154
0.28117
0.284853
0.288459
0.29421
0.305585
0.324696
0.339073
0.338189
0.33923
0.339918
0.340674
0.341389
0.341533
0.341011
0.340106
0.338438
0.332698
0.313584
0.308291
0.297851
0.29149
0.287295
0.283907
0.282411
0.280691
0.279337
0.278768
0.278824
0.27727
0.276038
0.275474
0.276124
0.277104
0.278455
0.280619
0.28279
0.28492
0.287013
0.287558
0.285915
0.289787
0.299745
0.251973
0.272244
0.270358
0.268404
0.26967
0.284243
0.293068
0.295934
0.313154
0.316673
0.301882
0.320541
0.29325
0.287762
0.283214
0.279207
0.274809
0.274885
0.277948
0.282504
0.28529
0.288528
0.295319
0.309915
0.333375
0.339858
0.342303
0.342008
0.34311
0.344005
0.344062
0.343263
0.342006
0.339856
0.333384
0.316851
0.31186
0.295888
0.282854
0.278647
0.275002
0.273675
0.27204
0.270851
0.270265
0.270391
0.269706
0.268908
0.268815
0.269745
0.271149
0.272896
0.275173
0.277502
0.279695
0.281536
0.281446
0.278754
0.287484
0.290002
0.30111
0.263163
0.26616
0.26495
0.265311
0.284137
0.290728
0.288648
0.310602
0.311817
0.299508
0.317525
0.283696
0.279439
0.276636
0.274381
0.272141
0.27188
0.27491
0.281077
0.285034
0.287644
0.291194
0.300284
0.319392
0.340016
0.342563
0.344265
0.345439
0.345452
0.344983
0.343394
0.341256
0.337634
0.329282
0.318772
0.301204
0.287749
0.273738
0.269286
0.265696
0.264288
0.263246
0.262123
0.261535
0.261737
0.261419
0.260881
0.261237
0.262773
0.264613
0.266849
0.269492
0.271977
0.274113
0.275792
0.275628
0.271896
0.28251
0.284133
0.289011
0.288104
0.26141
0.262298
0.261844
0.285894
0.289153
0.293974
0.306467
0.28315
0.290976
0.287526
0.273119
0.270953
0.269709
0.268934
0.26837
0.268046
0.269294
0.274955
0.281863
0.285236
0.28809
0.292909
0.30589
0.332879
0.342704
0.344361
0.344923
0.344483
0.343724
0.34031
0.336029
0.328215
0.305106
0.289921
0.29235
0.268833
0.265084
0.260196
0.256285
0.254462
0.252998
0.251996
0.252192
0.25225
0.252294
0.252318
0.252869
0.25405
0.256316
0.259109
0.26223
0.265171
0.267623
0.26963
0.270471
0.267223
0.278695
0.288536
0.280268
0.275712
0.25539
0.258711
0.277586
0.285107
0.282238
0.274917
0.277055
0.271296
0.271146
0.274846
0.263369
0.262924
0.262685
0.262798
0.263004
0.263131
0.263631
0.266107
0.273741
0.280535
0.284171
0.287749
0.29415
0.314349
0.341857
0.343515
0.343401
0.342599
0.341646
0.33339
0.322075
0.329866
0.272219
0.267119
0.261846
0.259207
0.257614
0.251628
0.246919
0.244499
0.24276
0.241733
0.242247
0.24267
0.242862
0.242671
0.243004
0.244117
0.246618
0.249901
0.253728
0.257504
0.260736
0.263559
0.265774
0.264323
0.2773
0.236816
0.282083
0.271371
0.249806
0.253137
0.277558
0.277015
0.302422
0.260806
0.261829
0.259916
0.260447
0.263178
0.256404
0.25663
0.256793
0.25719
0.257547
0.257877
0.258552
0.259421
0.262858
0.27203
0.279313
0.283132
0.287304
0.298049
0.328475
0.342321
0.341385
0.340061
0.336323
0.288568
0.275622
0.273355
0.273025
0.267794
0.258837
0.255776
0.25191
0.244396
0.238757
0.235853
0.234159
0.233058
0.233837
0.234546
0.234593
0.23385
0.233596
0.234242
0.236617
0.240107
0.244548
0.249398
0.253883
0.258019
0.26189
0.263251
0.282088
0.244477
0.242573
0.267829
0.246198
0.269312
0.295285
0.259916
0.28991
0.252959
0.252487
0.252605
0.254481
0.255816
0.25194
0.252217
0.252424
0.252837
0.253124
0.253451
0.254155
0.254935
0.256076
0.261071
0.273221
0.279253
0.283063
0.289008
0.309378
0.340108
0.339171
0.337628
0.335215
0.284259
0.279412
0.277619
0.275176
0.269393
0.260848
0.255836
0.249188
0.240151
0.234056
0.230756
0.229496
0.228402
0.229522
0.229281
0.233943
0.227063
0.226845
0.226537
0.22812
0.231353
0.235992
0.241478
0.247424
0.253186
0.258929
0.263472
0.223094
0.240585
0.255776
0.248941
0.245701
0.2916
0.291096
0.266585
0.283817
0.249391
0.248616
0.24845
0.250426
0.251387
0.248789
0.249032
0.249231
0.249613
0.249836
0.250137
0.250762
0.251531
0.252426
0.254326
0.264107
0.276343
0.280538
0.28513
0.296088
0.334416
0.337314
0.335921
0.334025
0.284835
0.282626
0.280898
0.276935
0.271304
0.264573
0.261065
0.252838
0.24432
0.238751
0.234304
0.248916
0.25108
0.25308
0.253087
0.251811
0.248942
0.244421
0.236906
0.224495
0.224485
0.22916
0.234789
0.241468
0.248928
0.256855
0.265603
0.22677
0.237924
0.257966
0.25115
0.245966
0.288852
0.288346
0.283442
0.279927
0.250786
0.245829
0.245658
0.24726
0.248246
0.246371
0.246629
0.246851
0.247217
0.247447
0.247756
0.248341
0.249101
0.250025
0.251382
0.257171
0.274459
0.279728
0.284039
0.290905
0.32142
0.336368
0.335226
0.333072
0.283216
0.283861
0.282843
0.27882
0.251932
0.25722
0.269862
0.271753
0.274055
0.270326
0.264483
0.261597
0.258499
0.256231
0.254689
0.253156
0.251205
0.248643
0.24513
0.240979
0.236242
0.231526
0.224159
0.235851
0.244311
0.210481
0.227884
0.229115
0.236841
0.258765
0.253877
0.245464
0.287864
0.28654
0.281877
0.277208
0.266271
0.245803
0.243536
0.244851
0.245828
0.244641
0.244931
0.245183
0.245565
0.24584
0.246208
0.246824
0.247657
0.24874
0.250415
0.256093
0.275992
0.282741
0.287178
0.291358
0.316126
0.337206
0.334306
0.331871
0.287339
0.255002
0.257274
0.261065
0.2625
0.268285
0.278307
0.293196
0.315744
0.279369
0.2704
0.266236
0.260938
0.25731
0.25526
0.253849
0.252435
0.250671
0.248393
0.245664
0.242463
0.238968
0.234783
0.230798
0.228803
0.230347
0.237926
0.233823
0.237145
0.25903
0.257574
0.246147
0.287838
0.28535
0.280405
0.274966
0.267852
0.260065
0.242146
0.243319
0.244129
0.243965
0.244214
0.244487
0.244945
0.245282
0.245782
0.246567
0.247742
0.249593
0.253977
0.274854
0.275326
0.284163
0.287582
0.293692
0.303708
0.343172
0.341603
0.341966
0.374427
0.294817
0.268093
0.266208
0.263644
0.291165
0.348131
0.337936
0.329009
0.308261
0.27697
0.27375
0.262597
0.257458
0.255854
0.254384
0.253358
0.252352
0.251066
0.249478
0.247576
0.245211
0.242084
0.239033
0.237176
0.241261
0.243226
0.239961
0.240172
0.259795
0.263186
0.249166
0.289528
0.284552
0.27899
0.272706
0.266273
0.261304
0.242164
0.243429
0.243519
0.246725
0.245435
0.24556
0.246376
0.246719
0.247838
0.249926
0.264978
0.263647
0.272239
0.27895
0.284723
0.288516
0.302357
0.316331
0.319691
0.320166
0.321478
0.32325
0.348437
0.358999
0.365413
0.370996
0.370116
0.351571
0.343769
0.331748
0.327792
0.324229
0.310856
0.275612
0.265948
0.258722
0.255977
0.254698
0.253947
0.253326
0.252831
0.252255
0.2515
0.25042
0.248707
0.246698
0.246887
0.247257
0.248273
0.247393
0.241274
0.25026
0.266657
0.254838
0.292649
0.283648
0.277835
0.270404
0.263419
0.259155
0.246333
0.242747
0.246693
0.242815
0.241629
0.241722
0.243942
0.245261
0.24897
0.253818
0.260237
0.26742
0.274683
0.281646
0.286647
0.296316
0.312356
0.320634
0.321115
0.318903
0.315895
0.309271
0.314261
0.322869
0.321123
0.328404
0.322162
0.321705
0.332028
0.30862
0.310006
0.316804
0.319214
0.305498
0.267402
0.254824
0.252844
0.252754
0.252751
0.252927
0.253054
0.253196
0.253317
0.253239
0.25279
0.252264
0.251813
0.251155
0.251621
0.251846
0.242498
0.255337
0.271464
0.262234
0.293044
0.282272
0.276335
0.269089
0.262228
0.257151
0.249357
0.245264
0.242356
0.243253
0.243412
0.244448
0.24657
0.248733
0.252009
0.256534
0.262116
0.270739
0.27759
0.28319
0.289233
0.300587
0.309466
0.311692
0.312396
0.311267
0.307248
0.300737
0.292667
0.296155
0.290821
0.288422
0.288461
0.286875
0.307689
0.283179
0.284195
0.288831
0.304722
0.316841
0.272291
0.248742
0.247495
0.248004
0.249101
0.250414
0.25093
0.25227
0.253044
0.253898
0.254677
0.254823
0.25465
0.254909
0.25622
0.256926
0.247771
0.256073
0.270634
0.273177
0.300389
0.281943
0.274669
0.266393
0.259724
0.255367
0.250295
0.245653
0.245035
0.246221
0.246233
0.247728
0.250154
0.252695
0.255831
0.259379
0.263824
0.270014
0.276011
0.279479
0.289396
0.296945
0.301162
0.303346
0.304782
0.303966
0.297641
0.286201
0.27867
0.280362
0.285076
0.281698
0.279925
0.285177
0.29172
0.277716
0.279251
0.273528
0.280001
0.308765
0.269196
0.244767
0.243537
0.244039
0.245098
0.246194
0.24709
0.248334
0.249259
0.250345
0.251545
0.252692
0.253958
0.2559
0.257742
0.25703
0.24939
0.261474
0.275106
0.28365
0.29321
0.313723
0.288105
0.279082
0.269913
0.262157
0.25541
0.249506
0.246867
0.254328
0.251638
0.251803
0.253417
0.255324
0.257972
0.260631
0.263866
0.268748
0.272259
0.273995
0.285654
0.295513
0.300131
0.302605
0.30257
0.295608
0.286693
0.281184
0.276131
0.271875
0.279258
0.281206
0.278823
0.280956
0.287068
0.277833
0.303982
0.30364
0.25761
0.2628
0.251826
0.242541
0.241558
0.241708
0.242468
0.243242
0.243897
0.244443
0.244467
0.243895
0.244749
0.246569
0.248953
0.251838
0.251521
0.245093
0.251517
0.265413
0.277339
0.288816
0.296178
0.298339
0.380387
0.315512
0.294692
0.285214
0.275011
0.263426
0.257617
0.273614
0.267439
0.264343
0.263745
0.263982
0.264934
0.265455
0.265031
0.265705
0.273212
0.282142
0.283654
0.288337
0.288785
0.284678
0.282999
0.282658
0.277999
0.273431
0.269514
0.264984
0.266816
0.276694
0.277053
0.274818
0.275607
0.277595
0.241441
0.232328
0.233716
0.238667
0.240433
0.239859
0.239949
0.239614
0.240008
0.240507
0.240328
0.239566
0.240821
0.243191
0.244948
0.24701
0.248838
0.243939
0.240935
0.246517
0.255839
0.266435
0.275998
0.2866
0.297296
0.304337
0.310321
0.351005
0.329143
0.329656
0.313463
0.287607
0.278671
0.299589
0.288705
0.280596
0.276162
0.273688
0.273688
0.274536
0.272759
0.272759
0.273688
0.283851
0.286779
0.285926
0.283688
0.28053
0.280358
0.279731
0.274586
0.270168
0.266704
0.262347
0.261735
0.271603
0.276177
0.276761
0.266876
0.273768
0.254308
0.231186
0.232284
0.236812
0.234668
0.235476
0.236447
0.23528
0.235259
0.236998
0.238898
0.240551
0.242498
0.244392
0.245303
0.242577
0.236852
0.235732
0.240517
0.247799
0.256845
0.265305
0.273704
0.2828
0.329315
0.314906
0.313879
0.313346
0.312837
0.317036
0.322943
0.313663
0.306742
0.304193
0.30068
0.296458
0.292424
0.288751
0.284979
0.280886
0.279181
0.285684
0.275056
0.278832
0.278127
0.278091
0.277834
0.276589
0.277006
0.276218
0.271634
0.267212
0.264012
0.260155
0.258953
0.268008
0.275317
0.276918
0.265608
0.273164
0.253745
0.230906
0.229559
0.228186
0.229172
0.231063
0.232897
0.235248
0.237387
0.239137
0.240324
0.240759
0.240147
0.23803
0.233854
0.229843
0.228141
0.227838
0.274084
0.28199
0.289316
0.300806
0.313712
0.352004
0.29551
0.287584
0.285553
0.285158
0.285003
0.287562
0.294443
0.299543
0.302651
0.281821
0.281613
0.280348
0.279729
0.278633
0.272101
0.273318
0.277867
0.274746
0.27403
0.273405
0.273157
0.273386
0.274177
0.273559
0.273518
0.272637
0.269269
0.265061
0.261976
0.258844
0.258352
0.268334
0.277511
0.280045
0.272241
0.261827
0.226242
0.225721
0.229554
0.229357
0.231518
0.235752
0.24051
0.245026
0.247474
0.248732
0.248771
0.247374
0.244516
0.24371
0.26662
0.269569
0.273197
0.277728
0.283973
0.291215
0.300161
0.312194
0.325007
0.291561
0.276828
0.26664
0.242287
0.265208
0.268992
0.272309
0.27615
0.278239
0.279847
0.27143
0.272197
0.270445
0.270955
0.270125
0.273745
0.266933
0.270525
0.277303
0.27281
0.271811
0.271316
0.271048
0.271029
0.270504
0.270035
0.269211
0.267435
0.263946
0.261217
0.25886
0.259516
0.27253
0.288418
0.332915
0.272644
0.227494
0.221056
0.225899
0.230227
0.235802
0.249016
0.251964
0.252458
0.253383
0.254186
0.254641
0.25442
0.253441
0.255693
0.265578
0.267839
0.270874
0.27486
0.279982
0.287149
0.295312
0.304681
0.31442
0.309135
0.281628
0.27395
0.266947
0.260617
0.256703
0.254075
0.215384
0.261163
0.265977
0.268873
0.261311
0.261453
0.264863
0.266374
0.268022
0.267131
0.270147
0.269145
0.272988
0.271353
0.269907
0.269401
0.269092
0.268469
0.267901
0.267588
0.266468
0.265382
0.262527
0.259976
0.257867
0.260056
0.276804
0.288935
0.275344
0.24638
0.225022
0.219736
0.225617
0.229267
0.255327
0.2534
0.252607
0.252752
0.253585
0.254137
0.253476
0.250848
0.246535
0.262909
0.265465
0.268215
0.271767
0.276449
0.282146
0.289446
0.297806
0.305385
0.312574
0.296124
0.277047
0.271116
0.264923
0.260392
0.258664
0.257636
0.25618
0.254935
0.254046
0.254873
0.223174
0.257442
0.247967
0.251455
0.256421
0.26301
0.263594
0.263707
0.267551
0.269025
0.269088
0.2679
0.267179
0.26627
0.265744
0.265759
0.264662
0.263193
0.260726
0.258211
0.255386
0.260301
0.280335
0.289043
0.260094
0.234256
0.221451
0.218142
0.227306
0.238923
0.254957
0.25301
0.251928
0.252928
0.253665
0.252502
0.248782
0.241312
0.237536
0.263051
0.265849
0.269131
0.273317
0.278491
0.283925
0.290838
0.298284
0.306266
0.310078
0.286389
0.274184
0.268706
0.262808
0.259364
0.258035
0.255981
0.255243
0.254738
0.254564
0.254016
0.262404
0.258519
0.251317
0.251606
0.252183
0.255342
0.256373
0.256696
0.25915
0.261099
0.263182
0.264563
0.264819
0.263991
0.263381
0.263135
0.261729
0.259876
0.25781
0.255068
0.251675
0.263695
0.285104
0.285264
0.244391
0.226683
0.218089
0.216264
0.227488
0.241044
0.255074
0.252667
0.251317
0.25264
0.251716
0.244857
0.23564
0.227121
0.228987
0.26348
0.266892
0.270697
0.275165
0.27972
0.283598
0.290523
0.298306
0.304589
0.306925
0.281136
0.271868
0.267192
0.266257
0.263325
0.261968
0.260706
0.260507
0.258771
0.259209
0.258887
0.254416
0.258272
0.247462
0.251247
0.252156
0.258785
0.262865
0.262808
0.259814
0.255617
0.255411
0.257228
0.258867
0.259395
0.259308
0.258925
0.257629
0.255768
0.252888
0.246956
0.25064
0.267556
0.287267
0.251647
0.234535
0.220579
0.214798
0.213907
0.225249
0.238403
0.254005
0.250878
0.24906
0.249481
0.241973
0.228141
0.222741
0.217787
0.259893
0.264464
0.268075
0.271173
0.274008
0.276896
0.282288
0.290306
0.296039
0.300193
0.300662
0.276791
0.268856
0.265827
0.260817
0.256854
0.255171
0.253637
0.25276
0.251385
0.252288
0.251403
0.253298
0.25644
0.245015
0.246803
0.246632
0.250203
0.25294
0.25376
0.258443
0.261282
0.257968
0.25146
0.251454
0.252645
0.252956
0.251255
0.248889
0.245368
0.242054
0.240681
0.25367
0.273924
0.329717
0.233234
0.225802
0.216377
0.211755
0.211092
0.219757
0.229542
0.249551
0.243828
0.23953
0.234322
0.218895
0.211337
0.210846
0.213382
0.262349
0.26524
0.272159
0.275444
0.276149
0.280382
0.286958
0.292788
0.295776
0.299004
0.304036
0.282695
0.274274
0.269839
0.258216
0.255813
0.254771
0.253514
0.252734
0.251527
0.252058
0.25144
0.24948
0.253959
0.238473
0.241722
0.241668
0.244241
0.245953
0.246601
0.248863
0.24983
0.251596
0.25079
0.243304
0.238812
0.23884
0.239004
0.238681
0.236894
0.235325
0.238663
0.26023
0.282616
0.244989
0.22167
0.218559
0.212488
0.208979
0.208093
0.21243
0.215112
0.236138
0.222591
0.216715
0.21134
0.206402
0.206602
0.209357
0.213003
0.26224
0.26406
0.265744
0.264588
0.269621
0.27672
0.281813
0.285728
0.289422
0.292698
0.338299
0.26776
0.264654
0.258343
0.254517
0.252912
0.252158
0.251066
0.250214
0.24901
0.249236
0.248554
0.244834
0.250787
0.233468
0.235881
0.235482
0.237506
0.239001
0.239322
0.241014
0.242069
0.243927
0.245349
0.245853
0.241
0.233848
0.230889
0.230321
0.230899
0.233146
0.243824
0.268903
0.331142
0.228941
0.214479
0.211396
0.208303
0.206547
0.205399
0.205975
0.204508
0.21335
0.203628
0.201727
0.201706
0.20306
0.205569
0.209336
0.213844
0.217285
0.218391
0.26158
0.266251
0.271806
0.276363
0.279364
0.282468
0.287293
0.293523
0.273487
0.261587
0.258309
0.254756
0.251559
0.249326
0.24843
0.247555
0.246695
0.245457
0.245321
0.244421
0.239899
0.246629
0.227642
0.229449
0.229463
0.230525
0.22981
0.230713
0.230862
0.233892
0.235597
0.237341
0.239261
0.240431
0.239375
0.23451
0.230159
0.232324
0.238725
0.250996
0.273581
0.242374
0.218208
0.209012
0.205919
0.204461
0.204613
0.202153
0.202351
0.200878
0.203151
0.200905
0.227322
0.200307
0.204276
0.210489
0.216603
0.218864
0.266636
0.230204
0.263593
0.267913
0.271366
0.273049
0.275667
0.279698
0.285952
0.306746
0.261394
0.255332
0.25231
0.24939
0.247189
0.244888
0.244353
0.24368
0.242841
0.241553
0.241008
0.239754
0.234589
0.241137
0.22099
0.222865
0.221732
0.227839
0.23089
0.228235
0.230894
0.228217
0.225172
0.2288
0.230923
0.232997
0.234491
0.234749
0.232553
0.235896
0.242966
0.261365
0.259127
0.224456
0.210821
0.205209
0.202589
0.201444
0.203683
0.199855
0.200102
0.199229
0.200034
0.200356
0.202949
0.202896
0.209386
0.215817
0.221376
0.226754
0.231075
0.234007
0.26526
0.268233
0.267941
0.268844
0.27238
0.277522
0.289834
0.27126
0.253636
0.249009
0.245811
0.243105
0.241782
0.240318
0.240231
0.239669
0.238805
0.237409
0.236456
0.234794
0.22906
0.235031
0.215947
0.217721
0.224741
0.213056
0.209285
0.210762
0.209808
0.210781
0.224746
0.222523
0.219377
0.225065
0.227174
0.228633
0.229808
0.232359
0.238624
0.25469
0.248342
0.215739
0.206093
0.203196
0.199464
0.200829
0.204567
0.197844
0.198977
0.19948
0.200317
0.200709
0.203683
0.208727
0.215781
0.219342
0.222512
0.227061
0.23155
0.233741
0.266111
0.265392
0.263613
0.26647
0.270424
0.278406
0.30232
0.254663
0.246759
0.242583
0.239317
0.23686
0.236375
0.235733
0.236117
0.235604
0.234729
0.233163
0.231908
0.229849
0.223609
0.229067
0.208993
0.221288
0.206501
0.208439
0.20808
0.206473
0.20681
0.207902
0.207732
0.206539
0.220496
0.219597
0.215676
0.221736
0.225311
0.226944
0.231053
0.246233
0.292684
0.214247
0.207864
0.223371
0.199283
0.204688
0.208086
0.196225
0.198159
0.2003
0.201793
0.203348
0.208881
0.219185
0.217693
0.21746
0.220037
0.224063
0.229301
0.233061
0.261845
0.260377
0.262647
0.266254
0.273754
0.295086
0.271709
0.245444
0.240146
0.23646
0.23363
0.231521
0.231712
0.231855
0.232343
0.231876
0.231024
0.229328
0.227894
0.22558
0.219367
0.22754
0.218174
0.205892
0.207175
0.205366
0.202383
0.199921
0.200003
0.20126
0.202793
0.204616
0.207992
0.206802
0.206583
0.218339
0.2155
0.221594
0.232401
0.239793
0.230754
0.261871
0.248093
0.236473
0.222191
0.227893
0.227191
0.194849
0.198503
0.203183
0.207158
0.209302
0.222281
0.248475
0.253047
0.220099
0.220295
0.224315
0.229729
0.233917
0.261411
0.262259
0.267191
0.284547
0.295379
0.287311
0.246903
0.238476
0.234947
0.232703
0.230602
0.228454
0.229372
0.230037
0.230529
0.230436
0.229429
0.227461
0.226008
0.222469
0.215871
0.216541
0.213116
0.208721
0.204157
0.200064
0.197105
0.194976
0.194832
0.195736
0.197409
0.198735
0.202092
0.204772
0.202054
0.214814
0.210177
0.2187
0.221732
0.228001
0.27952
0.254843
0.246285
0.241507
0.243203
0.235578
0.212724
0.195104
0.200358
0.206154
0.210286
0.223856
0.242767
0.257489
0.26016
0.227548
0.227553
0.22864
0.234951
0.23617
0.226744
0.265664
0.283542
0.293268
0.294721
0.267952
0.237226
0.225929
0.223085
0.221058
0.220194
0.219889
0.222417
0.224682
0.226655
0.227003
0.226594
0.224927
0.223063
0.226714
0.211194
0.204494
0.205072
0.209238
0.217495
0.212395
0.204326
0.202221
0.202054
0.199849
0.200444
0.202018
0.206318
0.204952
0.217409
0.210994
0.214393
0.218773
0.260578
0.250843
0.247687
0.24807
0.248292
0.244399
0.241708
0.239216
0.237119
0.200169
0.206101
0.212814
0.198149
0.237553
0.250976
0.263891
0.267008
0.234606
0.234148
0.233003
0.224692
0.251366
0.239471
0.230171
0.294152
0.290112
0.252008
0.239885
0.228858
0.22217
0.214222
0.213287
0.214638
0.216064
0.220528
0.223955
0.226165
0.226249
0.225628
0.223832
0.22188
0.217419
0.264994
0.264327
0.254366
0.251596
0.249317
0.245996
0.253497
0.266001
0.249214
0.242914
0.236153
0.236233
0.234432
0.237234
0.249077
0.214799
0.248902
0.249016
0.248052
0.249268
0.250013
0.252352
0.254564
0.251289
0.250928
0.248389
0.241781
0.234036
0.232096
0.231287
0.238745
0.248482
0.262372
0.273457
0.275742
0.230788
0.225198
0.302855
0.240446
0.233579
0.227507
0.246506
0.248151
0.236455
0.228
0.222762
0.21922
0.217237
0.217044
0.216432
0.217873
0.220562
0.226202
0.229758
0.23176
0.231957
0.232135
0.232373
0.235624
0.238344
0.269453
0.260758
0.255049
0.250801
0.247646
0.245432
0.245056
0.244002
0.243915
0.243653
0.244141
0.245127
0.247985
0.249646
0.24975
0.248538
0.24798
0.250412
0.251541
0.253839
0.255251
0.257961
0.26029
0.258582
0.259513
0.259261
0.253526
0.245628
0.240706
0.242111
0.248883
0.259186
0.273312
0.281594
0.281788
0.224708
0.266903
0.236954
0.223551
0.211686
0.217756
0.223424
0.225544
0.226071
0.225318
0.223393
0.221374
0.22054
0.220928
0.222565
0.227272
0.232164
0.240361
0.243995
0.246254
0.247427
0.253398
0.276173
0.332256
0.294298
0.267545
0.260013
0.255215
0.251385
0.248667
0.246876
0.246734
0.245516
0.244966
0.245342
0.246306
0.247717
0.250375
0.251901
0.252464
0.252403
0.253027
0.255685
0.256801
0.258935
0.260584
0.263251
0.265854
0.265754
0.267363
0.267428
0.26097
0.25537
0.252849
0.254721
0.260824
0.271466
0.28143
0.286278
0.22623
0.271277
0.237939
0.22798
0.193373
0.213148
0.215754
0.221043
0.225515
0.229927
0.232592
0.232667
0.231561
0.231407
0.232518
0.235002
0.240944
0.246326
0.254301
0.257375
0.260064
0.265084
0.28556
0.300038
0.289171
0.294054
0.26496
0.256215
0.25093
0.247121
0.244605
0.242921
0.243128
0.242818
0.24288
0.243526
0.244469
0.245684
0.248148
0.249787
0.250795
0.251419
0.252451
0.254722
0.255811
0.257758
0.260009
0.262786
0.265893
0.266505
0.268268
0.268157
0.260579
0.256364
0.258007
0.263199
0.270226
0.2782
0.285597
0.286764
0.274702
0.238208
0.227057
0.214559
0.211097
0.213159
0.219695
0.224191
0.228913
0.234968
0.24063
0.242288
0.241634
0.241565
0.24274
0.245037
0.250383
0.25553
0.263041
0.267024
0.275734
0.300259
0.303518
0.27893
0.274324
0.394994
)
;
    }
    hills
    {
        type            calculated;
        value           nonuniform List<scalar> 
7200
(
0.286669
0.283991
0.280482
0.277481
0.274153
0.269791
0.263231
0.248718
0.261625
0.280977
0.268687
0.281591
0.285012
0.2875
0.289448
0.291275
0.292887
0.294282
0.29567
0.296924
0.29958
0.302779
0.30754
0.31352
0.319651
0.315101
0.297477
0.290333
0.270537
0.277312
0.315401
0.317147
0.309479
0.255411
0.254197
0.284239
0.264025
0.288261
0.296452
0.317677
0.284394
0.270553
0.272775
0.284667
0.32567
0.327492
0.333768
0.401514
0.385404
0.377987
0.366602
0.362453
0.344904
0.332199
0.321219
0.310135
0.306054
0.302052
0.295448
0.289146
0.274564
0.276031
0.275584
0.271469
0.237003
0.256178
0.271767
0.282841
0.282648
0.300129
0.296039
0.300221
0.30147
0.300561
0.298127
0.295908
0.294446
0.293182
0.292412
0.29018
0.288329
0.287906
0.288699
0.291402
0.302545
0.286983
0.280131
0.277491
0.279351
0.323615
0.324503
0.31151
0.297196
0.249066
0.288113
0.276949
0.224323
0.2843
0.28525
0.317549
0.280251
0.374604
0.362252
0.359533
0.370303
0.313305
0.2976
0.300722
0.336737
0.384856
0.377327
0.379923
0.326612
0.355669
0.345372
0.301685
0.271966
0.268437
0.261578
0.281072
0.287626
0.289005
0.289995
0.290951
0.291857
0.292271
0.292356
0.297714
0.315255
0.320179
0.31671
0.342474
0.342432
0.338452
0.331797
0.324775
0.318133
0.313524
0.308527
0.302324
0.297773
0.29564
0.295666
0.298082
0.299484
0.29661
0.298416
0.304801
0.309273
0.345285
0.330477
0.322132
0.288024
0.188646
0.303187
0.2872
0.225799
0.2975
0.259219
0.300412
0.279141
0.355647
0.347807
0.337267
0.339641
0.346725
0.359408
0.29819
0.280563
0.276196
0.279937
0.278338
0.290291
0.265953
0.277067
0.261974
0.255119
0.258494
0.262639
0.284358
0.189834
0.189231
0.189292
0.189804
0.190368
0.189718
0.189057
0.189887
0.177313
0.165274
0.161032
0.16105
0.191474
0.179109
0.172126
0.227856
0.280557
0.301631
0.30183
0.305255
0.311407
0.31697
0.322609
0.329057
0.336974
0.340837
0.345981
0.347944
0.341239
0.314742
0.308375
0.294974
0.270439
0.168273
0.230151
0.289336
0.314666
0.375369
0.334937
0.255571
0.162502
0.157599
0.160617
0.187148
0.190772
0.193114
0.195721
0.198756
0.203449
0.214203
0.220363
0.217432
0.25685
0.215972
0.209385
0.204339
0.200412
0.193964
0.192905
0.191821
0.270251
0.267002
0.26711
0.267616
0.266588
0.262495
0.255454
0.245682
0.236697
0.23023
0.224799
0.221343
0.217926
0.21162
0.198482
0.199819
0.18969
0.234138
0.235949
0.231346
0.216299
0.207923
0.199126
0.211244
0.162864
0.161073
0.150236
0.154589
0.16468
0.225371
0.191229
0.143427
0.156996
0.166812
0.253403
0.272056
0.281727
0.317569
0.220732
0.157343
0.159649
0.16809
0.183779
0.182209
0.181535
0.182508
0.193961
0.229092
0.237305
0.219797
0.221965
0.211702
0.263472
0.285999
0.317217
0.295711
0.255431
0.270737
0.278863
0.277775
0.344472
0.347208
0.34942
0.350539
0.351118
0.351591
0.35127
0.349035
0.343248
0.336258
0.305883
0.258884
0.238266
0.254872
0.246209
0.240024
0.201692
0.207304
0.216299
0.224747
0.235353
0.244126
0.251871
0.257295
0.253697
0.241598
0.219099
0.19995
0.188373
0.186313
0.187203
0.188178
0.186281
0.182559
0.172382
0.212475
0.225278
0.158443
0.194691
0.2426
0.268657
0.24886
0.246379
0.24446
0.241799
0.241056
0.242668
0.243659
0.241931
0.246006
0.255819
0.267736
0.280442
0.291363
0.30148
0.313821
0.324764
0.332595
0.337701
0.341351
0.320394
0.325305
0.330518
0.334698
0.337795
0.339296
0.336968
0.329317
0.336582
0.349129
0.318963
0.286492
0.254721
0.188475
0.196314
0.223237
0.198247
0.204071
0.217388
0.222903
0.228173
0.233051
0.246811
0.264415
0.273751
0.280272
0.285498
0.289526
0.291874
0.293295
0.293462
0.280753
0.266193
0.269703
0.250757
0.227504
0.209994
0.206871
0.232063
0.234747
0.24437
0.234974
0.227917
0.241222
0.240506
0.238398
0.234463
0.224894
0.210226
0.220904
0.248742
0.258931
0.266944
0.272265
0.277396
0.286516
0.292129
0.300616
0.310224
0.316392
0.291684
0.299999
0.305968
0.310913
0.314124
0.308943
0.341636
0.341104
0.332395
0.323974
0.302381
0.274368
0.186422
0.190957
0.198806
0.225514
0.207062
0.224019
0.232183
0.238443
0.240629
0.209474
0.244524
0.226105
0.255346
0.275265
0.28302
0.287748
0.299442
0.308931
0.315088
0.315018
0.252647
0.260149
0.258281
0.256499
0.244591
0.229785
0.221687
0.217877
0.221208
0.218991
0.219619
0.24055
0.240297
0.239803
0.237684
0.231103
0.216101
0.236739
0.250434
0.258958
0.263192
0.265007
0.266115
0.269237
0.269819
0.272554
0.278337
0.285489
0.270109
0.276645
0.280777
0.283855
0.285016
0.339097
0.344547
0.338756
0.318717
0.307771
0.289562
0.243238
0.178648
0.187822
0.21091
0.220515
0.223592
0.236203
0.23122
0.233675
0.233308
0.24272
0.234703
0.229327
0.259866
0.271883
0.278957
0.290533
0.303069
0.31197
0.315133
0.315518
0.242275
0.252348
0.253254
0.254312
0.237141
0.222804
0.222185
0.206849
0.209807
0.211474
0.239798
0.241134
0.241071
0.240452
0.239856
0.238649
0.234944
0.241913
0.249915
0.253075
0.253772
0.253832
0.252205
0.239081
0.251987
0.259567
0.262848
0.265765
0.254057
0.254622
0.255489
0.255911
0.255483
0.305105
0.306405
0.304829
0.299552
0.29661
0.269426
0.178876
0.173652
0.22948
0.209718
0.239648
0.244331
0.248139
0.226596
0.232454
0.230435
0.247193
0.237222
0.239586
0.25779
0.271695
0.278285
0.292388
0.304643
0.311526
0.314128
0.314612
0.286328
0.244831
0.250923
0.246232
0.22961
0.221572
0.215777
0.192595
0.199094
0.209459
0.239914
0.240886
0.242128
0.242407
0.241892
0.24263
0.245175
0.248547
0.257032
0.25079
0.248257
0.235074
0.213886
0.287144
0.213533
0.215531
0.22156
0.24364
0.211057
0.211041
0.211066
0.212866
0.21203
0.280447
0.280693
0.287523
0.291863
0.273143
0.184135
0.177333
0.176458
0.210857
0.251334
0.25449
0.256373
0.257618
0.257805
0.222497
0.229748
0.246384
0.232177
0.246894
0.26401
0.274793
0.281653
0.294392
0.305102
0.311059
0.312907
0.313124
0.310641
0.231872
0.245401
0.240972
0.225632
0.218195
0.190066
0.182498
0.194213
0.237739
0.2393
0.239907
0.241155
0.24253
0.24307
0.244748
0.249168
0.254201
0.258507
0.255337
0.24351
0.215166
0.212865
0.275036
0.210744
0.209804
0.209983
0.210422
0.208222
0.208978
0.213056
0.227384
0.228985
0.230992
0.225034
0.215242
0.236715
0.180655
0.18074
0.176337
0.207087
0.254582
0.26016
0.263484
0.264256
0.263933
0.262158
0.260254
0.258079
0.254184
0.249441
0.260718
0.270205
0.277143
0.285611
0.29678
0.305573
0.31031
0.311476
0.311067
0.308141
0.298868
0.23691
0.238986
0.219486
0.216276
0.174287
0.182748
0.234601
0.240388
0.240721
0.241893
0.242975
0.243906
0.245269
0.248299
0.254118
0.262486
0.255962
0.26696
0.234608
0.21394
0.212763
0.270314
0.211499
0.210454
0.210249
0.208602
0.210514
0.211114
0.220233
0.223205
0.225208
0.225432
0.225325
0.222394
0.183843
0.181151
0.177723
0.210411
0.257831
0.262347
0.266783
0.268635
0.26927
0.268378
0.26634
0.264058
0.262516
0.262127
0.262898
0.267036
0.272511
0.281275
0.290638
0.29932
0.30638
0.30953
0.310016
0.308506
0.303347
0.295336
0.220939
0.226328
0.216753
0.2165
0.178138
0.1926
0.242
0.241696
0.243008
0.245577
0.247569
0.249039
0.250824
0.254964
0.265371
0.275522
0.261683
0.268637
0.233697
0.216458
0.21231
0.269409
0.210873
0.209539
0.210534
0.210711
0.215036
0.221256
0.218258
0.223514
0.224799
0.226184
0.244572
0.239542
0.180145
0.178091
0.217664
0.259924
0.262466
0.267142
0.269825
0.27104
0.271368
0.270691
0.269229
0.267635
0.2668
0.267507
0.269104
0.270003
0.27489
0.287238
0.296133
0.30303
0.307434
0.308793
0.308347
0.305069
0.296674
0.284611
0.26013
0.232966
0.217927
0.219908
0.178239
0.242294
0.242615
0.243121
0.246501
0.250302
0.253672
0.256711
0.259755
0.266328
0.261623
0.265319
0.268938
0.271476
0.241049
0.220609
0.213661
0.222955
0.210679
0.209405
0.209356
0.210985
0.226593
0.220285
0.221905
0.224381
0.226233
0.228579
0.254589
0.17888
0.177688
0.20502
0.259379
0.26212
0.267547
0.270945
0.272318
0.272598
0.272181
0.271662
0.270932
0.270261
0.270393
0.271908
0.273221
0.271181
0.279926
0.294448
0.302794
0.306774
0.307822
0.307856
0.306133
0.300186
0.288321
0.27168
0.244164
0.22761
0.223239
0.230049
0.246873
0.243498
0.242982
0.246009
0.251143
0.257379
0.263522
0.268324
0.272619
0.241903
0.262872
0.26564
0.27563
0.277753
0.251776
0.224734
0.216111
0.291367
0.212763
0.210867
0.210115
0.210278
0.214772
0.229891
0.225902
0.222248
0.225333
0.255817
0.16977
0.183695
0.220497
0.257514
0.26168
0.268075
0.272382
0.274437
0.275376
0.274771
0.273636
0.272766
0.272354
0.272375
0.273212
0.274915
0.274835
0.273256
0.28487
0.292368
0.306796
0.307984
0.306975
0.306097
0.302245
0.292655
0.277668
0.258148
0.235546
0.224113
0.220271
0.226719
0.247472
0.243764
0.245046
0.25006
0.257866
0.267661
0.27784
0.285478
0.257925
0.256782
0.264508
0.274806
0.283426
0.283347
0.264247
0.228772
0.21867
0.225253
0.29229
0.212309
0.211148
0.211107
0.22093
0.22556
0.219761
0.213022
0.23212
0.17327
0.173325
0.182711
0.254852
0.260891
0.268435
0.273831
0.276685
0.278698
0.277281
0.276176
0.27436
0.272676
0.271718
0.271499
0.271975
0.272542
0.272327
0.27608
0.284496
0.302174
0.304808
0.303642
0.3042
0.301553
0.29361
0.278964
0.262384
0.243392
0.227734
0.219327
0.217817
0.224256
0.216411
0.245399
0.248195
0.255186
0.267427
0.257988
0.255999
0.25712
0.254115
0.255805
0.266182
0.278645
0.283707
0.287011
0.258885
0.22495
0.218723
0.217935
0.22191
0.235444
0.21411
0.215843
0.22338
0.222559
0.208671
0.223143
0.251266
0.15807
0.21608
0.208049
0.257998
0.267276
0.274791
0.279417
0.279318
0.279502
0.279132
0.277716
0.275595
0.273453
0.271939
0.271292
0.271595
0.272303
0.273808
0.279325
0.292051
0.296678
0.29825
0.298585
0.296676
0.290518
0.277116
0.261012
0.246979
0.232242
0.220389
0.215362
0.217638
0.224648
0.215381
0.24606
0.25149
0.262654
0.26761
0.253814
0.251462
0.249135
0.254582
0.257653
0.26892
0.283544
0.28826
0.234286
0.285352
0.222195
0.217871
0.215491
0.214252
0.214939
0.250158
0.221816
0.225507
0.211525
0.237478
0.21492
0.194405
0.185635
0.143604
0.251711
0.260989
0.273917
0.279354
0.280877
0.281437
0.281192
0.280387
0.278995
0.276919
0.274574
0.27265
0.271487
0.271273
0.271734
0.273745
0.280035
0.290087
0.288128
0.286476
0.285302
0.281429
0.271589
0.256854
0.244849
0.234673
0.223054
0.207212
0.215776
0.221578
0.219267
0.193365
0.23918
0.255657
0.240676
0.238502
0.235801
0.232007
0.23386
0.240337
0.251986
0.259153
0.274598
0.27655
0.279725
0.227643
0.216953
0.21424
0.213854
0.213951
0.216023
0.221834
0.22152
0.214957
0.2389
0.185067
0.182043
0.229757
0.304286
0.199371
0.263096
0.272806
0.280594
0.282803
0.283163
0.282794
0.28226
0.281447
0.280227
0.278494
0.276273
0.274169
0.272691
0.272106
0.272328
0.273574
0.279083
0.287778
0.279593
0.27451
0.272682
0.265917
0.25456
0.243606
0.237144
0.229423
0.216801
0.200607
0.221225
0.216765
0.202566
0.187667
0.191484
0.262167
0.21145
0.222891
0.224274
0.223788
0.22689
0.231165
0.239047
0.257313
0.272847
0.274282
0.279874
0.226454
0.21469
0.214147
0.214368
0.214221
0.227445
0.227442
0.22714
0.216114
0.179531
0.175113
0.180478
0.335484
0.261297
0.270356
0.275351
0.282645
0.284889
0.285132
0.284666
0.283885
0.283093
0.282284
0.281227
0.279841
0.277942
0.275879
0.274311
0.273553
0.273733
0.274173
0.277073
0.284834
0.278829
0.265514
0.243719
0.233824
0.223518
0.221131
0.228621
0.225967
0.210442
0.213965
0.215028
0.194822
0.184897
0.205407
0.220563
0.261108
0.254108
0.214694
0.217484
0.217585
0.221093
0.225536
0.23318
0.253192
0.266335
0.268124
0.271373
0.228659
0.215895
0.225117
0.222494
0.222009
0.220251
0.227145
0.21718
0.197002
0.183184
0.170694
0.295012
0.272513
0.275934
0.281261
0.285526
0.287231
0.287276
0.286657
0.285808
0.284768
0.283756
0.282807
0.281758
0.280574
0.279043
0.277152
0.275617
0.274833
0.27491
0.275642
0.275907
0.278932
0.283388
0.262604
0.229249
0.220847
0.212899
0.212024
0.216105
0.227242
0.203372
0.221558
0.200248
0.187767
0.187345
0.196753
0.205065
0.196624
0.205015
0.20853
0.215424
0.218235
0.221406
0.223022
0.226804
0.240749
0.258394
0.260454
0.257894
0.239565
0.222329
0.225932
0.23236
0.220673
0.223606
0.221546
0.216478
0.187044
0.172523
0.260763
0.27518
0.276637
0.285971
0.288056
0.289144
0.289193
0.288723
0.287886
0.286802
0.285539
0.284289
0.283131
0.281865
0.280654
0.279386
0.277751
0.276198
0.275337
0.275228
0.275776
0.2767
0.276544
0.277127
0.274975
0.239128
0.217086
0.216007
0.214475
0.201462
0.186819
0.177588
0.169967
0.210802
0.212412
0.173388
0.195417
0.189366
0.212577
0.203856
0.202732
0.213354
0.219504
0.223515
0.22502
0.224448
0.232755
0.250123
0.252889
0.247158
0.248447
0.223132
0.230243
0.23238
0.221452
0.225672
0.209418
0.234288
0.180099
0.229277
0.346471
0.276893
0.286745
0.291981
0.290633
0.290811
0.290555
0.289978
0.28906
0.287845
0.286417
0.284941
0.283528
0.281959
0.280467
0.279175
0.27774
0.276123
0.274961
0.274529
0.274587
0.27485
0.275088
0.274583
0.269524
0.252672
0.218085
0.21743
0.207957
0.194999
0.17826
0.172169
0.187694
0.177417
0.18225
0.196129
0.189759
0.216989
0.217025
0.197076
0.200953
0.211552
0.219854
0.225119
0.227748
0.226522
0.225315
0.244921
0.247972
0.241638
0.255786
0.227304
0.232358
0.23067
0.224374
0.217961
0.222782
0.184842
0.172216
0.340892
0.271929
0.286835
0.291292
0.294722
0.291979
0.292072
0.291834
0.291232
0.290242
0.288996
0.287547
0.286066
0.284435
0.282634
0.280839
0.27921
0.27766
0.275968
0.274405
0.273422
0.272851
0.272213
0.271115
0.269207
0.26531
0.242721
0.217691
0.202076
0.19791
0.182064
0.173138
0.180237
0.193147
0.187317
0.19007
0.20484
0.187707
0.172653
0.206986
0.187899
0.198087
0.204833
0.214195
0.221772
0.228084
0.228808
0.224789
0.242732
0.244773
0.236106
0.241628
0.230148
0.235168
0.229005
0.213903
0.209484
0.214698
0.187383
0.240981
0.291233
0.284564
0.291251
0.292648
0.295893
0.292929
0.293002
0.292793
0.292245
0.291344
0.290182
0.288898
0.287506
0.285835
0.283985
0.282028
0.280085
0.278227
0.276324
0.274308
0.272498
0.270896
0.268997
0.266311
0.262467
0.256351
0.238809
0.221273
0.180687
0.194631
0.174787
0.190872
0.19594
0.191192
0.191486
0.195204
0.191194
0.191244
0.171739
0.185609
0.183992
0.183415
0.189805
0.1982
0.209266
0.21872
0.226408
0.226473
0.225218
0.239691
0.233475
0.233072
0.240013
0.240195
0.241186
0.23845
0.226582
0.186027
0.178735
0.347075
0.281096
0.290174
0.292261
0.292911
0.295878
0.293291
0.29344
0.293302
0.292917
0.292231
0.291289
0.290225
0.288926
0.287439
0.285751
0.283881
0.281859
0.279802
0.277658
0.275169
0.272305
0.269031
0.26485
0.259262
0.251639
0.241858
0.233703
0.228427
0.214219
0.171381
0.170097
0.14837
0.169915
0.180653
0.192439
0.198241
0.209039
0.225688
0.177628
0.172574
0.171713
0.172566
0.178923
0.187447
0.204421
0.22177
0.227394
0.221664
0.220295
0.234798
0.233522
0.229781
0.249485
0.256071
0.253715
0.24993
0.248777
0.186971
0.175945
0.357706
0.285327
0.292366
0.29312
0.29353
0.295736
0.293626
0.293833
0.293771
0.293484
0.292942
0.292187
0.291283
0.290151
0.288949
0.287569
0.285933
0.284068
0.282037
0.279658
0.276467
0.271807
0.265586
0.257563
0.246396
0.236311
0.232196
0.228962
0.230122
0.225357
0.238457
0.23401
0.266453
0.30143
0.289904
0.26634
0.253738
0.217332
0.153609
0.217692
0.182168
0.177722
0.185909
0.190744
0.177988
0.187761
0.211659
0.232556
0.230635
0.222564
0.223341
0.236545
0.230066
0.254464
0.263925
0.257982
0.25056
0.216921
0.179477
0.177917
0.277677
0.289658
0.292737
0.292998
0.293486
0.295272
0.293482
0.293642
0.293548
0.293231
0.29268
0.291933
0.291082
0.290103
0.289103
0.288039
0.28672
0.285025
0.28293
0.280304
0.276441
0.269761
0.259073
0.242969
0.230062
0.2296
0.230126
0.231625
0.22587
0.245321
0.243055
0.240463
0.256908
0.297242
0.303064
0.305236
0.305341
0.299084
0.264366
0.245413
0.19297
0.204638
0.204212
0.18225
0.192581
0.180672
0.199892
0.23025
0.241819
0.228185
0.22583
0.236063
0.232221
0.252133
0.238351
0.252156
0.245291
0.183251
0.176884
0.245297
0.284666
0.291529
0.292307
0.292697
0.293459
0.295316
0.293709
0.293882
0.293814
0.293493
0.292919
0.292144
0.291231
0.290256
0.2893
0.288354
0.287181
0.285557
0.283389
0.280459
0.275929
0.267428
0.251935
0.230703
0.227971
0.229568
0.232184
0.225907
0.208309
0.166503
0.183595
0.237464
0.244069
0.268675
0.289222
0.310883
0.309781
0.307882
0.30471
0.296436
0.272132
0.20092
0.211377
0.201003
0.181367
0.176317
0.194873
0.224597
0.240378
0.235343
0.22991
0.239325
0.233604
0.24979
0.241235
0.255899
0.228068
0.184772
0.175333
0.284252
0.285936
0.291745
0.292041
0.292836
0.293816
0.296118
0.294571
0.29482
0.294769
0.29443
0.293822
0.292958
0.291965
0.291002
0.290098
0.289216
0.288128
0.286544
0.284353
0.281491
0.277004
0.267815
0.251742
0.233983
0.230518
0.230757
0.223735
0.167936
0.153923
0.153921
0.175812
0.234037
0.217518
0.263414
0.281533
0.297377
0.315239
0.311583
0.308838
0.30714
0.303845
0.293494
0.285822
0.216464
0.222572
0.17629
0.218944
0.215817
0.232928
0.235564
0.229729
0.239058
0.233745
0.252595
0.238947
0.256307
0.224675
0.183242
0.174921
0.23297
0.287345
0.291897
0.292453
0.293545
0.294905
0.297544
0.295869
0.296166
0.296077
0.295644
0.294915
0.293892
0.292839
0.291874
0.290994
0.290096
0.288835
0.287065
0.284736
0.281567
0.276377
0.26579
0.249317
0.235279
0.231358
0.23119
0.208499
0.197199
0.161765
0.158429
0.217726
0.228764
0.237718
0.264824
0.280046
0.296318
0.318558
0.316468
0.313352
0.309943
0.308841
0.307149
0.305347
0.299815
0.235189
0.24164
0.238132
0.209794
0.226792
0.232567
0.229418
0.237463
0.232357
0.224088
0.240276
0.253898
0.244775
0.186277
0.175731
0.234359
0.288568
0.29281
0.293784
0.295252
0.296876
0.300077
0.297846
0.298238
0.297961
0.297316
0.296257
0.294975
0.293781
0.292759
0.291871
0.290796
0.289304
0.28723
0.284526
0.280792
0.274441
0.262291
0.245801
0.235975
0.232297
0.232283
0.216425
0.22661
0.157432
0.177064
0.250569
0.257129
0.262723
0.270275
0.285304
0.299146
0.313064
0.322381
0.318499
0.314613
0.311591
0.310667
0.30992
0.307955
0.301378
0.233751
0.222352
0.205419
0.228457
0.226907
0.242007
0.240344
0.22816
0.220958
0.230607
0.259547
0.252964
0.187646
0.176923
0.231634
0.29023
0.294749
0.296163
0.29803
0.299997
0.303858
0.300939
0.301041
0.300531
0.299439
0.298073
0.296606
0.295272
0.294131
0.293113
0.291835
0.290022
0.287595
0.284454
0.280034
0.27232
0.259082
0.243881
0.23698
0.23337
0.231861
0.22892
0.228487
0.187602
0.211369
0.265616
0.262124
0.276689
0.284158
0.296342
0.303536
0.311207
0.317526
0.326138
0.324387
0.317588
0.314908
0.313574
0.311875
0.30406
0.235444
0.221743
0.216445
0.225752
0.231299
0.249706
0.238175
0.223959
0.219981
0.261161
0.241394
0.241619
0.188687
0.17784
0.230698
0.293106
0.297738
0.299627
0.301799
0.304152
0.309482
0.304929
0.304828
0.303815
0.302257
0.300456
0.298675
0.297143
0.295923
0.294808
0.293275
0.291133
0.288359
0.284783
0.27967
0.270637
0.257341
0.244619
0.238584
0.234587
0.231335
0.238828
0.262865
0.234149
0.249812
0.280029
0.278334
0.289623
0.299385
0.305466
0.308309
0.311462
0.31563
0.32176
0.328153
0.332479
0.324616
0.317908
0.314856
0.309166
0.238086
0.234671
0.225904
0.235963
0.24526
0.253658
0.235279
0.224422
0.218964
0.263384
0.260899
0.231975
0.189477
0.178197
0.248463
0.296723
0.30147
0.303616
0.30582
0.308377
0.31594
0.309086
0.308769
0.307437
0.305415
0.303146
0.301028
0.299299
0.29806
0.296746
0.29482
0.292302
0.289186
0.285224
0.279465
0.269504
0.257352
0.247265
0.241033
0.236863
0.234257
0.254533
0.267532
0.254554
0.263368
0.293921
0.297762
0.303135
0.309805
0.313288
0.312929
0.312792
0.315018
0.318979
0.323192
0.3261
0.32769
0.327062
0.319348
0.309975
0.23565
0.234389
0.233561
0.229968
0.246314
0.249652
0.234644
0.226885
0.224719
0.264678
0.258061
0.228256
0.190211
0.178404
0.273194
0.300473
0.305145
0.306932
0.308686
0.310925
0.320003
0.312058
0.311958
0.310587
0.308363
0.305765
0.303369
0.301638
0.300278
0.298511
0.2961
0.293156
0.289712
0.285418
0.279037
0.26887
0.258781
0.251066
0.244969
0.241257
0.24188
0.272459
0.292043
0.270482
0.293741
0.304733
0.314447
0.314882
0.318719
0.320073
0.317376
0.314791
0.315138
0.316955
0.318941
0.319908
0.319586
0.317111
0.309925
0.292297
0.22585
0.216037
0.223504
0.241779
0.246866
0.244507
0.234883
0.230562
0.232221
0.236219
0.25827
0.227855
0.191376
0.180216
0.312171
0.302592
0.306641
0.307986
0.309072
0.310638
0.318369
0.312731
0.313099
0.312223
0.310235
0.307644
0.305355
0.303839
0.301987
0.299509
0.296588
0.293363
0.289703
0.285071
0.278044
0.268465
0.260853
0.255607
0.250905
0.248264
0.252496
0.281933
0.29924
0.290202
0.305016
0.309609
0.326382
0.324473
0.326166
0.325932
0.321623
0.317368
0.315859
0.315523
0.315369
0.314197
0.311471
0.305278
0.293063
0.241614
0.223857
0.226813
0.232805
0.245164
0.250004
0.241929
0.236351
0.235652
0.237659
0.24809
0.233831
0.226847
0.178179
0.194805
0.340529
0.302802
0.304919
0.305638
0.306952
0.308742
0.314329
0.311549
0.312137
0.311495
0.309953
0.308117
0.306714
0.304757
0.302019
0.298889
0.295594
0.292125
0.288181
0.282996
0.275252
0.266992
0.26212
0.259575
0.257331
0.255812
0.262977
0.286764
0.308683
0.306418
0.308244
0.311835
0.33154
0.332266
0.332529
0.331149
0.325805
0.320436
0.317056
0.31467
0.312372
0.308822
0.302818
0.29199
0.2756
0.226241
0.204951
0.262945
0.237796
0.25365
0.253565
0.241592
0.239107
0.243613
0.240184
0.23559
0.227759
0.232564
0.179526
0.192225
0.301083
0.303906
0.304104
0.303769
0.304123
0.305241
0.309628
0.310008
0.310185
0.308857
0.307433
0.307439
0.306369
0.303617
0.300325
0.29694
0.293577
0.29008
0.285954
0.280015
0.271561
0.264316
0.262647
0.262797
0.261764
0.261006
0.258359
0.303444
0.312673
0.308373
0.308683
0.311773
0.32538
0.338833
0.338271
0.335991
0.330029
0.323912
0.318986
0.314557
0.309798
0.303217
0.293645
0.277834
0.231707
0.207171
0.203252
0.239495
0.259503
0.261531
0.255872
0.241683
0.242812
0.219491
0.217383
0.250773
0.232513
0.187012
0.178101
0.214271
0.30454
0.302441
0.300927
0.300295
0.301111
0.303273
0.308033
0.307314
0.308279
0.305737
0.304389
0.305767
0.30378
0.30037
0.297035
0.293778
0.290582
0.287098
0.282292
0.273938
0.264116
0.246172
0.236036
0.248755
0.253451
0.265229
0.299921
0.324289
0.313072
0.307224
0.307199
0.310317
0.322166
0.344382
0.343433
0.340567
0.334269
0.32749
0.32121
0.314826
0.307154
0.297247
0.282676
0.244863
0.224819
0.205513
0.204283
0.267598
0.275179
0.266133
0.25451
0.24242
0.225647
0.244647
0.205713
0.222895
0.20449
0.18575
0.177226
0.262545
0.303696
0.300232
0.298776
0.298705
0.300248
0.302705
0.305531
0.306161
0.306768
0.302872
0.30268
0.303159
0.299927
0.296173
0.292855
0.289812
0.286722
0.282619
0.274557
0.270291
0.24131
0.234485
0.249522
0.27756
0.290969
0.3
0.313232
0.326078
0.310585
0.30394
0.304531
0.308697
0.319095
0.346548
0.348394
0.345478
0.339035
0.3317
0.324239
0.315503
0.304475
0.290512
0.270981
0.219796
0.195255
0.179099
0.250559
0.29058
0.28345
0.27371
0.255766
0.240196
0.230149
0.214141
0.200089
0.186007
0.192124
0.182937
0.178415
0.350481
0.301382
0.296444
0.295462
0.296083
0.298648
0.302266
0.304555
0.307353
0.304974
0.300258
0.300981
0.299249
0.294975
0.29109
0.287961
0.285052
0.281635
0.274344
0.262179
0.243933
0.237797
0.244782
0.275972
0.292291
0.3001
0.310933
0.327451
0.319836
0.306412
0.298855
0.301713
0.307379
0.316504
0.335874
0.351708
0.348838
0.342773
0.335094
0.326232
0.314983
0.300489
0.282689
0.237557
0.19693
0.234546
0.240199
0.257156
0.299058
0.287379
0.270251
0.251252
0.237857
0.220715
0.211984
0.191388
0.202132
0.204263
0.180194
0.17953
0.351169
0.297211
0.293728
0.293689
0.294979
0.298555
0.302296
0.305223
0.305999
0.304929
0.297262
0.298801
0.294332
0.288865
0.284998
0.282388
0.279565
0.275386
0.258898
0.244721
0.239663
0.240082
0.27546
0.288755
0.300764
0.310509
0.323683
0.336666
0.314775
0.304001
0.298977
0.3009
0.305665
0.313648
0.328206
0.34747
0.352
0.346175
0.338193
0.328102
0.313898
0.294135
0.295337
0.221144
0.227994
0.209985
0.2588
0.287403
0.309613
0.289674
0.269979
0.250178
0.238721
0.229798
0.209753
0.203712
0.221236
0.206888
0.177281
0.330963
0.300455
0.295935
0.291663
0.292781
0.295255
0.299436
0.303114
0.305524
0.305851
0.301971
0.295637
0.294889
0.287325
0.281057
0.277895
0.276077
0.274576
0.261293
0.245181
0.240565
0.239664
0.259652
0.281229
0.299894
0.308557
0.320433
0.334371
0.321961
0.327766
0.319023
0.312468
0.310937
0.30805
0.309655
0.317315
0.327418
0.336018
0.344043
0.341858
0.330511
0.31308
0.310082
0.227417
0.171307
0.173144
0.22857
0.242938
0.295594
0.312335
0.291927
0.259955
0.243743
0.238098
0.230706
0.191208
0.214584
0.218971
0.194719
0.173618
0.316421
0.296714
0.293544
0.290701
0.293244
0.296065
0.300267
0.3039
0.305165
0.303016
0.297318
0.294157
0.288937
0.27987
0.274535
0.27247
0.271562
0.262834
0.249569
0.243065
0.241375
0.246189
0.279391
0.292264
0.305837
0.317313
0.33136
0.328193
0.32766
0.326527
0.325943
0.32152
0.319888
0.323079
0.328277
0.311148
0.316748
0.322258
0.325534
0.324342
0.326338
0.313753
0.25154
0.214885
0.213466
0.216409
0.241951
0.275308
0.288226
0.308973
0.288929
0.237124
0.237126
0.252584
0.197434
0.210774
0.214549
0.216
0.184942
0.317714
0.340468
0.294771
0.291498
0.292972
0.295337
0.298429
0.301945
0.303757
0.304233
0.29956
0.290304
0.290569
0.281602
0.273061
0.268309
0.264783
0.254477
0.328597
0.335368
0.339031
0.34174
0.345162
0.287583
0.353662
0.30998
0.324207
0.32755
0.321215
0.316079
0.314148
0.31316
0.315035
0.315821
0.315944
0.315584
0.282569
0.310969
0.35043
0.344084
0.33782
0.327792
0.302027
0.2274
0.196852
0.186178
0.258995
0.256502
0.283743
0.29589
0.30759
0.282721
0.253151
0.234552
0.25616
0.218603
0.196622
0.211145
0.217373
0.177632
0.336096
0.299578
0.292493
0.292767
0.293583
0.296217
0.29856
0.301183
0.301435
0.299762
0.291191
0.286465
0.283002
0.273304
0.265643
0.256393
0.240611
0.257546
0.325989
0.333881
0.338678
0.342767
0.358373
0.354943
0.346336
0.318831
0.334428
0.322352
0.315112
0.314765
0.308771
0.31217
0.298352
0.305143
0.304931
0.303245
0.297464
0.28207
0.280434
0.271946
0.26033
0.315239
0.239261
0.220097
0.194478
0.213058
0.272376
0.273247
0.290014
0.299299
0.307879
0.27864
0.245545
0.235537
0.253607
0.208959
0.197041
0.210059
0.215042
0.288423
0.32589
0.296878
0.292448
0.292552
0.294041
0.297653
0.299136
0.300038
0.298515
0.293628
0.286938
0.28529
0.274472
0.251736
0.229875
0.238996
0.248147
0.320504
0.32764
0.333516
0.338831
0.345007
0.362555
0.362118
0.359743
0.320925
0.32046
0.319151
0.315137
0.32975
0.301902
0.302473
0.305066
0.306209
0.30555
0.303234
0.299867
0.294478
0.274511
0.267173
0.250196
0.239777
0.219766
0.203073
0.192163
0.263195
0.27791
0.293575
0.293948
0.301942
0.363476
0.250166
0.250038
0.23895
0.237638
0.190866
0.199336
0.209525
0.177884
0.353017
0.328486
0.300043
0.296442
0.292913
0.29694
0.296877
0.295751
0.295309
0.293839
0.289268
0.284963
0.277914
0.238885
0.22374
0.222637
0.225941
0.233962
0.318011
0.325813
0.332557
0.33892
0.344953
0.361342
0.365004
0.34233
0.325984
0.319495
0.327609
0.329987
0.317465
0.300359
0.301789
0.303801
0.303588
0.30419
0.302167
0.298402
0.294346
0.282225
0.260696
0.242396
0.238217
0.212205
0.190528
0.202946
0.251546
0.283251
0.298924
0.295411
0.305492
0.306769
0.240421
0.248655
0.265637
0.216592
0.187419
0.201485
0.212528
0.182989
0.326507
0.335731
0.304333
0.299106
0.29676
0.296372
0.297925
0.295466
0.294753
0.293564
0.290412
0.267714
0.242959
0.227649
0.222969
0.221599
0.223412
0.239713
0.316555
0.324492
0.331963
0.340002
0.361753
0.361619
0.361638
0.330153
0.323636
0.319361
0.323848
0.330271
0.284006
0.295514
0.297852
0.300793
0.301718
0.300281
0.295388
0.295605
0.292406
0.287414
0.251446
0.232195
0.21383
0.215631
0.188037
0.253577
0.257756
0.28605
0.302155
0.305402
0.315283
0.305903
0.237729
0.242428
0.25761
0.197943
0.184814
0.205814
0.219168
0.286021
0.324933
0.328096
0.336617
0.314144
0.296666
0.308267
0.309604
0.300401
0.298683
0.293898
0.291237
0.272346
0.238962
0.227609
0.224065
0.22297
0.225866
0.30839
0.315588
0.323727
0.3318
0.338174
0.361572
0.363976
0.349821
0.327799
0.320923
0.319671
0.324444
0.329452
0.28265
0.294933
0.298039
0.30121
0.301717
0.29942
0.295097
0.289448
0.281274
0.281841
0.241637
0.217512
0.19671
0.197086
0.203958
0.27067
0.262248
0.286736
0.304162
0.307683
0.316364
0.295629
0.242051
0.240326
0.227558
0.187482
0.191147
0.208356
0.177424
0.335769
0.322994
0.318604
0.323834
0.340575
0.310126
0.363489
0.367697
0.335732
0.33083
0.313472
0.286999
0.251787
0.234526
0.227747
0.224957
0.224036
0.230176
0.306386
0.313887
0.322577
0.332052
0.358383
0.360526
0.363075
0.332099
0.324974
0.317739
0.320174
0.323784
0.327839
0.278529
0.295078
0.299714
0.303475
0.303595
0.299744
0.293816
0.286063
0.275831
0.259005
0.251223
0.218909
0.234565
0.19751
0.203764
0.27485
0.266257
0.290099
0.305328
0.311289
0.31437
0.286411
0.248527
0.253114
0.212204
0.18641
0.200388
0.211396
0.181736
0.34062
0.32058
0.311513
0.311356
0.319871
0.35112
0.352127
0.367507
0.305736
0.309726
0.297112
0.263261
0.242429
0.232818
0.228665
0.226319
0.225241
0.289431
0.303359
0.31191
0.321439
0.32966
0.361053
0.361443
0.357226
0.326121
0.320456
0.31612
0.319914
0.322204
0.325522
0.268737
0.295338
0.310777
0.316716
0.316692
0.311794
0.302034
0.283588
0.260556
0.236209
0.197693
0.233998
0.194242
0.19827
0.241183
0.270182
0.270447
0.298435
0.306112
0.315161
0.313659
0.274965
0.249667
0.256321
0.195071
0.185526
0.209357
0.219073
0.250738
0.341908
0.319516
0.307942
0.304993
0.311569
0.33386
0.351915
0.354486
0.363032
0.363486
0.277684
0.254568
0.238102
0.231507
0.230371
0.228245
0.226731
0.289002
0.300344
0.309637
0.320431
0.333931
0.359482
0.36259
0.34453
0.32367
0.316292
0.31552
0.318709
0.319878
0.322679
0.264441
0.302781
0.325783
0.341508
0.341751
0.326626
0.30811
0.284695
0.251321
0.210272
0.192184
0.212843
0.1892
0.205114
0.256499
0.256859
0.277877
0.301386
0.307072
0.322749
0.313005
0.242696
0.240917
0.224596
0.188002
0.198872
0.212688
0.178363
0.280732
0.346507
0.323226
0.30836
0.303454
0.308164
0.332895
0.339523
0.34882
0.35697
0.358859
0.353524
0.258191
0.23892
0.232786
0.230201
0.230727
0.228382
0.28474
0.297299
0.307201
0.319234
0.352086
0.358546
0.360978
0.32786
0.31971
0.313109
0.314497
0.316626
0.316901
0.319457
0.274984
0.337329
0.347148
0.345209
0.338215
0.325804
0.309948
0.29468
0.255659
0.192931
0.18976
0.184005
0.207535
0.20015
0.262151
0.25983
0.292073
0.303002
0.308989
0.319442
0.309016
0.239688
0.246153
0.211117
0.188458
0.216482
0.217994
0.181221
0.308932
0.34971
0.335623
0.311486
0.30534
0.313611
0.333271
0.33288
0.345386
0.352437
0.355555
0.351605
0.344197
0.335496
0.23854
0.231997
0.229708
0.229152
0.229546
0.294636
0.30488
0.315029
0.356914
0.358548
0.356427
0.320911
0.314258
0.311582
0.31308
0.313845
0.313357
0.315402
0.282217
0.33619
0.336409
0.329288
0.317772
0.301937
0.281876
0.258286
0.2083
0.18581
0.181427
0.179041
0.20245
0.207342
0.239909
0.262485
0.297803
0.303355
0.311778
0.317194
0.291608
0.250139
0.258836
0.198316
0.203643
0.176516
0.220544
0.184275
0.312255
0.341182
0.331861
0.325177
0.313846
0.314793
0.320374
0.329181
0.340884
0.349401
0.352845
0.349446
0.343289
0.336864
0.326444
0.238916
0.229958
0.227555
0.227603
0.292422
0.302792
0.312061
0.355219
0.358561
0.347152
0.316992
0.309495
0.310318
0.311148
0.310625
0.309128
0.310245
0.288711
0.326093
0.319687
0.307542
0.291544
0.271773
0.247228
0.207356
0.191254
0.179449
0.176588
0.199225
0.204077
0.232426
0.242796
0.26491
0.299667
0.295011
0.314024
0.315776
0.280135
0.245388
0.232403
0.191756
0.184359
0.171702
0.180221
0.237963
0.302842
0.333897
0.324665
0.311057
0.304764
0.306037
0.316322
0.326011
0.338266
0.346904
0.350439
0.347426
0.341916
0.336542
0.32726
0.310708
0.230092
0.225939
0.227037
0.290321
0.300777
0.31269
0.353252
0.357046
0.330349
0.311549
0.306739
0.308459
0.308739
0.307067
0.304317
0.307182
0.291949
0.312512
0.302342
0.288687
0.275209
0.252011
0.218377
0.196118
0.179978
0.183064
0.182246
0.203314
0.197908
0.231428
0.245667
0.267081
0.300842
0.298544
0.320302
0.314656
0.241638
0.242871
0.208504
0.197037
0.178997
0.168901
0.178438
0.262856
0.27313
0.323707
0.322646
0.310193
0.301685
0.301732
0.311101
0.323978
0.335875
0.344609
0.348212
0.345461
0.340327
0.335748
0.327226
0.312179
0.23154
0.224427
0.224558
0.289485
0.299363
0.323045
0.351501
0.354029
0.315445
0.305386
0.305051
0.306457
0.306067
0.303267
0.299871
0.302204
0.284773
0.303235
0.2965
0.288614
0.259619
0.234927
0.207474
0.189697
0.186938
0.182154
0.20316
0.206236
0.231239
0.233876
0.248679
0.269102
0.301808
0.299892
0.314442
0.309257
0.26332
0.260219
0.206573
0.188666
0.17362
0.207502
0.191368
0.262061
0.268762
0.305904
0.317661
0.309083
0.301479
0.301235
0.309437
0.321972
0.333528
0.342249
0.345907
0.343294
0.33834
0.334343
0.326486
0.312439
0.230818
0.222629
0.222229
0.28726
0.297738
0.333937
0.34986
0.350213
0.30926
0.301143
0.30366
0.304626
0.303241
0.29909
0.29622
0.295752
0.280999
0.30425
0.286453
0.273548
0.255854
0.232212
0.199704
0.196267
0.192102
0.18999
0.205192
0.232603
0.230379
0.234462
0.251896
0.27088
0.30175
0.302174
0.330309
0.295306
0.251204
0.243933
0.206007
0.184528
0.168622
0.204809
0.187367
0.252737
0.263402
0.269317
0.303324
0.30552
0.300587
0.301162
0.308737
0.320116
0.331263
0.339625
0.343274
0.340465
0.335503
0.331919
0.324613
0.311301
0.226103
0.220242
0.21981
0.22605
0.295503
0.330703
0.347993
0.345558
0.304888
0.299117
0.302306
0.302971
0.300367
0.295142
0.293763
0.289862
0.275451
0.291293
0.277008
0.262287
0.244781
0.211208
0.201173
0.19837
0.187958
0.200926
0.228899
0.239574
0.227269
0.235023
0.255244
0.272318
0.297281
0.308963
0.349978
0.288025
0.24286
0.212498
0.189975
0.181318
0.208189
0.181204
0.192622
0.246959
0.258033
0.26999
0.269023
0.293797
0.296841
0.299958
0.307709
0.31775
0.32855
0.336234
0.339759
0.336438
0.331373
0.328164
0.321471
0.308943
0.223859
0.217946
0.217458
0.220806
0.291418
0.328473
0.345266
0.33917
0.299684
0.297901
0.300888
0.301096
0.2973
0.291839
0.2887
0.28386
0.269015
0.268736
0.263849
0.245423
0.220774
0.207573
0.202203
0.195744
0.196284
0.224009
0.235431
0.238614
0.226825
0.236937
0.258622
0.273773
0.300014
0.317349
0.361222
0.332447
0.271365
0.220746
0.184335
0.177625
0.206012
0.189219
0.193041
0.242434
0.278223
0.263911
0.267421
0.260078
0.285422
0.294064
0.304265
0.315166
0.325015
0.33137
0.334639
0.330824
0.325751
0.323109
0.317432
0.306703
0.232963
0.219068
0.216339
0.218175
0.283315
0.326183
0.341286
0.329039
0.293388
0.296258
0.299201
0.298568
0.293583
0.289418
0.284061
0.276648
0.260187
0.248205
0.247129
0.22746
0.213979
0.210691
0.203513
0.19157
0.200944
0.229343
0.238453
0.235397
0.228844
0.240132
0.261492
0.276051
0.302074
0.32318
0.360893
0.260547
0.247116
0.195571
0.181281
0.172659
0.199856
0.187869
0.195034
0.239923
0.26685
0.255957
0.265399
0.262742
0.254933
0.283105
0.299126
0.306007
0.318368
0.323105
0.326532
0.322659
0.317733
0.316119
0.313017
0.307924
0.235588
0.235507
0.219846
0.216495
0.225566
0.321186
0.335571
0.313076
0.287664
0.294127
0.29706
0.294893
0.28935
0.285706
0.278788
0.267158
0.249972
0.239742
0.228956
0.219206
0.215741
0.206423
0.200535
0.19617
0.203294
0.231475
0.240203
0.232395
0.231661
0.244479
0.263412
0.296276
0.303996
0.328326
0.362827
0.315819
0.21094
0.186743
0.179514
0.205282
0.190254
0.190458
0.195847
0.207997
0.260892
0.270792
0.257564
0.26285
0.260974
0.255972
0.285907
0.284942
0.304884
0.311821
0.313537
0.310463
0.308332
0.310605
0.312722
0.308628
0.229896
0.228405
0.226479
0.216065
0.220846
0.312522
0.327673
0.294395
0.283596
0.291562
0.294053
0.290141
0.285878
0.280929
0.271576
0.256283
0.233657
0.222478
0.22342
0.220108
0.213096
0.208393
0.195221
0.202792
0.205125
0.233457
0.241028
0.229622
0.233889
0.249036
0.26448
0.302759
0.307917
0.340191
0.354582
0.283217
0.203017
0.182442
0.178055
0.202266
0.196088
0.193308
0.197128
0.208312
0.25311
0.264207
0.267521
0.26663
0.260503
0.262293
0.260186
0.267847
0.268232
0.290185
0.294282
0.298872
0.305903
0.311693
0.3122
0.307199
0.219122
0.222704
0.22683
0.217563
0.218177
0.266252
0.317264
0.277574
0.280163
0.288606
0.289915
0.284205
0.281846
0.275697
0.262816
0.244844
0.221831
0.217912
0.225055
0.219754
0.215017
0.203442
0.200867
0.202358
0.227692
0.235101
0.241085
0.228282
0.236098
0.253185
0.265489
0.250749
0.312589
0.351284
0.34327
0.275561
0.190526
0.179642
0.175384
0.196869
0.191199
0.195661
0.199499
0.210986
0.229742
0.24581
0.26121
0.262126
0.265846
0.257707
0.264439
0.262661
0.267275
0.269809
0.270115
0.275511
0.284619
0.294087
0.294917
0.295893
0.212823
0.216596
0.224715
0.229643
0.21674
0.257287
0.301269
0.264125
0.276311
0.284643
0.284458
0.25099
0.276722
0.26932
0.255309
0.229246
0.215081
0.213043
0.227974
0.222468
0.2126
0.20722
0.220543
0.206713
0.230653
0.23801
0.23916
0.23192
0.239483
0.256488
0.26673
0.267071
0.318823
0.36612
0.316152
0.210644
0.184896
0.178024
0.173296
0.193492
0.193294
0.198382
0.203755
0.217777
0.226274
0.230823
0.230963
0.255057
0.257962
0.262985
0.263164
0.270625
0.255733
0.258534
0.265937
0.274779
0.283607
0.29077
0.292475
0.283895
0.222407
0.21531
0.221754
0.224358
0.217004
0.254819
0.264326
0.258979
0.27111
0.279747
0.258923
0.251054
0.271149
0.259373
0.246292
0.218447
0.210803
0.213095
0.233076
0.221655
0.220268
0.212941
0.246016
0.209795
0.229817
0.239781
0.236242
0.236868
0.243015
0.258887
0.268981
0.268808
0.325418
0.378455
0.283363
0.203605
0.181141
0.17722
0.200244
0.202794
0.196013
0.201871
0.210282
0.22214
0.225908
0.224071
0.221115
0.223468
0.226905
0.250796
0.26201
0.235629
0.26073
0.26016
0.261458
0.267224
0.277618
0.282244
0.280688
0.266329
0.245726
0.238377
0.223
0.228042
0.219452
0.253576
0.259808
0.288031
0.27542
0.272401
0.253187
0.244307
0.261363
0.241853
0.242924
0.238915
0.207496
0.211764
0.230283
0.21928
0.211359
0.209781
0.214532
0.213118
0.202264
0.239155
0.237118
0.240109
0.246132
0.260631
0.287553
0.270113
0.33167
0.275563
0.27625
0.190456
0.178489
0.176193
0.197061
0.197072
0.199606
0.206996
0.217666
0.223953
0.223027
0.220515
0.218917
0.21839
0.218581
0.220122
0.227095
0.219996
0.22061
0.20609
0.199884
0.23911
0.253455
0.261009
0.256097
0.227406
0.249354
0.247857
0.246048
0.22894
0.222623
0.252577
0.256031
0.282523
0.273569
0.253566
0.245044
0.237235
0.231401
0.231317
0.234767
0.238388
0.208392
0.236618
0.22261
0.214978
0.213638
0.218365
0.22726
0.219483
0.210633
0.239504
0.242774
0.241745
0.24857
0.261903
0.290547
0.251407
0.341195
0.275515
0.290165
0.184542
0.176963
0.175544
0.198642
0.199153
0.204479
0.213642
0.22236
0.222778
0.219698
0.217115
0.215705
0.215324
0.215345
0.215684
0.216922
0.211306
0.207861
0.198068
0.190191
0.19181
0.191075
0.22158
0.215002
0.194747
0.221666
0.249168
0.251108
0.254158
0.22978
0.252853
0.252564
0.266311
0.256921
0.243485
0.236758
0.231881
0.226435
0.229397
0.234508
0.240167
0.205076
0.213597
0.208469
0.208893
0.221865
0.231091
0.242806
0.221365
0.223409
0.242672
0.247306
0.243346
0.250422
0.262813
0.294198
0.251483
0.264506
0.274517
0.255679
0.180928
0.176516
0.198479
0.207562
0.204229
0.209328
0.219462
0.223236
0.219926
0.216711
0.214654
0.213293
0.212453
0.211841
0.211423
0.211345
0.198454
0.188413
0.178918
0.179809
0.18373
0.192347
0.173669
0.179114
0.190642
0.200517
0.242989
0.251425
0.256003
0.237719
0.259843
0.251007
0.253831
0.243606
0.234959
0.231385
0.227958
0.228096
0.230578
0.235015
0.203201
0.190942
0.2046
0.212179
0.228858
0.242729
0.253572
0.226741
0.219047
0.240007
0.24813
0.24928
0.244683
0.252068
0.263357
0.295599
0.252216
0.267534
0.275893
0.242636
0.178636
0.177057
0.203223
0.219035
0.209995
0.211707
0.223262
0.222891
0.217956
0.215007
0.21314
0.211641
0.210062
0.207591
0.204455
0.201526
0.193337
0.18626
0.182184
0.179627
0.179765
0.17823
0.175736
0.173215
0.172255
0.219259
0.213658
0.22549
0.22323
0.237181
0.214571
0.230804
0.209361
0.225623
0.216281
0.217889
0.231241
0.18858
0.201593
0.1847
0.194315
0.208677
0.226627
0.24536
0.258635
0.26424
0.223464
0.223764
0.239711
0.24346
0.252855
0.249788
0.245804
0.253901
0.263633
0.29374
0.25259
0.266906
0.292021
0.18682
0.177374
0.17983
0.212307
0.23091
0.208866
0.215878
0.227027
0.22382
0.217402
0.214419
0.212755
0.211331
0.208757
0.205063
0.206322
0.200104
0.185775
0.179119
0.174249
0.208942
0.203919
0.164984
0.162208
0.160863
0.15621
0.201441
0.150499
0.157643
0.165679
0.169168
0.171183
0.181318
0.182717
0.20049
0.195081
0.222838
0.219092
0.176451
0.18872
0.202814
0.223299
0.244546
0.257127
0.264653
0.269284
0.226844
0.221438
0.233496
0.242755
0.245962
0.255582
0.249708
0.246519
0.255672
0.263884
0.265765
0.252479
0.265052
0.260307
0.184045
0.177028
0.185539
0.220114
0.241788
0.251826
0.235743
0.232333
0.227051
0.218396
0.215715
0.214171
0.213123
0.211993
0.201825
0.219283
0.229275
0.183192
0.17776
0.173808
0.171776
0.170208
0.165235
0.162999
0.163611
0.162267
0.141769
0.144416
0.157092
0.159872
0.155255
0.164618
0.16028
0.179201
0.234558
0.207164
0.177349
0.175722
0.199561
0.237728
0.252857
0.259467
0.264204
0.268812
0.283645
0.220259
0.224007
0.229566
0.237441
0.244164
0.249261
0.257071
0.250042
0.247553
0.257795
0.269189
0.266884
0.253577
0.251341
0.248177
0.181635
0.178391
0.190096
0.230282
0.259542
0.270114
0.269604
0.261823
0.233003
0.220337
0.183323
0.180415
0.180731
0.189294
0.203185
0.228795
0.191993
0.184133
0.178624
0.175466
0.174795
0.173456
0.166493
0.163463
0.163699
0.164166
0.168305
0.145584
0.141522
0.144604
0.163829
0.160854
0.191957
0.183628
0.171131
0.21353
0.237362
0.254441
0.271982
0.273865
0.266993
0.267684
0.27171
0.286209
0.22757
0.223701
0.228268
0.23462
0.243145
0.247321
0.25584
0.257836
0.250503
0.250269
0.260301
0.254708
0.267604
0.254882
0.238864
0.229314
0.179983
0.181734
0.192597
0.198904
0.279017
0.283703
0.20126
0.27116
0.253432
0.187773
0.188969
0.187234
0.183084
0.182801
0.198064
0.224347
0.19461
0.187972
0.180709
0.177448
0.176291
0.173912
0.166563
0.1623
0.161116
0.161442
0.163434
0.150402
0.145288
0.205193
0.202568
0.204886
0.200375
0.199982
0.199389
0.202032
0.179929
0.267644
0.288117
0.300003
0.308316
0.328593
0.212636
0.217887
0.221878
0.225655
0.230126
0.236351
0.243446
0.245381
0.24371
0.262497
0.277715
0.273587
0.258205
0.216063
0.272756
0.277506
0.249526
0.235013
0.180381
0.188479
0.196171
0.203993
0.278708
0.267077
0.269276
0.27864
0.269777
0.238136
0.188754
0.188939
0.21372
0.211311
0.208184
0.209861
0.205168
0.191504
0.183063
0.179076
0.177406
0.175082
0.168238
0.16355
0.161974
0.162031
0.16341
0.149217
0.146924
0.219661
0.204161
0.201631
0.199329
0.192865
0.193467
0.19647
0.20016
0.203424
0.245158
0.210948
0.214863
0.218241
0.221113
0.224026
0.227001
0.230619
0.235333
0.24152
0.24575
0.250055
0.260776
0.262299
0.253416
0.250339
0.264315
0.241664
0.251439
0.271809
0.244219
0.184676
0.182373
0.192515
0.198998
0.209963
0.243412
0.275593
0.276252
0.207652
0.197466
0.193373
0.192561
0.194042
0.191206
0.212455
0.210413
0.205389
0.209098
0.214451
0.187191
0.18094
0.178679
0.17678
0.170248
0.165012
0.163135
0.163114
0.164273
0.150335
0.233112
0.202939
0.201761
0.201015
0.19682
0.193263
0.194631
0.198502
0.202536
0.229831
0.235665
0.215674
0.218761
0.221257
0.223661
0.226344
0.229502
0.233455
0.238811
0.244871
0.244478
0.244552
0.259144
0.268669
0.254327
0.248699
0.261298
0.237323
0.243851
0.252831
0.242653
0.184451
0.187042
0.197053
0.204941
0.216172
0.267469
0.264779
0.2547
0.240723
0.218539
0.197673
0.19577
0.192422
0.195407
0.191746
0.213339
0.210798
0.207138
0.219877
0.187664
0.180541
0.177369
0.176824
0.175751
0.169238
0.165075
0.165393
0.164727
0.15113
0.18936
0.197939
0.19928
0.198957
0.198756
0.197192
0.197826
0.206503
0.242876
0.305435
0.308909
0.217827
0.22129
0.223686
0.226101
0.228817
0.232124
0.236462
0.241387
0.244697
0.247738
0.258601
0.265827
0.261519
0.255957
0.255074
0.272993
0.238358
0.276582
0.243421
0.240399
0.185252
0.192724
0.202561
0.210769
0.221185
0.280707
0.275898
0.271451
0.266504
0.252157
0.23345
0.209167
0.197515
0.192877
0.194547
0.19377
0.184357
0.196957
0.194689
0.188148
0.181186
0.176076
0.173974
0.173727
0.173854
0.169751
0.166413
0.1664
0.157408
0.227151
0.200362
0.196269
0.197136
0.197537
0.198178
0.201258
0.204811
0.207599
0.211137
0.214476
0.218699
0.222714
0.225574
0.228118
0.231257
0.235617
0.241714
0.247861
0.25386
0.260912
0.26728
0.268327
0.26337
0.260378
0.258901
0.28211
0.253702
0.272613
0.238723
0.23847
0.188317
0.199499
0.208056
0.215781
0.225193
0.287136
0.2683
0.263862
0.26254
0.267165
0.259147
0.24274
0.225513
0.199815
0.197004
0.193964
0.197633
0.21497
0.195709
0.191461
0.185703
0.177785
0.172728
0.170838
0.169766
0.16866
0.165435
0.165035
0.165364
0.248157
0.217589
0.204256
0.201207
0.201808
0.204026
0.205494
0.207446
0.211476
0.21482
0.217049
0.220331
0.223724
0.226859
0.229798
0.233553
0.239109
0.245881
0.251857
0.259805
0.268572
0.275904
0.274592
0.268102
0.263383
0.260571
0.283722
0.260535
0.2654
0.246493
0.224027
0.193901
0.206656
0.213653
0.219559
0.227533
0.290495
0.272548
0.271628
0.268141
0.266124
0.267699
0.261312
0.250242
0.236862
0.204034
0.214138
0.215074
0.202267
0.201016
0.195035
0.191463
0.186211
0.178131
0.172548
0.170066
0.168445
0.164317
0.166008
0.204125
0.255203
0.229919
0.216346
0.210282
0.209012
0.209557
0.210992
0.213143
0.216371
0.218313
0.219608
0.221227
0.213761
0.245524
0.231067
0.234609
0.240235
0.24724
0.253655
0.264048
0.274269
0.280761
0.278787
0.271033
0.265143
0.265008
0.283859
0.258421
0.253069
0.248051
0.21039
0.201763
0.212638
0.219341
0.223775
0.230913
0.248167
0.269496
0.275855
0.275749
0.272305
0.276317
0.270488
0.264976
0.252718
0.229402
0.230653
0.222364
0.211294
0.210446
0.205139
0.199978
0.195713
0.190472
0.184745
0.180887
0.178603
0.175438
0.187455
0.259633
0.260779
0.242163
0.227028
0.219567
0.216994
0.216644
0.319575
0.308411
0.290773
0.292498
0.294136
0.29424
0.296251
0.29963
0.312857
0.234238
0.240582
0.248057
0.255657
0.269499
0.282659
0.285523
0.278676
0.270019
0.266753
0.268989
0.283806
0.24983
0.240222
0.240192
0.202799
0.210231
0.216547
0.224393
0.229755
0.2384
0.250306
0.260304
0.28743
0.276221
0.295641
0.294778
0.270274
0.244236
0.237657
0.232244
0.226999
0.221438
0.216192
0.211804
0.20955
0.210024
0.21275
0.215159
0.213273
0.207483
0.206415
0.21127
0.240655
0.260831
0.265257
0.253281
0.236771
0.226631
0.315791
0.221696
0.291882
0.291925
0.293484
0.293189
0.294733
0.263642
0.263952
0.268228
0.251581
0.23778
0.246369
0.257846
0.276914
0.289673
0.288196
0.281153
0.274051
0.27123
0.274006
0.296262
0.278133
0.232287
0.220231
0.218876
0.197894
0.215245
0.218951
0.231545
0.246389
0.269232
0.254891
0.268205
0.267236
0.260047
0.252157
0.246776
0.242678
0.23859
0.23458
0.230559
0.225899
0.220763
0.215685
0.21407
0.211701
0.211617
0.214628
0.21932
0.226911
0.233091
0.240205
0.240679
0.255288
0.310697
0.272173
0.261328
0.256916
0.242816
0.298738
0.289419
0.277829
0.271958
0.272335
0.273941
0.275342
0.277744
0.289754
0.304817
0.271356
0.27757
0.289835
0.255241
0.279034
0.283116
0.282039
0.279865
0.279186
0.282466
0.30501
0.297644
0.272326
0.224864
0.203089
0.21764
0.195364
0.219097
0.220976
0.254747
0.255695
0.27538
0.283857
0.276918
0.269926
0.265805
0.253563
0.248213
0.244641
0.241105
0.237403
0.233166
0.228314
0.223212
0.218128
0.220211
0.218183
0.218205
0.219992
0.222873
0.22804
0.23358
0.240691
0.245215
0.266523
0.271099
0.286926
0.276825
0.285991
0.279472
0.279652
0.279924
0.349801
0.376372
0.361944
0.367576
0.370086
0.371016
0.370895
0.370084
0.370583
0.367007
0.36103
0.354079
0.344693
0.341078
0.302726
0.297521
0.295295
0.312759
0.303934
0.295025
0.271887
0.238263
0.198833
0.214371
0.189065
0.219438
0.248458
0.26028
0.266043
0.283306
0.287374
0.284662
0.270808
0.273448
0.259929
0.253327
0.249009
0.245263
0.241593
0.237698
0.233321
0.228387
0.223719
0.228062
0.227009
0.227793
0.229777
0.232351
0.235499
0.240622
0.254596
0.258407
0.273882
0.285098
0.28455
0.298126
0.288779
0.282775
0.280973
0.285023
0.283756
0.284197
0.28442
0.285556
0.287778
0.287664
0.290589
0.293983
0.29908
0.32582
0.284887
0.29041
0.289984
0.288049
0.286367
0.289022
0.297916
0.30942
0.301322
0.242449
0.22282
0.225808
0.24055
0.221755
0.179248
0.243497
0.247416
0.264675
0.265157
0.255758
0.282291
0.281877
0.27669
0.270274
0.264673
0.259806
0.255296
0.25117
0.247045
0.24283
0.238676
0.234639
0.230805
0.236849
0.235971
0.23617
0.23741
0.239877
0.244934
0.257077
0.271801
0.266402
0.276424
0.284129
0.305524
0.286613
0.291738
0.285055
0.282957
0.283017
0.282402
0.287619
0.289976
0.292491
0.30056
0.282419
0.293882
0.295422
0.293537
0.290747
0.288071
0.285764
0.283992
0.283327
0.284505
0.289333
0.301133
0.309033
0.30313
0.239587
0.233967
0.235716
0.224814
0.261359
0.189821
0.23933
0.241982
0.270852
0.296561
0.27133
0.272493
0.273829
0.273893
0.272821
0.270776
0.267523
0.263367
0.258929
0.254468
0.250069
0.246072
0.242264
0.239014
0.247117
0.245381
0.244921
0.246172
0.249754
0.256936
0.267191
0.274308
0.265599
0.279261
0.278452
0.302807
0.302463
0.293208
0.28836
0.286674
0.286664
0.339079
0.2938
0.297243
0.308323
0.291827
0.294883
0.29477
0.292873
0.290332
0.287927
0.285945
0.284456
0.283943
0.284785
0.287639
0.293794
0.324635
0.30876
0.245934
0.242168
0.236763
0.243394
0.23565
0.253054
0.192426
0.234852
0.235932
0.271555
0.273718
0.274468
0.276714
0.27909
0.280157
0.280149
0.27875
0.275891
0.27201
0.267569
0.262991
0.258851
0.255241
0.252307
0.249562
0.258189
0.256186
0.255614
0.257135
0.260164
0.263771
0.267894
0.269381
0.260428
0.280985
0.276119
0.292951
0.303801
0.299053
0.29062
0.288437
0.289748
0.328175
0.292636
0.298315
0.307901
0.294256
0.293954
0.292585
0.290824
0.289074
0.287598
0.286553
0.286141
0.286576
0.289105
0.293787
0.302591
0.318587
0.250356
0.247183
0.243153
0.238852
0.263463
0.246362
0.240307
0.198815
0.225564
0.24342
0.263442
0.27826
0.280241
0.283755
0.286394
0.288126
0.288297
0.286899
0.284189
0.28052
0.276316
0.272011
0.267865
0.26467
0.262499
0.260453
0.2643
0.262192
0.261689
0.261535
0.260744
0.25922
0.257798
0.257739
0.251214
0.278708
0.2731
0.285281
0.298835
0.303623
0.299874
0.295671
0.288257
0.294577
0.307844
0.31801
0.298779
0.311946
0.297536
0.297473
0.296349
0.294853
0.294143
0.294484
0.295442
0.298212
0.303712
0.32163
0.318604
0.252383
0.249308
0.246584
0.243842
0.240697
0.263667
0.243382
0.253224
0.222372
0.238332
0.243789
0.256857
0.282565
0.287822
0.291412
0.293766
0.295059
0.294804
0.293266
0.290646
0.287186
0.283246
0.279047
0.275121
0.272019
0.269579
0.266995
0.267888
0.265513
0.262697
0.258614
0.253976
0.249474
0.247127
0.248037
0.239884
0.253648
0.258316
0.275537
0.29364
0.303994
0.303224
0.261619
0.270708
0.278079
0.288971
0.294885
0.297791
0.298475
0.296467
0.292143
0.286977
0.282474
0.278529
0.274502
0.27032
0.266173
0.262239
0.258635
0.255226
0.25232
0.249643
0.246977
0.244069
0.240823
0.250812
0.253302
0.239858
0.218648
0.237675
0.244924
0.250478
0.285578
0.294183
0.296771
0.298444
0.299076
0.298439
0.296767
0.294222
0.291062
0.287416
0.283677
0.280341
0.27748
0.274457
0.271064
0.270613
0.265735
0.259109
0.253073
0.249394
0.247698
0.247439
0.255394
0.242884
0.24118
0.245664
0.259183
0.275057
0.294899
0.302084
0.253427
0.259659
0.262943
0.27233
0.277896
0.282152
0.284972
0.286588
0.287511
0.287462
0.286635
0.284901
0.282158
0.278393
0.274087
0.269377
0.264789
0.260371
0.256359
0.252635
0.24894
0.244982
0.241329
0.240133
0.266205
0.20351
0.219105
0.245061
0.232116
0.248108
0.276964
0.298941
0.300766
0.302022
0.302082
0.301107
0.299279
0.296752
0.293828
0.290694
0.287654
0.28489
0.281709
0.277883
0.27406
0.270459
0.261697
0.254411
0.251872
0.252897
0.254823
0.25116
0.266687
0.247108
0.222036
0.236279
0.243818
0.253318
0.279541
0.244299
0.249734
0.25351
0.253084
0.259904
0.267075
0.274627
0.280497
0.284577
0.287069
0.288141
0.288028
0.286926
0.284767
0.281682
0.277788
0.273438
0.269021
0.264606
0.260137
0.255565
0.250835
0.245901
0.242112
0.239758
0.257675
0.209342
0.176063
0.247885
0.234177
0.247354
0.280642
0.302833
0.305365
0.306004
0.305555
0.304268
0.302315
0.299836
0.297073
0.294523
0.291959
0.288841
0.284754
0.2807
0.276611
0.267225
0.257528
0.254145
0.254804
0.255437
0.250701
0.246082
0.234245
0.199347
0.206241
0.205205
0.220944
0.243424
0.284279
0.242686
0.246933
0.250373
0.24991
0.253354
0.260321
0.269133
0.276108
0.281105
0.284439
0.286537
0.287346
0.287087
0.28585
0.283709
0.280641
0.277116
0.273231
0.269237
0.264901
0.260128
0.254952
0.248642
0.243678
0.24104
0.266959
0.21396
0.16845
0.268709
0.239984
0.24901
0.27044
0.302307
0.310103
0.310521
0.30964
0.308099
0.306078
0.303733
0.301226
0.298736
0.295839
0.291698
0.287422
0.283384
0.277354
0.263151
0.256878
0.256069
0.255184
0.248061
0.236779
0.242456
0.244581
0.235817
0.222353
0.203805
0.207269
0.243588
0.233978
0.240696
0.244458
0.246146
0.241749
0.247055
0.254631
0.263038
0.270225
0.276845
0.281771
0.285032
0.286871
0.287508
0.28731
0.286517
0.285119
0.286197
0.287479
0.284729
0.280198
0.274661
0.268699
0.263141
0.258859
0.258155
0.265864
0.215925
0.194089
0.2461
0.257618
0.259453
0.268919
0.290684
0.313333
0.315447
0.314408
0.312605
0.310501
0.308254
0.305788
0.302765
0.298781
0.294251
0.290048
0.285053
0.275752
0.261562
0.25844
0.25647
0.249162
0.238219
0.232542
0.229494
0.243507
0.196182
0.189143
0.207752
0.218614
0.230738
0.242848
0.241376
0.23961
0.235994
0.239407
0.247515
0.253315
0.262008
0.271306
0.279302
0.285662
0.292816
0.298077
0.298437
0.297306
0.29513
0.292042
0.288309
0.284034
0.279433
0.274415
0.269341
0.2647
0.260925
0.258165
0.262906
0.264419
0.223408
0.227226
0.202293
0.285453
0.284196
0.27288
0.289598
0.30741
0.319021
0.319525
0.317916
0.315499
0.313117
0.310338
0.306468
0.301562
0.297148
0.292775
0.286164
0.273092
0.263061
0.2592
0.253002
0.244465
0.215427
0.205108
0.211858
0.191791
0.189999
0.205447
0.201567
0.214722
0.226308
0.244286
0.238138
0.230971
0.237639
0.243074
0.247281
0.255044
0.267591
0.281602
0.287428
0.290776
0.292609
0.292833
0.291869
0.289923
0.287063
0.283544
0.279671
0.275668
0.271751
0.267944
0.264463
0.261544
0.259117
0.260262
0.2672
0.281121
0.189656
0.221716
0.284848
0.302668
0.298089
0.288506
0.28891
0.294075
0.309052
0.323602
0.323839
0.321924
0.319281
0.315848
0.311051
0.305653
0.300589
0.295853
0.286852
0.271495
0.264968
0.257933
0.249874
0.225014
0.205288
0.182025
0.138585
0.190745
0.200451
0.16614
0.185305
0.212896
0.233516
0.234402
0.231234
0.238025
0.241731
0.24325
0.248259
0.264006
0.271485
0.276577
0.280466
0.283052
0.2844
0.284217
0.282932
0.280801
0.277974
0.274866
0.271773
0.268815
0.266139
0.263696
0.261546
0.259596
0.259665
0.265717
0.281678
0.249347
0.169261
0.172798
0.296604
0.296723
0.358941
0.294347
0.300231
0.298274
0.293804
0.296878
0.317678
0.326372
0.324568
0.320583
0.314782
0.308719
0.303282
0.297786
0.286995
0.27345
0.267104
0.258389
0.248853
0.225366
0.21597
0.153273
0.15731
0.16315
0.172115
0.167566
0.159995
0.191367
0.219614
0.229143
0.233977
0.241458
0.241954
0.245151
0.260032
0.265348
0.269158
0.272426
0.274902
0.276487
0.277096
0.27655
0.275199
0.273351
0.271138
0.268946
0.266876
0.264985
0.26328
0.261647
0.260022
0.260004
0.263897
0.270483
0.266016
0.182754
0.168328
0.199411
0.311796
0.33166
0.369856
0.37533
0.380183
0.382292
0.381304
0.377866
0.299914
0.297388
0.326991
0.329598
0.324033
0.316878
0.310437
0.303956
0.294218
0.283088
0.267326
0.255957
0.244084
0.18562
0.153804
0.143609
0.154129
0.1667
0.162157
0.171301
0.161382
0.207936
0.228397
0.226951
0.24195
0.242259
0.243493
0.259452
0.262451
0.265532
0.267891
0.269856
0.2712
0.271969
0.272012
0.271234
0.269258
0.265278
0.25875
0.252526
0.248347
0.245543
0.243671
0.242995
0.243184
0.246134
0.25086
0.270155
0.189587
0.160029
0.184336
0.233999
0.308081
0.289639
0.387409
0.392261
0.394562
0.39552
0.39371
0.391983
0.390605
0.380862
0.374438
0.366441
0.356549
0.344319
0.329682
0.306095
0.282084
0.267445
0.221298
0.21101
0.178493
0.161133
0.161901
0.167527
0.178907
0.15856
0.165708
0.181925
0.179011
0.220205
0.232599
0.242649
0.242537
0.243262
0.258289
0.2616
0.263412
0.265178
0.267608
0.268667
0.268435
0.258241
0.249141
0.246706
0.245644
0.244598
0.24358
0.242668
0.241797
0.241043
0.24084
0.241966
0.24424
0.247503
0.250362
0.262572
0.237267
0.182507
0.259263
0.29145
0.30521
0.248296
0.374607
0.370808
0.385964
0.389696
0.389484
0.384939
0.378534
0.372704
0.36687
0.359851
0.351923
0.341337
0.327328
0.302873
0.271309
0.246191
0.224342
0.197209
0.174238
0.161522
0.158263
0.169478
0.169419
0.153394
0.18112
0.208391
0.207103
0.236177
0.24741
0.255144
0.244436
0.246138
0.261743
0.263101
0.26446
0.265845
0.267159
0.257014
0.246731
0.245837
0.245303
0.244687
0.24401
0.243284
0.242526
0.241797
0.24132
0.241822
0.243953
0.247298
0.251078
0.255118
0.2308
0.238407
0.227389
0.168321
0.257728
0.287013
0.305515
0.249791
0.319614
0.31254
0.366683
0.37459
0.379757
0.378764
0.374605
0.368914
0.362047
0.35461
0.345736
0.337731
0.323116
0.297654
0.269981
0.246848
0.23033
0.208619
0.18446
0.166899
0.165846
0.155969
0.152843
0.169673
0.241547
0.243798
0.234599
0.258926
0.2648
0.269199
0.279759
0.244405
0.264452
0.264885
0.26564
0.266527
0.263355
0.246309
0.245457
0.244998
0.244537
0.244025
0.243448
0.2428
0.24217
0.24203
0.243196
0.246189
0.250145
0.254384
0.258288
0.241339
0.272405
0.259318
0.180914
0.24759
0.251633
0.288398
0.306136
0.314027
0.287947
0.315407
0.300494
0.322
0.364427
0.363649
0.365643
0.363787
0.358194
0.349953
0.341091
0.331621
0.320966
0.296664
0.271692
0.250438
0.239036
0.222094
0.21009
0.216315
0.196854
0.170034
0.165695
0.230562
0.277734
0.269511
0.268187
0.27614
0.272137
0.277515
0.286396
0.299147
0.259417
0.267939
0.267324
0.267602
0.255139
0.245803
0.245557
0.244982
0.244498
0.244005
0.243512
0.243054
0.243038
0.244213
0.24678
0.250616
0.255795
0.259798
0.248132
0.253235
0.258398
0.239176
0.170609
0.264712
0.229919
0.293108
0.255012
0.250397
0.268347
0.270653
0.2828
0.299657
0.325497
0.355897
0.361038
0.36343
0.358955
0.35066
0.340598
0.329515
0.316783
0.299939
0.277338
0.257173
0.252492
0.243504
0.265631
0.260665
0.246847
0.2258
0.195847
0.271397
0.285205
0.283787
0.285566
0.276925
0.279035
0.286915
0.296463
0.306353
0.318057
0.27058
0.2707
0.269484
0.259507
0.246657
0.246147
0.245528
0.245016
0.24463
0.244459
0.244465
0.244998
0.24654
0.249409
0.254751
0.259844
0.253848
0.262983
0.26591
0.244839
0.190016
0.20755
0.266895
0.237003
0.293658
0.252677
0.248832
0.255368
0.254353
0.262514
0.272126
0.283305
0.311098
0.34906
0.351674
0.35503
0.351298
0.34623
0.334441
0.321628
0.303876
0.283088
0.266886
0.312431
0.300737
0.291584
0.285032
0.278927
0.275026
0.249293
0.299534
0.284094
0.275146
0.280754
0.281164
0.289512
0.300176
0.312442
0.32023
0.323666
0.328174
0.331224
0.274019
0.26451
0.248633
0.24721
0.246901
0.246319
0.246569
0.246796
0.246725
0.246717
0.247734
0.251558
0.258455
0.257541
0.262925
0.269858
0.263632
0.245713
0.16445
0.215816
0.265891
0.286306
0.288899
0.306562
0.243933
0.239616
0.241848
0.248809
0.256168
0.264939
0.276057
0.302199
0.345817
0.35275
0.359766
0.363159
0.359579
0.355149
0.348224
0.336879
0.320812
0.344615
0.332737
0.324132
0.316863
0.310653
0.3034
0.287071
0.292971
0.288769
0.289177
0.288631
0.298036
0.310979
0.319935
0.324661
0.328095
0.330582
0.331871
0.332332
0.340927
0.279978
0.252748
0.251042
0.24967
0.250957
0.251384
0.249981
0.249227
0.248541
0.249706
0.254645
0.259072
0.257896
0.263639
0.262872
0.267255
0.249777
0.185223
0.238281
0.250781
0.269203
0.292259
0.307804
0.309044
0.309568
0.228706
0.241562
0.248092
0.254498
0.262802
0.276426
0.310594
0.356723
0.370068
0.373348
0.371876
0.369804
0.366882
0.362699
0.355943
0.370446
0.368346
0.36591
0.362721
0.358865
0.353908
0.344456
0.320875
0.309124
0.311768
0.317292
0.322512
0.325156
0.323341
0.328725
0.33214
0.327715
0.340153
0.340594
0.34014
0.343673
0.31791
0.265508
0.263383
0.26122
0.256638
0.255353
0.25479
0.254742
0.256408
0.259346
0.255867
0.249444
0.254711
0.264062
0.259312
0.220154
0.202488
0.293869
0.252074
0.280654
0.296894
0.308522
0.307688
0.308049
0.307299
0.2385
0.247294
0.252965
0.258402
0.266808
0.287185
0.361521
0.382715
0.381104
0.378889
0.377227
0.375617
0.373876
0.372245
0.37831
0.37692
0.375166
0.372858
0.369649
0.364707
0.356944
0.347582
0.339299
0.335302
0.332794
0.331675
0.334842
0.33493
0.334734
0.334589
0.335022
0.336605
0.339653
0.34405
0.348973
0.355263
0.356224
0.305389
0.277821
0.270579
0.271078
0.270679
0.269615
0.267582
0.262194
0.250984
0.241531
0.253081
0.251524
0.232971
0.202799
0.21255
0.272633
0.238538
0.287801
0.298268
0.306418
0.308519
0.309154
0.308531
0.236319
0.253749
0.262042
0.268453
0.274617
0.293591
0.307313
0.39263
0.386961
0.384378
0.382905
0.381714
0.380617
0.379513
0.37782
0.376751
0.375661
0.374579
0.373456
0.372021
0.369767
0.365474
0.356919
0.355041
0.349533
0.345989
0.316713
0.332435
0.330742
0.331894
0.337804
0.348155
0.353204
0.355549
0.357615
0.359225
0.359933
0.359632
0.35619
0.300337
0.277119
0.264639
0.26086
0.270772
0.270441
0.261437
0.248782
0.251711
0.241734
0.228738
0.197912
0.228986
0.308383
0.297322
0.284339
0.298007
0.311108
0.313967
0.313362
0.311427
0.238281
0.263072
0.274211
0.283109
0.293251
0.307065
0.313381
0.397828
0.388101
0.385124
0.382792
0.381039
0.380002
0.378905
0.356695
0.354497
0.352386
0.35039
0.348624
0.346906
0.345175
0.343328
0.335062
0.334148
0.325489
0.326974
0.330313
0.330979
0.331916
0.333544
0.335744
0.338392
0.341223
0.343854
0.346189
0.34831
0.350222
0.35192
0.353075
0.352579
0.343365
0.323743
0.321375
0.319862
0.273622
0.273828
0.263917
0.262316
0.250003
0.248234
0.194259
0.207336
0.312497
0.30843
0.299025
0.316527
0.315923
0.315202
0.313403
0.31027
0.249553
0.265321
0.275514
0.283144
0.294352
0.308784
0.325196
0.397179
0.380131
0.37479
0.36967
0.365463
0.362243
0.359185
0.326458
0.323817
0.321387
0.31903
0.316821
0.314567
0.31224
0.310315
0.303096
0.302916
0.279871
0.300755
0.305464
0.309781
0.313891
0.318088
0.322289
0.326527
0.330694
0.334516
0.337856
0.340618
0.342654
0.343944
0.344294
0.343299
0.340502
0.335881
0.33576
0.32557
0.319443
0.262523
0.268466
0.278039
0.249443
0.226809
0.193557
0.209692
0.316209
0.321646
0.318161
0.322279
0.313631
0.31036
0.307109
0.30019
0.264486
0.275254
0.281375
0.287715
0.298821
0.313802
0.332365
0.409744
0.361735
0.350455
0.342992
0.33743
0.333073
0.329422
0.298917
0.294007
0.290247
0.286964
0.284007
0.281116
0.278133
0.275547
0.2677
0.265002
0.267653
0.276286
0.282069
0.288012
0.294199
0.300577
0.306884
0.313029
0.318814
0.323987
0.328474
0.332133
0.33469
0.336092
0.336327
0.335117
0.332358
0.328137
0.324483
0.348184
0.333536
0.32294
0.258578
0.283112
0.248451
0.218849
0.198763
0.227439
0.312122
0.327196
0.321868
0.32472
0.310121
0.306195
0.300623
0.26672
0.280775
0.288418
0.293296
0.298872
0.306946
0.319066
0.333568
0.398857
0.34107
0.329661
0.323339
0.317945
0.312541
0.305421
0.281446
0.277891
0.274776
0.271731
0.268706
0.265557
0.262046
0.258764
0.249351
0.245375
0.25603
0.262594
0.267466
0.273258
0.280001
0.287414
0.294923
0.30216
0.308629
0.313989
0.318226
0.321366
0.323649
0.325474
0.326988
0.327326
0.32541
0.321549
0.319762
0.361415
0.342332
0.329114
0.312602
0.285987
0.248094
0.208655
0.202994
0.239691
0.292777
0.323724
0.317906
0.317222
0.305664
0.299748
0.272511
0.286825
0.291782
0.295742
0.298122
0.300883
0.306917
0.320049
0.336327
0.350399
0.323856
0.315395
0.308836
0.29927
0.291231
0.285645
0.273912
0.270616
0.267574
0.264445
0.261199
0.257799
0.253909
0.25032
0.240797
0.237821
0.250553
0.257311
0.26173
0.267304
0.274106
0.281752
0.289529
0.296876
0.303326
0.308733
0.313538
0.317776
0.321506
0.324608
0.327046
0.328279
0.327918
0.326012
0.324629
0.421636
0.349379
0.330856
0.312429
0.268182
0.242301
0.25651
0.199
0.27919
0.325291
0.319239
0.316218
0.317961
0.29466
0.282437
0.289352
0.291771
0.293517
0.294781
0.295288
0.297403
0.304322
0.320502
0.346433
0.32794
0.314299
0.306948
0.297687
0.288545
0.282284
0.277652
0.272851
0.270024
0.267323
0.264495
0.261368
0.257938
0.253767
0.249781
0.240669
0.243283
0.2526
0.260503
0.26478
0.270017
0.276217
0.282953
0.289652
0.295974
0.301928
0.307607
0.31373
0.319753
0.325454
0.330144
0.333184
0.334272
0.333631
0.331814
0.329429
0.329986
0.355208
0.334559
0.311973
0.256549
0.257072
0.256635
0.266466
0.296577
0.342347
0.318373
0.316921
0.277582
0.283899
0.284763
0.285838
0.286959
0.28857
0.290871
0.293338
0.296999
0.304509
0.325685
0.342131
0.320645
0.311237
0.304223
0.294308
0.285626
0.28006
0.276084
0.276256
0.274115
0.271996
0.269852
0.267225
0.264131
0.260041
0.255746
0.245105
0.263625
0.258817
0.270072
0.274069
0.278266
0.282834
0.287535
0.292113
0.29649
0.300946
0.305305
0.310573
0.315718
0.320972
0.32544
0.328054
0.327907
0.325602
0.321497
0.317038
0.310153
0.340871
0.333251
0.312255
0.254019
0.2516
0.267898
0.276735
0.314849
0.314331
0.320173
0.283887
0.276911
0.273462
0.271944
0.272707
0.274611
0.277651
0.282046
0.288254
0.301009
0.324658
0.391208
0.33411
0.321975
0.314332
0.308434
0.302833
0.293133
0.284112
0.279116
)
;
    }
    front
    {
        type            cyclic;
    }
    back
    {
        type            cyclic;
    }
}


// ************************************************************************* //
