/*--------------------------------*- C++ -*----------------------------------*\
  =========                 |
  \\      /  F ield         | OpenFOAM: The Open Source CFD Toolbox
   \\    /   O peration     | Website:  https://openfoam.org
    \\  /    A nd           | Version:  13
     \\/     M anipulation  |
\*---------------------------------------------------------------------------*/
FoamFile
{
    format      ascii;
    class       volScalarField;
    location    "0.5";
    object      classifier_w_laminar_sigma;
}
// * * * * * * * * * * * * * * * * * * * * * * * * * * * * * * * * * * * * * //

dimensions      [];

internalField   uniform 0;

boundaryField
{
    inlet
    {
        type            cyclic;
    }
    outlet
    {
        type            cyclic;
    }
    top
    {
        type            calculated;
        value           nonuniform List<scalar> 
7200
(
0.129812
0.139682
0.140293
0.140386
0.140432
0.140265
0.140212
0.140174
0.140115
0.139893
0.139863
0.139839
0.139933
0.140009
0.140103
0.140158
0.140128
0.139971
0.139898
0.139775
0.139553
0.13911
0.138173
0.137199
0.136382
0.135106
0.134555
0.134551
0.134238
0.135454
0.139464
0.135216
0.134841
0.125809
0.253622
0.276187
0.247292
0.13586
0.138269
0.140144
0.140213
0.140114
0.139785
0.139174
0.138153
0.137646
0.137574
0.137588
0.137657
0.137773
0.137635
0.137826
0.138587
0.139505
0.138366
0.135913
0.13729
0.138322
0.138658
0.131395
0.136028
0.139827
0.140116
0.140251
0.140384
0.140429
0.140447
0.140446
0.140292
0.140099
0.139959
0.139856
0.1398
0.139798
0.139821
0.139825
0.139779
0.139613
0.139535
0.139458
0.139276
0.138853
0.137918
0.137041
0.135949
0.135105
0.134373
0.13387
0.134365
0.137694
0.138954
0.137416
0.135592
0.194027
0.274116
0.255312
0.138817
0.139386
0.140204
0.140778
0.140544
0.140274
0.139863
0.139195
0.138034
0.137599
0.137673
0.137802
0.137935
0.138105
0.13799
0.138137
0.139213
0.138772
0.13453
0.136698
0.137818
0.138489
0.138914
0.131806
0.139536
0.139886
0.140172
0.140391
0.140597
0.14081
0.140837
0.140636
0.140304
0.139935
0.139646
0.13947
0.139425
0.139437
0.139463
0.139478
0.139487
0.139424
0.139388
0.13934
0.139227
0.138913
0.137928
0.136384
0.138346
0.137187
0.138205
0.138344
0.136404
0.136669
0.136873
0.136487
0.184977
0.269555
0.259043
0.137463
0.139595
0.140248
0.141025
0.140504
0.140068
0.139632
0.13909
0.138232
0.137085
0.136951
0.137209
0.137495
0.137784
0.138146
0.138581
0.137851
0.130207
0.134907
0.136418
0.137409
0.138082
0.138344
0.138842
0.138905
0.139372
0.139824
0.140464
0.141466
0.140137
0.134171
0.133859
0.128725
0.128641
0.12975
0.138276
0.136035
0.136282
0.136273
0.136747
0.136985
0.136901
0.139025
0.139048
0.139023
0.136544
0.137999
0.135594
0.122065
0.124359
0.137123
0.136877
0.13786
0.137475
0.138089
0.137893
0.138359
0.263695
0.257164
0.13804
0.139132
0.140766
0.141179
0.140231
0.139157
0.138597
0.138027
0.137146
0.135898
0.135584
0.135848
0.136239
0.136661
0.137124
0.137499
0.135577
0.134617
0.135275
0.135672
0.137046
0.137619
0.137956
0.137953
0.138501
0.138523
0.137624
0.135475
0.128548
0.129772
0.129866
0.125342
0.128956
0.129091
0.129017
0.128781
0.127882
0.124739
0.127225
0.14045
0.138286
0.136194
0.13544
0.135482
0.137215
0.140741
0.140206
0.121165
0.12119
0.122968
0.12448
0.123989
0.122807
0.12207
0.121569
0.12187
0.120326
0.139816
0.139385
0.13846
0.139599
0.141188
0.141223
0.140179
0.138566
0.137336
0.136518
0.135594
0.134356
0.134442
0.134748
0.135107
0.135511
0.135971
0.13637
0.135603
0.133915
0.135169
0.135459
0.135194
0.13488
0.130128
0.138259
0.135988
0.140658
0.12771
0.126415
0.123727
0.231521
0.260709
0.270278
0.269083
0.257892
0.244015
0.212389
0.146915
0.124162
0.123753
0.122937
0.121928
0.120045
0.140921
0.13978
0.140412
0.141088
0.140849
0.141041
0.141614
0.141689
0.140717
0.140219
0.123995
0.125101
0.13788
0.14158
0.140741
0.120648
0.138828
0.140446
0.139908
0.141097
0.141115
0.140181
0.13854
0.136316
0.132633
0.132619
0.133557
0.13441
0.134963
0.135188
0.135424
0.1357
0.136061
0.136512
0.136335
0.132237
0.135587
0.12134
0.121804
0.122892
0.123883
0.124841
0.125816
0.125547
0.144267
0.221311
0.265587
0.277813
0.282202
0.283392
0.279288
0.267638
0.256511
0.230488
0.125644
0.136612
0.120954
0.138656
0.135376
0.134149
0.134201
0.135035
0.135356
0.135602
0.136364
0.137408
0.138689
0.139994
0.141104
0.141387
0.140824
0.139077
0.138279
0.137741
0.13749
0.138288
0.140149
0.140714
0.140526
0.14098
0.140204
0.13866
0.135418
0.134005
0.133054
0.132436
0.134616
0.135305
0.119385
0.119853
0.120314
0.12067
0.120992
0.121407
0.121964
0.121296
0.123009
0.123821
0.124136
0.124709
0.125174
0.121761
0.201348
0.174706
0.257377
0.261877
0.279724
0.287046
0.29901
0.135241
0.135579
0.136599
0.137457
0.140458
0.129253
0.137043
0.138285
0.139022
0.1394
0.139599
0.139773
0.139865
0.139916
0.13995
0.139922
0.139896
0.139894
0.139705
0.139551
0.13926
0.139045
0.139539
0.140006
0.138704
0.137821
0.137928
0.141097
0.140801
0.140228
0.140067
0.138782
0.13498
0.134055
0.132827
0.132093
0.135214
0.11945
0.120385
0.121158
0.121617
0.121887
0.12215
0.1225
0.123082
0.123955
0.124251
0.124816
0.124851
0.122208
0.182256
0.224529
0.242405
0.257403
0.244895
0.268174
0.136561
0.135881
0.135692
0.135892
0.135799
0.136953
0.141792
0.135817
0.137899
0.138581
0.138644
0.138814
0.138957
0.139065
0.139156
0.139279
0.13936
0.139468
0.13948
0.139356
0.139266
0.139119
0.13886
0.138622
0.138309
0.138158
0.138936
0.140203
0.139585
0.139152
0.139441
0.141078
0.140361
0.139689
0.138561
0.136548
0.133902
0.132659
0.134315
0.135725
0.120181
0.121247
0.121989
0.122453
0.122704
0.122831
0.122981
0.123243
0.123754
0.124572
0.125261
0.1365
0.197227
0.218047
0.232871
0.248116
0.254548
0.261629
0.251079
0.266187
0.138695
0.137854
0.137229
0.137
0.138731
0.142334
0.13656
0.138008
0.13849
0.138673
0.138599
0.138661
0.138697
0.138689
0.138699
0.138775
0.13884
0.138971
0.138965
0.138802
0.138681
0.138507
0.13826
0.13805
0.137731
0.137468
0.137817
0.138963
0.139388
0.139551
0.139782
0.140706
0.140228
0.139392
0.137997
0.135162
0.132612
0.134489
0.135782
0.135659
0.122144
0.122543
0.122953
0.123186
0.123329
0.123402
0.123474
0.123625
0.123927
0.124385
0.124991
0.132508
0.201572
0.220009
0.233838
0.244349
0.242756
0.245179
0.136469
0.247883
0.141527
0.139016
0.138492
0.138361
0.140838
0.130394
0.13721
0.138062
0.138464
0.138546
0.138442
0.138439
0.138411
0.138354
0.138329
0.138377
0.138436
0.138585
0.138595
0.138436
0.138314
0.13814
0.137906
0.137699
0.137346
0.137016
0.137309
0.138337
0.139067
0.139499
0.139356
0.140337
0.139903
0.13891
0.136561
0.130846
0.13193
0.135841
0.135092
0.135076
0.133095
0.124043
0.123796
0.123748
0.12375
0.123753
0.123756
0.123812
0.123999
0.124296
0.124592
0.12472
0.140662
0.171755
0.19933
0.217191
0.207142
0.207265
0.136726
0.17474
0.13383
0.141528
0.140998
0.141521
0.141572
0.136299
0.137578
0.137998
0.138261
0.138307
0.138205
0.138158
0.138068
0.137973
0.137911
0.137908
0.137933
0.138066
0.138085
0.137939
0.137828
0.137665
0.137463
0.137279
0.136942
0.136578
0.136765
0.13746
0.137697
0.137851
0.137969
0.138977
0.139129
0.137411
0.135302
0.1341
0.132618
0.134616
0.13421
0.13405
0.133579
0.131862
0.125474
0.124769
0.124618
0.124562
0.124273
0.123807
0.123792
0.123984
0.124221
0.1246
0.124679
0.124627
0.124241
0.130477
0.121845
0.134751
0.137053
0.123396
0.137119
0.133999
0.139332
0.138965
0.135131
0.136772
0.137343
0.137677
0.137921
0.138004
0.137935
0.137888
0.137779
0.137657
0.13755
0.137475
0.13743
0.137485
0.137474
0.137343
0.13725
0.137114
0.136957
0.136814
0.136521
0.136174
0.136172
0.136686
0.136762
0.136545
0.136499
0.134385
0.137019
0.135392
0.128655
0.133798
0.134519
0.133289
0.132861
0.132902
0.132866
0.132913
0.132849
0.132793
0.132869
0.13298
0.13291
0.132045
0.123241
0.123092
0.123351
0.124057
0.124291
0.124213
0.124302
0.124017
0.124089
0.124374
0.134081
0.135037
0.137069
0.135271
0.134654
0.134032
0.135701
0.136408
0.137046
0.137323
0.137587
0.137706
0.137681
0.137677
0.137608
0.137502
0.137381
0.137258
0.137142
0.137083
0.137001
0.136868
0.136778
0.136675
0.136556
0.13645
0.13622
0.135929
0.135782
0.135892
0.135859
0.135636
0.135457
0.133446
0.135268
0.134899
0.133621
0.132584
0.133573
0.132265
0.131769
0.13204
0.132129
0.132374
0.13251
0.132611
0.132702
0.132773
0.132797
0.132587
0.132051
0.121989
0.121861
0.122802
0.123404
0.123207
0.123431
0.135151
0.134642
0.134225
0.136045
0.137851
0.136639
0.134704
0.135226
0.13522
0.135603
0.13616
0.136647
0.137043
0.137278
0.137389
0.137405
0.137457
0.137446
0.13741
0.137341
0.13725
0.13714
0.137035
0.136916
0.136777
0.136676
0.136598
0.136511
0.13645
0.136309
0.136067
0.135737
0.13537
0.134978
0.134334
0.133269
0.13441
0.134512
0.133429
0.131961
0.131742
0.131838
0.131014
0.130858
0.131095
0.130807
0.130793
0.130677
0.130458
0.130206
0.127413
0.122767
0.120406
0.119952
0.119913
0.119939
0.120493
0.121193
0.121091
0.120709
0.134502
0.133699
0.134086
0.134452
0.135507
0.136763
0.134084
0.135681
0.135603
0.135755
0.136222
0.136337
0.136667
0.136875
0.136963
0.137024
0.137107
0.137126
0.137157
0.137165
0.137161
0.137142
0.137116
0.137052
0.136953
0.136869
0.136817
0.136758
0.13673
0.13664
0.1364
0.135871
0.135083
0.134333
0.133336
0.131472
0.133087
0.132807
0.131537
0.130134
0.129952
0.130896
0.130726
0.129768
0.130317
0.130581
0.130871
0.130993
0.131061
0.131104
0.131128
0.131124
0.130967
0.130646
0.126663
0.123511
0.120513
0.119779
0.122087
0.120144
0.133254
0.133104
0.132806
0.132748
0.131707
0.131744
0.135562
0.136112
0.135131
0.135285
0.135574
0.135895
0.136156
0.136348
0.136441
0.136544
0.136612
0.136635
0.136695
0.136745
0.136802
0.136869
0.136949
0.136981
0.136955
0.136926
0.136909
0.136871
0.136844
0.136725
0.13641
0.135795
0.134808
0.133795
0.132662
0.131295
0.130671
0.130061
0.129046
0.127766
0.127717
0.129051
0.129026
0.127879
0.128769
0.129489
0.129913
0.130101
0.130183
0.130204
0.130188
0.130192
0.130171
0.13006
0.129498
0.127298
0.126403
0.12605
0.130906
0.126578
0.131521
0.131126
0.129854
0.12987
0.132797
0.13124
0.135565
0.135869
0.135018
0.135
0.13512
0.135311
0.135578
0.135774
0.135884
0.136002
0.136045
0.136075
0.136143
0.136205
0.136288
0.136392
0.136515
0.136605
0.136636
0.136658
0.13667
0.136643
0.136605
0.136457
0.136104
0.135481
0.13448
0.133228
0.1317
0.132083
0.129549
0.12788
0.126767
0.125606
0.125531
0.127138
0.127233
0.12578
0.126541
0.127351
0.127788
0.128017
0.128093
0.128087
0.128091
0.128176
0.128402
0.128673
0.132365
0.129461
0.128681
0.12825
0.129696
0.129414
0.128865
0.128157
0.130544
0.130783
0.130859
0.131407
0.133359
0.134973
0.134684
0.134698
0.134721
0.134812
0.135048
0.135236
0.135356
0.135459
0.135492
0.135527
0.135597
0.135667
0.135762
0.135875
0.136002
0.136112
0.136175
0.136224
0.136249
0.136225
0.136184
0.136046
0.135723
0.135147
0.134163
0.132346
0.128777
0.134478
0.134203
0.125759
0.124869
0.124133
0.123963
0.124938
0.12514
0.12424
0.124497
0.124931
0.1252
0.125373
0.125451
0.125498
0.125592
0.125773
0.126164
0.126695
0.131253
0.130358
0.130018
0.129581
0.127091
0.127915
0.126448
0.126017
0.132332
0.132628
0.132743
0.132205
0.134851
0.134526
0.134333
0.134393
0.134451
0.134502
0.134669
0.134824
0.134935
0.135025
0.135055
0.135082
0.135138
0.135201
0.13529
0.135402
0.135526
0.135643
0.135731
0.135798
0.135833
0.135812
0.135777
0.135679
0.135408
0.134902
0.133966
0.128649
0.126252
0.129323
0.134857
0.124998
0.124156
0.123843
0.123596
0.123717
0.124007
0.123986
0.123896
0.12391
0.123891
0.123939
0.12399
0.124057
0.12418
0.124365
0.124802
0.125556
0.130055
0.130352
0.130378
0.130171
0.125009
0.125488
0.124782
0.124656
0.128608
0.132113
0.132376
0.133342
0.13418
0.134232
0.1342
0.134256
0.134359
0.134469
0.134557
0.134668
0.134771
0.134844
0.13486
0.134866
0.13489
0.134916
0.134978
0.135077
0.135179
0.135285
0.13539
0.135465
0.135524
0.135501
0.135468
0.135433
0.135236
0.134844
0.134234
0.127303
0.129439
0.126567
0.126383
0.126891
0.125007
0.124683
0.124346
0.124104
0.124484
0.124947
0.124612
0.124334
0.124128
0.124079
0.124082
0.124109
0.124181
0.124316
0.125092
0.129051
0.129687
0.130076
0.130283
0.130355
0.123944
0.124132
0.1239
0.123958
0.124739
0.124989
0.124721
0.129456
0.135249
0.1345
0.134279
0.134258
0.134283
0.134403
0.134591
0.134666
0.134722
0.13476
0.134768
0.134762
0.134769
0.134777
0.134811
0.134881
0.13497
0.135073
0.135192
0.135279
0.135343
0.135337
0.135335
0.135344
0.135248
0.135061
0.133466
0.126554
0.13023
0.125363
0.125559
0.127852
0.126551
0.126103
0.12574
0.12566
0.12633
0.127015
0.126246
0.125607
0.125313
0.125241
0.125233
0.125249
0.125453
0.126788
0.128369
0.128529
0.129302
0.129795
0.130114
0.130457
0.123632
0.124026
0.1237
0.123854
0.12423
0.124125
0.123978
0.130678
0.134906
0.134405
0.134565
0.134569
0.134578
0.134559
0.13461
0.134773
0.134907
0.134951
0.134945
0.134914
0.13489
0.13488
0.134886
0.134916
0.134971
0.135047
0.135143
0.135224
0.135278
0.13531
0.135347
0.135387
0.135439
0.135706
0.129474
0.126047
0.12801
0.125876
0.126077
0.128857
0.128626
0.128168
0.128456
0.128807
0.130353
0.131556
0.130809
0.12939
0.12891
0.129146
0.129846
0.12899
0.128557
0.128482
0.128066
0.127826
0.128785
0.129573
0.130023
0.130611
0.131616
0.131473
0.123771
0.123989
0.124299
0.124215
0.123962
0.129192
0.135248
0.135614
0.13545
0.135349
0.135279
0.135097
0.134865
0.134723
0.134696
0.134834
0.135
0.135094
0.135108
0.1351
0.135102
0.135128
0.135177
0.135257
0.135369
0.135479
0.135582
0.135685
0.13577
0.13585
0.136013
0.136588
0.135989
0.130712
0.129439
0.127111
0.127233
0.130603
0.132579
0.132343
0.132907
0.133308
0.134741
0.139162
0.138287
0.134203
0.134218
0.130471
0.128306
0.127611
0.127777
0.127576
0.127727
0.127426
0.12827
0.129474
0.130147
0.130889
0.131309
0.131354
0.126506
0.126433
0.126549
0.125731
0.125185
0.130374
0.127032
0.13688
0.136204
0.136307
0.1363
0.135887
0.135268
0.134689
0.13431
0.134224
0.134354
0.134678
0.13503
0.135245
0.13536
0.135446
0.135528
0.135635
0.135785
0.135942
0.136105
0.136262
0.136349
0.136396
0.136512
0.136915
0.137705
0.137874
0.138525
0.12981
0.12971
0.140613
0.139403
0.140436
0.140934
0.140968
0.139161
0.137523
0.135782
0.130899
0.130706
0.129582
0.129502
0.129103
0.129053
0.127306
0.12735
0.127252
0.128126
0.129483
0.130102
0.13088
0.131334
0.131584
0.132238
0.132806
0.133793
0.12839
0.12865
0.132241
0.130084
0.130034
0.128148
0.137885
0.137083
0.136769
0.13586
0.13473
0.133864
0.133405
0.13332
0.133548
0.134026
0.13465
0.135189
0.135552
0.135783
0.135962
0.13615
0.136331
0.136505
0.136637
0.136661
0.136621
0.136588
0.136716
0.136781
0.135902
0.135941
0.141439
0.138843
0.137017
0.136874
0.136866
0.137201
0.137467
0.135413
0.137075
0.131677
0.130908
0.130222
0.129194
0.128331
0.127794
0.12737
0.125773
0.126187
0.126284
0.127258
0.129142
0.129405
0.129973
0.130403
0.131082
0.132109
0.132948
0.13312
0.133343
0.129139
0.132621
0.131052
0.131678
0.130677
0.12958
0.139981
0.138663
0.136535
0.135386
0.133969
0.133122
0.132619
0.132485
0.132696
0.133328
0.134105
0.134823
0.135363
0.135713
0.135961
0.136159
0.136303
0.136358
0.13628
0.136124
0.135967
0.136043
0.136405
0.135512
0.135221
0.136342
0.136713
0.135807
0.136126
0.136487
0.137009
0.136447
0.132116
0.130929
0.129446
0.128122
0.12698
0.125235
0.12337
0.123609
0.124337
0.124094
0.12385
0.123651
0.123926
0.125987
0.12726
0.128
0.128102
0.128384
0.129143
0.130967
0.132268
0.132629
0.130396
0.132071
0.133636
0.133486
0.132774
0.131664
0.130885
0.130796
0.138759
0.135536
0.134596
0.1334
0.132688
0.132181
0.131968
0.132235
0.132888
0.133456
0.13406
0.134524
0.134781
0.134987
0.135118
0.135158
0.135157
0.135191
0.13524
0.135387
0.136125
0.135654
0.135485
0.13562
0.135382
0.135888
0.136052
0.13726
0.130924
0.129546
0.128221
0.126221
0.123199
0.124683
0.123611
0.120851
0.120188
0.120073
0.120031
0.119853
0.119715
0.119533
0.119731
0.119534
0.120011
0.124864
0.132487
0.129864
0.129547
0.131558
0.133522
0.127855
0.13258
0.130716
0.131861
0.131164
0.133755
0.132836
0.131675
0.130821
0.131626
0.137902
0.135135
0.133624
0.132517
0.131803
0.131384
0.131444
0.131939
0.132372
0.132667
0.133087
0.133281
0.133479
0.133667
0.133978
0.13453
0.134831
0.134938
0.135107
0.136136
0.136298
0.135514
0.136039
0.138612
0.135161
0.127751
0.126462
0.123493
0.124611
0.122078
0.120158
0.119905
0.119905
0.120243
0.121367
0.122382
0.123055
0.123526
0.123691
0.12371
0.123691
0.123669
0.123395
0.122151
0.125011
0.135803
0.133335
0.131739
0.12977
0.127252
0.126376
0.131944
0.127144
0.126818
0.131129
0.129693
0.131269
0.134527
0.132185
0.13998
0.138829
0.136932
0.134629
0.133228
0.132124
0.131489
0.131342
0.131479
0.13181
0.131822
0.132261
0.132541
0.132903
0.133292
0.133894
0.13425
0.139003
0.138167
0.134964
0.12686
0.127449
0.126361
0.126639
0.124459
0.124001
0.119782
0.118251
0.118705
0.120309
0.122361
0.123631
0.124176
0.123145
0.135634
0.164325
0.189844
0.202326
0.211826
0.212127
0.210002
0.204544
0.190035
0.137362
0.122666
0.122025
0.137617
0.13849
0.136177
0.135504
0.135008
0.133686
0.129056
0.135323
0.132326
0.129099
0.126858
0.12813
0.1313
0.132122
0.133248
0.134385
0.134979
0.135166
0.134904
0.134589
0.134339
0.134201
0.134089
0.133983
0.133743
0.133635
0.133448
0.132963
0.132075
0.124019
0.125183
0.124975
0.124497
0.123885
0.120289
0.123778
0.11801
0.118071
0.119745
0.121286
0.122582
0.123522
0.124098
0.161455
0.210513
0.227654
0.234053
0.234679
0.230215
0.225008
0.221984
0.216523
0.213553
0.209268
0.20687
0.205918
0.200566
0.180334
0.129266
0.12159
0.121503
0.122689
0.138965
0.138078
0.136486
0.13635
0.135183
0.136242
0.135572
0.134511
0.132583
0.130132
0.128703
0.128088
0.128139
0.128502
0.128963
0.129375
0.129561
0.12972
0.129822
0.13003
0.130398
0.131
0.131606
0.130662
0.1247
0.126978
0.126464
0.12492
0.120193
0.118054
0.118428
0.119432
0.121385
0.12026
0.122156
0.122026
0.123134
0.120953
0.178096
0.214929
0.234
0.242964
0.2452
0.243012
0.237733
0.228401
0.211571
0.185636
0.156481
0.126358
0.117611
0.118829
0.117496
0.123399
0.128326
0.11937
0.120611
0.120865
0.121038
0.121078
0.121536
0.123002
0.137448
0.137754
0.135943
0.136712
0.135257
0.134707
0.133843
0.132756
0.131875
0.131044
0.130401
0.130128
0.130118
0.130316
0.130704
0.131077
0.131328
0.131582
0.132001
0.132793
0.133975
0.133365
0.12791
0.126749
0.121002
0.119564
0.119934
0.120754
0.121498
0.122076
0.122562
0.122603
0.122072
0.122111
0.145765
0.206962
0.22234
0.23089
0.235205
0.235414
0.22846
0.209798
0.172529
0.119971
0.11997
0.119752
0.119685
0.138712
0.138592
0.138626
0.138731
0.138875
0.138985
0.139008
0.138923
0.138822
0.138618
0.138275
0.137989
0.137755
0.137633
0.136887
0.134768
0.135932
0.135428
0.134623
0.134934
0.133713
0.133602
0.133199
0.133016
0.133331
0.133837
0.134332
0.134805
0.135204
0.135524
0.135832
0.136102
0.136416
0.136729
0.136816
0.136774
0.136704
0.136116
0.128239
0.123391
0.121744
0.121283
0.121214
0.121015
0.121148
0.119242
0.120671
0.120028
0.182379
0.192254
0.189418
0.177277
0.145014
0.119597
0.119956
0.138774
0.138467
0.13834
0.138096
0.137913
0.137811
0.137788
0.137831
0.137933
0.138048
0.13817
0.138175
0.138094
0.13797
0.137752
0.137373
0.137035
0.136758
0.136599
0.136599
0.135933
0.134452
0.134342
0.133824
0.13332
0.132853
0.132727
0.132454
0.131584
0.128649
0.128899
0.12124
0.133416
0.134761
0.135647
0.136336
0.136804
0.137126
0.137518
0.137933
0.138365
0.138778
0.139293
0.139665
0.139571
0.139143
0.138762
0.139095
0.138851
0.121916
0.121636
0.138296
0.129074
0.119245
0.11936
0.119593
0.138559
0.138719
0.137346
0.134353
0.134211
0.133601
0.13474
0.13701
0.137202
0.137017
0.136869
0.136853
0.136949
0.137021
0.137101
0.137081
0.136995
0.136813
0.136531
0.136057
0.13562
0.135244
0.135025
0.134908
0.134216
0.132712
0.13267
0.132105
0.131761
0.131492
0.131555
0.131576
0.131715
0.132036
0.132555
0.133233
0.133844
0.1344
0.134437
0.128756
0.131205
0.132818
0.134782
0.136338
0.13759
0.13824
0.138775
0.139298
0.139445
0.139487
0.139524
0.139673
0.136864
0.134649
0.134
0.136106
0.135546
0.13845
0.138516
0.137695
0.134286
0.134557
0.134302
0.133834
0.133159
0.132066
0.135728
0.136503
0.136325
0.136002
0.135715
0.135516
0.135672
0.135741
0.135813
0.135774
0.135664
0.135433
0.1351
0.13457
0.134059
0.133608
0.13333
0.133185
0.132504
0.131168
0.13117
0.130589
0.130309
0.130098
0.130172
0.130224
0.130367
0.130733
0.131346
0.132108
0.132839
0.133516
0.134152
0.13467
0.134976
0.134981
0.130867
0.131789
0.133048
0.134077
0.134797
0.135452
0.135801
0.135933
0.135992
0.136345
0.136196
0.134641
0.134489
0.134515
0.134896
0.132713
0.137197
0.135395
0.133622
0.133222
0.131998
0.129464
0.132507
0.13007
0.129793
0.133235
0.134835
0.134784
0.134504
0.133919
0.13407
0.134405
0.134476
0.134435
0.134311
0.134043
0.133682
0.133136
0.132575
0.132071
0.131769
0.131625
0.130985
0.129792
0.129822
0.129242
0.129006
0.128843
0.128941
0.129024
0.129198
0.129589
0.130206
0.13094
0.131653
0.132329
0.132974
0.133545
0.133912
0.133426
0.127632
0.130163
0.131746
0.132921
0.133879
0.134638
0.134979
0.134981
0.134783
0.135215
0.135259
0.133603
0.132027
0.131838
0.13362
0.132955
0.136526
0.136084
0.133409
0.131784
0.131779
0.13134
0.130596
0.129964
0.129743
0.129286
0.128638
0.127915
0.13266
0.132799
0.132134
0.132794
0.133213
0.133214
0.133085
0.132797
0.132413
0.131855
0.131263
0.130715
0.130397
0.130235
0.129635
0.128617
0.128652
0.12808
0.127873
0.127753
0.127871
0.127977
0.12818
0.128617
0.129256
0.12997
0.130646
0.131278
0.13187
0.132388
0.132865
0.133177
0.130569
0.129041
0.130165
0.131102
0.132559
0.133762
0.134049
0.133697
0.133309
0.13406
0.134389
0.132491
0.135832
0.136227
0.130144
0.132081
0.129727
0.130923
0.13115
0.13102
0.131159
0.131157
0.130702
0.130393
0.13038
0.130142
0.129847
0.129524
0.128584
0.126683
0.13144
0.131246
0.131645
0.132007
0.132005
0.13178
0.131368
0.130737
0.130114
0.129558
0.129238
0.129049
0.128483
0.127669
0.127687
0.127142
0.12697
0.126887
0.127013
0.127134
0.127368
0.127844
0.128499
0.12919
0.129828
0.130408
0.130935
0.131385
0.131805
0.132306
0.132324
0.127031
0.128718
0.129804
0.130797
0.13226
0.132439
0.131738
0.131804
0.133078
0.133708
0.131749
0.133609
0.135526
0.134722
0.130865
0.130554
0.130584
0.130672
0.130921
0.131336
0.131493
0.131284
0.131119
0.131117
0.131008
0.130904
0.130674
0.13002
0.128942
0.127323
0.130413
0.130646
0.130574
0.130902
0.130869
0.130448
0.129844
0.129167
0.128573
0.128275
0.128076
0.127552
0.126932
0.126919
0.12643
0.126304
0.126259
0.126387
0.126517
0.126768
0.12727
0.127929
0.128587
0.129183
0.129709
0.130173
0.130558
0.130911
0.13134
0.131872
0.131739
0.127813
0.128224
0.128609
0.129399
0.130021
0.130069
0.130923
0.132347
0.133246
0.131421
0.129943
0.134469
0.134502
0.129664
0.129618
0.13025
0.130755
0.131174
0.131664
0.131917
0.131864
0.131814
0.131846
0.131818
0.131829
0.131723
0.131296
0.13058
0.129723
0.127748
0.125947
0.122306
0.12958
0.130043
0.129645
0.129044
0.128298
0.127756
0.127489
0.127296
0.126823
0.126351
0.126311
0.12591
0.125838
0.125827
0.125948
0.126087
0.126355
0.126867
0.127512
0.128132
0.128681
0.129155
0.129562
0.129894
0.130193
0.13055
0.131018
0.131563
0.131528
0.128542
0.125775
0.128855
0.12857
0.128904
0.129766
0.131608
0.132732
0.131085
0.129148
0.134076
0.134558
0.127968
0.128916
0.130231
0.130876
0.131401
0.13193
0.132252
0.132347
0.132415
0.132525
0.13256
0.132627
0.132583
0.132295
0.131817
0.131424
0.130585
0.128938
0.127755
0.126215
0.128995
0.128806
0.128148
0.127598
0.12706
0.126818
0.126649
0.126243
0.125872
0.125814
0.125521
0.125512
0.12553
0.125644
0.125795
0.12609
0.126606
0.127209
0.127778
0.128276
0.128703
0.129062
0.129351
0.129613
0.12992
0.130314
0.130779
0.131281
0.131663
0.131617
0.127761
0.128043
0.128353
0.128798
0.1306
0.13213
0.130652
0.127969
0.133436
0.133777
0.127448
0.128761
0.13051
0.131409
0.132012
0.132477
0.132844
0.133081
0.133223
0.133327
0.133371
0.133434
0.133434
0.133236
0.13301
0.132845
0.133234
0.132527
0.130591
0.128697
0.126724
0.128353
0.127466
0.126812
0.126343
0.126219
0.126072
0.125755
0.125463
0.125378
0.125184
0.125265
0.125323
0.125445
0.125703
0.126223
0.126706
0.12708
0.127493
0.127921
0.128305
0.128629
0.128886
0.129119
0.129392
0.129736
0.130122
0.130538
0.130983
0.131478
0.131587
0.127394
0.127813
0.128042
0.128886
0.131432
0.131086
0.127745
0.132783
0.133022
0.126715
0.1288
0.130607
0.1316
0.132332
0.132736
0.133112
0.133469
0.133627
0.133677
0.133703
0.133731
0.133701
0.133523
0.133262
0.133006
0.133061
0.133062
0.13277
0.131867
0.129268
0.126863
0.127149
0.126212
0.125733
0.125651
0.125568
0.125335
0.125024
0.125322
0.12504
0.125076
0.125234
0.125646
0.126548
0.12725
0.127565
0.127445
0.127342
0.127595
0.127925
0.128219
0.128459
0.128677
0.128927
0.129233
0.129565
0.12991
0.130278
0.130725
0.131189
0.131184
0.127951
0.127427
0.127812
0.130634
0.132357
0.128978
0.131889
0.13218
0.126286
0.128955
0.130887
0.131806
0.132444
0.13298
0.133297
0.133595
0.133818
0.13389
0.133932
0.133979
0.133986
0.133852
0.133595
0.133108
0.131802
0.13133
0.132224
0.132161
0.130568
0.128853
0.126687
0.12569
0.12497
0.124965
0.124984
0.124818
0.124829
0.12509
0.125125
0.125236
0.126016
0.126737
0.127263
0.127661
0.127891
0.127836
0.12732
0.12726
0.127528
0.127799
0.128026
0.128234
0.128471
0.128747
0.129052
0.129344
0.129653
0.130016
0.130351
0.130682
0.130828
0.129841
0.127103
0.130408
0.131038
0.130059
0.131329
0.131475
0.126686
0.129009
0.130721
0.13171
0.132292
0.132839
0.133223
0.13357
0.133802
0.13395
0.134056
0.134167
0.134234
0.134161
0.133997
0.13371
0.133288
0.132671
0.130932
0.130173
0.130938
0.130409
0.127661
0.125612
0.124703
0.124585
0.124756
0.124632
0.124493
0.125006
0.126684
0.126938
0.127159
0.127457
0.127812
0.128046
0.128057
0.12794
0.127591
0.126902
0.126967
0.12722
0.127445
0.127673
0.127911
0.128177
0.128453
0.12871
0.128976
0.129285
0.129544
0.129755
0.130095
0.130421
0.129966
0.130762
0.130209
0.129559
0.126108
0.130958
0.127251
0.128763
0.130219
0.131208
0.131932
0.132514
0.133029
0.133459
0.133817
0.134036
0.134217
0.134403
0.134537
0.13453
0.134455
0.134329
0.134163
0.133895
0.133482
0.133187
0.132958
0.132695
0.132325
0.127404
0.124786
0.124182
0.124727
0.124538
0.124569
0.124962
0.126748
0.127577
0.127834
0.128116
0.128356
0.128394
0.128165
0.127806
0.127349
0.126506
0.126482
0.126699
0.126917
0.127134
0.127341
0.12758
0.127831
0.128055
0.12827
0.128542
0.128751
0.128871
0.129008
0.129307
0.129395
0.129979
0.130562
0.131398
0.128691
0.130081
0.125301
0.127397
0.128794
0.130523
0.131329
0.132092
0.132782
0.133384
0.133879
0.134183
0.134448
0.134699
0.134881
0.134931
0.134915
0.134868
0.134795
0.134676
0.134495
0.13435
0.134213
0.134145
0.134175
0.134134
0.127414
0.124981
0.12487
0.125239
0.12516
0.125534
0.126893
0.127917
0.128528
0.128878
0.12904
0.128889
0.128385
0.12769
0.127063
0.126037
0.125768
0.125943
0.126156
0.126376
0.126585
0.126827
0.127071
0.127289
0.127493
0.127734
0.127901
0.127981
0.128071
0.128242
0.128417
0.128563
0.129239
0.129893
0.127412
0.129302
0.129211
0.128607
0.12756
0.129032
0.130452
0.131696
0.132516
0.133369
0.134024
0.134434
0.134782
0.135061
0.13525
0.135331
0.13534
0.135322
0.135282
0.135234
0.135138
0.135064
0.135014
0.13504
0.135224
0.135612
0.136198
0.12795
0.126761
0.126099
0.126103
0.126714
0.127645
0.128675
0.129356
0.129705
0.129811
0.129568
0.128912
0.127927
0.127
0.125869
0.125123
0.125163
0.125318
0.125491
0.125674
0.125899
0.126127
0.126344
0.126542
0.126758
0.126894
0.126953
0.127012
0.127147
0.127312
0.127429
0.127648
0.128422
0.128146
0.128088
0.128081
0.127949
0.12819
0.124362
0.13077
0.129984
0.132354
0.133492
0.134341
0.134853
0.135233
0.135476
0.135616
0.135674
0.135673
0.135656
0.135628
0.135621
0.135582
0.135561
0.135568
0.135607
0.135795
0.136146
0.136829
0.137903
0.137689
0.134427
0.126981
0.127555
0.1286
0.129456
0.13007
0.130367
0.130436
0.130179
0.12955
0.128501
0.127342
0.12619
0.124882
0.124615
0.124606
0.124651
0.124756
0.124922
0.125107
0.125296
0.125484
0.125684
0.125797
0.125845
0.125885
0.125972
0.126099
0.126185
0.126337
0.126937
0.127009
0.126689
0.12661
0.12643
0.126634
0.127168
0.127278
0.131548
0.131439
0.133736
0.134958
0.135489
0.135782
0.135886
0.135902
0.135872
0.135826
0.135789
0.135775
0.135803
0.135817
0.135852
0.135895
0.135929
0.136043
0.136245
0.136615
0.137771
0.13874
0.138949
0.129546
0.128618
0.129438
0.130104
0.130567
0.130774
0.13078
0.130501
0.129979
0.129111
0.127966
0.126835
0.125345
0.124599
0.124338
0.124163
0.124085
0.1241
0.124175
0.124285
0.124419
0.124582
0.124673
0.124718
0.124734
0.12477
0.124871
0.12492
0.124988
0.125409
0.125484
0.125328
0.125219
0.125039
0.125135
0.125499
0.126001
0.127147
0.13215
0.135285
0.135935
0.136305
0.136355
0.136202
0.136035
0.135895
0.135801
0.13575
0.135766
0.13583
0.135903
0.135992
0.136056
0.136069
0.136068
0.135999
0.135915
0.136787
0.13821
0.138736
0.140332
0.129654
0.130167
0.13053
0.130758
0.13086
0.130824
0.130476
0.129988
0.129389
0.128478
0.127438
0.12629
0.125063
0.124651
0.124317
0.124032
0.123824
0.123702
0.123657
0.123658
0.123706
0.123734
0.123749
0.123707
0.123691
0.123738
0.123767
0.123729
0.124072
0.124236
0.124136
0.124017
0.123891
0.123955
0.124263
0.124743
0.125702
0.127779
0.136807
0.136841
0.137239
0.136847
0.136393
0.136082
0.135888
0.13578
0.135717
0.135723
0.135764
0.135798
0.135802
0.135735
0.135511
0.135184
0.134624
0.134092
0.134529
0.136211
0.137592
0.137943
0.130414
0.130594
0.130743
0.130644
0.130593
0.130548
0.130226
0.129629
0.129194
0.128597
0.127717
0.12689
0.125647
0.125129
0.12488
0.12458
0.12426
0.123989
0.123793
0.123626
0.123493
0.123395
0.123296
0.123141
0.123042
0.123002
0.12293
0.122812
0.123071
0.123412
0.123335
0.123229
0.123254
0.123358
0.123715
0.124307
0.12523
0.126878
0.130985
0.137819
0.137104
0.136948
0.136547
0.136164
0.135931
0.135778
0.13564
0.135493
0.13536
0.135128
0.13473
0.134273
0.133687
0.133197
0.13267
0.132352
0.132541
0.133976
0.135785
0.136415
0.131469
0.131092
0.130741
0.130701
0.130483
0.130292
0.129935
0.129072
0.128599
0.128341
0.127734
0.126987
0.126068
0.125288
0.125232
0.125129
0.12494
0.124735
0.124541
0.124333
0.124124
0.1239
0.123658
0.123377
0.123161
0.122998
0.122824
0.122613
0.122732
0.123285
0.123216
0.123134
0.123363
0.123539
0.123959
0.124628
0.125483
0.126739
0.129359
0.140197
0.137337
0.136663
0.136555
0.136075
0.135704
0.135398
0.135118
0.134753
0.134418
0.133957
0.133296
0.132649
0.132097
0.131825
0.131673
0.131713
0.131919
0.13312
0.134939
0.135911
0.134548
0.132093
0.132091
0.132168
0.131978
0.131332
0.130508
0.128991
0.12803
0.127884
0.127662
0.127059
0.12628
0.125265
0.125218
0.125299
0.12532
0.125301
0.12526
0.12517
0.125011
0.124793
0.124535
0.124228
0.123966
0.123732
0.123521
0.123254
0.123187
0.12382
0.123746
0.123666
0.123988
0.124182
0.124576
0.125178
0.125914
0.126919
0.128858
0.135471
0.137796
0.136153
0.135935
0.135397
0.134884
0.134443
0.134073
0.133635
0.133242
0.132799
0.132235
0.131663
0.131279
0.131261
0.131408
0.131674
0.131949
0.132972
0.134755
0.135754
0.134905
0.133022
0.133565
0.133765
0.133537
0.132765
0.131581
0.129492
0.128342
0.127974
0.127705
0.127345
0.126642
0.125569
0.125391
0.125469
0.125541
0.125629
0.125718
0.12575
0.125675
0.125514
0.12531
0.125053
0.124829
0.124683
0.124528
0.124169
0.123968
0.124503
0.124413
0.124287
0.124561
0.124707
0.125036
0.125545
0.12621
0.127133
0.128853
0.132207
0.138608
0.134685
0.134546
0.13425
0.133832
0.133415
0.133075
0.132687
0.132379
0.131912
0.131505
0.131167
0.130924
0.131103
0.131463
0.131849
0.132171
0.133068
0.134767
0.135754
0.13525
0.133748
0.13421
0.134428
0.134475
0.133933
0.132684
0.130639
0.129697
0.12898
0.128456
0.127967
0.12706
0.126182
0.126263
0.126332
0.126185
0.126251
0.126378
0.126342
0.126216
0.126019
0.125867
0.125682
0.125461
0.125431
0.125378
0.124867
0.124547
0.124949
0.124839
0.124656
0.124861
0.124967
0.125262
0.125745
0.126418
0.127347
0.128985
0.131875
0.139232
0.133408
0.132792
0.132863
0.132702
0.132379
0.132138
0.131855
0.131683
0.131342
0.131003
0.130741
0.130608
0.130957
0.131489
0.13198
0.132365
0.13329
0.134841
0.135875
0.1355
0.130531
0.13504
0.134885
0.135156
0.134792
0.133766
0.132191
0.131088
0.130613
0.129884
0.128908
0.127738
0.12732
0.127413
0.127829
0.127601
0.127578
0.127584
0.127263
0.126885
0.12644
0.126423
0.126423
0.12605
0.126089
0.126127
0.125378
0.12489
0.125171
0.125027
0.124826
0.125024
0.125132
0.125448
0.125947
0.126594
0.127505
0.128972
0.131202
0.134688
0.133231
0.132113
0.131223
0.131495
0.131403
0.131329
0.131123
0.131072
0.13077
0.130561
0.130406
0.130291
0.130774
0.131443
0.132017
0.132494
0.133489
0.134967
0.135992
0.136147
0.136386
0.135243
0.135532
0.135712
0.135313
0.135005
0.133693
0.13095
0.13153
0.134086
0.132115
0.131516
0.130234
0.129341
0.129742
0.130164
0.129952
0.129593
0.128384
0.127728
0.127112
0.127189
0.12716
0.126737
0.12667
0.126611
0.12574
0.125164
0.125261
0.125048
0.124938
0.125238
0.125402
0.125641
0.126343
0.127022
0.128031
0.129118
0.130902
0.126115
0.133747
0.130024
0.137676
0.137876
0.138095
0.138471
0.129076
0.129569
0.129286
0.129405
0.129489
0.129483
0.130258
0.131086
0.131924
0.13253
0.1336
0.135066
0.13602
0.136409
0.137177
0.138299
0.138465
0.138047
0.138133
0.137044
0.136296
0.136031
0.135243
0.134546
0.134168
0.134067
0.134211
0.136569
0.133315
0.129513
0.130582
0.129857
0.128718
0.127017
0.129661
0.128376
0.127877
0.127225
0.126823
0.126701
0.126115
0.125553
0.125706
0.125254
0.125187
0.125407
0.12738
0.127164
0.126782
0.12645
0.126201
0.12606
0.125883
0.131039
0.12553
0.133212
0.134618
0.136886
0.137229
0.129407
0.137706
0.129083
0.128515
0.128631
0.128642
0.138274
0.138561
0.128115
0.130925
0.132087
0.133546
0.134883
0.1356
0.136482
0.136844
0.137657
0.138478
0.138338
0.13559
0.137217
0.136899
0.136591
0.136084
0.135622
0.13523
0.134908
0.134751
0.134627
0.132833
0.127659
0.128207
0.127747
0.127228
0.126905
0.126684
0.12639
0.126439
0.126822
0.127002
0.126648
0.127348
0.127903
0.128259
0.128236
0.128489
0.128605
0.128772
0.12855
0.128338
0.12811
0.127896
0.127711
0.127338
0.127046
0.126764
0.126153
0.125601
0.124982
0.135291
0.13527
0.137063
0.138045
0.138547
0.128595
0.129259
0.129486
0.129967
0.130673
0.131657
0.132781
0.134058
0.134954
0.138089
0.137562
0.13701
0.136698
0.13636
0.135827
0.135072
0.13474
0.134559
0.134296
0.133897
0.126603
0.127136
0.127567
0.12766
0.127768
0.127937
0.127837
0.127833
0.12782
0.127801
0.127637
0.127412
0.12724
0.126855
0.126676
0.126444
0.126402
0.12647
0.126753
0.126148
0.126743
0.126603
0.126672
0.126679
0.126796
0.126701
0.1266
0.126547
0.126553
0.126663
0.126872
0.126964
0.126691
0.125425
0.129964
0.132787
0.133425
0.134307
0.13471
0.134899
0.135019
0.135049
0.135004
0.134826
0.134677
0.135629
0.137041
0.138183
0.13782
0.133706
0.133167
0.132839
0.132832
0.132965
0.133088
0.132737
0.132202
0.131886
0.131241
0.125361
0.127732
0.127922
0.127499
0.127071
0.126749
0.126181
0.124452
0.121272
0.119084
0.118501
0.11847
0.118591
0.118724
0.119023
0.119214
0.119366
0.119371
0.119497
0.119389
0.119714
0.119247
0.119284
0.11918
0.11908
0.118908
0.118794
0.118686
0.118579
0.118535
0.118699
0.11947
0.122922
0.127301
0.121631
0.134413
0.133965
0.133405
0.133469
0.133728
0.13362
0.133004
0.132511
0.132412
0.132579
0.132984
0.13339
0.133221
0.133365
0.133884
0.12703
0.126868
0.126766
0.126768
0.126824
0.126957
0.127245
0.127888
0.128972
0.13044
0.132413
0.13192
0.129327
0.128958
0.12696
0.124931
0.122515
0.121212
0.120445
0.120184
0.12049
0.120723
0.12106
0.121363
0.121717
0.121951
0.122131
0.122188
0.122364
0.122328
0.122396
0.122086
0.122019
0.121862
0.121664
0.121357
0.12104
0.12072
0.120449
0.120288
0.120354
0.12089
0.12371
0.126747
0.13357
0.135463
0.135081
0.134367
0.13425
0.134491
0.134357
0.133439
0.132769
0.132375
0.131985
0.131349
0.13049
0.12958
0.128635
0.127708
0.129716
0.130203
0.130943
0.131238
0.131315
0.131255
0.131291
0.131352
0.13174
0.132344
0.133095
0.134137
0.134883
0.133365
0.130466
0.128154
0.125425
0.124386
0.122711
0.121441
0.121175
0.121178
0.121335
0.121497
0.121693
0.121866
0.122029
0.122063
0.122166
0.122164
0.122197
0.122036
0.121944
0.121826
0.121664
0.121406
0.121082
0.120762
0.120528
0.120466
0.120926
0.123553
0.127525
0.133545
0.135033
0.135111
0.134332
0.133879
0.133893
0.133978
0.133698
0.133214
0.13295
0.132784
0.132601
0.132248
0.131739
0.131175
0.13036
0.129629
0.131956
0.132738
0.133411
0.133487
0.133295
0.132981
0.132764
0.132547
0.132586
0.132883
0.133314
0.13387
0.134199
0.133587
0.132074
0.130194
0.127363
0.124391
0.124401
0.124469
0.122743
0.120956
0.120607
0.120584
0.120705
0.12077
0.120908
0.120745
0.120988
0.12116
0.121133
0.120754
0.120775
0.120597
0.120398
0.120081
0.119699
0.133131
0.135082
0.134062
0.133261
0.132931
0.128959
0.132712
0.134263
0.135002
0.135387
0.133389
0.133029
0.133052
0.133616
0.136203
0.136654
0.132695
0.132237
0.131939
0.131727
0.131514
0.13122
0.131229
0.134861
0.135449
0.135753
0.1355
0.134638
0.134092
0.133652
0.133058
0.132306
0.131546
0.131086
0.130484
0.128493
0.134383
0.134655
0.134907
0.135154
0.135305
0.135637
0.135774
0.13605
0.136422
0.136794
0.137139
0.137432
0.137685
0.137707
0.137747
0.138169
0.138353
0.138273
0.13783
0.137749
0.137349
0.136915
0.136337
0.135658
0.134784
0.133748
0.132842
0.131787
0.131306
0.129128
0.13358
0.133019
0.133074
0.1333
0.132989
0.132889
0.13282
0.132757
0.132783
0.136962
0.135411
0.134867
0.134252
0.13384
0.133747
0.133806
0.134205
0.132319
0.132095
0.132598
0.132809
0.132672
0.132391
0.132115
0.131797
0.131483
0.131204
0.130987
0.130812
0.130551
0.129732
0.125294
0.13312
0.134067
0.134339
0.134597
0.134732
0.135118
0.135452
0.135727
0.136056
0.136379
0.136688
0.136751
0.136797
0.13715
0.137287
0.13718
0.136738
0.136655
0.13624
0.135786
0.135198
0.134439
0.133501
0.132407
0.131497
0.130616
0.123203
0.133119
0.134048
0.133318
0.133391
0.133506
0.133218
0.132906
0.132656
0.132566
0.132675
0.133267
0.135491
0.135198
0.134689
0.134531
0.13428
0.13355
0.132823
0.132055
0.132545
0.132903
0.132917
0.132764
0.132612
0.132368
0.132088
0.131819
0.131539
0.13128
0.131031
0.130681
0.130304
0.12997
0.129561
0.126752
0.132318
0.133394
0.133805
0.134138
0.134434
0.13466
0.134856
0.135094
0.135381
0.135477
0.13554
0.135779
0.135993
0.135844
0.13543
0.135476
0.135098
0.13467
0.134058
0.133234
0.132273
0.131263
0.13053
0.130401
0.128646
0.132194
0.134736
0.133916
0.13379
0.133724
0.133319
0.132858
0.132496
0.13237
0.132452
0.132448
0.133441
0.135342
0.134745
0.134651
0.13433
0.133357
0.132631
0.132331
0.132796
0.132992
0.132925
0.132716
0.132511
0.132241
0.132099
0.131948
0.13179
0.131597
0.131352
0.13096
0.130561
0.130271
0.13016
0.129392
0.125353
0.132258
0.132901
0.133102
0.133267
0.133574
0.133864
0.13413
0.134313
0.134409
0.134492
0.134563
0.134629
0.134638
0.134182
0.13438
0.134042
0.133642
0.132931
0.131932
0.130939
0.130185
0.130155
0.125487
0.130832
0.134547
0.133719
0.133988
0.134101
0.133889
0.133339
0.132824
0.13231
0.132212
0.132357
0.132158
0.131896
0.130324
0.129944
0.129468
0.132628
0.13268
0.131897
0.132451
0.132816
0.133071
0.133092
0.133021
0.132663
0.132009
0.132056
0.132023
0.131961
0.13182
0.131602
0.13118
0.130697
0.13058
0.130851
0.130239
0.128518
0.124931
0.132024
0.132266
0.132361
0.132389
0.132656
0.132882
0.133107
0.133349
0.133465
0.133517
0.133356
0.13343
0.133121
0.133369
0.133094
0.13272
0.131892
0.130824
0.130073
0.130176
0.129386
0.12942
0.121293
0.130381
0.132307
0.133434
0.13416
0.134032
0.133209
0.132747
0.132663
0.132533
0.131772
0.130918
0.130526
0.130108
0.129671
0.129662
0.130039
0.132441
0.132331
0.132382
0.132521
0.132723
0.133019
0.132769
0.132438
0.132054
0.13211
0.132225
0.13215
0.132043
0.131873
0.131413
0.131003
0.130922
0.131072
0.130412
0.129302
0.126379
0.130667
0.131522
0.13148
0.131508
0.131714
0.131901
0.131982
0.132224
0.132483
0.132509
0.132421
0.132391
0.13219
0.132861
0.132749
0.132496
0.131555
0.130171
0.130473
0.129292
0.129954
0.122615
0.121539
0.13008
0.131549
0.132609
0.13362
0.133268
0.13288
0.133161
0.133832
0.131592
0.131194
0.130848
0.130589
0.130327
0.130105
0.130362
0.131051
0.13277
0.132679
0.132772
0.132658
0.13272
0.133072
0.132974
0.132689
0.132427
0.132282
0.132384
0.132328
0.132043
0.131952
0.131521
0.131521
0.131878
0.13163
0.131044
0.130083
0.128373
0.126898
0.13067
0.130734
0.130643
0.130812
0.131048
0.131193
0.131317
0.131457
0.131554
0.131599
0.131798
0.131764
0.132758
0.133349
0.1331
0.130986
0.130986
0.13113
0.130994
0.131413
0.122233
0.130119
0.131038
0.131795
0.1324
0.13324
0.133006
0.133194
0.13366
0.132273
0.131703
0.131281
0.130966
0.130835
0.130757
0.130712
0.131157
0.131793
0.132921
0.13281
0.132956
0.132796
0.132595
0.132674
0.132946
0.132756
0.13243
0.132577
0.132582
0.132456
0.132275
0.131993
0.131618
0.132077
0.132199
0.131985
0.131507
0.130695
0.129278
0.125148
0.129983
0.129872
0.129742
0.129845
0.13026
0.130407
0.130781
0.131697
0.131803
0.130781
0.131072
0.131498
0.12374
0.132187
0.132906
0.132267
0.132742
0.132254
0.124791
0.122536
0.13032
0.131496
0.132075
0.132496
0.13245
0.13271
0.132569
0.132985
0.133145
0.132511
0.131901
0.13156
0.131345
0.131325
0.131376
0.131471
0.131708
0.132954
0.133182
0.132994
0.132906
0.132141
0.132303
0.13241
0.132634
0.132629
0.132623
0.132347
0.132397
0.13227
0.132085
0.131785
0.131445
0.132039
0.132095
0.131869
0.131451
0.130917
0.128505
0.128808
0.12909
0.128893
0.128839
0.12936
0.13018
0.130641
0.126751
0.131863
0.131165
0.131348
0.131891
0.132081
0.134449
0.134757
0.134023
0.133403
0.133268
0.133528
0.133871
0.134396
0.133461
0.133651
0.133443
0.132908
0.132215
0.132387
0.132216
0.132472
0.133141
0.132891
0.132294
0.131916
0.13178
0.131947
0.132175
0.1322
0.132429
0.13415
0.133295
0.133137
0.133117
0.133061
0.133036
0.133062
0.13342
0.132959
0.132886
0.132454
0.132919
0.132849
0.132648
0.132191
0.132446
0.132844
0.132856
0.132687
0.132428
0.132557
0.135784
0.133264
0.128708
0.128016
0.128583
0.129962
0.13015
0.13093
0.131682
0.131135
0.131513
0.131935
0.132697
0.133261
0.123225
0.13587
0.135645
0.132205
0.132138
0.132849
0.133498
0.13369
0.133375
0.133191
0.132919
0.131974
0.130907
0.131544
0.132072
0.132748
0.132748
0.132947
0.132732
0.132395
0.132309
0.132337
0.132452
0.13264
0.132268
0.132329
0.13417
0.133428
0.131846
0.131699
0.131703
0.131389
0.130575
0.131603
0.131913
0.131366
0.127974
0.130692
0.13073
0.130398
0.129992
0.129275
0.127073
0.128337
0.128494
0.128469
0.128634
0.131366
0.132647
0.127871
0.128339
0.129927
0.130476
0.131789
0.131446
0.132062
0.132469
0.13291
0.133455
0.135431
0.126149
0.124027
0.124019
0.134558
0.135164
0.135314
0.135362
0.135361
0.13517
0.135226
0.136302
0.136035
0.134872
0.134506
0.134733
0.133909
0.132885
0.133191
0.133276
0.133308
0.133173
0.132949
0.13296
0.132102
0.133835
0.133685
0.133634
0.13304
0.135612
0.131201
0.131212
0.131034
0.130673
0.131878
0.132276
0.131959
0.131754
0.131134
0.130997
0.130752
0.13039
0.12971
0.127519
0.127894
0.127824
0.127496
0.127409
0.127389
0.125675
0.126057
0.126515
0.126745
0.128324
0.131905
0.134727
0.132057
0.134685
0.135338
0.135678
0.133307
0.12638
0.124317
0.133754
0.135297
0.135625
0.135664
0.135639
0.135615
0.135832
0.136055
0.136412
0.136569
0.135939
0.135699
0.13568
0.134456
0.133502
0.133649
0.133585
0.133545
0.133136
0.132838
0.133174
0.13182
0.132793
0.133895
0.133291
0.133629
0.133392
0.131302
0.131468
0.131692
0.131964
0.131559
0.13124
0.129165
0.129867
0.129027
0.127733
0.127471
0.127524
0.127492
0.127476
0.127334
0.127093
0.126762
0.126536
0.126559
0.126579
0.126695
0.127269
0.129161
0.129797
0.134953
0.135129
0.134775
0.134754
0.133642
0.134142
0.135736
0.135952
0.134347
0.13519
0.135995
0.136243
0.136255
0.136217
0.136156
0.135964
0.135784
0.13554
0.13539
0.138457
0.139465
0.138629
0.135905
0.134268
0.134068
0.134088
0.133726
0.132732
0.132468
0.131315
0.131708
0.132959
0.134048
0.133159
0.133778
0.133633
0.131449
0.13175
0.132204
0.132562
0.132369
0.132133
0.131695
0.131023
0.130205
0.127531
0.127214
0.127047
0.126944
0.126781
0.126567
0.12635
0.126079
0.125872
0.125723
0.1257
0.125911
0.126803
0.129515
0.13103
0.132766
0.135481
0.135802
0.136232
0.136437
0.136707
0.136708
0.136734
0.135201
0.135397
0.136657
0.136774
0.136726
0.136656
0.136556
0.136348
0.13613
0.135856
0.135494
0.135149
0.134966
0.134821
0.137637
0.135124
0.134452
0.134491
0.133613
0.132416
0.132316
0.130655
0.131472
0.135033
0.134267
0.133608
0.133915
0.132017
0.131723
0.132109
0.132451
0.132624
0.132543
0.132352
0.13211
0.131809
0.131178
0.129821
0.127827
0.126495
0.126303
0.126047
0.125781
0.125554
0.125383
0.125343
0.125287
0.125223
0.125368
0.126305
0.12971
0.131174
0.134752
0.136264
0.136696
0.137101
0.13723
0.137385
0.137393
0.137346
0.13701
0.136934
0.137154
0.13717
0.137065
0.136942
0.136784
0.136557
0.136289
0.135957
0.135573
0.135259
0.135162
0.134974
0.134249
0.138156
0.134998
0.134847
0.133509
0.132554
0.130848
0.130474
0.131303
0.134976
0.134812
0.133205
0.134161
0.131923
0.1321
0.132323
0.132472
0.13257
0.132544
0.132282
0.132012
0.13183
0.131608
0.130862
0.129094
0.126432
0.125721
0.125396
0.125046
0.124795
0.124767
0.12502
0.125185
0.125305
0.12555
0.126723
0.129947
0.131139
0.135242
0.13716
0.137512
0.137824
0.1378
0.137864
0.137858
0.137767
0.137501
0.137389
0.137449
0.137391
0.13724
0.137067
0.136863
0.136607
0.136298
0.135931
0.135545
0.135275
0.135236
0.134448
0.134034
0.132889
0.13613
0.135195
0.133637
0.133066
0.13057
0.130588
0.132245
0.135475
0.136291
0.132923
0.13521
0.132577
0.132669
0.13267
0.132624
0.132578
0.132573
0.132319
0.131931
0.131661
0.13151
0.131192
0.130077
0.127782
0.12536
0.124875
0.124492
0.12452
0.124338
0.124878
0.125491
0.125908
0.126581
0.128367
0.130358
0.133122
0.136662
0.137925
0.138216
0.138379
0.138311
0.138259
0.13816
0.137992
0.137683
0.137474
0.137437
0.137337
0.13716
0.13697
0.136758
0.1365
0.136198
0.135855
0.135514
0.135277
0.135109
0.133578
0.132681
0.132663
0.132789
0.13543
0.134117
0.133616
0.137718
0.131119
0.137177
0.136491
0.133035
0.138668
0.132633
0.133374
0.133237
0.133094
0.132936
0.132824
0.132818
0.13269
0.132305
0.131834
0.131603
0.131362
0.130828
0.129195
0.126077
0.12473
0.124199
0.123958
0.124988
0.125332
0.126582
0.127584
0.129214
0.13342
0.136017
0.135461
0.139492
0.138417
0.138649
0.138708
0.138587
0.138449
0.138213
0.137877
0.137481
0.137207
0.137091
0.136966
0.136811
0.13665
0.136501
0.136304
0.136062
0.135774
0.135481
0.135232
0.134743
0.132393
0.130337
0.131911
0.133539
0.135623
0.134826
0.136567
0.138316
0.132483
0.138907
0.133825
0.133835
0.133906
0.133483
0.133968
0.133748
0.133583
0.133414
0.133292
0.133239
0.133168
0.132982
0.132458
0.131966
0.131649
0.131255
0.130502
0.128032
0.124851
0.124281
0.123882
0.124341
0.12566
0.128394
0.130478
0.129548
0.137814
0.138364
0.139868
0.139251
0.138631
0.138831
0.138789
0.138555
0.138319
0.138034
0.137631
0.137216
0.136944
0.136798
0.136633
0.136439
0.13624
0.136121
0.136018
0.13588
0.135654
0.135375
0.135083
0.134345
0.131107
0.138747
0.130043
0.133326
0.136041
0.135563
0.136911
0.133457
0.130655
0.135081
0.134709
0.13454
0.134344
0.134174
0.134294
0.134111
0.133982
0.133854
0.133766
0.133705
0.133619
0.133548
0.133306
0.13265
0.132052
0.131638
0.131145
0.129873
0.126351
0.124528
0.12411
0.124128
0.12705
0.137159
0.13751
0.136683
0.136479
0.137027
0.138331
0.138717
0.138616
0.138772
0.138649
0.138385
0.138157
0.137906
0.137513
0.13712
0.136851
0.136711
0.136542
0.136306
0.135995
0.135723
0.135536
0.135494
0.135359
0.135072
0.134736
0.134021
0.12952
0.13773
0.138311
0.133114
0.1362
0.132707
0.13214
0.133377
0.132286
0.134925
0.135032
0.134826
0.134533
0.134458
0.134454
0.134324
0.134235
0.134152
0.134103
0.134062
0.13399
0.133918
0.133839
0.133486
0.132535
0.131951
0.131487
0.130805
0.128338
0.124864
0.124451
0.124244
0.126149
0.137013
0.135917
0.135528
0.135746
0.136361
0.137375
0.138073
0.138309
0.138435
0.138356
0.138162
0.137925
0.137691
0.137232
0.136659
0.138976
0.136033
0.136098
0.135969
0.135657
0.135279
0.134872
0.134714
0.134728
0.134506
0.134149
0.133515
0.139206
0.138093
0.136302
0.137343
0.135387
0.133289
0.132456
0.133162
0.132927
0.135134
0.135035
0.134906
0.13467
0.13458
0.134558
0.134454
0.134388
0.134334
0.134313
0.134294
0.134248
0.134187
0.134118
0.133992
0.133249
0.132163
0.131659
0.131109
0.1298
0.125492
0.124739
0.124392
0.125555
0.136611
0.135129
0.135155
0.135539
0.136067
0.136624
0.136951
0.137113
0.13723
0.137212
0.137195
0.138533
0.138314
0.1381
0.138086
0.138223
0.138485
0.138842
0.139319
0.139679
0.133995
0.133832
0.133683
0.133678
0.13367
0.133308
0.132394
0.13879
0.138287
0.135822
0.136682
0.134879
0.133144
0.132567
0.133578
0.133053
0.135383
0.135223
0.134967
0.134802
0.13467
0.134637
0.134539
0.13448
0.134443
0.134435
0.134435
0.134413
0.134376
0.134317
0.134231
0.133821
0.132307
0.131686
0.131138
0.130337
0.126831
0.124895
0.124466
0.125656
0.136095
0.135035
0.135323
0.135923
0.138328
0.138288
0.137179
0.137087
0.136849
0.137156
0.137514
0.137639
0.137762
0.137817
0.137884
0.138023
0.13821
0.13844
0.138722
0.138961
0.139087
0.139016
0.139194
0.132002
0.131897
0.138258
0.13788
0.138488
0.138302
0.13558
0.136266
0.135003
0.133075
0.132595
0.133045
0.133017
0.134423
0.135598
0.135045
0.134918
0.134745
0.134679
0.134571
0.134512
0.134487
0.134483
0.134496
0.134497
0.134489
0.134455
0.134384
0.134027
0.132216
0.13139
0.13073
0.130219
0.127371
0.12492
0.124598
0.126393
0.13551
0.13861
0.137767
0.137103
0.136761
0.136634
0.136016
0.134475
0.132005
0.136237
0.137089
0.137379
0.137591
0.137624
0.137669
0.137781
0.13791
0.138082
0.138296
0.138498
0.138642
0.138653
0.138551
0.138648
0.13846
0.137981
0.137272
0.137956
0.13819
0.135584
0.135818
0.135382
0.132944
0.132587
0.13286
0.133022
0.133603
0.134421
0.135113
0.135004
0.134783
0.134643
0.134503
0.134441
0.134425
0.134423
0.134452
0.134477
0.134511
0.134527
0.134465
0.132736
0.13534
0.134275
0.134006
0.133535
0.132666
0.124651
0.124287
0.128011
0.125081
0.133445
0.135809
0.135915
0.136084
0.134887
0.127912
0.127535
0.129025
0.133866
0.140406
0.136737
0.137496
0.137568
0.137377
0.137413
0.137498
0.137619
0.137762
0.137926
0.138065
0.13814
0.13811
0.137999
0.137992
0.13745
0.137032
0.137285
0.137757
0.135468
0.135127
0.135958
0.132607
0.132563
0.132856
0.133171
0.133618
0.13404
0.135177
0.135092
0.134741
0.13478
0.134383
0.134286
0.134301
0.134271
0.134341
0.134439
0.134483
0.1355
0.134781
0.134286
0.133832
0.133555
0.132202
0.130838
0.130557
0.130458
0.130181
0.129121
0.126086
0.124991
0.124247
0.124891
0.126222
0.123741
0.124683
0.125609
0.126618
0.128298
0.131262
0.14014
0.137341
0.13735
0.13713
0.137038
0.136909
0.136996
0.137081
0.137191
0.137292
0.137383
0.137414
0.137288
0.13704
0.137059
0.136726
0.13658
0.137445
0.136754
0.134735
0.135674
0.132075
0.132627
0.133025
0.133511
0.134041
0.134424
0.135616
0.135878
0.134916
0.13588
0.136104
0.136232
0.136223
0.136337
0.136223
0.136017
0.135635
0.13515
0.134656
0.13414
0.133754
0.132838
0.131182
0.130263
0.129951
0.129487
0.129257
0.128171
0.126233
0.125087
0.124668
0.123825
0.122597
0.122686
0.123093
0.124295
0.125233
0.126776
0.127695
0.131799
0.137674
0.137575
0.137115
0.136779
0.136555
0.136445
0.136416
0.13647
0.136512
0.136563
0.136603
0.13649
0.136268
0.136554
0.136399
0.136115
0.137087
0.135735
0.134075
0.135076
0.132049
0.132958
0.133453
0.134044
0.134612
0.134923
0.135448
0.135666
0.135886
0.135956
0.136037
0.136095
0.136111
0.13614
0.13607
0.135902
0.135626
0.135081
0.134577
0.134103
0.133531
0.132268
0.131052
0.130204
0.129151
0.128029
0.127321
0.12574
0.121964
0.118997
0.120357
0.121371
0.121891
0.123179
0.120869
0.124072
0.124296
0.125038
0.125437
0.12678
0.138061
0.138304
0.13751
0.136938
0.136489
0.136202
0.13606
0.135952
0.135903
0.135832
0.135714
0.135655
0.13554
0.135919
0.135793
0.135539
0.136577
0.135551
0.133338
0.134604
0.13153
0.133364
0.133987
0.134654
0.135177
0.135477
0.135722
0.135821
0.135833
0.13591
0.135964
0.136018
0.136043
0.136052
0.136002
0.135899
0.135685
0.135246
0.134679
0.134269
0.132851
0.131375
0.129882
0.128329
0.126677
0.124818
0.122156
0.119063
0.11983
0.120454
0.121304
0.122382
0.123117
0.122814
0.122588
0.124528
0.124425
0.12531
0.124904
0.122365
0.138859
0.139
0.138021
0.137389
0.136887
0.13654
0.136295
0.136067
0.135922
0.135667
0.135197
0.134766
0.135067
0.135152
0.134828
0.134655
0.135482
0.134127
0.132554
0.13301
0.13358
0.13052
0.133336
0.134175
0.134928
0.135429
0.135741
0.135828
0.135865
0.135751
0.135902
0.135983
0.136016
0.136017
0.13593
0.135773
0.135482
0.134852
0.134057
0.133409
0.131861
0.130022
0.128467
0.126811
0.124831
0.119917
0.118614
0.119378
0.120777
0.122242
0.12237
0.122843
0.123542
0.123491
0.122899
0.124348
0.120809
0.120833
0.140026
0.139708
0.140497
0.139648
0.138753
0.138128
0.137546
0.13715
0.136835
0.136557
0.136213
0.13528
0.135336
0.135666
0.135463
0.134945
0.134619
0.135113
0.134267
0.132367
0.130887
0.130751
0.132002
0.13322
0.121851
0.129909
0.13216
0.133133
0.13414
0.135185
0.135573
0.133821
0.134472
0.134807
0.134879
0.134867
0.134739
0.134554
0.134399
0.133866
0.132981
0.13129
0.128329
0.126575
0.123613
0.119825
0.119053
0.119139
0.12043
0.12177
0.122922
0.12402
0.12423
0.123653
0.123841
0.124353
0.124098
0.123965
0.137741
0.136148
0.137124
0.139806
0.140324
0.139901
0.139583
0.138854
0.137946
0.137253
0.136358
0.135629
0.135939
0.136128
0.135911
0.135511
0.135029
0.135223
0.13548
0.134772
0.133441
0.131915
0.13058
0.130088
0.131154
0.131787
0.132279
0.125377
0.127814
0.127755
0.129607
0.132328
0.133255
0.130227
0.131231
0.132038
0.132446
0.132644
0.13242
0.132002
0.132003
0.130458
0.128813
0.127977
0.126085
0.123336
0.120799
0.119558
0.119574
0.119958
0.121459
0.122768
0.123653
0.124427
0.12472
0.124195
0.123823
0.123896
0.125211
0.124078
0.139952
0.135953
0.136753
0.139238
0.138162
0.138024
0.138083
0.136667
0.136073
0.136311
0.136492
0.136432
0.136192
0.135901
0.135629
0.135704
0.136234
0.136327
0.13571
0.134666
0.133293
0.132053
0.130923
0.131132
0.128921
0.127981
0.127842
0.127975
0.128136
0.128626
0.128445
0.129032
0.129545
0.126156
0.126365
0.126639
0.127178
0.12777
0.127566
0.125097
0.125368
0.127292
0.123059
0.123017
0.121942
0.120769
0.120151
0.120259
0.120424
0.1209
0.122273
0.123446
0.124096
0.124561
0.124827
0.124535
0.123757
0.123772
0.125121
0.123858
0.140105
0.136442
0.135873
0.135333
0.135687
0.136189
0.136468
0.136669
0.136735
0.136743
0.136738
0.136746
0.136857
0.13707
0.137487
0.137948
0.138227
0.138364
0.138487
0.138082
0.137664
0.136716
0.135407
0.129836
0.12403
0.118985
0.118798
0.11886
0.118903
0.118791
0.119675
0.122072
0.124538
0.119493
0.119474
0.119669
0.119749
0.119988
0.121095
0.120871
0.120215
0.120667
0.120798
0.120927
0.120959
0.120824
0.120741
0.121048
0.121342
0.121818
0.122812
0.123771
0.124252
0.124496
0.124748
0.124405
0.123221
0.123152
0.124045
0.139787
0.136017
0.135269
0.136317
0.135757
0.135925
0.136386
0.136674
0.136755
0.136779
0.136797
0.136854
0.137026
0.137333
0.137427
0.13833
0.138245
0.138218
0.13809
0.137764
0.137213
0.136432
0.135046
0.132297
0.13454
0.134669
0.135604
0.136226
0.122339
0.121867
0.121395
0.120742
0.120284
0.119918
0.122165
0.122026
0.122458
0.12235
0.122478
0.121466
0.122952
0.121996
0.120378
0.121194
0.1213
0.121325
0.121437
0.121602
0.121881
0.122232
0.122613
0.123121
0.123821
0.124179
0.12429
0.12452
0.123667
0.121292
0.120554
0.138671
0.135679
0.135564
0.136579
0.136909
0.13671
0.136565
0.136779
0.136854
0.136882
0.136835
0.136779
0.136762
0.136787
0.139156
0.138171
0.138072
0.13807
0.138062
0.137881
0.137493
0.136868
0.136045
0.134394
0.133657
0.135067
0.135017
0.13602
0.136972
0.137047
0.136422
0.131313
0.123781
0.123055
0.122614
0.124116
0.124288
0.123731
0.123471
0.123222
0.123281
0.122624
0.122768
0.121752
0.121943
0.122082
0.122121
0.122231
0.122479
0.122736
0.122977
0.123258
0.123439
0.123908
0.124144
0.124206
0.124617
0.122853
0.121383
0.138762
0.137045
0.135561
0.135734
0.136957
0.136968
0.1368
0.137013
0.136932
0.136963
0.136997
0.13696
0.136953
0.137149
0.137553
0.13842
0.137897
0.137881
0.13789
0.137842
0.137616
0.137263
0.136732
0.136052
0.134616
0.135044
0.135299
0.135544
0.136612
0.137384
0.13758
0.137413
0.136938
0.136059
0.134202
0.124859
0.146083
0.124946
0.125596
0.125386
0.124897
0.124117
0.124157
0.124089
0.123238
0.122873
0.122812
0.123024
0.12316
0.123381
0.123533
0.123567
0.123679
0.123769
0.12407
0.124199
0.124357
0.124921
0.12221
0.121432
0.138833
0.135832
0.135591
0.136262
0.137526
0.137096
0.136931
0.136973
0.13697
0.137072
0.137117
0.137181
0.137457
0.138227
0.138809
0.137886
0.137604
0.137601
0.137548
0.137443
0.137258
0.137038
0.136682
0.136005
0.134843
0.135992
0.135739
0.136218
0.137283
0.137808
0.137915
0.137736
0.137398
0.137004
0.136445
0.135616
0.134541
0.135332
0.125337
0.125172
0.125664
0.125558
0.125605
0.125617
0.125207
0.124795
0.124323
0.124021
0.12397
0.124105
0.124161
0.124098
0.124121
0.124153
0.124252
0.124316
0.121346
0.124596
0.121274
0.138286
0.136772
0.135309
0.13589
0.136864
0.137922
0.137245
0.137045
0.137092
0.137098
0.137211
0.137333
0.137877
0.13896
0.14017
0.140244
0.137433
0.137256
0.13717
0.137044
0.136978
0.13707
0.136888
0.136578
0.136231
0.135042
0.136528
0.136317
0.136866
0.136716
0.137346
0.137519
0.137414
0.137209
0.13685
0.13641
0.135811
0.135721
0.134843
0.208769
0.217954
0.212699
0.130703
0.124698
0.124823
0.125364
0.125961
0.125945
0.125562
0.125173
0.124932
0.124798
0.124671
0.124578
0.124485
0.120769
0.152801
0.122392
0.124132
0.120718
0.138746
0.135517
0.135298
0.136506
0.137545
0.138414
0.137638
0.137178
0.137306
0.137358
0.137512
0.138165
0.139784
0.140855
0.141728
0.13843
0.136892
0.136524
0.13638
0.13638
0.136637
0.13655
0.136328
0.136589
0.136613
0.135526
0.13736
0.137077
0.137355
0.137777
0.138049
0.137957
0.137579
0.137204
0.136739
0.136481
0.135954
0.135048
0.134117
0.265802
0.264672
0.264809
0.243613
0.221726
0.20381
0.13583
0.123596
0.125553
0.126442
0.12633
0.125914
0.124083
0.126595
0.152942
0.18971
0.207668
0.207388
0.122418
0.122637
0.133895
0.134721
0.134885
0.135511
0.137327
0.138254
0.139186
0.138596
0.137516
0.137921
0.138213
0.138884
0.140897
0.142315
0.142718
0.142615
0.137487
0.136408
0.137322
0.136831
0.137248
0.137091
0.136774
0.136873
0.137209
0.137008
0.135528
0.1372
0.136978
0.136903
0.137922
0.137917
0.1377
0.13726
0.136898
0.136456
0.136137
0.135625
0.134224
0.133472
0.285762
0.283011
0.283551
0.275683
0.267246
0.262198
0.245527
0.238574
0.223288
0.217751
0.215565
0.223153
0.228965
0.233706
0.237184
0.242664
0.243521
0.225659
0.124818
0.120838
0.137347
0.134221
0.134754
0.135965
0.138199
0.138912
0.140177
0.140367
0.138706
0.140286
0.141033
0.141931
0.14304
0.143392
0.143284
0.143223
0.136206
0.135744
0.135592
0.135972
0.135742
0.135316
0.135598
0.136718
0.137377
0.13734
0.133848
0.138392
0.138318
0.138188
0.137987
0.137708
0.137341
0.136848
0.136471
0.13602
0.13565
0.135082
0.133395
0.132781
0.29456
0.291973
0.292102
0.288293
0.283372
0.281617
0.275468
0.274214
0.26944
0.266936
0.264721
0.265266
0.265177
0.267032
0.266247
0.261947
0.256962
0.222532
0.122713
0.12627
0.134194
0.135488
0.135466
0.137498
0.139182
0.139506
0.140999
0.141853
0.141424
0.14289
0.143006
0.143375
0.143563
0.143454
0.143078
0.142569
0.142043
0.141861
0.135867
0.135897
0.135475
0.135423
0.136186
0.137307
0.137706
0.137423
0.13871
0.138018
0.138005
0.138144
0.137657
0.137209
0.13672
0.13626
0.135895
0.135437
0.135007
0.134353
0.132604
0.131977
0.299289
0.296471
0.29617
0.293712
0.290319
0.288808
0.286645
0.286095
0.284391
0.283231
0.281911
0.281371
0.280761
0.280956
0.280141
0.273847
0.264135
0.20777
0.121694
0.136385
0.134422
0.137881
0.136946
0.138414
0.140348
0.13959
0.141624
0.14252
0.142912
0.143141
0.144822
0.143923
0.143639
0.14303
0.142286
0.14256
0.135824
0.140366
0.135553
0.135677
0.13535
0.135785
0.136999
0.137685
0.137942
0.136333
0.13831
0.13794
0.137909
0.137656
0.136944
0.136289
0.135896
0.135505
0.135171
0.134707
0.134213
0.133484
0.131838
0.131162
0.301756
0.298542
0.297811
0.295944
0.29351
0.291973
0.29111
0.290774
0.28991
0.289588
0.288833
0.288199
0.287702
0.287544
0.288802
0.283121
0.258291
0.12207
0.140043
0.134089
0.136703
0.140289
0.137847
0.139725
0.141504
0.140195
0.142283
0.142773
0.143299
0.143501
0.143735
0.143307
0.142844
0.142181
0.141452
0.140866
0.140145
0.139455
0.136053
0.135711
0.135711
0.136631
0.137474
0.137811
0.13777
0.139166
0.137851
0.137677
0.137268
0.136582
0.135856
0.135212
0.134948
0.134597
0.134277
0.133801
0.133273
0.132512
0.131015
0.130598
0.302779
0.299262
0.298144
0.296181
0.293661
0.292408
0.291868
0.291887
0.291839
0.291813
0.291106
0.290558
0.290379
0.290511
0.290462
0.289421
0.266243
0.123051
0.138384
0.134931
0.140058
0.141857
0.139743
0.141652
0.141989
0.141431
0.142731
0.142524
0.143104
0.143272
0.143329
0.142211
0.141716
0.141422
0.140931
0.140238
0.139661
0.139298
0.137039
0.136035
0.136557
0.137352
0.137579
0.137836
0.137033
0.138107
0.137355
0.137012
0.136198
0.13533
0.134669
0.13405
0.133839
0.133503
0.133187
0.132692
0.132191
0.131442
0.130023
0.130309
0.303009
0.29885
0.296901
0.294954
0.292713
0.290905
0.290564
0.290878
0.290935
0.291898
0.290849
0.288544
0.288894
0.289596
0.290018
0.291013
0.279194
0.123263
0.122027
0.135583
0.141686
0.139938
0.141833
0.142176
0.141995
0.142609
0.142873
0.14201
0.142508
0.142316
0.141761
0.140655
0.141115
0.140788
0.140266
0.139606
0.139251
0.139137
0.138519
0.136586
0.137313
0.137432
0.137393
0.136676
0.139565
0.137036
0.136726
0.136012
0.135041
0.134233
0.133599
0.132996
0.132641
0.132288
0.131977
0.131478
0.131066
0.130353
0.128938
0.130125
0.30289
0.295625
0.293669
0.292187
0.288468
0.285467
0.285485
0.286213
0.286011
0.286238
0.285623
0.281612
0.282473
0.284707
0.28775
0.298466
0.132619
0.13334
0.239086
0.140961
0.140712
0.138669
0.139658
0.139717
0.162996
0.143809
0.143108
0.140548
0.140016
0.139562
0.139847
0.134031
0.133743
0.140791
0.139584
0.139127
0.139074
0.138969
0.136305
0.137232
0.137256
0.136194
0.136397
0.139331
0.137162
0.136404
0.136034
0.135114
0.134179
0.133509
0.132931
0.132337
0.131861
0.131596
0.131235
0.130671
0.130409
0.129387
0.128533
0.129452
0.301213
0.285297
0.282437
0.278327
0.273459
0.267357
0.261045
0.266726
0.267128
0.267671
0.277947
0.28458
0.287399
0.290666
0.291795
0.294545
0.294351
0.134615
0.138614
0.139364
0.139326
0.140153
0.138578
0.139617
0.144786
0.143044
0.141455
0.138293
0.139935
0.139103
0.13373
0.131967
0.13323
0.140254
0.139399
0.138984
0.139033
0.138521
0.141781
0.13847
0.136461
0.136324
0.137855
0.140045
0.137624
0.136951
0.13545
0.134541
0.133853
0.133367
0.132233
0.131467
0.130871
0.130614
0.13038
0.129868
0.129392
0.130426
0.129602
0.129986
0.131125
0.134298
0.203871
0.204561
0.23845
0.237095
0.225482
0.245992
0.257177
0.268122
0.284228
0.287807
0.289026
0.287885
0.283308
0.134137
0.139179
0.13832
0.137812
0.137578
0.137897
0.138923
0.139205
0.138934
0.137717
0.142385
0.14123
0.140209
0.239358
0.133943
0.132086
0.13253
0.133909
0.139686
0.139322
0.139018
0.140084
0.140877
0.140446
0.152495
0.136948
0.138819
0.140186
0.138361
0.136388
0.135356
0.134799
0.133812
0.131971
0.131192
0.131064
0.130952
0.13078
0.130435
0.130166
0.129747
0.129404
0.128929
0.141928
0.139472
0.140244
0.140532
0.14084
0.141243
0.140961
0.141576
0.125085
0.12595
0.12646
0.126113
0.124746
0.121555
0.123422
0.136164
0.14034
0.138442
0.137796
0.137324
0.137162
0.137224
0.137431
0.137753
0.138019
0.137504
0.137836
0.13788
0.137378
0.136454
0.133972
0.132599
0.132496
0.133789
0.134985
0.140049
0.140067
0.1304
0.223125
0.170485
0.137627
0.140452
0.140516
0.138847
0.136786
0.135419
0.134372
0.133605
0.133304
0.13269
0.132055
0.131755
0.132179
0.13234
0.132367
0.13238
0.132855
0.133765
0.135863
0.137943
0.138915
0.139523
0.140062
0.140488
0.140742
0.140824
0.140871
0.140988
0.141054
0.141028
0.140943
0.140883
0.1408
0.140799
0.140861
0.140694
0.139869
0.138797
0.138189
0.137994
0.137742
0.137723
0.137515
0.137299
0.137251
0.136505
0.136509
0.136756
0.136198
0.134919
0.133513
0.132996
0.133437
0.134912
0.136401
0.139811
0.124164
0.258106
0.269526
0.136321
0.136301
0.136823
0.136775
0.136477
0.13601
0.135404
0.134755
0.134209
0.133845
0.133634
0.133778
0.13408
0.134983
0.135306
0.135623
0.136203
0.138486
0.141618
0.132695
0.13672
0.138731
0.139375
0.139876
0.140225
0.140382
0.140358
0.140394
0.140324
0.140292
0.139886
0.139905
0.139905
0.140117
0.140207
0.140353
0.140378
0.140145
0.139596
0.139178
0.139002
0.138648
0.138399
0.137855
0.137277
0.136921
0.135871
0.135459
0.13549
0.135153
0.134328
0.13354
0.133482
0.134424
0.135412
0.139633
0.124314
0.257845
0.272104
0.136914
0.136975
0.13757
0.137829
0.137641
0.137244
0.136796
0.136418
0.136071
0.135823
0.135708
0.13573
0.136125
0.13654
0.137076
0.137236
0.137748
0.139277
0.140582
0.135894
0.136986
0.136621
0.138969
0.139673
0.140192
0.140419
0.140499
0.140471
0.1405
0.140441
0.140415
0.140225
0.140141
0.140117
0.140198
0.140267
0.140359
0.140383
0.140281
0.139995
0.139803
0.139594
0.139252
0.138821
0.137992
0.137173
0.136512
0.135453
0.135071
0.135103
0.134773
0.134396
0.134634
0.13525
0.135123
0.136256
0.124256
0.255173
0.276007
0.268814
0.136501
0.138739
0.139247
0.139355
0.139098
0.138541
0.137778
0.137322
0.137111
0.136997
0.136979
0.137005
0.137179
0.137467
0.137861
0.138369
0.139906
0.139192
0.135436
0.137705
0.138243
0.12307
)
;
    }
    hills
    {
        type            calculated;
        value           nonuniform List<scalar> 
7200
(
0.124894
0.123229
0.121818
0.121218
0.121094
0.121452
0.122485
0.126418
0.132279
0.118776
0.120717
0.13264
0.132563
0.132344
0.132078
0.131776
0.131488
0.131256
0.13108
0.130985
0.130771
0.130513
0.130055
0.129424
0.128767
0.12955
0.131661
0.132508
0.134631
0.135043
0.134848
0.134855
0.136116
0.134779
0.133849
0.131945
0.13823
0.124068
0.129618
0.132634
0.131619
0.132899
0.134687
0.133901
0.13098
0.130905
0.13
0.121639
0.123383
0.1238
0.124808
0.125472
0.127032
0.127973
0.128202
0.128709
0.128608
0.128217
0.12739
0.126418
0.134025
0.133533
0.133288
0.133789
0.135283
0.134562
0.133196
0.132104
0.131781
0.127304
0.127063
0.130766
0.130584
0.130612
0.130747
0.130746
0.130671
0.130645
0.130662
0.130855
0.131225
0.131645
0.132098
0.132613
0.132631
0.13327
0.134372
0.135329
0.135217
0.133176
0.13474
0.136307
0.136437
0.133468
0.131435
0.131836
0.135875
0.122985
0.130416
0.132887
0.132384
0.124983
0.12593
0.126759
0.126501
0.131613
0.132603
0.132429
0.129259
0.124609
0.124993
0.124333
0.13011
0.12486
0.124327
0.132958
0.131961
0.132644
0.133342
0.133452
0.130921
0.130659
0.130486
0.130467
0.130428
0.130448
0.13048
0.129997
0.128031
0.13082
0.130854
0.124627
0.124513
0.125095
0.126043
0.126866
0.127568
0.127968
0.128505
0.129295
0.129967
0.13052
0.131013
0.131401
0.131874
0.131787
0.132473
0.132485
0.132882
0.130345
0.132868
0.134034
0.136367
0.138085
0.130906
0.132138
0.134754
0.119593
0.134789
0.132189
0.134746
0.127574
0.127833
0.128601
0.12859
0.12824
0.127182
0.133582
0.134888
0.135082
0.134267
0.134221
0.130912
0.134158
0.139557
0.133219
0.1343
0.134232
0.13378
0.131411
0.136665
0.136137
0.136153
0.13659
0.137092
0.136562
0.13538
0.13472
0.136594
0.13465
0.13214
0.130795
0.12582
0.126244
0.136985
0.136903
0.133638
0.129708
0.128205
0.127281
0.126483
0.126031
0.12576
0.125475
0.124913
0.124147
0.124043
0.124929
0.127208
0.136126
0.13672
0.133933
0.131708
0.134331
0.133387
0.138834
0.135899
0.125981
0.127463
0.131244
0.13134
0.131319
0.13269
0.140433
0.140426
0.140139
0.139753
0.13947
0.13914
0.138853
0.138306
0.137213
0.129931
0.137806
0.137646
0.137675
0.138695
0.139414
0.139196
0.138191
0.13535
0.136077
0.136059
0.135928
0.136103
0.136874
0.13809
0.13974
0.141664
0.142957
0.143692
0.143718
0.143197
0.142034
0.140921
0.140647
0.139956
0.139342
0.138685
0.137841
0.135415
0.130473
0.128644
0.126778
0.132524
0.133874
0.127892
0.129698
0.136698
0.131375
0.123376
0.123854
0.129395
0.134164
0.140131
0.140814
0.139625
0.134755
0.127685
0.129096
0.130772
0.133776
0.141778
0.141349
0.141028
0.141323
0.140229
0.137145
0.136872
0.141334
0.141502
0.141827
0.13328
0.128157
0.125761
0.128008
0.13445
0.134029
0.133038
0.133538
0.12377
0.123739
0.12367
0.123627
0.123602
0.123523
0.123469
0.123654
0.124348
0.124983
0.129819
0.135319
0.140328
0.137916
0.138446
0.143117
0.140016
0.142085
0.140857
0.140495
0.139859
0.139651
0.138953
0.138133
0.138072
0.138493
0.140241
0.14198
0.142311
0.141483
0.141316
0.141489
0.140869
0.13746
0.134071
0.137035
0.135576
0.129553
0.133043
0.135247
0.121989
0.136397
0.136648
0.137227
0.137977
0.137926
0.137007
0.136302
0.136301
0.135437
0.133861
0.132002
0.130218
0.128863
0.127858
0.126847
0.125621
0.124781
0.124142
0.123833
0.126308
0.125892
0.125483
0.125236
0.125026
0.124908
0.125232
0.126272
0.130263
0.128873
0.134133
0.136969
0.137839
0.143925
0.138852
0.143542
0.136976
0.14159
0.139324
0.139349
0.139619
0.141321
0.139777
0.137087
0.136459
0.136135
0.136063
0.136012
0.135981
0.13596
0.135993
0.136421
0.136214
0.136482
0.135827
0.13487
0.135091
0.137073
0.136619
0.135545
0.121582
0.12213
0.124079
0.13546
0.135866
0.137188
0.138629
0.140244
0.142464
0.140701
0.136043
0.13381
0.132414
0.131958
0.13193
0.131459
0.130437
0.129185
0.127543
0.126594
0.129864
0.128206
0.127408
0.127073
0.127044
0.12879
0.128563
0.129125
0.131849
0.133284
0.135624
0.137185
0.141108
0.13698
0.145677
0.139642
0.134806
0.133043
0.139446
0.139124
0.138889
0.138766
0.141336
0.13954
0.136622
0.13485
0.134874
0.134974
0.134695
0.134346
0.134047
0.134114
0.138432
0.137062
0.136179
0.136235
0.137661
0.136928
0.134509
0.131315
0.125049
0.125251
0.125801
0.135511
0.135439
0.135764
0.136788
0.138252
0.141142
0.13885
0.136482
0.134353
0.133333
0.133401
0.134354
0.135236
0.134504
0.133715
0.132088
0.130462
0.13267
0.131374
0.130843
0.130721
0.131133
0.128798
0.128179
0.129689
0.133871
0.134515
0.133945
0.135905
0.143018
0.139259
0.13986
0.133963
0.133871
0.131692
0.138725
0.138341
0.13823
0.137847
0.14184
0.138408
0.1349
0.133974
0.132894
0.133545
0.134033
0.134053
0.134048
0.134008
0.13958
0.137467
0.136534
0.136721
0.137856
0.133904
0.134955
0.129581
0.127693
0.127838
0.136385
0.135875
0.135722
0.135592
0.135632
0.135932
0.136867
0.137444
0.137367
0.136524
0.135855
0.135894
0.137321
0.140729
0.137563
0.135849
0.134477
0.133335
0.134898
0.135267
0.135947
0.136711
0.136911
0.132806
0.132036
0.132462
0.13185
0.131796
0.135412
0.143003
0.139758
0.139971
0.140129
0.132587
0.132432
0.131687
0.13892
0.138294
0.13782
0.130803
0.14115
0.13962
0.135689
0.133145
0.13279
0.133507
0.134055
0.134149
0.134121
0.134061
0.133875
0.137882
0.136922
0.137573
0.13625
0.134229
0.134213
0.131087
0.129797
0.128794
0.136624
0.136263
0.136006
0.135804
0.135634
0.135541
0.135388
0.135381
0.136624
0.13793
0.137868
0.139601
0.143155
0.132203
0.143025
0.142258
0.140713
0.136537
0.141837
0.142301
0.142952
0.143
0.143094
0.127727
0.127416
0.129163
0.130647
0.134691
0.143258
0.142205
0.141378
0.138125
0.131451
0.131834
0.132223
0.132016
0.130747
0.138412
0.13821
0.132527
0.136419
0.135682
0.135078
0.132699
0.133301
0.134149
0.134394
0.134283
0.134222
0.134171
0.133788
0.139127
0.137829
0.137592
0.133499
0.134357
0.13283
0.131886
0.130476
0.137394
0.136628
0.136227
0.135914
0.135581
0.135186
0.134853
0.134633
0.134476
0.131536
0.137911
0.139171
0.14277
0.142947
0.13062
0.143013
0.142935
0.142565
0.142038
0.142822
0.142905
0.142723
0.141415
0.141157
0.140734
0.141215
0.143018
0.139247
0.141875
0.142754
0.138624
0.138472
0.131674
0.131543
0.132101
0.132516
0.132257
0.131518
0.130708
0.130813
0.132438
0.134611
0.134032
0.134146
0.132813
0.134111
0.134687
0.134598
0.134381
0.134324
0.134283
0.133546
0.129503
0.138516
0.135656
0.134473
0.133136
0.13437
0.131665
0.13803
0.136593
0.135972
0.135507
0.135145
0.1348
0.134551
0.13445
0.13431
0.134102
0.132851
0.137325
0.14093
0.142904
0.142818
0.128666
0.142879
0.142976
0.142979
0.142891
0.142824
0.142806
0.141808
0.141469
0.141319
0.141165
0.140882
0.140778
0.142399
0.142099
0.138825
0.140204
0.135713
0.131407
0.132412
0.133033
0.133213
0.132828
0.132082
0.131337
0.131145
0.131967
0.133527
0.133639
0.133348
0.133417
0.134677
0.134904
0.134634
0.134449
0.134418
0.134321
0.132547
0.128447
0.138769
0.134241
0.134666
0.13303
0.133012
0.130349
0.136588
0.135733
0.135103
0.134616
0.134336
0.134333
0.134601
0.134836
0.134533
0.133923
0.131935
0.131926
0.141756
0.142651
0.142861
0.127179
0.14287
0.142878
0.142889
0.142847
0.142517
0.141997
0.141753
0.141471
0.141267
0.140817
0.138067
0.138699
0.140995
0.138862
0.141262
0.13297
0.131066
0.132756
0.133492
0.133876
0.133863
0.13351
0.132835
0.132047
0.13164
0.132012
0.133431
0.133325
0.132998
0.134192
0.134899
0.134835
0.13459
0.134504
0.134507
0.134144
0.131031
0.128752
0.132348
0.133525
0.13428
0.133787
0.131302
0.136789
0.135676
0.134926
0.134364
0.134181
0.134403
0.134929
0.135412
0.135591
0.132475
0.132609
0.130633
0.131451
0.141348
0.142104
0.142549
0.142358
0.142784
0.142647
0.142767
0.142765
0.141443
0.141567
0.141601
0.141423
0.141103
0.139942
0.137813
0.140409
0.139282
0.143542
0.13224
0.131554
0.133508
0.134298
0.134605
0.134629
0.134447
0.134148
0.133618
0.13289
0.132342
0.132369
0.133219
0.13295
0.133469
0.134347
0.134723
0.134675
0.134587
0.134579
0.134559
0.133487
0.129912
0.130132
0.133781
0.132605
0.131414
0.13218
0.136535
0.135891
0.135028
0.134356
0.13423
0.134535
0.134989
0.135238
0.135353
0.134139
0.133001
0.132235
0.129609
0.130452
0.134934
0.141436
0.141899
0.132229
0.142765
0.142353
0.142429
0.142722
0.142647
0.141295
0.141489
0.141916
0.141271
0.137521
0.137045
0.140207
0.140007
0.13183
0.132241
0.134379
0.135055
0.135352
0.135474
0.135385
0.135143
0.134791
0.134314
0.133682
0.133064
0.132738
0.132579
0.133125
0.133892
0.134815
0.134668
0.13471
0.13468
0.134683
0.134449
0.132218
0.129783
0.131916
0.133634
0.131913
0.131034
0.131963
0.136372
0.13548
0.134514
0.134088
0.134334
0.134741
0.134912
0.134835
0.134581
0.133958
0.132145
0.130746
0.128847
0.129954
0.13406
0.140653
0.141041
0.142747
0.131923
0.142571
0.142451
0.142686
0.141649
0.14149
0.142358
0.142768
0.139403
0.131091
0.140938
0.142075
0.131365
0.132602
0.134761
0.135422
0.135723
0.135839
0.135847
0.135779
0.135549
0.135112
0.13456
0.133911
0.13318
0.132383
0.131659
0.13297
0.134445
0.134499
0.134884
0.134869
0.134855
0.134801
0.133907
0.131208
0.131022
0.133646
0.132886
0.131149
0.130755
0.131173
0.133446
0.135304
0.134168
0.133731
0.133846
0.13513
0.135317
0.135082
0.134742
0.133536
0.131586
0.130131
0.128858
0.13013
0.135123
0.141051
0.140631
0.141847
0.1428
0.14142
0.142773
0.142776
0.141599
0.141956
0.143512
0.140421
0.136369
0.132417
0.138016
0.142007
0.132891
0.134761
0.135512
0.135827
0.135998
0.136027
0.136019
0.135988
0.135842
0.135473
0.134864
0.134054
0.133014
0.131701
0.131062
0.132189
0.133528
0.134775
0.135095
0.135278
0.135277
0.134932
0.133246
0.131655
0.132952
0.134141
0.132061
0.130418
0.130468
0.129533
0.131843
0.135448
0.133867
0.133141
0.134354
0.13562
0.135816
0.135816
0.134674
0.133404
0.131346
0.129659
0.128467
0.138347
0.131726
0.14242
0.141354
0.141249
0.141997
0.142556
0.132897
0.141761
0.141094
0.143287
0.139014
0.141073
0.14283
0.127818
0.12424
0.137388
0.132466
0.135327
0.135864
0.136127
0.13622
0.136208
0.136164
0.136134
0.136051
0.135785
0.135254
0.134473
0.13339
0.131855
0.13098
0.131712
0.132851
0.134582
0.135804
0.136064
0.135919
0.13498
0.133251
0.133188
0.134572
0.133509
0.13186
0.130232
0.128167
0.127952
0.132611
0.136811
0.134237
0.135576
0.13584
0.137442
0.13778
0.137333
0.136375
0.13427
0.132365
0.13039
0.129185
0.13146
0.142066
0.142119
0.141899
0.141963
0.141974
0.142516
0.141727
0.141649
0.142918
0.139255
0.143819
0.141571
0.130046
0.127239
0.137994
0.130066
0.134916
0.135685
0.136104
0.136337
0.136447
0.136454
0.1364
0.13634
0.136254
0.136057
0.135649
0.135021
0.134125
0.13272
0.131156
0.131256
0.131949
0.134058
0.136025
0.136648
0.13635
0.135135
0.134283
0.134982
0.135095
0.132535
0.132124
0.128348
0.126536
0.128848
0.132621
0.135606
0.133597
0.138454
0.138066
0.13947
0.139274
0.138574
0.137658
0.136428
0.132964
0.130698
0.129385
0.130694
0.14191
0.142407
0.142484
0.142475
0.142297
0.141463
0.141432
0.141335
0.142544
0.142369
0.142475
0.139912
0.128083
0.137462
0.13262
0.134899
0.135475
0.135949
0.136306
0.136511
0.136632
0.136677
0.136657
0.136591
0.136475
0.136274
0.135942
0.135461
0.134821
0.133906
0.132181
0.13104
0.131064
0.132373
0.135568
0.139062
0.138908
0.13801
0.137399
0.136661
0.134675
0.131877
0.130436
0.12616
0.127417
0.12895
0.129209
0.139009
0.133796
0.134017
0.138829
0.140356
0.140244
0.139691
0.138767
0.137371
0.134204
0.131676
0.130236
0.131331
0.13464
0.142604
0.141483
0.141271
0.142025
0.141524
0.141414
0.142853
0.143302
0.142191
0.139144
0.126675
0.134618
0.135133
0.13498
0.135332
0.135781
0.136179
0.136451
0.136589
0.136685
0.136755
0.136793
0.136784
0.136685
0.136472
0.136169
0.135774
0.135301
0.134749
0.133942
0.131968
0.130707
0.130633
0.133272
0.138141
0.138373
0.138724
0.139279
0.138167
0.132425
0.131952
0.128033
0.127573
0.127181
0.126921
0.127531
0.128501
0.132763
0.13608
0.138884
0.140244
0.140511
0.14025
0.139728
0.138744
0.1365
0.132912
0.131429
0.132699
0.140666
0.141818
0.1409
0.141151
0.141574
0.141235
0.142067
0.142897
0.141306
0.140442
0.123224
0.130501
0.13461
0.135045
0.135252
0.13572
0.136088
0.136313
0.136435
0.136505
0.136578
0.13667
0.136773
0.136854
0.136838
0.136663
0.13637
0.136015
0.135626
0.135234
0.134807
0.134104
0.131937
0.129823
0.130606
0.13653
0.139908
0.140016
0.139646
0.137541
0.136012
0.135576
0.135192
0.128754
0.127352
0.129903
0.12763
0.130395
0.129421
0.134343
0.137959
0.139483
0.140339
0.140454
0.140167
0.139792
0.137905
0.134179
0.13259
0.133288
0.139771
0.141216
0.140588
0.141442
0.141392
0.141053
0.143224
0.139846
0.142413
0.130195
0.127019
0.134419
0.134906
0.135125
0.135731
0.136035
0.136191
0.13625
0.136265
0.136293
0.136357
0.136469
0.136627
0.136802
0.136907
0.136831
0.136567
0.136226
0.135874
0.13555
0.135246
0.134834
0.133971
0.131685
0.129642
0.133621
0.139338
0.138859
0.137309
0.135409
0.135353
0.133522
0.131472
0.13239
0.134464
0.132499
0.131946
0.128914
0.129346
0.134772
0.136293
0.137991
0.139433
0.140192
0.140305
0.140203
0.139588
0.135393
0.133343
0.133033
0.131023
0.140388
0.140204
0.141285
0.141348
0.142248
0.140774
0.141089
0.140182
0.126877
0.135427
0.134964
0.135358
0.135528
0.136042
0.136101
0.136089
0.136055
0.136035
0.136051
0.136114
0.136237
0.136422
0.136651
0.136858
0.136922
0.136755
0.136435
0.136099
0.135801
0.135529
0.135187
0.134456
0.132571
0.130681
0.132931
0.132067
0.135801
0.135495
0.135456
0.134139
0.132754
0.130867
0.131642
0.132989
0.131574
0.1313
0.134375
0.131614
0.135913
0.136555
0.137731
0.13891
0.140159
0.140585
0.14025
0.140313
0.136632
0.133551
0.132598
0.13226
0.1391
0.139647
0.141197
0.142365
0.142936
0.140752
0.142877
0.129946
0.128693
0.135018
0.135342
0.135766
0.135749
0.136055
0.136012
0.135951
0.135903
0.135883
0.1359
0.135962
0.13608
0.136258
0.136484
0.136724
0.136891
0.136858
0.136609
0.13629
0.135995
0.135717
0.135341
0.134451
0.132484
0.131361
0.132494
0.129389
0.135741
0.134659
0.134059
0.133099
0.132592
0.133637
0.134129
0.134086
0.134002
0.132806
0.133899
0.135683
0.135992
0.136689
0.138186
0.138671
0.140203
0.141628
0.141021
0.140126
0.139319
0.133771
0.132296
0.132057
0.138923
0.139534
0.139607
0.138967
0.14034
0.141519
0.141485
0.12699
0.133619
0.135322
0.135623
0.135846
0.135804
0.135997
0.135958
0.135915
0.135885
0.13588
0.135904
0.13596
0.136056
0.136195
0.136375
0.136585
0.13677
0.136824
0.136664
0.136374
0.136078
0.135787
0.135233
0.133689
0.132001
0.132205
0.131186
0.128393
0.125793
0.134237
0.133286
0.127344
0.133886
0.123778
0.131936
0.125569
0.124391
0.126949
0.13462
0.133613
0.134059
0.134303
0.135681
0.137989
0.138376
0.139766
0.141112
0.141053
0.139662
0.135361
0.132247
0.131513
0.126603
0.139141
0.138236
0.136373
0.136452
0.142986
0.141835
0.126407
0.134924
0.135388
0.135576
0.135699
0.135704
0.13586
0.135863
0.135864
0.135873
0.135899
0.135944
0.136008
0.136093
0.136196
0.136324
0.136474
0.136606
0.136631
0.136481
0.136212
0.135938
0.135494
0.13398
0.132336
0.131959
0.13038
0.128747
0.12716
0.126058
0.137472
0.139725
0.133538
0.127116
0.128065
0.1318
0.136276
0.137485
0.129084
0.12465
0.1303
0.12947
0.128608
0.128764
0.135236
0.137859
0.138401
0.139321
0.140212
0.138939
0.137947
0.132759
0.131556
0.130821
0.138939
0.138214
0.136863
0.138021
0.141887
0.134849
0.135531
0.13527
0.135486
0.135582
0.135631
0.135623
0.135737
0.135753
0.135774
0.135802
0.135846
0.135905
0.135974
0.136063
0.136166
0.136277
0.136405
0.136538
0.136616
0.136543
0.1363
0.136033
0.135259
0.133001
0.131436
0.12939
0.127962
0.126461
0.123919
0.135992
0.137458
0.139256
0.135779
0.128819
0.126682
0.126186
0.127033
0.128282
0.134735
0.135688
0.13122
0.129984
0.128548
0.129136
0.127833
0.135865
0.138203
0.139491
0.139757
0.139978
0.139643
0.134913
0.131889
0.131179
0.12688
0.138249
0.136822
0.141391
0.141086
0.123343
0.133753
0.13538
0.135561
0.135585
0.135608
0.135564
0.135666
0.135679
0.135693
0.135717
0.135755
0.135811
0.13588
0.135977
0.136094
0.136223
0.136353
0.136495
0.136621
0.136637
0.136449
0.136165
0.134962
0.132295
0.129934
0.128175
0.126927
0.125296
0.123669
0.137734
0.142462
0.138258
0.13807
0.13008
0.126233
0.125246
0.126239
0.126331
0.12683
0.128927
0.133289
0.128054
0.1309
0.131502
0.132173
0.134723
0.138139
0.14058
0.140377
0.140078
0.139798
0.135744
0.132262
0.130968
0.125267
0.138033
0.137143
0.142207
0.14037
0.123423
0.134638
0.135504
0.135553
0.135553
0.135579
0.13549
0.135592
0.135592
0.135598
0.135613
0.135645
0.135697
0.135775
0.135877
0.136015
0.136154
0.136284
0.136426
0.136557
0.136556
0.136295
0.135951
0.133638
0.131933
0.129487
0.127394
0.123955
0.129309
0.130433
0.130215
0.14143
0.138219
0.141614
0.131579
0.127088
0.125341
0.125348
0.125692
0.125988
0.126201
0.126827
0.129595
0.132441
0.133125
0.133153
0.13726
0.136599
0.140424
0.14098
0.139586
0.139553
0.135833
0.132137
0.129059
0.124525
0.138249
0.137499
0.141443
0.139945
0.135402
0.135016
0.135544
0.135425
0.135438
0.135477
0.135369
0.135489
0.135483
0.135486
0.135506
0.135542
0.135612
0.135706
0.135835
0.135981
0.136112
0.136241
0.13639
0.136504
0.136447
0.136159
0.135783
0.133001
0.131837
0.129647
0.127238
0.124539
0.121789
0.132769
0.132082
0.141009
0.139087
0.137874
0.130956
0.127829
0.125259
0.124669
0.125037
0.125404
0.125826
0.125936
0.126189
0.127011
0.133002
0.137285
0.127798
0.133979
0.139276
0.141093
0.139449
0.138972
0.135316
0.131731
0.125315
0.124445
0.138396
0.137362
0.141644
0.139847
0.134917
0.135267
0.135445
0.135213
0.135246
0.135289
0.135155
0.135335
0.135311
0.135326
0.13536
0.135428
0.13554
0.135675
0.135828
0.135962
0.13608
0.136218
0.136371
0.136452
0.136337
0.136077
0.135433
0.13266
0.131699
0.129926
0.127904
0.123483
0.127271
0.132093
0.137583
0.135993
0.136241
0.132363
0.129777
0.127201
0.124949
0.124561
0.124304
0.124872
0.125357
0.125779
0.12588
0.126118
0.126731
0.132192
0.137223
0.13313
0.135232
0.139776
0.139361
0.136799
0.134178
0.130946
0.1264
0.139594
0.138982
0.136518
0.142392
0.139886
0.13554
0.135556
0.135229
0.134959
0.134993
0.135007
0.134842
0.135073
0.135076
0.135107
0.135181
0.13529
0.135431
0.135608
0.135775
0.135901
0.136026
0.136177
0.136316
0.136354
0.1362
0.136028
0.134737
0.132538
0.131668
0.130213
0.12841
0.123177
0.127385
0.138335
0.138705
0.133155
0.134219
0.128489
0.127406
0.12566
0.124538
0.124142
0.124282
0.124103
0.124483
0.125194
0.125516
0.125677
0.126118
0.129011
0.137247
0.133549
0.132433
0.139326
0.137745
0.134459
0.13349
0.130334
0.12802
0.135915
0.138549
0.139283
0.142725
0.139973
0.135789
0.135713
0.134945
0.134706
0.134712
0.134662
0.134343
0.134714
0.134725
0.134799
0.134925
0.135088
0.135284
0.135499
0.13568
0.135812
0.135946
0.136086
0.136186
0.136173
0.136025
0.135969
0.133959
0.132517
0.131814
0.130547
0.129108
0.125378
0.135772
0.136805
0.13473
0.133883
0.129581
0.125916
0.125122
0.124577
0.124181
0.12389
0.123965
0.124143
0.124075
0.123865
0.124615
0.125205
0.125691
0.127937
0.135961
0.131938
0.133762
0.135842
0.134476
0.133123
0.132676
0.130005
0.129008
0.134829
0.13549
0.138298
0.142837
0.14008
0.132943
0.135597
0.134621
0.134464
0.134441
0.134322
0.133731
0.134323
0.134345
0.134458
0.13464
0.134863
0.135122
0.135379
0.135563
0.135695
0.135826
0.13594
0.135997
0.13595
0.135875
0.135834
0.133351
0.132547
0.132139
0.1312
0.130353
0.129398
0.133773
0.136311
0.135757
0.130442
0.12629
0.12439
0.124058
0.123916
0.123914
0.123822
0.123822
0.123933
0.124128
0.124235
0.124259
0.124398
0.125471
0.128885
0.132552
0.132806
0.132854
0.133842
0.133306
0.132527
0.132149
0.129991
0.129495
0.134862
0.135123
0.138894
0.142944
0.140105
0.129554
0.135247
0.134317
0.134301
0.134286
0.134142
0.133328
0.134037
0.13403
0.134154
0.13438
0.13467
0.135005
0.135275
0.135429
0.135549
0.135663
0.135755
0.135785
0.13575
0.135812
0.13558
0.133037
0.132568
0.132537
0.132154
0.131661
0.13125
0.133704
0.134409
0.130237
0.127222
0.124659
0.123804
0.123552
0.123547
0.123709
0.123795
0.123829
0.123879
0.124072
0.124365
0.124697
0.125241
0.126931
0.132833
0.133548
0.132189
0.134199
0.133905
0.132795
0.132742
0.131638
0.130117
0.129511
0.138546
0.135108
0.139097
0.143101
0.139784
0.124928
0.134869
0.134263
0.134377
0.134389
0.134255
0.133513
0.133975
0.133898
0.133979
0.13422
0.134575
0.134952
0.135151
0.135273
0.13539
0.135492
0.135559
0.135606
0.13565
0.135886
0.135279
0.13298
0.132554
0.132719
0.132745
0.132092
0.135335
0.130753
0.129755
0.127287
0.125764
0.123836
0.123722
0.123408
0.123369
0.123549
0.123727
0.123853
0.123964
0.124173
0.124542
0.12517
0.126463
0.130219
0.131469
0.133398
0.133379
0.13237
0.133566
0.132699
0.132594
0.131236
0.129602
0.12849
0.138798
0.138632
0.139056
0.142814
0.137694
0.122826
0.13474
0.134699
0.134871
0.134801
0.134585
0.133976
0.134095
0.13395
0.134004
0.13425
0.134639
0.134916
0.135042
0.135168
0.135284
0.135384
0.135468
0.135566
0.135789
0.136147
0.135065
0.133139
0.132574
0.132624
0.132447
0.131693
0.133646
0.127312
0.126652
0.126022
0.125446
0.123742
0.1237
0.1234
0.123295
0.123433
0.123621
0.123856
0.124075
0.12437
0.124915
0.12602
0.128703
0.134407
0.133331
0.136206
0.126479
0.132115
0.132746
0.132528
0.132485
0.130576
0.128372
0.127925
0.127663
0.139327
0.140041
0.140124
0.133769
0.136609
0.134765
0.135231
0.135507
0.135466
0.135201
0.134532
0.134243
0.134073
0.134177
0.134465
0.1348
0.134897
0.135009
0.135137
0.135262
0.13539
0.135538
0.135773
0.136242
0.136672
0.13557
0.133591
0.132654
0.132475
0.132021
0.132067
0.129438
0.125922
0.126067
0.126044
0.125905
0.124733
0.123558
0.123361
0.123274
0.123368
0.12352
0.123821
0.124177
0.124674
0.125587
0.127504
0.132582
0.133276
0.138213
0.137828
0.130298
0.134001
0.131911
0.132494
0.132339
0.12957
0.132195
0.129513
0.135893
0.140595
0.142968
0.140451
0.138381
0.135244
0.135282
0.136013
0.136251
0.136112
0.135683
0.13488
0.13449
0.134176
0.1344
0.134761
0.13493
0.134958
0.135088
0.135232
0.135402
0.135595
0.135858
0.136339
0.137279
0.138151
0.139526
0.140681
0.139943
0.132452
0.131713
0.13281
0.126019
0.126053
0.126693
0.126814
0.126617
0.125381
0.123265
0.123186
0.123206
0.123382
0.123516
0.123855
0.124336
0.125125
0.126646
0.13025
0.118644
0.131676
0.133136
0.133114
0.135689
0.132452
0.132028
0.132775
0.131662
0.131684
0.136675
0.139386
0.137102
0.139424
0.142705
0.140434
0.130959
0.135022
0.136091
0.136749
0.136875
0.136614
0.136009
0.135203
0.134639
0.13427
0.134673
0.135007
0.134961
0.135046
0.135257
0.135493
0.135752
0.136054
0.136551
0.137659
0.137638
0.140347
0.140537
0.138385
0.134431
0.133281
0.133126
0.129747
0.125663
0.126846
0.127708
0.127721
0.127263
0.126006
0.123154
0.122879
0.123032
0.123381
0.123596
0.123957
0.124548
0.125713
0.128221
0.133835
0.13452
0.1299
0.136712
0.128823
0.132942
0.13147
0.131793
0.132936
0.132145
0.130969
0.13161
0.131995
0.142143
0.142851
0.140424
0.137781
0.123065
0.135102
0.13705
0.137487
0.137462
0.13701
0.13619
0.135303
0.134543
0.134442
0.135015
0.135065
0.134972
0.135228
0.135598
0.135958
0.136348
0.136858
0.138006
0.138777
0.140127
0.140006
0.13851
0.133413
0.130749
0.130129
0.12967
0.127102
0.126469
0.127763
0.128667
0.128415
0.127694
0.126499
0.124286
0.122604
0.122854
0.123306
0.123764
0.124232
0.12508
0.126971
0.132155
0.133346
0.134104
0.126412
0.136545
0.135906
0.131014
0.134134
0.132762
0.133421
0.13205
0.132631
0.131846
0.1366
0.141967
0.140228
0.139797
0.137774
0.122794
0.135784
0.137678
0.137899
0.137724
0.13707
0.13616
0.13519
0.134627
0.134705
0.135297
0.134867
0.135067
0.13563
0.136142
0.136547
0.137094
0.138012
0.139402
0.140172
0.139903
0.139117
0.133149
0.130421
0.128351
0.127556
0.126983
0.125638
0.127307
0.128372
0.128959
0.128758
0.128097
0.126989
0.125138
0.123077
0.122602
0.123195
0.123806
0.124423
0.125681
0.1286
0.119933
0.13419
0.12474
0.139024
0.134554
0.131333
0.129268
0.133149
0.133413
0.133912
0.132613
0.131612
0.132723
0.142989
0.140013
0.138373
0.140455
0.131605
0.135169
0.136775
0.138075
0.138046
0.13762
0.1368
0.135847
0.135006
0.13472
0.135159
0.13516
0.134793
0.135486
0.136145
0.136472
0.136928
0.137913
0.139237
0.140374
0.140006
0.139294
0.1355
0.1316
0.127978
0.126743
0.126043
0.125606
0.127057
0.127853
0.127996
0.12839
0.128403
0.12819
0.127691
0.12657
0.125236
0.124263
0.123514
0.123734
0.12487
0.127655
0.126926
0.133256
0.133949
0.135712
0.1412
0.136385
0.13
0.128565
0.132339
0.138698
0.138112
0.133705
0.132122
0.138999
0.140207
0.138012
0.138619
0.140943
0.131393
0.135887
0.137446
0.138169
0.137825
0.137245
0.136336
0.135412
0.134903
0.135049
0.135533
0.134826
0.135046
0.135685
0.135818
0.135984
0.136901
0.138815
0.140106
0.140037
0.139369
0.137841
0.132078
0.129288
0.126845
0.125879
0.125125
0.126091
0.13635
0.136389
0.135477
0.135222
0.135131
0.134966
0.127212
0.127656
0.126704
0.125886
0.125459
0.126024
0.130301
0.131547
0.134674
0.131245
0.125439
0.138925
0.13746
0.130593
0.132127
0.128739
0.132672
0.141352
0.141992
0.140386
0.143311
0.140221
0.140363
0.136755
0.138952
0.134116
0.124562
0.136558
0.137854
0.137596
0.13717
0.136393
0.135518
0.134978
0.134915
0.135377
0.135457
0.13469
0.135034
0.134955
0.135252
0.137778
0.139447
0.133901
0.132683
0.131921
0.131258
0.130198
0.131138
0.126862
0.127055
0.126093
0.125659
0.126568
0.128584
0.136777
0.135893
0.135346
0.135149
0.135175
0.135367
0.134522
0.130571
0.126006
0.127379
0.128206
0.129409
0.130272
0.133324
0.127608
0.138539
0.136025
0.13431
0.1323
0.133502
0.12905
0.133428
0.139297
0.142748
0.139939
0.145069
0.140568
0.138005
0.135827
0.143591
0.128191
0.135434
0.137269
0.137575
0.136936
0.136369
0.135605
0.134938
0.13489
0.135251
0.135659
0.134699
0.134493
0.134076
0.134098
0.13563
0.140468
0.138544
0.133867
0.132704
0.131791
0.130888
0.127174
0.126885
0.127311
0.126573
0.125018
0.12593
0.127062
0.128854
0.136699
0.135771
0.132568
0.13203
0.131715
0.131359
0.131408
0.132831
0.132477
0.133214
0.135649
0.131576
0.135515
0.132978
0.127152
0.13873
0.135663
0.131645
0.133769
0.133248
0.129918
0.133813
0.139765
0.143361
0.142199
0.141759
0.140644
0.13658
0.135629
0.135222
0.126382
0.135868
0.13713
0.137176
0.136395
0.13554
0.134864
0.134646
0.13509
0.135691
0.135126
0.134605
0.134726
0.1395
0.141923
0.140703
0.139245
0.13368
0.133266
0.132475
0.131543
0.130233
0.12604
0.125785
0.125707
0.130854
0.126979
0.126353
0.126981
0.136699
0.131048
0.131313
0.131679
0.131697
0.131523
0.131103
0.130565
0.130449
0.132745
0.133488
0.135911
0.13699
0.133841
0.128694
0.139262
0.135217
0.135531
0.129275
0.134035
0.132896
0.125378
0.137844
0.139131
0.143958
0.143995
0.139654
0.138624
0.136006
0.142533
0.128943
0.126285
0.135467
0.136255
0.136784
0.135585
0.135176
0.134879
0.13503
0.135557
0.135719
0.134828
0.135128
0.140481
0.141888
0.14203
0.141831
0.140831
0.133169
0.133092
0.132361
0.131315
0.129865
0.126004
0.125086
0.127854
0.130424
0.1312
0.1266
0.129266
0.136889
0.130997
0.131448
0.131814
0.132057
0.131571
0.130952
0.130354
0.130076
0.131499
0.134412
0.136975
0.136102
0.135332
0.127375
0.139875
0.13617
0.135071
0.128513
0.134072
0.132466
0.129072
0.139053
0.139395
0.14058
0.144611
0.139435
0.136898
0.135545
0.144391
0.127318
0.126259
0.135044
0.135764
0.135932
0.135357
0.134944
0.134958
0.135302
0.135511
0.135228
0.138126
0.139518
0.140722
0.141252
0.141582
0.141574
0.139547
0.132608
0.132819
0.132191
0.130864
0.126096
0.125732
0.125369
0.129721
0.130631
0.131128
0.130707
0.128716
0.132642
0.131642
0.131915
0.132026
0.132005
0.131736
0.131593
0.130571
0.130309
0.130943
0.135827
0.138015
0.132987
0.126111
0.140189
0.13578
0.134432
0.134995
0.12801
0.128296
0.128979
0.127787
0.139333
0.140798
0.141844
0.141515
0.139114
0.136178
0.135012
0.135858
0.126012
0.124451
0.126544
0.134113
0.135652
0.13453
0.134486
0.135149
0.135191
0.135296
0.134499
0.134652
0.13863
0.139884
0.14057
0.14102
0.140908
0.130931
0.132078
0.13251
0.131967
0.130918
0.125807
0.125115
0.126862
0.130165
0.130864
0.131063
0.130268
0.128614
0.132829
0.131973
0.132141
0.132188
0.132079
0.13183
0.131451
0.13125
0.13224
0.131853
0.137366
0.137181
0.13738
0.126359
0.139509
0.133765
0.133316
0.13502
0.127689
0.127779
0.127433
0.12941
0.138891
0.142763
0.144237
0.139396
0.138488
0.135876
0.142148
0.131779
0.125679
0.123777
0.123796
0.124946
0.134419
0.125654
0.12644
0.127654
0.127974
0.129684
0.132564
0.136677
0.138474
0.139324
0.140085
0.140624
0.140209
0.13013
0.131477
0.132194
0.131636
0.126449
0.125736
0.125052
0.129167
0.130447
0.131167
0.130915
0.130105
0.128696
0.133487
0.132278
0.132311
0.132138
0.131959
0.131861
0.131746
0.131917
0.132801
0.135138
0.13553
0.136054
0.124956
0.127273
0.139902
0.134201
0.132482
0.130197
0.127508
0.127277
0.126658
0.131147
0.137869
0.142668
0.14474
0.1392
0.1372
0.135641
0.144304
0.128498
0.125573
0.123047
0.121476
0.122846
0.124576
0.124176
0.124486
0.13091
0.129867
0.131274
0.135518
0.137502
0.138151
0.138765
0.139596
0.140276
0.127361
0.129212
0.130843
0.131853
0.131906
0.12562
0.125368
0.125743
0.130261
0.1309
0.131357
0.130831
0.130094
0.128924
0.135022
0.132551
0.131122
0.13078
0.130554
0.130348
0.130648
0.132441
0.13506
0.137818
0.136872
0.133933
0.129492
0.14025
0.13719
0.136355
0.131696
0.128795
0.127397
0.126936
0.126063
0.132999
0.138319
0.141776
0.141169
0.139419
0.136453
0.135211
0.135842
0.127751
0.125283
0.122459
0.120377
0.121045
0.123775
0.12296
0.125616
0.127447
0.128963
0.133919
0.136562
0.137779
0.138008
0.138203
0.139115
0.139951
0.12643
0.128341
0.13018
0.131442
0.130448
0.125638
0.124985
0.127458
0.130584
0.131329
0.131478
0.130878
0.130184
0.129255
0.136217
0.131955
0.131161
0.130701
0.130663
0.130966
0.131128
0.132474
0.136424
0.141008
0.138313
0.131214
0.129528
0.139565
0.135458
0.134385
0.130534
0.128316
0.127284
0.126414
0.126025
0.137989
0.140829
0.144087
0.139675
0.139368
0.136228
0.142124
0.13701
0.126996
0.124885
0.122395
0.120305
0.12049
0.122691
0.124331
0.12584
0.127692
0.129152
0.1303
0.13615
0.137474
0.137572
0.138074
0.138654
0.139653
0.12546
0.127538
0.129512
0.131144
0.12667
0.125562
0.125052
0.129695
0.130985
0.131663
0.131592
0.131017
0.130344
0.129651
0.135243
0.130799
0.131056
0.130781
0.13114
0.131912
0.133055
0.132598
0.135327
0.138526
0.135478
0.13199
0.131561
0.140037
0.135468
0.133474
0.128776
0.128097
0.127125
0.126625
0.12667
0.138594
0.142944
0.144506
0.139899
0.137623
0.136171
0.142584
0.135127
0.126833
0.123498
0.122485
0.120377
0.119529
0.121546
0.124811
0.126386
0.127925
0.129247
0.130365
0.13102
0.131984
0.136917
0.13771
0.138757
0.139526
0.139943
0.126875
0.128897
0.131392
0.125521
0.125324
0.125567
0.130724
0.131546
0.131873
0.131699
0.131191
0.130551
0.130118
0.135806
0.131304
0.130097
0.130325
0.131179
0.132224
0.133238
0.13436
0.138316
0.139513
0.13685
0.132114
0.139649
0.138858
0.137787
0.132816
0.128219
0.128263
0.126972
0.126594
0.129857
0.137381
0.141468
0.141316
0.141151
0.13542
0.136207
0.144556
0.134721
0.128412
0.124705
0.120923
0.119084
0.118769
0.123902
0.125681
0.126746
0.128009
0.129308
0.130515
0.131081
0.131727
0.132597
0.137484
0.138681
0.139692
0.140099
0.126353
0.128371
0.131124
0.125522
0.125073
0.126815
0.131153
0.132061
0.132082
0.131839
0.131354
0.130824
0.130595
0.135175
0.130848
0.131294
0.132216
0.133206
0.134001
0.13476
0.136487
0.140508
0.137546
0.134003
0.132864
0.139773
0.137528
0.136733
0.132305
0.12807
0.134176
0.127022
0.126327
0.132099
0.139265
0.143383
0.140406
0.135223
0.134694
0.142527
0.135467
0.135581
0.129658
0.126904
0.12518
0.122684
0.122529
0.123802
0.126066
0.126937
0.128108
0.12937
0.130657
0.131241
0.131756
0.132612
0.130666
0.138676
0.139869
0.140168
0.125903
0.127909
0.130726
0.125582
0.125069
0.129365
0.131652
0.132364
0.132322
0.132013
0.13149
0.131127
0.130716
0.135079
0.132312
0.13318
0.134496
0.135847
0.137591
0.139107
0.140227
0.139071
0.137446
0.133581
0.140033
0.140078
0.140842
0.135841
0.131907
0.12804
0.133514
0.127193
0.125993
0.138098
0.142839
0.145021
0.136479
0.134732
0.133272
0.142417
0.135373
0.138877
0.131451
0.128026
0.126415
0.124503
0.123787
0.12501
0.126355
0.127149
0.128245
0.129456
0.130797
0.131437
0.131872
0.132694
0.130944
0.138668
0.140015
0.140391
0.125724
0.127596
0.129293
0.12563
0.125328
0.131332
0.132236
0.132574
0.132509
0.132135
0.131533
0.131316
0.130827
0.136237
0.134041
0.134582
0.136036
0.13856
0.139849
0.14024
0.142493
0.138369
0.134899
0.1322
0.139935
0.142445
0.140016
0.13505
0.131594
0.128119
0.13316
0.131545
0.127755
0.135358
0.141369
0.142076
0.135924
0.134311
0.133641
0.142715
0.135871
0.139171
0.134246
0.129799
0.127763
0.126114
0.125095
0.125619
0.126674
0.127437
0.128442
0.129586
0.130973
0.131694
0.132094
0.132853
0.13112
0.138776
0.140192
0.140602
0.125391
0.127281
0.127576
0.12567
0.125741
0.131728
0.13266
0.13277
0.13264
0.132193
0.131558
0.131367
0.131108
0.132898
0.13464
0.136577
0.137979
0.139267
0.140622
0.143642
0.139313
0.137732
0.133434
0.140316
0.141876
0.142599
0.139363
0.134308
0.131385
0.128565
0.132779
0.129496
0.130036
0.137819
0.14224
0.137068
0.135494
0.133111
0.134466
0.145086
0.137762
0.139402
0.139727
0.132976
0.129636
0.127942
0.126656
0.126398
0.12716
0.127884
0.12876
0.129837
0.131254
0.132074
0.13249
0.133119
0.131063
0.139195
0.140525
0.140894
0.140191
0.126874
0.127841
0.12572
0.126293
0.131939
0.132887
0.132955
0.13276
0.13224
0.131585
0.131313
0.131417
0.133634
0.136465
0.13789
0.139073
0.140538
0.14344
0.139905
0.138156
0.133996
0.141145
0.142217
0.142287
0.142132
0.138692
0.133609
0.131321
0.134052
0.132
0.127005
0.131887
0.141494
0.144444
0.13686
0.135008
0.131323
0.143479
0.144596
0.137963
0.139327
0.139659
0.138772
0.132861
0.130094
0.128436
0.127398
0.127955
0.128568
0.129284
0.130275
0.131717
0.13264
0.133103
0.133426
0.130741
0.139702
0.14103
0.141324
0.14082
0.126138
0.127672
0.125791
0.127098
0.132273
0.133045
0.133133
0.132943
0.132301
0.131602
0.131499
0.131863
0.134056
0.139139
0.139321
0.141052
0.142838
0.140463
0.138643
0.137609
0.13284
0.142776
0.14189
0.142316
0.141707
0.137862
0.132959
0.131392
0.13341
0.131105
0.125734
0.133584
0.140294
0.142366
0.136623
0.134605
0.131347
0.143073
0.142913
0.137829
0.137037
0.140363
0.139551
0.138922
0.133398
0.130781
0.128888
0.129288
0.129451
0.13011
0.130979
0.132427
0.133439
0.133895
0.133589
0.130545
0.138922
0.141371
0.141766
0.141344
0.124773
0.127155
0.125829
0.128394
0.132713
0.133244
0.133309
0.133206
0.132357
0.131574
0.131747
0.132593
0.134874
0.140651
0.141362
0.142204
0.14045
0.138874
0.137749
0.134196
0.140893
0.14244
0.141912
0.142492
0.141124
0.136853
0.13246
0.131555
0.13289
0.130475
0.126307
0.135962
0.141933
0.13738
0.136214
0.133936
0.131222
0.145106
0.144184
0.13825
0.137492
0.140301
0.140231
0.139653
0.139287
0.13409
0.13126
0.131857
0.130946
0.131589
0.132203
0.133594
0.134642
0.134824
0.133428
0.130733
0.138778
0.13936
0.141768
0.141783
0.140379
0.126471
0.125653
0.129934
0.133003
0.133445
0.133509
0.13356
0.132351
0.131723
0.132229
0.133755
0.136092
0.14009
0.141368
0.140235
0.139072
0.138179
0.137567
0.133417
0.14041
0.142195
0.142063
0.142924
0.140333
0.135732
0.132204
0.134617
0.132458
0.129627
0.126712
0.135687
0.144349
0.137107
0.135703
0.131327
0.131931
0.145519
0.14459
0.141025
0.137358
0.137862
0.1406
0.14025
0.139798
0.13947
0.134571
0.136317
0.133528
0.133517
0.134219
0.135331
0.135747
0.134756
0.132467
0.130348
0.140195
0.140596
0.140789
0.142081
0.141134
0.12504
0.124769
0.129463
0.132834
0.133615
0.13384
0.134
0.132307
0.132102
0.133166
0.135141
0.138117
0.139796
0.139757
0.138919
0.138033
0.137479
0.134813
0.132268
0.140421
0.142004
0.142207
0.142322
0.139444
0.134724
0.132214
0.13269
0.131799
0.128077
0.129274
0.139569
0.137666
0.136544
0.135142
0.131571
0.143663
0.145615
0.144757
0.140903
0.137702
0.137631
0.138384
0.139603
0.140365
0.139964
0.139582
0.139418
0.139544
0.137094
0.136731
0.13597
0.135216
0.133936
0.132298
0.13049
0.142267
0.141705
0.14096
0.142115
0.141673
0.135338
0.12268
0.126817
0.131739
0.13361
0.134321
0.134654
0.132756
0.132773
0.134311
0.136612
0.139305
0.139862
0.138523
0.137794
0.137263
0.135475
0.13314
0.141053
0.142628
0.141881
0.14235
0.141503
0.138405
0.133915
0.132386
0.135828
0.131297
0.126609
0.131214
0.140516
0.137556
0.136059
0.13461
0.131687
0.145521
0.145582
0.144679
0.14083
0.138542
0.138194
0.138034
0.138704
0.138988
0.140613
0.140066
0.140287
0.139953
0.139535
0.139424
0.138688
0.137505
0.135563
0.133208
0.130271
0.14304
0.142613
0.141434
0.14067
0.141987
0.136214
0.120621
0.123923
0.129389
0.133098
0.134893
0.135796
0.13322
0.133676
0.1353
0.138517
0.13987
0.139978
0.137471
0.137034
0.136115
0.132777
0.129969
0.14063
0.142158
0.141949
0.142517
0.140436
0.1373
0.133365
0.132692
0.13371
0.130508
0.124857
0.135716
0.144991
0.137
0.135634
0.132791
0.132214
0.145786
0.145396
0.144257
0.1418
0.13807
0.137896
0.138206
0.138265
0.138684
0.138816
0.139856
0.137801
0.139826
0.139512
0.138702
0.137802
0.136918
0.135755
0.13395
0.132382
0.141394
0.142017
0.141902
0.141062
0.141956
0.136807
0.134907
0.122063
0.126489
0.131905
0.13405
0.13579
0.133994
0.135659
0.136491
0.139402
0.140184
0.140015
0.136763
0.136791
0.130946
0.131911
0.125764
0.140618
0.142255
0.142363
0.142433
0.13933
0.136364
0.133059
0.133196
0.133468
0.129605
0.123917
0.139491
0.137481
0.136511
0.135266
0.132165
0.134225
0.145853
0.145004
0.14341
0.141299
0.139697
0.13864
0.137343
0.137726
0.138332
0.13831
0.138094
0.138075
0.136981
0.13699
0.137955
0.13632
0.135909
0.135639
0.134592
0.134262
0.137586
0.139054
0.141213
0.140701
0.141423
0.137039
0.135581
0.13295
0.132823
0.130888
0.135008
0.137252
0.135428
0.139541
0.1406
0.142504
0.140491
0.140195
0.136566
0.13538
0.133356
0.13518
0.132919
0.140577
0.14065
0.142563
0.140712
0.138366
0.135667
0.132931
0.13317
0.133264
0.12861
0.136631
0.140372
0.137606
0.136071
0.134968
0.132884
0.145766
0.14567
0.144319
0.142254
0.140433
0.139299
0.138663
0.138357
0.138303
0.138226
0.137842
0.137668
0.138923
0.140538
0.142835
0.140443
0.135104
0.135886
0.136773
0.137424
0.14107
0.137407
0.135369
0.137598
0.140148
0.140061
0.136388
0.135595
0.133675
0.13351
0.134691
0.136835
0.139274
0.141214
0.141428
0.142244
0.142586
0.140479
0.134725
0.136935
0.137168
0.137153
0.137104
0.137257
0.140422
0.13984
0.142482
0.139124
0.137613
0.135218
0.132941
0.131673
0.135728
0.127313
0.13659
0.138663
0.137147
0.135645
0.134668
0.133838
0.146101
0.145188
0.143352
0.141188
0.139631
0.138717
0.138212
0.137917
0.137838
0.137832
0.13788
0.138121
0.137854
0.139174
0.14197
0.144755
0.145078
0.142936
0.140268
0.140924
0.143504
0.139156
0.13674
0.136502
0.138216
0.138183
0.135154
0.134373
0.133636
0.135741
0.13708
0.139396
0.141394
0.142863
0.142818
0.142892
0.142466
0.14
0.138103
0.138431
0.138308
0.137581
0.137925
0.138197
0.139587
0.138372
0.141608
0.138157
0.137082
0.134971
0.133067
0.131125
0.135829
0.135692
0.136557
0.134672
0.136722
0.135307
0.132294
0.135055
0.145813
0.144587
0.142456
0.140449
0.139114
0.138283
0.137704
0.137319
0.137125
0.137025
0.137021
0.137167
0.137625
0.139149
0.140329
0.141394
0.142119
0.142786
0.141674
0.141594
0.140257
0.139563
0.140259
0.138695
0.138111
0.139635
0.136003
0.13493
0.133611
0.136421
0.1401
0.141773
0.142945
0.143222
0.14307
0.142358
0.139524
0.14059
0.139355
0.138605
0.13801
0.13749
0.137019
0.139801
0.138267
0.142277
0.140168
0.137583
0.13674
0.134834
0.133349
0.131162
0.135787
0.135023
0.135886
0.133768
0.136318
0.135244
0.134407
0.136362
0.145151
0.144199
0.141955
0.140015
0.138764
0.137907
0.137312
0.136944
0.136805
0.136698
0.13693
0.137179
0.138592
0.139775
0.140738
0.141371
0.142366
0.143043
0.142098
0.140873
0.140298
0.137566
0.140119
0.140617
0.138258
0.136779
0.141601
0.137549
0.138714
0.137285
0.142196
0.144432
0.143173
0.137895
0.141015
0.141547
0.13973
0.13858
0.138007
0.136488
0.135007
0.133978
0.139751
0.142264
0.142194
0.141689
0.138904
0.137207
0.136503
0.134754
0.133874
0.13158
0.135766
0.134996
0.132863
0.137174
0.135908
0.135508
0.136348
0.136838
0.142645
0.141629
0.141648
0.139937
0.138686
0.137816
0.137218
0.136921
0.13674
0.136601
0.136999
0.137608
0.133494
0.134078
0.134229
0.132724
0.135167
0.131624
0.13102
0.131068
0.126184
0.138891
0.12515
0.128835
0.132078
0.139017
0.13979
0.138689
0.1379
0.139777
0.143973
0.143524
0.138727
0.137278
0.138274
0.137185
0.136049
0.134128
0.13317
0.133024
0.132274
0.13927
0.141897
0.142247
0.141935
0.141166
0.138049
0.137056
0.136463
0.134827
0.134905
0.136698
0.135805
0.135136
0.141062
0.136986
0.135611
0.135791
0.137066
0.143437
0.139225
0.140331
0.139123
0.140294
0.138913
0.13825
0.13757
0.137231
0.13659
0.135613
0.134416
0.134513
0.133043
0.133249
0.133622
0.133584
0.133075
0.131858
0.130988
0.131503
0.131537
0.120106
0.122517
0.130581
0.127703
0.131553
0.135631
0.132951
0.138482
0.133571
0.136752
0.136292
0.13265
0.136666
0.135418
0.133293
0.132638
0.1325
0.132501
0.130967
0.139046
0.141544
0.142148
0.142423
0.141598
0.140526
0.137663
0.136983
0.136436
0.135009
0.136794
0.13777
0.135627
0.137311
0.134493
0.136661
0.135669
0.136127
0.136983
0.139963
0.138671
0.138382
0.137977
0.138325
0.139546
0.137883
0.138004
0.137233
0.1364
0.135522
0.134114
0.133132
0.133156
0.133236
0.133321
0.13309
0.132517
0.131269
0.130058
0.130763
0.131536
0.133181
0.122022
0.120931
0.121906
0.132982
0.131291
0.120175
0.119399
0.132131
0.134461
0.13423
0.133898
0.131281
0.130892
0.132147
0.132382
0.132442
0.130956
0.138862
0.141622
0.142283
0.142626
0.141985
0.140795
0.139124
0.136912
0.136728
0.136168
0.135472
0.138885
0.135259
0.13528
0.138619
0.133513
0.136299
0.136073
0.136866
0.13734
0.139637
0.138652
0.144769
0.138464
0.139318
0.137521
0.137104
0.137804
0.137931
0.136928
0.136031
0.134362
0.133035
0.133085
0.133375
0.13337
0.133053
0.132567
0.131411
0.129208
0.128503
0.129322
0.131
0.126368
0.122805
0.129869
0.136947
0.136726
0.138439
0.140294
0.140657
0.13996
0.137464
0.132522
0.130036
0.129853
0.128802
0.130432
0.140233
0.140692
0.141618
0.142366
0.142831
0.142774
0.141759
0.140879
0.13646
0.134415
0.133334
0.133713
0.137176
0.139146
0.135069
0.132108
0.13849
0.134222
0.135467
0.136129
0.136846
0.13746
0.13984
0.140413
0.140624
0.138722
0.138876
0.139886
0.13693
0.137505
0.137927
0.137132
0.136873
0.13714
0.138292
0.13322
0.133568
0.133643
0.133305
0.132829
0.131981
0.130001
0.129164
0.129707
0.130855
0.125424
0.123055
0.134799
0.13566
0.138166
0.14037
0.139386
0.13959
0.139902
0.140014
0.140369
0.137563
0.140643
0.141284
0.141884
0.142398
0.142807
0.143016
0.143067
0.142896
0.142246
0.141159
0.140186
0.138275
0.136696
0.136904
0.137339
0.13824
0.140192
0.134467
0.13285
0.13914
0.136269
0.135748
0.137062
0.137786
0.138749
0.142591
0.140623
0.140714
0.143377
0.142399
0.137831
0.137039
0.136404
0.137678
0.137518
0.137154
0.137159
0.138122
0.135884
0.133566
0.133882
0.133593
0.133123
0.132562
0.130821
0.129885
0.13025
0.131151
0.126076
0.128677
0.134229
0.139047
0.140731
0.140207
0.139725
0.140051
0.140286
0.140403
0.139214
0.138212
0.141577
0.142286
0.142929
0.143175
0.143275
0.143287
0.143076
0.142577
0.141651
0.140946
0.136206
0.134485
0.134384
0.136823
0.138615
0.138454
0.14098
0.135679
0.135402
0.139363
0.136231
0.136183
0.137479
0.138425
0.139263
0.139738
0.140946
0.141925
0.141133
0.141903
0.143161
0.140193
0.137474
0.136288
0.137863
0.137817
0.137289
0.137525
0.135777
0.134025
0.134401
0.134309
0.133847
0.133321
0.132542
0.130964
0.131534
0.131561
0.126288
0.140654
0.140677
0.140525
0.140423
0.14031
0.140069
0.14026
0.140685
0.137741
0.131036
0.128946
0.142222
0.1429
0.14336
0.14341
0.14336
0.14316
0.142773
0.142162
0.141285
0.140294
0.13906
0.137383
0.136721
0.13689
0.138285
0.13742
0.141059
0.131585
0.136785
0.138382
0.13612
0.137023
0.137847
0.138789
0.139609
0.13867
0.139377
0.139894
0.140384
0.141699
0.140738
0.14208
0.142002
0.138807
0.13689
0.138423
0.138706
0.137084
0.133909
0.134038
0.134588
0.134846
0.134643
0.134292
0.133881
0.13308
0.131728
0.132088
0.129275
0.14146
0.141326
0.139913
0.139704
0.139846
0.139982
0.140162
0.140329
0.140802
0.141359
0.141904
0.142524
0.142919
0.143304
0.143384
0.143187
0.142719
0.141949
0.140961
0.139623
0.1382
0.137174
0.136802
0.137081
0.136787
0.136703
0.136276
0.139329
0.132683
0.138461
0.136476
0.136249
0.137503
0.13792
0.139119
0.13984
0.13781
0.140249
0.140328
0.140483
0.140461
0.141272
0.140355
0.140677
0.142617
0.140317
0.138332
0.139129
0.138135
0.134837
0.133998
0.134158
0.13486
0.134864
0.134542
0.134209
0.133783
0.132059
0.131521
0.133447
0.139368
0.141061
0.140009
0.139637
0.13965
0.13987
0.140429
0.141034
0.141789
0.142462
0.142836
0.14296
0.143187
0.143366
0.143303
0.142935
0.142199
0.141151
0.139961
0.138377
0.136799
0.135441
0.135733
0.136593
0.136641
0.136345
0.136021
0.138583
0.134668
0.138911
0.136158
0.136707
0.137442
0.137951
0.139604
0.140431
0.136794
0.139549
0.139432
0.139826
0.140261
0.140849
0.141408
0.14023
0.139985
0.143172
0.141528
0.136186
0.135853
0.136867
0.136246
0.135241
0.134895
0.135308
0.134964
0.134498
0.13412
0.132504
0.133596
0.13133
0.137754
0.140512
0.140191
0.139573
0.139691
0.140206
0.140757
0.141544
0.142033
0.142516
0.142662
0.14292
0.144156
0.139682
0.14288
0.14298
0.142253
0.141105
0.139711
0.137529
0.135628
0.134424
0.134878
0.135997
0.136259
0.135899
0.135959
0.138723
0.136443
0.139688
0.134965
0.136932
0.136524
0.138229
0.140178
0.140807
0.139675
0.139751
0.138965
0.139121
0.139887
0.139532
0.14045
0.140293
0.139108
0.14206
0.139185
0.138968
0.138044
0.138736
0.137993
0.137085
0.136942
0.137002
0.136763
0.136882
0.137059
0.136475
0.13453
0.130659
0.136711
0.140831
0.14036
0.140121
0.139931
0.140109
0.127737
0.129314
0.132629
0.132696
0.132938
0.13376
0.135061
0.134678
0.1328
0.14273
0.142266
0.140636
0.138903
0.136395
0.133896
0.133468
0.134661
0.135663
0.135565
0.135219
0.136025
0.13959
0.138939
0.140857
0.134394
0.135477
0.135534
0.139005
0.140415
0.140647
0.140267
0.139692
0.136451
0.138596
0.135916
0.135604
0.138466
0.140226
0.140887
0.140961
0.14061
0.140014
0.139385
0.138932
0.138398
0.138048
0.137571
0.136247
0.135321
0.13627
0.134916
0.129768
0.12814
0.133532
0.135365
0.14037
0.140729
0.136616
0.127889
0.136528
0.133178
0.134551
0.134474
0.135252
0.135183
0.138242
0.137579
0.136772
0.137581
0.14258
0.140755
0.138298
0.134846
0.13237
0.132768
0.133954
0.134795
0.134747
0.134298
0.135509
0.136772
0.14109
0.139874
0.140237
0.13584
0.132786
0.135469
0.139454
0.139281
0.138359
0.140418
0.139365
0.139569
0.140176
0.140796
0.141174
0.141379
0.141521
0.141596
0.141464
0.141017
0.140331
0.13958
0.138948
0.138374
0.137936
0.13734
0.135305
0.133018
0.13224
0.132001
0.131669
0.131004
0.132775
0.134113
0.138239
0.136501
0.135288
0.134532
0.135269
0.136432
0.136569
0.136779
0.136583
0.135403
0.133964
0.131948
0.130554
0.139125
0.13819
0.137493
0.139382
0.134202
0.133421
0.133807
0.134106
0.133873
0.13322
0.138518
0.134563
0.137055
0.140738
0.139597
0.137384
0.135053
0.132016
0.136841
0.140356
0.140751
0.137171
0.135753
0.136825
0.13873
0.140047
0.140975
0.14124
0.141345
0.141409
0.14143
0.141346
0.141109
0.140466
0.139663
0.139372
0.138682
0.13797
0.136835
0.134744
0.132695
0.131819
0.131703
0.132716
0.132066
0.136249
0.132121
0.134057
0.13744
0.137728
0.136742
0.136725
0.12918
0.125946
0.127596
0.126875
0.126625
0.126857
0.127533
0.128167
0.128862
0.129554
0.12941
0.129472
0.129777
0.130283
0.138964
0.131154
0.131778
0.137587
0.134649
0.134439
0.137055
0.139173
0.139027
0.136317
0.133624
0.13259
0.139407
0.140367
0.138661
0.135625
0.135118
0.135333
0.13776
0.139533
0.1407
0.140881
0.140925
0.140956
0.140988
0.140991
0.140903
0.140631
0.140107
0.139784
0.139153
0.138157
0.136483
0.134336
0.132907
0.132457
0.132776
0.132881
0.134433
0.13628
0.14169
0.140107
0.137693
0.13791
0.138525
0.13681
0.138756
0.136488
0.136475
0.136827
0.138491
0.139537
0.139529
0.139572
0.139318
0.135636
0.13295
0.132232
0.132484
0.132723
0.132727
0.132256
0.131364
0.135861
0.134233
0.137013
0.13714
0.134528
0.136309
0.134279
0.133425
0.137398
0.13985
0.138584
0.138663
0.140229
0.138037
0.138385
0.139179
0.139888
0.140253
0.140336
0.140317
0.140352
0.140434
0.140516
0.140536
0.140443
0.140205
0.139402
0.138557
0.136942
0.134834
0.133354
0.132676
0.132719
0.131888
0.132468
0.13468
0.136342
0.138215
0.132198
0.138038
0.138026
0.138495
0.138886
0.139031
0.139247
0.139299
0.139276
0.136817
0.133039
0.131226
0.131051
0.131272
0.131579
0.131864
0.132105
0.132268
0.132273
0.132056
0.131566
0.130861
0.13512
0.133922
0.136969
0.135246
0.130892
0.135974
0.123775
0.142991
0.140591
0.141681
0.13768
0.133602
0.138945
0.139044
0.139011
0.139063
0.139175
0.139298
0.139429
0.139518
0.139583
0.139705
0.139854
0.139953
0.139961
0.139809
0.138446
0.137071
0.134992
0.133414
0.132628
0.132615
0.132263
0.13183
0.133291
0.134533
0.136227
0.13541
0.136955
0.137458
0.137663
0.138087
0.138511
0.132072
0.139125
0.13926
0.137522
0.131505
0.131106
0.131094
0.131256
0.131451
0.131616
0.131738
0.131821
0.131821
0.131679
0.131361
0.130967
0.137747
0.134712
0.136701
0.136531
0.134844
0.129803
0.131862
0.129764
0.142581
0.141454
0.141251
0.13735
0.138264
0.138496
0.138347
0.138129
0.138042
0.138043
0.138143
0.138336
0.138553
0.138736
0.138883
0.139014
0.139118
0.139115
0.138966
0.136939
0.134954
0.133248
0.132499
0.132498
0.132523
0.132348
0.132189
0.133829
0.134298
0.136026
0.135263
0.134791
0.135727
0.136832
0.137375
0.137209
0.130733
0.138805
0.138984
0.139398
0.131278
0.131196
0.131234
0.131308
0.131356
0.131366
0.131344
0.131274
0.13114
0.130853
0.130499
0.1302
0.135416
0.136554
0.1364
0.136324
0.134588
0.127761
0.130856
0.12208
0.139628
0.141561
0.13992
0.138116
0.137545
0.13773
0.137393
0.13713
0.136956
0.136933
0.137052
0.137275
0.137554
0.137829
0.138048
0.138204
0.138246
0.138164
0.137885
0.135333
0.133297
0.132366
0.13233
0.132598
0.132764
0.133009
0.132721
0.133684
0.134218
0.136154
0.135448
0.134223
0.134245
0.135022
0.135408
0.133722
0.132118
0.131892
0.13162
0.138158
0.139032
0.13099
0.130959
0.130986
0.131004
0.130968
0.130843
0.130647
0.130332
0.129898
0.128263
0.134707
0.136428
0.136277
0.13636
0.136259
0.134761
0.128158
0.131337
0.123929
0.137035
0.139697
0.139499
0.139359
0.137011
0.136764
0.136412
0.13618
0.136056
0.136083
0.136226
0.13646
0.136755
0.137066
0.137358
0.137568
0.13764
0.137544
0.137026
0.133477
0.132252
0.132123
0.132339
0.132367
0.132252
0.132178
0.131529
0.132813
0.135953
0.137517
0.136266
0.134213
0.133486
0.133938
0.136192
0.134878
0.133503
0.13265
0.132151
0.132107
0.132393
0.132825
0.133326
0.133835
0.134218
0.134484
0.134723
0.134959
0.135175
0.13536
0.135538
0.135726
0.135899
0.136091
0.136314
0.136457
0.135425
0.13049
0.12936
0.130324
0.137667
0.139589
0.139671
0.139839
0.136553
0.136
0.135776
0.135619
0.135563
0.135626
0.135782
0.136011
0.136291
0.136598
0.136884
0.137094
0.137182
0.136988
0.135728
0.132139
0.131965
0.132034
0.131668
0.131029
0.130282
0.129499
0.128878
0.132796
0.136091
0.136601
0.137575
0.136422
0.134215
0.133958
0.136863
0.136003
0.135169
0.134098
0.133442
0.133038
0.132843
0.132738
0.132645
0.132592
0.132584
0.132656
0.132832
0.13313
0.13351
0.133961
0.134416
0.134864
0.135274
0.135664
0.136069
0.136477
0.136122
0.132214
0.127791
0.13453
0.137714
0.139088
0.140945
0.140062
0.137043
0.135418
0.135336
0.135227
0.135222
0.135314
0.13548
0.135707
0.13597
0.136246
0.136496
0.136681
0.136708
0.135829
0.133605
0.131779
0.131852
0.131184
0.130105
0.129027
0.127306
0.124595
0.123897
0.128764
0.135881
0.137014
0.138916
0.138862
0.136211
0.1354
0.137033
0.136714
0.136369
0.135452
0.134497
0.133577
0.132917
0.132473
0.13219
0.13204
0.131997
0.132044
0.132192
0.132442
0.132796
0.133224
0.133681
0.134154
0.134645
0.135159
0.135703
0.136253
0.136118
0.132917
0.128843
0.134822
0.140314
0.139166
0.140564
0.140161
0.136176
0.134874
0.134812
0.134797
0.13485
0.134971
0.135148
0.135371
0.135621
0.135863
0.136092
0.136258
0.135786
0.133741
0.132048
0.131712
0.131181
0.129851
0.128717
0.126554
0.122389
0.120668
0.125138
0.133272
0.131848
0.13569
0.138865
0.139249
0.135374
0.134749
0.136832
0.137018
0.136821
0.136231
0.135225
0.134019
0.133084
0.132464
0.132077
0.131828
0.131698
0.131667
0.131732
0.1319
0.132185
0.132544
0.132967
0.133417
0.133928
0.134524
0.135212
0.135954
0.136115
0.13356
0.127582
0.134956
0.132942
0.140187
0.139881
0.14001
0.137501
0.134773
0.134223
0.134297
0.13442
0.134576
0.134765
0.134981
0.135218
0.135462
0.135705
0.135605
0.134031
0.132028
0.131464
0.131379
0.130212
0.128964
0.126354
0.121124
0.119736
0.121595
0.124461
0.12498
0.127156
0.13137
0.136733
0.135493
0.135927
0.134569
0.136337
0.137253
0.137609
0.136929
0.135837
0.134609
0.133647
0.132839
0.132243
0.131839
0.131572
0.131427
0.131388
0.131468
0.13174
0.131547
0.131174
0.13146
0.132026
0.13274
0.133493
0.134103
0.133902
0.131044
0.127848
0.13508
0.134602
0.138608
0.137706
0.138694
0.137951
0.135876
0.133749
0.133711
0.133903
0.134112
0.134326
0.134547
0.134795
0.135088
0.135258
0.134367
0.132297
0.131132
0.131281
0.130818
0.129637
0.127281
0.121329
0.121966
0.125676
0.126747
0.126807
0.12859
0.127668
0.127589
0.131161
0.135926
0.1341
0.13432
0.135978
0.137716
0.137489
0.136343
0.135514
0.134383
0.133198
0.132222
0.131592
0.130791
0.12994
0.129828
0.129917
0.130146
0.130506
0.130967
0.131516
0.132119
0.132777
0.13342
0.133931
0.134048
0.132908
0.12954
0.129131
0.132978
0.131475
0.139788
0.134552
0.135328
0.137771
0.135413
0.134249
0.133195
0.133292
0.133536
0.13382
0.134081
0.134377
0.134699
0.134513
0.132867
0.131112
0.130598
0.131132
0.130361
0.12886
0.123312
0.122279
0.130621
0.123691
0.124364
0.132557
0.131716
0.130739
0.127462
0.136474
0.136209
0.134657
0.134087
0.136034
0.136586
0.136525
0.136051
0.135182
0.133951
0.131946
0.131164
0.13072
0.130472
0.130425
0.130528
0.130761
0.13112
0.131575
0.132082
0.132605
0.133109
0.133572
0.133924
0.133992
0.133342
0.131214
0.128775
0.135085
0.141659
0.131521
0.135502
0.13395
0.133911
0.135754
0.135827
0.135006
0.134135
0.132693
0.132814
0.133107
0.133442
0.133828
0.134131
0.133487
0.131631
0.130261
0.130168
0.13087
0.130122
0.126783
0.12132
0.128401
0.123897
0.128234
0.121514
0.125852
0.128681
0.134968
0.13831
0.137167
0.134644
0.135354
0.133809
0.134114
0.135451
0.136135
0.136
0.134231
0.133245
0.132576
0.132052
0.131696
0.131501
0.131508
0.131661
0.13193
0.132293
0.132692
0.133082
0.133437
0.133722
0.133897
0.133828
0.133291
0.131845
0.129297
0.132595
0.137972
0.138297
0.123454
0.123232
0.13493
0.12798
0.135283
0.134427
0.134704
0.135319
0.134623
0.133324
0.132542
0.13287
0.133355
0.133622
0.132614
0.130729
0.129607
0.129789
0.130418
0.129267
0.124535
0.123689
0.126181
0.125641
0.128743
0.1314
0.134456
0.132031
0.135329
0.132922
0.130499
0.136986
0.13431
0.133145
0.133697
0.135248
0.135959
0.134507
0.133939
0.133489
0.13307
0.132738
0.132515
0.132419
0.132474
0.132635
0.132859
0.133123
0.13337
0.133575
0.133706
0.133716
0.133525
0.132997
0.131908
0.129972
0.128556
0.137744
0.139049
0.137025
0.133242
0.127507
0.13027
0.125997
0.12564
0.125129
0.124991
0.125317
0.126054
0.135342
0.134805
0.132665
0.132547
0.132897
0.131986
0.129987
0.128799
0.128839
0.129358
0.139599
0.141129
0.139504
0.141338
0.131152
0.124666
0.129226
0.135073
0.134277
0.136013
0.132426
0.129762
0.128435
0.133953
0.132199
0.133776
0.135126
0.134027
0.134044
0.133819
0.133571
0.133333
0.133156
0.133043
0.133015
0.133083
0.133284
0.13371
0.134433
0.135075
0.135379
0.135399
0.13513
0.134466
0.133471
0.131866
0.130183
0.133309
0.143188
0.133297
0.130239
0.134605
0.128524
0.134871
0.122633
0.122202
0.122152
0.122155
0.122477
0.122736
0.12298
0.124452
0.125456
0.126763
0.128286
0.129958
0.131346
0.130728
0.124962
0.138529
0.127472
0.133114
0.134658
0.134519
0.135562
0.134483
0.135418
0.131846
0.135471
0.137461
0.131622
0.129572
0.129277
0.128273
0.132988
0.134037
0.133459
0.133696
0.133832
0.13377
0.133526
0.133398
0.13339
0.134585
0.135658
0.13601
0.136159
0.13625
0.136276
0.13621
0.136024
0.135694
0.135177
0.134401
0.133282
0.131864
0.131595
0.129071
0.1322
0.12609
0.128636
0.129049
0.128895
0.136592
0.124257
0.125043
0.122439
0.122149
0.122383
0.123188
0.124286
0.125307
0.126321
0.127528
0.128695
0.129923
0.130667
0.128696
0.122381
0.12302
0.125879
0.129782
0.132654
0.132983
0.133438
0.138036
0.13608
0.129901
0.13795
0.138121
0.131251
0.129019
0.128047
0.12744
0.138822
0.13476
0.13327
0.133538
0.133661
0.13363
0.1335
0.134646
0.135905
0.136112
0.136181
0.136215
0.136212
0.136153
0.136015
0.135784
0.13544
0.135009
0.134516
0.133845
0.132744
0.131905
0.135016
0.127096
0.126541
0.134056
0.130403
0.129675
0.1289
0.136269
0.132864
0.133251
0.125855
0.124117
0.123525
0.123861
0.124648
0.125668
0.126852
0.128074
0.129376
0.129933
0.130117
0.126511
0.12105
0.121797
0.124198
0.128103
0.131347
0.132525
0.132286
0.131389
0.129394
0.129757
0.13559
0.136523
0.129667
0.126721
0.125678
0.125487
0.125122
0.138031
0.13382
0.133473
0.133546
0.133511
0.133829
0.135866
0.136092
0.13612
0.136108
0.136061
0.135974
0.135835
0.135639
0.135429
0.135262
0.13502
0.134331
0.133314
0.132463
0.134296
0.126376
0.122989
0.129361
0.131321
0.131862
0.129636
0.128869
0.129248
0.135169
0.133148
0.134139
0.132838
0.126131
0.125933
0.125788
0.126227
0.1272
0.128508
0.129759
0.13063
0.129603
0.125361
0.12043
0.120585
0.121882
0.125612
0.1284
0.131352
0.133216
0.131399
0.129649
0.129295
0.133619
0.135057
0.126094
0.124526
0.124716
0.124448
0.124897
0.125619
0.137612
0.133736
0.133507
0.133422
0.134737
0.135953
0.136009
0.136004
0.135943
0.135851
0.135739
0.135641
0.135614
0.135638
0.135427
0.134775
0.133867
0.133065
0.134127
0.132302
0.121547
0.125975
0.12981
0.132825
0.13512
0.129378
0.13351
0.135021
0.136998
0.137103
0.135979
0.134222
0.133168
0.127083
0.126346
0.126089
0.126809
0.128067
0.129529
0.130708
0.130559
0.125644
0.120301
0.11945
0.120996
0.123686
0.126368
0.128055
0.129352
0.130191
0.12904
0.126695
0.133625
0.133758
0.123913
0.124281
0.12407
0.124424
0.126284
0.128855
0.128959
0.137124
0.133713
0.133432
0.134304
0.135883
0.135881
0.135907
0.135829
0.13576
0.135767
0.135871
0.135966
0.135868
0.135388
0.134601
0.133722
0.134001
0.132059
0.130476
0.120155
0.133766
0.128509
0.132709
0.134091
0.130586
0.133948
0.135872
0.137492
0.137949
0.137741
0.137052
0.135883
0.133411
0.128413
0.127786
0.12727
0.127753
0.128346
0.129845
0.130568
0.128802
0.123373
0.120745
0.118125
0.119159
0.120958
0.123013
0.124605
0.124639
0.123472
0.121792
0.133088
0.133892
0.124109
0.124109
0.124608
0.12729
0.130609
0.130295
0.129548
0.128661
0.130869
0.133802
0.134044
0.13583
0.135872
0.135801
0.135933
0.136096
0.136316
0.136478
0.136487
0.136241
0.13565
0.134716
0.134254
0.133075
0.131835
0.130638
0.121196
0.13057
0.136069
0.132043
0.131221
0.131209
0.129849
0.134617
0.137214
0.138093
0.138296
0.13812
0.137625
0.136682
0.133986
0.12883
0.127517
0.126338
0.125657
0.125907
0.126016
0.125835
0.123252
0.119515
0.121505
0.117958
0.116948
0.117176
0.117911
0.11902
0.12004
0.120463
0.123346
0.123844
0.1247
0.127442
0.131115
0.131185
0.130493
0.129697
0.128934
0.128287
0.127783
0.126593
0.13453
0.136098
0.136101
0.136284
0.136676
0.136922
0.137049
0.1371
0.13711
0.136922
0.136291
0.135343
0.134838
0.133544
0.132758
0.132535
0.125329
0.132942
0.135143
0.134028
0.134692
0.131995
0.130076
0.129418
0.12953
0.137985
0.13847
0.138477
0.13831
0.137883
0.136825
0.133696
0.126747
0.12492
0.124413
0.124501
0.124564
0.124618
0.124622
0.124188
0.124314
0.124377
0.124476
0.124627
0.124808
0.12512
0.126323
0.130086
0.131305
0.131364
0.131328
0.130951
0.130998
0.128193
0.127119
0.126639
0.131126
0.128378
0.127685
0.12714
0.126174
0.132729
0.137543
0.137782
0.137812
0.137464
0.137311
0.137284
0.137254
0.136943
0.136506
0.136262
0.13607
0.134434
0.133371
0.133132
0.12741
0.135194
0.137665
0.133824
0.13523
0.132166
0.129961
0.130026
0.1305
0.130862
0.138867
0.138723
0.138559
0.138327
0.13782
0.135929
0.126869
0.12311
0.123427
0.123772
0.123947
0.12407
0.124188
0.124259
0.1239
0.124038
0.124223
0.124476
0.124842
0.125409
0.126252
0.127414
0.128848
0.129311
0.129647
0.129866
0.1252
0.124593
0.124384
0.124338
0.124318
0.124233
0.124068
0.123912
0.124016
0.124469
0.125277
0.133134
0.136989
0.137074
0.136653
0.136466
0.136311
0.136314
0.136803
0.13759
0.137458
0.135112
0.133974
0.134145
0.132665
0.133358
0.134253
0.135488
0.134947
0.132367
0.131035
0.132193
0.133134
0.133371
0.140263
0.139195
0.138523
0.137921
0.137305
0.134822
0.132525
0.121471
0.122698
0.123179
0.123394
0.123524
0.12366
0.123781
0.124133
0.124295
0.12445
0.124593
0.124727
0.124876
0.125082
0.125462
0.126538
0.126717
0.127301
0.12765
0.12732
0.124781
0.125001
0.124935
0.12438
0.123339
0.122875
0.12274
0.12271
0.122881
0.12343
0.124522
0.126638
0.134106
0.137433
0.138565
0.138683
0.137494
0.137303
0.138095
0.13853
0.136766
0.135859
0.13496
0.136102
0.133637
0.132644
0.136233
0.136418
0.135351
0.134844
0.135183
0.135264
0.135338
0.141926
0.139429
0.137903
0.13654
0.134917
0.132552
0.131389
0.120127
0.122225
0.122896
0.123293
0.12358
0.123773
0.12396
0.126449
0.126637
0.126797
0.126934
0.127048
0.127157
0.12727
0.127403
0.128078
0.128296
0.129303
0.12603
0.125863
0.125978
0.125981
0.125861
0.125639
0.125331
0.124972
0.124628
0.12434
0.124162
0.124159
0.124358
0.124852
0.125678
0.127182
0.13496
0.134867
0.134715
0.137948
0.13771
0.138559
0.137586
0.137639
0.133215
0.135473
0.135625
0.135094
0.137172
0.137317
0.135454
0.13526
0.134907
0.134799
0.134884
0.139513
0.137417
0.13588
0.134747
0.132966
0.130658
0.128384
0.120093
0.123199
0.124186
0.124947
0.125502
0.12589
0.126213
0.127003
0.126778
0.126546
0.126305
0.126065
0.125808
0.125552
0.125456
0.124905
0.126507
0.131088
0.12903
0.129114
0.129027
0.128801
0.128466
0.128053
0.127562
0.127016
0.126478
0.126008
0.125658
0.125483
0.125491
0.125701
0.126172
0.126887
0.127287
0.131874
0.133201
0.133689
0.13698
0.136273
0.136244
0.139537
0.138561
0.136958
0.137377
0.134899
0.135118
0.135133
0.134575
0.134825
0.134795
0.134957
0.135538
0.133573
0.132427
0.131828
0.131226
0.130036
0.128297
0.126197
0.118868
0.12514
0.12651
0.127104
0.12733
0.12734
0.127203
0.119813
0.118799
0.118463
0.118415
0.118511
0.118692
0.118938
0.119187
0.119927
0.120265
0.132307
0.13235
0.132337
0.132105
0.131701
0.131178
0.130586
0.129943
0.129279
0.128648
0.128079
0.127614
0.127318
0.127216
0.127305
0.127621
0.128062
0.128644
0.128589
0.129829
0.131841
0.133118
0.134611
0.135664
0.140178
0.13931
0.139552
0.140198
0.134867
0.133912
0.134466
0.134524
0.135406
0.135699
0.136237
0.131488
0.129628
0.128943
0.128636
0.128371
0.127969
0.127061
0.125948
0.120755
0.127355
0.128012
0.127819
0.127172
0.125515
0.122203
0.118779
0.118888
0.119106
0.119389
0.11971
0.120063
0.12046
0.120821
0.121776
0.122087
0.13498
0.134849
0.134764
0.134463
0.133968
0.133337
0.132646
0.131933
0.131255
0.130665
0.130178
0.12981
0.129563
0.129403
0.129295
0.129336
0.129547
0.129949
0.129812
0.127847
0.13065
0.132428
0.133555
0.135066
0.139921
0.139125
0.141081
0.140884
0.131175
0.134099
0.13496
0.135547
0.136404
0.136984
0.130694
0.128392
0.127772
0.127507
0.127625
0.127936
0.128012
0.127172
0.126495
0.126482
0.128538
0.128197
0.126435
0.122115
0.119661
0.118912
0.119109
0.119369
0.119677
0.120031
0.120417
0.120823
0.121265
0.121636
0.122625
0.122755
0.136132
0.135979
0.135849
0.135516
0.134973
0.134272
0.13349
0.132684
0.131911
0.131213
0.130553
0.129962
0.129458
0.12908
0.128824
0.128751
0.128764
0.1289
0.129031
0.11865
0.129462
0.132079
0.134228
0.13566
0.140006
0.132456
0.141681
0.13374
0.12841
0.134578
0.13535
0.135726
0.137597
0.129154
0.127922
0.127582
0.127474
0.127637
0.128127
0.128669
0.128756
0.127731
0.127018
0.128501
0.128629
0.127276
0.123061
0.119981
0.119085
0.118959
0.119197
0.119502
0.11984
0.120214
0.120632
0.121078
0.121595
0.122022
0.123249
0.122748
0.135762
0.135744
0.135567
0.135192
0.134627
0.133908
0.133096
0.132236
0.13135
0.130468
0.129518
0.128601
0.127755
0.127084
0.126657
0.126496
0.12653
0.126784
0.127336
0.128103
0.128861
0.131949
0.134312
0.134269
0.136261
0.131961
0.132856
0.133997
0.126624
0.134678
0.135462
0.131244
0.12899
0.128728
0.128585
0.128488
0.128418
0.128431
0.12869
0.129158
0.129416
0.128208
0.127527
0.128651
0.128079
0.126231
0.12161
0.119261
0.118848
0.118946
0.119043
0.119268
0.119546
0.11985
0.120235
0.120684
0.121289
0.121885
0.123837
0.120912
0.133536
0.1343
0.134143
0.133797
0.133315
0.132736
0.132106
0.131464
0.130808
0.13019
0.129472
0.128788
0.128084
0.127477
0.127098
0.127103
0.12754
0.128259
0.129067
0.130348
0.131235
0.132902
0.135304
0.13482
0.136578
0.13243
0.133746
0.127867
0.12989
0.134504
0.13357
0.130897
0.131333
0.131687
0.131781
0.131703
0.131585
0.131528
0.131665
0.131316
0.12932
0.12251
0.127891
0.127965
0.127466
0.126962
0.125306
0.121186
0.119076
0.118874
)
;
    }
    front
    {
        type            cyclic;
    }
    back
    {
        type            cyclic;
    }
}


// ************************************************************************* //
