/*--------------------------------*- C++ -*----------------------------------*\
  =========                 |
  \\      /  F ield         | OpenFOAM: The Open Source CFD Toolbox
   \\    /   O peration     | Website:  https://openfoam.org
    \\  /    A nd           | Version:  13
     \\/     M anipulation  |
\*---------------------------------------------------------------------------*/
FoamFile
{
    format      ascii;
    class       volScalarField;
    location    "0.5";
    object      tw_n_sigma;
}
// * * * * * * * * * * * * * * * * * * * * * * * * * * * * * * * * * * * * * //

dimensions      [];

internalField   uniform 0;

boundaryField
{
    inlet
    {
        type            cyclic;
    }
    outlet
    {
        type            cyclic;
    }
    top
    {
        type            calculated;
        value           nonuniform List<scalar> 
7200
(
0.98192
0.997582
1.06884
1.07803
1.07054
1.06163
1.05699
1.05854
1.06955
1.08718
1.10802
1.12698
1.14397
1.16901
1.19328
1.2048
1.2014
1.18909
1.18855
1.18919
1.18253
1.16514
1.14751
1.15806
1.16881
1.17388
1.21943
1.24616
1.23242
1.17809
1.08839
1.15488
1.16504
0.88008
1.13175
1.15933
1.07225
0.958207
0.928467
0.892256
0.885932
0.88497
0.889703
0.901386
0.921195
0.940044
0.954709
0.965332
0.971131
0.97108
0.977175
0.966027
0.91318
0.846133
0.695044
1.04006
1.04485
1.06611
1.03902
0.938016
0.860069
1.00638
1.0292
1.03066
1.02427
1.0174
1.01572
1.01703
1.0283
1.04648
1.06368
1.08198
1.09709
1.12156
1.14624
1.16158
1.15936
1.137
1.13297
1.13181
1.1257
1.10328
1.07613
1.07062
1.07125
1.06705
1.11201
1.17316
1.16969
1.09181
0.812955
1.0239
1.18144
1.10425
1.16424
1.09322
0.903688
0.882274
0.897622
0.877769
0.871475
0.870912
0.876738
0.890486
0.913677
0.93393
0.949196
0.959575
0.963863
0.959402
0.961281
0.944261
0.847449
0.763663
1.02472
1.05556
1.0585
1.06872
1.07206
0.953536
0.976836
1.00631
1.00536
0.998281
0.987291
0.970343
0.965388
0.976851
0.996958
1.02389
1.05172
1.07741
1.09697
1.12191
1.14605
1.16537
1.16949
1.14883
1.14445
1.1435
1.14173
1.12772
1.09219
1.05343
0.849811
0.938063
0.910649
1.0523
1.13171
1.11479
0.690215
0.972327
1.1225
1.16835
1.12647
0.959955
0.897352
0.9089
0.877074
0.854002
0.850314
0.850339
0.858003
0.876058
0.902146
0.922877
0.938454
0.946757
0.94373
0.924661
0.866261
0.755823
0.684279
1.04797
1.06278
1.07164
1.06866
1.06197
1.08081
1.02013
0.984652
0.983354
0.949352
0.868404
0.801321
0.955968
0.990849
0.840533
0.823478
0.780433
1.02975
1.07825
1.18544
1.26645
1.27726
1.24707
1.33326
1.21689
1.2184
1.22385
1.20253
1.05939
1.04617
0.964221
1.01236
1.01216
0.991039
0.957752
0.738702
0.795341
0.992829
1.0051
1.17635
1.15869
0.974234
0.948359
0.911477
0.886288
0.847011
0.821458
0.819883
0.822931
0.83838
0.865121
0.889244
0.909318
0.923661
0.926526
0.909686
0.854765
0.965477
1.07892
1.07372
1.04774
1.06623
1.06782
1.06475
1.04989
1.07574
1.02166
0.9149
0.989625
0.905504
0.916714
0.937178
0.948097
0.946291
0.943001
0.932493
0.926455
0.933845
0.957466
0.867407
0.939712
1.02764
1.08093
1.10285
1.09757
1.05195
0.947437
0.820452
0.959371
0.924024
0.937841
0.968917
1.00252
1.03682
1.03513
1.00958
1.04451
1.11684
1.02727
1.03159
0.991816
0.962676
0.915551
0.882739
0.850876
0.799584
0.764541
0.769955
0.791453
0.826058
0.854087
0.880645
0.902286
0.91401
0.910747
0.880955
0.779688
1.08854
1.0932
1.09282
1.06055
1.04168
0.98709
0.813745
1.01559
0.846393
0.920238
0.955746
0.99532
1.02368
1.04792
1.0587
1.05518
1.04167
1.03074
1.0144
0.996523
0.976191
0.959862
0.960124
0.968059
0.997941
0.860744
1.00062
0.992965
0.902957
0.877042
0.899267
0.932837
0.932786
0.875227
0.83374
0.999614
1.01855
0.789862
1.12668
1.06905
1.04533
1.01106
0.950327
0.969385
0.929439
0.886009
0.84687
0.797182
0.717015
0.656586
0.692201
0.757732
0.823584
0.87374
0.910582
0.934369
0.947739
0.950864
0.933077
0.863817
1.09812
0.865692
0.957135
0.964855
0.977006
0.980852
0.984143
0.991075
0.978136
1.00573
1.06329
1.08905
1.10207
1.1125
1.11593
1.10211
1.07795
1.06623
1.04614
1.01013
1.06363
0.993708
0.921397
1.04908
1.10435
1.1354
1.15742
1.16107
1.15739
1.16068
1.16738
1.17037
1.17516
1.17571
1.1798
1.19374
1.22993
1.26702
1.29588
1.30504
1.28864
0.775946
0.947652
0.940733
0.90498
0.860798
0.796327
0.716671
1.08677
1.14596
1.08832
0.799008
0.916936
0.99464
1.01062
1.02197
1.02029
1.01027
0.990065
0.971053
0.958756
1.00191
1.00516
1.0076
1.02078
1.03827
1.0541
1.07125
1.05693
1.07588
1.10756
1.13016
1.14419
1.18001
1.15744
1.14288
1.10204
1.03461
0.954883
1.02316
1.19629
1.23411
1.26083
1.2791
1.29178
1.30162
1.30967
1.312
1.31036
1.31093
1.31429
1.31659
1.31794
1.32015
1.31412
1.29765
1.26588
1.24734
1.27773
1.29752
1.29749
0.863114
0.93058
0.933247
0.894716
0.835989
0.736431
1.0883
1.15874
1.1539
0.883828
0.998262
1.03662
1.05313
1.05658
1.05528
1.04984
1.04127
1.03074
1.02082
1.01129
1.036
1.0471
1.05507
1.06838
1.08551
1.09819
1.11055
1.09732
1.09765
1.14266
1.15385
1.15426
1.12455
1.07998
1.02324
0.925634
1.18018
1.22676
1.24303
1.24931
1.26367
1.27806
1.29164
1.30345
1.31309
1.32138
1.32609
1.32566
1.32751
1.33251
1.33649
1.3359
1.33431
1.32623
1.30969
1.27636
1.24346
1.2559
1.26488
1.25813
0.905155
0.955543
0.932537
0.891404
0.812552
1.09609
1.13874
0.776399
0.932071
1.0434
1.07277
1.07852
1.074
1.06841
1.06344
1.05669
1.04802
1.03822
1.03096
1.03083
1.06747
1.07802
1.08481
1.08929
1.10207
1.11141
1.12088
1.12194
1.10032
1.05608
1.09944
1.1059
1.05624
0.993668
0.909122
1.20175
1.23153
1.2429
1.24933
1.25273
1.26462
1.27751
1.29036
1.30326
1.3135
1.32124
1.32807
1.33211
1.33422
1.33796
1.34168
1.34195
1.34029
1.33181
1.31498
1.29263
1.25795
1.2482
1.24216
1.22862
0.95075
0.946138
0.919551
0.869989
0.748191
1.15819
0.780407
0.955816
1.02536
1.07718
1.08438
1.08518
1.08386
1.08179
1.07848
1.07285
1.06496
1.05658
1.0509
1.04828
1.07776
1.09175
1.09741
1.10114
1.10743
1.10958
1.11636
1.14292
1.08568
0.977663
1.07081
1.07606
1.0457
0.972675
0.836771
1.2157
1.23251
1.24274
1.24619
1.24868
1.26093
1.27645
1.28942
1.30071
1.31089
1.31907
1.32732
1.33277
1.33485
1.33783
1.34047
1.33977
1.33848
1.33058
1.31376
1.29347
1.25896
1.23949
1.21798
1.20319
0.918187
0.939065
0.900198
0.820129
1.16263
1.11567
0.927494
1.01268
1.05291
1.06762
1.08354
1.09014
1.09151
1.09094
1.08948
1.0867
1.08005
1.07186
1.06377
1.05112
1.07421
1.08868
1.09372
1.09894
1.10575
1.10184
1.10348
1.14036
1.05471
1.18334
0.984079
1.01098
0.978323
0.85738
1.21375
1.23083
1.23657
1.24184
1.2411
1.24224
1.25437
1.27094
1.28426
1.29547
1.30603
1.31504
1.32445
1.33038
1.33214
1.33467
1.33674
1.33615
1.33511
1.32775
1.31191
1.29329
1.26625
1.25408
1.23499
1.21563
0.880667
0.920239
0.868282
0.771116
1.09738
0.715239
1.00288
1.0455
1.07355
1.08805
1.06237
1.07785
1.08669
1.08901
1.08955
1.09036
1.08682
1.07974
1.07111
1.05967
1.06829
1.0764
1.07778
1.08463
1.09311
1.09157
1.09859
1.13675
1.02655
1.28709
1.21407
0.832066
0.81209
1.22089
1.23478
1.23755
1.23715
1.23757
1.23289
1.23309
1.24523
1.26194
1.27559
1.28722
1.29828
1.30803
1.31837
1.32468
1.32646
1.32895
1.33091
1.33104
1.33061
1.32431
1.31025
1.29294
1.27376
1.26275
1.25902
1.23548
1.17656
0.874263
0.794107
0.990555
1.04471
0.9257
1.04687
1.06722
1.08293
1.09097
1.09666
1.09835
1.09877
1.10029
1.10252
1.10284
1.01566
1.07899
1.07087
1.06416
1.06699
1.06707
1.06399
1.07375
1.07757
1.06466
1.07385
1.12854
0.780552
1.30401
1.25639
1.24484
1.22435
1.24299
1.23915
1.24216
1.23487
1.22988
1.22119
1.22097
1.23303
1.24955
1.26389
1.27604
1.28759
1.29811
1.30928
1.31623
1.3187
1.32165
1.32385
1.32472
1.32467
1.3194
1.30717
1.29121
1.27533
1.26421
1.2504
1.24344
1.17809
0.834908
0.904671
0.889884
0.776973
1.00042
1.07335
1.07086
1.08023
1.08741
1.09451
1.09865
1.10128
1.10211
1.10262
1.10458
1.10695
1.10206
1.05785
1.05396
1.06898
1.06881
1.05978
1.05617
1.14482
1.14412
1.14157
1.11215
1.00527
1.28262
1.25154
1.25843
1.24662
1.24645
1.23973
1.23433
1.22773
1.21716
1.20468
1.20451
1.21675
1.23324
1.24858
1.26132
1.27345
1.2849
1.29702
1.30477
1.30827
1.31202
1.3147
1.31614
1.31609
1.31109
1.29974
1.28506
1.27056
1.25903
1.24212
1.22429
0.870222
0.97971
0.978146
0.956569
0.980209
1.05569
1.08516
1.04671
1.05113
1.05269
1.05598
1.05245
1.04204
1.01195
0.946245
0.977402
0.987809
0.987775
0.985136
0.986189
1.02079
1.03641
1.0546
1.0465
1.09769
1.11703
1.09753
1.0617
0.989808
1.25974
1.23577
1.25801
1.24701
1.24527
1.23964
1.22294
1.21181
1.19778
1.18209
1.18244
1.19471
1.21176
1.22832
1.24193
1.25481
1.2674
1.28054
1.28912
1.29358
1.29826
1.30142
1.30329
1.3029
1.29739
1.28536
1.27063
1.25673
1.24309
1.22331
1.2009
0.977378
1.00326
0.983667
0.973783
0.992792
1.04021
1.06026
1.03305
1.03572
1.04327
1.05037
1.054
1.05621
1.05679
1.05791
1.06016
1.06171
1.05848
0.962079
0.963534
0.980669
0.982285
0.990333
0.982147
1.05847
1.06275
1.01369
0.99638
1.20577
1.15256
1.23398
1.24616
1.22178
1.22254
1.21326
1.20141
1.18731
1.17058
1.15304
1.15401
1.16536
1.18348
1.20155
1.2163
1.23026
1.24407
1.2583
1.26767
1.27284
1.27818
1.28157
1.2836
1.28249
1.27591
1.26238
1.24634
1.23165
1.21598
1.19551
1.17628
0.800256
0.974674
0.977536
0.974162
0.990021
1.02533
1.04025
0.997334
0.995218
0.997081
1.00433
1.00813
1.01044
1.01118
1.01302
1.0158
1.01757
1.01499
0.934388
0.940851
0.954023
0.954569
1.03701
0.962637
1.01955
1.01277
0.910024
0.947905
1.18062
1.14744
1.20495
1.21362
1.19296
1.19254
1.18159
1.16768
1.15362
1.13552
1.11714
1.11782
1.12839
1.14785
1.16752
1.18344
1.19873
1.21381
1.22889
1.23907
1.2446
1.25025
1.25355
1.25536
1.25323
1.24513
1.2296
1.21189
1.19571
1.17912
1.16293
1.14143
0.846103
0.978539
0.976298
0.969345
0.975124
1.00395
1.00244
0.960411
0.950622
0.950018
0.957922
0.962213
0.965109
0.966821
0.969547
0.972607
0.973241
0.968971
0.905435
0.920276
0.93294
0.934847
0.994666
0.944864
0.993849
0.981017
1.12629
1.11745
1.13736
1.13355
1.1153
1.16691
1.15395
1.15169
1.13945
1.12495
1.11164
1.09267
1.07379
1.07329
1.08376
1.1046
1.1258
1.14292
1.15956
1.17576
1.19139
1.20217
1.20779
1.21336
1.21627
1.21756
1.21416
1.20437
1.18667
1.16744
1.15118
1.13949
0.939807
1.07805
1.0369
0.978235
0.969976
0.955768
0.952686
0.967191
0.960718
0.92054
0.907974
0.90734
0.916756
0.921941
0.925922
0.928829
0.931772
0.934526
0.932921
0.924944
0.917063
0.913953
0.917355
0.92005
0.956942
0.947973
0.978732
0.960356
1.07508
1.07109
1.0977
1.10151
1.10879
1.12276
1.1103
1.10616
1.09237
1.07807
1.06595
1.04658
1.02718
1.02613
1.03681
1.05836
1.0804
1.09831
1.11568
1.13245
1.14813
1.15889
1.16439
1.16936
1.17158
1.17212
1.16732
1.15646
1.13734
1.11851
1.10522
0.802235
0.973956
0.797332
1.01612
0.941906
0.948727
0.932782
0.923234
0.926482
0.916117
0.880312
0.871331
0.873312
0.882874
0.888411
0.892669
0.895817
0.898227
0.900256
0.895912
0.881531
0.937423
0.922948
0.91735
0.916626
0.923911
0.917233
0.962078
0.949875
0.859028
1.06379
1.07171
1.058
1.06586
1.04223
1.04063
1.03931
1.02368
1.00769
0.99364
0.971225
0.950113
0.949879
0.962813
0.987834
1.01317
1.03392
1.05376
1.07256
1.08902
1.10009
1.10552
1.10961
1.11111
1.10998
1.10315
1.09111
1.07104
1.05363
1.04851
0.875176
0.818247
0.901713
0.904461
0.885986
0.919661
0.904361
0.889029
0.884746
0.872301
0.845844
0.844769
0.850571
0.858865
0.863413
0.866619
0.869046
0.870693
0.871695
0.859529
0.96205
0.946564
0.93596
0.925093
0.918475
0.891401
0.88402
0.934231
0.93482
0.909366
0.907542
0.931042
0.907176
1.01824
1.00504
1.00553
1.00315
0.986174
0.967573
0.951491
0.929403
0.909017
0.908244
0.918898
0.941536
0.965078
0.985091
1.00405
1.02199
1.03823
1.0487
1.05325
1.05639
1.05575
1.05355
1.04598
1.03262
1.01509
1.00354
1.04162
0.892836
0.843393
0.920645
0.916143
0.871529
0.888298
0.868331
0.848755
0.843414
0.827554
0.807198
0.816936
0.829216
0.837007
0.840545
0.842798
0.844884
0.845092
0.828827
0.965765
0.962414
0.954424
0.946423
0.933976
0.921447
0.862206
0.849568
0.899722
0.900415
0.915039
0.929211
0.923612
0.902588
0.930067
0.946971
0.935905
0.930017
0.911163
0.891329
0.871465
0.845621
0.824496
0.823582
0.834695
0.858116
0.883616
0.906978
0.92943
0.949801
0.967482
0.979236
0.98435
0.987451
0.98602
0.983419
0.975195
0.96055
0.944471
0.941863
0.827547
0.906152
0.86549
0.91192
0.904586
0.857005
0.840227
0.81358
0.793688
0.786689
0.767105
0.747538
0.75798
0.777525
0.786025
0.787161
0.785994
0.980774
0.978736
0.97294
0.968923
0.969265
0.961327
0.952234
0.938633
0.920998
0.91201
0.909344
0.872723
0.871782
0.880397
0.897055
0.889578
0.916146
0.921821
0.83517
0.847348
0.846293
0.82943
0.813771
0.798019
0.77423
0.75371
0.748822
0.75515
0.774249
0.79808
0.822469
0.847551
0.870688
0.890527
0.904421
0.911215
0.91538
0.914826
0.913188
0.904672
0.889213
0.873719
0.87635
0.932587
0.837596
0.849272
0.881515
0.865615
0.830027
0.776548
0.736922
0.725429
0.723346
0.701295
0.648535
0.659518
0.724951
0.735663
0.94915
0.982575
0.981502
0.969171
0.979104
0.975462
0.972554
0.966363
0.954118
0.935348
0.914606
0.910992
0.908382
0.816898
0.823556
0.829452
0.849047
0.856648
0.910196
0.865648
0.771799
0.778434
0.766145
0.736823
0.721314
0.716867
0.705557
0.694528
0.691997
0.694422
0.704696
0.72053
0.741294
0.766051
0.790486
0.812057
0.827869
0.836167
0.841207
0.841587
0.840198
0.830469
0.812738
0.794251
0.791097
0.802562
0.787114
0.707794
0.830479
0.801842
0.85548
0.619864
0.624031
0.733267
0.711574
0.5638
0.543538
0.904498
0.927804
0.938441
0.942491
0.937916
0.935373
0.932659
0.958513
0.955785
0.958936
0.951403
0.941066
0.928125
0.907742
0.906195
0.900256
0.892425
0.88482
0.868063
0.829
0.824282
0.875817
0.841407
0.857537
0.939939
0.697698
0.664504
0.645181
0.631159
0.627248
0.632697
0.642306
0.649345
0.656821
0.665359
0.677114
0.694354
0.714949
0.735002
0.750336
0.758321
0.762768
0.762503
0.759179
0.74722
0.727698
0.706876
0.696929
0.690449
0.657376
0.633154
0.747212
0.809757
0.567939
0.542204
0.529524
0.523979
0.534481
0.570932
0.83123
0.927455
0.931563
0.931356
0.932274
0.933148
0.920535
0.919216
0.950536
0.934577
0.927353
0.91775
0.909274
0.912637
0.898817
0.897186
0.890791
0.87814
0.865609
0.863398
0.859136
0.842728
0.85137
0.862928
0.866679
0.872674
0.856361
0.714615
0.576871
0.583586
0.568538
0.577171
0.595294
0.61205
0.625252
0.63401
0.641149
0.649127
0.657747
0.669179
0.679286
0.683629
0.685333
0.683165
0.677757
0.666632
0.652039
0.638132
0.633227
0.640051
0.613277
0.593562
0.583137
0.559513
0.541129
0.536679
0.54169
0.551113
0.828865
0.926486
0.929835
0.936372
0.951469
0.94434
0.969512
1.01512
1.00271
0.988035
0.984222
0.976559
0.962617
0.948414
0.926758
0.909804
0.89751
0.898944
0.892903
0.886852
0.862032
0.845837
0.838426
0.846606
0.837266
0.811225
0.823304
0.843089
0.861633
0.860113
0.83296
0.539234
0.547778
0.544855
0.564111
0.583058
0.601877
0.616732
0.625591
0.630075
0.629196
0.627213
0.627257
0.626419
0.626449
0.625092
0.622506
0.618726
0.615209
0.612999
0.615811
0.628923
0.597549
0.577743
0.601595
0.541592
0.576936
0.598855
0.804409
0.935461
0.937989
0.955794
0.984397
1.03183
1.00651
1.00755
1.02083
1.04104
1.06529
1.09445
1.12067
1.1472
1.14857
1.1422
1.1261
1.01284
0.943729
1.03471
1.14605
1.16814
1.12038
0.980269
0.86979
0.841788
1.08452
0.926815
0.850883
0.839087
0.870853
0.887124
0.886335
0.876275
0.517254
0.537988
0.552609
0.575909
0.596688
0.614085
0.624213
0.62885
0.623898
0.611201
0.602469
0.59945
0.601001
0.602497
0.604137
0.606094
0.606795
0.603485
0.608107
0.661077
0.575117
0.631877
0.595368
0.808766
0.769636
0.939143
0.944253
1.01798
1.0074
1.01703
1.05382
1.09629
1.14626
1.17804
1.19308
1.18559
1.17508
1.16916
1.16815
1.16721
1.16377
1.15683
1.14735
1.19075
1.05547
1.06431
1.16846
1.20234
1.22813
1.26666
1.28822
1.1511
1.28658
1.29017
1.19958
1.05407
0.926647
0.857521
0.848694
0.576843
0.499874
0.524092
0.555123
0.56703
0.589087
0.607048
0.61987
0.628885
0.624677
0.611773
0.601556
0.605686
0.61967
0.632689
0.651562
0.702038
0.819453
0.784885
0.790741
0.938016
0.971573
0.946061
0.944541
0.975494
0.986451
1.01296
1.06289
1.12061
1.17889
1.19376
1.17878
1.17489
1.17788
1.18077
1.18265
1.1838
1.18421
1.18382
1.18165
1.17828
1.17275
1.16215
1.14299
1.11796
1.1185
0.891562
1.02871
1.14534
1.19367
1.21691
1.22904
1.24899
1.23182
1.2427
1.25939
1.26656
1.21975
1.12799
1.05762
0.992865
0.945554
0.920503
0.909907
0.909702
0.908138
0.907041
0.907045
0.907055
0.904113
0.889889
0.871902
0.852969
0.837775
0.838726
0.902917
0.906665
0.919787
0.938125
0.962206
1.00218
0.983412
1.02937
1.0278
1.15045
1.20195
1.20583
1.1875
1.18314
1.18677
1.19063
1.19307
1.19411
1.1938
1.19181
1.18956
1.18704
1.18389
1.18031
1.17588
1.17248
1.16834
1.16053
1.14963
1.13727
1.12288
1.11078
1.13865
0.931992
1.05054
1.14594
1.19509
1.21503
1.17917
1.21231
1.22173
1.22461
1.22621
1.22657
1.22044
1.20623
1.18645
1.16371
1.14198
1.13003
1.12094
1.11698
1.10865
1.09251
1.06207
1.01506
0.934151
0.87733
0.88457
0.912183
0.95251
0.996483
1.05598
1.12559
1.18013
1.2186
1.19513
1.21504
1.21583
1.18706
1.18936
1.19016
1.19237
1.19478
1.19623
1.19554
1.19338
1.19037
1.18626
1.17904
1.1714
1.1657
1.16301
1.16268
1.1646
1.17212
1.17626
1.17595
1.173
1.17071
1.16112
1.14893
1.1484
1.15544
1.15629
0.889169
1.01518
1.11277
0.959028
1.13073
1.1569
1.18379
1.19321
1.19609
1.19964
1.20097
1.19664
1.18834
1.17741
1.1656
1.15599
1.15127
1.14393
1.12506
1.08291
1.00068
0.871229
0.991204
1.05498
1.14063
1.22726
1.25925
1.23666
1.20311
1.17603
1.16848
1.17978
1.17952
1.1659
1.17165
1.18229
1.18167
1.18276
1.18266
1.18094
1.17401
1.16442
1.15765
1.15755
1.15965
1.16557
1.1901
1.11574
1.10153
1.09773
1.10115
1.1137
1.11968
1.12134
1.11611
1.11451
1.10637
1.09476
1.09601
1.09984
1.11465
1.11438
1.09409
1.08598
0.977157
0.942252
1.23847
1.05864
1.08395
1.10967
1.11858
1.10466
1.08365
1.06584
1.05453
1.05088
1.05523
1.05742
1.04672
1.0151
0.974778
0.940431
0.914517
0.895843
0.856472
1.05679
1.19132
1.17973
1.15511
1.14161
1.13517
1.14801
1.15232
1.13812
1.14318
1.16345
1.16031
1.15739
1.15389
1.15033
1.14272
1.1371
1.17899
1.01024
0.966768
0.944957
0.938299
0.94959
0.967732
1.00186
1.03453
1.06408
1.08039
1.085
1.08059
1.08172
1.0761
1.07089
1.0739
1.07973
1.08274
1.09465
1.09587
1.07945
1.07598
1.07988
1.06341
1.05151
1.04674
1.03711
1.04578
1.00362
1.00109
0.931344
0.848788
0.887659
0.922124
0.951648
0.968499
0.966478
0.963097
0.962329
0.962437
0.965892
0.971588
0.967475
0.952434
0.930632
0.914456
0.920182
0.901412
1.13373
1.1262
0.900098
1.07993
1.16017
1.15488
1.15385
1.07272
0.962794
0.912354
1.07187
1.14743
1.10601
0.898327
0.905277
0.949948
0.987661
0.975176
0.990757
1.0243
1.0456
1.05171
1.05461
1.05664
1.0607
1.05787
1.05745
1.06674
1.07653
1.08572
1.08582
1.08092
1.06174
1.05861
1.06478
1.06159
1.06039
1.06146
1.05874
1.05951
1.06206
1.06034
1.05481
1.03867
0.985551
0.893344
1.15182
1.22232
1.23955
1.24579
1.06293
1.03324
1.03947
1.03118
1.02415
1.03172
1.04092
1.05322
1.08372
1.20797
1.20823
1.14597
1.23854
1.20077
0.927848
0.940168
0.914758
1.02369
1.09685
1.13942
1.14311
1.14272
1.09744
0.89769
0.923212
0.962696
0.986423
0.955572
0.930158
0.981739
1.01828
1.02437
1.02757
1.03433
1.04338
1.04389
1.04705
1.06058
1.07066
1.07406
1.06769
1.06305
1.05073
1.04807
1.05442
1.04739
1.04558
1.04958
1.04946
1.0505
1.05286
1.05454
1.05466
1.04843
1.02886
1.00382
0.963932
0.918695
0.893694
1.16625
1.26301
1.27553
1.28723
1.29144
1.29371
1.29628
1.29508
1.2922
1.29758
1.29606
1.26989
1.14022
1.23505
1.22878
1.01662
0.909643
0.900539
1.08093
1.10506
1.0116
0.902863
0.890474
1.0269
1.06332
0.891589
0.895093
0.947024
0.939569
0.890495
0.899073
0.970432
0.989132
0.997898
1.0142
1.0315
1.03646
1.04148
1.05582
1.06537
1.06619
1.05793
1.05292
1.04908
1.04497
1.04843
1.04228
1.04191
1.0453
1.04532
1.04468
1.04369
1.0448
1.04595
1.0399
1.02837
1.00903
0.968673
0.909008
0.884646
1.09384
1.25687
1.28492
1.29743
1.30401
1.30884
1.31037
1.30569
1.29632
1.30205
1.30577
1.27713
1.02376
1.03239
1.1685
1.09012
0.903705
0.902786
0.894375
1.09742
1.17979
1.20466
1.19811
1.23172
1.27483
1.28437
1.27729
1.24176
0.882908
0.888015
0.882147
0.890538
0.934792
0.964708
0.992471
1.01577
1.02755
1.03687
1.05011
1.0591
1.06059
1.05426
1.05035
1.04981
1.0439
1.04583
1.04176
1.04073
1.04232
1.0405
1.03785
1.03635
1.03785
1.03905
1.0379
1.03521
1.02756
1.00828
0.966425
0.895355
0.881055
1.2386
1.28483
1.29304
1.307
1.31788
1.31739
1.30633
1.29529
1.30642
1.31492
1.28476
0.898201
0.903229
1.029
1.19743
1.03538
1.06259
1.13729
1.22035
1.26964
1.29532
1.30499
1.31539
1.32451
1.32734
1.32709
1.32568
1.31897
1.25918
0.880288
0.879068
0.884605
0.912074
0.945893
0.973717
1.0069
1.03272
1.04665
1.05384
1.05627
1.05256
1.05029
1.05011
1.04347
1.04388
1.04025
1.03792
1.03744
1.03367
1.02984
1.02852
1.03065
1.03331
1.03482
1.03528
1.03197
1.01962
0.991742
0.934194
0.880585
1.13736
1.27813
1.29415
1.30158
1.31353
1.31169
1.29776
1.29587
1.31491
1.32552
1.30313
0.8944
0.901182
0.893528
1.20289
1.16656
1.23876
1.27108
1.29734
1.31495
1.3264
1.33129
1.33311
1.33321
1.33121
1.32791
1.32324
1.31865
1.31481
1.30455
0.876248
0.879947
0.879149
0.901198
0.943497
0.990243
1.01574
1.03783
1.05027
1.05287
1.05063
1.05009
1.04726
1.04026
1.0394
1.03566
1.03184
1.02951
1.02402
1.01952
1.01866
1.02167
1.02569
1.02902
1.03135
1.03061
1.0231
1.00565
0.972974
0.922276
0.876329
1.16512
1.26302
1.27014
1.29242
1.29517
1.29239
1.30708
1.32473
1.33432
1.3207
1.1827
0.889908
0.889861
1.17483
1.24517
1.29562
1.31313
1.32453
1.33153
1.3359
1.33637
1.33397
1.33036
1.32541
1.31995
1.31316
1.30736
1.30409
1.30193
1.29936
1.17693
1.05011
0.874631
0.934357
0.981978
1.00757
1.03361
1.04353
1.04712
1.04661
1.04716
1.04057
1.03271
1.03095
1.02697
1.02194
1.01829
1.01178
1.00741
1.00755
1.01161
1.01686
1.02157
1.02534
1.0267
1.02313
1.01314
0.995801
0.970469
0.925481
0.877063
0.872672
1.07625
1.1966
1.26874
1.28865
1.31056
1.32963
1.33778
1.32898
1.27268
0.899987
0.942555
1.03768
1.28115
1.31924
1.32832
1.33275
1.33546
1.33643
1.33386
1.32826
1.32196
1.31475
1.30768
1.29941
1.29274
1.28914
1.28704
1.28405
1.28242
1.28458
1.23446
0.887399
0.984612
1.01744
1.02501
1.03465
1.04002
1.04029
1.04064
1.02857
1.02028
1.01849
1.0136
1.0081
1.00388
0.99712
0.993381
0.995038
1.00074
1.00748
1.01355
1.01865
1.02181
1.02149
1.01711
1.00879
0.997118
0.977608
0.941637
0.899958
0.877584
0.873922
1.26939
1.29966
1.30958
1.32811
1.3366
1.33047
1.2508
1.0472
1.05962
1.02489
1.30577
1.32761
1.33158
1.3329
1.33285
1.33102
1.32595
1.31778
1.30921
1.30016
1.29157
1.28215
1.27443
1.27076
1.26878
1.27013
1.26633
1.26258
1.26509
1.21482
0.925409
1.00274
1.02676
1.03101
1.02934
1.03127
1.02943
1.0103
1.00196
1.0016
0.995848
0.990146
0.985788
0.978551
0.97479
0.978819
0.987865
0.997244
1.00516
1.01176
1.01667
1.01913
1.01897
1.01652
1.01262
1.00549
0.990942
0.971254
0.938186
0.884989
1.07558
1.29916
1.30482
1.31885
1.33289
1.33199
1.29326
1.08298
1.08335
1.20933
1.31688
1.32788
1.32979
1.32948
1.32726
1.3234
1.31719
1.30694
1.29589
1.28498
1.27484
1.2639
1.25604
1.25171
1.24957
1.25046
1.24274
1.24005
1.23947
1.24406
0.851517
0.961568
1.01638
1.02238
1.01797
1.01294
1.01376
0.979672
0.909529
0.961561
0.972343
0.966248
0.960945
0.952914
0.952112
0.95905
0.971046
0.984663
0.995601
1.00429
1.01123
1.01632
1.01945
1.02107
1.02232
1.02027
1.01301
1.00504
0.991215
0.957369
0.885391
1.2184
1.28302
1.30887
1.32703
1.33218
1.32006
1.07042
1.06628
1.25822
1.31561
1.32102
1.32086
1.31818
1.31505
1.30943
1.3008
1.28831
1.2748
1.26186
1.2501
1.23794
1.22929
1.2242
1.22014
1.21752
1.21675
1.21788
1.20936
1.21135
1.22142
0.893742
0.989948
1.01078
1.0052
0.983931
0.992474
0.967734
0.936774
0.910078
0.927904
0.93307
0.93283
0.93039
0.93282
0.942296
0.955188
0.97088
0.985636
0.9971
1.00643
1.01429
1.01974
1.02332
1.02604
1.02685
1.02712
1.0249
1.02072
1.0131
0.983349
0.894146
0.868376
1.28886
1.3197
1.31866
1.31852
1.02106
1.04287
1.29018
1.30757
1.30924
1.30729
1.30234
1.29744
1.29008
1.279
1.26297
1.24687
1.23177
1.21843
1.20465
1.19503
1.1897
1.18615
1.18379
1.18174
1.19144
1.19735
1.18981
1.19381
0.994443
0.950916
0.988934
0.995036
0.957534
0.97202
0.949064
0.942765
0.921411
0.900592
0.901053
0.901125
0.900233
0.904334
0.914856
0.929884
0.945897
0.965089
0.98153
0.99431
1.00351
1.00977
1.01688
1.02154
1.02553
1.03054
1.03214
1.031
1.02899
1.01826
0.985012
0.911881
0.871801
1.30814
1.30419
1.30843
1.27267
0.963201
1.29404
1.29444
1.29278
1.28855
1.28177
1.2745
1.2654
1.25177
1.23303
1.21426
1.19687
1.18182
1.1664
1.15532
1.14915
1.1456
1.14359
1.14032
1.1426
1.1423
1.14124
1.13904
1.1392
0.893843
0.934406
0.967242
0.919766
0.933039
0.927226
0.917044
0.908325
0.899343
0.890078
0.888168
0.88801
0.892347
0.902385
0.917773
0.935633
0.957324
0.976363
0.991163
1.00182
1.01128
1.02032
1.02755
1.03375
1.03946
1.04274
1.04428
1.04503
1.04279
1.03772
1.02608
1.05265
0.994353
1.29406
1.29732
1.28411
0.907809
1.21091
1.27399
1.27214
1.26599
1.25639
1.24646
1.23523
1.21939
1.19806
1.17658
1.15684
1.13946
1.12206
1.10886
1.10118
1.09719
1.0944
1.0909
1.09236
1.09051
1.08828
1.08291
1.07473
1.0758
0.899948
0.912578
0.914494
0.899621
0.917863
0.899503
0.889769
0.881976
0.876385
0.875092
0.874756
0.877696
0.884671
0.896945
0.91419
0.936066
0.957668
0.974378
0.98719
0.99886
1.0094
1.01867
1.02665
1.0331
1.03802
1.04168
1.04454
1.04502
1.04522
1.04986
1.06792
1.06697
0.976622
1.27515
1.26441
0.960585
0.912647
0.87014
1.2482
1.24069
1.22804
1.2147
1.20059
1.18231
1.15835
1.1344
1.11203
1.09171
1.07158
1.05557
1.0454
1.03968
1.03524
1.03103
1.03163
1.02908
1.02661
1.02019
1.00899
0.997835
0.992722
0.91407
0.889844
0.894998
0.909835
0.886823
0.879253
0.875435
0.872232
0.872153
0.871967
0.873838
0.877478
0.884826
0.898041
0.916874
0.939083
0.956792
0.971669
0.985205
0.996977
1.00795
1.01739
1.02493
1.03139
1.03704
1.04177
1.04401
1.04736
1.05492
1.06803
1.06978
1.04501
0.88451
0.878244
0.997928
0.988644
0.981078
0.916116
1.10337
1.1939
1.18222
1.16298
1.1413
1.11458
1.08799
1.0623
1.03825
1.01412
0.994397
0.980511
0.972026
0.964956
0.959485
0.958461
0.954869
0.951813
0.944796
0.933172
0.918345
0.908716
0.909389
0.919285
0.899276
0.90407
0.884717
0.867266
0.867862
0.86674
0.869348
0.871894
0.876227
0.87949
0.883281
0.890992
0.904634
0.924561
0.941104
0.956159
0.96977
0.981926
0.993724
1.00433
1.01312
1.02098
1.02823
1.03456
1.03843
1.04406
1.05333
1.06376
1.06652
1.055
1.0178
0.987772
1.01729
1.01529
1.01101
0.993399
0.935399
0.843271
1.14093
1.12607
1.09856
1.06714
1.03719
1.00673
0.977754
0.948363
0.923653
0.905333
0.893537
0.88272
0.874833
0.871853
0.866246
0.861749
0.852715
0.840805
0.824659
0.816992
0.825329
0.805553
0.833596
0.914429
0.871937
0.855721
0.85766
0.857778
0.861606
0.867293
0.87741
0.884109
0.88762
0.892636
0.90254
0.918642
0.933433
0.944987
0.95637
0.966629
0.977233
0.9877
0.996969
1.00582
1.01439
1.02196
1.02746
1.03508
1.04547
1.0545
1.05855
1.05687
1.03509
1.01081
1.02088
1.02042
1.01595
1.00626
0.982301
0.943558
0.859956
1.07779
1.04448
1.01767
0.981511
0.943903
0.907593
0.871633
0.841909
0.819931
0.804916
0.790829
0.780772
0.774538
0.766445
0.759732
0.748034
0.734624
0.717458
0.714318
0.733387
0.712179
0.728839
0.6985
0.862829
0.851124
0.851708
0.854604
0.858471
0.862959
0.875403
0.885861
0.88873
0.893453
0.902565
0.917077
0.934444
0.943198
0.949985
0.956662
0.963645
0.971122
0.978642
0.986774
0.99542
1.00341
1.01003
1.01991
1.0303
1.04093
1.04482
1.04813
1.03603
1.01178
1.01702
1.01703
1.01168
1.00431
0.987188
0.96226
0.925754
0.85152
0.991411
0.953142
0.920666
0.872407
0.827302
0.785343
0.752482
0.729128
0.713329
0.698918
0.688441
0.680115
0.670197
0.662084
0.650365
0.638014
0.624132
0.625496
0.652774
0.640519
0.628291
0.623675
0.86218
0.854494
0.856015
0.865838
0.871457
0.874367
0.882865
0.893188
0.887547
0.886309
0.89379
0.908902
0.930865
0.944502
0.949861
0.95363
0.957306
0.960714
0.964064
0.968956
0.975148
0.981711
0.989036
0.999241
1.00848
1.01871
1.02604
1.02918
1.02454
1.00316
1.00613
1.00623
0.99918
0.993177
0.980301
0.961265
0.936763
0.895195
0.845197
0.877461
0.827746
0.786516
0.74228
0.69906
0.6679
0.647016
0.633729
0.622688
0.614688
0.608351
0.601176
0.595754
0.588758
0.581756
0.575091
0.579964
0.608945
0.613534
0.592696
0.613335
0.930753
0.848915
0.880228
0.882241
0.893167
0.897667
0.904942
0.91483
0.894675
0.878461
0.876681
0.888183
0.911029
0.934467
0.943336
0.948312
0.951854
0.95392
0.955226
0.957177
0.959825
0.964353
0.970559
0.97859
0.985401
0.992874
0.999469
1.00056
1.00134
0.985783
0.986908
0.9866
0.977848
0.972633
0.963997
0.950327
0.933039
0.907107
0.85385
0.838345
0.723854
0.69144
0.661571
0.626312
0.602623
0.587951
0.579331
0.573381
0.569741
0.567733
0.56608
0.565092
0.563148
0.560182
0.557392
0.564252
0.594773
0.611604
0.594881
0.621774
0.730951
0.848656
0.886772
0.901576
0.910628
0.917965
0.927295
0.932899
0.902297
0.875841
0.861957
0.863463
0.882322
0.909987
0.922032
0.928877
0.934655
0.938456
0.940857
0.943399
0.946266
0.949804
0.954281
0.959306
0.963524
0.968811
0.972398
0.969141
0.971959
0.961066
0.960133
0.958745
0.948364
0.94278
0.935695
0.923255
0.906904
0.887664
0.851562
0.875553
0.654115
0.62226
0.60128
0.580345
0.566328
0.558024
0.553315
0.550777
0.549581
0.549872
0.551164
0.55283
0.553112
0.551608
0.549668
0.557187
0.589579
0.614921
0.607556
0.631085
0.717035
0.875327
0.90212
0.919269
0.929899
0.93646
0.938462
0.923811
0.894234
0.87102
0.854188
0.844406
0.856102
0.880828
0.891908
0.897145
0.90243
0.907026
0.911015
0.916008
0.921008
0.925116
0.929337
0.932951
0.936789
0.942797
0.944265
0.937493
0.940895
0.93006
0.927832
0.926229
0.915084
0.909149
0.900911
0.886926
0.868912
0.84821
0.815715
0.811896
0.639195
0.585963
0.571921
0.559963
0.552577
0.547634
0.54453
0.542986
0.5419
0.544069
0.545648
0.546416
0.547377
0.54615
0.54468
0.554867
0.589818
0.619164
0.619269
0.632548
0.708412
0.902172
0.896956
0.909053
0.920773
0.924886
0.917618
0.896492
0.875996
0.856695
0.837517
0.827392
0.840145
0.858394
0.859034
0.859937
0.865227
0.867576
0.8702
0.876154
0.882428
0.887211
0.891734
0.895618
0.901132
0.909564
0.91067
0.90489
0.910656
0.898783
0.897508
0.898175
0.888585
0.883693
0.875222
0.861232
0.843479
0.82223
0.789132
0.757538
0.661776
0.582982
0.562087
0.559825
0.554732
0.550251
0.546635
0.544605
0.542858
0.543471
0.543444
0.543954
0.545078
0.543505
0.542019
0.555074
0.592094
0.623018
0.624775
0.645453
0.696652
0.9594
0.906667
0.902919
0.913193
0.915507
0.90417
0.875094
0.84224
0.825198
0.805171
0.808798
0.827792
0.834867
0.830544
0.822558
0.826378
0.82775
0.827165
0.834508
0.842467
0.850808
0.853629
0.856209
0.864713
0.873075
0.875033
0.876449
0.886982
0.876972
0.878289
0.881513
0.873992
0.870615
0.862365
0.849487
0.834163
0.814618
0.785244
0.747693
0.830392
0.595166
0.570346
0.585658
0.57234
0.564702
0.555973
0.552182
0.547882
0.547364
0.545517
0.544229
0.544871
0.542093
0.540332
0.557052
0.592427
0.618235
0.625297
0.634436
0.660757
0.667408
0.936972
0.915554
0.925753
0.924747
0.915952
0.895981
0.972609
0.978337
0.81342
0.825469
0.785903
0.788367
0.797533
0.788876
0.780094
0.779611
0.782663
0.802974
0.813711
0.825353
0.823835
0.8254
0.835536
0.842485
0.844703
0.858245
0.872951
0.868519
0.873201
0.876539
0.868895
0.867018
0.862516
0.854159
0.843439
0.832128
0.814936
0.809953
1.03016
1.09228
0.681583
0.948375
0.948692
0.965972
0.926998
0.595856
0.579505
0.575642
0.565485
0.557252
0.553737
0.547288
0.545926
0.566902
0.592957
0.604506
0.615182
0.580666
0.603206
0.575407
0.562307
0.58599
0.601755
0.553355
0.577604
0.598893
0.575837
0.607946
0.624797
0.62302
0.644281
0.67371
0.704825
0.927917
0.789218
0.942981
0.968319
0.966651
1.01789
0.814511
0.794947
0.805603
0.820877
0.833458
0.834092
0.852663
0.86562
0.866326
0.872776
0.873587
0.86948
1.01964
1.0216
1.02621
1.03201
1.03617
1.0398
1.03806
0.796963
1.01228
0.761478
1.08763
0.926847
0.940469
0.617015
0.954881
0.589965
0.58908
0.580314
0.573404
0.937787
0.923444
0.614388
0.590229
0.595128
0.592712
0.591659
0.584078
0.553844
0.558371
0.534646
0.522432
0.53761
0.559118
0.772939
0.816653
0.846487
0.866671
0.877294
0.884074
0.882284
0.878068
0.866739
0.956126
0.924575
0.928124
0.926841
0.936848
0.950443
0.954952
0.968032
0.968623
0.968803
0.961574
0.966007
0.960869
0.963865
0.951986
0.967844
0.963729
0.965072
0.961397
0.965551
0.965806
0.965296
0.964455
0.962526
0.962895
0.967003
0.966852
0.973414
0.971657
0.954403
0.89069
0.913499
0.92816
0.948585
0.922569
0.579834
0.562607
0.563107
0.567004
0.589055
0.596353
0.58865
0.58062
0.572598
0.819828
0.819186
0.806937
0.796143
0.79175
0.794071
0.822639
0.851268
0.869122
0.873414
0.861465
0.882128
0.863672
0.861179
0.85798
0.857231
0.859528
0.858986
0.862594
0.869734
0.880512
0.890601
0.895211
0.902343
0.912974
0.920199
0.925646
0.924579
0.925846
0.92682
0.938603
0.932753
0.938791
0.939675
0.940121
0.938293
0.939578
0.939481
0.937302
0.931758
0.921211
0.907166
0.889546
0.868048
0.853574
0.871577
0.854065
0.821559
0.786837
0.773037
0.780774
0.794606
0.815964
0.83876
0.870566
0.904334
0.915368
0.899012
0.862782
0.80663
0.962658
0.982402
1.01109
1.02934
1.04563
1.0537
1.06842
1.07486
1.07177
1.00992
0.908547
0.897641
0.910012
0.92325
0.931016
0.93556
0.942804
0.956893
0.977086
1.00605
1.03944
1.05987
1.08262
1.10294
1.13188
1.14518
1.15147
1.14868
1.16085
1.16314
1.17826
1.15721
1.16463
1.16038
1.15745
1.14874
1.14323
1.13463
1.11996
1.09737
1.06496
1.0156
0.957633
0.899656
0.970693
0.910375
0.984673
1.005
0.992139
0.956953
0.943952
0.979866
1.01031
1.01832
1.00761
0.979266
0.94576
0.935781
0.941954
0.946701
1.24089
1.2646
1.28545
1.29677
1.30118
1.29868
1.28674
1.26051
1.22154
1.16761
1.06852
0.893206
1.01341
1.03757
1.054
1.07472
1.10457
1.13436
1.16875
1.20915
1.22447
1.22385
1.21526
1.20212
1.1845
1.17324
1.16628
1.16552
1.15893
1.15943
1.1531
1.16769
1.16944
1.17739
1.18618
1.19919
1.21172
1.22251
1.22572
1.21541
1.18744
1.13433
1.05786
0.972398
0.822717
0.910707
0.978955
1.01472
1.01638
0.9969
0.999359
1.04747
1.08313
1.1027
1.11606
1.13048
1.14445
1.16026
1.17996
1.20916
1.26427
1.28638
1.29749
1.303
1.30342
1.29975
1.28937
1.27077
1.24302
1.20967
1.16134
1.09278
1.00294
0.863188
1.04368
1.09317
1.13012
1.14512
1.17269
1.19932
1.20479
1.19835
1.18267
1.16781
1.1532
1.14351
1.1382
1.13882
1.13875
1.1406
1.13574
1.1423
1.14517
1.15207
1.16156
1.17703
1.197
1.21609
1.22118
1.20129
1.15557
1.08029
0.987801
0.828494
0.899847
0.959609
1.01854
1.04633
1.04488
1.03835
1.05469
1.08778
1.10734
1.11686
1.12422
1.1406
1.15841
1.17907
1.20345
1.23401
1.2551
1.27566
1.28731
1.29455
1.29697
1.2941
1.28518
1.2684
1.24005
1.20334
1.15564
1.09778
1.02968
0.927327
0.873064
1.0649
1.10304
1.13444
1.14056
1.14377
1.16786
1.19836
1.20536
1.20003
1.18883
1.17932
1.17408
1.17719
1.16542
1.16514
1.16049
1.18147
1.18621
1.20085
1.21637
1.23069
1.23633
1.19127
1.09648
1.07992
1.05505
0.933648
1.27248
1.30246
1.30747
1.30728
1.30908
1.18901
1.14875
1.14526
1.189
1.30105
1.28604
1.17767
1.15512
1.15415
1.15445
1.17758
1.2047
1.23048
1.33282
1.33659
1.33936
1.34183
1.34569
1.34498
1.34157
1.3354
1.3234
1.30044
1.25909
1.1815
0.857563
0.874076
0.921175
0.956718
0.980647
0.999376
1.02047
1.00524
0.982044
1.02839
1.05547
1.06902
1.07994
1.08938
1.08982
1.09115
1.11675
1.12757
1.12359
1.11573
1.12123
1.11951
1.11895
1.12158
1.11271
1.09941
1.08655
1.07724
1.06861
0.998436
1.25085
1.29114
1.16009
1.14457
1.16073
1.11262
1.099
1.10211
1.12384
1.15104
1.19489
1.28835
1.30027
1.30657
1.30967
1.31727
1.32051
1.32682
1.31608
1.32691
1.32842
1.32632
1.321
1.31348
1.3067
1.29847
1.28697
1.26816
1.25217
1.24736
1.22866
1.18128
0.97088
0.856104
0.86997
0.891947
0.951821
0.979103
1.01231
1.04056
1.05141
1.06402
1.07741
1.08825
1.08996
1.09031
1.1119
1.12006
1.11612
1.10821
1.11533
1.11494
1.11502
1.11289
1.10241
1.09086
1.07852
1.06604
1.04105
1.15559
1.26184
1.27315
1.08765
1.07453
1.10477
1.0808
1.07995
1.09511
1.11846
1.14585
1.18556
1.25286
1.27524
1.28953
1.30026
1.30807
1.30452
1.30791
1.31452
1.31608
1.31642
1.31304
1.30852
1.30478
1.30124
1.29815
1.29671
1.29584
1.29632
1.29915
1.2976
1.28892
1.26929
1.2364
1.13004
0.85384
0.866787
0.934144
1.01966
1.04648
1.05309
1.05858
1.071
1.08157
1.08406
1.0853
1.10316
1.10853
1.1042
1.09672
1.10747
1.10818
1.10996
1.10695
1.09566
1.08456
1.07185
1.05165
0.973441
1.23763
1.24108
1.21367
1.00642
1.03953
1.07349
1.05811
1.06155
1.08147
1.10844
1.13254
1.15964
1.19337
1.23941
1.26995
1.27843
1.28009
1.28582
1.29902
1.28942
1.29368
1.29433
1.29033
1.28665
1.28205
1.27737
1.27927
1.28456
1.29158
1.2978
1.30344
1.30629
1.30381
1.29451
1.278
1.2438
1.05503
0.856356
0.931779
0.987367
1.02257
1.05144
1.06376
1.07355
1.07821
1.08125
1.0851
1.09377
1.0941
1.09375
1.08635
1.09994
1.10168
1.10504
1.09726
1.08359
1.07058
1.04883
0.975338
1.18045
1.21211
1.01057
0.949557
0.94495
0.997013
1.045
1.03569
1.01875
1.05579
1.09941
1.12204
1.1452
1.17328
1.19036
1.22334
1.24426
1.25434
1.2677
1.28326
1.25274
1.26091
1.26429
1.26159
1.26128
1.25762
1.25327
1.25447
1.26541
1.27874
1.28858
1.29647
1.30155
1.3013
1.29447
1.28387
1.26613
1.22487
0.841874
0.885431
0.964345
0.982076
1.02284
1.0529
1.06186
1.06809
1.07817
1.08302
1.08892
1.08123
1.08039
1.0746
1.09106
1.09305
1.09477
1.08348
1.07257
1.03555
0.936153
0.854792
0.847376
0.880202
0.857369
0.876216
0.893782
0.947275
0.991974
0.947266
0.975009
1.0627
1.08802
1.10514
1.12251
1.14698
1.17731
1.20947
1.22167
1.23768
1.22732
1.24789
1.23052
1.22496
1.24692
1.24055
1.24413
1.24508
1.23787
1.24473
1.24916
1.26335
1.27542
1.28553
1.29255
1.2934
1.2857
1.2787
1.26814
1.24036
1.16582
0.849884
0.909683
0.986839
1.02656
1.04447
1.05242
1.06056
1.07084
1.07454
1.08101
1.07207
1.06529
1.05754
1.09308
1.09496
1.09338
1.07447
1.0455
0.943747
0.830626
0.824468
0.909908
0.910901
0.845545
0.850887
0.861887
0.898626
0.909847
0.913955
1.02072
1.04362
1.06108
1.08736
1.11638
1.14406
1.17132
1.19706
1.20641
1.21688
1.18208
1.20704
1.17922
1.16972
1.18139
1.20324
1.20651
1.20875
1.21967
1.23247
1.23193
1.2462
1.2589
1.27051
1.28022
1.27918
1.27298
1.2711
1.26776
1.2594
1.24255
0.837821
0.882647
0.962455
1.01749
1.04525
1.05806
1.05711
1.05919
1.0607
1.06966
1.06128
1.05194
1.0261
1.07479
1.08537
1.06766
1.0324
0.951783
0.911296
0.908148
0.842265
0.90013
0.864598
0.838064
0.84431
0.85178
0.8775
0.891215
0.930936
0.994212
1.00295
1.03971
1.08173
1.11348
1.13938
1.16519
1.18969
1.20194
1.20872
1.16064
1.1765
1.14181
1.13288
1.12598
1.14159
1.16051
1.18861
1.21346
1.21186
1.21264
1.22765
1.24229
1.2547
1.26627
1.2615
1.25902
1.25927
1.25782
1.25328
1.24583
0.836809
0.918212
0.976031
1.02555
1.05361
1.0588
1.05437
1.06853
1.08463
1.09371
1.05313
1.04081
0.905966
0.905045
0.86717
0.985173
0.871514
0.830889
0.859274
0.91172
0.875805
0.878113
0.838136
0.841096
0.846895
0.850027
0.862485
0.874258
0.902765
0.934205
0.971766
1.03055
1.07219
1.10487
1.13241
1.15888
1.18504
1.19799
1.17329
1.12023
1.13804
1.09774
1.08396
1.09734
1.1003
1.12742
1.15456
1.18846
1.20488
1.19844
1.21214
1.22827
1.24152
1.25283
1.24668
1.2451
1.24526
1.24402
1.24093
1.23571
0.862433
0.964924
1.01246
1.05011
1.06446
1.07499
1.08003
0.993418
1.09052
1.05248
1.0145
0.962186
1.1962
1.22873
1.07641
1.1851
1.14828
1.12223
1.10916
1.09593
0.923919
0.867037
0.861837
0.855384
0.850945
0.848006
0.857112
0.86776
0.88111
0.905372
0.946679
1.01222
1.06385
1.10209
1.12907
1.15203
1.172
1.17484
1.01498
1.1064
1.10837
1.06298
1.07417
1.08509
1.09738
1.06827
1.13369
1.14684
1.16539
1.15476
1.16751
1.18832
1.21106
1.22034
1.21924
1.22362
1.22714
1.22897
1.22898
1.16196
1.23422
0.907015
1.03317
1.05659
1.07196
1.07034
1.07701
1.07013
1.00263
0.96168
0.981925
0.952855
0.813222
0.829033
0.933347
0.936834
0.838106
0.861522
0.860525
0.859263
0.859352
0.850884
0.846423
0.841534
0.840924
0.851417
0.848407
0.850413
0.860727
0.869467
0.899753
0.98452
1.04748
1.08991
1.1194
1.13773
1.14364
1.13555
1.11999
1.00007
1.07022
0.77945
0.77479
0.779461
0.772108
0.756385
1.06634
1.10876
1.10964
0.814477
1.11136
1.15829
1.17721
1.18947
1.16794
0.895282
0.833921
0.880753
0.910445
1.20573
1.13446
1.21717
1.01909
1.05712
1.07035
1.06787
1.04541
0.997894
0.961179
0.939223
0.942673
0.922926
0.848498
0.91813
0.896059
0.892181
1.08323
1.10023
1.09839
1.09499
1.08997
1.07583
1.01017
0.952231
0.892958
0.869235
0.86909
0.882025
0.885029
0.88486
0.915345
0.996221
1.05142
1.08709
1.11495
1.12719
1.1067
1.01065
1.06402
1.08159
1.04953
0.983201
0.742533
0.749825
0.752642
0.754406
1.01165
1.09139
1.09818
1.12761
1.12117
1.15444
1.18424
1.1997
1.19523
1.09772
0.844871
0.932451
0.995259
1.03347
1.02881
0.872533
0.922311
0.94509
0.961586
0.975096
0.810001
1.17486
1.11367
0.809187
0.859831
0.847335
0.813285
0.909785
0.879273
0.82089
1.04767
1.07648
1.0731
1.06557
1.05379
0.967747
0.939013
0.916155
0.88074
0.861941
0.861233
0.872741
0.870776
0.87908
0.925763
0.996801
1.04649
1.07655
1.09592
1.09942
1.09749
1.0913
1.02553
1.11278
1.0563
1.01307
0.739063
0.75903
0.775673
0.788421
0.785112
0.784822
0.772982
0.781431
0.794839
0.811055
0.805309
0.815283
0.830985
0.86593
0.915748
0.956522
0.99354
1.02452
1.04558
1.04747
1.04308
1.04512
1.04527
1.00977
1.1472
1.15024
1.11487
1.08603
1.04948
1.03965
1.06417
1.02727
0.854453
0.87139
1.06097
1.05336
1.04761
1.0418
1.03509
1.02464
1.01102
0.999096
0.925703
0.871281
0.890638
0.877386
0.86855
0.882938
0.92885
0.991087
1.04076
1.06867
1.08208
1.08223
1.07947
1.07313
1.00438
1.0922
1.02845
0.960201
0.741421
0.762748
0.779082
0.794308
0.801842
0.816984
0.826281
0.831478
0.853008
0.812148
0.874195
0.887226
0.901655
0.922729
0.945154
0.962067
0.980086
0.998207
1.01803
1.0291
1.03257
1.0261
1.01786
0.998334
0.814563
1.10467
1.08199
1.06334
1.05478
1.04218
1.04342
1.03106
0.952691
0.936102
1.02863
1.01719
1.01174
1.00451
0.996549
0.988615
0.978327
0.964654
0.945805
0.922911
0.891638
0.867504
0.872904
0.890626
0.931162
0.980522
1.02946
1.05622
1.0576
1.06206
1.05907
0.888798
0.97682
1.06056
0.997025
0.756135
0.743155
0.757281
0.770294
0.784418
0.797848
0.82244
0.846672
0.861315
0.866709
0.87653
0.888857
0.894316
0.928399
0.943315
0.957339
0.966005
0.970892
0.976655
0.988411
1.00209
1.01029
0.999065
0.975551
0.964698
0.836435
1.05531
1.04175
1.023
1.0173
1.00945
1.00366
0.99601
0.996505
0.987779
0.982389
0.970745
0.96244
0.954354
0.945789
0.936675
0.925352
0.910032
0.88887
0.86123
0.824594
0.796788
0.796589
0.910293
0.932346
0.965381
1.01148
1.03708
1.03652
1.03714
1.03354
0.903408
0.939652
1.04677
0.963179
0.731056
0.736046
0.744217
0.75412
0.766001
0.780086
0.818893
0.841726
0.852435
0.860794
0.868735
0.886827
0.918251
0.931813
0.9369
0.962591
0.966691
0.96179
0.954064
0.956917
0.96458
0.97271
0.95853
0.923419
0.911752
0.800552
1.00588
0.990143
0.971272
0.967339
0.95922
0.953405
0.946648
0.938332
0.928888
0.919232
0.907996
0.899025
0.89158
0.883827
0.87417
0.862422
0.846905
0.82552
0.796719
0.756148
0.752756
0.72519
0.749704
0.926872
0.947449
0.982393
1.00583
0.995826
1.00562
0.986127
0.880038
0.84649
0.996856
0.875802
0.728634
0.726871
0.73069
0.737789
0.747543
0.759691
0.790344
0.819621
0.828661
0.838082
0.849344
0.86344
0.88853
0.930232
0.943454
0.95389
0.942864
0.951708
0.935417
0.923264
0.922569
0.921625
0.897817
0.874873
0.872093
0.749381
0.950576
0.930795
0.910709
0.903613
0.894402
0.886527
0.876475
0.862959
0.852492
0.842953
0.8333
0.825295
0.818837
0.812718
0.804702
0.794138
0.779833
0.760669
0.735136
0.693688
0.707863
0.668786
0.688905
0.681389
0.929036
0.949009
0.942503
0.730341
0.953343
0.719882
0.810274
0.742831
0.758788
0.736126
0.725747
0.720606
0.720918
0.724323
0.730038
0.738038
0.754779
0.789712
0.805942
0.812551
0.822686
0.834201
0.849738
0.892373
0.929326
0.947597
0.949193
0.914572
0.90911
0.879407
0.862925
0.840794
0.785872
0.769373
0.804214
0.912294
0.892008
0.8682
0.845045
0.834002
0.820318
0.810483
0.800428
0.78447
0.772943
0.765163
0.756502
0.746447
0.740469
0.736221
0.730775
0.723772
0.713151
0.699073
0.682163
0.649218
0.6738
0.669473
0.644207
0.623453
0.912257
0.913709
0.621883
0.701369
0.885649
0.651082
0.763002
0.743295
0.731218
0.731344
0.726234
0.720715
0.719102
0.71969
0.722529
0.727363
0.735056
0.752921
0.788159
0.795145
0.799705
0.807632
0.81674
0.842892
0.899241
0.928307
0.942214
0.930118
0.896802
0.833252
0.807277
0.807949
0.929267
0.896717
0.877579
0.850422
0.832918
0.805215
0.779396
0.766132
0.751723
0.741967
0.732341
0.717357
0.705347
0.697065
0.688109
0.677456
0.670048
0.665422
0.661939
0.659046
0.653798
0.646094
0.637997
0.617741
0.653829
0.848685
0.622168
0.594285
0.89139
0.865736
0.612415
0.774642
0.885484
0.75914
0.757224
0.744453
0.731543
0.730289
0.731216
0.726428
0.724123
0.72317
0.724008
0.726504
0.729976
0.736731
0.756524
0.788625
0.786788
0.788929
0.795037
0.807298
0.853286
0.896939
0.923744
0.930487
0.863672
0.940979
0.90034
0.880535
0.868305
0.841051
0.811605
0.796146
0.777707
0.747594
0.722136
0.710523
0.698365
0.689513
0.680045
0.665693
0.653188
0.644846
0.636222
0.625579
0.616543
0.609597
0.6051
0.604833
0.605216
0.604346
0.604591
0.597083
0.626732
0.84411
0.875412
0.574578
0.854938
0.836083
0.879129
0.811601
0.849621
0.771175
0.756292
0.749072
0.739293
0.734912
0.739735
0.735623
0.733247
0.731428
0.731043
0.731854
0.732857
0.735413
0.742345
0.767178
0.787489
0.779825
0.782661
0.788685
0.808791
0.869728
0.902902
0.917175
0.885438
0.883855
0.833683
0.830701
0.824688
0.80178
0.770624
0.752593
0.731237
0.700713
0.679134
0.670293
0.659331
0.650973
0.641097
0.619697
0.742362
0.593016
0.595807
0.588196
0.579207
0.571553
0.565667
0.564569
0.568801
0.574345
0.582083
0.585707
0.825869
0.837126
0.875601
0.855602
0.806143
0.896004
0.875637
0.87064
0.838943
0.785281
0.765328
0.757017
0.749651
0.743819
0.748425
0.744674
0.742209
0.739978
0.738978
0.738776
0.73834
0.73896
0.741552
0.751524
0.787062
0.779147
0.77694
0.779717
0.785469
0.840561
0.886361
0.902133
0.893927
0.847725
0.800143
0.806479
0.799295
0.778898
0.746185
0.721651
0.695525
0.66853
0.65101
0.64225
0.736742
0.733643
0.72872
0.721726
0.715993
0.714153
0.715086
0.720274
0.73356
0.53339
0.535931
0.538367
0.542974
0.553552
0.568269
0.582659
0.814169
0.831209
0.869685
0.844222
0.779594
0.895891
0.870155
0.84194
0.831421
0.80504
0.774733
0.764397
0.758259
0.752478
0.753964
0.750509
0.747956
0.745743
0.7443
0.743575
0.742538
0.74227
0.743229
0.748178
0.772883
0.781987
0.773822
0.774583
0.775462
0.807916
0.875056
0.890242
0.886363
0.805471
0.791283
0.801459
0.793741
0.801911
0.766969
0.740892
0.734753
0.730524
0.721984
0.717851
0.715277
0.714658
0.714419
0.711015
0.706327
0.703471
0.702343
0.70338
0.708068
0.717539
0.731954
0.754572
0.510348
0.525787
0.773347
0.813684
0.800966
0.823839
0.860243
0.84384
0.772529
0.893179
0.865706
0.838938
0.826126
0.7908
0.786188
0.768214
0.763067
0.757599
0.755415
0.752094
0.749651
0.747603
0.745803
0.744788
0.743641
0.743206
0.743779
0.748084
0.77045
0.777957
0.77062
0.771455
0.768828
0.786427
0.858276
0.885385
0.869519
0.797559
0.800481
0.803108
0.803116
0.795171
0.758361
0.762845
0.804796
0.843375
0.739553
0.720679
0.71407
0.711197
0.712732
0.711158
0.706428
0.70268
0.6997
0.697916
0.698924
0.703719
0.712997
0.72954
0.752226
0.764864
0.780261
0.783742
0.780702
0.809794
0.854804
0.846552
0.775145
0.891943
0.861252
0.83475
0.821093
0.800306
0.773485
0.767914
0.763937
0.758494
0.752306
0.748611
0.746217
0.74436
0.742347
0.741379
0.740404
0.740951
0.743707
0.756494
0.780251
0.791298
0.808802
0.826841
0.847955
0.874952
0.805579
0.856686
0.927477
0.893504
0.800327
0.820099
0.834715
0.834759
0.807024
0.896988
0.928708
0.921308
0.882765
0.772568
0.735607
0.714257
0.714144
0.72265
0.719351
0.714589
0.709487
0.705315
0.702489
0.702285
0.70577
0.714814
0.732202
0.745942
0.750507
0.761865
0.767446
0.778495
0.837758
0.847946
0.790784
0.891272
0.854837
0.827788
0.813802
0.797108
0.78089
0.764361
0.762016
0.7548
0.751074
0.742612
0.739601
0.738717
0.736144
0.736605
0.738741
0.757415
0.766551
0.776881
0.782232
0.79302
0.806289
0.833424
0.856402
0.862196
0.870488
0.897851
0.88255
0.880381
0.878167
0.878777
0.865027
0.863091
0.919527
0.940005
0.958053
0.957184
0.937773
0.913413
0.767155
0.744709
0.738061
0.744838
0.743561
0.749885
0.739546
0.733085
0.727057
0.723024
0.720683
0.721993
0.72882
0.736111
0.741586
0.750975
0.760799
0.754971
0.812467
0.848431
0.801905
0.882951
0.842416
0.814615
0.801982
0.785747
0.772168
0.723652
0.708275
0.753783
0.708143
0.701217
0.700349
0.709471
0.713353
0.725744
0.738805
0.752227
0.759918
0.763169
0.771248
0.783862
0.804253
0.832874
0.847639
0.853587
0.868969
0.884842
0.894898
0.899427
0.89926
0.901526
0.90817
0.896104
0.90935
0.926488
0.941765
0.950323
0.95552
0.950499
0.90679
0.784169
0.775235
0.786803
0.788111
0.788599
0.782901
0.779882
0.772276
0.76477
0.759189
0.754104
0.75151
0.753061
0.755913
0.761177
0.769261
0.756628
0.789623
0.845188
0.810616
0.860504
0.822368
0.795943
0.782048
0.768936
0.758285
0.734113
0.719198
0.706257
0.70558
0.705291
0.708277
0.714389
0.719756
0.727121
0.734759
0.740783
0.744406
0.75204
0.764926
0.782188
0.810748
0.838841
0.858839
0.877076
0.898947
0.913716
0.93289
0.943586
0.95486
0.967623
0.965952
0.980291
0.928326
0.909214
0.940736
0.940217
0.939789
0.950823
0.954275
0.807961
0.821484
0.836526
0.842229
0.845021
0.838146
0.839147
0.828252
0.823132
0.818874
0.815191
0.797449
0.790686
0.793279
0.800842
0.81072
0.800351
0.805333
0.858342
0.84918
0.852917
0.803971
0.77574
0.76006
0.747013
0.735993
0.723961
0.712552
0.710389
0.704522
0.704444
0.707609
0.711876
0.715597
0.719202
0.722496
0.726569
0.734491
0.749479
0.766529
0.810204
0.850219
0.887098
0.912241
0.930809
0.946917
0.958379
0.982713
1.02708
1.0513
1.06853
1.06466
1.07139
1.04073
0.997438
1.00711
0.979367
0.964736
0.945808
0.945202
0.815526
0.879452
0.897491
0.904591
0.906338
0.901535
0.899734
0.893109
0.890597
0.893266
0.889244
0.874522
0.873654
0.881105
0.894219
0.908242
0.90861
0.915777
0.932332
0.946682
0.830947
0.821097
0.767152
0.744152
0.730662
0.72302
0.717306
0.709706
0.705621
0.711108
0.706202
0.70587
0.707788
0.710253
0.714144
0.719599
0.72879
0.750649
0.789649
0.812341
0.848534
0.891438
0.922085
0.940744
0.95331
0.970985
0.998138
1.04526
1.07793
1.09115
1.09947
1.09564
1.08589
1.07456
1.06231
1.07527
1.0803
1.05433
0.857041
0.830962
0.860309
0.92443
0.947494
0.961373
0.971736
0.973595
0.975955
0.973513
0.973422
0.968915
0.963954
0.959871
0.963693
0.972268
0.986266
0.987623
1.00611
1.02575
1.05443
1.0698
1.05407
1.0462
0.91224
0.840459
0.807498
0.784009
0.757447
0.731461
0.718568
0.775589
0.751794
0.741235
0.739915
0.741879
0.748883
0.758114
0.765336
0.787011
0.820221
0.857796
0.912816
0.94385
0.966005
0.993731
1.0248
1.06815
1.1061
1.11364
1.11268
1.10047
1.0885
1.0845
1.07036
1.05997
1.07352
1.10899
1.00164
1.09905
1.09057
0.994073
0.955247
0.96422
0.968102
0.99556
1.02535
1.03766
1.04215
1.03145
1.02723
1.03138
1.03519
1.03834
1.04468
1.04199
1.03936
1.05066
1.06627
1.0861
1.11592
1.13885
1.11418
1.09214
1.05623
0.937476
0.936174
0.930869
0.902935
0.837167
0.801916
0.898489
0.866164
0.841314
0.828012
0.820225
0.824747
0.836214
0.835363
0.864332
0.892708
0.916117
0.944384
0.965419
0.983208
1.02096
1.0579
1.09826
1.11821
1.11368
1.10594
1.09568
1.0864
1.0758
1.06375
1.04628
1.03738
1.07184
0.916527
1.10296
1.10727
1.04158
1.07422
1.06477
1.05086
1.07202
1.07783
1.08016
1.0837
1.08782
1.09784
1.10491
1.10643
1.09953
1.08419
1.07635
1.08242
1.09366
1.10636
1.126
1.14783
1.1468
0.912423
0.93761
0.954314
0.964848
0.969598
0.975518
0.977799
0.947912
0.925172
0.959843
0.95041
0.941188
0.93059
0.917567
0.916194
0.937363
0.931313
0.916477
0.944828
0.953908
0.969074
0.98658
1.00718
1.04938
1.08317
1.10979
1.11689
1.10759
1.10036
1.09503
1.08625
1.06735
1.05485
1.03899
1.02722
1.05814
0.921011
1.0715
1.1184
1.17559
1.16315
1.14308
1.12928
1.1339
1.14413
1.1552
1.16325
1.16846
1.17134
1.16407
1.14737
1.12641
1.11081
1.10451
1.23254
1.25956
1.26448
1.26434
1.24837
1.17322
0.993465
1.00961
1.03031
1.0398
1.04198
1.02746
0.9993
0.98184
0.971462
1.06029
1.04264
1.03545
1.02043
1.00433
1.01756
0.993261
0.991097
0.993695
0.992377
0.994409
0.996581
1.01137
1.03786
1.06863
1.09403
1.10943
1.11293
1.10435
1.09929
1.09261
1.08028
1.05365
1.03148
1.03402
1.0285
0.878319
1.08149
1.12861
1.20922
1.25329
1.24154
1.23009
1.24132
1.26835
1.28785
1.29524
1.28699
1.27
1.24227
1.21132
1.28167
1.28101
1.27126
1.26382
1.25153
1.24397
1.23741
1.21335
1.17619
0.969863
1.0139
1.04291
1.11081
1.09828
1.10752
1.1116
1.11279
1.10065
1.08443
1.10539
1.10095
1.10145
1.09739
1.08815
1.0711
1.07941
1.06922
1.03569
1.03433
1.0272
1.01953
1.02959
1.05382
1.07374
1.09143
1.10429
1.10918
1.10259
1.09742
1.08601
1.06929
1.03767
1.04065
1.00627
0.855397
1.10241
1.15449
1.19259
1.20984
1.26548
1.4338
1.52918
1.49296
1.48153
1.45578
1.41923
1.37578
1.32302
1.17104
1.29236
1.28718
1.28032
1.27021
1.26219
1.24834
1.23567
1.21985
1.18507
0.883035
1.00293
1.02191
1.0368
1.06094
1.09178
1.12757
1.05696
1.1129
1.11207
1.10957
1.112
1.11216
1.10323
1.09961
1.09366
1.09521
1.08651
1.07883
1.05838
1.04706
1.03798
1.03546
1.04418
1.0613
1.07625
1.09019
1.10081
1.10436
1.09864
1.09336
1.0794
1.05812
1.02304
1.02952
0.841973
0.991572
1.11522
1.15769
1.19526
1.20196
1.6466
1.70303
1.57212
1.50601
1.49385
1.45753
1.38503
1.32796
1.26673
1.27271
1.29095
1.28733
1.28141
1.2723
1.26435
1.24932
1.23178
1.21288
1.1736
0.920597
1.01304
1.02498
1.04016
1.0593
1.07542
1.09293
1.11452
1.14019
1.14462
1.11774
1.12893
1.10797
1.1311
1.12661
1.11075
1.08679
1.08109
1.08169
1.06829
1.06278
1.05663
1.05165
1.0561
1.06809
1.0794
1.08985
1.09813
1.09971
1.09331
1.08761
1.0779
1.04872
1.00636
1.01585
0.917057
1.06615
1.13099
1.16306
1.20814
1.26542
1.63437
1.58858
1.51333
1.51332
1.50282
1.43785
1.34127
1.27265
1.21611
1.28333
1.292
1.28888
1.28345
1.27506
1.26536
1.24617
1.22602
1.20133
1.1606
0.94537
1.01298
1.01989
1.03816
1.0591
1.07316
1.08967
1.10294
1.11484
1.12691
1.14131
1.1381
1.1335
1.11832
1.11964
1.11693
1.09334
1.07956
1.07873
1.06889
1.06825
1.06927
1.07078
1.07319
1.07936
1.08613
1.09321
1.10054
1.10142
1.09348
1.08769
1.0787
1.04159
0.992521
0.788906
1.01956
1.10264
1.13935
1.16401
1.2129
1.29121
1.63621
1.57148
1.49886
1.51557
1.47257
1.37264
1.27277
1.21123
1.16434
1.28979
1.29387
1.29082
1.28521
1.2749
1.26338
1.24115
1.22496
1.1932
1.14372
0.956064
1.01299
1.02735
1.03753
1.05306
1.06647
1.08244
1.09486
1.10802
1.11817
1.12839
1.12069
1.12435
1.13778
1.13407
1.13365
1.11162
1.09546
1.0915
1.07628
1.07243
1.07296
1.07865
1.08495
1.09274
1.09884
1.1037
1.10947
1.10829
1.09879
1.09373
1.06256
1.02122
0.97589
0.983158
1.07293
1.12032
1.14354
1.16221
1.209
1.28469
1.60091
1.54776
1.47934
1.47855
1.37708
1.2841
1.20854
1.14548
1.2067
1.29761
1.29993
1.29509
1.28538
1.27238
1.25779
1.24005
1.22351
1.18555
1.12419
0.953146
1.01119
1.03592
1.0498
1.05455
1.06485
1.07863
1.09022
1.10139
1.10843
1.11749
1.11492
1.11398
1.15716
1.14647
1.14508
1.12634
1.11055
1.10606
1.09305
1.09107
1.08642
1.08857
1.09608
1.10696
1.11439
1.11763
1.1198
1.11768
1.11013
1.09469
1.04198
0.978887
0.808281
1.09388
1.10123
1.1254
1.14419
1.15792
1.19493
1.24882
1.53035
1.48254
1.40667
1.34831
1.23484
1.16241
1.12522
1.08882
1.25275
1.29954
1.27476
1.28124
1.2713
1.25986
1.25108
1.23131
1.21359
1.18181
1.13176
0.901908
0.971257
1.00811
1.03622
1.04732
1.05941
1.07291
1.08422
1.09513
1.10217
1.10987
1.10845
1.10211
1.16636
1.14999
1.14597
1.12912
1.11257
1.10794
1.10016
1.10467
1.10202
1.10538
1.10697
1.11613
1.12422
1.12879
1.12883
1.12307
1.11233
1.08451
1.02264
0.940877
1.04097
1.11815
1.11215
1.12764
1.1422
1.15163
1.17524
1.19786
1.39831
1.33099
1.28581
1.22136
1.15256
1.11941
1.09771
1.07654
1.29507
1.30342
1.29992
1.2871
1.27681
1.26592
1.24909
1.22531
1.19252
1.16904
0.692154
0.944163
0.967055
1.00107
1.0225
1.04102
1.05492
1.06804
1.07907
1.08928
1.09548
1.10141
1.10163
1.09072
1.16561
1.14315
1.13571
1.11984
1.10243
1.09652
1.0907
1.09916
1.1022
1.11039
1.11718
1.12327
1.12603
1.13173
1.13232
1.11957
1.10323
1.05698
0.963206
0.823955
1.09932
1.1193
1.11612
1.1293
1.13876
1.14433
1.15393
1.15537
1.22768
1.17837
1.12765
1.11338
1.08704
1.07911
1.08006
1.07175
1.07541
1.06048
1.28759
1.27734
1.273
1.25732
1.23442
1.21377
1.18037
1.14582
0.870463
0.96784
0.986574
1.00097
1.0192
1.03767
1.05151
1.0636
1.07411
1.08335
1.08841
1.09275
1.09562
1.08194
1.1569
1.132
1.11848
1.09614
1.07396
1.06119
1.05968
1.0757
1.08648
1.09802
1.10908
1.12027
1.12781
1.13232
1.13385
1.11552
1.08958
1.02654
0.886309
1.04519
1.10808
1.11468
1.11392
1.12659
1.13468
1.13588
1.13866
1.13299
1.15288
1.13679
1.33754
1.12505
1.13385
1.14911
1.1706
1.11763
1.25132
1.14449
1.27705
1.27184
1.26002
1.23595
1.21597
1.1955
1.16508
1.12346
0.934046
0.972714
0.987482
1.0009
1.01681
1.03478
1.04814
1.05936
1.06925
1.07748
1.08164
1.08512
1.09137
1.07796
1.14591
1.10916
1.09051
1.07
1.04958
1.02973
1.03287
1.03977
1.04768
1.06858
1.08676
1.10177
1.11425
1.12381
1.13753
1.11784
1.04858
0.957534
0.922243
1.08513
1.10384
1.10815
1.1097
1.12213
1.13329
1.12695
1.12492
1.11435
1.11901
1.12704
1.10963
1.10701
1.142
1.17282
1.1761
1.15311
1.13643
1.12869
1.25871
1.25356
1.23149
1.21291
1.1998
1.18148
1.15306
0.820353
0.94909
0.971845
0.985532
0.99837
1.01326
1.03003
1.0442
1.05518
1.06464
1.07208
1.07563
1.0788
1.08897
1.07699
1.1258
1.08595
1.0652
1.02057
0.989614
0.978034
0.972685
0.985612
1.01595
1.02775
1.03989
1.06362
1.08452
1.10158
1.11385
1.11848
1.04895
0.865259
0.975324
1.08522
1.09577
1.10525
1.10467
1.10709
1.13662
1.11462
1.1089
1.09865
1.10097
1.1061
1.08642
1.10912
1.15503
1.16349
1.14485
1.12518
1.11844
1.11904
1.21101
1.22075
1.20259
1.19393
1.18432
1.16673
1.13529
0.907378
0.951001
0.968833
0.981844
0.994196
1.00844
1.0243
1.04016
1.05139
1.06066
1.06748
1.07033
1.07329
1.08763
1.07648
1.10241
1.05945
1.00757
0.986407
0.974582
0.961782
0.958508
0.960751
0.958059
0.973023
1.00157
1.00512
1.01932
1.04626
1.07127
1.08851
1.0524
0.897347
0.814025
1.07484
1.09853
1.16105
1.10372
1.10813
1.15001
1.09957
1.09271
1.0866
1.08618
1.08771
1.07576
1.11387
1.14179
1.12365
1.1111
1.10516
1.10858
1.11489
1.13333
1.18926
1.18309
1.17694
1.17049
1.15443
0.758342
0.925457
0.949291
0.965125
0.978034
0.989757
1.00319
1.01821
1.03625
1.0483
1.05744
1.06356
1.06477
1.06741
1.08583
1.06207
1.07765
0.990716
0.975541
0.96385
0.941014
0.924026
0.921988
0.926776
0.930142
0.934797
0.934662
0.928952
0.945728
0.986017
1.00785
1.09139
1.02792
1.00062
0.977454
1.14152
1.26979
1.21929
1.15726
1.19426
1.35217
1.0804
1.07295
1.07668
1.08537
1.11329
1.12271
1.27395
1.26862
1.09637
1.09212
1.09542
1.10214
1.11205
1.18218
1.16922
1.16468
1.16708
1.15527
1.05662
0.889084
0.927926
0.94535
0.960713
0.973585
0.983992
0.996232
1.01089
1.02864
1.0426
1.052
1.0578
1.05426
1.05933
1.06971
1.06379
1.02947
0.948998
0.931772
0.90733
0.887101
0.872812
0.862312
0.869203
0.872237
0.875712
0.89951
0.927456
0.938224
1.00255
1.02917
1.07576
1.09447
0.961373
1.07546
1.18317
1.2201
1.29523
1.34127
1.31181
1.23078
1.11462
1.11039
1.14001
1.14561
1.16956
1.30006
1.22678
1.24242
1.0778
1.08168
1.08725
1.09581
1.12451
1.10011
1.15799
1.17413
1.16704
1.1226
0.73067
0.898107
0.923531
0.943747
0.963057
0.978922
0.989629
0.999787
1.01247
1.03054
1.04458
1.05329
1.05945
1.06105
1.0545
0.952467
0.927977
0.9163
0.966508
0.885556
0.874288
0.875025
0.871019
0.862391
0.869126
0.879629
0.896729
0.937189
0.951166
1.00916
1.01931
1.0195
0.891507
1.1642
1.20737
1.21746
1.20763
1.20051
1.22723
1.26739
1.27919
1.3321
1.16359
1.17323
1.18279
1.22872
1.31855
1.24663
1.20518
1.21089
1.05978
1.06477
1.07784
1.13463
1.11816
1.15957
1.17398
1.16824
1.1154
0.778768
0.857642
0.92352
0.948446
0.967759
0.982585
0.99591
1.00682
1.01479
1.02537
1.03784
1.04408
1.04327
1.03715
1.03036
1.00172
0.740098
1.03116
1.07073
1.06702
1.06734
1.06485
0.945678
0.792355
0.904043
0.899852
0.886698
0.885375
0.884427
0.890013
0.870825
1.09347
1.232
1.21179
1.21509
1.21172
1.20798
1.19406
1.17774
1.20159
1.21103
1.22086
1.26312
1.33033
1.34593
1.34204
1.30583
1.26143
1.20714
1.17892
1.193
1.02836
1.05457
0.815811
1.09052
1.0979
0.89503
0.786835
0.781191
0.8476
0.904442
0.935276
0.957284
0.973768
0.986438
0.998247
1.00982
1.01751
1.02082
1.02328
1.01881
1.00587
0.976151
0.926825
0.869626
0.831705
1.01756
1.0403
1.06142
1.08326
1.09848
1.09485
1.07778
1.07229
1.06377
1.08325
1.11024
1.13386
1.14277
1.16606
1.19715
1.22716
1.23832
1.21803
1.20956
1.20025
1.19272
1.17621
1.16068
1.17999
1.18598
1.18594
1.22284
1.27038
1.29392
1.29178
1.26483
1.22741
1.17867
1.17304
1.18423
1.05922
0.923634
1.13062
1.15952
0.947951
0.932569
0.919536
0.920488
0.929618
0.942581
0.957361
0.9714
0.982538
0.991178
0.99748
1.00591
1.00825
1.00383
0.996759
0.976401
0.937088
0.860417
0.755548
0.980634
0.988177
0.982974
1.02432
1.04346
1.0622
1.07221
1.06328
1.04996
1.06165
1.07049
1.09024
1.11776
1.13959
1.15185
1.18042
1.20788
1.22736
1.22936
1.20645
1.19901
1.18833
1.17882
1.16118
1.14424
1.1598
1.16849
1.17397
1.21526
1.2497
1.26269
1.25466
1.23484
1.19957
1.16115
1.1738
1.06063
0.921969
1.13614
1.15669
0.962699
0.937811
0.930764
0.925936
0.928385
0.936059
0.947486
0.960064
0.972229
0.981742
0.988308
0.99211
0.992933
0.987747
0.976351
0.965109
0.92935
0.861358
0.761882
1.01389
0.993066
0.957357
0.956715
1.02857
1.05927
1.07382
1.0776
1.06623
1.05672
1.06675
1.07524
1.09213
1.11771
1.13674
1.15163
1.17603
1.19999
1.21517
1.21623
1.19981
1.19613
1.18575
1.17485
1.15922
1.14203
1.15772
1.16818
1.18236
1.22677
1.25237
1.25124
1.22548
1.19648
1.16799
1.15343
1.20103
0.923186
1.13059
1.16145
1.17006
0.947467
0.917561
0.90672
0.903455
0.906913
0.916338
0.932325
0.948683
0.962521
0.973027
0.979765
0.983465
0.984371
0.975809
0.954184
0.921124
0.834748
0.707457
1.01745
1.03164
1.00352
0.941273
)
;
    }
    hills
    {
        type            calculated;
        value           nonuniform List<scalar> 
7200
(
1.04622
1.05413
1.0624
1.06899
1.07436
1.0769
1.07307
1.03854
1.16292
1.10641
1.1006
1.14018
1.13086
1.1277
1.127
1.12583
1.12347
1.11989
1.11477
1.10893
1.09982
1.09007
1.07795
1.06401
1.04911
1.04176
1.04371
1.01867
0.963028
0.845842
1.24306
1.26386
1.23011
1.01877
0.899592
3.5138
0.797752
0.977153
1.02157
1.18564
1.18992
1.07296
0.928583
0.850515
0.85659
0.845909
0.859316
0.908216
0.871709
0.881715
0.880196
0.87029
0.890526
0.934233
0.972444
0.988928
1.00054
1.01387
1.02881
1.03819
0.914952
0.928262
0.935442
0.930731
0.980916
1.01169
1.03127
1.04907
1.07173
1.00163
1.0155
1.06913
1.07196
1.08073
1.09417
1.10764
1.11708
1.12356
1.1269
1.13711
1.148
1.15168
1.14796
1.13295
1.08677
1.123
1.13025
1.08879
1.03687
0.85675
1.31225
1.30738
1.25301
1.02224
1.7231
3.63774
0.951626
1.05003
1.0375
1.15784
1.12672
0.887081
0.921686
0.914607
0.885127
0.842163
0.837453
0.834894
0.881987
0.879204
0.890664
0.893975
0.929489
0.834389
0.887998
0.872344
0.868668
0.895004
0.91446
0.916891
0.778438
0.793086
0.809565
0.822953
0.833721
0.843573
0.854494
0.871388
0.910049
0.907795
0.921873
0.960269
0.966653
0.978481
0.997245
1.01891
1.03993
1.05593
1.06675
1.07925
1.09286
1.10148
1.10322
1.09854
1.09968
1.10882
1.09056
1.05953
0.958264
1.2489
1.29427
1.2824
1.15856
0.689124
2.4693
1.52529
0.92723
1.04162
0.972252
1.08585
0.893211
0.925798
0.939731
0.944955
0.944142
0.936334
0.927832
0.799283
0.790676
0.810288
0.845551
0.892104
0.670825
0.583733
0.630734
0.782033
0.770611
0.757989
0.755525
0.785351
0.685862
0.685101
0.686318
0.688076
0.691042
0.687507
0.692516
0.678518
0.629627
0.529245
0.457457
0.341275
0.325609
0.280354
0.517371
0.76536
0.97022
0.896301
0.904688
0.910807
0.913631
0.909721
0.907628
0.908816
0.916668
0.942566
0.960242
0.940064
0.922716
1.02717
0.948227
0.785544
0.631969
0.697392
0.901346
0.912834
0.948189
0.976159
0.882897
0.877267
0.34339
0.202378
0.248653
0.494978
0.529118
0.537726
0.535744
0.536962
0.553866
0.603761
0.670557
0.707596
1.00059
0.900849
0.89524
0.89595
0.852383
0.780349
0.748516
0.70802
0.738695
0.732574
0.731852
0.730614
0.727824
0.725165
0.729037
0.743876
0.773418
0.782657
0.782761
0.791771
0.814886
0.866015
0.891476
0.898873
0.685271
0.686261
0.704183
0.675661
0.596943
0.570828
0.611035
0.783737
0.636067
0.279425
0.142528
0.165081
0.325246
0.466557
0.241045
0.226258
0.616101
0.730076
0.822899
0.829914
0.877793
0.945908
0.543674
0.607431
0.625934
0.533153
0.804208
0.837209
0.868095
0.890364
0.875999
0.878287
0.873819
0.776331
0.786964
0.661815
0.775461
0.844889
0.924827
0.961657
0.858835
0.805968
0.782286
0.760069
0.892049
0.888197
0.883644
0.880517
0.880063
0.884666
0.894637
0.902306
0.900009
0.896638
0.858607
0.836316
0.831503
0.802204
0.781431
0.697804
0.545696
0.606107
0.629473
0.664108
0.709222
0.739583
0.779137
0.802222
0.797445
0.765917
0.718044
0.709547
0.773942
0.778285
0.778338
0.775618
0.770793
0.792967
0.717202
0.775589
0.72167
0.708566
0.761189
0.809624
0.97147
0.818356
0.809319
0.803488
0.780553
0.746601
0.730578
0.72291
0.7098
0.710675
0.723434
0.739383
0.759412
0.777504
0.792747
0.813335
0.841036
0.862759
0.88046
0.890319
0.822642
0.831166
0.838508
0.841355
0.841905
0.840013
0.835491
0.831697
0.963705
0.984637
0.897333
0.833956
0.797552
0.703246
0.754197
0.664687
0.499258
0.542743
0.573207
0.601657
0.615676
0.624261
0.687161
0.769744
0.818014
0.860341
0.911834
0.954181
0.987577
1.01662
1.03477
0.940116
0.840044
0.774863
0.841951
0.818381
0.818053
0.674819
0.697111
0.65879
0.946264
0.954029
0.951023
0.877117
0.862131
0.81822
0.766041
0.724138
0.666731
0.672124
0.714048
0.722444
0.731873
0.733697
0.72987
0.73271
0.749299
0.770121
0.797391
0.814892
0.780298
0.797177
0.808997
0.815758
0.814692
0.800087
0.983326
0.98114
0.927392
0.904068
0.847253
0.806697
0.755145
0.848529
0.649122
0.702508
0.485515
0.531611
0.790525
0.799619
0.834236
0.470745
0.800348
0.50706
0.587857
0.668936
0.733968
0.78922
0.861885
0.933522
0.977622
0.966047
1.03544
1.00737
0.943099
0.877643
0.843067
0.683391
0.618917
0.707695
0.881683
0.897244
0.902358
0.859589
0.873301
0.862182
0.830332
0.797251
0.736579
0.7385
0.727267
0.727556
0.731186
0.725484
0.709531
0.694172
0.70323
0.716834
0.73778
0.760133
0.749568
0.758927
0.77189
0.776112
0.772125
0.991062
0.991876
0.966058
0.906206
0.898397
0.868433
0.877962
0.667007
0.620325
0.696602
0.469013
0.494964
0.531281
0.815456
0.828652
0.862346
0.921083
0.700432
0.535409
0.554459
0.611704
0.673815
0.737083
0.815498
0.888535
0.929888
0.927121
1.00136
0.973484
0.905797
0.879291
0.792796
0.618668
0.621523
0.740058
0.819732
0.830539
0.752118
0.814678
0.844256
0.867836
0.871599
0.864651
0.847984
0.823466
0.762034
0.731117
0.725327
0.718632
0.700174
0.677136
0.677364
0.701734
0.72425
0.735609
0.731348
0.730529
0.725636
0.715446
0.719368
0.962225
0.968102
0.961726
0.970037
0.93579
0.912629
0.660864
0.670835
0.680814
0.631377
0.507489
0.529993
0.547039
0.839585
0.859731
0.885773
0.513469
0.732594
0.693002
0.561692
0.610264
0.662878
0.742537
0.827195
0.89918
0.938482
0.933268
0.773975
0.953911
0.890269
0.866589
0.698636
0.611431
0.643602
0.63347
0.712203
0.746986
0.730263
0.760991
0.795512
0.835752
0.869327
0.880529
0.888826
0.89125
0.832025
0.762195
0.737747
0.702356
0.653143
0.915217
0.627322
0.625371
0.65097
0.701755
0.644889
0.644571
0.649119
0.665659
0.660966
1.01924
1.02543
1.01799
0.983048
0.922177
0.701161
0.656195
0.853694
0.672324
0.522709
0.54486
0.560275
0.570187
0.568566
0.866456
0.899381
0.516894
0.544644
0.547776
0.579569
0.630461
0.685844
0.770471
0.85876
0.926276
0.955858
0.940503
0.867474
0.930077
0.884163
0.837418
0.634665
0.628202
0.615293
0.510348
0.628037
0.682119
0.725588
0.76347
0.800747
0.845911
0.886826
0.900093
0.903352
0.905027
0.760771
0.81044
0.757615
0.673899
0.682196
0.898233
0.666445
0.648078
0.641916
0.643123
0.667357
0.676462
0.712074
0.767607
0.770128
0.777443
0.784233
0.76718
0.745801
0.798389
0.647454
0.730042
0.67991
0.535395
0.555353
0.576764
0.587682
0.590048
0.583831
0.573203
0.558376
0.543229
0.545013
0.564493
0.602713
0.655629
0.71942
0.809863
0.895336
0.949635
0.962433
0.929053
0.841359
0.723714
0.874078
0.741103
0.619517
0.641295
0.318702
0.498555
0.656788
0.733635
0.801576
0.851167
0.884321
0.906597
0.914433
0.914001
0.912459
0.908409
0.590217
0.848387
0.756454
0.671932
0.689274
0.9327
0.695836
0.687023
0.68422
0.672087
0.706668
0.711176
0.75448
0.784257
0.792194
0.794068
0.807566
0.72286
0.882589
0.666601
0.686521
0.70034
0.715158
0.565511
0.593248
0.609854
0.616182
0.610323
0.599913
0.589241
0.578697
0.571055
0.57349
0.589086
0.630556
0.686708
0.762011
0.851603
0.925416
0.96244
0.955052
0.897572
0.788628
0.686717
0.765076
0.646729
0.629259
0.647943
0.380724
0.583127
0.732783
0.840364
0.897039
0.919217
0.926278
0.920212
0.906566
0.902897
0.907963
0.788958
0.594381
0.700689
0.74685
0.666004
0.672369
0.984135
0.693312
0.686506
0.699745
0.706025
0.742478
0.785805
0.76495
0.796488
0.803544
0.80804
0.751763
0.831398
0.74329
0.665081
0.753622
0.759108
0.572338
0.610313
0.636387
0.648359
0.644783
0.630549
0.615804
0.60486
0.597754
0.594074
0.597647
0.61644
0.658391
0.725289
0.809994
0.892301
0.949555
0.966209
0.93786
0.851293
0.728622
0.639814
0.578032
0.465538
0.636813
0.653151
0.445499
0.705146
0.846215
0.915979
0.931448
0.926197
0.909784
0.886979
0.866301
0.871135
0.854812
0.70334
0.608322
0.640777
0.74074
0.659245
0.65064
0.736318
0.675454
0.670392
0.682894
0.709085
0.784891
0.774924
0.785135
0.806655
0.817062
0.81805
0.742614
0.747833
0.606303
0.748062
0.772836
0.576466
0.627417
0.66661
0.685962
0.688923
0.675198
0.654386
0.634668
0.621081
0.615035
0.614641
0.621668
0.640923
0.685628
0.764303
0.851298
0.922981
0.960121
0.956159
0.902571
0.790688
0.672094
0.607626
0.55092
0.456967
0.405219
0.415868
0.642825
0.804197
0.91105
0.933365
0.919858
0.899652
0.875348
0.851909
0.835669
0.866164
0.690694
0.663042
0.62311
0.644673
0.689468
0.655195
0.642418
0.953706
0.673105
0.663364
0.667075
0.690283
0.732627
0.823637
0.815975
0.822091
0.826758
0.670487
0.295115
0.557537
0.693651
0.783172
0.576194
0.643194
0.698805
0.731575
0.747213
0.738833
0.716186
0.688079
0.662104
0.64375
0.635415
0.635504
0.643576
0.658236
0.711638
0.786504
0.8754
0.930808
0.950457
0.924933
0.844397
0.718709
0.623652
0.586034
0.523942
0.44071
0.397435
0.411136
0.611462
0.855235
0.931049
0.927413
0.904068
0.88409
0.867948
0.85634
0.804492
0.678271
0.651647
0.658925
0.648199
0.654363
0.616753
0.660073
0.652241
0.7129
0.976134
0.666793
0.667115
0.688304
0.770431
0.798863
0.807929
0.81736
0.804182
0.569019
0.444319
0.895963
0.800813
0.570751
0.650586
0.723099
0.775057
0.810437
0.800613
0.78217
0.747965
0.70922
0.67565
0.651571
0.63864
0.637002
0.645231
0.663299
0.722766
0.821871
0.888076
0.925106
0.911339
0.86186
0.755099
0.635657
0.581412
0.565148
0.484409
0.411063
0.379107
0.402438
0.457325
0.850995
0.935436
0.935882
0.923994
0.753609
0.700538
0.695531
0.651469
0.619964
0.631004
0.65846
0.651541
0.663952
0.611686
0.652177
0.661449
0.642689
0.701217
0.797655
0.695109
0.721876
0.773004
0.794444
0.783011
0.774725
0.67792
0.501284
0.786899
0.734072
0.563293
0.637754
0.736613
0.811441
0.84314
0.861528
0.857281
0.827722
0.782119
0.733444
0.690679
0.65979
0.643434
0.642697
0.649397
0.66715
0.736909
0.809345
0.856398
0.860784
0.839582
0.763143
0.647839
0.566721
0.561356
0.540271
0.441341
0.383698
0.37196
0.420443
0.429424
0.807777
0.940363
0.951169
0.779807
0.684862
0.641321
0.588631
0.601676
0.589542
0.624967
0.669298
0.670844
0.999387
0.657128
0.642637
0.653907
0.654591
0.650478
0.670827
0.721888
0.75354
0.770423
0.768831
0.779166
0.918189
0.749819
0.63152
0.133779
0.74549
0.575407
0.717174
0.820091
0.880176
0.913491
0.92302
0.909244
0.8737
0.820033
0.761674
0.710237
0.672408
0.650601
0.646261
0.650631
0.667717
0.723307
0.741215
0.758382
0.760538
0.723668
0.638677
0.550091
0.52865
0.55897
0.498321
0.379537
0.365251
0.43127
0.431823
0.381517
0.628122
0.889314
0.579503
0.581247
0.554622
0.526424
0.512009
0.51678
0.557108
0.595882
0.645476
0.625602
0.642282
0.68885
0.652119
0.655448
0.656262
0.656178
0.677355
0.742323
0.750721
0.766142
0.769546
0.824351
0.752104
0.895502
1.00869
0.355977
0.594768
0.680075
0.818651
0.900766
0.950831
0.976849
0.982351
0.965005
0.925118
0.865956
0.799725
0.740115
0.69513
0.666238
0.655154
0.658232
0.665843
0.707334
0.684668
0.663259
0.656451
0.60723
0.533311
0.492126
0.530949
0.555002
0.459352
0.346179
0.423072
0.453056
0.367137
0.365501
0.399281
0.798852
0.446098
0.494277
0.501956
0.477146
0.466892
0.481507
0.494827
0.588061
0.64608
0.618886
0.630252
0.736197
0.675553
0.68677
0.688113
0.677354
0.764769
0.787175
0.785364
0.756344
0.828461
0.526125
0.398641
0.992133
0.689465
0.636256
0.703417
0.820808
0.912019
0.975873
1.01641
1.03769
1.03999
1.02111
0.979157
0.916857
0.843724
0.776797
0.725677
0.690921
0.671874
0.669429
0.671618
0.69217
0.671927
0.587691
0.538294
0.492813
0.443939
0.449167
0.532429
0.531645
0.422082
0.369996
0.476826
0.455594
0.352353
0.354769
0.56819
0.827105
0.975759
0.457641
0.487836
0.464615
0.452486
0.451659
0.488521
0.578547
0.642915
0.606946
0.608175
0.817969
0.739072
0.785906
0.797942
0.766858
0.750719
0.809992
0.799931
0.8875
0.720709
0.351367
1.04459
0.747245
0.659362
0.745132
0.84143
0.925008
0.991196
1.0455
1.07696
1.09299
1.09244
1.07337
1.0322
0.968956
0.890459
0.816723
0.759556
0.720132
0.696108
0.683361
0.681793
0.676788
0.692623
0.587157
0.464736
0.419373
0.402878
0.435529
0.474349
0.51725
0.380507
0.420209
0.46171
0.457822
0.451568
0.486715
0.406166
0.366615
0.410017
0.429608
0.485095
0.479197
0.465179
0.455292
0.462227
0.531118
0.642352
0.60073
0.596812
0.857011
0.810927
0.826562
0.861222
0.766013
0.781862
0.817378
0.774881
0.734778
0.419331
1.06585
0.847898
0.664794
0.772571
0.869014
0.949161
1.01255
1.06243
1.1031
1.1271
1.13825
1.13599
1.11747
1.07872
1.01754
0.937593
0.856865
0.792372
0.748079
0.720677
0.703586
0.689356
0.679363
0.665433
0.669599
0.523355
0.441296
0.457567
0.486538
0.399812
0.318004
0.262126
0.292129
0.408905
0.273122
0.294976
0.481741
0.354573
0.415819
0.400807
0.402952
0.47236
0.49629
0.488026
0.474855
0.468826
0.518259
0.642512
0.602943
0.59541
0.854362
0.820639
0.84071
0.869774
0.806716
0.813418
0.816429
0.875491
0.662347
0.723363
1.04604
0.666512
0.794804
0.899273
0.977072
1.03704
1.08319
1.12003
1.14962
1.16596
1.17267
1.16972
1.15294
1.11831
1.06109
0.98249
0.896636
0.823154
0.771312
0.739677
0.719561
0.700691
0.677252
0.652495
0.633462
0.65427
0.499841
0.502499
0.446605
0.34721
0.27107
0.281065
0.345702
0.355676
0.412694
0.431561
0.333392
0.377121
0.434551
0.362384
0.393225
0.458351
0.503918
0.512374
0.496663
0.489002
0.49243
0.640556
0.620106
0.587944
0.704891
0.839888
0.840649
0.865648
0.854321
0.831549
0.801816
0.784146
0.403601
1.01782
0.669269
0.801555
0.934365
1.01034
1.07443
1.11555
1.14678
1.17131
1.18943
1.19975
1.20268
1.19766
1.18255
1.15199
1.10093
1.02727
0.940374
0.858001
0.795795
0.755999
0.729338
0.704346
0.674188
0.644326
0.617701
0.574845
0.47303
0.393529
0.369156
0.275698
0.272501
0.313299
0.374563
0.37605
0.435802
0.522967
0.35341
0.262115
0.441305
0.326715
0.390564
0.553575
0.587276
0.566718
0.529505
0.515848
0.509077
0.634713
0.641512
0.561223
0.592273
0.847982
0.840978
0.860653
0.865916
0.850192
0.916332
0.729637
0.980423
0.898826
0.765735
0.93166
1.03424
1.09167
1.14197
1.17239
1.19452
1.21072
1.22244
1.22902
1.22898
1.22258
1.20727
1.17915
1.13417
1.06845
0.985315
0.898093
0.824646
0.771555
0.732538
0.69659
0.65978
0.630849
0.60633
0.580407
0.482661
0.292017
0.306107
0.281255
0.341234
0.386456
0.373291
0.382465
0.426846
0.395716
0.363167
0.274718
0.290306
0.304096
0.330091
0.465891
0.551673
0.584688
0.595314
0.607685
0.530283
0.53473
0.63129
0.552447
0.537839
0.789712
0.828226
0.822124
0.816643
0.822403
0.79907
0.680058
1.06076
0.717063
0.890471
1.02325
1.10157
1.1496
1.18632
1.21002
1.22743
1.23872
1.24623
1.24985
1.2483
1.24126
1.22553
1.1991
1.15837
1.10065
1.02425
0.936033
0.851889
0.782387
0.726555
0.67539
0.635342
0.608383
0.58955
0.582887
0.580051
0.500181
0.330775
0.359088
0.147825
0.273806
0.521267
0.582795
0.447979
0.309497
0.373643
0.319959
0.282564
0.276549
0.278281
0.297368
0.447757
0.548454
0.557954
0.569777
0.613843
0.527345
0.645657
0.582975
0.526986
0.640757
0.785675
0.785687
0.840225
0.8916
0.725815
0.455208
1.08978
0.771069
0.948099
1.05723
1.12276
1.16518
1.19672
1.21759
1.23281
1.24251
1.24834
1.25014
1.24744
1.23998
1.2239
1.1976
1.15899
1.10489
1.03116
0.942585
0.849368
0.762556
0.690266
0.638839
0.607302
0.589628
0.589532
0.582213
0.613847
0.558853
0.50668
0.828454
0.885631
1.01423
1.06254
1.05898
0.999405
0.638992
0.14401
0.372458
0.465115
0.377761
0.429044
0.426221
0.306798
0.446065
0.570517
0.589203
0.575285
0.536026
0.519807
0.606284
0.548697
0.752584
0.731913
0.784317
0.843435
0.972051
0.681536
0.377083
0.737363
0.84076
1.00726
1.0992
1.15515
1.192
1.21848
1.23539
1.24767
1.25526
1.2594
1.2601
1.25652
1.24875
1.23523
1.21241
1.17809
1.1289
1.06192
0.973618
0.867252
0.754044
0.658362
0.60858
0.584202
0.591535
0.612344
0.617019
0.564246
0.493808
0.51946
0.833731
0.902848
0.958763
1.03627
1.06642
1.06025
1.0369
0.990503
0.675768
0.537006
0.579133
0.554701
0.416907
0.456912
0.305144
0.542174
0.582595
0.579549
0.618553
0.551367
0.637831
0.574139
0.743504
0.614534
0.796696
0.875968
0.901304
0.672877
1.02483
0.733168
0.913868
1.06617
1.14537
1.19223
1.22182
1.24319
1.25612
1.26453
1.26941
1.27146
1.2707
1.26637
1.25845
1.24591
1.22622
1.19629
1.15273
1.09069
1.00423
0.888547
0.749764
0.633802
0.591375
0.5868
0.614617
0.6401
0.554913
0.509249
0.228482
0.361608
0.827037
0.875839
0.878148
0.960379
1.01973
1.03636
1.05912
1.06228
1.00021
1.03708
0.632599
0.654795
0.651384
0.368601
0.393203
0.507289
0.585714
0.602132
0.557919
0.545813
0.654113
0.587247
0.734615
0.620492
0.812841
0.909149
0.856717
0.665441
1.10734
0.758156
0.976641
1.11533
1.18389
1.22181
1.24392
1.26039
1.26942
1.27512
1.27786
1.27818
1.27616
1.27095
1.26192
1.2491
1.22965
1.20051
1.15789
1.09579
1.0056
0.877781
0.724778
0.624555
0.589813
0.592619
0.614232
0.545636
0.277672
0.17661
0.146601
0.338279
0.864683
0.786038
0.867244
0.917012
0.97377
1.02117
1.03799
1.05429
1.06367
1.04841
0.981779
0.969731
0.612027
0.655798
0.390519
0.665644
0.596375
0.596639
0.528876
0.527557
0.647687
0.592968
0.74569
0.613442
0.807337
0.895067
0.772436
0.659872
0.865967
0.792523
1.02793
1.15397
1.21294
1.24342
1.25931
1.27247
1.2783
1.28169
1.28282
1.28182
1.27849
1.27201
1.26178
1.2472
1.22567
1.1941
1.14741
1.07916
0.981013
0.846363
0.695532
0.616665
0.593708
0.594285
0.603309
0.494176
0.29297
0.166178
0.222181
0.604281
0.93805
0.819907
0.871041
0.91054
0.961358
1.02829
1.02455
1.03327
1.04458
1.05369
1.0577
1.04816
0.990639
0.886532
0.64499
0.767401
0.577569
0.598329
0.503811
0.519152
0.632459
0.580492
0.574399
0.601196
0.780977
0.846673
0.728878
0.662357
0.841229
0.829331
1.07087
1.1849
1.23383
1.25694
1.26675
1.2785
1.28095
1.28281
1.28262
1.28061
1.27708
1.26983
1.25847
1.24089
1.21497
1.17639
1.12317
1.04922
0.944273
0.804116
0.664398
0.608597
0.599555
0.596067
0.592687
0.541553
0.361029
0.193634
0.619435
0.776293
0.951716
0.860751
0.88493
0.919359
0.964404
1.01618
1.0322
1.02238
1.02432
1.03002
1.03786
1.04672
1.0495
0.96607
0.878993
0.658082
0.658331
0.536601
0.488677
0.603317
0.616055
0.542201
0.534911
0.584883
0.718829
0.817361
0.738169
0.670965
0.821495
0.871417
1.11171
1.21251
1.25195
1.26844
1.27268
1.2816
1.2826
1.28208
1.28022
1.27655
1.27063
1.26185
1.24903
1.22841
1.19615
1.1518
1.09453
1.01615
0.904653
0.761164
0.642251
0.605169
0.606708
0.59826
0.578962
0.591844
0.484495
0.639055
0.679053
1.0255
0.872198
0.894756
0.915848
0.942105
0.971933
1.00551
1.01903
1.03061
1.01948
1.00914
1.01616
1.02716
1.03732
1.02936
0.949047
0.660109
0.647002
0.510322
0.519287
0.656738
0.608119
0.510011
0.486764
0.732956
0.772793
0.822913
0.775793
0.677375
0.815019
0.918642
1.14826
1.23558
1.26556
1.27574
1.27294
1.28156
1.28013
1.27761
1.27362
1.26808
1.26019
1.24896
1.23243
1.20588
1.16888
1.12142
1.06106
0.978811
0.863171
0.722927
0.631521
0.608863
0.614722
0.60145
0.56665
0.62148
0.617227
0.824543
1.02379
0.975839
0.904939
0.938385
0.951985
0.963056
0.978773
0.996629
1.00724
1.01807
1.02383
1.02507
1.01441
1.01427
1.02256
1.00204
0.902149
0.716837
0.665761
0.610963
0.654574
0.652125
0.571214
0.50865
0.489701
0.865738
0.955383
0.868822
0.787627
0.677756
0.846816
0.972171
1.18338
1.25558
1.27717
1.28142
1.27038
1.2798
1.27583
1.27053
1.26374
1.25534
1.24438
1.22961
1.20776
1.1756
1.13568
1.08625
1.02389
0.938413
0.821799
0.692157
0.62887
0.618325
0.623604
0.609234
0.577823
0.685149
1.00358
1.01497
0.989454
0.952536
0.973575
0.979225
0.977677
0.97956
0.983855
0.989752
0.997286
1.00668
1.01364
1.01835
1.02347
1.02877
1.02251
0.974778
0.767086
0.688562
0.691289
0.721597
0.628195
0.606368
0.567819
0.529665
0.506252
0.949197
0.994793
0.899611
0.78182
0.677284
0.888193
1.0347
1.21953
1.275
1.28894
1.28881
1.27092
1.27933
1.27064
1.26092
1.25004
1.23781
1.22333
1.20413
1.17474
1.13807
1.09488
1.04544
0.981837
0.89481
0.780373
0.670565
0.632154
0.63119
0.63474
0.625486
0.625354
0.872801
0.980579
0.988355
0.996057
1.00673
1.01873
1.00434
0.994786
0.990718
0.98786
0.985971
0.990107
0.997064
1.00382
1.0091
1.01395
1.01668
0.996424
0.943261
0.667477
0.669822
0.668123
0.600098
0.60407
0.602007
0.58511
0.569996
0.57526
0.875209
1.01089
0.915544
0.773068
0.67458
0.946759
1.10308
1.25293
1.29426
1.30287
1.29971
1.28025
1.2811
1.26599
1.24936
1.23258
1.21533
1.19632
1.16917
1.13279
1.09164
1.04686
0.995329
0.93381
0.847161
0.740346
0.657357
0.640587
0.647232
0.650948
0.650971
0.69809
0.93849
0.931549
1.02623
1.03738
1.03333
1.03159
1.01421
1.00309
0.997205
0.991594
0.985665
0.986524
0.990263
0.994898
0.998446
1.00012
0.991286
0.940876
0.738486
0.665321
0.671643
0.707607
0.616463
0.611078
0.608567
0.60974
0.624988
0.646869
0.85195
0.942593
0.905461
0.693104
0.527619
0.981928
1.16848
1.27927
1.30929
1.31534
1.31107
1.29291
1.28422
1.26123
1.23671
1.21166
1.1881
1.16146
1.12304
1.07943
1.03387
0.987377
0.935489
0.870835
0.78762
0.697474
0.650074
0.654659
0.667586
0.672744
0.686581
0.779653
0.846685
0.989671
1.04449
1.04406
1.02619
1.02033
1.01331
1.00477
1.00023
0.995212
0.988195
0.986377
0.9867
0.987786
0.987365
0.980793
0.950585
0.933254
0.670346
0.677579
0.729514
0.744919
0.637495
0.622328
0.61666
0.645593
0.713343
0.705649
0.755757
0.906697
0.858486
0.679675
0.380585
0.956602
1.22704
1.30246
1.31928
1.31926
1.31183
1.29572
1.28321
1.25502
1.22092
1.18606
1.15401
1.11353
1.06443
1.01502
0.967807
0.922328
0.87324
0.813458
0.737811
0.670985
0.662233
0.695063
0.708247
0.706259
0.733019
0.935642
0.861219
1.0086
1.02672
1.02099
1.00488
0.993725
1.00601
1.00166
1.00019
0.998263
0.992511
0.988934
0.986002
0.982729
0.975136
0.955374
0.909453
0.686362
0.675158
0.6178
0.823299
0.713324
0.65095
0.633176
0.631348
0.713243
0.832441
0.739235
0.852211
0.880702
0.833576
0.670922
0.456776
1.05463
1.27605
1.32388
1.3336
1.32982
1.31689
1.29174
1.27172
1.24035
1.19642
1.15193
1.11025
1.05231
0.993749
0.940698
0.895711
0.855017
0.811105
0.757569
0.69905
0.737361
0.785631
0.757765
0.81982
0.82125
0.824801
0.81518
0.92815
0.992601
0.999434
0.994567
0.983382
0.972614
0.995882
0.99625
0.997775
0.999499
0.996949
0.993131
0.987674
0.978625
0.96085
0.921111
0.984746
0.662439
0.419371
0.663714
1.00555
0.853435
0.666568
0.645813
0.671301
0.79105
0.966445
0.983264
0.969752
0.980412
0.711871
0.669806
0.927594
1.13338
1.30851
1.33288
1.33496
1.32729
1.31346
1.28757
1.25376
1.21341
1.15696
1.10393
1.0465
0.975587
0.913247
0.862468
0.821802
0.788058
0.75128
0.715053
0.827295
0.700385
0.709081
0.750729
0.79733
0.804636
0.813059
0.834898
0.943909
0.974199
0.977231
0.971744
0.963319
0.955515
0.979836
0.988646
0.992092
0.997114
0.999295
0.99744
0.990495
0.974705
0.943745
0.897802
0.659098
0.355665
0.473933
0.843148
0.959328
0.869846
0.677839
0.639067
0.661063
0.761749
0.782479
0.713875
0.913267
0.718793
0.679796
0.598437
0.944879
1.21182
1.3236
1.33184
1.32621
1.3135
1.2972
1.27336
1.22579
1.17512
1.09923
1.04004
0.96225
0.885868
0.827358
0.784561
0.752453
0.727825
0.719699
0.733391
0.699851
0.71614
0.750271
0.815027
0.841102
0.83599
0.833595
0.893529
0.946942
0.964064
0.965371
0.959272
0.952318
0.947058
0.96072
0.981647
0.986347
0.992704
0.998784
1.00041
0.99167
0.968887
0.933122
0.705872
0.657439
0.398879
0.837892
0.982887
0.945479
0.82855
0.726069
0.66006
0.724079
0.786014
0.775822
0.622454
0.700316
0.764741
0.664644
0.411011
1.02538
1.27803
1.32681
1.32805
1.31623
1.29755
1.27413
1.24557
1.18895
1.11252
1.02193
0.949998
0.862723
0.792113
0.747114
0.718404
0.699059
0.737985
0.705956
0.700702
0.716822
0.73974
0.819693
0.859676
0.884012
0.891031
0.895719
0.936742
0.955136
0.947638
0.91994
0.942002
0.948293
0.946205
0.95045
0.967298
0.978911
0.986963
0.997207
1.00265
0.993275
0.958941
1.0234
0.66633
0.335151
0.817758
0.888539
1.00017
0.954053
0.812784
0.742604
0.663714
0.702945
0.759051
0.728084
0.685442
0.865282
0.77713
0.670232
0.986381
1.22843
1.30584
1.32927
1.32293
1.30598
1.27988
1.24824
1.20862
1.13363
1.03198
0.933059
0.848114
0.764589
0.712668
0.687015
0.676075
0.761239
0.707813
0.700547
0.716316
0.735296
0.787853
0.848305
0.90306
0.925523
0.937222
0.933221
0.937184
0.893258
0.87547
0.869342
0.869398
0.908715
0.948758
0.94744
0.945208
0.951108
0.968581
0.990857
1.00383
1.00062
1.03704
0.694121
0.390653
0.550873
0.931488
1.00976
1.00547
0.969977
0.818889
0.895336
0.795806
0.743974
0.737425
0.631472
0.853291
0.886849
0.709926
0.477282
0.980548
1.2848
1.32535
1.33061
1.31861
1.29599
1.26249
1.22198
1.16248
1.06366
0.942418
0.848923
0.759966
0.6984
0.670319
0.663462
0.701816
0.744313
0.705017
0.718118
0.734742
0.764206
0.840743
0.887087
0.930392
0.959742
0.964218
0.930628
0.90399
0.924593
0.976144
1.00968
1.02616
1.03146
0.862487
0.941347
0.938099
0.933889
0.943068
0.970611
1.04978
1.03694
0.788164
0.659393
0.389063
0.833815
1.00928
0.962822
0.988282
0.971619
0.812368
0.726125
0.781021
0.962925
0.919891
0.774278
0.903474
0.895271
0.688884
0.950748
1.09486
1.31702
1.33468
1.3375
1.32049
1.29108
1.2477
1.18442
1.08873
0.961965
0.838283
0.762983
0.69593
0.665996
0.68104
0.885935
0.738231
1.00162
1.00868
1.01367
1.01978
1.03137
0.897545
1.08613
0.961856
0.984385
0.964249
0.95096
0.878294
0.905889
0.963868
0.998723
1.00547
0.985529
0.948854
1.05843
0.993865
0.985621
1.00905
1.04694
1.06499
1.01635
0.738955
0.338732
0.603849
0.814788
1.02835
0.958923
0.978704
0.969176
0.804146
0.752545
0.720493
0.858118
0.635927
0.885575
0.912365
0.870106
0.625456
0.999996
1.28831
1.33843
1.34597
1.33847
1.31604
1.27607
1.21406
1.12465
1.00051
0.862172
0.764128
0.699192
0.66737
0.67728
0.78988
0.780316
0.787223
1.00497
1.01123
1.01785
1.02513
1.08279
1.08297
1.07589
0.979538
0.992521
0.966825
0.959167
0.87777
0.891296
0.912906
1.09853
1.09343
1.0896
1.0774
1.05765
1.03854
1.01305
0.978652
0.88487
0.950709
0.867104
0.653752
0.541802
0.776656
0.873142
1.03577
0.958412
0.987914
0.966576
0.796953
0.719947
0.692888
0.737629
0.797067
0.92519
0.919135
0.791029
0.940099
1.02421
1.31132
1.3467
1.35025
1.33011
1.30376
1.25617
1.17631
1.06162
0.920449
0.791538
0.71422
0.679805
0.864052
0.752857
0.784013
0.794641
1.01517
1.00964
1.01509
1.02223
1.03469
1.09319
1.1036
1.11352
1.03745
0.995444
0.989038
0.979081
0.830159
1.03207
1.04786
1.07276
1.08497
1.08523
1.07859
1.06522
1.0453
1.02139
0.982293
0.956566
0.983779
0.658895
0.3351
0.640851
0.782932
0.901472
1.04064
0.961423
0.997725
1.11398
0.750594
0.732759
0.674766
0.66256
0.848539
0.931864
0.919282
0.74536
0.992352
1.02126
1.3275
1.34209
1.34561
1.3219
1.28813
1.22452
1.12867
1.00024
0.853612
0.74353
0.681921
0.764231
0.720138
0.735388
0.749164
0.766514
1.02618
1.01576
1.01863
1.02652
1.04928
1.09997
1.11399
1.09208
1.03778
1.00701
1.01419
0.980489
0.788623
0.999138
1.03501
1.05954
1.06695
1.07238
1.0699
1.05958
1.03985
1.00609
0.964248
0.959421
0.885364
0.667379
0.553284
0.732454
1.06931
0.917545
1.0408
0.96704
1.00603
0.930532
0.732134
0.741974
0.691526
0.688144
0.911983
0.9276
0.900514
0.750849
1.01642
1.019
1.32842
1.34321
1.34294
1.30115
1.25835
1.1889
1.08429
0.950704
0.815477
0.764336
0.720557
0.721477
0.730042
0.741851
0.756197
0.816774
1.03458
1.02267
1.02249
1.03349
1.08768
1.10648
1.11431
1.0585
1.02325
0.987999
0.970839
0.962678
0.944364
0.990804
1.03094
1.05466
1.06384
1.06652
1.05102
1.0363
1.01627
0.979095
0.935627
0.919895
0.617732
0.363289
0.651436
0.752818
1.06489
0.927222
1.04156
1.02743
0.998481
0.90543
0.726409
0.74548
0.680109
0.835541
0.931447
0.925773
0.843882
0.895457
1.02353
1.03295
1.10835
1.31142
1.32601
1.26523
1.21939
1.15497
1.0538
0.935254
0.745943
0.767832
0.749435
0.744895
0.752179
0.762228
0.786968
1.05394
1.04095
1.02836
1.02617
1.04385
1.10332
1.11446
1.09955
1.04244
1.0076
0.968679
0.95963
0.952707
0.910781
0.96709
1.0049
1.02225
1.03206
1.0337
1.02589
1.0079
0.955587
0.933722
0.894519
0.735147
0.502187
0.568974
0.67506
0.802025
1.05837
0.93389
1.04061
1.02425
0.98386
0.864095
0.73597
0.716979
0.694822
0.8679
0.945046
0.922383
0.771997
0.973123
1.03002
1.04634
1.03241
0.994347
1.28691
0.983375
0.990208
0.9452
0.882233
0.831236
0.792294
0.762931
0.756086
0.759902
0.76784
0.777814
0.827396
1.05861
1.04697
1.03332
1.03029
1.08452
1.10678
1.11678
1.06959
1.02936
0.989817
0.957316
0.950748
0.947909
0.878607
0.936221
0.964459
0.9795
0.988276
0.984493
0.970368
0.945914
0.913638
0.861456
0.835025
0.705505
0.52442
0.643056
0.717998
0.852726
1.05225
1.02797
1.03753
1.01509
0.967644
0.830747
0.774222
0.684916
0.695768
0.906358
0.92805
0.904996
0.721572
1.00428
1.03914
1.05851
1.05549
1.03863
0.993014
1.03589
1.04931
0.964449
0.902442
0.832926
0.774356
0.757552
0.76359
0.774799
0.782852
0.791609
1.05367
1.06276
1.05174
1.03709
1.03666
1.09803
1.11184
1.10977
1.04599
1.01328
0.974504
0.950123
0.944763
0.946562
0.841503
0.89682
0.927788
0.938362
0.943258
0.934543
0.906662
0.863009
0.836256
0.834568
0.628039
0.599366
0.615691
0.738124
0.74388
0.862811
1.04996
1.03314
1.03248
1.00525
0.953208
0.796201
0.782437
0.681212
0.85145
0.925509
0.917741
0.853556
0.978048
1.01319
1.04953
1.0656
1.06707
1.0565
1.03165
1.07347
1.0108
0.994111
0.997256
0.832931
0.768711
0.754172
0.768024
0.791942
0.798958
0.804488
1.06213
1.06549
1.05542
1.03965
1.04312
1.10007
1.11561
1.08984
1.03462
0.998389
0.959499
0.945017
0.941134
0.946522
0.822429
0.860828
0.872089
0.891294
0.890089
0.851297
0.820736
0.809316
0.797513
0.739151
0.532994
0.600256
0.598236
0.667535
0.756203
1.05149
1.04631
1.03343
1.02623
1.00635
0.934752
0.748745
0.775155
0.708798
0.866352
0.92961
0.901263
0.777226
0.869579
1.02345
1.05715
1.06823
1.07271
1.06592
1.06461
1.03249
1.02793
1.02508
1.00036
0.982079
0.774197
0.759528
0.780594
0.798536
0.817568
0.815488
1.062
1.06738
1.05825
1.04174
1.05759
1.09929
1.11368
1.06071
1.02182
0.986415
0.950144
0.941908
0.939618
0.945628
0.839655
0.885414
0.880801
0.851659
0.823561
0.79383
0.765782
0.748739
0.81347
0.543078
0.51993
0.558386
0.629943
0.704866
0.79724
1.04954
1.04705
1.03152
1.01861
0.989146
0.904412
0.745306
0.698331
0.709354
0.884733
0.882947
0.864192
0.782764
0.922693
1.00862
1.07751
1.07113
1.07552
1.08752
1.08869
1.06302
1.04989
1.02486
0.998793
0.982636
0.981411
0.990867
0.811449
0.815123
0.815722
0.822299
0.835259
1.06865
1.06023
1.04411
1.07215
1.09801
1.10452
1.04087
1.00678
0.976715
0.947055
0.941148
0.9388
0.940803
0.793381
0.827749
0.777701
0.731616
0.692548
0.659294
0.635811
0.614813
0.596371
0.461053
0.521242
0.53269
0.665536
0.745605
1.03254
1.04652
1.0448
1.02626
1.00863
0.972005
0.84678
0.794018
0.685822
0.844902
0.878549
0.764712
0.818622
0.782684
0.928257
1.02406
1.04472
1.10194
1.10022
1.10303
1.05056
1.06434
1.04765
1.02353
0.997067
0.980336
0.980374
0.988393
1.00031
0.859414
0.821331
0.8146
0.823637
1.0697
1.06156
1.04632
1.06964
1.09453
1.08474
1.02818
0.994018
0.966149
0.946753
0.942023
0.936081
0.929968
0.739088
0.738958
0.68888
0.645647
0.614677
0.590311
0.575285
0.557749
0.479588
0.444303
0.503497
0.593254
0.644391
0.757644
1.03087
1.04438
1.04154
0.955736
0.999357
0.956084
0.809445
0.794334
0.716403
0.825893
0.822517
0.741382
0.783466
0.950912
0.910017
1.00498
1.05608
1.07241
1.0784
1.07661
1.07164
1.05963
1.04489
1.02162
0.995244
0.977515
0.978036
0.984513
0.99737
1.03908
0.827949
0.808341
0.823292
1.07057
1.06269
1.04732
1.06412
1.08743
1.05412
1.01309
0.986346
0.957093
0.947961
0.943198
0.928069
0.922217
0.70249
0.677213
0.631395
0.592392
0.500678
0.510967
0.520446
0.488337
0.44026
0.519862
0.532458
0.689453
0.672161
1.00208
1.0282
1.04322
1.0383
0.964945
0.999257
0.939814
0.748965
0.726233
0.708222
0.836329
0.810672
0.736699
0.788276
0.902894
0.872982
0.98854
1.03664
1.0561
1.06486
1.06956
1.06683
1.05526
1.04157
1.01913
0.993077
0.974437
0.975236
0.980397
0.993651
1.03789
0.841139
0.802039
0.808712
1.07137
1.06333
1.04858
1.05924
1.07823
1.03071
0.996784
0.978836
0.952568
0.948943
0.941689
0.916007
0.914986
0.697504
0.617624
0.5169
0.502816
0.483464
0.479647
0.470175
0.460015
0.505477
0.52399
0.620928
0.634747
0.973927
1.00566
1.02636
1.04279
1.03449
0.976147
1.00854
0.898296
0.808007
0.734088
0.799133
0.844702
0.780332
0.85295
0.827291
0.856693
0.843493
0.975803
1.01349
1.03447
1.04631
1.0554
1.05895
1.05026
1.03713
1.01577
0.990255
0.970728
0.971676
0.97605
0.989333
1.0368
0.838576
0.792331
0.793579
1.07035
1.06372
1.05076
1.05509
1.06852
1.01901
0.98504
0.969917
0.950638
0.947485
0.933551
0.902789
0.893406
0.967343
0.552668
0.514295
0.501436
0.498428
0.478505
0.47828
0.533057
0.561102
0.577435
0.661379
0.883881
0.993308
1.01151
1.02606
1.04305
1.02706
0.984341
1.04672
0.845212
0.811818
0.73079
0.86079
0.840518
0.755138
0.796418
0.821811
0.824479
0.818489
0.9505
1.00155
1.01059
1.02353
1.03782
1.04875
1.04265
1.03055
1.0106
0.985665
0.965594
0.966604
0.97053
0.985235
1.03924
0.811912
0.778717
0.778134
0.818172
1.06428
1.04389
1.05108
1.05842
1.00804
0.97771
0.961465
0.948598
0.9432
0.920413
0.896275
0.874742
0.884205
0.558744
0.520023
0.527125
0.533251
0.51356
0.557088
0.571175
0.565276
0.695629
0.765784
0.895873
0.974901
1.01426
1.02714
1.04353
0.947369
0.999098
1.07008
0.811339
0.785138
0.714748
0.826676
0.837063
0.930484
0.808667
0.848981
0.81445
0.799338
0.906792
0.982107
1.00117
1.00138
1.01653
1.03463
1.03116
1.02144
1.00302
0.978718
0.958278
0.959108
0.962224
0.98324
1.04667
0.797309
0.767456
0.76603
0.784661
1.0654
1.04131
1.04684
1.04715
0.994464
0.970205
0.953436
0.945084
0.935694
0.906114
0.883506
0.85538
0.847585
0.607911
0.555176
0.582387
0.547457
0.576514
0.570234
0.581284
0.60493
0.727251
0.770509
0.913823
0.974232
1.01329
1.02988
1.04315
0.958601
1.01598
1.06191
0.947557
0.733108
0.769964
0.806532
0.822896
0.918434
0.831053
0.835627
0.804467
0.839751
0.847173
0.954179
0.986011
0.994633
0.998334
1.01511
1.0166
1.01143
0.99312
0.969515
0.948613
0.948506
0.949937
0.9863
1.05477
0.817304
0.772897
0.763488
0.772062
1.06412
1.04136
1.04317
1.03401
0.979841
0.960301
0.944983
0.938481
0.922883
0.892032
0.8635
0.831175
0.817608
0.625016
0.593214
0.571285
0.592596
0.594304
0.620883
0.575345
0.689111
0.737335
0.800219
0.921284
0.982551
1.01495
1.03408
1.04014
0.970364
1.02452
1.03904
0.842254
0.732768
0.831597
0.798603
0.789491
0.885916
0.82262
0.826863
0.800727
0.85437
0.808677
0.887606
0.961581
0.985155
0.991362
1.00455
1.00698
1.00067
0.982426
0.958734
0.937279
0.934166
0.933565
0.99339
1.05446
0.835482
0.819128
0.780961
0.767308
0.813423
1.04187
1.04082
1.02091
0.970322
0.950479
0.935319
0.926567
0.903072
0.878568
0.837346
0.802744
0.799135
0.651753
0.597693
0.609456
0.613957
0.591448
0.606903
0.601374
0.658012
0.752706
0.835702
0.948456
0.993425
1.01928
1.03901
0.93353
0.979008
1.03249
1.02579
0.931474
0.72635
0.800967
0.801213
0.927937
0.790751
0.839516
0.808136
0.734225
0.853674
0.889727
0.833459
0.895233
0.954882
0.982301
0.995363
0.988554
0.988178
0.971431
0.943539
0.919047
0.906776
0.921817
0.994374
1.04626
0.832739
0.829429
0.815651
0.770723
0.78788
1.04305
1.04099
1.01186
0.967691
0.94213
0.923664
0.910034
0.879919
0.851387
0.806465
0.778859
0.776257
0.880815
0.63618
0.632024
0.615019
0.644442
0.58976
0.627706
0.646331
0.759733
0.86461
0.96611
1.00719
1.0248
1.04284
0.932142
0.986825
1.04666
0.982267
0.876394
0.843139
0.79148
0.808478
0.913044
0.858663
0.841667
0.786359
0.72808
0.83684
0.888066
0.900938
0.898299
0.883715
0.936694
0.976558
0.951189
0.956092
0.943774
0.913739
0.902294
0.901182
0.928284
0.990222
1.03733
0.830854
0.841223
0.834312
0.78425
0.777265
0.94631
1.04482
1.00649
0.96844
0.935873
0.910543
0.891338
0.862751
0.820876
0.779225
0.767504
0.750512
0.831055
0.655069
0.639886
0.672052
0.61866
0.621765
0.701464
0.740414
0.771429
0.89068
0.966748
1.02075
1.02947
1.04274
0.910409
0.993547
1.05264
0.970984
0.862699
0.794557
0.786161
0.802681
0.888981
0.844071
0.830867
0.764376
0.711318
0.762772
0.852481
0.902117
0.904391
0.911371
0.857412
0.909793
0.851503
0.874154
0.874983
0.861181
0.861092
0.878857
0.911756
0.967053
1.02028
0.83296
0.846402
0.849382
0.850537
0.777513
0.883137
1.0497
1.00685
0.971504
0.931899
0.898063
1.0336
0.840421
0.793528
0.761519
0.749495
0.728543
0.824708
0.67694
0.69632
0.654771
0.642541
0.681166
0.658316
0.749036
0.802612
0.907262
0.983444
1.027
1.03257
1.03756
0.912792
1.00511
1.05547
0.933892
0.717915
0.787645
0.787094
0.780606
0.862097
0.85007
0.812733
0.746668
0.729739
0.749594
0.800427
0.830023
0.898071
0.906621
0.902019
0.858122
0.888755
0.7974
0.797544
0.815684
0.839539
0.876696
0.929439
0.975712
0.996341
0.799413
0.846942
0.854069
0.826258
0.791528
0.879928
0.896733
1.01585
0.979415
0.928111
1.02457
1.03478
0.816777
0.769703
0.749966
0.728471
0.704728
0.770479
0.729661
0.68977
0.684575
0.662234
0.756758
0.657254
0.777102
0.862316
0.942384
1.00365
1.02974
1.03425
1.03409
0.920935
1.01712
1.04009
0.892079
0.844355
0.786862
0.795685
0.902348
0.850149
0.848518
0.792716
0.73826
0.738334
0.774257
0.80493
0.816658
0.827323
0.837531
0.884717
0.897419
0.806574
0.854219
0.833103
0.825121
0.852962
0.929145
0.980287
0.973317
0.961689
0.808059
0.781445
0.84099
0.845593
0.820011
0.900622
0.889289
0.944857
0.97715
0.923267
1.01957
1.02187
0.792426
1.02743
1.04952
0.977853
0.69239
0.756993
0.72093
0.680621
0.660374
0.659372
0.689507
0.669138
0.591592
0.900355
0.979713
1.02196
1.03011
1.03446
0.898434
0.930339
1.02517
0.88585
0.859167
0.799551
0.784447
0.797425
0.881908
0.873916
0.834465
0.775398
0.743333
0.758636
0.787157
0.806548
0.817343
0.825605
0.830244
0.824329
0.806181
0.777353
0.738616
0.719224
0.762562
0.891096
0.967871
0.986181
0.922075
0.908664
0.807413
0.778182
0.755133
0.845675
0.852597
0.950546
0.921925
0.954383
0.944502
0.992334
1.00059
0.996366
0.988293
0.988115
0.995373
0.954651
0.692455
0.74343
0.69596
0.67438
0.687249
0.719
0.747872
0.670886
0.633104
0.914074
1.00234
1.03413
1.02789
1.03326
0.895229
0.922955
1.02072
0.855501
0.89611
0.790358
0.784421
0.786371
0.879514
0.864505
0.815784
0.766578
0.762012
0.785035
0.803478
0.806956
0.802916
0.802518
0.800022
0.793115
0.78891
0.728307
0.729823
0.749199
0.801702
0.839631
0.846746
0.884185
0.706834
0.909691
0.825269
0.766793
0.75398
0.718557
0.827409
0.98893
0.978498
0.996042
0.964464
0.966355
0.965329
0.955154
0.967005
0.98121
0.957098
0.947615
0.804267
0.604653
0.586353
0.59408
0.741542
0.770159
0.799309
0.660797
0.698649
0.917371
1.0168
1.03751
1.02415
1.03097
0.905132
0.933891
0.921209
0.811481
0.899513
0.788314
0.786932
0.906189
0.89305
0.854714
0.795444
0.765686
0.782792
0.800638
0.800455
0.787706
0.774109
0.763691
0.752008
0.738691
0.726696
0.648863
0.650799
0.695115
0.808018
0.830125
0.795785
0.535579
0.40581
0.765537
0.708627
0.731084
0.72921
0.676476
0.60907
0.836849
0.923774
0.99698
0.983643
0.928232
0.916298
0.914409
0.911118
0.915823
0.941783
0.573602
0.493426
0.566661
0.604987
0.759833
0.785161
0.810227
0.700916
0.722891
0.882985
0.926135
1.02534
1.03654
1.01879
1.02715
0.902846
0.937991
0.963041
0.795127
0.919519
0.787734
0.784047
0.863328
0.909054
0.831548
0.773468
0.763114
0.796535
0.804899
0.791975
0.77497
0.758376
0.738368
0.70807
0.675058
0.651851
0.732625
0.749578
0.785491
0.788956
0.794131
0.749528
0.55127
0.412443
0.392534
0.700825
0.481722
0.362122
0.428399
0.488405
0.559806
0.625554
0.676787
0.860321
0.894709
0.871666
0.84978
0.701457
0.56007
0.440233
0.515668
0.597263
0.745084
0.779237
0.808408
0.831485
0.733268
0.859322
0.887532
0.846354
0.945096
1.033
1.03313
1.01121
1.0203
0.891723
0.937104
0.965303
0.912022
0.795782
0.788458
0.772783
0.862573
0.932505
0.804902
0.745159
0.760909
0.80157
0.810733
0.793611
0.776072
0.752174
0.71335
0.692972
0.75628
0.741529
0.748124
0.724333
0.707511
0.888477
0.791862
0.749165
0.733567
0.746982
0.367065
0.421932
0.301131
0.283202
0.266592
0.329082
0.24549
0.584925
0.631595
0.657859
0.747256
0.731461
0.587698
0.425756
0.504684
0.682406
0.737271
0.7836
0.812491
0.830286
0.851401
0.746591
0.851653
0.85924
0.883903
0.840295
0.972983
1.04136
1.02556
1.00094
1.00863
0.94091
0.931537
0.940994
0.768648
0.801615
0.786436
0.755572
0.874347
0.743645
0.844652
0.805247
0.769892
0.800501
0.820409
0.80637
0.794125
0.768296
0.729784
0.969556
0.938085
0.860418
0.748249
0.717973
0.691742
0.682369
0.683536
0.690143
0.718429
0.75172
0.749253
0.503697
0.258326
0.252526
0.235737
0.163864
0.20965
0.313549
0.556667
0.576258
0.54036
0.480022
0.589603
0.671526
0.786198
0.836387
0.853332
0.859492
0.865077
0.907463
0.729716
0.833848
0.833386
0.871747
0.870591
0.847992
0.988776
1.04699
1.01754
0.99214
0.989988
0.971216
0.927315
0.893459
0.921619
0.799866
0.78183
0.739995
0.9063
0.880765
0.871399
0.886841
0.874434
0.80222
0.82018
1.0024
0.998347
1.00625
0.980707
0.964599
0.896915
0.76986
0.74223
0.714577
0.687753
0.67388
0.662045
0.644327
0.677338
0.740633
0.750335
0.74328
0.505549
0.515866
0.483281
0.251341
0.433926
0.578511
0.592717
0.591892
0.727916
0.8437
0.901012
0.949884
0.943288
0.910296
0.888885
0.883286
0.918161
0.72737
0.833765
0.825701
0.846515
0.87653
0.835861
0.869712
1.01411
1.05111
1.0097
0.983622
0.617938
0.663536
0.912699
0.872411
0.910473
0.795706
0.778702
0.731956
0.725615
0.911248
0.899098
0.860603
0.906754
0.90187
1.02193
0.989614
0.993138
0.993399
0.983076
0.968538
0.915534
0.785094
0.742678
0.715307
0.692923
0.678882
0.662914
0.633192
0.627303
0.67991
0.736169
0.741043
0.66162
0.559297
0.626686
0.906705
0.958201
0.952666
0.942575
0.911753
0.914036
0.674232
0.969899
0.993725
0.998695
0.993451
0.971341
0.919835
0.892416
0.854192
0.83335
0.83453
0.8621
0.87999
0.875013
0.795491
0.777185
0.84363
0.874186
0.970411
0.770538
0.639201
0.918217
0.839195
0.879727
0.777659
0.757322
0.711748
0.739628
0.855394
0.836274
0.842549
0.923318
0.923422
0.890074
1.04556
1.00328
0.823475
0.779937
0.720917
0.779367
0.773224
0.765656
0.728608
0.705961
0.690285
0.674674
0.647726
0.641091
0.68559
0.744354
0.743066
0.637314
0.526622
0.908543
0.968852
0.946256
0.926572
0.887107
0.895199
0.896035
0.894776
0.898573
0.880527
0.880083
0.867036
0.85085
0.836146
0.820607
0.810534
0.81057
0.830389
0.86365
0.864542
0.850327
0.890813
1.04123
1.05921
1.02411
0.991666
0.629055
0.598601
0.881561
0.807411
0.786405
0.781139
0.74037
0.704269
0.818841
0.721897
0.86528
0.876365
0.845345
0.90919
0.93192
1.00344
0.976312
0.984584
0.805782
0.755664
0.698356
0.78551
0.94646
0.753754
0.723911
0.704923
0.690271
0.666655
0.664623
0.704301
0.756755
0.752983
0.646152
0.91392
0.971006
0.93485
0.91612
0.89916
0.876326
0.874629
0.890882
0.89697
0.879786
0.884954
0.871211
0.853538
0.836894
0.824074
0.813589
0.804657
0.811474
0.837007
0.861429
0.876533
0.858928
0.80881
0.797654
1.05608
1.0125
0.717482
0.633105
0.600803
0.880501
0.75908
0.790071
0.774293
0.711895
0.705366
0.848773
0.729201
0.74657
0.753019
0.748019
0.775385
0.783546
0.853645
0.984639
0.962186
0.977007
0.811935
0.754387
0.756405
0.898317
0.7834
0.74591
0.722385
0.70835
0.697995
0.682485
0.708198
0.771144
0.759468
0.689364
0.688109
0.917087
0.92269
0.911894
0.904201
0.889643
0.88303
0.933037
0.910634
1.02438
1.01624
0.866859
0.844052
0.825185
0.814583
0.806051
0.806306
0.82271
0.854694
0.87348
0.862709
0.914121
0.918159
0.995855
1.03985
1.00062
0.690869
0.640015
0.683144
0.853578
0.757891
0.789297
0.758298
0.691999
0.705959
0.853177
0.759396
0.774221
0.78834
0.784051
0.779051
0.778087
0.7783
0.795219
0.939074
0.931826
0.939508
0.971761
0.97009
0.852474
0.823419
0.776798
0.74595
0.729592
0.718056
0.711202
0.704897
0.773486
0.773273
0.733923
0.879891
0.915255
0.926484
0.908904
0.897904
0.904076
0.895344
0.886671
0.882586
0.886261
0.88224
0.865471
0.844711
0.826844
0.810557
0.799293
0.799055
0.810788
0.819526
0.808275
0.798635
0.815074
0.867453
0.940024
1.01545
0.982095
0.706931
0.643956
0.724062
0.85174
0.861912
0.784368
0.734614
0.682332
0.705585
0.820477
0.774614
0.752557
0.760973
0.77496
0.811595
0.826204
0.791666
0.788776
0.792167
0.869919
0.840217
0.877861
0.884673
0.895522
0.89168
0.84366
0.781143
0.751866
0.745858
0.74117
0.734773
0.731088
0.760763
0.684734
0.977678
0.810624
0.91343
0.91728
0.907577
0.894557
0.88677
0.89404
0.906071
0.902094
0.888133
0.865614
0.841057
0.821072
0.805085
0.795214
0.795619
0.79881
0.790681
0.780874
0.783751
0.807731
0.857228
0.919829
0.994809
1.0202
0.738561
0.689128
0.741822
0.584681
0.888151
0.766014
0.711595
0.681873
0.706319
0.781587
0.823294
0.774002
0.781001
0.786197
0.793296
0.818198
0.830952
0.809035
0.803479
0.766495
0.814121
0.912795
0.889804
0.866838
0.862048
0.875112
0.855013
0.798787
0.767619
0.763052
0.762957
0.733242
0.708977
0.743141
1.03307
0.771499
0.847109
0.896084
0.897953
0.89125
0.892296
0.900466
0.888918
0.883948
0.87152
0.848805
0.76733
0.820767
0.832199
0.815665
0.809124
0.806373
0.786884
0.759765
0.769786
0.808488
0.862936
0.924307
0.997835
1.04961
0.778152
0.719848
0.75491
0.619794
0.892855
0.726115
0.717764
0.690519
0.719695
0.769424
0.899539
0.87718
0.823008
0.803633
0.799004
0.851063
0.84631
0.830481
0.810078
0.821719
0.903936
0.885113
0.87057
0.796871
0.810311
0.832272
0.83604
0.821447
0.802906
0.775351
0.74596
0.669106
0.622168
0.778085
1.02793
0.806527
0.793719
0.84867
0.877383
0.883253
1.0027
0.996901
0.908131
0.897244
0.885673
0.916246
0.944874
0.929536
0.91631
0.849081
0.804048
0.773592
0.744874
0.743264
0.776658
0.834255
0.89404
0.954628
1.02297
1.04686
0.781477
0.70604
0.722505
0.641628
0.773424
0.713574
0.743259
0.713195
0.759544
0.807454
0.875277
0.920996
0.719988
0.801176
0.83092
0.77568
0.747225
0.867928
0.840011
0.821892
0.807962
0.797179
0.795897
0.755852
0.748025
0.735019
0.712323
0.707695
0.722063
0.721829
0.714155
0.736474
0.76001
0.939859
1.04283
0.838953
0.777406
0.737899
0.944698
0.746893
0.889151
0.942284
0.944059
0.959207
0.95865
0.943651
0.942954
0.932656
0.863126
0.773845
0.75923
0.725912
0.737927
0.780765
0.838942
0.8917
0.939652
0.994566
1.04309
0.773375
0.773253
0.647034
0.62821
0.623128
0.727221
0.764912
0.767193
0.841978
0.904365
0.830956
0.792139
0.938125
0.924957
0.86999
0.806881
0.78322
0.773686
0.766114
0.760049
0.7599
0.760327
0.759406
0.757144
0.73434
0.731356
0.721194
0.703416
0.698558
0.698853
0.658494
0.643944
0.636635
0.737973
0.914585
1.0417
0.892142
0.733583
0.736559
0.909962
0.912249
0.909101
0.920063
0.918284
0.929619
0.953532
0.994416
1.0155
0.980926
0.879695
0.926293
0.93273
0.754775
0.834351
0.863316
0.890819
0.924268
0.968764
1.0141
0.764682
0.823169
0.790558
0.617836
0.479745
0.569289
0.674628
0.800542
0.782664
0.872462
0.884287
0.88051
0.90669
0.81073
0.739889
0.870556
0.792269
0.768931
0.756872
0.747743
0.742439
0.740137
0.735853
0.737236
0.735718
0.705186
0.695739
0.686912
0.684801
0.698426
0.712468
0.692308
0.659798
0.640768
0.777185
0.850497
1.00439
1.04457
0.712973
0.707803
0.757515
0.764243
0.800465
0.837701
0.90078
0.890585
0.919401
0.940075
0.953703
0.955363
0.956006
0.95378
0.926154
0.901884
0.904843
0.930211
0.698895
1.02499
1.00579
0.717848
0.80165
0.820755
0.767712
0.62703
0.371789
0.387079
0.650251
0.8172
1.00029
0.790291
0.886233
0.901359
0.917026
0.850793
0.770993
0.885248
0.819394
0.786929
0.767677
0.752708
0.740443
0.731806
0.726954
0.723177
0.712661
0.67832
0.666187
0.658205
0.659949
0.668816
0.667318
0.652217
0.667537
0.656343
0.862321
0.772606
0.88441
0.765633
0.706744
0.693797
0.733531
0.804794
0.747649
0.871444
0.872609
0.862221
0.850607
0.827522
0.819103
0.827101
0.883149
0.767775
0.898102
0.87861
0.88864
0.910975
0.935039
0.971343
1.00127
0.780902
0.773359
0.932715
0.839567
0.775689
0.810029
0.467078
0.596256
1.00757
0.945598
0.794644
0.905601
0.82205
0.937813
0.912546
0.891345
0.871866
0.85051
0.824941
0.797188
0.773477
0.752116
0.732985
0.716653
0.70232
0.690396
0.648018
0.638509
0.640684
0.652384
0.657673
0.6557
0.67106
0.699548
0.720695
0.854844
0.778067
0.764144
1.07442
0.731268
0.706223
0.720977
0.741308
0.71735
0.825953
0.854341
0.886726
0.943086
0.846717
0.83825
0.840217
0.846753
0.857485
0.871104
0.887664
0.907449
0.931245
0.958725
0.992022
1.00072
0.797208
0.777031
0.983073
0.888194
0.824611
0.748133
0.681843
0.952898
0.927281
0.811676
0.767955
0.980791
0.843244
0.864777
0.888201
0.899235
0.900215
0.892386
0.873763
0.845286
0.811623
0.777261
0.744688
0.714289
0.687496
0.664978
0.634309
0.632861
0.646181
0.657784
0.664672
0.677859
0.6952
0.713416
0.759968
0.861685
0.789562
0.831231
0.750985
0.682972
0.67008
0.675132
0.687513
0.870761
0.771269
0.816532
0.912343
0.858909
0.854586
0.856
0.860661
0.868472
0.879367
0.892559
0.908854
0.929133
0.953473
0.983561
1.00894
0.795504
0.783395
1.02358
0.994882
0.906102
0.855479
0.78024
0.762232
0.943129
0.884508
0.815948
0.761343
0.918734
0.842216
0.877272
0.90966
0.92877
0.937568
0.934848
0.920204
0.895032
0.860261
0.817336
0.770618
0.725921
0.68594
0.653682
0.644284
0.651408
0.665078
0.677105
0.688817
0.696711
0.700427
0.725431
0.748842
0.877562
0.830368
0.817639
0.823382
0.765482
0.729135
0.697692
0.682008
0.914463
0.698795
0.741487
0.826594
0.878333
0.87562
0.878027
0.883417
0.891377
0.90187
0.914832
0.930765
0.948796
0.973314
0.999416
1.00361
0.81194
1.03874
1.02716
1.00481
0.918338
0.847965
0.746563
0.667695
0.904232
0.939235
0.831307
0.754256
0.952809
0.854045
0.898944
0.935771
0.961444
0.9733
0.972516
0.960067
0.937137
0.903937
0.859447
0.807204
0.751673
0.700566
0.661406
0.665259
0.677115
0.690119
0.699215
0.701367
0.694811
0.683626
0.720359
0.714365
0.867312
0.844671
0.840232
0.843152
0.827271
0.775966
0.760796
0.96148
0.936142
0.935787
0.940727
0.748333
0.768903
0.907798
0.89838
0.901715
0.907946
0.91727
0.931631
0.948814
0.969002
0.98644
1.02053
0.824947
1.03271
1.02854
1.02465
1.01293
0.931984
0.856353
0.756872
0.609826
0.749334
0.96109
0.850776
0.742921
0.909348
0.869753
0.920798
0.959963
0.986155
0.997538
0.996658
0.984544
0.96135
0.926242
0.880147
0.824718
0.763869
0.708163
0.671336
0.690499
0.703287
0.711413
0.70956
0.698393
0.678208
0.659824
0.691685
0.65513
0.742355
0.763766
0.801478
0.905116
0.890729
0.843356
1.00688
0.976389
0.95051
0.946691
0.945348
0.947833
0.95196
0.955748
0.958328
0.96019
0.962859
0.967488
0.974013
0.981865
0.99049
0.999252
1.00646
1.01207
1.01548
1.01712
1.01754
1.01489
0.964361
0.849843
0.792129
0.767059
0.551661
0.950393
0.887703
0.744752
0.91798
0.87954
0.927142
0.964586
0.988807
0.998555
0.996768
0.98362
0.958464
0.920973
0.871638
0.813273
0.752997
0.704457
0.684271
0.718989
0.725552
0.720812
0.708751
0.695499
0.677983
0.673022
0.708964
0.639603
0.604138
0.585508
0.710272
0.836879
0.896119
0.905881
1.02431
0.997059
0.964435
0.958194
0.956791
0.958463
0.96145
0.965437
0.969973
0.975306
0.980673
0.985662
0.99014
0.994135
0.997434
1.00017
1.00274
1.00545
1.00807
1.01048
1.01264
1.01414
0.987529
0.894366
0.851667
0.728687
0.545321
0.985451
0.874397
0.754718
1.04033
0.884522
0.919773
0.954387
0.974557
0.982023
0.977861
0.96238
0.934236
0.892995
0.840548
0.782967
0.733546
0.708062
0.708683
0.740204
0.733617
0.723107
0.722657
0.726293
0.713963
0.71804
0.759022
0.611521
0.45356
0.488836
0.603949
0.720684
0.82671
0.969393
1.02629
1.01183
0.978041
0.968578
0.966015
0.967158
0.970251
0.974557
0.97972
0.985111
0.990174
0.994815
0.99929
1.0036
1.00766
1.01128
1.01431
1.01686
1.01899
1.02057
1.02138
1.02087
1.00083
0.906645
0.839363
0.733419
0.484337
0.966096
0.909651
0.773103
0.91749
0.904944
0.917399
0.942082
0.956498
0.960512
0.95272
0.933608
0.902194
0.857777
0.805696
0.758139
0.731719
0.730615
0.736752
0.748529
0.736923
0.741763
0.753274
0.742022
0.709556
0.722094
0.653475
0.481347
0.428826
0.39067
0.448297
0.599469
0.74503
0.938091
1.00012
1.01296
0.987918
0.976914
0.974438
0.978933
0.986894
0.994486
1.00073
1.00614
1.01126
1.01609
1.0206
1.02468
1.02823
1.03094
1.03276
1.03387
1.03383
1.03179
1.02701
1.02279
1.00332
0.897329
0.865514
0.737837
0.430759
0.780133
0.945456
0.798347
0.824471
0.9585
0.925685
0.934039
0.940924
0.939687
0.927828
0.904266
0.869556
0.825926
0.781539
0.753874
0.752112
0.758172
0.757372
0.751464
0.752233
0.765098
0.755264
0.71347
0.693627
0.62714
0.73007
0.620912
0.534382
0.418235
0.406692
0.785448
0.826089
0.934546
0.967095
0.997116
0.988863
0.989554
0.991063
0.998461
1.00629
1.01322
1.01985
1.02578
1.03162
1.03685
1.04042
1.04022
1.03488
1.03878
1.04637
1.04768
1.0462
1.04309
1.03925
1.03422
1.01458
0.919203
0.861687
0.742089
0.656943
0.502115
1.00212
0.833126
0.805196
1.07169
0.958749
0.938717
0.932962
0.924298
0.907678
0.87998
0.843913
0.805017
0.775425
0.770694
0.779902
0.778888
0.767209
0.760842
0.771497
0.767453
0.724107
0.6585
0.50229
0.483447
0.754236
0.542152
0.518272
0.557616
0.454253
0.764707
0.823649
0.908657
0.917228
0.96724
0.995687
1.00961
1.01395
1.02083
1.03038
1.03855
1.03731
1.04093
1.05168
1.05584
1.0584
1.05983
1.06005
1.05905
1.05692
1.05385
1.05003
1.04608
1.04272
1.03414
0.981093
0.894502
0.870058
0.749587
0.709533
0.341329
1.04962
0.868931
0.795962
0.890744
1.05748
0.97281
0.941319
0.918554
0.895416
0.86431
0.829365
0.799353
0.78803
0.799123
0.805699
0.792952
0.771656
0.780516
0.781605
0.746364
0.666827
0.411892
0.365994
0.336279
0.501474
0.497168
0.547907
0.573002
0.708018
0.765402
0.914339
0.869968
0.882163
0.969642
1.01225
1.02413
1.02977
1.02871
1.04699
1.05482
1.06
1.06343
1.06545
1.0663
1.06607
1.06478
1.06255
1.05963
1.05632
1.05292
1.0497
1.0466
1.03954
1.00653
0.930285
0.886014
0.834227
0.542181
0.679645
0.811244
1.04294
0.875396
0.792882
0.783041
0.850992
1.12477
0.995395
0.941722
0.902694
0.866222
0.832848
0.812978
0.816436
0.830818
0.828868
0.804196
0.780907
0.79843
0.777611
0.712959
0.47968
0.379521
0.2191
0.149196
0.576496
0.342616
0.292271
0.423296
0.711852
0.798504
0.838028
0.837709
0.909163
0.977671
1.01805
1.02668
1.03579
1.04534
1.05255
1.05845
1.06266
1.06528
1.06633
1.06613
1.06491
1.06288
1.06045
1.05799
1.05572
1.05352
1.05044
1.04217
1.01337
0.951981
0.892699
0.748606
0.739156
0.353457
0.337229
0.891633
1.03301
1.094
0.781796
0.766708
0.76211
0.770516
0.839153
1.09438
0.952904
0.888622
0.849943
0.835883
0.846694
0.858975
0.848495
0.82091
0.804041
0.809891
0.760533
0.605672
0.433092
0.360416
0.18522
0.203204
0.210136
0.304909
0.290892
0.175608
0.300502
0.777432
0.832176
0.855312
0.924104
0.979469
1.01189
1.03294
1.04197
1.04848
1.0544
1.05915
1.06252
1.06455
1.06532
1.06517
1.06444
1.06347
1.06248
1.06143
1.05971
1.05548
1.0439
1.01386
0.963069
0.9056
0.871058
0.782242
0.476117
0.331854
0.701055
0.886583
0.969739
1.10996
1.07541
1.06271
1.05195
1.04177
1.03157
0.78273
0.846003
1.05714
0.931183
0.895793
0.900332
0.909575
0.893788
0.858829
0.83316
0.807058
0.649569
0.473964
0.458681
0.189379
0.170321
0.202691
0.257715
0.247883
0.354903
0.196174
0.381803
0.564685
0.838101
0.895887
0.933623
0.979057
1.02189
1.03711
1.04684
1.05287
1.05787
1.06182
1.0648
1.06698
1.06859
1.06965
1.06911
1.06553
1.06072
1.0551
1.04526
1.02582
0.990034
0.93951
0.880822
0.844057
0.714694
0.432291
0.211145
0.382794
0.748528
0.953878
1.12894
1.12581
1.09578
1.08275
1.07266
1.06381
1.07147
1.08395
1.07733
1.08169
1.07753
1.05544
1.01178
0.954088
0.924476
0.967751
0.957297
0.844039
0.697729
0.509238
0.336803
0.287082
0.34323
0.350048
0.211017
0.317041
0.574509
0.255216
0.454875
0.63109
0.718374
0.91917
0.941763
0.988318
1.02481
1.04171
1.04968
1.05797
1.06279
1.06713
1.06425
1.06482
1.06866
1.07147
1.07258
1.07163
1.06704
1.05593
1.03484
1.00201
0.961284
0.913022
0.872628
0.817213
0.772501
0.626416
0.325569
0.840251
0.818796
0.940324
1.13252
0.973303
0.905015
1.02952
1.0575
1.07272
1.07613
1.07756
1.08375
1.09011
1.08779
1.06457
1.02729
0.990091
0.972486
0.978828
0.955695
0.893201
0.736376
0.540446
0.374608
0.293612
0.39917
0.336333
0.172938
0.566531
0.691416
0.360392
0.593147
0.751328
0.819014
0.996547
0.941536
0.990236
1.02596
1.0421
1.05278
1.06067
1.05899
1.06183
1.06864
1.07249
1.07485
1.0756
1.0737
1.06719
1.05369
1.03068
1.0003
0.963708
0.922147
0.885899
0.837975
0.748067
0.680968
0.463011
0.321645
0.84031
0.82593
0.939813
1.11077
1.18687
1.20538
0.902804
1.01436
1.06537
1.08669
1.09684
1.10219
1.10119
1.09295
1.06956
1.0297
1.00055
0.993113
1
0.979019
0.940907
0.813373
0.629033
0.432167
0.366728
0.319957
0.286366
0.253752
0.752964
0.742942
0.553835
0.763239
0.832389
0.856997
0.88451
0.975789
0.975692
1.02132
1.04031
1.052
1.0577
1.05556
1.06422
1.06805
1.07058
1.07147
1.06936
1.0623
1.04795
1.02601
0.998065
0.966564
0.931353
0.894977
0.842958
0.762491
0.798052
0.676151
0.35576
0.84245
0.804222
0.825945
0.936945
0.927666
1.10526
1.19197
1.17378
1.24534
0.92037
1.02892
1.07461
1.09469
1.0967
1.08307
1.05964
1.02935
1.00688
1.0049
1.01299
0.999457
0.984853
0.907995
0.773225
0.584865
0.437033
0.383658
0.372762
0.442573
0.813958
0.847287
0.79692
0.875676
0.878761
0.897753
0.906645
0.900203
0.950199
1.00428
1.03253
1.04773
1.04529
1.05244
1.05894
1.06302
1.06401
1.06209
1.05571
1.04295
1.02397
1.00149
0.976647
0.946584
0.907274
0.843369
0.771568
0.813926
0.764517
0.511675
0.515005
0.876949
0.74403
0.796572
0.933668
1.07235
1.10595
1.13034
1.13569
1.16911
1.25904
0.988779
1.06465
1.09851
1.10093
1.08584
1.06425
1.03207
1.01419
1.01285
1.02128
1.0161
1.01938
0.987394
0.930469
0.83098
0.684625
0.566428
0.530301
0.696206
0.893943
0.975251
0.930996
0.925504
0.947494
0.97097
0.966878
0.937204
0.894201
0.968356
1.01241
1.03566
1.03999
1.04686
1.05011
1.05822
1.05732
1.0526
1.04305
1.02814
1.00997
0.991797
0.969766
0.933092
0.859119
0.785609
0.86797
0.893857
0.719125
0.359621
0.746778
0.845822
0.743619
0.779248
0.917974
1.07782
1.12287
1.13947
1.13661
1.13153
1.13585
1.19762
0.942344
1.04594
1.07873
1.07651
1.07051
1.04184
1.02341
1.01884
1.02781
1.03119
1.04799
1.0358
1.01623
0.989452
0.951294
0.905285
0.871216
0.924849
1.06907
1.07089
0.98185
0.994305
1.02988
1.02708
1.00089
0.978263
0.960494
0.915137
1.06125
1.00979
1.033
1.03751
1.04983
1.04676
1.05333
1.04742
1.03997
1.03
1.01769
1.00497
0.98078
0.918561
0.823144
0.871171
0.904039
0.839642
0.696763
0.497986
0.834997
0.896066
0.789712
0.815126
0.891111
1.00202
1.12878
1.1362
1.13694
1.13379
1.12923
1.12526
1.16567
0.945744
1.05425
1.08869
1.10854
1.09375
1.07232
1.05241
1.04354
1.0435
1.06575
1.06649
1.06503
1.05799
1.04839
1.03582
1.01727
1.01466
1.0732
1.10233
1.07306
1.05052
1.03503
1.02674
1.03748
1.04613
1.04345
1.02753
0.991285
0.904519
0.992562
1.03374
1.04326
1.05027
1.04141
1.04286
1.05884
1.05733
1.05363
1.04956
1.03343
0.94516
0.902122
0.912708
0.895154
0.877253
0.772498
0.617337
0.80991
0.764138
0.740439
0.854278
0.8907
0.916455
0.893517
1.10006
1.1228
1.12226
1.12083
1.11905
1.11578
1.17741
1.02285
1.09552
1.12542
1.12922
1.12552
1.11247
1.09432
1.07586
1.14557
1.13564
1.12537
1.11546
1.10856
1.10411
1.09199
1.06316
1.0604
1.05744
1.05213
1.05602
1.04656
1.05267
1.04701
1.03962
1.04025
1.04111
1.04117
1.03413
1.00065
1.09521
1.01344
1.03401
1.05176
1.075
1.08867
1.09534
1.10084
1.1032
1.08928
1.0515
1.03002
0.948343
0.907599
0.862589
0.746194
0.793019
0.70343
0.888242
0.781199
0.877927
0.904478
0.890888
0.871886
0.865059
1.09113
1.09054
1.08956
1.09201
1.09817
1.09017
0.914101
1.09876
1.13219
1.14317
1.14946
1.15336
1.15412
1.1519
1.10655
1.11261
1.11669
1.12026
1.1224
1.12252
1.11956
1.10541
1.07339
1.06039
1.04116
1.02028
0.97372
0.967399
0.963279
0.960477
0.957103
0.952271
0.9444
0.933137
0.919733
0.907186
1.01733
1.08657
1.07462
1.08774
1.09806
1.10239
1.10081
1.09739
1.09148
1.09419
1.10483
1.08059
0.927266
0.82428
0.710907
1.00315
1.10561
0.966022
0.787739
0.814114
0.870012
0.86823
0.865657
0.863852
1.03357
1.02847
1.02435
1.0276
1.04209
1.04597
1.08151
1.02677
1.07193
1.08488
1.08763
1.09094
1.09549
1.1002
0.987125
0.989751
0.992223
0.995092
0.99843
1.0023
1.00613
1.00719
1.00245
1.00437
1.00209
1.00017
0.982955
1.01185
1.01389
1.0145
1.01437
1.01411
1.01005
1.00083
0.98749
0.96863
0.941007
0.898277
0.850198
1.07577
1.08531
1.0769
1.06481
1.03761
1.01744
1.01241
1.05069
1.0828
1.03343
0.818591
0.820827
0.998622
0.800885
0.771791
0.6705
0.757569
0.892497
0.923981
0.932936
0.925874
0.990309
0.974925
0.97133
0.975932
0.98684
1.00101
1.03895
0.954715
0.979069
0.988201
0.984438
0.981712
0.983397
0.984849
0.979452
0.983475
0.987277
0.991018
0.994752
0.998852
1.00347
1.00841
1.01819
1.0181
1.01566
1.04766
1.08006
1.08829
1.08923
1.08768
1.0854
1.08292
1.08018
1.07683
1.07154
1.06184
1.04592
1.02282
0.991681
0.954306
0.875246
1.06229
1.01956
0.987839
0.951291
0.914845
0.91836
0.960837
0.945639
0.703762
0.847015
0.792043
0.888022
0.859425
0.799743
0.928845
1.02801
1.05571
1.06009
1.04159
1.06973
1.05631
1.0471
1.04371
1.043
1.051
1.07818
0.966514
0.954558
0.962224
0.962549
0.965175
0.970749
0.975273
1.0123
1.01879
1.02523
1.03185
1.0383
1.04486
1.05136
1.0564
1.07308
1.06557
1.05567
1.14093
1.14969
1.14882
1.14369
1.13758
1.13252
1.129
1.12602
1.12207
1.11611
1.10781
1.09736
1.08476
1.07039
1.05135
1.01102
0.880891
1.17449
1.16498
1.15078
0.990494
0.935646
0.810706
0.729039
0.675255
0.807101
0.733599
1.05988
1.03798
1.01051
1.09795
1.15928
1.17692
1.1737
1.12978
1.2407
1.22027
1.20544
1.18888
1.15944
1.12349
1.09124
1.01533
0.979009
0.981739
0.98511
0.991484
0.998857
1.00577
1.1445
1.18173
1.21687
1.24903
1.27525
1.29558
1.31022
1.31727
1.33361
1.32149
1.20237
1.21258
1.20903
1.19787
1.18437
1.17181
1.16198
1.15459
1.14805
1.14074
1.13178
1.1211
1.10891
1.09546
1.08235
1.06825
1.04391
0.972448
0.889198
1.24203
1.24525
1.22818
1.08152
0.975509
0.782617
0.692252
0.78045
0.729694
1.13
1.14782
1.14168
1.19596
1.23066
1.24329
1.23226
1.35404
1.33567
1.30547
1.28056
1.24876
1.19868
1.12641
1.04838
1.05168
1.03223
1.03452
1.04207
1.05667
1.07875
1.10937
1.31956
1.34558
1.35798
1.35826
1.34906
1.33537
1.32112
1.31121
1.30247
1.29943
1.2572
1.25181
1.24014
1.22306
1.20533
1.18952
1.17668
1.16602
1.1559
1.1442
1.12901
1.11013
1.08947
1.07032
1.05664
1.04852
1.03745
0.990753
0.909032
1.24744
1.26977
1.26651
1.19621
1.04393
0.824894
0.690727
0.756645
0.720934
1.24127
1.17958
1.19891
1.23901
1.25517
1.25685
1.38421
1.37946
1.36367
1.3409
1.31409
1.27358
1.2088
1.1099
0.999012
1.07049
1.07726
1.09118
1.12095
1.17109
1.22898
1.28093
1.3554
1.36248
1.35563
1.34015
1.3223
1.30713
1.29572
1.28922
1.28842
1.28217
1.27512
1.25874
1.24343
1.22527
1.20751
1.19192
1.17906
1.16803
1.15726
1.14505
1.13035
1.11386
1.09679
1.08083
1.06881
1.06159
1.05937
1.0348
0.972997
1.08657
1.28216
1.28517
1.24709
1.00757
0.831822
1.01583
0.714508
0.915272
1.12786
1.17845
1.20406
1.2445
1.22052
1.37634
1.3698
1.36104
1.34843
1.33037
1.30439
1.26183
1.19303
1.07629
0.97085
1.07968
1.09249
1.11979
1.16894
1.23217
1.28976
1.33177
1.32226
1.33439
1.33537
1.32842
1.31704
1.30523
1.29379
1.28689
1.27546
1.27586
1.26885
1.24129
1.22554
1.21015
1.19587
1.18334
1.17249
1.16247
1.15232
1.14195
1.13121
1.12127
1.11249
1.10548
1.10094
1.09724
1.09227
1.07626
1.04088
0.942719
1.28323
1.28842
1.26107
1.06919
0.869441
1.09206
1.09681
0.908795
0.986126
1.15551
1.16663
1.31112
1.31879
1.30494
1.29341
1.28564
1.27614
1.26313
1.24214
1.20292
1.13448
0.998289
1.04029
1.04557
1.06628
1.09601
1.14164
1.20057
1.25608
1.2971
1.19355
1.21661
1.23517
1.24768
1.25657
1.26061
1.26197
1.26125
1.25112
1.25951
1.22667
1.19854
1.18351
1.17278
1.1637
1.15531
1.14701
1.13828
1.12866
1.11891
1.10833
1.09867
1.08996
1.08286
1.07722
1.06981
1.06162
1.04141
0.99372
0.897811
1.22201
1.27776
1.24282
1.05015
0.840169
1.50797
1.01295
1.00912
0.983134
1.10286
1.20344
1.21866
1.1784
1.15123
1.1344
1.12556
1.11392
1.0948
1.06104
0.997897
0.920271
0.977186
0.951155
0.982818
1.01516
1.0379
1.05969
1.08883
1.12646
1.16439
)
;
    }
    front
    {
        type            cyclic;
    }
    back
    {
        type            cyclic;
    }
}


// ************************************************************************* //
