/*--------------------------------*- C++ -*----------------------------------*\
  =========                 |
  \\      /  F ield         | OpenFOAM: The Open Source CFD Toolbox
   \\    /   O peration     | Website:  https://openfoam.org
    \\  /    A nd           | Version:  13
     \\/     M anipulation  |
\*---------------------------------------------------------------------------*/
FoamFile
{
    format      ascii;
    class       volVectorField;
    location    "0.5";
    object      wallShearStressMean;
}
// * * * * * * * * * * * * * * * * * * * * * * * * * * * * * * * * * * * * * //

dimensions      [0 2 -2 0 0 0 0];

internalField   uniform (0 0 0);

boundaryField
{
    inlet
    {
        type            cyclic;
    }
    outlet
    {
        type            cyclic;
    }
    top
    {
        type            calculated;
        value           uniform (0 0 0);
    }
    hills
    {
        type            calculated;
        value           nonuniform List<vector> 
7200
(
(-0.00315497 -0.000208918 0.000250377)
(-0.00315827 -0.00020956 0.000252435)
(-0.00316095 -0.000209844 0.000253993)
(-0.00316238 -0.000209876 0.000253702)
(-0.00316212 -0.000209581 0.000252404)
(-0.00315947 -0.000209507 0.000249566)
(-0.00315736 -0.000209592 0.000247144)
(-0.00315771 -0.00020947 0.000244191)
(-0.00315705 -0.000209414 0.000239821)
(-0.00315393 -0.000209865 0.000234893)
(-0.00315237 -0.000210162 0.000234584)
(-0.00314977 -0.000210368 0.000236385)
(-0.0031497 -0.000209875 0.000239333)
(-0.00314934 -0.000208652 0.000237376)
(-0.00314766 -0.000208578 0.000232537)
(-0.00314451 -0.000208788 0.000229802)
(-0.00314108 -0.000208809 0.000229077)
(-0.00314077 -0.000208602 0.000228895)
(-0.00313876 -0.00020879 0.000226242)
(-0.00313573 -0.000209369 0.000226492)
(-0.00313548 -0.000210041 0.00022881)
(-0.00313622 -0.000210254 0.000231932)
(-0.00313761 -0.000209783 0.000234359)
(-0.00313753 -0.000209039 0.000234469)
(-0.00313747 -0.000208814 0.00023308)
(-0.00313846 -0.000209163 0.000234214)
(-0.00314417 -0.000209137 0.000237881)
(-0.00315116 -0.000208812 0.000238279)
(-0.00315714 -0.000208767 0.000237231)
(-0.00316059 -0.000208814 0.000235966)
(-0.00316332 -0.000208549 0.00023375)
(-0.00316459 -0.000208433 0.000231887)
(-0.00316585 -0.000208217 0.000230748)
(-0.00316679 -0.00020797 0.000227854)
(-0.00316836 -0.00020777 0.00022431)
(-0.00316992 -0.000207763 0.000219721)
(-0.00316665 -0.000208266 0.000216117)
(-0.00316648 -0.000208327 0.0002166)
(-0.00316879 -0.000208251 0.000216419)
(-0.00317006 -0.000208448 0.000215821)
(-0.00316885 -0.000208585 0.000214917)
(-0.00316634 -0.000208615 0.000215748)
(-0.00316391 -0.000208296 0.000217105)
(-0.00316457 -0.0002076 0.000215271)
(-0.00316129 -0.000207238 0.000210832)
(-0.00315391 -0.000207361 0.000206987)
(-0.00314687 -0.000207498 0.000206156)
(-0.00313938 -0.000207584 0.000207486)
(-0.00313552 -0.000207472 0.000210889)
(-0.0031343 -0.000207005 0.000211867)
(-0.00313231 -0.000206854 0.000212781)
(-0.00312997 -0.000206816 0.000215109)
(-0.00312912 -0.000206773 0.00021801)
(-0.00313264 -0.000207033 0.000221629)
(-0.00313506 -0.000207285 0.000224869)
(-0.00313702 -0.000208178 0.000229789)
(-0.00313787 -0.000208579 0.000238174)
(-0.0031406 -0.000207982 0.000244508)
(-0.00314471 -0.000207929 0.000246736)
(-0.00314972 -0.000208249 0.000248103)
(-0.00248902 -6.4007e-05 0.000179241)
(-0.00248877 -6.42873e-05 0.000181127)
(-0.00249094 -6.44746e-05 0.000183977)
(-0.0024927 -6.45374e-05 0.000185034)
(-0.00249228 -6.42489e-05 0.000184179)
(-0.00248665 -6.41618e-05 0.000181777)
(-0.00248199 -6.42319e-05 0.000179253)
(-0.00248334 -6.40538e-05 0.000176077)
(-0.00248273 -6.4078e-05 0.000172394)
(-0.00247895 -6.45939e-05 0.000168814)
(-0.00247721 -6.49851e-05 0.000168872)
(-0.00247522 -6.5163e-05 0.000170886)
(-0.00247539 -6.44864e-05 0.000173482)
(-0.00247768 -6.33363e-05 0.000170926)
(-0.00247516 -6.3321e-05 0.000165773)
(-0.00247076 -6.35629e-05 0.000163412)
(-0.0024672 -6.3608e-05 0.000163151)
(-0.00246546 -6.33328e-05 0.000162812)
(-0.00246205 -6.34478e-05 0.000160278)
(-0.00245866 -6.41259e-05 0.000160008)
(-0.00245777 -6.48626e-05 0.0001618)
(-0.00245633 -6.50657e-05 0.000164105)
(-0.00245833 -6.45541e-05 0.000166834)
(-0.00246077 -6.38494e-05 0.000166384)
(-0.00246063 -6.36324e-05 0.000164386)
(-0.0024653 -6.38084e-05 0.000164854)
(-0.00247277 -6.37271e-05 0.00016796)
(-0.00248158 -6.34309e-05 0.000168065)
(-0.00248894 -6.33374e-05 0.000167591)
(-0.00249498 -6.33303e-05 0.000167158)
(-0.00249885 -6.30954e-05 0.000165746)
(-0.00250152 -6.28501e-05 0.000164561)
(-0.00250454 -6.2562e-05 0.000163363)
(-0.00250743 -6.25447e-05 0.000161706)
(-0.00250923 -6.24405e-05 0.000158915)
(-0.0025104 -6.23971e-05 0.00015468)
(-0.00250777 -6.30564e-05 0.000151267)
(-0.00250759 -6.32313e-05 0.000151589)
(-0.00250854 -6.31832e-05 0.00015161)
(-0.00250916 -6.33082e-05 0.000151655)
(-0.00250773 -6.35215e-05 0.000152202)
(-0.00250431 -6.35199e-05 0.000154013)
(-0.00250112 -6.3229e-05 0.000155649)
(-0.00250064 -6.26819e-05 0.000155254)
(-0.00249762 -6.24108e-05 0.000151855)
(-0.00248989 -6.2816e-05 0.00014898)
(-0.00248199 -6.32218e-05 0.000148508)
(-0.00247429 -6.35599e-05 0.000149554)
(-0.00247049 -6.35094e-05 0.00015188)
(-0.00246998 -6.3123e-05 0.000152417)
(-0.00246915 -6.29858e-05 0.000151831)
(-0.00246797 -6.31284e-05 0.000152737)
(-0.00246738 -6.30949e-05 0.00015402)
(-0.00246956 -6.30752e-05 0.000156144)
(-0.0024719 -6.33033e-05 0.000158147)
(-0.00247379 -6.41724e-05 0.000161997)
(-0.0024724 -6.43608e-05 0.000169802)
(-0.00247488 -6.37358e-05 0.000174943)
(-0.00247946 -6.35811e-05 0.000176792)
(-0.002485 -6.37123e-05 0.000177623)
(-0.00188186 4.34416e-05 0.000119635)
(-0.00188191 4.28252e-05 0.000122204)
(-0.00188414 4.27907e-05 0.000125497)
(-0.00188576 4.2858e-05 0.000126772)
(-0.00188305 4.26449e-05 0.000126988)
(-0.00187598 4.23008e-05 0.000125429)
(-0.00186921 4.17178e-05 0.000123064)
(-0.00186641 4.17076e-05 0.000118964)
(-0.00186453 4.13629e-05 0.000115635)
(-0.00186177 4.09607e-05 0.000112418)
(-0.0018597 4.07409e-05 0.000112589)
(-0.00185906 4.06472e-05 0.000114591)
(-0.00185907 4.13932e-05 0.000115723)
(-0.00186301 4.26043e-05 0.000113251)
(-0.0018613 4.25173e-05 0.000109506)
(-0.00185711 4.21223e-05 0.000108032)
(-0.00185387 4.19898e-05 0.000107887)
(-0.00185182 4.19871e-05 0.000107784)
(-0.00184842 4.15425e-05 0.000105289)
(-0.00184486 4.07169e-05 0.00010364)
(-0.00184219 4.00148e-05 0.000104517)
(-0.00184072 3.98548e-05 0.000106653)
(-0.00184267 4.06833e-05 0.000108863)
(-0.00184609 4.14977e-05 0.000108476)
(-0.00184857 4.1753e-05 0.00010662)
(-0.00185517 4.18434e-05 0.000105941)
(-0.00186083 4.24266e-05 0.000107997)
(-0.00186913 4.32577e-05 0.000108258)
(-0.0018784 4.36567e-05 0.000108257)
(-0.00188596 4.3915e-05 0.000108459)
(-0.00189156 4.42751e-05 0.000107714)
(-0.00189507 4.4793e-05 0.000106687)
(-0.00189724 4.52468e-05 0.000105515)
(-0.00189653 4.53504e-05 0.000104818)
(-0.0018941 4.54277e-05 0.000103323)
(-0.00189348 4.56797e-05 0.000100799)
(-0.00188969 4.53747e-05 9.7792e-05)
(-0.00189036 4.55889e-05 9.77038e-05)
(-0.00189112 4.55884e-05 9.81586e-05)
(-0.00189081 4.53435e-05 9.97427e-05)
(-0.00188871 4.51759e-05 0.0001016)
(-0.00188597 4.50819e-05 0.00010442)
(-0.00188402 4.51761e-05 0.000106291)
(-0.00188448 4.55984e-05 0.000106584)
(-0.00188156 4.56139e-05 0.000104308)
(-0.00187466 4.47216e-05 0.000102203)
(-0.00186742 4.36747e-05 0.000100765)
(-0.00186023 4.2944e-05 0.000100478)
(-0.0018573 4.28404e-05 0.000101101)
(-0.00185936 4.30382e-05 0.000101794)
(-0.00186149 4.28248e-05 0.000101386)
(-0.00186182 4.22938e-05 0.000101564)
(-0.00186125 4.21366e-05 0.000101233)
(-0.00186289 4.26518e-05 0.000101236)
(-0.00186324 4.2522e-05 0.000101675)
(-0.00186496 4.19558e-05 0.000104259)
(-0.00186595 4.19639e-05 0.000111248)
(-0.00186807 4.28514e-05 0.000115798)
(-0.00187209 4.33872e-05 0.00011781)
(-0.0018778 4.36916e-05 0.000118325)
(-0.000549537 1.73529e-05 9.65037e-06)
(-0.000548064 1.63359e-05 1.03929e-05)
(-0.000547807 1.5975e-05 1.24998e-05)
(-0.00054702 1.53286e-05 1.34684e-05)
(-0.000543063 1.50137e-05 1.37805e-05)
(-0.000536746 1.44068e-05 1.22364e-05)
(-0.000529761 1.31e-05 9.2861e-06)
(-0.000531119 1.35295e-05 7.22198e-06)
(-0.000531443 1.37242e-05 6.72685e-06)
(-0.000530594 1.35338e-05 6.15666e-06)
(-0.000531189 1.35777e-05 7.33842e-06)
(-0.000530899 1.37913e-05 1.01105e-05)
(-0.000532513 1.4698e-05 1.23942e-05)
(-0.000536136 1.59507e-05 1.15258e-05)
(-0.000535311 1.58639e-05 1.0783e-05)
(-0.000533498 1.53083e-05 1.09627e-05)
(-0.000531812 1.51964e-05 1.11138e-05)
(-0.000528124 1.48985e-05 1.02946e-05)
(-0.000522344 1.4055e-05 7.63912e-06)
(-0.000515384 1.26206e-05 5.01263e-06)
(-0.000512491 1.15027e-05 4.90994e-06)
(-0.000514335 1.164e-05 6.49813e-06)
(-0.000517671 1.26533e-05 7.09212e-06)
(-0.000521827 1.36477e-05 6.25442e-06)
(-0.000524578 1.41802e-05 4.13941e-06)
(-0.000529885 1.48603e-05 2.63292e-06)
(-0.000536087 1.56933e-05 3.88161e-06)
(-0.000543115 1.69851e-05 3.52598e-06)
(-0.000548156 1.79334e-05 2.6258e-06)
(-0.000552213 1.84976e-05 2.21383e-06)
(-0.000556643 1.92048e-05 1.91844e-06)
(-0.000561179 1.9895e-05 1.75821e-06)
(-0.000563852 2.01597e-05 1.15572e-06)
(-0.000565651 2.00543e-05 1.9908e-06)
(-0.000566651 2.00768e-05 1.86451e-06)
(-0.000567882 2.04749e-05 1.37095e-06)
(-0.000567779 2.0253e-05 1.91307e-07)
(-0.000571118 2.07651e-05 1.10594e-06)
(-0.000574608 2.10967e-05 3.11071e-06)
(-0.000573396 2.08251e-05 6.32868e-06)
(-0.000570645 2.00975e-05 9.72184e-06)
(-0.000569299 1.96037e-05 1.28973e-05)
(-0.000567627 1.92087e-05 1.55572e-05)
(-0.00056609 1.88422e-05 1.54076e-05)
(-0.000561417 1.8323e-05 1.35389e-05)
(-0.000554658 1.72721e-05 1.06031e-05)
(-0.000548421 1.61675e-05 8.47805e-06)
(-0.00054369 1.54544e-05 7.71173e-06)
(-0.000541459 1.56317e-05 7.55036e-06)
(-0.000542846 1.61904e-05 7.44313e-06)
(-0.000542642 1.62343e-05 6.77611e-06)
(-0.000539791 1.58448e-05 7.07555e-06)
(-0.000538033 1.57521e-05 6.38354e-06)
(-0.00054052 1.63617e-05 5.99819e-06)
(-0.000540357 1.63449e-05 4.63305e-06)
(-0.000541904 1.61683e-05 5.5289e-06)
(-0.000541577 1.60312e-05 8.93975e-06)
(-0.000543781 1.68457e-05 1.12249e-05)
(-0.000547235 1.7856e-05 1.19234e-05)
(-0.000548615 1.8454e-05 1.11746e-05)
(0.000669981 -0.000260063 -2.21886e-05)
(0.000672515 -0.000261149 -2.25099e-05)
(0.000672155 -0.000261474 -2.08557e-05)
(0.00067257 -0.000261931 -1.95944e-05)
(0.000673964 -0.000262746 -1.72886e-05)
(0.000677014 -0.000264201 -1.39154e-05)
(0.000683881 -0.000267544 -1.09773e-05)
(0.000678483 -0.000264663 -1.16842e-05)
(0.000676539 -0.000263482 -9.36827e-06)
(0.000676426 -0.000263145 -7.66284e-06)
(0.000674575 -0.000262505 -5.88961e-06)
(0.000669897 -0.000260905 -4.28172e-06)
(0.000666436 -0.000259666 -2.61167e-06)
(0.000665665 -0.00025941 -2.20869e-06)
(0.000669153 -0.000260645 -2.20836e-06)
(0.000670761 -0.000261079 -1.86253e-06)
(0.000673575 -0.000261813 -2.32662e-06)
(0.000675475 -0.000262069 -3.85799e-06)
(0.000678817 -0.000262595 -6.45639e-06)
(0.000681817 -0.000263558 -9.63512e-06)
(0.000685018 -0.000265056 -9.89603e-06)
(0.00068429 -0.000265049 -8.17758e-06)
(0.000681064 -0.000263788 -7.35783e-06)
(0.000679138 -0.000263076 -7.99434e-06)
(0.000678632 -0.000262853 -9.24267e-06)
(0.00067433 -0.000261267 -1.14647e-05)
(0.000668643 -0.000259529 -1.10242e-05)
(0.000664405 -0.000257972 -1.22211e-05)
(0.000661463 -0.000257069 -1.31688e-05)
(0.000658299 -0.000256222 -1.38364e-05)
(0.000653156 -0.000254865 -1.43828e-05)
(0.000647682 -0.000253441 -1.32919e-05)
(0.000643127 -0.000252345 -1.16552e-05)
(0.000641459 -0.000252176 -9.35043e-06)
(0.000644173 -0.000253179 -8.45203e-06)
(0.000645311 -0.000253591 -9.34771e-06)
(0.000646698 -0.00025376 -1.13284e-05)
(0.000644341 -0.000252808 -1.17904e-05)
(0.000642596 -0.000252359 -1.04763e-05)
(0.000644663 -0.000252713 -8.99298e-06)
(0.000648737 -0.00025359 -7.76862e-06)
(0.000651607 -0.000254215 -5.65013e-06)
(0.000654353 -0.000254852 -3.45772e-06)
(0.000653755 -0.000254436 -2.65686e-06)
(0.000655213 -0.000254911 -1.66395e-06)
(0.000660605 -0.000256532 -1.97975e-06)
(0.000664134 -0.000257657 -1.03742e-06)
(0.000664691 -0.000257831 -5.29137e-07)
(0.000663343 -0.000257525 -5.55708e-07)
(0.000660949 -0.000256941 -1.12145e-06)
(0.00066057 -0.00025685 -3.56499e-06)
(0.000663405 -0.000257506 -6.15517e-06)
(0.000665575 -0.000258308 -8.72224e-06)
(0.000665392 -0.000258411 -1.053e-05)
(0.000667142 -0.000258719 -1.27036e-05)
(0.000667623 -0.000258827 -1.52927e-05)
(0.00066721 -0.000258624 -1.59124e-05)
(0.000666837 -0.000258724 -1.6925e-05)
(0.000667019 -0.000259156 -1.82035e-05)
(0.00066742 -0.000258961 -2.02677e-05)
(0.00084718 -0.000394705 6.48029e-05)
(0.000845669 -0.000394185 6.46657e-05)
(0.000844638 -0.000394111 6.58414e-05)
(0.000844198 -0.00039449 6.81788e-05)
(0.000845794 -0.000395726 7.24285e-05)
(0.000849433 -0.000398054 7.72948e-05)
(0.000859189 -0.000404007 8.10142e-05)
(0.000854465 -0.000400594 8.13473e-05)
(0.000852991 -0.000399398 8.41569e-05)
(0.000853627 -0.000399427 8.67078e-05)
(0.000852176 -0.000398795 8.95672e-05)
(0.000850711 -0.000398002 9.21473e-05)
(0.000848959 -0.000397086 9.43984e-05)
(0.000849457 -0.000396966 9.50493e-05)
(0.000851083 -0.000397524 9.41462e-05)
(0.000851649 -0.000397761 9.31475e-05)
(0.000852103 -0.000398042 9.06198e-05)
(0.000853051 -0.000398739 8.79993e-05)
(0.00085323 -0.000399026 8.47397e-05)
(0.000853064 -0.00039909 8.13876e-05)
(0.000852573 -0.000398954 7.94311e-05)
(0.000850095 -0.000397566 7.95476e-05)
(0.000848871 -0.000396362 7.89062e-05)
(0.000848822 -0.000395946 7.81258e-05)
(0.000849212 -0.000396067 7.71039e-05)
(0.000848767 -0.000395711 7.55964e-05)
(0.000848089 -0.000395347 7.65138e-05)
(0.000848605 -0.000395327 7.62582e-05)
(0.000849361 -0.000395577 7.74653e-05)
(0.000849624 -0.000395851 7.88071e-05)
(0.000849609 -0.000396008 8.0738e-05)
(0.000850336 -0.000396682 8.37229e-05)
(0.000851135 -0.000397178 8.64077e-05)
(0.000853361 -0.000398382 8.88542e-05)
(0.000855553 -0.000399469 8.9803e-05)
(0.000857157 -0.000400097 9.01972e-05)
(0.00085673 -0.000399464 8.90693e-05)
(0.000854891 -0.000398388 8.74476e-05)
(0.000852723 -0.000397283 8.60367e-05)
(0.000850948 -0.000396329 8.56993e-05)
(0.000850346 -0.000395663 8.46503e-05)
(0.00084884 -0.000394804 8.42692e-05)
(0.000847027 -0.000393764 8.47492e-05)
(0.000843903 -0.000392288 8.4338e-05)
(0.000842514 -0.000391954 8.39393e-05)
(0.000846114 -0.00039389 8.32968e-05)
(0.000847085 -0.00039448 8.30383e-05)
(0.000846813 -0.00039467 8.30058e-05)
(0.000845036 -0.000394045 8.29844e-05)
(0.000843904 -0.000393783 8.26898e-05)
(0.000844349 -0.000394027 8.13806e-05)
(0.0008469 -0.000395234 8.02093e-05)
(0.000849448 -0.000396417 7.91034e-05)
(0.000850453 -0.00039688 7.85838e-05)
(0.000853415 -0.000398013 7.69917e-05)
(0.000854035 -0.000398116 7.35687e-05)
(0.000853987 -0.000398056 6.99946e-05)
(0.000853061 -0.000397728 6.68056e-05)
(0.000851198 -0.000396844 6.49809e-05)
(0.000848898 -0.000395436 6.55079e-05)
(0.000618354 -0.000352065 7.8359e-05)
(0.0006177 -0.000351851 7.80193e-05)
(0.000617566 -0.00035237 7.96435e-05)
(0.000618842 -0.000353495 8.23554e-05)
(0.000621416 -0.000355305 8.69074e-05)
(0.000625332 -0.000358087 9.1082e-05)
(0.000637058 -0.000366315 9.3684e-05)
(0.000627031 -0.000359545 9.25132e-05)
(0.000623204 -0.000356882 9.47923e-05)
(0.000621848 -0.000355924 9.74413e-05)
(0.000620032 -0.000354901 0.000100594)
(0.00061927 -0.000354472 0.000103847)
(0.000619443 -0.000354517 0.000106349)
(0.000619966 -0.000354741 0.00010645)
(0.000619346 -0.000354324 0.000105235)
(0.000618375 -0.000353836 0.000103735)
(0.000618258 -0.000353763 0.000102136)
(0.000618731 -0.000354023 9.9598e-05)
(0.000618278 -0.000353748 9.66153e-05)
(0.000617083 -0.000353062 9.3016e-05)
(0.000616569 -0.000352604 9.03131e-05)
(0.000615373 -0.000351815 8.91651e-05)
(0.000614565 -0.000351229 8.87258e-05)
(0.000614714 -0.000351194 8.88338e-05)
(0.000615192 -0.000351527 8.9529e-05)
(0.000614691 -0.000351214 8.9651e-05)
(0.000614832 -0.000351237 9.13191e-05)
(0.000615548 -0.000351612 9.21284e-05)
(0.000617506 -0.000352603 9.43783e-05)
(0.00061897 -0.000353167 9.68192e-05)
(0.000621329 -0.000354355 9.94498e-05)
(0.000624087 -0.000355828 0.000101978)
(0.000625809 -0.000356625 0.000103954)
(0.000626971 -0.00035723 0.00010546)
(0.000628137 -0.000358104 0.000105768)
(0.000628014 -0.000358184 0.000105751)
(0.000627244 -0.000357845 0.000104733)
(0.000625613 -0.000357009 0.000103579)
(0.000622882 -0.000355552 0.000101916)
(0.00062123 -0.000354568 0.000100517)
(0.00061967 -0.000353531 9.8991e-05)
(0.000618544 -0.000352927 9.81471e-05)
(0.000618038 -0.00035273 9.74276e-05)
(0.000616618 -0.000352123 9.59598e-05)
(0.000616565 -0.000352414 9.5429e-05)
(0.000617524 -0.000353075 9.42881e-05)
(0.000617259 -0.000352747 9.35975e-05)
(0.000615611 -0.000351771 9.34544e-05)
(0.000613678 -0.000350796 9.35819e-05)
(0.000612737 -0.000350194 9.30346e-05)
(0.00061241 -0.000349853 9.17945e-05)
(0.0006133 -0.000350369 9.03987e-05)
(0.000614166 -0.000350973 8.88464e-05)
(0.000614337 -0.000351103 8.78944e-05)
(0.000616522 -0.000352028 8.74431e-05)
(0.000618198 -0.000352611 8.5352e-05)
(0.000618888 -0.000353012 8.31443e-05)
(0.000619857 -0.000353205 8.13513e-05)
(0.000620222 -0.000353201 7.96489e-05)
(0.000618944 -0.000352351 7.91423e-05)
(0.000426327 -0.000277524 6.49075e-05)
(0.000426959 -0.000278078 6.48379e-05)
(0.000428403 -0.000279499 6.71634e-05)
(0.000430411 -0.00028125 7.01215e-05)
(0.000433145 -0.000283519 7.33352e-05)
(0.000438519 -0.000287907 7.65797e-05)
(0.000455107 -0.000299968 7.71731e-05)
(0.000436308 -0.000287288 7.44677e-05)
(0.000429471 -0.000282454 7.74166e-05)
(0.000426937 -0.000280675 8.05671e-05)
(0.000425753 -0.000279982 8.37825e-05)
(0.000424871 -0.000279374 8.68722e-05)
(0.00042445 -0.000279038 8.89321e-05)
(0.000424553 -0.00027902 8.91106e-05)
(0.000424104 -0.000278811 8.84245e-05)
(0.0004238 -0.000278605 8.73765e-05)
(0.000423684 -0.000278385 8.58186e-05)
(0.00042368 -0.000278272 8.35482e-05)
(0.000423263 -0.000277901 8.06136e-05)
(0.000422024 -0.000276987 7.73856e-05)
(0.000420928 -0.000276209 7.48722e-05)
(0.000419449 -0.00027519 7.34126e-05)
(0.000418771 -0.000274791 7.29638e-05)
(0.000418287 -0.000274463 7.32405e-05)
(0.000418789 -0.000274864 7.41829e-05)
(0.000418209 -0.000274638 7.45553e-05)
(0.000417996 -0.000274613 7.6027e-05)
(0.000418405 -0.000274885 7.69864e-05)
(0.000419383 -0.000275514 7.92906e-05)
(0.000420955 -0.000276305 8.20423e-05)
(0.000423335 -0.000277706 8.47728e-05)
(0.000426168 -0.000279339 8.74523e-05)
(0.0004285 -0.000280661 8.93794e-05)
(0.000429347 -0.000281083 8.99843e-05)
(0.000430097 -0.000281559 8.97371e-05)
(0.000429777 -0.000281387 8.91229e-05)
(0.000429387 -0.000281227 8.79013e-05)
(0.000428608 -0.000280871 8.70387e-05)
(0.000427328 -0.000280231 8.5802e-05)
(0.000425864 -0.000279239 8.43978e-05)
(0.000424327 -0.000278088 8.29393e-05)
(0.000423063 -0.00027731 8.14475e-05)
(0.00042213 -0.000276829 8.02208e-05)
(0.000421544 -0.000276684 7.87285e-05)
(0.000421427 -0.000276808 7.79256e-05)
(0.000421132 -0.000276664 7.68418e-05)
(0.000420719 -0.000276332 7.6508e-05)
(0.00041973 -0.000275633 7.63822e-05)
(0.000418953 -0.000275185 7.6609e-05)
(0.000418642 -0.000274924 7.623e-05)
(0.000418614 -0.000274747 7.54813e-05)
(0.000419011 -0.00027506 7.42987e-05)
(0.000419585 -0.00027555 7.31543e-05)
(0.000420256 -0.000275872 7.20047e-05)
(0.000422427 -0.000276583 7.12341e-05)
(0.000424943 -0.000276519 6.85265e-05)
(0.000426871 -0.000276759 6.68802e-05)
(0.000427767 -0.000277392 6.62603e-05)
(0.000427454 -0.000277849 6.53953e-05)
(0.000426476 -0.000277511 6.51815e-05)
(0.000312214 -0.000222185 5.83368e-05)
(0.000313054 -0.000223244 5.86417e-05)
(0.000315789 -0.000225392 6.11402e-05)
(0.000319119 -0.000228116 6.3937e-05)
(0.000323552 -0.000231767 6.6672e-05)
(0.000332271 -0.000238832 6.93514e-05)
(0.000356087 -0.000255668 6.7806e-05)
(0.000324552 -0.000234222 6.21572e-05)
(0.000314624 -0.000227013 6.57487e-05)
(0.00031105 -0.000224381 6.95597e-05)
(0.000309177 -0.000222986 7.30436e-05)
(0.000307842 -0.000221943 7.56488e-05)
(0.000307486 -0.000221458 7.6995e-05)
(0.000307373 -0.000221199 7.70946e-05)
(0.000306924 -0.00022096 7.64846e-05)
(0.000306547 -0.000220649 7.5437e-05)
(0.000305924 -0.000220135 7.37308e-05)
(0.000305645 -0.000219878 7.14869e-05)
(0.000304852 -0.000219348 6.91737e-05)
(0.000303913 -0.000218634 6.63933e-05)
(0.000302593 -0.00021772 6.41319e-05)
(0.000301493 -0.000216947 6.27115e-05)
(0.000300698 -0.000216476 6.22822e-05)
(0.000300383 -0.00021631 6.26311e-05)
(0.000300924 -0.000216731 6.33689e-05)
(0.000300529 -0.000216719 6.37924e-05)
(0.000300692 -0.000217047 6.53569e-05)
(0.000301399 -0.000217748 6.68344e-05)
(0.000302358 -0.00021861 6.93416e-05)
(0.00030371 -0.000219463 7.2111e-05)
(0.000305796 -0.000220754 7.47996e-05)
(0.00030806 -0.000222106 7.72364e-05)
(0.000309695 -0.000222962 7.87745e-05)
(0.000310616 -0.000223366 7.89405e-05)
(0.000311355 -0.000223788 7.86319e-05)
(0.000311478 -0.00022381 7.80409e-05)
(0.000311618 -0.000223855 7.7087e-05)
(0.000311552 -0.00022377 7.60783e-05)
(0.000310566 -0.000223203 7.5057e-05)
(0.000309239 -0.000222256 7.34231e-05)
(0.000307478 -0.000220999 7.17288e-05)
(0.000306154 -0.000220201 7.01631e-05)
(0.000304577 -0.000219321 6.87605e-05)
(0.00030381 -0.000219075 6.72376e-05)
(0.000303613 -0.000219157 6.68938e-05)
(0.000303113 -0.000218931 6.62116e-05)
(0.000302724 -0.000218594 6.58117e-05)
(0.000301953 -0.000217979 6.56097e-05)
(0.000301397 -0.000217553 6.56498e-05)
(0.000301511 -0.000217516 6.55459e-05)
(0.000301723 -0.00021755 6.48e-05)
(0.000302219 -0.000217885 6.34437e-05)
(0.000303013 -0.000218267 6.21387e-05)
(0.000304031 -0.000218767 6.1171e-05)
(0.000306066 -0.000219344 6.05132e-05)
(0.000309016 -0.000219323 5.81905e-05)
(0.000310438 -0.000219578 5.76589e-05)
(0.000311454 -0.000220491 5.80455e-05)
(0.00031262 -0.0002212 5.79607e-05)
(0.00031248 -0.000221551 5.82141e-05)
(0.000241507 -0.000182017 5.74182e-05)
(0.000244002 -0.000184226 5.85479e-05)
(0.000248075 -0.000187612 6.11059e-05)
(0.000253206 -0.000191706 6.40206e-05)
(0.000260463 -0.000197484 6.66738e-05)
(0.000273473 -0.000207576 6.87837e-05)
(0.000308496 -0.000231227 6.40984e-05)
(0.000257611 -0.00019706 5.37626e-05)
(0.000244014 -0.000187049 5.80008e-05)
(0.000238819 -0.00018293 6.2226e-05)
(0.000235813 -0.000180572 6.57513e-05)
(0.000234027 -0.000179092 6.82683e-05)
(0.000233092 -0.000178108 6.94038e-05)
(0.000232496 -0.000177485 6.9406e-05)
(0.000231847 -0.00017702 6.85244e-05)
(0.000231102 -0.000176514 6.7226e-05)
(0.000230272 -0.00017597 6.53756e-05)
(0.000229883 -0.000175778 6.35074e-05)
(0.000229002 -0.000175167 6.16054e-05)
(0.000227988 -0.000174307 5.92927e-05)
(0.000226941 -0.000173601 5.73733e-05)
(0.000226093 -0.000173041 5.61845e-05)
(0.00022559 -0.000172745 5.59387e-05)
(0.000225792 -0.000172938 5.65858e-05)
(0.000226752 -0.000173589 5.75744e-05)
(0.000226682 -0.000173722 5.79481e-05)
(0.000227126 -0.000174282 5.95973e-05)
(0.000228289 -0.000175434 6.16243e-05)
(0.000229744 -0.000176647 6.43961e-05)
(0.00023122 -0.000177648 6.71201e-05)
(0.000233053 -0.000178824 6.95883e-05)
(0.000234735 -0.00017981 7.16502e-05)
(0.000235893 -0.000180381 7.26888e-05)
(0.000236613 -0.000180642 7.2751e-05)
(0.000237102 -0.000180823 7.21141e-05)
(0.00023742 -0.000180891 7.13816e-05)
(0.000237594 -0.000180831 7.0202e-05)
(0.000237448 -0.000180619 6.8945e-05)
(0.000236452 -0.000179929 6.74232e-05)
(0.000235176 -0.000179098 6.56066e-05)
(0.000233577 -0.000178065 6.36155e-05)
(0.000231785 -0.000176959 6.18895e-05)
(0.000230034 -0.000176 6.01461e-05)
(0.000228682 -0.000175417 5.89729e-05)
(0.000227869 -0.000175167 5.87645e-05)
(0.000227265 -0.00017492 5.84631e-05)
(0.000226666 -0.000174565 5.82543e-05)
(0.000226137 -0.000174151 5.83927e-05)
(0.000226098 -0.000173992 5.85696e-05)
(0.000226409 -0.00017414 5.87055e-05)
(0.000226885 -0.000174366 5.81832e-05)
(0.000227501 -0.000174791 5.69548e-05)
(0.000228669 -0.000175223 5.58458e-05)
(0.000230459 -0.00017567 5.48121e-05)
(0.000231276 -0.000176306 5.54849e-05)
(0.000233644 -0.000176454 5.40619e-05)
(0.000235218 -0.000177176 5.4878e-05)
(0.000235956 -0.000178394 5.58819e-05)
(0.00023785 -0.000179598 5.61864e-05)
(0.000239836 -0.000181014 5.67575e-05)
(0.000198954 -0.000154482 6.0823e-05)
(0.000203551 -0.000158109 6.32714e-05)
(0.000210023 -0.000163074 6.66444e-05)
(0.00021819 -0.000169318 6.98808e-05)
(0.000229823 -0.000178298 7.25373e-05)
(0.000249765 -0.00019304 7.34117e-05)
(0.000301318 -0.00022589 6.40645e-05)
(0.000220883 -0.00017325 4.65853e-05)
(0.00020187 -0.000159403 5.11404e-05)
(0.000194 -0.000153138 5.55572e-05)
(0.000189505 -0.000149559 5.91376e-05)
(0.000186655 -0.000147207 6.17798e-05)
(0.00018486 -0.00014568 6.28522e-05)
(0.000183508 -0.000144474 6.26189e-05)
(0.000182237 -0.000143569 6.13553e-05)
(0.000181129 -0.000142879 5.97746e-05)
(0.000180057 -0.000142232 5.79805e-05)
(0.000179521 -0.000141979 5.64854e-05)
(0.00017891 -0.000141543 5.51464e-05)
(0.000177774 -0.000140558 5.32198e-05)
(0.000177158 -0.000140175 5.16934e-05)
(0.000176897 -0.000140043 5.09942e-05)
(0.000177169 -0.000140282 5.1166e-05)
(0.000177939 -0.000140828 5.20922e-05)
(0.000179436 -0.000141815 5.3554e-05)
(0.000179753 -0.00014214 5.39419e-05)
(0.000180625 -0.000142958 5.60787e-05)
(0.000182142 -0.000144155 5.85113e-05)
(0.000184 -0.000145519 6.12675e-05)
(0.000186017 -0.000146701 6.3805e-05)
(0.000187649 -0.000147736 6.5727e-05)
(0.000188722 -0.000148454 6.70391e-05)
(0.000189194 -0.000148685 6.76484e-05)
(0.00018951 -0.000148728 6.75393e-05)
(0.000189622 -0.000148637 6.68974e-05)
(0.000189876 -0.000148607 6.59765e-05)
(0.000189824 -0.000148366 6.44984e-05)
(0.000189126 -0.000147786 6.27339e-05)
(0.000188119 -0.000147191 6.07457e-05)
(0.000186835 -0.000146443 5.86976e-05)
(0.000185357 -0.000145534 5.67807e-05)
(0.000183618 -0.000144421 5.46367e-05)
(0.000181798 -0.000143407 5.28919e-05)
(0.000180151 -0.000142676 5.18554e-05)
(0.00017918 -0.000142353 5.16536e-05)
(0.000178534 -0.00014208 5.19069e-05)
(0.000177987 -0.00014184 5.23127e-05)
(0.000177695 -0.000141667 5.29067e-05)
(0.000177737 -0.000141643 5.32997e-05)
(0.000178166 -0.00014188 5.3616e-05)
(0.000178867 -0.00014228 5.34204e-05)
(0.000179556 -0.000142672 5.27435e-05)
(0.000180962 -0.000143035 5.21496e-05)
(0.000182223 -0.000143518 5.21026e-05)
(0.000183938 -0.000144273 5.30186e-05)
(0.00018452 -0.000144897 5.3637e-05)
(0.000186487 -0.000146083 5.50901e-05)
(0.000188216 -0.000147763 5.6551e-05)
(0.000190719 -0.000149682 5.77133e-05)
(0.000195282 -0.000151857 5.89906e-05)
(0.000181838 -0.000141714 6.81837e-05)
(0.00018922 -0.000147373 7.23579e-05)
(0.000198868 -0.000154516 7.71292e-05)
(0.000211725 -0.000164118 8.15265e-05)
(0.000230047 -0.000177892 8.49823e-05)
(0.000260157 -0.000199129 8.5073e-05)
(0.000337008 -0.000244775 6.92329e-05)
(0.0002115 -0.000165928 4.04169e-05)
(0.000185315 -0.00014747 4.56645e-05)
(0.000174094 -0.000138741 5.03872e-05)
(0.000167589 -0.000133663 5.41561e-05)
(0.000163482 -0.000130354 5.67827e-05)
(0.0001605 -0.00012796 5.78636e-05)
(0.000158231 -0.000126174 5.73439e-05)
(0.000156376 -0.000124887 5.59854e-05)
(0.000155116 -0.000124114 5.44353e-05)
(0.000154109 -0.000123501 5.27862e-05)
(0.000153726 -0.000123314 5.15123e-05)
(0.000153034 -0.000122793 5.03767e-05)
(0.000152212 -0.000122087 4.91876e-05)
(0.000151958 -0.000121946 4.84739e-05)
(0.000152287 -0.000122227 4.85413e-05)
(0.000153119 -0.00012286 4.91636e-05)
(0.000154402 -0.000123794 5.01909e-05)
(0.000156225 -0.000124929 5.21552e-05)
(0.00015696 -0.000125452 5.28215e-05)
(0.000158112 -0.000126312 5.53421e-05)
(0.000159801 -0.000127365 5.77942e-05)
(0.00016219 -0.000128901 6.02135e-05)
(0.000164207 -0.000130055 6.20182e-05)
(0.000165672 -0.000131011 6.31259e-05)
(0.000166357 -0.0001315 6.37527e-05)
(0.000166428 -0.000131563 6.3748e-05)
(0.000166215 -0.000131297 6.34757e-05)
(0.000166022 -0.000131005 6.27402e-05)
(0.000165702 -0.000130542 6.15183e-05)
(0.000165048 -0.00012991 5.97814e-05)
(0.000164213 -0.000129302 5.76286e-05)
(0.000163197 -0.000128748 5.53508e-05)
(0.000161969 -0.000128077 5.30861e-05)
(0.000160599 -0.000127335 5.11882e-05)
(0.000158944 -0.00012629 4.9265e-05)
(0.000157365 -0.000125438 4.75587e-05)
(0.00015613 -0.00012499 4.66134e-05)
(0.000155079 -0.000124584 4.64201e-05)
(0.000154465 -0.000124419 4.71276e-05)
(0.000154123 -0.00012432 4.8139e-05)
(0.000153742 -0.000124096 4.94394e-05)
(0.000153805 -0.000124131 5.04655e-05)
(0.000154207 -0.00012435 5.11885e-05)
(0.000154946 -0.000124746 5.13006e-05)
(0.000155798 -0.000125273 5.12787e-05)
(0.000157105 -0.000125651 5.12349e-05)
(0.000157695 -0.0001263 5.24084e-05)
(0.000159526 -0.000127267 5.42844e-05)
(0.000160784 -0.000128286 5.5125e-05)
(0.000162842 -0.000129681 5.71392e-05)
(0.000165432 -0.000131739 5.91852e-05)
(0.000168978 -0.00013457 6.15597e-05)
(0.000175243 -0.000137716 6.43135e-05)
(0.000183281 -0.00014281 7.60732e-05)
(0.000193662 -0.000149998 8.23744e-05)
(0.000207679 -0.000159848 8.95156e-05)
(0.00022687 -0.000173583 9.66046e-05)
(0.000255116 -0.000193756 0.000103126)
(0.000301559 -0.000224512 0.000105342)
(0.000416419 -0.000287286 8.16173e-05)
(0.000224856 -0.0001737 3.55909e-05)
(0.000189398 -0.000149828 4.26268e-05)
(0.000174462 -0.000138661 4.79214e-05)
(0.000166189 -0.000132419 5.18845e-05)
(0.000160856 -0.000128355 5.4459e-05)
(0.000156923 -0.000125312 5.51164e-05)
(0.000154027 -0.000123181 5.43699e-05)
(0.000151864 -0.000121685 5.2865e-05)
(0.00015027 -0.000120714 5.12491e-05)
(0.00014955 -0.000120319 5.01882e-05)
(0.000149058 -0.000120055 4.91442e-05)
(0.000148563 -0.000119766 4.86708e-05)
(0.000147985 -0.00011928 4.84453e-05)
(0.000148109 -0.000119343 4.85654e-05)
(0.000149062 -0.000119979 4.91186e-05)
(0.000150325 -0.000120854 4.98584e-05)
(0.000151967 -0.000122023 5.14079e-05)
(0.000154057 -0.000123246 5.32914e-05)
(0.000154959 -0.000123807 5.39593e-05)
(0.000156145 -0.0001245 5.60405e-05)
(0.000157587 -0.000125214 5.78492e-05)
(0.000159567 -0.000126371 5.96019e-05)
(0.000161435 -0.000127497 6.08927e-05)
(0.000162777 -0.000128462 6.1777e-05)
(0.000163241 -0.00012877 6.18098e-05)
(0.000163243 -0.000128771 6.13875e-05)
(0.000162746 -0.000128309 6.06573e-05)
(0.00016211 -0.000127703 5.94235e-05)
(0.000161302 -0.000126973 5.79871e-05)
(0.000160543 -0.000126326 5.6187e-05)
(0.000159646 -0.00012568 5.41363e-05)
(0.00015857 -0.000125092 5.19849e-05)
(0.000157452 -0.00012447 5.00218e-05)
(0.000156257 -0.000123889 4.80464e-05)
(0.000154996 -0.000123175 4.62515e-05)
(0.000153838 -0.000122606 4.4735e-05)
(0.000152946 -0.000122389 4.39142e-05)
(0.000152157 -0.000122213 4.40776e-05)
(0.000151892 -0.000122372 4.50781e-05)
(0.000151756 -0.000122464 4.6665e-05)
(0.000151149 -0.000122077 4.83414e-05)
(0.000151096 -0.000122019 4.98884e-05)
(0.000151243 -0.00012204 5.06197e-05)
(0.000151864 -0.000122368 5.08963e-05)
(0.000152718 -0.0001229 5.13674e-05)
(0.000153975 -0.000123385 5.18574e-05)
(0.00015477 -0.000124258 5.36118e-05)
(0.000156698 -0.00012537 5.60505e-05)
(0.000158145 -0.000126542 5.73085e-05)
(0.000160217 -0.000128114 5.9902e-05)
(0.00016347 -0.000130535 6.2631e-05)
(0.000167963 -0.000133824 6.61042e-05)
(0.000174568 -0.000137764 7.06428e-05)
(0.000198195 -0.000153153 8.22858e-05)
(0.000210987 -0.000161484 9.10039e-05)
(0.000229708 -0.000174046 0.000101825)
(0.000256706 -0.000192301 0.000113741)
(0.000298635 -0.000220514 0.000126895)
(0.000369495 -0.000264093 0.000135503)
(0.000543338 -0.000350407 0.000104259)
(0.000255436 -0.000191977 3.1658e-05)
(0.000207916 -0.000161926 4.17529e-05)
(0.000189318 -0.000148651 4.76546e-05)
(0.000179379 -0.000141471 5.19056e-05)
(0.000173297 -0.000137008 5.39663e-05)
(0.000169007 -0.000133862 5.4412e-05)
(0.00016598 -0.000131768 5.34729e-05)
(0.000163937 -0.000130415 5.17309e-05)
(0.000162469 -0.000129576 5.03767e-05)
(0.000161688 -0.000129159 4.95606e-05)
(0.000161064 -0.000128823 4.93491e-05)
(0.000160687 -0.000128659 4.96314e-05)
(0.0001606 -0.000128612 5.00506e-05)
(0.000161089 -0.000128894 5.07121e-05)
(0.000162427 -0.000129721 5.1496e-05)
(0.000164067 -0.000130728 5.24106e-05)
(0.000166004 -0.00013194 5.35308e-05)
(0.00016829 -0.000133165 5.51798e-05)
(0.000169698 -0.00013405 5.54828e-05)
(0.000170763 -0.000134681 5.71218e-05)
(0.00017187 -0.000135168 5.86037e-05)
(0.000173029 -0.000135846 5.95051e-05)
(0.000174276 -0.000136755 6.04417e-05)
(0.000175155 -0.000137332 6.10067e-05)
(0.000175556 -0.00013752 6.07682e-05)
(0.000175411 -0.000137345 5.99803e-05)
(0.000174746 -0.000136779 5.88063e-05)
(0.000174034 -0.000136098 5.74181e-05)
(0.00017294 -0.000135146 5.55863e-05)
(0.000172112 -0.000134472 5.37405e-05)
(0.000171075 -0.00013369 5.18273e-05)
(0.000170148 -0.000133143 5.0043e-05)
(0.000169193 -0.000132649 4.8395e-05)
(0.000168213 -0.000132172 4.64972e-05)
(0.000166986 -0.000131534 4.4835e-05)
(0.000166232 -0.000131283 4.35807e-05)
(0.000165758 -0.000131359 4.32564e-05)
(0.000165389 -0.000131514 4.35501e-05)
(0.000165355 -0.000131856 4.46749e-05)
(0.000165124 -0.000131902 4.6397e-05)
(0.000164784 -0.000131745 4.83906e-05)
(0.000164542 -0.000131593 4.9661e-05)
(0.000164585 -0.000131629 5.03629e-05)
(0.000164833 -0.000131778 5.07533e-05)
(0.000165512 -0.000132229 5.1454e-05)
(0.000166441 -0.00013264 5.24462e-05)
(0.000167313 -0.000133443 5.43239e-05)
(0.000169066 -0.000134405 5.68771e-05)
(0.000170677 -0.000135603 5.82984e-05)
(0.000172979 -0.000137299 6.12108e-05)
(0.000176543 -0.000139787 6.47312e-05)
(0.000181692 -0.00014322 6.94143e-05)
(0.000188487 -0.000147435 7.5165e-05)
(0.000223191 -0.000169405 8.66541e-05)
(0.000237729 -0.000178512 9.79391e-05)
(0.000260568 -0.000192931 0.000113181)
(0.000296304 -0.00021543 0.000132227)
(0.000355071 -0.000251941 0.000156163)
(0.000462934 -0.000313235 0.000178506)
(0.000730807 -0.000431803 0.000142803)
(0.000299841 -0.000216985 2.84449e-05)
(0.000236833 -0.000180077 4.35213e-05)
(0.000214771 -0.000165156 4.99454e-05)
(0.000203692 -0.000157636 5.3999e-05)
(0.000197356 -0.00015316 5.57239e-05)
(0.000193336 -0.000150243 5.56221e-05)
(0.000190581 -0.000148409 5.44733e-05)
(0.000188473 -0.000147219 5.30902e-05)
(0.00018714 -0.000146535 5.20531e-05)
(0.000186296 -0.000146173 5.15713e-05)
(0.00018591 -0.000146098 5.18063e-05)
(0.000185929 -0.000146278 5.26423e-05)
(0.000186135 -0.000146407 5.3709e-05)
(0.000186988 -0.000146892 5.48308e-05)
(0.000188547 -0.000147808 5.58805e-05)
(0.000190531 -0.000148907 5.66074e-05)
(0.000192572 -0.000150032 5.73516e-05)
(0.000194997 -0.000151276 5.82555e-05)
(0.000196726 -0.000152334 5.82573e-05)
(0.000198331 -0.00015322 5.93154e-05)
(0.00019922 -0.000153644 6.01164e-05)
(0.000199971 -0.000154246 6.04567e-05)
(0.000200509 -0.000154692 6.0439e-05)
(0.000200713 -0.000154798 6.05233e-05)
(0.000200797 -0.000154725 6.0067e-05)
(0.000200404 -0.000154318 5.92612e-05)
(0.000199472 -0.000153494 5.82163e-05)
(0.000198463 -0.00015256 5.67465e-05)
(0.000197157 -0.000151411 5.48647e-05)
(0.000196058 -0.000150559 5.27716e-05)
(0.000195071 -0.000149908 5.09448e-05)
(0.000194228 -0.000149492 4.9483e-05)
(0.000193338 -0.000148942 4.79983e-05)
(0.000192576 -0.000148617 4.65618e-05)
(0.000191637 -0.000148207 4.55623e-05)
(0.000191241 -0.00014819 4.48445e-05)
(0.00019119 -0.000148504 4.47172e-05)
(0.000191252 -0.000148907 4.50466e-05)
(0.000191496 -0.000149442 4.61264e-05)
(0.000191246 -0.000149501 4.74663e-05)
(0.00019092 -0.000149448 4.90007e-05)
(0.000190766 -0.00014946 4.99309e-05)
(0.000190609 -0.000149445 5.053e-05)
(0.00019067 -0.00014947 5.09313e-05)
(0.000191122 -0.000149774 5.14511e-05)
(0.000191723 -0.000150184 5.23255e-05)
(0.000192293 -0.000150722 5.40772e-05)
(0.000193804 -0.000151544 5.67348e-05)
(0.000195432 -0.000152562 5.84844e-05)
(0.000197543 -0.000153979 6.1709e-05)
(0.000201147 -0.000156275 6.58287e-05)
(0.000206021 -0.000159302 7.10798e-05)
(0.000213012 -0.000163437 7.78298e-05)
(0.000252653 -0.000187555 8.83244e-05)
(0.000267758 -0.000196371 0.000101743)
(0.000293033 -0.000210997 0.000120873)
(0.000335332 -0.00023523 0.000147712)
(0.000412109 -0.0002785 0.000187771)
(0.000570612 -0.000359761 0.000235495)
(0.000992981 -0.000520436 0.000207386)
(0.000348393 -0.000241023 2.56442e-05)
(0.000268765 -0.000198878 4.80392e-05)
(0.000244913 -0.00018363 5.4582e-05)
(0.000234174 -0.000176745 5.77781e-05)
(0.000228582 -0.000172997 5.86816e-05)
(0.00022465 -0.000170385 5.79884e-05)
(0.000222294 -0.00016893 5.67433e-05)
(0.000221678 -0.000168294 5.57005e-05)
(0.000220357 -0.000167766 5.50736e-05)
(0.000219686 -0.000167677 5.51874e-05)
(0.000219656 -0.000167912 5.59108e-05)
(0.000219754 -0.000168084 5.71875e-05)
(0.000220108 -0.000168298 5.86251e-05)
(0.000221306 -0.000168981 6.02256e-05)
(0.000223168 -0.000169985 6.14547e-05)
(0.000225434 -0.00017114 6.21487e-05)
(0.000227582 -0.000172302 6.25763e-05)
(0.00023021 -0.000173572 6.3212e-05)
(0.00023208 -0.000174626 6.28854e-05)
(0.000232257 -0.000175076 6.34059e-05)
(0.00023337 -0.000175593 6.3786e-05)
(0.000234377 -0.00017625 6.31344e-05)
(0.000234483 -0.000176405 6.25031e-05)
(0.000234214 -0.00017623 6.16749e-05)
(0.000233725 -0.000175784 6.08238e-05)
(0.000233086 -0.000175217 5.96972e-05)
(0.000231814 -0.000174164 5.85968e-05)
(0.000230615 -0.000173046 5.7214e-05)
(0.000228978 -0.000171727 5.52722e-05)
(0.000227497 -0.000170649 5.32831e-05)
(0.000226372 -0.000169941 5.14901e-05)
(0.000225475 -0.000169471 5.02246e-05)
(0.000224847 -0.000169183 4.91503e-05)
(0.000224156 -0.000168912 4.84322e-05)
(0.000223523 -0.000168718 4.79149e-05)
(0.000223686 -0.000169064 4.76225e-05)
(0.000223936 -0.000169487 4.74808e-05)
(0.000224284 -0.00017005 4.78895e-05)
(0.000224704 -0.000170602 4.86105e-05)
(0.000224725 -0.000170884 4.95097e-05)
(0.000224702 -0.000171147 5.06048e-05)
(0.000224774 -0.000171379 5.1226e-05)
(0.000224643 -0.000171504 5.14769e-05)
(0.000224597 -0.000171499 5.17404e-05)
(0.000224752 -0.000171647 5.19643e-05)
(0.000224914 -0.000171775 5.27455e-05)
(0.000225162 -0.000172136 5.43473e-05)
(0.000225977 -0.000172534 5.67884e-05)
(0.000227053 -0.000173192 5.87957e-05)
(0.000228936 -0.000174141 6.18943e-05)
(0.000231952 -0.000175762 6.60595e-05)
(0.000236483 -0.000178403 7.15174e-05)
(0.000242835 -0.000181976 7.86846e-05)
(0.000278304 -0.000202053 8.66225e-05)
(0.000291909 -0.000209222 9.97082e-05)
(0.000315946 -0.000221725 0.000120152)
(0.000359192 -0.000243614 0.000152875)
(0.000447226 -0.000286975 0.000210105)
(0.000654267 -0.000379575 0.000292471)
(0.0013152 -0.000582733 0.000308175)
(0.000379381 -0.000252372 2.6183e-05)
(0.000293897 -0.000212172 5.60985e-05)
(0.000272165 -0.000198882 6.13107e-05)
(0.000263162 -0.000193431 6.26037e-05)
(0.000258578 -0.000190611 6.23646e-05)
(0.000256227 -0.000188716 6.11243e-05)
(0.000254848 -0.0001877 6.02441e-05)
(0.000251966 -0.000186671 5.85677e-05)
(0.00025118 -0.000186635 5.89474e-05)
(0.000251022 -0.000186783 5.96679e-05)
(0.00025104 -0.000186927 6.06521e-05)
(0.000251408 -0.00018724 6.20278e-05)
(0.000252096 -0.000187657 6.36574e-05)
(0.000253461 -0.000188486 6.54724e-05)
(0.000255361 -0.000189486 6.65702e-05)
(0.000257705 -0.000190654 6.7176e-05)
(0.000260002 -0.00019184 6.73479e-05)
(0.000261855 -0.000192876 6.75059e-05)
(0.000264086 -0.000193945 6.8502e-05)
(0.000266752 -0.000195068 6.82931e-05)
(0.000267156 -0.000195262 6.78219e-05)
(0.000266534 -0.00019517 6.63651e-05)
(0.000266707 -0.000195269 6.49152e-05)
(0.000266295 -0.000195009 6.35967e-05)
(0.000265561 -0.000194494 6.21607e-05)
(0.000264557 -0.000193738 6.0917e-05)
(0.000262845 -0.00019246 5.97282e-05)
(0.000261349 -0.000191217 5.81787e-05)
(0.000259184 -0.000189563 5.62376e-05)
(0.00025767 -0.000188508 5.47037e-05)
(0.000256497 -0.000187702 5.30605e-05)
(0.000255683 -0.00018734 5.196e-05)
(0.000254982 -0.000187066 5.14346e-05)
(0.000254656 -0.00018702 5.12994e-05)
(0.000254387 -0.000186982 5.09526e-05)
(0.000254777 -0.00018746 5.05887e-05)
(0.000255187 -0.000188007 5.05888e-05)
(0.000255854 -0.00018872 5.08899e-05)
(0.000256494 -0.000189409 5.1365e-05)
(0.00025681 -0.000189931 5.19764e-05)
(0.000256937 -0.000190342 5.26902e-05)
(0.000257289 -0.000190809 5.32759e-05)
(0.00025723 -0.000191 5.35272e-05)
(0.000257277 -0.000191121 5.35124e-05)
(0.000257427 -0.000191344 5.35605e-05)
(0.000257435 -0.000191418 5.40735e-05)
(0.000257047 -0.000191222 5.50359e-05)
(0.000257365 -0.00019134 5.70625e-05)
(0.000259069 -0.000191885 5.87475e-05)
(0.000259693 -0.000192198 6.19354e-05)
(0.000262116 -0.000193393 6.59801e-05)
(0.000265091 -0.000195301 7.10046e-05)
(0.000270155 -0.000197815 7.7541e-05)
(0.000296767 -0.000209161 8.11393e-05)
(0.000306997 -0.000213948 9.12387e-05)
(0.00032598 -0.000222558 0.000108777)
(0.00036257 -0.000237917 0.000140144)
(0.000445808 -0.000270379 0.000202686)
(0.000668397 -0.000347748 0.00030482)
(0.00173283 -0.000586919 0.000448837)
(0.000378668 -0.00024409 4.82232e-05)
(0.000312205 -0.00021748 7.03453e-05)
(0.000295116 -0.000208173 7.01545e-05)
(0.000287751 -0.000204272 6.79352e-05)
(0.000284578 -0.00020225 6.64583e-05)
(0.000279476 -0.000199778 6.40858e-05)
(0.000277323 -0.000198711 6.3034e-05)
(0.000276903 -0.000198698 6.28722e-05)
(0.0002769 -0.00019899 6.3564e-05)
(0.000276941 -0.000199218 6.46476e-05)
(0.000277339 -0.000199524 6.58652e-05)
(0.000277743 -0.000199769 6.72832e-05)
(0.000278638 -0.000200325 6.90541e-05)
(0.000279954 -0.000201061 7.07054e-05)
(0.000282183 -0.000202223 7.16133e-05)
(0.000284452 -0.000203316 7.19974e-05)
(0.000286762 -0.000204464 7.19598e-05)
(0.000288514 -0.000205374 7.16665e-05)
(0.000289672 -0.000205895 7.15615e-05)
(0.00029045 -0.00020618 7.13433e-05)
(0.000291272 -0.000206346 7.07124e-05)
(0.00029275 -0.000206924 6.86628e-05)
(0.000292116 -0.000206649 6.68965e-05)
(0.000291766 -0.000206379 6.4956e-05)
(0.000290899 -0.000205784 6.32666e-05)
(0.000289447 -0.000204743 6.18542e-05)
(0.000287612 -0.000203446 6.06805e-05)
(0.000286099 -0.000202225 5.92389e-05)
(0.000283834 -0.000200638 5.75205e-05)
(0.000282094 -0.000199524 5.62428e-05)
(0.000280852 -0.000198741 5.50727e-05)
(0.000279895 -0.000198301 5.41761e-05)
(0.00027903 -0.000197966 5.39792e-05)
(0.000279074 -0.000198143 5.38442e-05)
(0.000279105 -0.000198245 5.35469e-05)
(0.000279627 -0.000198761 5.31894e-05)
(0.000280324 -0.000199512 5.34013e-05)
(0.000281036 -0.000200237 5.39479e-05)
(0.000281724 -0.000200931 5.45097e-05)
(0.000282297 -0.000201539 5.50284e-05)
(0.000282619 -0.000202024 5.53714e-05)
(0.000283121 -0.000202688 5.59219e-05)
(0.000283605 -0.000203186 5.62367e-05)
(0.000284124 -0.000203563 5.58133e-05)
(0.000284294 -0.0002038 5.53299e-05)
(0.000283994 -0.0002037 5.51491e-05)
(0.000283354 -0.000203401 5.56847e-05)
(0.000283252 -0.000203053 5.73661e-05)
(0.00028113 -0.000202135 5.85591e-05)
(0.00028181 -0.000202376 6.19874e-05)
(0.00028357 -0.000203054 6.52835e-05)
(0.000287842 -0.000204986 6.92109e-05)
(0.000291017 -0.000206453 7.43194e-05)
(0.000304808 -0.000207074 7.42265e-05)
(0.000310741 -0.000209445 7.99345e-05)
(0.000321963 -0.000213665 9.01905e-05)
(0.000345591 -0.000221134 0.000111263)
(0.000407348 -0.000235117 0.000155457)
(0.000578385 -0.000261589 0.000191549)
(0.00301977 -0.000334926 0.000872254)
(0.000370648 -0.000222846 0.000164592)
(0.000324876 -0.000213374 8.79666e-05)
(0.000308013 -0.000208205 7.51897e-05)
(0.000301592 -0.000205528 7.05673e-05)
(0.000297757 -0.000203618 6.84232e-05)
(0.000295291 -0.000202222 6.73177e-05)
(0.000293984 -0.000201585 6.66882e-05)
(0.000293461 -0.000201558 6.68503e-05)
(0.000293742 -0.000202008 6.78527e-05)
(0.000293874 -0.000202177 6.94734e-05)
(0.000294361 -0.000202381 7.08078e-05)
(0.000294879 -0.000202718 7.22196e-05)
(0.000295904 -0.00020323 7.38506e-05)
(0.000297278 -0.000203907 7.54633e-05)
(0.000299349 -0.000204909 7.63235e-05)
(0.000301631 -0.000205931 7.64483e-05)
(0.000303691 -0.000206834 7.59641e-05)
(0.000305277 -0.000207593 7.54348e-05)
(0.000306104 -0.00020788 7.46221e-05)
(0.000306472 -0.00020799 7.34005e-05)
(0.000306264 -0.00020785 7.18152e-05)
(0.000305934 -0.000207568 6.99711e-05)
(0.00030577 -0.000207354 6.78288e-05)
(0.000305268 -0.000206954 6.56612e-05)
(0.000304196 -0.000206191 6.38244e-05)
(0.000302578 -0.00020517 6.22065e-05)
(0.000300631 -0.000204001 6.09615e-05)
(0.000299554 -0.000202971 6.02457e-05)
(0.000297365 -0.00020158 5.80795e-05)
(0.000295233 -0.000200315 5.74034e-05)
(0.000293861 -0.000199492 5.66435e-05)
(0.000292772 -0.000199035 5.60587e-05)
(0.000292071 -0.000198741 5.57215e-05)
(0.000292161 -0.000198863 5.5652e-05)
(0.000292325 -0.000199023 5.55304e-05)
(0.000292885 -0.000199572 5.54545e-05)
(0.000293484 -0.000200263 5.57356e-05)
(0.00029452 -0.00020117 5.63768e-05)
(0.000295642 -0.000202069 5.70993e-05)
(0.000296619 -0.000202849 5.77069e-05)
(0.000297346 -0.000203546 5.80263e-05)
(0.000298163 -0.000204396 5.84898e-05)
(0.000299085 -0.0002052 5.8662e-05)
(0.000299882 -0.000205763 5.81832e-05)
(0.00030007 -0.000205937 5.72112e-05)
(0.00029959 -0.000205785 5.63017e-05)
(0.000298343 -0.000205184 5.6297e-05)
(0.000297442 -0.000204733 5.71027e-05)
(0.000297189 -0.000204437 5.88815e-05)
(0.000297251 -0.000204216 6.14577e-05)
(0.000297988 -0.000204395 6.42274e-05)
(0.000299384 -0.000204934 6.71335e-05)
(0.000301499 -0.000205768 7.03407e-05)
(0.00030733 -0.000198041 6.86617e-05)
(0.000309804 -0.000199117 6.93093e-05)
(0.000313866 -0.000201051 7.03451e-05)
(0.000319765 -0.000203827 7.24017e-05)
(0.000328652 -0.000207152 7.49739e-05)
(0.000340173 -0.000212066 6.10447e-05)
(0.00058459 -0.000242101 0.000131976)
(0.000354037 -0.000218745 0.000109614)
(0.00032341 -0.000205577 8.00387e-05)
(0.00031197 -0.000200584 7.36846e-05)
(0.000306694 -0.000197889 7.10103e-05)
(0.000303601 -0.000196197 7.00354e-05)
(0.000301322 -0.0001949 6.96647e-05)
(0.000300124 -0.00019422 6.97423e-05)
(0.000299987 -0.000194295 7.05255e-05)
(0.000300368 -0.000194647 7.16555e-05)
(0.000300608 -0.000194803 7.3485e-05)
(0.000301295 -0.000194999 7.50823e-05)
(0.000301806 -0.000195218 7.64228e-05)
(0.000302679 -0.000195626 7.79812e-05)
(0.000304086 -0.000196242 7.97009e-05)
(0.000305952 -0.000197048 8.04265e-05)
(0.000308109 -0.000197854 8.03248e-05)
(0.000309972 -0.000198605 7.95028e-05)
(0.000311281 -0.000199224 7.83625e-05)
(0.000311576 -0.000199292 7.69674e-05)
(0.000311418 -0.000199196 7.54584e-05)
(0.000311231 -0.000199002 7.3435e-05)
(0.000310905 -0.000198688 7.10116e-05)
(0.000310566 -0.000198367 6.86195e-05)
(0.000309985 -0.000197914 6.64029e-05)
(0.000308985 -0.000197275 6.45265e-05)
(0.000307259 -0.00019624 6.25323e-05)
(0.00030538 -0.000195244 6.10909e-05)
(0.00030433 -0.000194404 6.06649e-05)
(0.000301946 -0.000193003 5.88711e-05)
(0.000299652 -0.000191822 5.83005e-05)
(0.000298343 -0.000191075 5.77201e-05)
(0.000297321 -0.000190618 5.72367e-05)
(0.000296767 -0.000190432 5.71025e-05)
(0.000296935 -0.000190584 5.71354e-05)
(0.000296994 -0.00019064 5.73e-05)
(0.000297608 -0.000191185 5.74389e-05)
(0.000298587 -0.00019206 5.78579e-05)
(0.000299897 -0.000193086 5.84347e-05)
(0.000301049 -0.000193912 5.91817e-05)
(0.000302182 -0.000194722 5.99688e-05)
(0.000303254 -0.000195513 6.063e-05)
(0.000304544 -0.000196557 6.0955e-05)
(0.000305959 -0.000197593 6.10982e-05)
(0.000307037 -0.00019823 6.05046e-05)
(0.000307452 -0.00019854 5.94701e-05)
(0.000306976 -0.000198451 5.81151e-05)
(0.000305738 -0.000197935 5.76059e-05)
(0.00030473 -0.000197514 5.8252e-05)
(0.000303928 -0.000197031 5.98482e-05)
(0.000303582 -0.000196664 6.22108e-05)
(0.000303843 -0.000196656 6.43393e-05)
(0.000304624 -0.000196919 6.61147e-05)
(0.000305691 -0.000197367 6.7484e-05)
(0.00030096 -0.000179694 7.01427e-05)
(0.000302196 -0.000180128 7.09977e-05)
(0.000304547 -0.000181188 7.22343e-05)
(0.000308234 -0.00018306 7.43335e-05)
(0.000313582 -0.000185588 7.77313e-05)
(0.000321085 -0.000188951 8.01451e-05)
(0.000366693 -0.000202124 8.64494e-05)
(0.00032209 -0.000189426 7.74258e-05)
(0.000311019 -0.000184698 7.34783e-05)
(0.000304818 -0.000181767 7.1512e-05)
(0.000301012 -0.000179916 7.05192e-05)
(0.000298615 -0.00017867 7.06315e-05)
(0.000296955 -0.000177713 7.12289e-05)
(0.000296331 -0.000177387 7.2213e-05)
(0.000296458 -0.00017747 7.32278e-05)
(0.000296777 -0.000177637 7.46107e-05)
(0.000297086 -0.0001777 7.64193e-05)
(0.000297705 -0.000177812 7.81057e-05)
(0.000298414 -0.000178076 7.93134e-05)
(0.000299105 -0.000178327 8.06896e-05)
(0.000300386 -0.000178768 8.22968e-05)
(0.000302045 -0.000179366 8.31102e-05)
(0.000303965 -0.000180064 8.27377e-05)
(0.000305487 -0.000180566 8.15269e-05)
(0.000306254 -0.000180847 7.98244e-05)
(0.000306376 -0.000180934 7.79586e-05)
(0.000306131 -0.000180816 7.6114e-05)
(0.000305976 -0.000180617 7.41244e-05)
(0.000305525 -0.000180242 7.1645e-05)
(0.00030503 -0.000179895 6.91345e-05)
(0.000304346 -0.000179472 6.69373e-05)
(0.000303712 -0.000179108 6.47714e-05)
(0.000302046 -0.000178242 6.24956e-05)
(0.000300072 -0.000177353 6.10963e-05)
(0.000299046 -0.000176629 6.08557e-05)
(0.000296308 -0.000175203 5.92695e-05)
(0.000294034 -0.000174136 5.87644e-05)
(0.000292608 -0.000173345 5.83019e-05)
(0.00029167 -0.000172931 5.77007e-05)
(0.00029108 -0.000172743 5.77536e-05)
(0.000291141 -0.000172831 5.80259e-05)
(0.000291612 -0.000173086 5.83505e-05)
(0.000292334 -0.000173651 5.85709e-05)
(0.000293536 -0.000174553 5.9082e-05)
(0.000295022 -0.000175529 5.97758e-05)
(0.000296593 -0.000176519 6.06896e-05)
(0.000297694 -0.000177278 6.17057e-05)
(0.000298901 -0.000178073 6.23283e-05)
(0.000300442 -0.000179057 6.26195e-05)
(0.000302014 -0.000180093 6.27509e-05)
(0.00030333 -0.000180783 6.22686e-05)
(0.000304018 -0.000181233 6.10759e-05)
(0.000303692 -0.000181233 5.96754e-05)
(0.000302612 -0.000180839 5.90539e-05)
(0.000301295 -0.000180329 5.97227e-05)
(0.000300101 -0.000179779 6.15097e-05)
(0.000299543 -0.000179469 6.3691e-05)
(0.000299181 -0.000179169 6.54173e-05)
(0.000299631 -0.000179313 6.7303e-05)
(0.000300091 -0.000179447 6.88763e-05)
(0.000287976 -0.00015492 7.05865e-05)
(0.000288297 -0.000154892 7.14563e-05)
(0.000289448 -0.00015529 7.24472e-05)
(0.000291423 -0.000156165 7.37291e-05)
(0.000293945 -0.00015726 7.5147e-05)
(0.000296095 -0.00015808 7.6277e-05)
(0.000302004 -0.000159905 7.64715e-05)
(0.000296725 -0.000158697 7.46665e-05)
(0.000293596 -0.000157551 7.31487e-05)
(0.000290676 -0.000156281 7.20507e-05)
(0.000288374 -0.000155209 7.13565e-05)
(0.00028656 -0.000154356 7.14618e-05)
(0.000285481 -0.000153812 7.22463e-05)
(0.000285192 -0.000153653 7.36208e-05)
(0.00028548 -0.000153684 7.50085e-05)
(0.000285743 -0.00015371 7.63347e-05)
(0.000285915 -0.000153647 7.80998e-05)
(0.00028649 -0.000153676 7.97459e-05)
(0.000287319 -0.000153881 8.07198e-05)
(0.000287773 -0.000153959 8.1941e-05)
(0.000288886 -0.000154242 8.33222e-05)
(0.000290156 -0.000154573 8.3836e-05)
(0.000291754 -0.000155069 8.34374e-05)
(0.000292945 -0.000155484 8.17757e-05)
(0.000293671 -0.000155753 7.96456e-05)
(0.000293517 -0.000155726 7.77584e-05)
(0.000293346 -0.000155596 7.60304e-05)
(0.000293154 -0.000155371 7.38602e-05)
(0.00029273 -0.000155038 7.16129e-05)
(0.000292165 -0.000154752 6.91643e-05)
(0.000291663 -0.000154476 6.68695e-05)
(0.000291034 -0.000154164 6.44353e-05)
(0.00028976 -0.000153658 6.22302e-05)
(0.000287725 -0.000152854 6.09008e-05)
(0.000286626 -0.000152212 6.0702e-05)
(0.00028404 -0.000151044 5.93105e-05)
(0.000281836 -0.000150101 5.86137e-05)
(0.000280511 -0.000149416 5.82644e-05)
(0.000279118 -0.000148811 5.77768e-05)
(0.000278601 -0.00014867 5.78115e-05)
(0.000278867 -0.000148846 5.83231e-05)
(0.000279389 -0.000149083 5.86369e-05)
(0.000280213 -0.000149605 5.88179e-05)
(0.000281573 -0.000150476 5.92493e-05)
(0.00028326 -0.00015146 6.01348e-05)
(0.000284993 -0.00015248 6.15166e-05)
(0.000286372 -0.000153322 6.25616e-05)
(0.000287806 -0.000154076 6.31437e-05)
(0.000289332 -0.000154908 6.33398e-05)
(0.000290825 -0.000155784 6.33593e-05)
(0.000292207 -0.000156498 6.27663e-05)
(0.00029314 -0.000156993 6.16678e-05)
(0.000292926 -0.00015698 6.022e-05)
(0.000292148 -0.000156736 5.98038e-05)
(0.000290315 -0.000156093 6.05416e-05)
(0.000288892 -0.000155598 6.22897e-05)
(0.000288249 -0.000155381 6.43075e-05)
(0.000287581 -0.000154986 6.60945e-05)
(0.000287395 -0.000154833 6.76208e-05)
(0.000287606 -0.000154926 6.92312e-05)
(0.000272004 -0.00012736 7.07908e-05)
(0.00027192 -0.000127237 7.16371e-05)
(0.00027251 -0.000127337 7.2773e-05)
(0.000273842 -0.000127843 7.37666e-05)
(0.00027533 -0.000128467 7.45584e-05)
(0.000277092 -0.000129089 7.55114e-05)
(0.000278245 -0.000129582 7.44725e-05)
(0.000277079 -0.000129454 7.36474e-05)
(0.000275643 -0.000128974 7.24363e-05)
(0.000274126 -0.000128439 7.1622e-05)
(0.000272821 -0.000127862 7.1323e-05)
(0.000271611 -0.000127337 7.16457e-05)
(0.000270932 -0.000127049 7.25145e-05)
(0.000270828 -0.00012691 7.42989e-05)
(0.000271281 -0.000126899 7.58494e-05)
(0.000271263 -0.00012668 7.71361e-05)
(0.000271429 -0.000126609 7.87457e-05)
(0.000271874 -0.000126554 8.01204e-05)
(0.000272352 -0.00012662 8.11276e-05)
(0.00027259 -0.00012653 8.21741e-05)
(0.000273557 -0.000126648 8.32918e-05)
(0.000274527 -0.000126783 8.35516e-05)
(0.000275786 -0.000127087 8.28213e-05)
(0.000276766 -0.000127354 8.09893e-05)
(0.000277269 -0.000127554 7.90448e-05)
(0.000277134 -0.000127491 7.71515e-05)
(0.000277055 -0.000127367 7.53048e-05)
(0.000276789 -0.000127129 7.32668e-05)
(0.000276317 -0.000126881 7.11191e-05)
(0.000276003 -0.00012679 6.87535e-05)
(0.000275661 -0.000126652 6.6332e-05)
(0.000275269 -0.000126514 6.41743e-05)
(0.000274137 -0.000126111 6.20382e-05)
(0.000272213 -0.000125561 6.08352e-05)
(0.000270907 -0.000124908 6.04985e-05)
(0.000268538 -0.000123987 5.92184e-05)
(0.000266626 -0.000123267 5.85286e-05)
(0.000265212 -0.000122672 5.80957e-05)
(0.000263883 -0.000122181 5.76869e-05)
(0.00026306 -0.000121883 5.77341e-05)
(0.000263478 -0.000122054 5.80611e-05)
(0.00026404 -0.000122287 5.82476e-05)
(0.000264971 -0.0001228 5.84943e-05)
(0.000266433 -0.000123575 5.90741e-05)
(0.000268278 -0.000124513 6.00207e-05)
(0.000270164 -0.000125487 6.13548e-05)
(0.000271952 -0.000126428 6.24979e-05)
(0.000273456 -0.000127099 6.29193e-05)
(0.000275005 -0.000127839 6.29498e-05)
(0.000276511 -0.000128659 6.27259e-05)
(0.000277973 -0.000129293 6.22724e-05)
(0.000278721 -0.000129549 6.12907e-05)
(0.000278851 -0.00012961 6.02518e-05)
(0.0002781 -0.000129426 5.989e-05)
(0.000276084 -0.000128888 6.07638e-05)
(0.000274399 -0.000128383 6.2444e-05)
(0.000273574 -0.000128115 6.42182e-05)
(0.000272598 -0.000127712 6.60529e-05)
(0.000272195 -0.000127521 6.74653e-05)
(0.000272127 -0.000127541 6.9367e-05)
(0.000254228 -9.91988e-05 7.01688e-05)
(0.000253716 -9.89437e-05 7.11519e-05)
(0.000254098 -9.89576e-05 7.24931e-05)
(0.000254781 -9.91628e-05 7.33328e-05)
(0.000255892 -9.96384e-05 7.39269e-05)
(0.000257563 -0.000100193 7.48656e-05)
(0.000257779 -0.00010034 7.38064e-05)
(0.000257384 -0.000100344 7.32738e-05)
(0.000256796 -0.000100198 7.19961e-05)
(0.000256124 -0.000100107 7.10085e-05)
(0.000255585 -9.99577e-05 7.10224e-05)
(0.000254751 -9.95748e-05 7.14241e-05)
(0.000254269 -9.93191e-05 7.21956e-05)
(0.00025426 -9.92084e-05 7.40149e-05)
(0.00025463 -9.9118e-05 7.5868e-05)
(0.000254873 -9.89676e-05 7.7452e-05)
(0.00025468 -9.87155e-05 7.87014e-05)
(0.000254865 -9.85871e-05 7.98159e-05)
(0.000254701 -9.84372e-05 8.04735e-05)
(0.000254848 -9.83063e-05 8.15403e-05)
(0.000255417 -9.82135e-05 8.208e-05)
(0.000256207 -9.8213e-05 8.2081e-05)
(0.000256952 -9.82729e-05 8.13801e-05)
(0.000257719 -9.83904e-05 7.9816e-05)
(0.000257963 -9.84857e-05 7.79109e-05)
(0.000257946 -9.84876e-05 7.61995e-05)
(0.000257953 -9.83889e-05 7.468e-05)
(0.000258078 -9.83037e-05 7.27939e-05)
(0.000257628 -9.80851e-05 7.04289e-05)
(0.000257409 -9.81011e-05 6.78749e-05)
(0.000257282 -9.80926e-05 6.56247e-05)
(0.000256903 -9.79901e-05 6.37381e-05)
(0.000255791 -9.768e-05 6.20285e-05)
(0.000253807 -9.72486e-05 6.08891e-05)
(0.000252824 -9.68323e-05 6.02831e-05)
(0.000250659 -9.61537e-05 5.89197e-05)
(0.000248844 -9.55609e-05 5.82995e-05)
(0.000247496 -9.51249e-05 5.77995e-05)
(0.000246253 -9.47403e-05 5.73818e-05)
(0.000245529 -9.45241e-05 5.73237e-05)
(0.000246038 -9.46547e-05 5.75627e-05)
(0.000246548 -9.48203e-05 5.7682e-05)
(0.000247567 -9.52998e-05 5.80426e-05)
(0.000249228 -9.60293e-05 5.87492e-05)
(0.000251038 -9.68268e-05 5.97026e-05)
(0.000253121 -9.77282e-05 6.06587e-05)
(0.000254816 -9.85095e-05 6.16734e-05)
(0.000256718 -9.92475e-05 6.20775e-05)
(0.000258208 -9.98894e-05 6.19939e-05)
(0.000259581 -0.000100493 6.16627e-05)
(0.000261216 -0.000101065 6.13429e-05)
(0.000261933 -0.000101168 6.06883e-05)
(0.00026212 -0.000101198 5.97825e-05)
(0.000261603 -0.000101182 5.94896e-05)
(0.000259597 -0.00010083 6.02456e-05)
(0.000257536 -0.000100265 6.1816e-05)
(0.000256418 -9.99295e-05 6.3562e-05)
(0.000255215 -9.95663e-05 6.52713e-05)
(0.000254787 -9.94556e-05 6.72234e-05)
(0.00025448 -9.93463e-05 6.89113e-05)
(0.000233207 -7.10286e-05 6.87051e-05)
(0.000232524 -7.08145e-05 6.96983e-05)
(0.000232631 -7.0751e-05 7.10073e-05)
(0.000232912 -7.0771e-05 7.19051e-05)
(0.000233866 -7.10968e-05 7.24908e-05)
(0.000235411 -7.15244e-05 7.34033e-05)
(0.000235385 -7.16107e-05 7.25969e-05)
(0.000235332 -7.16782e-05 7.23472e-05)
(0.000235414 -7.16925e-05 7.1226e-05)
(0.000235387 -7.18401e-05 7.0479e-05)
(0.000235228 -7.18724e-05 7.05549e-05)
(0.000234695 -7.16471e-05 7.08171e-05)
(0.000234292 -7.14258e-05 7.16526e-05)
(0.000234388 -7.13237e-05 7.3038e-05)
(0.00023452 -7.11304e-05 7.47464e-05)
(0.000234582 -7.09358e-05 7.62536e-05)
(0.000234688 -7.07952e-05 7.75143e-05)
(0.000234707 -7.06115e-05 7.85165e-05)
(0.000234214 -7.04008e-05 7.89115e-05)
(0.000233879 -7.01643e-05 7.94831e-05)
(0.000234122 -7.0039e-05 7.99298e-05)
(0.000234409 -6.98761e-05 7.98722e-05)
(0.000234609 -6.97063e-05 7.91367e-05)
(0.000234856 -6.95829e-05 7.75581e-05)
(0.000235064 -6.96328e-05 7.59357e-05)
(0.000235205 -6.96786e-05 7.4796e-05)
(0.000235265 -6.95987e-05 7.35088e-05)
(0.000235502 -6.95604e-05 7.17356e-05)
(0.000235436 -6.94544e-05 6.94061e-05)
(0.000235214 -6.94292e-05 6.68063e-05)
(0.000235211 -6.9502e-05 6.45441e-05)
(0.000234943 -6.95245e-05 6.28565e-05)
(0.000234081 -6.94113e-05 6.14654e-05)
(0.00023217 -6.9041e-05 6.03409e-05)
(0.000231336 -6.87881e-05 5.95915e-05)
(0.000229281 -6.83801e-05 5.82709e-05)
(0.000227621 -6.79643e-05 5.759e-05)
(0.000226444 -6.76536e-05 5.70403e-05)
(0.000225422 -6.74437e-05 5.66824e-05)
(0.00022485 -6.72742e-05 5.66442e-05)
(0.000225404 -6.73469e-05 5.6644e-05)
(0.000226019 -6.75169e-05 5.69529e-05)
(0.000226728 -6.78612e-05 5.70747e-05)
(0.000228483 -6.8505e-05 5.76792e-05)
(0.000230778 -6.92694e-05 5.87091e-05)
(0.000233034 -7.00045e-05 5.95171e-05)
(0.000234871 -7.06796e-05 6.01974e-05)
(0.000236444 -7.1258e-05 6.05056e-05)
(0.000237969 -7.17841e-05 6.04975e-05)
(0.000239365 -7.2244e-05 6.02334e-05)
(0.000240751 -7.26299e-05 6.02e-05)
(0.000241418 -7.26418e-05 5.97381e-05)
(0.000241509 -7.25509e-05 5.86948e-05)
(0.000241045 -7.26307e-05 5.82909e-05)
(0.000239234 -7.24377e-05 5.90829e-05)
(0.000237166 -7.20005e-05 6.05618e-05)
(0.000236238 -7.17959e-05 6.22856e-05)
(0.000234971 -7.15606e-05 6.39428e-05)
(0.000234117 -7.14087e-05 6.58242e-05)
(0.000233761 -7.12485e-05 6.75549e-05)
(0.000212059 -4.52103e-05 6.65764e-05)
(0.000211383 -4.5054e-05 6.7547e-05)
(0.000211098 -4.49222e-05 6.90376e-05)
(0.000211411 -4.49069e-05 6.97947e-05)
(0.000211821 -4.50071e-05 7.04856e-05)
(0.000213039 -4.52493e-05 7.12969e-05)
(0.00021276 -4.52794e-05 7.08801e-05)
(0.000212938 -4.53566e-05 7.09167e-05)
(0.00021364 -4.54679e-05 7.05464e-05)
(0.000214133 -4.56511e-05 6.99084e-05)
(0.000214237 -4.5787e-05 6.98232e-05)
(0.000214331 -4.57882e-05 7.03577e-05)
(0.000213966 -4.56956e-05 7.1352e-05)
(0.000213972 -4.55166e-05 7.2307e-05)
(0.000213999 -4.53355e-05 7.34893e-05)
(0.000214116 -4.51236e-05 7.44881e-05)
(0.000214231 -4.50017e-05 7.53812e-05)
(0.000214184 -4.48708e-05 7.63686e-05)
(0.000213367 -4.46372e-05 7.69318e-05)
(0.000212485 -4.43887e-05 7.72891e-05)
(0.000212358 -4.41613e-05 7.73656e-05)
(0.00021221 -4.3983e-05 7.71206e-05)
(0.000211994 -4.37562e-05 7.63016e-05)
(0.000211763 -4.35395e-05 7.47423e-05)
(0.000211781 -4.353e-05 7.3689e-05)
(0.000212066 -4.34768e-05 7.28748e-05)
(0.000212063 -4.33597e-05 7.18279e-05)
(0.000212512 -4.33475e-05 7.01351e-05)
(0.000212838 -4.33425e-05 6.77565e-05)
(0.000212791 -4.33378e-05 6.52823e-05)
(0.000212728 -4.34276e-05 6.30635e-05)
(0.0002124 -4.34945e-05 6.13707e-05)
(0.000211565 -4.34931e-05 6.03169e-05)
(0.000210111 -4.32848e-05 5.93177e-05)
(0.000209274 -4.31583e-05 5.83961e-05)
(0.000207212 -4.28994e-05 5.71934e-05)
(0.000205867 -4.26812e-05 5.66751e-05)
(0.000204655 -4.25101e-05 5.61946e-05)
(0.000203952 -4.24684e-05 5.6048e-05)
(0.000203638 -4.23336e-05 5.58989e-05)
(0.000204166 -4.23589e-05 5.58356e-05)
(0.000204816 -4.24394e-05 5.59457e-05)
(0.000205447 -4.26891e-05 5.5938e-05)
(0.000206852 -4.31797e-05 5.63047e-05)
(0.000209411 -4.38276e-05 5.72148e-05)
(0.000212276 -4.44121e-05 5.79679e-05)
(0.000214256 -4.49668e-05 5.82756e-05)
(0.000215348 -4.53832e-05 5.83738e-05)
(0.000216838 -4.57289e-05 5.8664e-05)
(0.000217984 -4.59654e-05 5.86561e-05)
(0.000219374 -4.62593e-05 5.8861e-05)
(0.000219745 -4.62023e-05 5.86915e-05)
(0.000220134 -4.61686e-05 5.80375e-05)
(0.000219592 -4.6219e-05 5.74237e-05)
(0.000217998 -4.61706e-05 5.80518e-05)
(0.000216484 -4.60098e-05 5.94454e-05)
(0.00021565 -4.58738e-05 6.09375e-05)
(0.000214534 -4.57453e-05 6.24055e-05)
(0.00021368 -4.56816e-05 6.40426e-05)
(0.000212937 -4.54783e-05 6.55683e-05)
(0.000201405 -2.4445e-05 6.54189e-05)
(0.000200662 -2.43684e-05 6.64833e-05)
(0.000200397 -2.42442e-05 6.7449e-05)
(0.000200218 -2.40696e-05 6.79757e-05)
(0.000200403 -2.40936e-05 6.88025e-05)
(0.000201369 -2.42317e-05 6.96234e-05)
(0.000200781 -2.42112e-05 6.97737e-05)
(0.000200771 -2.41852e-05 7.00921e-05)
(0.000202051 -2.42584e-05 6.99794e-05)
(0.00020267 -2.43953e-05 6.97314e-05)
(0.000203273 -2.45924e-05 6.99663e-05)
(0.000203462 -2.46592e-05 7.06215e-05)
(0.00020342 -2.46932e-05 7.16684e-05)
(0.000203823 -2.46232e-05 7.25106e-05)
(0.000203252 -2.44444e-05 7.32676e-05)
(0.000203553 -2.42091e-05 7.38e-05)
(0.000203418 -2.40898e-05 7.39548e-05)
(0.000202984 -2.40133e-05 7.47157e-05)
(0.000202318 -2.38958e-05 7.5117e-05)
(0.000200947 -2.36293e-05 7.55072e-05)
(0.000199761 -2.34268e-05 7.54784e-05)
(0.000199139 -2.33139e-05 7.51138e-05)
(0.000198986 -2.31972e-05 7.4453e-05)
(0.000198702 -2.30167e-05 7.31298e-05)
(0.000198413 -2.29465e-05 7.21797e-05)
(0.000198282 -2.27304e-05 7.14631e-05)
(0.000198401 -2.25021e-05 7.02989e-05)
(0.00019898 -2.24331e-05 6.84336e-05)
(0.000199594 -2.24341e-05 6.61302e-05)
(0.000199694 -2.2465e-05 6.39015e-05)
(0.000199551 -2.25393e-05 6.16547e-05)
(0.000198754 -2.26142e-05 6.00098e-05)
(0.000198538 -2.26577e-05 5.89706e-05)
(0.000197472 -2.26124e-05 5.82064e-05)
(0.000196788 -2.26089e-05 5.74617e-05)
(0.000194761 -2.25172e-05 5.65805e-05)
(0.000193411 -2.24291e-05 5.60922e-05)
(0.000192174 -2.23878e-05 5.57757e-05)
(0.000191453 -2.23849e-05 5.5654e-05)
(0.000191457 -2.23545e-05 5.561e-05)
(0.000191828 -2.23149e-05 5.54489e-05)
(0.000192553 -2.23444e-05 5.54454e-05)
(0.0001932 -2.2454e-05 5.52793e-05)
(0.000194828 -2.28977e-05 5.54127e-05)
(0.000197158 -2.33435e-05 5.60994e-05)
(0.000200034 -2.36986e-05 5.64608e-05)
(0.000202037 -2.40616e-05 5.66698e-05)
(0.000202879 -2.44123e-05 5.69721e-05)
(0.000204888 -2.46272e-05 5.71181e-05)
(0.000206405 -2.47723e-05 5.76e-05)
(0.000206951 -2.47869e-05 5.79341e-05)
(0.000207118 -2.4689e-05 5.79413e-05)
(0.000207719 -2.46324e-05 5.77268e-05)
(0.000207419 -2.46947e-05 5.76863e-05)
(0.000206345 -2.48023e-05 5.8211e-05)
(0.000205745 -2.49107e-05 5.96121e-05)
(0.0002049 -2.47702e-05 6.08939e-05)
(0.000204597 -2.47548e-05 6.20896e-05)
(0.000203656 -2.47529e-05 6.31791e-05)
(0.000202337 -2.46083e-05 6.42427e-05)
(0.000214052 -1.22828e-05 6.46732e-05)
(0.000213114 -1.22785e-05 6.54171e-05)
(0.000212495 -1.22984e-05 6.6196e-05)
(0.000211863 -1.22456e-05 6.6606e-05)
(0.000211205 -1.2219e-05 6.75349e-05)
(0.000211455 -1.22494e-05 6.84921e-05)
(0.000210279 -1.21881e-05 6.91654e-05)
(0.000210532 -1.21688e-05 6.96018e-05)
(0.00021176 -1.21543e-05 6.97284e-05)
(0.000212616 -1.21793e-05 6.98307e-05)
(0.000213058 -1.22458e-05 7.01112e-05)
(0.000213682 -1.22912e-05 7.08125e-05)
(0.000213834 -1.23764e-05 7.1509e-05)
(0.000214106 -1.23644e-05 7.25023e-05)
(0.000213717 -1.2247e-05 7.29456e-05)
(0.000213889 -1.20242e-05 7.31108e-05)
(0.000213741 -1.19111e-05 7.28357e-05)
(0.000212982 -1.18738e-05 7.30574e-05)
(0.000211521 -1.17638e-05 7.32999e-05)
(0.000210249 -1.16005e-05 7.34136e-05)
(0.000209013 -1.15131e-05 7.3435e-05)
(0.000208669 -1.14619e-05 7.33559e-05)
(0.000208797 -1.13757e-05 7.31944e-05)
(0.000208057 -1.12492e-05 7.23917e-05)
(0.000207197 -1.11764e-05 7.14204e-05)
(0.000206573 -1.10206e-05 7.04098e-05)
(0.000206104 -1.07954e-05 6.90613e-05)
(0.000206333 -1.06481e-05 6.70576e-05)
(0.000207545 -1.05584e-05 6.50053e-05)
(0.000208052 -1.05049e-05 6.25917e-05)
(0.000207289 -1.04571e-05 6.00931e-05)
(0.000206434 -1.05594e-05 5.802e-05)
(0.000205945 -1.0723e-05 5.68724e-05)
(0.000204975 -1.07773e-05 5.60427e-05)
(0.000204943 -1.08494e-05 5.54882e-05)
(0.000203468 -1.09035e-05 5.50263e-05)
(0.000202071 -1.09578e-05 5.50794e-05)
(0.000200937 -1.09579e-05 5.51584e-05)
(0.000200185 -1.09714e-05 5.50563e-05)
(0.000200517 -1.09639e-05 5.53915e-05)
(0.00020064 -1.08789e-05 5.54231e-05)
(0.000201384 -1.08028e-05 5.53038e-05)
(0.000202201 -1.08509e-05 5.49616e-05)
(0.000203914 -1.11779e-05 5.48297e-05)
(0.000207161 -1.14855e-05 5.50054e-05)
(0.000210415 -1.16098e-05 5.50935e-05)
(0.000212912 -1.1783e-05 5.49762e-05)
(0.000214449 -1.20573e-05 5.52208e-05)
(0.000216352 -1.23072e-05 5.56152e-05)
(0.000217304 -1.24041e-05 5.68786e-05)
(0.000218098 -1.23758e-05 5.77618e-05)
(0.000218308 -1.22161e-05 5.82383e-05)
(0.000218431 -1.20712e-05 5.83249e-05)
(0.000218189 -1.20828e-05 5.82929e-05)
(0.000217341 -1.22781e-05 5.89492e-05)
(0.000216497 -1.24153e-05 5.99601e-05)
(0.000216226 -1.24114e-05 6.11538e-05)
(0.000215872 -1.23529e-05 6.20929e-05)
(0.000215627 -1.23857e-05 6.31164e-05)
(0.000214985 -1.235e-05 6.37737e-05)
(0.000290084 -9.11522e-06 6.71555e-05)
(0.000288592 -9.10963e-06 6.78838e-05)
(0.000287986 -9.16153e-06 6.88187e-05)
(0.000287159 -9.25155e-06 6.97139e-05)
(0.000286516 -9.26321e-06 7.07447e-05)
(0.000286834 -9.27656e-06 7.14754e-05)
(0.000285678 -9.25623e-06 7.20726e-05)
(0.000285843 -9.25734e-06 7.27366e-05)
(0.000286293 -9.21816e-06 7.29746e-05)
(0.000286756 -9.1914e-06 7.30381e-05)
(0.000287238 -9.15087e-06 7.34625e-05)
(0.000287257 -9.13556e-06 7.39831e-05)
(0.000287041 -9.14058e-06 7.4513e-05)
(0.000287024 -9.09751e-06 7.507e-05)
(0.000286905 -8.97986e-06 7.52418e-05)
(0.00028694 -8.7316e-06 7.5011e-05)
(0.000286196 -8.624e-06 7.43111e-05)
(0.00028496 -8.66947e-06 7.42226e-05)
(0.000283734 -8.66799e-06 7.44629e-05)
(0.000282437 -8.54831e-06 7.49395e-05)
(0.000281165 -8.5003e-06 7.54032e-05)
(0.000280301 -8.43535e-06 7.59199e-05)
(0.000280182 -8.34591e-06 7.57196e-05)
(0.000279826 -8.3597e-06 7.51898e-05)
(0.00027924 -8.39676e-06 7.45658e-05)
(0.00027872 -8.29554e-06 7.3772e-05)
(0.000278314 -8.1079e-06 7.23928e-05)
(0.000278275 -8.01491e-06 7.04991e-05)
(0.000279663 -7.91268e-06 6.84909e-05)
(0.000280142 -7.79419e-06 6.61768e-05)
(0.000279606 -7.64404e-06 6.34321e-05)
(0.000278738 -7.70202e-06 6.06951e-05)
(0.000277584 -7.90525e-06 5.86808e-05)
(0.000276493 -8.01301e-06 5.7492e-05)
(0.000276455 -8.12679e-06 5.6783e-05)
(0.000274995 -8.20035e-06 5.64337e-05)
(0.0002738 -8.23684e-06 5.63668e-05)
(0.000272797 -8.25096e-06 5.61412e-05)
(0.000271938 -8.31424e-06 5.60055e-05)
(0.000271631 -8.28398e-06 5.62502e-05)
(0.000271492 -8.20086e-06 5.63866e-05)
(0.000272103 -8.07782e-06 5.63795e-05)
(0.000272847 -8.05712e-06 5.65583e-05)
(0.000274713 -8.2044e-06 5.66249e-05)
(0.000278387 -8.31608e-06 5.69887e-05)
(0.000281337 -8.29115e-06 5.71015e-05)
(0.00028418 -8.34729e-06 5.70706e-05)
(0.000286872 -8.53318e-06 5.7327e-05)
(0.000289652 -8.76115e-06 5.79099e-05)
(0.000291107 -8.98395e-06 5.89364e-05)
(0.000292209 -9.06624e-06 6.03321e-05)
(0.000292673 -8.92303e-06 6.12634e-05)
(0.000292804 -8.79899e-06 6.21522e-05)
(0.000291875 -8.73508e-06 6.25009e-05)
(0.000291254 -8.87155e-06 6.32951e-05)
(0.000290818 -9.05474e-06 6.42858e-05)
(0.000290447 -9.09907e-06 6.50636e-05)
(0.000290463 -9.02901e-06 6.55732e-05)
(0.000290594 -9.00978e-06 6.59735e-05)
(0.000290915 -9.07212e-06 6.63518e-05)
(0.000375118 -8.33383e-06 7.18394e-05)
(0.00037397 -8.35758e-06 7.25729e-05)
(0.000373118 -8.37253e-06 7.33597e-05)
(0.000372618 -8.48667e-06 7.4082e-05)
(0.000372024 -8.53132e-06 7.51098e-05)
(0.00037237 -8.5471e-06 7.59262e-05)
(0.00037136 -8.49972e-06 7.64122e-05)
(0.000371283 -8.46562e-06 7.70212e-05)
(0.000371395 -8.4099e-06 7.71142e-05)
(0.000371232 -8.3348e-06 7.70127e-05)
(0.000370782 -8.29232e-06 7.69612e-05)
(0.000370093 -8.26094e-06 7.7413e-05)
(0.000369522 -8.22367e-06 7.75598e-05)
(0.000369138 -8.13242e-06 7.77513e-05)
(0.000368712 -8.0693e-06 7.77759e-05)
(0.000368407 -7.90483e-06 7.74069e-05)
(0.000366994 -7.82366e-06 7.65024e-05)
(0.000365872 -7.90236e-06 7.63275e-05)
(0.000364681 -7.95669e-06 7.68791e-05)
(0.000363427 -7.86957e-06 7.74257e-05)
(0.000362035 -7.86796e-06 7.84785e-05)
(0.000361671 -7.78329e-06 7.94929e-05)
(0.000362249 -7.73457e-06 7.95386e-05)
(0.000361947 -7.71218e-06 7.91284e-05)
(0.000361608 -7.70144e-06 7.87613e-05)
(0.000361039 -7.60059e-06 7.79445e-05)
(0.000360832 -7.5196e-06 7.6683e-05)
(0.000361139 -7.4869e-06 7.51216e-05)
(0.000362089 -7.31937e-06 7.3487e-05)
(0.00036248 -7.15487e-06 7.13009e-05)
(0.000361999 -6.9684e-06 6.81362e-05)
(0.000360818 -7.04839e-06 6.48358e-05)
(0.000359639 -7.26984e-06 6.23525e-05)
(0.00035856 -7.36101e-06 6.06884e-05)
(0.000358331 -7.45248e-06 5.93543e-05)
(0.000356397 -7.492e-06 5.86755e-05)
(0.000355431 -7.53229e-06 5.83963e-05)
(0.000354911 -7.56115e-06 5.79046e-05)
(0.000354102 -7.67199e-06 5.77078e-05)
(0.000353606 -7.67228e-06 5.80359e-05)
(0.000353244 -7.64664e-06 5.80953e-05)
(0.000352967 -7.5436e-06 5.81241e-05)
(0.00035334 -7.52478e-06 5.86465e-05)
(0.000355258 -7.58302e-06 5.85845e-05)
(0.000359149 -7.56429e-06 5.90815e-05)
(0.000362203 -7.47512e-06 5.92974e-05)
(0.000364998 -7.52057e-06 5.951e-05)
(0.000368478 -7.67751e-06 5.99654e-05)
(0.00037229 -7.88549e-06 6.08885e-05)
(0.000375036 -8.1199e-06 6.22994e-05)
(0.000376883 -8.20519e-06 6.42989e-05)
(0.000377404 -8.09675e-06 6.601e-05)
(0.000377161 -7.96329e-06 6.73232e-05)
(0.000376169 -7.90841e-06 6.79727e-05)
(0.000375076 -8.00355e-06 6.87858e-05)
(0.000374751 -8.14815e-06 6.97297e-05)
(0.000374695 -8.14889e-06 7.02795e-05)
(0.000374893 -8.13217e-06 7.05713e-05)
(0.00037562 -8.12622e-06 7.09397e-05)
(0.000375759 -8.2293e-06 7.10841e-05)
(0.000442291 -7.46807e-06 7.53908e-05)
(0.000441108 -7.52484e-06 7.59744e-05)
(0.000440043 -7.54673e-06 7.65497e-05)
(0.000440473 -7.68393e-06 7.73039e-05)
(0.000439838 -7.72764e-06 7.79368e-05)
(0.000439897 -7.77034e-06 7.87541e-05)
(0.000438561 -7.70752e-06 7.92933e-05)
(0.000438493 -7.63635e-06 7.97381e-05)
(0.000437953 -7.56156e-06 7.97903e-05)
(0.000437227 -7.50799e-06 7.94798e-05)
(0.000436381 -7.49211e-06 7.91962e-05)
(0.000435541 -7.47723e-06 7.94432e-05)
(0.000434687 -7.41044e-06 7.95133e-05)
(0.000433817 -7.33319e-06 7.94143e-05)
(0.000433144 -7.25598e-06 7.91763e-05)
(0.000432289 -7.14435e-06 7.85552e-05)
(0.000431221 -7.12099e-06 7.81705e-05)
(0.000430372 -7.19994e-06 7.81164e-05)
(0.000429201 -7.24989e-06 7.84989e-05)
(0.000428002 -7.27141e-06 7.92955e-05)
(0.000426418 -7.28577e-06 8.03332e-05)
(0.000426079 -7.20128e-06 8.14611e-05)
(0.000426992 -7.06412e-06 8.17202e-05)
(0.000426705 -7.00729e-06 8.14988e-05)
(0.000426521 -7.01774e-06 8.12942e-05)
(0.000426496 -6.98846e-06 8.05935e-05)
(0.000426811 -6.95168e-06 7.94515e-05)
(0.000427515 -6.94465e-06 7.81774e-05)
(0.00042814 -6.7447e-06 7.67662e-05)
(0.000428129 -6.52313e-06 7.45846e-05)
(0.000427056 -6.35567e-06 7.13916e-05)
(0.000425812 -6.41965e-06 6.78677e-05)
(0.000424498 -6.61248e-06 6.52233e-05)
(0.000423285 -6.68085e-06 6.34988e-05)
(0.00042293 -6.74508e-06 6.19201e-05)
(0.000420694 -6.77912e-06 6.08408e-05)
(0.000419834 -6.82566e-06 6.02317e-05)
(0.000419476 -6.92531e-06 5.94535e-05)
(0.000419083 -7.03883e-06 5.91553e-05)
(0.00041842 -7.00782e-06 5.9218e-05)
(0.000418486 -7.01171e-06 5.9123e-05)
(0.000417756 -7.02162e-06 5.91071e-05)
(0.000417613 -7.05914e-06 5.97153e-05)
(0.000420039 -7.04471e-06 6.01554e-05)
(0.000423867 -6.89183e-06 6.09284e-05)
(0.000426945 -6.80322e-06 6.12081e-05)
(0.000429811 -6.81609e-06 6.18889e-05)
(0.00043337 -6.95753e-06 6.25788e-05)
(0.000437808 -7.09768e-06 6.41729e-05)
(0.000441246 -7.24818e-06 6.6258e-05)
(0.000442922 -7.28791e-06 6.8534e-05)
(0.000443522 -7.19036e-06 7.05477e-05)
(0.000442933 -7.06085e-06 7.17303e-05)
(0.000441697 -7.01225e-06 7.23184e-05)
(0.000440768 -7.08568e-06 7.32527e-05)
(0.000440881 -7.2496e-06 7.40505e-05)
(0.000441115 -7.33258e-06 7.47783e-05)
(0.000441461 -7.29225e-06 7.51585e-05)
(0.000442533 -7.25711e-06 7.52318e-05)
(0.000443184 -7.3703e-06 7.50696e-05)
(0.000498864 -6.70532e-06 7.87175e-05)
(0.000497635 -6.77561e-06 7.90106e-05)
(0.000497059 -6.83876e-06 7.9191e-05)
(0.000497953 -6.99497e-06 7.96965e-05)
(0.000497744 -7.00091e-06 8.03499e-05)
(0.000497522 -7.02207e-06 8.10084e-05)
(0.000496086 -7.02181e-06 8.17455e-05)
(0.00049569 -6.93271e-06 8.20109e-05)
(0.00049495 -6.91264e-06 8.15013e-05)
(0.000493934 -6.88957e-06 8.11347e-05)
(0.000492737 -6.86415e-06 8.0889e-05)
(0.000491425 -6.87485e-06 8.09205e-05)
(0.000489936 -6.81098e-06 8.09801e-05)
(0.000488487 -6.68224e-06 8.06556e-05)
(0.000487696 -6.61578e-06 7.99811e-05)
(0.000487022 -6.5683e-06 7.93703e-05)
(0.000486217 -6.56385e-06 7.91686e-05)
(0.000485304 -6.58314e-06 7.92539e-05)
(0.000484444 -6.62928e-06 7.98846e-05)
(0.000483264 -6.73182e-06 8.07433e-05)
(0.000481925 -6.75643e-06 8.19346e-05)
(0.000481888 -6.62384e-06 8.32564e-05)
(0.000482959 -6.38512e-06 8.34731e-05)
(0.000482613 -6.35675e-06 8.3315e-05)
(0.000482454 -6.41119e-06 8.29746e-05)
(0.000483061 -6.36555e-06 8.2437e-05)
(0.00048393 -6.33273e-06 8.14892e-05)
(0.000484449 -6.27608e-06 8.03875e-05)
(0.000485004 -6.13561e-06 7.88278e-05)
(0.000484619 -5.98862e-06 7.63188e-05)
(0.000483225 -5.88049e-06 7.33036e-05)
(0.000481774 -5.91005e-06 7.01003e-05)
(0.000480291 -6.06216e-06 6.74907e-05)
(0.000478816 -6.1396e-06 6.57364e-05)
(0.00047828 -6.17516e-06 6.41119e-05)
(0.000475882 -6.2355e-06 6.27306e-05)
(0.000475314 -6.30322e-06 6.17944e-05)
(0.000475402 -6.3701e-06 6.08349e-05)
(0.000475184 -6.48099e-06 6.03699e-05)
(0.000474865 -6.50603e-06 6.02009e-05)
(0.000474979 -6.50409e-06 6.00555e-05)
(0.000474067 -6.58995e-06 6.00867e-05)
(0.000474307 -6.65808e-06 6.09973e-05)
(0.000476431 -6.58057e-06 6.16117e-05)
(0.000480356 -6.3752e-06 6.27285e-05)
(0.000483489 -6.19812e-06 6.35015e-05)
(0.000486115 -6.2176e-06 6.44898e-05)
(0.000489463 -6.37381e-06 6.58766e-05)
(0.00049383 -6.49909e-06 6.78542e-05)
(0.000497719 -6.54359e-06 6.99126e-05)
(0.000499467 -6.58118e-06 7.21469e-05)
(0.000499934 -6.47203e-06 7.41076e-05)
(0.00049907 -6.38567e-06 7.5231e-05)
(0.000497762 -6.40757e-06 7.58296e-05)
(0.000497157 -6.50047e-06 7.70703e-05)
(0.000497019 -6.5827e-06 7.78245e-05)
(0.000497098 -6.61508e-06 7.86116e-05)
(0.000497961 -6.56885e-06 7.9029e-05)
(0.000499196 -6.51337e-06 7.88422e-05)
(0.000499819 -6.61857e-06 7.86287e-05)
(0.000545983 -5.93512e-06 8.14525e-05)
(0.000545176 -6.02288e-06 8.1299e-05)
(0.000545117 -6.1315e-06 8.11578e-05)
(0.000545734 -6.30608e-06 8.14032e-05)
(0.000545284 -6.26911e-06 8.19501e-05)
(0.000544968 -6.2869e-06 8.256e-05)
(0.000543869 -6.32703e-06 8.29229e-05)
(0.000543498 -6.2509e-06 8.32171e-05)
(0.000542589 -6.21958e-06 8.26536e-05)
(0.000541649 -6.21409e-06 8.22963e-05)
(0.000540069 -6.22944e-06 8.19046e-05)
(0.000538471 -6.2475e-06 8.18611e-05)
(0.000536875 -6.196e-06 8.17679e-05)
(0.000535183 -6.13118e-06 8.14168e-05)
(0.0005341 -6.04597e-06 8.06597e-05)
(0.00053353 -6.01731e-06 8.00094e-05)
(0.000532295 -6.03577e-06 7.99863e-05)
(0.000531235 -6.04761e-06 8.02323e-05)
(0.000530564 -6.09547e-06 8.09327e-05)
(0.000529266 -6.19355e-06 8.22739e-05)
(0.000528621 -6.19751e-06 8.36686e-05)
(0.000528926 -5.95863e-06 8.4983e-05)
(0.000529723 -5.71265e-06 8.53477e-05)
(0.000529342 -5.73992e-06 8.50088e-05)
(0.000529359 -5.80396e-06 8.44043e-05)
(0.000529973 -5.743e-06 8.36831e-05)
(0.000531254 -5.70827e-06 8.26494e-05)
(0.000531701 -5.59127e-06 8.14879e-05)
(0.000532362 -5.48069e-06 7.97867e-05)
(0.00053205 -5.37248e-06 7.74923e-05)
(0.000530361 -5.39227e-06 7.46648e-05)
(0.000528892 -5.42054e-06 7.19303e-05)
(0.000527015 -5.53456e-06 6.92227e-05)
(0.000525261 -5.59484e-06 6.73646e-05)
(0.000525085 -5.64852e-06 6.56312e-05)
(0.000523023 -5.75666e-06 6.41326e-05)
(0.000522605 -5.84532e-06 6.30559e-05)
(0.000522934 -5.89924e-06 6.20411e-05)
(0.000523383 -5.99835e-06 6.14876e-05)
(0.00052324 -5.98556e-06 6.12851e-05)
(0.000523471 -5.98697e-06 6.10161e-05)
(0.000522451 -6.13265e-06 6.11818e-05)
(0.000522654 -6.20884e-06 6.23091e-05)
(0.000525478 -6.13711e-06 6.34146e-05)
(0.00052868 -5.88098e-06 6.48728e-05)
(0.000531805 -5.71088e-06 6.62977e-05)
(0.000534274 -5.75318e-06 6.74456e-05)
(0.000537938 -5.91574e-06 6.93117e-05)
(0.000542423 -6.02804e-06 7.12755e-05)
(0.000545964 -6.01562e-06 7.31336e-05)
(0.000547665 -5.99988e-06 7.49422e-05)
(0.000547338 -5.83552e-06 7.66364e-05)
(0.000545978 -5.80227e-06 7.75417e-05)
(0.000544766 -5.89045e-06 7.85739e-05)
(0.000544295 -5.89507e-06 7.99736e-05)
(0.000544493 -5.91185e-06 8.085e-05)
(0.000544227 -5.93025e-06 8.16592e-05)
(0.000545023 -5.87567e-06 8.19221e-05)
(0.000546168 -5.82112e-06 8.16908e-05)
(0.000546609 -5.85161e-06 8.16437e-05)
(0.000584973 -5.25363e-06 8.35334e-05)
(0.000584643 -5.36355e-06 8.32123e-05)
(0.000585022 -5.48852e-06 8.25923e-05)
(0.000585473 -5.64936e-06 8.25533e-05)
(0.000584861 -5.59131e-06 8.27776e-05)
(0.000584362 -5.61321e-06 8.31991e-05)
(0.000583199 -5.64346e-06 8.34559e-05)
(0.00058267 -5.57868e-06 8.37435e-05)
(0.000581688 -5.5153e-06 8.33017e-05)
(0.000581303 -5.51715e-06 8.28492e-05)
(0.000579772 -5.55928e-06 8.22107e-05)
(0.0005777 -5.63197e-06 8.21834e-05)
(0.000576123 -5.64086e-06 8.22355e-05)
(0.000574828 -5.60349e-06 8.20745e-05)
(0.000573805 -5.48868e-06 8.14773e-05)
(0.000572949 -5.4827e-06 8.0957e-05)
(0.000571628 -5.46444e-06 8.07529e-05)
(0.000570703 -5.48294e-06 8.13494e-05)
(0.00056996 -5.55161e-06 8.24645e-05)
(0.000568191 -5.645e-06 8.39708e-05)
(0.000567655 -5.58499e-06 8.57787e-05)
(0.000567955 -5.25815e-06 8.68882e-05)
(0.000568668 -5.06595e-06 8.6819e-05)
(0.000568728 -5.1111e-06 8.61065e-05)
(0.000568414 -5.14747e-06 8.55006e-05)
(0.000568784 -5.06685e-06 8.44444e-05)
(0.000570171 -4.99172e-06 8.33553e-05)
(0.000571051 -4.93639e-06 8.18417e-05)
(0.000571399 -4.85655e-06 8.02514e-05)
(0.000571635 -4.79259e-06 7.8144e-05)
(0.000570249 -4.83169e-06 7.5472e-05)
(0.000568976 -4.87463e-06 7.29055e-05)
(0.000567155 -5.04388e-06 7.04187e-05)
(0.000565278 -5.1634e-06 6.84907e-05)
(0.000565047 -5.25388e-06 6.68463e-05)
(0.000563282 -5.38437e-06 6.52737e-05)
(0.000563206 -5.43364e-06 6.41575e-05)
(0.000563995 -5.45871e-06 6.30599e-05)
(0.000564709 -5.52038e-06 6.27201e-05)
(0.000565181 -5.51163e-06 6.25042e-05)
(0.000565186 -5.58499e-06 6.21525e-05)
(0.000564235 -5.77362e-06 6.24177e-05)
(0.000564371 -5.8278e-06 6.36127e-05)
(0.000567237 -5.71263e-06 6.53359e-05)
(0.000570684 -5.46154e-06 6.69697e-05)
(0.00057364 -5.28063e-06 6.85978e-05)
(0.000576183 -5.3503e-06 6.99542e-05)
(0.000580104 -5.56331e-06 7.19198e-05)
(0.000584338 -5.5871e-06 7.39229e-05)
(0.000587933 -5.4947e-06 7.56362e-05)
(0.000588981 -5.35861e-06 7.71243e-05)
(0.000588156 -5.24274e-06 7.83545e-05)
(0.000585869 -5.28935e-06 7.91757e-05)
(0.00058472 -5.44529e-06 8.06455e-05)
(0.000584174 -5.42338e-06 8.24588e-05)
(0.000584146 -5.29142e-06 8.35066e-05)
(0.000583793 -5.25204e-06 8.41762e-05)
(0.00058441 -5.21247e-06 8.42224e-05)
(0.000585527 -5.17439e-06 8.4192e-05)
(0.000585754 -5.17261e-06 8.39396e-05)
(0.000618203 -4.64677e-06 8.48262e-05)
(0.000617785 -4.80565e-06 8.42464e-05)
(0.000618316 -4.87862e-06 8.36061e-05)
(0.000618596 -5.00969e-06 8.33583e-05)
(0.0006178 -4.97613e-06 8.35181e-05)
(0.000617186 -4.98766e-06 8.35711e-05)
(0.00061591 -5.00901e-06 8.36959e-05)
(0.000615236 -4.99631e-06 8.37622e-05)
(0.00061446 -4.97717e-06 8.33388e-05)
(0.000614162 -4.92617e-06 8.30663e-05)
(0.000612983 -4.9526e-06 8.25036e-05)
(0.000610847 -5.02377e-06 8.24026e-05)
(0.000609156 -5.04949e-06 8.25821e-05)
(0.00060804 -5.01998e-06 8.26605e-05)
(0.000606866 -4.92222e-06 8.23718e-05)
(0.000606138 -4.93854e-06 8.19926e-05)
(0.000604912 -4.92973e-06 8.20781e-05)
(0.000603561 -4.95104e-06 8.28828e-05)
(0.000602401 -4.97605e-06 8.42287e-05)
(0.000600915 -5.08043e-06 8.58552e-05)
(0.000600247 -4.97068e-06 8.73293e-05)
(0.000600883 -4.62047e-06 8.80347e-05)
(0.000601368 -4.41969e-06 8.74005e-05)
(0.000601363 -4.48667e-06 8.66786e-05)
(0.000600711 -4.51051e-06 8.59543e-05)
(0.00060104 -4.45536e-06 8.49412e-05)
(0.000602372 -4.34607e-06 8.364e-05)
(0.000603605 -4.33748e-06 8.19748e-05)
(0.00060411 -4.31246e-06 8.04021e-05)
(0.000604263 -4.28002e-06 7.84596e-05)
(0.000603599 -4.30677e-06 7.5944e-05)
(0.000602383 -4.37158e-06 7.33305e-05)
(0.000600982 -4.57329e-06 7.10844e-05)
(0.000599621 -4.76012e-06 6.91386e-05)
(0.000599429 -4.89195e-06 6.75385e-05)
(0.000597945 -5.02874e-06 6.63743e-05)
(0.000597894 -5.03933e-06 6.55384e-05)
(0.000599217 -4.98799e-06 6.46506e-05)
(0.000600382 -5.02822e-06 6.41668e-05)
(0.000601164 -5.03048e-06 6.37341e-05)
(0.000601321 -5.13956e-06 6.3161e-05)
(0.000600476 -5.34773e-06 6.35556e-05)
(0.000600639 -5.39263e-06 6.52544e-05)
(0.000603143 -5.20959e-06 6.71819e-05)
(0.000606673 -5.03448e-06 6.87159e-05)
(0.000609409 -4.93018e-06 7.03303e-05)
(0.000612277 -4.99675e-06 7.1916e-05)
(0.000615988 -5.13768e-06 7.38757e-05)
(0.00062023 -5.08389e-06 7.59969e-05)
(0.000623401 -4.94553e-06 7.75848e-05)
(0.000623658 -4.785e-06 7.87716e-05)
(0.00062262 -4.70869e-06 7.97426e-05)
(0.000620168 -4.85352e-06 8.04474e-05)
(0.00061899 -5.06783e-06 8.24167e-05)
(0.000617868 -5.01225e-06 8.44689e-05)
(0.000617459 -4.78356e-06 8.57214e-05)
(0.000617238 -4.6996e-06 8.62537e-05)
(0.000617733 -4.65153e-06 8.64235e-05)
(0.000618452 -4.5945e-06 8.61765e-05)
(0.000618886 -4.5176e-06 8.55687e-05)
(0.00064613 -4.17186e-06 8.51819e-05)
(0.000645459 -4.29705e-06 8.48007e-05)
(0.000645792 -4.3372e-06 8.42777e-05)
(0.000646317 -4.44595e-06 8.41263e-05)
(0.000645344 -4.43772e-06 8.41002e-05)
(0.000644465 -4.44731e-06 8.38246e-05)
(0.000643136 -4.47323e-06 8.36562e-05)
(0.000642387 -4.4694e-06 8.38612e-05)
(0.00064188 -4.42982e-06 8.33934e-05)
(0.000641677 -4.39133e-06 8.31067e-05)
(0.000640413 -4.41107e-06 8.27955e-05)
(0.000638486 -4.4869e-06 8.25838e-05)
(0.000636592 -4.49541e-06 8.28971e-05)
(0.000635526 -4.46844e-06 8.32552e-05)
(0.000634821 -4.36996e-06 8.30804e-05)
(0.000634157 -4.36818e-06 8.29016e-05)
(0.000632903 -4.37741e-06 8.34755e-05)
(0.000630964 -4.40119e-06 8.45962e-05)
(0.000629685 -4.43906e-06 8.57093e-05)
(0.000628403 -4.54546e-06 8.7077e-05)
(0.000627669 -4.40473e-06 8.82709e-05)
(0.000627905 -4.02531e-06 8.85468e-05)
(0.00062829 -3.84155e-06 8.76925e-05)
(0.000628222 -3.93108e-06 8.69608e-05)
(0.0006273 -3.96128e-06 8.6163e-05)
(0.000627713 -3.90155e-06 8.50012e-05)
(0.000628716 -3.81511e-06 8.37433e-05)
(0.000630163 -3.77778e-06 8.19771e-05)
(0.000631167 -3.77387e-06 8.02379e-05)
(0.000631513 -3.7846e-06 7.84297e-05)
(0.000631333 -3.78824e-06 7.61712e-05)
(0.000630668 -3.86009e-06 7.37675e-05)
(0.000629944 -4.0892e-06 7.15533e-05)
(0.000628825 -4.35246e-06 6.96963e-05)
(0.000628573 -4.51905e-06 6.85199e-05)
(0.000627321 -4.62978e-06 6.75565e-05)
(0.000627835 -4.61575e-06 6.71513e-05)
(0.000629479 -4.54555e-06 6.63236e-05)
(0.000631018 -4.54198e-06 6.55515e-05)
(0.000631699 -4.54457e-06 6.47866e-05)
(0.000631959 -4.72352e-06 6.41344e-05)
(0.000631426 -4.91747e-06 6.49224e-05)
(0.000631495 -4.93494e-06 6.7035e-05)
(0.000633823 -4.75866e-06 6.89964e-05)
(0.000636908 -4.6051e-06 7.01156e-05)
(0.000639819 -4.52355e-06 7.16835e-05)
(0.000642569 -4.62157e-06 7.32566e-05)
(0.000646242 -4.74051e-06 7.54891e-05)
(0.000650389 -4.57441e-06 7.76711e-05)
(0.000653073 -4.34577e-06 7.90686e-05)
(0.000652725 -4.17482e-06 7.9986e-05)
(0.000651612 -4.21487e-06 8.08869e-05)
(0.000649382 -4.43603e-06 8.19478e-05)
(0.000647887 -4.71847e-06 8.4086e-05)
(0.000646465 -4.6163e-06 8.64051e-05)
(0.000645576 -4.35962e-06 8.77257e-05)
(0.000645446 -4.26482e-06 8.82843e-05)
(0.000645912 -4.21073e-06 8.83796e-05)
(0.000646765 -4.08089e-06 8.75652e-05)
(0.000646929 -4.04864e-06 8.63519e-05)
(0.000669459 -3.72245e-06 8.58178e-05)
(0.000669313 -3.82767e-06 8.53103e-05)
(0.000669311 -3.88874e-06 8.44458e-05)
(0.000669339 -3.9529e-06 8.43435e-05)
(0.000668554 -3.91178e-06 8.42753e-05)
(0.000667484 -3.90439e-06 8.40798e-05)
(0.000665782 -3.97207e-06 8.39094e-05)
(0.00066511 -3.98018e-06 8.39662e-05)
(0.000665094 -3.97793e-06 8.3508e-05)
(0.000665041 -3.90424e-06 8.35104e-05)
(0.000663459 -3.90436e-06 8.30263e-05)
(0.000661182 -3.99088e-06 8.30459e-05)
(0.000659626 -4.00047e-06 8.35607e-05)
(0.00065888 -3.97625e-06 8.38054e-05)
(0.000658355 -3.93191e-06 8.38184e-05)
(0.000657627 -3.90301e-06 8.39269e-05)
(0.000656507 -3.93005e-06 8.45746e-05)
(0.000654114 -3.94457e-06 8.57781e-05)
(0.000652523 -3.96388e-06 8.67807e-05)
(0.000650895 -4.03266e-06 8.79344e-05)
(0.000650187 -3.86109e-06 8.87464e-05)
(0.000650243 -3.49339e-06 8.88084e-05)
(0.000649881 -3.36056e-06 8.79831e-05)
(0.000649839 -3.44011e-06 8.70367e-05)
(0.000649208 -3.48626e-06 8.60982e-05)
(0.000649319 -3.45769e-06 8.48062e-05)
(0.000650347 -3.3787e-06 8.35863e-05)
(0.000652291 -3.32343e-06 8.19629e-05)
(0.000653306 -3.28492e-06 8.00715e-05)
(0.000654444 -3.31558e-06 7.83887e-05)
(0.000654732 -3.34503e-06 7.64099e-05)
(0.000654198 -3.41449e-06 7.41346e-05)
(0.000653711 -3.64771e-06 7.22513e-05)
(0.000653182 -3.91449e-06 7.07182e-05)
(0.000653268 -4.13335e-06 6.99296e-05)
(0.000652449 -4.25219e-06 6.92761e-05)
(0.000653438 -4.19179e-06 6.90594e-05)
(0.000655597 -4.07091e-06 6.80638e-05)
(0.000657252 -4.06767e-06 6.69664e-05)
(0.000657791 -4.11599e-06 6.60205e-05)
(0.000657956 -4.3025e-06 6.55916e-05)
(0.000657589 -4.51124e-06 6.64005e-05)
(0.000657645 -4.51123e-06 6.8572e-05)
(0.000659932 -4.30458e-06 7.02312e-05)
(0.000662859 -4.1779e-06 7.15195e-05)
(0.00066561 -4.15631e-06 7.29126e-05)
(0.000668633 -4.3083e-06 7.48273e-05)
(0.000671781 -4.36144e-06 7.71651e-05)
(0.000675513 -4.08524e-06 7.9274e-05)
(0.000677495 -3.78341e-06 8.03438e-05)
(0.000677144 -3.66614e-06 8.11122e-05)
(0.000675554 -3.72593e-06 8.18508e-05)
(0.000673853 -4.04342e-06 8.32018e-05)
(0.000672283 -4.37005e-06 8.56203e-05)
(0.000671187 -4.25367e-06 8.82719e-05)
(0.000669872 -3.99695e-06 8.9404e-05)
(0.000669868 -3.89818e-06 8.98234e-05)
(0.000670228 -3.80025e-06 8.96717e-05)
(0.000670384 -3.66784e-06 8.83848e-05)
(0.00067052 -3.59359e-06 8.69689e-05)
(0.000689364 -3.37272e-06 8.62125e-05)
(0.000688829 -3.47168e-06 8.5222e-05)
(0.000689126 -3.53258e-06 8.46292e-05)
(0.000688492 -3.46e-06 8.4308e-05)
(0.000687504 -3.42965e-06 8.42258e-05)
(0.000686317 -3.41827e-06 8.4201e-05)
(0.000684875 -3.5258e-06 8.38526e-05)
(0.000683753 -3.55761e-06 8.41248e-05)
(0.000683645 -3.52995e-06 8.37622e-05)
(0.00068419 -3.4306e-06 8.38668e-05)
(0.00068257 -3.45297e-06 8.35922e-05)
(0.000680433 -3.57593e-06 8.35921e-05)
(0.000678975 -3.58605e-06 8.42233e-05)
(0.000678564 -3.57059e-06 8.44589e-05)
(0.000678139 -3.54854e-06 8.46226e-05)
(0.00067749 -3.49173e-06 8.49581e-05)
(0.00067604 -3.49935e-06 8.54948e-05)
(0.000673776 -3.49224e-06 8.65899e-05)
(0.000671675 -3.48254e-06 8.7534e-05)
(0.000669951 -3.52683e-06 8.84251e-05)
(0.000669451 -3.42235e-06 8.90304e-05)
(0.000669036 -3.10754e-06 8.87525e-05)
(0.00066821 -3.02326e-06 8.79278e-05)
(0.000667885 -3.08161e-06 8.68109e-05)
(0.000667222 -3.13764e-06 8.57083e-05)
(0.000667386 -3.12763e-06 8.44285e-05)
(0.000668902 -3.07602e-06 8.32471e-05)
(0.000670957 -2.95551e-06 8.17846e-05)
(0.000671877 -2.89818e-06 7.98235e-05)
(0.000673618 -2.92823e-06 7.83463e-05)
(0.000674284 -2.94434e-06 7.66371e-05)
(0.000674007 -3.03445e-06 7.47329e-05)
(0.000673672 -3.21428e-06 7.28752e-05)
(0.000673437 -3.4842e-06 7.17726e-05)
(0.000674025 -3.73318e-06 7.13288e-05)
(0.000673538 -3.893e-06 7.0946e-05)
(0.000675336 -3.78196e-06 7.07384e-05)
(0.000677828 -3.62894e-06 6.96835e-05)
(0.000679832 -3.64409e-06 6.83909e-05)
(0.000680934 -3.72214e-06 6.73379e-05)
(0.000680724 -3.94088e-06 6.69148e-05)
(0.000679989 -4.13376e-06 6.78947e-05)
(0.000679671 -4.10683e-06 6.96742e-05)
(0.000681905 -3.91977e-06 7.15134e-05)
(0.000684435 -3.78066e-06 7.25493e-05)
(0.00068731 -3.85843e-06 7.41741e-05)
(0.000690624 -4.03562e-06 7.62124e-05)
(0.000693561 -4.02506e-06 7.87418e-05)
(0.000696621 -3.65813e-06 8.06739e-05)
(0.00069799 -3.35596e-06 8.16983e-05)
(0.000697338 -3.23806e-06 8.22715e-05)
(0.000695959 -3.31427e-06 8.29427e-05)
(0.000694295 -3.71697e-06 8.44016e-05)
(0.000692588 -4.07395e-06 8.70073e-05)
(0.000691882 -3.94652e-06 8.97559e-05)
(0.000690957 -3.69354e-06 9.06998e-05)
(0.000690807 -3.58434e-06 9.09002e-05)
(0.000690717 -3.43643e-06 9.04621e-05)
(0.000691213 -3.31024e-06 8.90404e-05)
(0.000690602 -3.25483e-06 8.75968e-05)
(0.000705889 -3.04668e-06 8.62251e-05)
(0.000705248 -3.12094e-06 8.49555e-05)
(0.000705287 -3.17448e-06 8.45141e-05)
(0.000704159 -3.07883e-06 8.41973e-05)
(0.00070297 -3.06585e-06 8.42207e-05)
(0.000701809 -3.06628e-06 8.41981e-05)
(0.000700356 -3.18655e-06 8.38456e-05)
(0.000699467 -3.18097e-06 8.43208e-05)
(0.000699299 -3.08876e-06 8.40316e-05)
(0.000699751 -2.97066e-06 8.40824e-05)
(0.000698646 -3.0785e-06 8.38938e-05)
(0.00069682 -3.20047e-06 8.42282e-05)
(0.000695603 -3.19861e-06 8.48439e-05)
(0.000695047 -3.19329e-06 8.51083e-05)
(0.000694653 -3.15989e-06 8.55022e-05)
(0.000694163 -3.09974e-06 8.57548e-05)
(0.000692671 -3.08678e-06 8.63327e-05)
(0.000690039 -3.09492e-06 8.72095e-05)
(0.000687701 -3.07391e-06 8.79134e-05)
(0.000686054 -3.10498e-06 8.85148e-05)
(0.000685378 -3.02272e-06 8.86948e-05)
(0.000684672 -2.7687e-06 8.84615e-05)
(0.000683726 -2.73875e-06 8.76427e-05)
(0.000683308 -2.79188e-06 8.64571e-05)
(0.000682504 -2.86807e-06 8.54006e-05)
(0.000683043 -2.85001e-06 8.42116e-05)
(0.00068505 -2.81392e-06 8.29368e-05)
(0.000686452 -2.68679e-06 8.15929e-05)
(0.000687517 -2.60166e-06 7.97209e-05)
(0.000689434 -2.59845e-06 7.83284e-05)
(0.000690042 -2.61341e-06 7.66359e-05)
(0.000690398 -2.72724e-06 7.50282e-05)
(0.000690138 -2.89435e-06 7.36288e-05)
(0.000690294 -3.11822e-06 7.28391e-05)
(0.000691573 -3.3485e-06 7.27206e-05)
(0.00069156 -3.50378e-06 7.257e-05)
(0.000693906 -3.39038e-06 7.22805e-05)
(0.000696465 -3.23019e-06 7.10494e-05)
(0.000698839 -3.23379e-06 6.97301e-05)
(0.000700003 -3.34763e-06 6.84762e-05)
(0.000699855 -3.54645e-06 6.80099e-05)
(0.000698456 -3.75924e-06 6.89684e-05)
(0.000697875 -3.74861e-06 7.06349e-05)
(0.000699862 -3.56927e-06 7.24739e-05)
(0.000702297 -3.45303e-06 7.35153e-05)
(0.000705276 -3.60363e-06 7.52778e-05)
(0.000708853 -3.77159e-06 7.74649e-05)
(0.00071151 -3.68722e-06 8.02203e-05)
(0.000714058 -3.29706e-06 8.17189e-05)
(0.000715026 -3.05672e-06 8.2761e-05)
(0.000714617 -2.94782e-06 8.34076e-05)
(0.000713274 -3.05656e-06 8.40052e-05)
(0.000711836 -3.48362e-06 8.5565e-05)
(0.000710337 -3.8084e-06 8.81529e-05)
(0.000709786 -3.63499e-06 9.06453e-05)
(0.000708997 -3.37159e-06 9.15014e-05)
(0.000708598 -3.27707e-06 9.15504e-05)
(0.000708144 -3.11633e-06 9.09142e-05)
(0.000708065 -2.96602e-06 8.93711e-05)
(0.000707132 -2.96563e-06 8.77276e-05)
(0.000720065 -2.71029e-06 8.59499e-05)
(0.000719354 -2.78035e-06 8.4554e-05)
(0.000718629 -2.79335e-06 8.42031e-05)
(0.00071708 -2.7258e-06 8.39864e-05)
(0.000715989 -2.74852e-06 8.41574e-05)
(0.000714947 -2.77459e-06 8.4129e-05)
(0.000713448 -2.88072e-06 8.40185e-05)
(0.000712599 -2.86078e-06 8.4468e-05)
(0.000712386 -2.70763e-06 8.42515e-05)
(0.00071262 -2.58791e-06 8.40177e-05)
(0.000712137 -2.74364e-06 8.41011e-05)
(0.00071035 -2.89033e-06 8.44728e-05)
(0.00070937 -2.87446e-06 8.51591e-05)
(0.00070872 -2.84263e-06 8.55318e-05)
(0.000708251 -2.79872e-06 8.6158e-05)
(0.000707426 -2.7492e-06 8.63184e-05)
(0.000706012 -2.7847e-06 8.67515e-05)
(0.000703627 -2.83842e-06 8.74035e-05)
(0.000701061 -2.79212e-06 8.78707e-05)
(0.000699918 -2.78622e-06 8.82464e-05)
(0.000699062 -2.67825e-06 8.81992e-05)
(0.000697849 -2.49044e-06 8.78384e-05)
(0.000696826 -2.49056e-06 8.70354e-05)
(0.000696413 -2.56344e-06 8.59104e-05)
(0.000695845 -2.66891e-06 8.48154e-05)
(0.000696343 -2.63155e-06 8.38174e-05)
(0.000698168 -2.5513e-06 8.2613e-05)
(0.000699866 -2.4266e-06 8.14671e-05)
(0.000700827 -2.32156e-06 7.97555e-05)
(0.000702413 -2.27902e-06 7.85043e-05)
(0.000703545 -2.28283e-06 7.68455e-05)
(0.000703658 -2.46679e-06 7.5401e-05)
(0.000703635 -2.60577e-06 7.45526e-05)
(0.000704395 -2.77321e-06 7.39273e-05)
(0.000705627 -2.99141e-06 7.39208e-05)
(0.000706435 -3.10065e-06 7.38185e-05)
(0.000708735 -3.01018e-06 7.33887e-05)
(0.000711488 -2.85683e-06 7.22349e-05)
(0.000714277 -2.83609e-06 7.08848e-05)
(0.00071594 -2.94837e-06 6.97078e-05)
(0.000715727 -3.16246e-06 6.90221e-05)
(0.000713784 -3.38478e-06 6.97061e-05)
(0.000713084 -3.45053e-06 7.12571e-05)
(0.000714777 -3.30197e-06 7.30295e-05)
(0.000717181 -3.24912e-06 7.4183e-05)
(0.000719899 -3.41028e-06 7.61764e-05)
(0.000723966 -3.47795e-06 7.86404e-05)
(0.000726632 -3.2972e-06 8.1418e-05)
(0.00072838 -2.97344e-06 8.27505e-05)
(0.000728746 -2.76229e-06 8.37004e-05)
(0.000728461 -2.66992e-06 8.40536e-05)
(0.000727736 -2.79947e-06 8.45836e-05)
(0.000726103 -3.25695e-06 8.6037e-05)
(0.00072507 -3.53853e-06 8.87044e-05)
(0.000724427 -3.34392e-06 9.08807e-05)
(0.000723124 -3.06489e-06 9.16586e-05)
(0.000722792 -2.96926e-06 9.17305e-05)
(0.000722272 -2.85204e-06 9.09449e-05)
(0.000721953 -2.69878e-06 8.92656e-05)
(0.000720987 -2.69377e-06 8.75136e-05)
(0.00073183 -2.35802e-06 8.57479e-05)
(0.000730615 -2.44322e-06 8.43539e-05)
(0.00072958 -2.45437e-06 8.3886e-05)
(0.000727497 -2.43848e-06 8.37837e-05)
(0.000726597 -2.48936e-06 8.39594e-05)
(0.000725578 -2.53187e-06 8.42245e-05)
(0.000724317 -2.64309e-06 8.43576e-05)
(0.000723945 -2.56784e-06 8.47655e-05)
(0.000723557 -2.40937e-06 8.4444e-05)
(0.000723987 -2.33397e-06 8.41497e-05)
(0.000723491 -2.51512e-06 8.4134e-05)
(0.000722321 -2.64657e-06 8.46448e-05)
(0.000721087 -2.63056e-06 8.54803e-05)
(0.000720368 -2.56763e-06 8.60009e-05)
(0.000720025 -2.49108e-06 8.66536e-05)
(0.000718999 -2.47047e-06 8.66478e-05)
(0.000717111 -2.55383e-06 8.67209e-05)
(0.000714831 -2.62236e-06 8.7278e-05)
(0.000712689 -2.61008e-06 8.77314e-05)
(0.000711445 -2.53463e-06 8.78733e-05)
(0.000710668 -2.40097e-06 8.76423e-05)
(0.000709486 -2.28016e-06 8.72273e-05)
(0.000708476 -2.2727e-06 8.64536e-05)
(0.00070767 -2.32596e-06 8.51797e-05)
(0.000707029 -2.45849e-06 8.42263e-05)
(0.000707848 -2.37751e-06 8.34102e-05)
(0.000709919 -2.27001e-06 8.23659e-05)
(0.000711028 -2.19578e-06 8.11361e-05)
(0.000711683 -2.10139e-06 7.95906e-05)
(0.00071297 -2.01193e-06 7.84116e-05)
(0.000713624 -2.04666e-06 7.68719e-05)
(0.000713796 -2.23219e-06 7.57715e-05)
(0.000714468 -2.34862e-06 7.5305e-05)
(0.000715263 -2.46774e-06 7.46846e-05)
(0.000716493 -2.62678e-06 7.46514e-05)
(0.000717647 -2.7032e-06 7.46585e-05)
(0.000720071 -2.63878e-06 7.39545e-05)
(0.000723571 -2.48978e-06 7.30521e-05)
(0.000726524 -2.4466e-06 7.18613e-05)
(0.000728237 -2.55277e-06 7.06232e-05)
(0.000727461 -2.77793e-06 6.97386e-05)
(0.000726013 -3.05614e-06 7.02225e-05)
(0.000725206 -3.17422e-06 7.16615e-05)
(0.000726762 -3.09578e-06 7.35512e-05)
(0.000729213 -3.09692e-06 7.49224e-05)
(0.000732265 -3.23835e-06 7.72085e-05)
(0.00073584 -3.15323e-06 7.9818e-05)
(0.000738378 -2.9696e-06 8.23256e-05)
(0.000739547 -2.69373e-06 8.35953e-05)
(0.000739435 -2.52825e-06 8.41819e-05)
(0.000739459 -2.47145e-06 8.44201e-05)
(0.000739162 -2.59243e-06 8.48717e-05)
(0.000737705 -2.9849e-06 8.61282e-05)
(0.000736697 -3.22505e-06 8.86562e-05)
(0.000736091 -3.03625e-06 9.072e-05)
(0.000734714 -2.77162e-06 9.17459e-05)
(0.000733799 -2.67569e-06 9.15143e-05)
(0.000733296 -2.5767e-06 9.07719e-05)
(0.000733051 -2.45688e-06 8.90782e-05)
(0.000732932 -2.41406e-06 8.7373e-05)
(0.000741248 -2.03493e-06 8.56635e-05)
(0.000739912 -2.15298e-06 8.40568e-05)
(0.000738337 -2.20122e-06 8.34446e-05)
(0.000736622 -2.21449e-06 8.32953e-05)
(0.000735435 -2.27586e-06 8.36936e-05)
(0.000734731 -2.36386e-06 8.41125e-05)
(0.000736879 -2.45525e-06 8.47038e-05)
(0.000733324 -2.30246e-06 8.5042e-05)
(0.000733209 -2.15712e-06 8.44902e-05)
(0.000733768 -2.13776e-06 8.43456e-05)
(0.000734086 -2.28241e-06 8.43915e-05)
(0.000732825 -2.40782e-06 8.52289e-05)
(0.000731475 -2.42183e-06 8.58166e-05)
(0.000730621 -2.33218e-06 8.65242e-05)
(0.000730349 -2.23841e-06 8.69437e-05)
(0.000729117 -2.25925e-06 8.6699e-05)
(0.000727346 -2.39427e-06 8.68507e-05)
(0.000725394 -2.48846e-06 8.70165e-05)
(0.000723172 -2.48075e-06 8.75681e-05)
(0.000721735 -2.34807e-06 8.74216e-05)
(0.000720717 -2.2332e-06 8.70343e-05)
(0.000719997 -2.14327e-06 8.65835e-05)
(0.000718593 -2.11555e-06 8.5778e-05)
(0.000717343 -2.18406e-06 8.45095e-05)
(0.000717181 -2.31412e-06 8.37802e-05)
(0.00071768 -2.14939e-06 8.28437e-05)
(0.000719471 -2.01971e-06 8.17912e-05)
(0.000720493 -1.97449e-06 8.05392e-05)
(0.000722938 -1.9034e-06 7.97048e-05)
(0.000723531 -1.78862e-06 7.8661e-05)
(0.000724176 -1.87346e-06 7.71052e-05)
(0.000724802 -2.04047e-06 7.63831e-05)
(0.000725877 -2.0775e-06 7.59489e-05)
(0.000726929 -2.15243e-06 7.53874e-05)
(0.000728333 -2.25725e-06 7.54076e-05)
(0.000729528 -2.32591e-06 7.5123e-05)
(0.000732097 -2.26867e-06 7.47941e-05)
(0.000735582 -2.09412e-06 7.42847e-05)
(0.000739151 -2.01708e-06 7.29304e-05)
(0.000740605 -2.14215e-06 7.1434e-05)
(0.000739869 -2.38518e-06 7.05646e-05)
(0.000738881 -2.7164e-06 7.06351e-05)
(0.000737794 -2.89352e-06 7.21192e-05)
(0.00073927 -2.88618e-06 7.40467e-05)
(0.000742275 -2.94058e-06 7.59922e-05)
(0.000745418 -2.99703e-06 7.8722e-05)
(0.000748496 -2.80463e-06 8.13068e-05)
(0.000751152 -2.65328e-06 8.34553e-05)
(0.000751915 -2.43717e-06 8.44854e-05)
(0.000751754 -2.29903e-06 8.46345e-05)
(0.000751659 -2.2746e-06 8.47559e-05)
(0.000751297 -2.3635e-06 8.50927e-05)
(0.000750183 -2.67894e-06 8.64279e-05)
(0.000749221 -2.88868e-06 8.87296e-05)
(0.000748443 -2.7133e-06 9.05389e-05)
(0.000746765 -2.47029e-06 9.14773e-05)
(0.000745882 -2.36619e-06 9.13775e-05)
(0.000744925 -2.29006e-06 9.04827e-05)
(0.000744808 -2.17129e-06 8.93269e-05)
(0.000742619 -2.10438e-06 8.74799e-05)
(0.000751775 -1.70359e-06 8.54588e-05)
(0.000750665 -1.89267e-06 8.37708e-05)
(0.000746392 -2.02623e-06 8.30466e-05)
(0.000744703 -2.06808e-06 8.30114e-05)
(0.000743302 -2.14743e-06 8.34031e-05)
(0.000742845 -2.25193e-06 8.39088e-05)
(0.000743296 -2.18804e-06 8.4924e-05)
(0.000745376 -2.11253e-06 8.50706e-05)
(0.000741947 -1.9781e-06 8.48765e-05)
(0.000742468 -1.92358e-06 8.46496e-05)
(0.000742839 -2.04395e-06 8.4868e-05)
(0.000742104 -2.21308e-06 8.57247e-05)
(0.000740891 -2.24702e-06 8.6548e-05)
(0.00073977 -2.12646e-06 8.7198e-05)
(0.000739274 -2.05509e-06 8.72106e-05)
(0.00073828 -2.12292e-06 8.69161e-05)
(0.000736525 -2.2372e-06 8.69767e-05)
(0.000734639 -2.3004e-06 8.69953e-05)
(0.000732739 -2.27203e-06 8.7466e-05)
(0.000731099 -2.14906e-06 8.7081e-05)
(0.000729735 -2.08638e-06 8.64651e-05)
(0.000728799 -2.04989e-06 8.61491e-05)
(0.000727328 -1.995e-06 8.53399e-05)
(0.000726458 -2.0652e-06 8.40494e-05)
(0.000726115 -2.16826e-06 8.33319e-05)
(0.000726131 -1.94194e-06 8.23905e-05)
(0.000727213 -1.81441e-06 8.11827e-05)
(0.000729116 -1.78471e-06 8.03022e-05)
(0.000729459 -1.75333e-06 7.89538e-05)
(0.000729848 -1.69071e-06 7.79282e-05)
(0.000730112 -1.76826e-06 7.67524e-05)
(0.00073063 -1.85854e-06 7.61152e-05)
(0.000731729 -1.8511e-06 7.57668e-05)
(0.000732645 -1.92555e-06 7.51999e-05)
(0.000733418 -2.00216e-06 7.52651e-05)
(0.000735056 -2.01965e-06 7.51864e-05)
(0.000737586 -1.95129e-06 7.49827e-05)
(0.000741167 -1.79542e-06 7.46728e-05)
(0.000745143 -1.66347e-06 7.31242e-05)
(0.000747519 -1.78257e-06 7.17013e-05)
(0.000746481 -2.0759e-06 7.06083e-05)
(0.000745123 -2.42794e-06 7.06284e-05)
(0.000743987 -2.69903e-06 7.21166e-05)
(0.000745891 -2.75709e-06 7.45006e-05)
(0.000748526 -2.8213e-06 7.69037e-05)
(0.000752079 -2.78972e-06 8.01123e-05)
(0.00075512 -2.50589e-06 8.2581e-05)
(0.000757791 -2.34183e-06 8.4084e-05)
(0.00075846 -2.21422e-06 8.47341e-05)
(0.000758246 -2.12818e-06 8.45232e-05)
(0.000757948 -2.08821e-06 8.45275e-05)
(0.000757677 -2.15355e-06 8.52032e-05)
(0.000756588 -2.40474e-06 8.63356e-05)
(0.000755798 -2.58767e-06 8.83498e-05)
(0.000754607 -2.4014e-06 9.00514e-05)
(0.000752732 -2.16915e-06 9.0683e-05)
(0.000751601 -2.06912e-06 9.06923e-05)
(0.000750869 -1.98963e-06 9.01163e-05)
(0.000751126 -1.86685e-06 8.91661e-05)
(0.000753363 -1.73429e-06 8.76327e-05)
(0.000756688 -1.52509e-06 8.522e-05)
(0.000755922 -1.66833e-06 8.37136e-05)
(0.000754102 -1.87069e-06 8.30001e-05)
(0.000751774 -1.94406e-06 8.2702e-05)
(0.000750288 -2.06429e-06 8.3253e-05)
(0.000750401 -2.13424e-06 8.3821e-05)
(0.000750162 -2.04649e-06 8.4547e-05)
(0.000750464 -1.8801e-06 8.50376e-05)
(0.000749928 -1.80362e-06 8.5034e-05)
(0.000749689 -1.72197e-06 8.49707e-05)
(0.000750041 -1.81096e-06 8.52308e-05)
(0.000749833 -2.01206e-06 8.5923e-05)
(0.000748605 -2.09151e-06 8.68207e-05)
(0.000747385 -1.97278e-06 8.75315e-05)
(0.000746912 -1.87805e-06 8.7426e-05)
(0.00074603 -1.99284e-06 8.71932e-05)
(0.0007447 -2.07183e-06 8.72863e-05)
(0.000743083 -2.06894e-06 8.72143e-05)
(0.000741095 -2.02934e-06 8.7294e-05)
(0.000739025 -1.94309e-06 8.67128e-05)
(0.000737491 -1.91905e-06 8.57356e-05)
(0.000736625 -1.90827e-06 8.54442e-05)
(0.000735185 -1.84831e-06 8.45589e-05)
(0.00073443 -1.89333e-06 8.34654e-05)
(0.000733557 -1.92982e-06 8.26816e-05)
(0.000733266 -1.77304e-06 8.15743e-05)
(0.000736294 -1.66835e-06 8.06527e-05)
(0.000738372 -1.62258e-06 8.02615e-05)
(0.000736677 -1.61052e-06 7.87285e-05)
(0.000736792 -1.57408e-06 7.75768e-05)
(0.00073733 -1.64526e-06 7.66465e-05)
(0.000737348 -1.70031e-06 7.63107e-05)
(0.000738277 -1.67126e-06 7.5947e-05)
(0.000739152 -1.76642e-06 7.55382e-05)
(0.000739841 -1.79095e-06 7.5556e-05)
(0.000741774 -1.80707e-06 7.57007e-05)
(0.00074393 -1.71765e-06 7.56145e-05)
(0.000747664 -1.53599e-06 7.51206e-05)
(0.00075142 -1.39784e-06 7.34862e-05)
(0.000753731 -1.53557e-06 7.17932e-05)
(0.000753264 -1.8267e-06 7.05785e-05)
(0.000751974 -2.21129e-06 7.05524e-05)
(0.000751343 -2.57443e-06 7.24306e-05)
(0.000753314 -2.68561e-06 7.51669e-05)
(0.000756661 -2.7076e-06 7.82023e-05)
(0.000760006 -2.60581e-06 8.16388e-05)
(0.000762735 -2.2367e-06 8.37513e-05)
(0.000765806 -2.0758e-06 8.46113e-05)
(0.00076632 -2.01507e-06 8.4915e-05)
(0.000766019 -1.95271e-06 8.47592e-05)
(0.000765587 -1.94141e-06 8.49054e-05)
(0.000765262 -1.97871e-06 8.5568e-05)
(0.000764214 -2.18422e-06 8.64273e-05)
(0.000763454 -2.33332e-06 8.81705e-05)
(0.000761917 -2.13692e-06 8.95521e-05)
(0.000759975 -1.96838e-06 8.9848e-05)
(0.000758501 -1.92828e-06 8.97971e-05)
(0.000757682 -1.86649e-06 8.9384e-05)
(0.000757603 -1.69943e-06 8.84934e-05)
(0.000757674 -1.5157e-06 8.70322e-05)
(0.000763058 -1.38408e-06 8.52487e-05)
(0.000762104 -1.51139e-06 8.37942e-05)
(0.000760472 -1.71116e-06 8.29645e-05)
(0.000757739 -1.82136e-06 8.2697e-05)
(0.00075657 -1.96954e-06 8.31398e-05)
(0.000756375 -1.96714e-06 8.3774e-05)
(0.000756021 -1.8582e-06 8.44981e-05)
(0.000755941 -1.72968e-06 8.49016e-05)
(0.00075565 -1.66259e-06 8.50574e-05)
(0.00075534 -1.54144e-06 8.53108e-05)
(0.000755484 -1.5999e-06 8.52758e-05)
(0.000755883 -1.84271e-06 8.59999e-05)
(0.000754701 -1.963e-06 8.68636e-05)
(0.000753314 -1.82208e-06 8.77191e-05)
(0.00075281 -1.7605e-06 8.74809e-05)
(0.000752498 -1.85409e-06 8.74759e-05)
(0.000750914 -1.90024e-06 8.7658e-05)
(0.000749693 -1.83385e-06 8.72771e-05)
(0.0007475 -1.785e-06 8.70371e-05)
(0.000745503 -1.74236e-06 8.62067e-05)
(0.000743602 -1.71723e-06 8.52863e-05)
(0.000742285 -1.72296e-06 8.47334e-05)
(0.000741357 -1.68729e-06 8.38566e-05)
(0.000740942 -1.71779e-06 8.29431e-05)
(0.000740224 -1.73258e-06 8.20491e-05)
(0.00074284 -1.59056e-06 8.15128e-05)
(0.000741544 -1.46113e-06 8.00681e-05)
(0.000742297 -1.48402e-06 7.92398e-05)
(0.00074311 -1.49312e-06 7.82157e-05)
(0.000743353 -1.48436e-06 7.7147e-05)
(0.000743397 -1.56572e-06 7.63374e-05)
(0.000743245 -1.56361e-06 7.62791e-05)
(0.000743619 -1.57424e-06 7.59956e-05)
(0.000744224 -1.64191e-06 7.58131e-05)
(0.000745322 -1.6253e-06 7.57544e-05)
(0.000747012 -1.65187e-06 7.58044e-05)
(0.00074944 -1.5594e-06 7.59304e-05)
(0.000752898 -1.34845e-06 7.50702e-05)
(0.000756607 -1.25124e-06 7.32816e-05)
(0.00075859 -1.36849e-06 7.18e-05)
(0.000758408 -1.6192e-06 7.07004e-05)
(0.000757085 -2.01278e-06 7.06581e-05)
(0.000756988 -2.44709e-06 7.27064e-05)
(0.000759281 -2.61088e-06 7.60593e-05)
(0.00076292 -2.58415e-06 7.92853e-05)
(0.000765988 -2.42509e-06 8.29192e-05)
(0.000769318 -1.98598e-06 8.46591e-05)
(0.000771965 -1.82756e-06 8.51895e-05)
(0.00077262 -1.77458e-06 8.52291e-05)
(0.000772276 -1.77888e-06 8.50213e-05)
(0.000771618 -1.78279e-06 8.52368e-05)
(0.000771057 -1.75864e-06 8.56472e-05)
(0.000770441 -1.97047e-06 8.66134e-05)
(0.000769462 -2.06789e-06 8.80982e-05)
(0.000768165 -1.88359e-06 8.92073e-05)
(0.000766111 -1.81288e-06 8.90947e-05)
(0.000764667 -1.89047e-06 8.90326e-05)
(0.000763601 -1.82847e-06 8.8956e-05)
(0.000763791 -1.60468e-06 8.83882e-05)
(0.000763757 -1.41001e-06 8.69701e-05)
(0.000768379 -1.23739e-06 8.55341e-05)
(0.000767602 -1.31851e-06 8.3947e-05)
(0.000769027 -1.45877e-06 8.29921e-05)
(0.000766323 -1.622e-06 8.28143e-05)
(0.00076474 -1.72998e-06 8.32413e-05)
(0.000764073 -1.67136e-06 8.37919e-05)
(0.00076399 -1.62081e-06 8.45719e-05)
(0.000763725 -1.52952e-06 8.4879e-05)
(0.00076339 -1.43053e-06 8.50572e-05)
(0.000762705 -1.28283e-06 8.54126e-05)
(0.000763292 -1.35051e-06 8.52828e-05)
(0.000763936 -1.6471e-06 8.58805e-05)
(0.000762654 -1.8113e-06 8.66124e-05)
(0.000761776 -1.7124e-06 8.75188e-05)
(0.000761294 -1.65005e-06 8.78221e-05)
(0.000760656 -1.6918e-06 8.77545e-05)
(0.000759439 -1.68066e-06 8.78268e-05)
(0.000757734 -1.57145e-06 8.75883e-05)
(0.000755464 -1.54283e-06 8.69452e-05)
(0.000753513 -1.5541e-06 8.60827e-05)
(0.000751582 -1.56594e-06 8.50681e-05)
(0.000749888 -1.54494e-06 8.4184e-05)
(0.000749158 -1.53261e-06 8.33122e-05)
(0.000748743 -1.56435e-06 8.25097e-05)
(0.000748611 -1.53796e-06 8.20309e-05)
(0.00074615 -1.4022e-06 8.08777e-05)
(0.000747103 -1.27341e-06 7.99848e-05)
(0.00074888 -1.29223e-06 7.88142e-05)
(0.000749391 -1.35436e-06 7.75282e-05)
(0.000749459 -1.42729e-06 7.64916e-05)
(0.000749139 -1.51836e-06 7.58983e-05)
(0.000748788 -1.46945e-06 7.6014e-05)
(0.000748903 -1.4866e-06 7.59916e-05)
(0.000749218 -1.53888e-06 7.61722e-05)
(0.000750085 -1.49249e-06 7.58852e-05)
(0.000751679 -1.56175e-06 7.60986e-05)
(0.000754238 -1.4234e-06 7.61139e-05)
(0.000757683 -1.20079e-06 7.49639e-05)
(0.000760834 -1.11547e-06 7.33032e-05)
(0.000762885 -1.18805e-06 7.20638e-05)
(0.000762667 -1.41401e-06 7.09088e-05)
(0.000761502 -1.85303e-06 7.10496e-05)
(0.000761727 -2.34188e-06 7.33455e-05)
(0.000764567 -2.50141e-06 7.70131e-05)
(0.000767991 -2.44346e-06 8.03304e-05)
(0.000771215 -2.2304e-06 8.39701e-05)
(0.000774341 -1.76082e-06 8.54548e-05)
(0.000777137 -1.55897e-06 8.55929e-05)
(0.00077786 -1.53549e-06 8.54983e-05)
(0.00077737 -1.57541e-06 8.51901e-05)
(0.000776395 -1.58015e-06 8.55395e-05)
(0.000775713 -1.57499e-06 8.57405e-05)
(0.000775095 -1.76857e-06 8.66862e-05)
(0.000774602 -1.76994e-06 8.82035e-05)
(0.000773662 -1.57122e-06 8.89886e-05)
(0.000772401 -1.59553e-06 8.85673e-05)
(0.000770884 -1.77266e-06 8.83228e-05)
(0.000769326 -1.75946e-06 8.84506e-05)
(0.000769349 -1.50098e-06 8.82375e-05)
(0.000769048 -1.27806e-06 8.71796e-05)
(0.000773362 -1.10867e-06 8.59587e-05)
(0.000772333 -1.12918e-06 8.44643e-05)
(0.000771736 -1.21789e-06 8.37223e-05)
(0.00076888 -1.4168e-06 8.34915e-05)
(0.000767372 -1.50324e-06 8.41044e-05)
(0.000766764 -1.40042e-06 8.42328e-05)
(0.000766596 -1.36619e-06 8.44262e-05)
(0.000765952 -1.34266e-06 8.46933e-05)
(0.000765089 -1.22676e-06 8.49361e-05)
(0.000765197 -1.082e-06 8.53583e-05)
(0.000766086 -1.1659e-06 8.50519e-05)
(0.000767013 -1.45483e-06 8.57584e-05)
(0.000765862 -1.6412e-06 8.65025e-05)
(0.000764932 -1.61492e-06 8.74809e-05)
(0.000764074 -1.48499e-06 8.7784e-05)
(0.000763469 -1.47166e-06 8.76732e-05)
(0.000762254 -1.47685e-06 8.76984e-05)
(0.000760848 -1.35698e-06 8.72629e-05)
(0.000758612 -1.35431e-06 8.63043e-05)
(0.00075675 -1.40183e-06 8.54195e-05)
(0.000754956 -1.4009e-06 8.45619e-05)
(0.000753602 -1.35464e-06 8.33489e-05)
(0.000752537 -1.34735e-06 8.23658e-05)
(0.000752185 -1.3977e-06 8.1615e-05)
(0.000751377 -1.39562e-06 8.10905e-05)
(0.000751175 -1.26536e-06 8.04483e-05)
(0.00075231 -1.11867e-06 7.95226e-05)
(0.000754006 -1.10105e-06 7.81357e-05)
(0.000754962 -1.18822e-06 7.68417e-05)
(0.000755002 -1.33801e-06 7.56995e-05)
(0.000754506 -1.44213e-06 7.55387e-05)
(0.000753682 -1.40546e-06 7.57161e-05)
(0.000753337 -1.44727e-06 7.60429e-05)
(0.000753785 -1.45803e-06 7.63504e-05)
(0.000754877 -1.43549e-06 7.62438e-05)
(0.000756589 -1.49525e-06 7.63465e-05)
(0.000758841 -1.31698e-06 7.62186e-05)
(0.00076165 -1.06372e-06 7.50098e-05)
(0.00076438 -1.00001e-06 7.33428e-05)
(0.000766603 -1.03303e-06 7.22464e-05)
(0.000766143 -1.2679e-06 7.12486e-05)
(0.000765183 -1.75763e-06 7.15661e-05)
(0.000765963 -2.25329e-06 7.39753e-05)
(0.000768946 -2.37506e-06 7.78676e-05)
(0.000772132 -2.25433e-06 8.12407e-05)
(0.000775198 -1.99524e-06 8.45641e-05)
(0.000778826 -1.52575e-06 8.60142e-05)
(0.000781316 -1.32439e-06 8.58325e-05)
(0.000781936 -1.33069e-06 8.5585e-05)
(0.000781256 -1.40201e-06 8.5463e-05)
(0.000780242 -1.41181e-06 8.55848e-05)
(0.000779603 -1.42048e-06 8.59263e-05)
(0.000779308 -1.58067e-06 8.6949e-05)
(0.000778874 -1.51878e-06 8.82999e-05)
(0.000778436 -1.3259e-06 8.87176e-05)
(0.000777361 -1.35244e-06 8.80462e-05)
(0.000776124 -1.59122e-06 8.78052e-05)
(0.000774489 -1.61441e-06 8.81168e-05)
(0.000774419 -1.35238e-06 8.84001e-05)
(0.000773755 -1.14137e-06 8.74869e-05)
(0.000777375 -9.87851e-07 8.65197e-05)
(0.000776283 -9.5356e-07 8.54162e-05)
(0.000775784 -1.03407e-06 8.46031e-05)
(0.000773248 -1.24851e-06 8.41127e-05)
(0.000771725 -1.35652e-06 8.46042e-05)
(0.000771432 -1.20411e-06 8.43877e-05)
(0.000771043 -1.1617e-06 8.40909e-05)
(0.000769856 -1.22017e-06 8.43012e-05)
(0.000769063 -1.16462e-06 8.46619e-05)
(0.000769302 -9.96167e-07 8.52397e-05)
(0.000770599 -1.04936e-06 8.51591e-05)
(0.00077136 -1.31513e-06 8.58636e-05)
(0.000770591 -1.49249e-06 8.66254e-05)
(0.000769973 -1.49458e-06 8.74046e-05)
(0.000768985 -1.36715e-06 8.76761e-05)
(0.000768482 -1.3125e-06 8.75546e-05)
(0.000766996 -1.28935e-06 8.73101e-05)
(0.000765531 -1.20585e-06 8.68001e-05)
(0.000763662 -1.22992e-06 8.58281e-05)
(0.000761763 -1.28109e-06 8.48307e-05)
(0.000759977 -1.23701e-06 8.41673e-05)
(0.000758395 -1.17637e-06 8.27349e-05)
(0.000757431 -1.18566e-06 8.15364e-05)
(0.000757262 -1.23775e-06 8.0934e-05)
(0.000756438 -1.27166e-06 8.03202e-05)
(0.000755789 -1.16659e-06 7.97601e-05)
(0.000757037 -1.0026e-06 7.88112e-05)
(0.000758746 -9.89331e-07 7.7305e-05)
(0.000760008 -1.06483e-06 7.59889e-05)
(0.000760505 -1.26261e-06 7.50472e-05)
(0.00075964 -1.38421e-06 7.49804e-05)
(0.000758438 -1.37364e-06 7.53574e-05)
(0.000758061 -1.41831e-06 7.58364e-05)
(0.000758489 -1.41703e-06 7.64336e-05)
(0.000759835 -1.40042e-06 7.66237e-05)
(0.000761215 -1.42718e-06 7.64977e-05)
(0.000762775 -1.1702e-06 7.63511e-05)
(0.000765236 -9.24427e-07 7.51833e-05)
(0.00076784 -8.84122e-07 7.37464e-05)
(0.00076976 -9.2608e-07 7.27082e-05)
(0.000769083 -1.17126e-06 7.16993e-05)
(0.000768355 -1.67566e-06 7.21739e-05)
(0.000769516 -2.16963e-06 7.49519e-05)
(0.000772473 -2.25433e-06 7.87662e-05)
(0.000775738 -2.06529e-06 8.21174e-05)
(0.000778707 -1.73969e-06 8.50352e-05)
(0.000782726 -1.32735e-06 8.62844e-05)
(0.000784283 -1.13674e-06 8.61047e-05)
(0.000784818 -1.16516e-06 8.58322e-05)
(0.000784088 -1.24531e-06 8.56873e-05)
(0.000782908 -1.25645e-06 8.57186e-05)
(0.000782747 -1.30593e-06 8.6063e-05)
(0.000782572 -1.44119e-06 8.71148e-05)
(0.000782575 -1.32711e-06 8.82735e-05)
(0.000782469 -1.12168e-06 8.84162e-05)
(0.000781733 -1.12526e-06 8.75792e-05)
(0.000780508 -1.35324e-06 8.7478e-05)
(0.000778537 -1.41684e-06 8.79091e-05)
(0.00077824 -1.22206e-06 8.85566e-05)
(0.000777456 -1.04787e-06 8.76576e-05)
(0.000780224 -8.84698e-07 8.70836e-05)
(0.000778996 -8.11021e-07 8.63071e-05)
(0.000778149 -8.69502e-07 8.54532e-05)
(0.000776204 -1.07905e-06 8.48637e-05)
(0.000774997 -1.16914e-06 8.5051e-05)
(0.000774502 -9.71627e-07 8.44643e-05)
(0.000774162 -9.68258e-07 8.37403e-05)
(0.000772909 -1.07065e-06 8.37443e-05)
(0.000772042 -1.08794e-06 8.43171e-05)
(0.000772501 -9.05931e-07 8.5134e-05)
(0.000773913 -9.2262e-07 8.53905e-05)
(0.000774115 -1.15238e-06 8.6133e-05)
(0.000773938 -1.29359e-06 8.67897e-05)
(0.000773595 -1.27717e-06 8.72865e-05)
(0.00077296 -1.18261e-06 8.75489e-05)
(0.000772052 -1.10598e-06 8.72727e-05)
(0.00077049 -1.06929e-06 8.70608e-05)
(0.000768836 -9.98953e-07 8.6214e-05)
(0.000767131 -1.04528e-06 8.54232e-05)
(0.000765696 -1.06551e-06 8.43359e-05)
(0.000764008 -1.03644e-06 8.35624e-05)
(0.00076221 -1.01086e-06 8.20472e-05)
(0.000761239 -1.01788e-06 8.08792e-05)
(0.000760682 -1.06653e-06 8.02565e-05)
(0.000760109 -1.11486e-06 7.9582e-05)
(0.000759903 -1.05298e-06 7.90825e-05)
(0.000761532 -8.97762e-07 7.8084e-05)
(0.000763459 -8.90803e-07 7.6674e-05)
(0.00076484 -9.39595e-07 7.52748e-05)
(0.000765515 -1.16164e-06 7.45829e-05)
(0.000764647 -1.31879e-06 7.4584e-05)
(0.000763485 -1.37034e-06 7.51159e-05)
(0.000762326 -1.3792e-06 7.56912e-05)
(0.000762989 -1.36374e-06 7.63628e-05)
(0.000764053 -1.34221e-06 7.6526e-05)
(0.000765195 -1.27556e-06 7.66696e-05)
(0.000766091 -1.01141e-06 7.65056e-05)
(0.000768199 -8.02245e-07 7.54406e-05)
(0.000770663 -7.81809e-07 7.41563e-05)
(0.000772555 -8.55302e-07 7.31378e-05)
(0.000772 -1.10863e-06 7.22051e-05)
(0.00077122 -1.60487e-06 7.28713e-05)
(0.000772819 -2.06472e-06 7.57816e-05)
(0.000775712 -2.11685e-06 7.94937e-05)
(0.000778656 -1.86298e-06 8.27363e-05)
(0.000781484 -1.48829e-06 8.54355e-05)
(0.000784791 -1.12031e-06 8.64768e-05)
(0.000786598 -9.3562e-07 8.63444e-05)
(0.000787186 -9.93636e-07 8.60516e-05)
(0.000786189 -1.06075e-06 8.59916e-05)
(0.000785436 -1.08451e-06 8.58625e-05)
(0.00078554 -1.15437e-06 8.60153e-05)
(0.000785784 -1.31256e-06 8.68195e-05)
(0.000785928 -1.16896e-06 8.78703e-05)
(0.000786184 -9.25067e-07 8.79963e-05)
(0.000785298 -8.98995e-07 8.72109e-05)
(0.000783926 -1.14644e-06 8.71915e-05)
(0.000782005 -1.24548e-06 8.77334e-05)
(0.000781547 -1.11297e-06 8.84975e-05)
(0.000780644 -9.43348e-07 8.79571e-05)
(0.000782635 -7.8861e-07 8.72898e-05)
(0.000781372 -6.79208e-07 8.70691e-05)
(0.000780347 -7.06381e-07 8.62469e-05)
(0.000778662 -8.65017e-07 8.55286e-05)
(0.000777474 -9.44558e-07 8.53453e-05)
(0.00077708 -7.87289e-07 8.44572e-05)
(0.000776407 -7.69986e-07 8.34171e-05)
(0.000775507 -9.53082e-07 8.32561e-05)
(0.000774906 -1.03343e-06 8.409e-05)
(0.00077541 -8.53143e-07 8.50795e-05)
(0.000776726 -8.77138e-07 8.54804e-05)
(0.000776918 -1.01594e-06 8.64122e-05)
(0.00077646 -1.11041e-06 8.6749e-05)
(0.000776315 -1.05071e-06 8.70249e-05)
(0.000775588 -9.79247e-07 8.71794e-05)
(0.000774601 -8.90716e-07 8.70024e-05)
(0.000772961 -8.48649e-07 8.65978e-05)
(0.000771496 -7.80062e-07 8.58735e-05)
(0.000770093 -8.16992e-07 8.49619e-05)
(0.000768624 -8.09796e-07 8.3904e-05)
(0.000766857 -8.15013e-07 8.29865e-05)
(0.000765149 -8.24293e-07 8.14423e-05)
(0.000764444 -8.70015e-07 8.04028e-05)
(0.000763869 -9.20312e-07 7.95754e-05)
(0.000763602 -9.7964e-07 7.89783e-05)
(0.000763935 -8.99072e-07 7.84866e-05)
(0.000765563 -7.71612e-07 7.7452e-05)
(0.000767777 -7.28868e-07 7.62219e-05)
(0.000768962 -7.85036e-07 7.49454e-05)
(0.000769977 -1.03198e-06 7.4022e-05)
(0.000769439 -1.2165e-06 7.42515e-05)
(0.000768049 -1.28791e-06 7.47494e-05)
(0.000766646 -1.31678e-06 7.52766e-05)
(0.000766942 -1.25724e-06 7.6043e-05)
(0.00076766 -1.23371e-06 7.63434e-05)
(0.000768395 -1.12643e-06 7.65558e-05)
(0.000769077 -9.08402e-07 7.65197e-05)
(0.000770909 -7.10605e-07 7.57336e-05)
(0.000773061 -7.01859e-07 7.44216e-05)
(0.000775067 -8.07682e-07 7.35131e-05)
(0.000774708 -1.04695e-06 7.2814e-05)
(0.000774102 -1.50652e-06 7.35174e-05)
(0.000775981 -1.93872e-06 7.66434e-05)
(0.000778624 -1.9664e-06 8.02282e-05)
(0.000781194 -1.65543e-06 8.32871e-05)
(0.000783506 -1.27521e-06 8.554e-05)
(0.000786451 -9.08396e-07 8.65105e-05)
(0.000788236 -7.48892e-07 8.64005e-05)
(0.000788895 -8.12425e-07 8.60925e-05)
(0.000788331 -8.63457e-07 8.5905e-05)
(0.000787851 -9.10043e-07 8.55505e-05)
(0.000788149 -9.9363e-07 8.57397e-05)
(0.000788076 -1.13266e-06 8.63657e-05)
(0.000788727 -9.79506e-07 8.73992e-05)
(0.000788826 -7.12249e-07 8.77655e-05)
(0.000788219 -7.23166e-07 8.69201e-05)
(0.000786487 -1.01058e-06 8.71131e-05)
(0.000784483 -1.13991e-06 8.77292e-05)
(0.000783976 -1.03918e-06 8.84145e-05)
(0.000783124 -8.46874e-07 8.79904e-05)
(0.000784192 -6.36226e-07 8.75249e-05)
(0.000782735 -5.15319e-07 8.75701e-05)
(0.000782005 -5.30971e-07 8.6822e-05)
(0.000780247 -6.71636e-07 8.59318e-05)
(0.000779508 -7.17495e-07 8.53975e-05)
(0.000779472 -5.69807e-07 8.43374e-05)
(0.00077856 -5.96517e-07 8.30582e-05)
(0.000777884 -8.45082e-07 8.29359e-05)
(0.00077759 -9.72668e-07 8.39709e-05)
(0.00077818 -8.09695e-07 8.50791e-05)
(0.000779081 -8.40831e-07 8.57862e-05)
(0.000779231 -9.24954e-07 8.65646e-05)
(0.00077867 -9.48525e-07 8.67263e-05)
(0.000778227 -8.53493e-07 8.69053e-05)
(0.000777706 -7.58817e-07 8.67476e-05)
(0.000776461 -7.07885e-07 8.6558e-05)
(0.000774931 -6.74259e-07 8.61875e-05)
(0.000773555 -5.99897e-07 8.53953e-05)
(0.000772218 -6.08415e-07 8.45661e-05)
(0.000771066 -5.82716e-07 8.35909e-05)
(0.000768729 -5.78319e-07 8.24234e-05)
(0.000767247 -6.28352e-07 8.07929e-05)
(0.000766562 -6.83894e-07 7.97939e-05)
(0.000766008 -7.34706e-07 7.90302e-05)
(0.000766332 -7.7785e-07 7.85195e-05)
(0.000766823 -6.95332e-07 7.79761e-05)
(0.000768711 -5.82171e-07 7.69648e-05)
(0.000770869 -5.36006e-07 7.60605e-05)
(0.000772804 -5.75118e-07 7.47888e-05)
(0.000773712 -8.06748e-07 7.3695e-05)
(0.000773355 -1.03586e-06 7.37329e-05)
(0.00077196 -1.18154e-06 7.40594e-05)
(0.000770299 -1.1989e-06 7.48159e-05)
(0.000770472 -1.15057e-06 7.55524e-05)
(0.00077079 -1.11052e-06 7.61076e-05)
(0.000771329 -1.00275e-06 7.65069e-05)
(0.000771856 -8.25518e-07 7.66308e-05)
(0.000773617 -6.48827e-07 7.61519e-05)
(0.00077565 -6.10162e-07 7.47397e-05)
(0.000777536 -7.29495e-07 7.39725e-05)
(0.000777117 -9.73178e-07 7.34591e-05)
(0.000776807 -1.3807e-06 7.43258e-05)
(0.000778379 -1.80247e-06 7.7172e-05)
(0.000780727 -1.78949e-06 8.08736e-05)
(0.000782776 -1.44201e-06 8.37464e-05)
(0.000785075 -1.03536e-06 8.5746e-05)
(0.000787474 -7.10696e-07 8.64431e-05)
(0.000788976 -5.84158e-07 8.6435e-05)
(0.000789531 -6.04395e-07 8.61301e-05)
(0.000789575 -6.4292e-07 8.56947e-05)
(0.000789729 -7.08487e-07 8.53244e-05)
(0.000789728 -8.21158e-07 8.5563e-05)
(0.00078961 -9.14046e-07 8.62637e-05)
(0.000790336 -7.69412e-07 8.72317e-05)
(0.00079093 -5.14974e-07 8.7528e-05)
(0.000790088 -5.57148e-07 8.66566e-05)
(0.000788625 -9.17392e-07 8.68336e-05)
(0.000786772 -1.06765e-06 8.77417e-05)
(0.000785946 -9.26284e-07 8.83978e-05)
(0.000784937 -7.22168e-07 8.79387e-05)
(0.000784916 -4.72476e-07 8.75804e-05)
(0.000783357 -3.83349e-07 8.75393e-05)
(0.000782852 -4.29295e-07 8.70184e-05)
(0.000781278 -5.13269e-07 8.62451e-05)
(0.000780617 -5.22106e-07 8.54169e-05)
(0.000781047 -3.92063e-07 8.42702e-05)
(0.000780254 -4.35246e-07 8.29783e-05)
(0.000779877 -7.22516e-07 8.30664e-05)
(0.000780112 -8.52408e-07 8.41195e-05)
(0.000780445 -7.31648e-07 8.51451e-05)
(0.000781249 -7.45076e-07 8.61058e-05)
(0.000781398 -8.14361e-07 8.67192e-05)
(0.000780281 -7.83812e-07 8.67514e-05)
(0.000779688 -6.47465e-07 8.68516e-05)
(0.000778845 -5.30687e-07 8.62823e-05)
(0.000777364 -5.14478e-07 8.58952e-05)
(0.000776228 -5.33249e-07 8.57417e-05)
(0.00077479 -4.45045e-07 8.49813e-05)
(0.000773598 -4.2086e-07 8.42578e-05)
(0.000772354 -3.65754e-07 8.31956e-05)
(0.000770004 -3.38067e-07 8.20438e-05)
(0.000768656 -4.07297e-07 8.01743e-05)
(0.000767906 -4.38219e-07 7.92112e-05)
(0.000767136 -4.89695e-07 7.85306e-05)
(0.000768158 -5.25628e-07 7.80508e-05)
(0.000769225 -4.46218e-07 7.74364e-05)
(0.000770969 -3.65391e-07 7.67287e-05)
(0.000773405 -3.09625e-07 7.58237e-05)
(0.000775659 -3.10282e-07 7.45524e-05)
(0.000776139 -5.30817e-07 7.35179e-05)
(0.000776067 -7.97866e-07 7.3201e-05)
(0.000774557 -9.91093e-07 7.34498e-05)
(0.000773266 -1.03769e-06 7.43371e-05)
(0.000773018 -1.03209e-06 7.5107e-05)
(0.000773563 -9.68554e-07 7.58627e-05)
(0.000774017 -8.71694e-07 7.63391e-05)
(0.000774562 -7.57073e-07 7.65223e-05)
(0.000776089 -5.96667e-07 7.63192e-05)
(0.000777921 -5.27561e-07 7.51162e-05)
(0.000779498 -5.99605e-07 7.45011e-05)
(0.000779381 -8.45741e-07 7.41893e-05)
(0.000779341 -1.23521e-06 7.52471e-05)
(0.000780774 -1.64223e-06 7.78047e-05)
(0.000782569 -1.6024e-06 8.12764e-05)
(0.000784375 -1.21613e-06 8.40973e-05)
(0.000786038 -8.46898e-07 8.57934e-05)
(0.000787915 -5.70886e-07 8.63865e-05)
(0.00078912 -4.20613e-07 8.64776e-05)
(0.000789714 -3.99157e-07 8.59458e-05)
(0.000790408 -4.39791e-07 8.53934e-05)
(0.00079039 -5.2029e-07 8.52697e-05)
(0.00079039 -6.41253e-07 8.53886e-05)
(0.00079095 -7.38513e-07 8.64536e-05)
(0.000791977 -5.50004e-07 8.73293e-05)
(0.000792644 -3.06784e-07 8.73538e-05)
(0.000791561 -3.82626e-07 8.65339e-05)
(0.000790289 -7.74087e-07 8.67912e-05)
(0.000788545 -8.93281e-07 8.76339e-05)
(0.000787686 -7.38349e-07 8.82405e-05)
(0.000786145 -5.70186e-07 8.78616e-05)
(0.000785703 -3.31035e-07 8.77644e-05)
(0.000783801 -2.83116e-07 8.76629e-05)
(0.000783589 -3.30097e-07 8.71108e-05)
(0.000782224 -3.68486e-07 8.66569e-05)
(0.000781512 -3.45636e-07 8.55146e-05)
(0.000781832 -2.28349e-07 8.42767e-05)
(0.000781472 -3.0973e-07 8.30904e-05)
(0.000781777 -5.84134e-07 8.33169e-05)
(0.000782152 -6.93384e-07 8.42859e-05)
(0.00078233 -6.09005e-07 8.5321e-05)
(0.000783092 -6.50928e-07 8.64225e-05)
(0.000782699 -6.72679e-07 8.68562e-05)
(0.000781473 -6.22191e-07 8.68812e-05)
(0.000780426 -4.49321e-07 8.66668e-05)
(0.00077931 -3.26177e-07 8.57876e-05)
(0.000777577 -3.25648e-07 8.54159e-05)
(0.000776635 -3.96659e-07 8.5126e-05)
(0.000775559 -2.93795e-07 8.4687e-05)
(0.000774478 -2.27874e-07 8.39775e-05)
(0.000772686 -1.49218e-07 8.29121e-05)
(0.000770687 -1.11333e-07 8.17049e-05)
(0.000769104 -1.66458e-07 7.99361e-05)
(0.000768198 -1.9806e-07 7.88461e-05)
(0.00076761 -2.82217e-07 7.80296e-05)
(0.000768612 -3.25237e-07 7.74096e-05)
(0.000769803 -2.59514e-07 7.6804e-05)
(0.000772046 -1.90018e-07 7.62403e-05)
(0.000774817 -1.02671e-07 7.55032e-05)
(0.000776819 -7.28758e-08 7.42598e-05)
(0.000777728 -2.81627e-07 7.31915e-05)
(0.00077771 -5.36661e-07 7.28246e-05)
(0.000776815 -7.75343e-07 7.30014e-05)
(0.000775511 -9.03577e-07 7.3837e-05)
(0.00077532 -9.05633e-07 7.48544e-05)
(0.000775795 -8.12259e-07 7.5699e-05)
(0.000776057 -7.26631e-07 7.61094e-05)
(0.000777166 -6.62685e-07 7.64159e-05)
(0.000778216 -5.21727e-07 7.61995e-05)
(0.000780068 -4.29964e-07 7.55183e-05)
(0.000781267 -4.86823e-07 7.51514e-05)
(0.000781317 -6.76464e-07 7.48933e-05)
(0.00078135 -1.10376e-06 7.58567e-05)
(0.00078275 -1.45634e-06 7.86378e-05)
(0.00078433 -1.383e-06 8.18111e-05)
(0.000785796 -1.03097e-06 8.42008e-05)
(0.000786696 -7.09619e-07 8.57988e-05)
(0.000788168 -4.64405e-07 8.61901e-05)
(0.000789163 -2.6776e-07 8.63503e-05)
(0.000789604 -2.18636e-07 8.56145e-05)
(0.000790274 -2.62621e-07 8.51636e-05)
(0.000790581 -3.59482e-07 8.51666e-05)
(0.000790652 -4.92324e-07 8.55179e-05)
(0.000791602 -5.69612e-07 8.6568e-05)
(0.00079293 -3.83287e-07 8.74808e-05)
(0.000793538 -1.07201e-07 8.74472e-05)
(0.000792741 -1.89611e-07 8.65326e-05)
(0.000791197 -5.64565e-07 8.67786e-05)
(0.000789883 -6.35822e-07 8.75893e-05)
(0.000788879 -4.9641e-07 8.80589e-05)
(0.000787127 -4.23238e-07 8.76464e-05)
(0.000786224 -2.08266e-07 8.80608e-05)
(0.000784417 -1.80535e-07 8.7815e-05)
(0.000783872 -2.21789e-07 8.72345e-05)
(0.000782628 -2.24931e-07 8.67551e-05)
(0.000782194 -1.58662e-07 8.56835e-05)
(0.000782786 -6.50794e-08 8.44041e-05)
(0.00078276 -2.02199e-07 8.33803e-05)
(0.000783133 -4.64422e-07 8.36075e-05)
(0.000783615 -5.23741e-07 8.45122e-05)
(0.000784093 -4.61249e-07 8.55978e-05)
(0.000784218 -5.30814e-07 8.65872e-05)
(0.000783754 -5.20896e-07 8.70625e-05)
(0.000782108 -4.36285e-07 8.68665e-05)
(0.000780867 -2.34302e-07 8.62079e-05)
(0.00077933 -1.45939e-07 8.51559e-05)
(0.000777575 -1.93307e-07 8.46592e-05)
(0.000776377 -2.66729e-07 8.45153e-05)
(0.000775379 -1.49947e-07 8.43955e-05)
(0.000774216 -5.68763e-08 8.37222e-05)
(0.000772376 1.71146e-08 8.25828e-05)
(0.000770477 8.12383e-08 8.13783e-05)
(0.000769027 4.72035e-08 7.96401e-05)
(0.000768068 3.31946e-10 7.85044e-05)
(0.000767684 -1.39294e-07 7.73948e-05)
(0.000768762 -1.96766e-07 7.68278e-05)
(0.000770082 -1.39638e-07 7.62377e-05)
(0.000772165 -6.72878e-08 7.59661e-05)
(0.000774905 6.50962e-08 7.52794e-05)
(0.000777328 8.90901e-08 7.40832e-05)
(0.000778806 -6.82286e-08 7.32847e-05)
(0.000778751 -2.73264e-07 7.25388e-05)
(0.00077821 -5.74591e-07 7.25939e-05)
(0.000777057 -7.60813e-07 7.3396e-05)
(0.000777187 -7.54367e-07 7.44375e-05)
(0.000777698 -6.60895e-07 7.53496e-05)
(0.00077795 -5.95278e-07 7.5886e-05)
(0.000778996 -5.4973e-07 7.64181e-05)
(0.000780081 -4.11099e-07 7.65532e-05)
(0.000781661 -3.3627e-07 7.59989e-05)
(0.000782875 -3.73192e-07 7.58926e-05)
(0.000782734 -5.246e-07 7.54371e-05)
(0.00078347 -9.07052e-07 7.66278e-05)
(0.000784642 -1.21727e-06 7.9109e-05)
(0.000786176 -1.14355e-06 8.20156e-05)
(0.000787385 -8.77211e-07 8.41953e-05)
(0.000788029 -5.99446e-07 8.56638e-05)
(0.000788278 -3.51545e-07 8.60057e-05)
(0.000788927 -1.23744e-07 8.58731e-05)
(0.000789333 -5.33544e-08 8.50994e-05)
(0.000790132 -1.39512e-07 8.47973e-05)
(0.000790501 -2.3911e-07 8.49823e-05)
(0.000790563 -3.39898e-07 8.52803e-05)
(0.000791591 -4.42648e-07 8.65586e-05)
(0.000793422 -2.70282e-07 8.74208e-05)
(0.000793843 6.64034e-08 8.74809e-05)
(0.000793152 1.41271e-08 8.66374e-05)
(0.000791953 -3.10997e-07 8.67667e-05)
(0.000790491 -3.74142e-07 8.73353e-05)
(0.000789254 -2.77418e-07 8.77137e-05)
(0.000787618 -2.63842e-07 8.76367e-05)
(0.000786323 -1.07035e-07 8.79737e-05)
(0.000783954 -1.3472e-07 8.75062e-05)
(0.000783506 -1.51256e-07 8.72136e-05)
(0.000782557 -1.13195e-07 8.69877e-05)
(0.000782532 7.66592e-09 8.58875e-05)
(0.000783309 8.49829e-08 8.47006e-05)
(0.000783989 -5.84568e-08 8.3648e-05)
(0.000784159 -3.0417e-07 8.38433e-05)
(0.000784526 -3.55667e-07 8.49217e-05)
(0.00078504 -3.20751e-07 8.59952e-05)
(0.000784989 -3.75067e-07 8.66483e-05)
(0.000784376 -3.58522e-07 8.70091e-05)
(0.000782668 -2.1108e-07 8.64661e-05)
(0.000780939 -5.96204e-09 8.55893e-05)
(0.000778871 8.88743e-09 8.42866e-05)
(0.000777242 -9.88967e-08 8.37943e-05)
(0.000775879 -1.72573e-07 8.39321e-05)
(0.000774558 -3.22883e-08 8.39243e-05)
(0.000773386 9.61615e-08 8.32989e-05)
(0.000771662 1.5831e-07 8.22953e-05)
(0.00077011 2.13972e-07 8.1157e-05)
(0.000768449 1.99187e-07 7.93334e-05)
(0.000767619 1.39189e-07 7.80939e-05)
(0.000767534 -2.82882e-09 7.68728e-05)
(0.000768719 -7.68278e-08 7.63184e-05)
(0.000770266 -6.40915e-08 7.5839e-05)
(0.000772242 4.06122e-08 7.56195e-05)
(0.000774791 1.74403e-07 7.49881e-05)
(0.000777056 2.15743e-07 7.41168e-05)
(0.000779082 1.06711e-07 7.33093e-05)
(0.000779675 -6.78599e-08 7.24983e-05)
(0.000779467 -3.8159e-07 7.22756e-05)
(0.000778289 -6.26218e-07 7.28895e-05)
(0.000778546 -6.40085e-07 7.39914e-05)
(0.000779051 -5.48981e-07 7.50306e-05)
(0.000779544 -4.91704e-07 7.56538e-05)
(0.000780627 -4.51397e-07 7.63613e-05)
(0.000781527 -3.52981e-07 7.65884e-05)
(0.000782854 -2.54432e-07 7.64968e-05)
(0.000783694 -2.75134e-07 7.63851e-05)
(0.000783895 -4.30717e-07 7.61103e-05)
(0.000784925 -6.91611e-07 7.7532e-05)
(0.000786165 -9.33494e-07 7.95328e-05)
(0.000787651 -8.66046e-07 8.19705e-05)
(0.000788895 -6.7431e-07 8.39554e-05)
(0.000788985 -4.68828e-07 8.5331e-05)
(0.000788346 -2.47227e-07 8.5684e-05)
(0.000788737 8.31282e-09 8.53733e-05)
(0.000789126 7.25835e-08 8.45184e-05)
(0.000790229 -3.91635e-08 8.44312e-05)
(0.000790332 -1.04175e-07 8.47371e-05)
(0.0007906 -1.90438e-07 8.50696e-05)
(0.000792317 -3.00117e-07 8.61214e-05)
(0.000793788 -1.55635e-07 8.71701e-05)
(0.000794069 1.95971e-07 8.7615e-05)
(0.000793313 2.09237e-07 8.69619e-05)
(0.000791906 -3.53938e-08 8.70096e-05)
(0.000790643 -1.26945e-07 8.72294e-05)
(0.000789207 -9.09217e-08 8.75524e-05)
(0.000787697 -8.98759e-08 8.76413e-05)
(0.000785697 -3.97719e-08 8.75021e-05)
(0.000787362 -9.43639e-09 8.71511e-05)
(0.000782972 -7.30105e-08 8.72676e-05)
(0.00078252 4.13413e-09 8.71151e-05)
(0.000782504 1.66279e-07 8.60116e-05)
(0.000783571 2.30855e-07 8.49998e-05)
(0.000784618 9.25921e-08 8.38873e-05)
(0.000784908 -1.41315e-07 8.40208e-05)
(0.000784892 -1.9019e-07 8.51213e-05)
(0.000785137 -1.75457e-07 8.6103e-05)
(0.000785288 -2.22807e-07 8.65294e-05)
(0.000784634 -1.76565e-07 8.66637e-05)
(0.000782573 2.49984e-08 8.58158e-05)
(0.000780396 1.84247e-07 8.44757e-05)
(0.000778443 1.21895e-07 8.32664e-05)
(0.000776815 -3.11344e-09 8.29012e-05)
(0.000775056 -7.0318e-08 8.30412e-05)
(0.00077328 8.85576e-08 8.30801e-05)
(0.000772554 2.08633e-07 8.26161e-05)
(0.000770999 2.79205e-07 8.18025e-05)
(0.00076953 2.98707e-07 8.06975e-05)
(0.000768014 3.12615e-07 7.91663e-05)
(0.000767135 2.50707e-07 7.77615e-05)
(0.000767252 1.34076e-07 7.66058e-05)
(0.000768337 5.58846e-08 7.5892e-05)
(0.000770338 1.21276e-08 7.53815e-05)
(0.000772219 1.31828e-07 7.52623e-05)
(0.000774242 2.67292e-07 7.47013e-05)
(0.000776741 2.94213e-07 7.42908e-05)
(0.000778885 2.24574e-07 7.34692e-05)
(0.000780087 1.00741e-07 7.24338e-05)
(0.000780408 -2.02268e-07 7.19586e-05)
(0.000779971 -4.82068e-07 7.25056e-05)
(0.000780009 -5.18843e-07 7.3486e-05)
(0.000781013 -4.42187e-07 7.47916e-05)
(0.000781588 -3.80216e-07 7.54408e-05)
(0.000782312 -3.5642e-07 7.61777e-05)
(0.000783159 -2.94121e-07 7.65495e-05)
(0.000784125 -2.23545e-07 7.66536e-05)
(0.000784697 -2.61105e-07 7.68112e-05)
(0.000785182 -3.89617e-07 7.69787e-05)
(0.00078587 -5.31871e-07 7.82415e-05)
(0.000787443 -6.78295e-07 8.00199e-05)
(0.000788793 -6.02736e-07 8.192e-05)
(0.000789868 -4.58035e-07 8.38361e-05)
(0.000789503 -3.28069e-07 8.50288e-05)
(0.000788878 -1.53394e-07 8.53765e-05)
(0.00078851 1.01707e-07 8.48757e-05)
(0.000788583 1.76592e-07 8.39746e-05)
(0.000789676 7.75004e-08 8.42016e-05)
(0.000789779 3.8615e-09 8.44746e-05)
(0.00079043 -7.59269e-08 8.51516e-05)
(0.000792528 -1.08159e-07 8.58707e-05)
(0.000793481 1.10755e-08 8.71857e-05)
(0.000793984 3.09249e-07 8.77781e-05)
(0.000793362 3.876e-07 8.72959e-05)
(0.000791815 2.05991e-07 8.7143e-05)
(0.000790651 9.74705e-08 8.72051e-05)
(0.000789028 6.29661e-08 8.75424e-05)
(0.000787292 7.61451e-08 8.76477e-05)
(0.000789336 1.4888e-07 8.72014e-05)
(0.000783573 1.17596e-07 8.71412e-05)
(0.000782469 4.3492e-08 8.72398e-05)
(0.000782224 1.56614e-07 8.70043e-05)
(0.000782564 2.86512e-07 8.61017e-05)
(0.000783747 3.5239e-07 8.51841e-05)
(0.00078497 2.3185e-07 8.41772e-05)
(0.000785245 1.50176e-08 8.43319e-05)
(0.000784849 -2.2596e-08 8.52536e-05)
(0.000785209 9.28716e-10 8.60838e-05)
(0.0007851 -5.77192e-08 8.61903e-05)
(0.000784546 4.14753e-08 8.60669e-05)
(0.000782211 2.43764e-07 8.50001e-05)
(0.000779897 3.31808e-07 8.35006e-05)
(0.000777767 2.62275e-07 8.21816e-05)
(0.000775886 1.21913e-07 8.19257e-05)
(0.000773845 5.47257e-08 8.21154e-05)
(0.000772444 1.86856e-07 8.21611e-05)
(0.000771432 3.0071e-07 8.18154e-05)
(0.000770094 3.62173e-07 8.1024e-05)
(0.000768398 3.2354e-07 8.02158e-05)
(0.000767173 3.61736e-07 7.89358e-05)
(0.000767067 3.51325e-07 7.75188e-05)
(0.000767103 2.43951e-07 7.63889e-05)
(0.000768262 1.59238e-07 7.54304e-05)
(0.000770214 1.23101e-07 7.48994e-05)
(0.000772001 2.22035e-07 7.484e-05)
(0.000773929 2.88441e-07 7.46155e-05)
(0.000776546 3.41127e-07 7.43223e-05)
(0.000778802 3.37546e-07 7.35887e-05)
(0.000780346 2.61295e-07 7.26169e-05)
(0.000781228 -2.57761e-08 7.20491e-05)
(0.000781445 -2.85905e-07 7.24163e-05)
(0.000781574 -3.41837e-07 7.31579e-05)
(0.000782525 -3.12462e-07 7.44183e-05)
(0.000783304 -2.51934e-07 7.51323e-05)
(0.000783622 -2.63842e-07 7.58718e-05)
(0.000784467 -2.21196e-07 7.64385e-05)
(0.000785302 -1.62488e-07 7.68134e-05)
(0.000785881 -2.29476e-07 7.7287e-05)
(0.000786477 -3.42288e-07 7.76802e-05)
(0.000787257 -3.50646e-07 7.90241e-05)
(0.000788854 -4.07475e-07 8.03767e-05)
(0.000789712 -3.25934e-07 8.19183e-05)
(0.000790429 -2.38984e-07 8.35171e-05)
(0.000789787 -1.96479e-07 8.45762e-05)
(0.000788613 -4.49369e-08 8.48419e-05)
(0.000788195 1.79566e-07 8.43369e-05)
(0.000787935 2.58968e-07 8.36183e-05)
(0.000789062 1.82878e-07 8.38751e-05)
(0.000789376 9.05382e-08 8.42052e-05)
(0.000790384 -1.27678e-08 8.53177e-05)
(0.000792112 4.35704e-08 8.61364e-05)
(0.000793129 1.84419e-07 8.75645e-05)
(0.000793442 4.82115e-07 8.80096e-05)
(0.000792895 5.46656e-07 8.74303e-05)
(0.000791655 3.94521e-07 8.70914e-05)
(0.000790612 2.69146e-07 8.69425e-05)
(0.000789008 2.01099e-07 8.7357e-05)
(0.000787101 2.2212e-07 8.74097e-05)
(0.000785702 3.29105e-07 8.73347e-05)
(0.000783659 2.10945e-07 8.70589e-05)
(0.000782071 1.96865e-07 8.68556e-05)
(0.00078166 2.59685e-07 8.66405e-05)
(0.000782361 3.80189e-07 8.58908e-05)
(0.000783511 4.73388e-07 8.51292e-05)
(0.000784554 3.92893e-07 8.4211e-05)
(0.000784927 2.28057e-07 8.44204e-05)
(0.00078462 1.5477e-07 8.53764e-05)
(0.000784899 1.73614e-07 8.59146e-05)
(0.000784811 1.14228e-07 8.58912e-05)
(0.000783992 2.43717e-07 8.53075e-05)
(0.000781887 4.3457e-07 8.40117e-05)
(0.000779379 4.77834e-07 8.2309e-05)
(0.000776748 4.12969e-07 8.11022e-05)
(0.000774614 2.45702e-07 8.0597e-05)
(0.000772522 1.65655e-07 8.09046e-05)
(0.000771206 2.76342e-07 8.1037e-05)
(0.000770458 3.72769e-07 8.08393e-05)
(0.000769164 4.03284e-07 8.01273e-05)
(0.000767482 3.06266e-07 7.96715e-05)
(0.000766532 3.63816e-07 7.86981e-05)
(0.00076656 3.88246e-07 7.7283e-05)
(0.000767019 3.1825e-07 7.61177e-05)
(0.000768695 2.73866e-07 7.51403e-05)
(0.000770289 2.34697e-07 7.46429e-05)
(0.000771604 2.74605e-07 7.46124e-05)
(0.000773596 2.87438e-07 7.4508e-05)
(0.000776353 3.66272e-07 7.46415e-05)
(0.000778386 4.16308e-07 7.39309e-05)
(0.000780569 3.84495e-07 7.30763e-05)
(0.000781969 1.48635e-07 7.24597e-05)
(0.000782451 -1.01887e-07 7.25391e-05)
(0.000783234 -1.89429e-07 7.31163e-05)
(0.000784381 -1.91187e-07 7.41026e-05)
(0.000784976 -1.45435e-07 7.46493e-05)
(0.000785223 -1.49045e-07 7.55695e-05)
(0.000785619 -1.32105e-07 7.6394e-05)
(0.000786445 -8.391e-08 7.69411e-05)
(0.000786911 -1.43989e-07 7.77041e-05)
(0.000787682 -2.21053e-07 7.82976e-05)
(0.000788588 -1.30168e-07 7.94608e-05)
(0.0007899 -9.5906e-08 8.05191e-05)
(0.000790423 -3.78702e-08 8.18432e-05)
(0.000790761 -2.45343e-08 8.31466e-05)
(0.000790173 -2.21061e-08 8.41013e-05)
(0.000788414 9.81569e-08 8.42706e-05)
(0.000787758 2.90475e-07 8.38766e-05)
(0.000787575 3.5496e-07 8.33735e-05)
(0.00078862 2.95643e-07 8.35508e-05)
(0.000789118 1.76629e-07 8.407e-05)
(0.00078995 4.75952e-08 8.54353e-05)
(0.000791393 9.7768e-08 8.68351e-05)
(0.000792211 3.25661e-07 8.80998e-05)
(0.000793143 6.39458e-07 8.79945e-05)
(0.000792643 7.1047e-07 8.74919e-05)
(0.000791716 5.58775e-07 8.72007e-05)
(0.000790705 4.05728e-07 8.69685e-05)
(0.000788872 3.27217e-07 8.74355e-05)
(0.000786728 3.58765e-07 8.75488e-05)
(0.000785425 4.75526e-07 8.73288e-05)
(0.000782722 3.73115e-07 8.68031e-05)
(0.000781444 3.36409e-07 8.65077e-05)
(0.000781199 3.65642e-07 8.61907e-05)
(0.000781996 4.67633e-07 8.56865e-05)
(0.000783159 6.28413e-07 8.51279e-05)
(0.00078391 6.0064e-07 8.43425e-05)
(0.00078451 4.42795e-07 8.44395e-05)
(0.000784344 3.62003e-07 8.51603e-05)
(0.000784349 3.31863e-07 8.55847e-05)
(0.000784421 2.99793e-07 8.55895e-05)
(0.000783728 4.51553e-07 8.47371e-05)
(0.000781209 5.80034e-07 8.29974e-05)
(0.000778739 5.89755e-07 8.1266e-05)
(0.000775731 5.33908e-07 7.98998e-05)
(0.000773412 3.38049e-07 7.93672e-05)
(0.000771532 2.19242e-07 7.9731e-05)
(0.000770105 3.05992e-07 7.99504e-05)
(0.000769641 4.02327e-07 7.97447e-05)
(0.000768503 3.99877e-07 7.94021e-05)
(0.000766878 3.12106e-07 7.9183e-05)
(0.000766075 3.57823e-07 7.84003e-05)
(0.000766142 4.01833e-07 7.7202e-05)
(0.000767357 3.63418e-07 7.61823e-05)
(0.000769113 3.64798e-07 7.52046e-05)
(0.000770622 3.10198e-07 7.46339e-05)
(0.000772113 2.65517e-07 7.45798e-05)
(0.000773818 2.58907e-07 7.46471e-05)
(0.000776321 3.74664e-07 7.49097e-05)
(0.000778727 4.48921e-07 7.43188e-05)
(0.000780991 4.77207e-07 7.36878e-05)
(0.000782715 3.12232e-07 7.28596e-05)
(0.000783944 6.35634e-08 7.27608e-05)
(0.000785099 -4.95325e-08 7.30957e-05)
(0.000786098 -8.50758e-08 7.39558e-05)
(0.000786426 -2.08404e-08 7.4482e-05)
(0.0007865 -4.30066e-08 7.54802e-05)
(0.000786735 -3.61788e-08 7.62699e-05)
(0.000787558 2.54044e-08 7.71358e-05)
(0.000787774 -1.1375e-08 7.79697e-05)
(0.000788978 -3.60068e-08 7.87795e-05)
(0.000789763 1.05756e-07 7.97942e-05)
(0.000790777 2.08886e-07 8.06923e-05)
(0.000790978 2.28345e-07 8.16632e-05)
(0.000790898 1.79061e-07 8.26469e-05)
(0.000790004 1.45897e-07 8.3626e-05)
(0.000788378 2.55356e-07 8.36833e-05)
(0.000787253 3.90857e-07 8.34535e-05)
(0.000787319 4.75649e-07 8.31653e-05)
(0.000787534 4.35599e-07 8.33029e-05)
(0.000788243 2.78379e-07 8.39975e-05)
(0.000789294 1.17724e-07 8.55821e-05)
(0.000790885 1.57413e-07 8.71406e-05)
(0.000792058 4.65212e-07 8.83409e-05)
(0.000792649 8.0937e-07 8.83416e-05)
(0.000792348 8.67169e-07 8.78829e-05)
(0.000791372 7.11729e-07 8.75719e-05)
(0.000790648 5.46398e-07 8.74153e-05)
(0.000788572 4.73937e-07 8.79213e-05)
(0.000786138 5.63027e-07 8.78247e-05)
(0.000784083 7.02892e-07 8.72499e-05)
(0.000781704 5.64405e-07 8.62706e-05)
(0.000780443 4.85224e-07 8.59726e-05)
(0.000780176 4.79298e-07 8.56693e-05)
(0.000781215 5.90938e-07 8.55487e-05)
(0.000781943 7.99632e-07 8.49436e-05)
(0.000782607 8.30589e-07 8.42197e-05)
(0.000783378 6.78845e-07 8.43482e-05)
(0.00078353 5.81009e-07 8.4785e-05)
(0.000783513 5.23019e-07 8.52697e-05)
(0.000783546 5.11435e-07 8.51123e-05)
(0.000783323 6.6451e-07 8.41738e-05)
(0.000780768 7.30941e-07 8.20895e-05)
(0.000778354 6.93677e-07 8.02208e-05)
(0.000775054 6.17674e-07 7.87729e-05)
(0.00077253 3.90411e-07 7.82944e-05)
(0.000770814 2.64923e-07 7.85912e-05)
(0.000769457 3.39822e-07 7.8959e-05)
(0.000769325 4.36422e-07 7.89566e-05)
(0.000767796 4.28028e-07 7.8746e-05)
(0.000766635 3.1988e-07 7.88727e-05)
(0.000765954 3.55477e-07 7.82659e-05)
(0.000766379 4.36031e-07 7.72547e-05)
(0.000768297 4.50134e-07 7.63872e-05)
(0.000770095 4.68739e-07 7.54304e-05)
(0.000771681 3.87101e-07 7.47514e-05)
(0.00077269 2.77345e-07 7.45905e-05)
(0.000774301 2.45396e-07 7.49183e-05)
(0.00077655 3.74159e-07 7.51992e-05)
(0.000779241 4.69535e-07 7.48958e-05)
(0.000781519 5.64286e-07 7.43073e-05)
(0.000783598 4.51424e-07 7.32084e-05)
(0.000785154 2.03232e-07 7.29645e-05)
(0.000787024 1.06312e-07 7.31179e-05)
(0.000788207 1.03135e-07 7.40435e-05)
(0.000788348 1.31369e-07 7.44327e-05)
(0.00078837 6.46795e-08 7.56129e-05)
(0.000788138 5.62748e-08 7.64266e-05)
(0.00078842 1.23988e-07 7.73835e-05)
(0.000788672 1.43669e-07 7.83282e-05)
(0.000789961 1.88632e-07 7.89565e-05)
(0.000790677 3.56974e-07 7.98114e-05)
(0.000791082 4.93854e-07 8.04732e-05)
(0.00079102 4.51532e-07 8.11498e-05)
(0.000790272 3.46616e-07 8.20951e-05)
(0.000789629 3.44132e-07 8.30364e-05)
(0.00078832 4.02108e-07 8.31205e-05)
(0.000787174 4.62548e-07 8.28684e-05)
(0.000786931 5.56596e-07 8.26899e-05)
(0.0007871 5.31306e-07 8.31291e-05)
(0.000787927 4.04879e-07 8.3983e-05)
(0.000789112 2.37486e-07 8.57082e-05)
(0.00079064 2.95445e-07 8.7394e-05)
(0.000791503 6.01513e-07 8.87554e-05)
(0.000792028 9.64799e-07 8.87527e-05)
(0.000791644 9.75776e-07 8.83711e-05)
(0.000790887 8.23515e-07 8.81638e-05)
(0.000790649 7.01391e-07 8.81576e-05)
(0.000788011 6.9307e-07 8.83428e-05)
(0.000785282 8.28946e-07 8.81072e-05)
(0.000782267 9.77681e-07 8.71322e-05)
(0.000780563 7.69594e-07 8.59757e-05)
(0.000779441 6.48972e-07 8.56082e-05)
(0.000779642 6.14829e-07 8.51605e-05)
(0.000779607 7.37355e-07 8.50959e-05)
(0.000780043 9.59881e-07 8.4586e-05)
(0.000781031 1.02801e-06 8.40993e-05)
(0.000781824 8.85909e-07 8.41009e-05)
(0.000782057 7.63879e-07 8.44369e-05)
(0.000782165 7.09866e-07 8.49794e-05)
(0.000782501 7.3934e-07 8.47681e-05)
(0.00078246 8.97355e-07 8.33941e-05)
(0.000780468 9.02877e-07 8.12139e-05)
(0.000777935 8.34901e-07 7.92328e-05)
(0.000774657 7.0882e-07 7.77751e-05)
(0.000772004 4.48792e-07 7.73567e-05)
(0.000769933 3.03585e-07 7.74819e-05)
(0.000769022 3.7077e-07 7.7985e-05)
(0.000768713 4.88517e-07 7.8302e-05)
(0.000767623 4.44239e-07 7.82086e-05)
(0.000766406 3.1715e-07 7.87995e-05)
(0.000766181 4.14297e-07 7.85293e-05)
(0.000766917 5.462e-07 7.7668e-05)
(0.000769376 5.80747e-07 7.6715e-05)
(0.000771214 6.14908e-07 7.5644e-05)
(0.0007729 5.31984e-07 7.49714e-05)
(0.0007739 3.64997e-07 7.48294e-05)
(0.000774956 3.14591e-07 7.52368e-05)
(0.000777739 4.08248e-07 7.5537e-05)
(0.000779862 5.50164e-07 7.55249e-05)
(0.000782373 6.75901e-07 7.48916e-05)
(0.000784605 5.9086e-07 7.37609e-05)
(0.000786337 3.60845e-07 7.34384e-05)
(0.000788297 2.94057e-07 7.33662e-05)
(0.000789786 3.04052e-07 7.41547e-05)
(0.000789975 2.87586e-07 7.45894e-05)
(0.000789496 2.1738e-07 7.55784e-05)
(0.000789233 1.69189e-07 7.64662e-05)
(0.000789509 2.38794e-07 7.75599e-05)
(0.000789817 3.21725e-07 7.84859e-05)
(0.000790461 4.5587e-07 7.90094e-05)
(0.000791058 6.18523e-07 7.98367e-05)
(0.000791002 7.63579e-07 7.99736e-05)
(0.000790735 6.44935e-07 8.06449e-05)
(0.000789673 5.01506e-07 8.15581e-05)
(0.000789462 4.96909e-07 8.24649e-05)
(0.000788408 5.38121e-07 8.24422e-05)
(0.000787285 5.31758e-07 8.23741e-05)
(0.000787025 6.16146e-07 8.23245e-05)
(0.000786944 5.77428e-07 8.28407e-05)
(0.000787491 4.25715e-07 8.3956e-05)
(0.000789024 3.31268e-07 8.59597e-05)
(0.000790476 4.63413e-07 8.75147e-05)
(0.000791448 7.81689e-07 8.8835e-05)
(0.000791513 1.07785e-06 8.90364e-05)
(0.000791183 1.09495e-06 8.87616e-05)
(0.000790786 9.49676e-07 8.88081e-05)
(0.000790374 8.7125e-07 8.90395e-05)
(0.000787508 9.68412e-07 8.90974e-05)
(0.000783478 1.18965e-06 8.85655e-05)
(0.000780397 1.24644e-06 8.69641e-05)
(0.000779031 9.76055e-07 8.54414e-05)
(0.000777751 8.03024e-07 8.50097e-05)
(0.000778157 7.7753e-07 8.47465e-05)
(0.000778017 8.90577e-07 8.48284e-05)
(0.000778064 1.09054e-06 8.44135e-05)
(0.000779372 1.1752e-06 8.4036e-05)
(0.000779903 1.05637e-06 8.38411e-05)
(0.000780172 9.04029e-07 8.42063e-05)
(0.000781037 8.5603e-07 8.46618e-05)
(0.000781347 9.31062e-07 8.42141e-05)
(0.000781532 1.09982e-06 8.25657e-05)
(0.000780382 1.05402e-06 8.00771e-05)
(0.00077733 9.57956e-07 7.81036e-05)
(0.000774058 7.88198e-07 7.67368e-05)
(0.000771746 5.23243e-07 7.63435e-05)
(0.000769996 3.71973e-07 7.66586e-05)
(0.000768845 4.14e-07 7.72612e-05)
(0.000768394 5.38821e-07 7.76363e-05)
(0.000767635 4.63714e-07 7.80221e-05)
(0.000766705 3.98825e-07 7.89875e-05)
(0.000766273 5.42088e-07 7.885e-05)
(0.000767642 7.2437e-07 7.80158e-05)
(0.000769938 7.86249e-07 7.7204e-05)
(0.000772403 8.32264e-07 7.60727e-05)
(0.00077426 7.2882e-07 7.51859e-05)
(0.000775048 5.20246e-07 7.5072e-05)
(0.00077599 4.36731e-07 7.5441e-05)
(0.000778408 5.09321e-07 7.57995e-05)
(0.000780762 6.64942e-07 7.59094e-05)
(0.000783199 8.16801e-07 7.53675e-05)
(0.000785334 7.35808e-07 7.43319e-05)
(0.000787491 5.31331e-07 7.40746e-05)
(0.000789313 4.81651e-07 7.38707e-05)
(0.000790998 5.03131e-07 7.42891e-05)
(0.000790957 4.50634e-07 7.47227e-05)
(0.00079001 3.6604e-07 7.5589e-05)
(0.000790356 3.00173e-07 7.65351e-05)
(0.000790494 4.0691e-07 7.77621e-05)
(0.000790333 5.343e-07 7.87309e-05)
(0.000790577 7.2273e-07 7.89472e-05)
(0.000790991 9.18925e-07 7.94932e-05)
(0.00079102 9.94927e-07 7.9525e-05)
(0.000790444 8.14622e-07 7.99787e-05)
(0.00078968 6.278e-07 8.09413e-05)
(0.000789556 6.48417e-07 8.19346e-05)
(0.00078871 6.72929e-07 8.16878e-05)
(0.000787685 6.06853e-07 8.17584e-05)
(0.000787067 6.75333e-07 8.17218e-05)
(0.00078665 5.94421e-07 8.24382e-05)
(0.00078723 4.1429e-07 8.39145e-05)
(0.00078893 4.22175e-07 8.61156e-05)
(0.000790287 6.0562e-07 8.7618e-05)
(0.000790747 9.12795e-07 8.88453e-05)
(0.000790829 1.15819e-06 8.93439e-05)
(0.0007902 1.23682e-06 8.92575e-05)
(0.000790126 1.10205e-06 8.93918e-05)
(0.000789643 1.09768e-06 8.99179e-05)
(0.000786324 1.24249e-06 8.97921e-05)
(0.000780876 1.39329e-06 8.90394e-05)
(0.000778474 1.41178e-06 8.68569e-05)
(0.000777001 1.15097e-06 8.47512e-05)
(0.00077582 9.25304e-07 8.43903e-05)
(0.000776081 9.11195e-07 8.41934e-05)
(0.000776023 1.01672e-06 8.43754e-05)
(0.000776399 1.18917e-06 8.43774e-05)
(0.000777618 1.28863e-06 8.40092e-05)
(0.00077735 1.18317e-06 8.3711e-05)
(0.000778435 1.00978e-06 8.41385e-05)
(0.000779848 9.6547e-07 8.44703e-05)
(0.000780702 1.10066e-06 8.37878e-05)
(0.000780518 1.26658e-06 8.19456e-05)
(0.000780081 1.19438e-06 7.92611e-05)
(0.000777039 1.0577e-06 7.73016e-05)
(0.000773791 8.62884e-07 7.59134e-05)
(0.000771785 6.11555e-07 7.56548e-05)
(0.000770113 4.53158e-07 7.58778e-05)
(0.00076902 4.81865e-07 7.65623e-05)
(0.000768266 5.99398e-07 7.71274e-05)
(0.000767788 4.77505e-07 7.78084e-05)
(0.000766495 4.58606e-07 7.90566e-05)
(0.000766326 6.79843e-07 7.9271e-05)
(0.00076802 9.07389e-07 7.8507e-05)
(0.000770486 1.02445e-06 7.76707e-05)
(0.000773414 1.06577e-06 7.65122e-05)
(0.000775328 9.58788e-07 7.56416e-05)
(0.000775984 7.05064e-07 7.52222e-05)
(0.000776982 5.86927e-07 7.5547e-05)
(0.00077906 6.52666e-07 7.5914e-05)
(0.000781149 7.84876e-07 7.59583e-05)
(0.000783744 9.55516e-07 7.57317e-05)
(0.000786012 9.08252e-07 7.48543e-05)
(0.000788252 7.27379e-07 7.44636e-05)
(0.0007901 7.04923e-07 7.41056e-05)
(0.000791877 6.77627e-07 7.43992e-05)
(0.000791389 5.98859e-07 7.47845e-05)
(0.000790977 5.15096e-07 7.5703e-05)
(0.000791144 4.79575e-07 7.68299e-05)
(0.000791199 5.92333e-07 7.79546e-05)
(0.000790712 7.86017e-07 7.8969e-05)
(0.000791152 1e-06 7.89042e-05)
(0.00079079 1.17117e-06 7.91197e-05)
(0.000790364 1.17813e-06 7.91085e-05)
(0.000789899 9.44438e-07 7.95574e-05)
(0.000789374 7.61915e-07 8.04291e-05)
(0.000789814 8.2231e-07 8.14866e-05)
(0.000789349 8.31325e-07 8.11314e-05)
(0.000788466 7.27364e-07 8.12407e-05)
(0.000787891 7.30394e-07 8.13306e-05)
(0.000787181 6.09795e-07 8.19789e-05)
(0.000787712 4.20622e-07 8.38593e-05)
(0.000789426 5.37117e-07 8.61064e-05)
(0.000790325 7.46445e-07 8.75929e-05)
(0.00079019 1.03957e-06 8.86669e-05)
(0.000789824 1.22925e-06 8.9293e-05)
(0.000789358 1.32462e-06 8.95591e-05)
(0.000789154 1.23581e-06 8.99226e-05)
(0.000788681 1.30787e-06 9.0656e-05)
(0.000785144 1.46516e-06 9.05393e-05)
(0.000778422 1.48684e-06 8.96937e-05)
(0.000777534 1.53628e-06 8.66896e-05)
(0.000775527 1.26333e-06 8.43269e-05)
(0.000774208 1.026e-06 8.37073e-05)
(0.000774204 1.00097e-06 8.36523e-05)
(0.000774248 1.06142e-06 8.40273e-05)
(0.000774283 1.25546e-06 8.43043e-05)
(0.000775319 1.38757e-06 8.40296e-05)
(0.000775397 1.28289e-06 8.37996e-05)
(0.000776844 1.14275e-06 8.39353e-05)
(0.00077861 1.10472e-06 8.41777e-05)
(0.000779997 1.2786e-06 8.33232e-05)
(0.000779943 1.43952e-06 8.11827e-05)
(0.000779257 1.36634e-06 7.85122e-05)
(0.000776879 1.1863e-06 7.6535e-05)
(0.000773945 9.35859e-07 7.51518e-05)
(0.000771753 6.94208e-07 7.49132e-05)
(0.000770492 5.51088e-07 7.52471e-05)
(0.000768957 5.69557e-07 7.59408e-05)
(0.000768286 6.51798e-07 7.6662e-05)
(0.000767745 5.21074e-07 7.75486e-05)
(0.000766716 5.10185e-07 7.90985e-05)
(0.000766474 7.84741e-07 7.9748e-05)
(0.000768296 1.05973e-06 7.91232e-05)
(0.000770586 1.22994e-06 7.82401e-05)
(0.000774043 1.27434e-06 7.69923e-05)
(0.000776034 1.20329e-06 7.59365e-05)
(0.000776988 9.37699e-07 7.52937e-05)
(0.000777764 7.86992e-07 7.54201e-05)
(0.000779539 8.48444e-07 7.57341e-05)
(0.000781368 9.38217e-07 7.60072e-05)
(0.000783751 1.04288e-06 7.58767e-05)
(0.000786318 1.05688e-06 7.54946e-05)
(0.000788671 9.29147e-07 7.48818e-05)
(0.00079069 9.09164e-07 7.43827e-05)
(0.000792096 8.41873e-07 7.45624e-05)
(0.000792153 7.64521e-07 7.48425e-05)
(0.00079164 6.71803e-07 7.57618e-05)
(0.000791256 6.59403e-07 7.69383e-05)
(0.000791336 7.82579e-07 7.81042e-05)
(0.000790245 1.04452e-06 7.90299e-05)
(0.000790873 1.26927e-06 7.86443e-05)
(0.00079014 1.38245e-06 7.86764e-05)
(0.000789964 1.32181e-06 7.86103e-05)
(0.000789309 1.08089e-06 7.90757e-05)
(0.000789059 9.26329e-07 8.00834e-05)
(0.000789974 1.0282e-06 8.11325e-05)
(0.000789948 1.01875e-06 8.07106e-05)
(0.000789023 9.03175e-07 8.06857e-05)
(0.000788628 8.42555e-07 8.09695e-05)
(0.00078815 6.46826e-07 8.15575e-05)
(0.000788561 4.8379e-07 8.34896e-05)
(0.000789719 6.47207e-07 8.58227e-05)
(0.00079048 8.92924e-07 8.72793e-05)
(0.000789691 1.16741e-06 8.81653e-05)
(0.000788983 1.30354e-06 8.88765e-05)
(0.00078806 1.37889e-06 8.92563e-05)
(0.000787932 1.34339e-06 8.9806e-05)
(0.000787496 1.50658e-06 9.09123e-05)
(0.000784202 1.62936e-06 9.07321e-05)
(0.000778072 1.68554e-06 9.00368e-05)
(0.000775817 1.64444e-06 8.63065e-05)
(0.000774515 1.40015e-06 8.39135e-05)
(0.000772776 1.14209e-06 8.29882e-05)
(0.000772336 1.05093e-06 8.31484e-05)
(0.000772377 1.09179e-06 8.36871e-05)
(0.000772314 1.29621e-06 8.43614e-05)
(0.000772948 1.44709e-06 8.40355e-05)
(0.000773435 1.37501e-06 8.37954e-05)
(0.000775178 1.29809e-06 8.39075e-05)
(0.000777341 1.3028e-06 8.38655e-05)
(0.000779152 1.47973e-06 8.27124e-05)
(0.000779667 1.59644e-06 8.06411e-05)
(0.000778879 1.55375e-06 7.79918e-05)
(0.000776841 1.33753e-06 7.591e-05)
(0.000774062 1.04753e-06 7.46847e-05)
(0.000772202 8.09549e-07 7.45449e-05)
(0.000770948 6.86666e-07 7.48595e-05)
(0.000769109 6.79929e-07 7.55146e-05)
(0.000768456 6.96435e-07 7.62127e-05)
(0.00076813 5.66367e-07 7.73899e-05)
(0.000767095 5.79352e-07 7.92998e-05)
(0.000766944 8.76273e-07 8.00513e-05)
(0.000768322 1.20933e-06 7.96771e-05)
(0.000770848 1.39142e-06 7.87534e-05)
(0.000774493 1.44712e-06 7.76492e-05)
(0.000776545 1.41695e-06 7.63127e-05)
(0.000777539 1.19333e-06 7.53072e-05)
(0.000777968 1.03174e-06 7.52173e-05)
(0.000779591 1.04265e-06 7.53464e-05)
(0.000781354 1.0587e-06 7.58194e-05)
(0.000783861 1.11678e-06 7.59957e-05)
(0.000786396 1.15211e-06 7.5792e-05)
(0.000788773 1.10896e-06 7.52666e-05)
(0.000791052 1.08658e-06 7.46059e-05)
(0.000792043 1.0128e-06 7.4606e-05)
(0.000792704 9.23487e-07 7.5018e-05)
(0.00079214 8.14711e-07 7.57903e-05)
(0.000791314 8.25817e-07 7.69677e-05)
(0.000791196 9.85146e-07 7.81761e-05)
(0.00079005 1.29024e-06 7.88045e-05)
(0.000790432 1.50237e-06 7.80495e-05)
(0.000789681 1.54409e-06 7.80725e-05)
(0.00078943 1.44651e-06 7.79968e-05)
(0.000788749 1.18688e-06 7.8445e-05)
(0.0007888 1.05187e-06 7.97544e-05)
(0.000789739 1.18657e-06 8.08115e-05)
(0.000789929 1.16133e-06 8.04631e-05)
(0.000789701 1.07055e-06 8.04356e-05)
(0.000789874 9.88949e-07 8.03339e-05)
(0.000789526 7.38124e-07 8.08926e-05)
(0.000789658 5.69117e-07 8.30943e-05)
(0.000790423 7.71676e-07 8.51602e-05)
(0.000790716 1.04787e-06 8.66411e-05)
(0.000789359 1.25393e-06 8.74917e-05)
(0.000788206 1.35194e-06 8.8341e-05)
(0.000787244 1.40707e-06 8.88708e-05)
(0.000786925 1.43388e-06 8.96398e-05)
(0.000785761 1.68199e-06 9.05838e-05)
(0.000782497 1.77139e-06 9.04222e-05)
(0.000776442 1.80431e-06 8.97044e-05)
(0.00077521 1.72745e-06 8.60628e-05)
(0.000773689 1.52456e-06 8.36003e-05)
(0.000772115 1.25197e-06 8.23882e-05)
(0.000771142 1.10108e-06 8.27546e-05)
(0.000771047 1.12371e-06 8.34457e-05)
(0.000771206 1.30845e-06 8.42552e-05)
(0.000771492 1.46603e-06 8.4014e-05)
(0.000772032 1.4265e-06 8.38949e-05)
(0.000773998 1.46328e-06 8.39355e-05)
(0.000776459 1.50826e-06 8.3602e-05)
(0.000778234 1.67212e-06 8.23183e-05)
(0.000779092 1.7473e-06 8.02073e-05)
(0.000778225 1.72504e-06 7.75308e-05)
(0.000776696 1.50339e-06 7.54224e-05)
(0.00077429 1.1615e-06 7.42864e-05)
(0.000772484 9.16628e-07 7.42184e-05)
(0.000771283 8.30558e-07 7.46983e-05)
(0.000769706 8.05262e-07 7.52091e-05)
(0.000769575 7.66386e-07 7.6156e-05)
(0.000768847 6.54078e-07 7.75199e-05)
(0.00076779 6.82293e-07 7.94847e-05)
(0.000767332 9.69134e-07 8.05136e-05)
(0.000768842 1.35108e-06 8.03738e-05)
(0.000771244 1.53763e-06 7.92919e-05)
(0.000774986 1.63909e-06 7.8277e-05)
(0.00077711 1.6463e-06 7.68357e-05)
(0.000777949 1.44268e-06 7.55354e-05)
(0.000778528 1.26732e-06 7.52633e-05)
(0.000779803 1.21655e-06 7.51055e-05)
(0.000781415 1.1541e-06 7.55572e-05)
(0.000783952 1.19262e-06 7.59603e-05)
(0.000786645 1.27038e-06 7.60601e-05)
(0.000789467 1.27739e-06 7.57267e-05)
(0.000791554 1.27231e-06 7.49853e-05)
(0.000792546 1.17026e-06 7.46444e-05)
(0.000792913 1.05669e-06 7.48587e-05)
(0.000792055 9.52014e-07 7.57161e-05)
(0.000790998 9.88616e-07 7.69981e-05)
(0.000790616 1.14382e-06 7.82853e-05)
(0.000789989 1.50742e-06 7.86496e-05)
(0.000790056 1.70632e-06 7.7543e-05)
(0.000789195 1.68574e-06 7.73571e-05)
(0.000789029 1.56841e-06 7.74321e-05)
(0.000788471 1.27385e-06 7.79886e-05)
(0.000788395 1.15732e-06 7.94687e-05)
(0.000789611 1.31302e-06 8.05661e-05)
(0.000790326 1.30377e-06 8.0264e-05)
(0.000790303 1.22275e-06 8.01723e-05)
(0.000791106 1.14651e-06 7.99495e-05)
(0.000791364 8.53346e-07 8.04708e-05)
(0.000791248 6.83458e-07 8.25796e-05)
(0.000791513 9.12764e-07 8.43761e-05)
(0.000791404 1.13451e-06 8.57577e-05)
(0.000789555 1.25195e-06 8.68338e-05)
(0.000788032 1.32075e-06 8.75592e-05)
(0.00078717 1.4065e-06 8.84126e-05)
(0.00078638 1.51642e-06 8.93336e-05)
(0.000784868 1.7749e-06 9.01716e-05)
(0.000781204 1.84458e-06 8.99454e-05)
(0.00077548 1.85703e-06 8.93778e-05)
(0.000774909 1.83074e-06 8.59206e-05)
(0.000773432 1.66576e-06 8.33472e-05)
(0.000771518 1.32705e-06 8.19194e-05)
(0.000770367 1.10969e-06 8.23744e-05)
(0.00077022 1.13846e-06 8.29599e-05)
(0.000770329 1.33926e-06 8.39951e-05)
(0.00077068 1.4813e-06 8.39666e-05)
(0.000771575 1.48305e-06 8.4182e-05)
(0.000773563 1.59968e-06 8.40962e-05)
(0.000775762 1.69499e-06 8.33563e-05)
(0.000777796 1.81974e-06 8.20446e-05)
(0.000778815 1.8849e-06 7.99503e-05)
(0.000778263 1.85951e-06 7.73127e-05)
(0.000776772 1.6285e-06 7.52089e-05)
(0.000774528 1.24598e-06 7.41971e-05)
(0.000772936 1.00688e-06 7.43949e-05)
(0.000771827 9.7382e-07 7.48383e-05)
(0.000770494 9.4322e-07 7.54317e-05)
(0.000770263 8.58868e-07 7.63454e-05)
(0.000769906 7.37706e-07 7.77473e-05)
(0.000768887 8.05766e-07 7.96345e-05)
(0.000768095 1.05749e-06 8.06998e-05)
(0.000769824 1.44331e-06 8.0811e-05)
(0.000771919 1.66986e-06 7.98957e-05)
(0.000775325 1.83912e-06 7.8982e-05)
(0.000777199 1.88347e-06 7.71435e-05)
(0.000778056 1.66584e-06 7.57323e-05)
(0.000779017 1.4777e-06 7.50091e-05)
(0.000780433 1.36263e-06 7.48217e-05)
(0.000781873 1.23018e-06 7.52365e-05)
(0.000784262 1.2883e-06 7.59846e-05)
(0.000786781 1.38839e-06 7.61426e-05)
(0.000790097 1.44789e-06 7.59017e-05)
(0.000791919 1.46331e-06 7.52161e-05)
(0.000792958 1.3322e-06 7.44573e-05)
(0.000793327 1.17355e-06 7.46397e-05)
(0.000792251 1.09563e-06 7.55369e-05)
(0.000791044 1.13394e-06 7.66594e-05)
(0.000790565 1.27298e-06 7.78934e-05)
(0.00079007 1.64302e-06 7.82686e-05)
(0.000789852 1.86382e-06 7.72612e-05)
(0.000788762 1.8227e-06 7.67695e-05)
(0.000788661 1.64402e-06 7.69335e-05)
(0.000788087 1.34098e-06 7.76488e-05)
(0.000788589 1.22865e-06 7.93866e-05)
(0.000789754 1.4076e-06 8.03693e-05)
(0.000790758 1.41734e-06 8.01468e-05)
(0.000791679 1.36082e-06 8.00735e-05)
(0.000792814 1.30093e-06 7.97044e-05)
(0.00079335 1.02099e-06 8.00436e-05)
(0.000793429 8.68846e-07 8.19726e-05)
(0.000793499 1.09294e-06 8.34371e-05)
(0.000793012 1.26917e-06 8.48196e-05)
(0.000791265 1.26561e-06 8.57974e-05)
(0.000789359 1.29551e-06 8.67487e-05)
(0.000787539 1.40069e-06 8.77088e-05)
(0.000786521 1.5611e-06 8.88183e-05)
(0.000784468 1.82195e-06 8.95368e-05)
(0.000780747 1.86618e-06 8.93734e-05)
(0.000774981 1.87363e-06 8.89548e-05)
(0.000775158 1.92173e-06 8.54928e-05)
(0.00077345 1.76418e-06 8.2925e-05)
(0.000771384 1.39832e-06 8.14437e-05)
(0.000770471 1.13801e-06 8.19338e-05)
(0.000770534 1.19103e-06 8.27261e-05)
(0.000770341 1.38904e-06 8.36646e-05)
(0.000770353 1.49109e-06 8.37431e-05)
(0.000771234 1.51281e-06 8.41919e-05)
(0.000773282 1.69752e-06 8.41975e-05)
(0.000775098 1.8335e-06 8.32363e-05)
(0.000777254 1.90497e-06 8.19275e-05)
(0.000778784 1.98166e-06 7.98553e-05)
(0.000778438 1.94512e-06 7.7187e-05)
(0.000777412 1.70613e-06 7.52313e-05)
(0.000775384 1.32446e-06 7.44033e-05)
(0.000773779 1.11671e-06 7.46511e-05)
(0.000772769 1.12461e-06 7.52933e-05)
(0.000771472 1.11585e-06 7.58133e-05)
(0.000771323 9.76864e-07 7.64409e-05)
(0.000771471 8.32816e-07 7.80261e-05)
(0.000770533 9.163e-07 7.98224e-05)
(0.000769565 1.13723e-06 8.0731e-05)
(0.000770713 1.48097e-06 8.10028e-05)
(0.000772396 1.75687e-06 8.02586e-05)
(0.000775214 1.99112e-06 7.93927e-05)
(0.000777093 2.06628e-06 7.76634e-05)
(0.000778292 1.84888e-06 7.59249e-05)
(0.00077957 1.66039e-06 7.48976e-05)
(0.000780668 1.49911e-06 7.43586e-05)
(0.000782226 1.31985e-06 7.48269e-05)
(0.000784348 1.35955e-06 7.5685e-05)
(0.000786776 1.49455e-06 7.59185e-05)
(0.000790029 1.58504e-06 7.58492e-05)
(0.000792336 1.62548e-06 7.51887e-05)
(0.00079353 1.47942e-06 7.44135e-05)
(0.000793561 1.31389e-06 7.45199e-05)
(0.000792432 1.23096e-06 7.5302e-05)
(0.000791448 1.24341e-06 7.64468e-05)
(0.000790597 1.41937e-06 7.74343e-05)
(0.000789916 1.75677e-06 7.77393e-05)
(0.000789697 1.98407e-06 7.68951e-05)
(0.000788495 1.94221e-06 7.62022e-05)
(0.000788463 1.73144e-06 7.64247e-05)
(0.000788264 1.42415e-06 7.73662e-05)
(0.000789001 1.30624e-06 7.91834e-05)
(0.000790248 1.47903e-06 8.02014e-05)
(0.000791855 1.5024e-06 8.00609e-05)
(0.000793095 1.47613e-06 7.99094e-05)
(0.000794881 1.44751e-06 7.94512e-05)
(0.000795602 1.1854e-06 7.97291e-05)
(0.000795744 1.06482e-06 8.12054e-05)
(0.000795619 1.28105e-06 8.25865e-05)
(0.000795137 1.40208e-06 8.35988e-05)
(0.000793588 1.30526e-06 8.45906e-05)
(0.000791427 1.32585e-06 8.57749e-05)
(0.000788988 1.43298e-06 8.68726e-05)
(0.000787672 1.5937e-06 8.81332e-05)
(0.000785183 1.84873e-06 8.87486e-05)
(0.000781375 1.87603e-06 8.87177e-05)
(0.00077576 1.90465e-06 8.84314e-05)
(0.000776324 1.97196e-06 8.52698e-05)
(0.000774328 1.82753e-06 8.2641e-05)
(0.000772132 1.46525e-06 8.12433e-05)
(0.000771369 1.18101e-06 8.16197e-05)
(0.000771391 1.26083e-06 8.24799e-05)
(0.000771359 1.43533e-06 8.32323e-05)
(0.000770702 1.50411e-06 8.34457e-05)
(0.000771818 1.55256e-06 8.39197e-05)
(0.000773587 1.79712e-06 8.40655e-05)
(0.00077551 1.92982e-06 8.3068e-05)
(0.000777029 1.95544e-06 8.16604e-05)
(0.000778913 2.03636e-06 7.99018e-05)
(0.000779323 2.05165e-06 7.72703e-05)
(0.000778146 1.79357e-06 7.55355e-05)
(0.000776518 1.42716e-06 7.48659e-05)
(0.000775135 1.23108e-06 7.51328e-05)
(0.000774213 1.24016e-06 7.59451e-05)
(0.000773154 1.24703e-06 7.63253e-05)
(0.000772902 1.10394e-06 7.68388e-05)
(0.000773493 9.37135e-07 7.83035e-05)
(0.000772462 1.00808e-06 7.97698e-05)
(0.000771386 1.21607e-06 8.05083e-05)
(0.000772086 1.50581e-06 8.10283e-05)
(0.000773381 1.80519e-06 8.06639e-05)
(0.000775642 2.08026e-06 7.96911e-05)
(0.000777044 2.17658e-06 7.79737e-05)
(0.000778681 1.98878e-06 7.60991e-05)
(0.000780179 1.82198e-06 7.4818e-05)
(0.000781508 1.65223e-06 7.38429e-05)
(0.000783149 1.40115e-06 7.4328e-05)
(0.000784576 1.40185e-06 7.50871e-05)
(0.000786977 1.54205e-06 7.5474e-05)
(0.000790148 1.65816e-06 7.55996e-05)
(0.000793107 1.75109e-06 7.50184e-05)
(0.000794427 1.64586e-06 7.4182e-05)
(0.000794286 1.48067e-06 7.42573e-05)
(0.000793093 1.36639e-06 7.47457e-05)
(0.000792125 1.34188e-06 7.58041e-05)
(0.000791053 1.56738e-06 7.67072e-05)
(0.000790431 1.85924e-06 7.70521e-05)
(0.000790189 2.06807e-06 7.6639e-05)
(0.000789162 2.04296e-06 7.58824e-05)
(0.000788674 1.83122e-06 7.61207e-05)
(0.000788773 1.51443e-06 7.6986e-05)
(0.000789963 1.37204e-06 7.89564e-05)
(0.000791764 1.51863e-06 7.99548e-05)
(0.000793276 1.56544e-06 7.98157e-05)
(0.000795208 1.59068e-06 7.97177e-05)
(0.00079723 1.59688e-06 7.95133e-05)
(0.000798279 1.34297e-06 7.95652e-05)
(0.000798034 1.24875e-06 8.06575e-05)
(0.000797824 1.43923e-06 8.18138e-05)
(0.000797696 1.52131e-06 8.25765e-05)
(0.000796361 1.40415e-06 8.37723e-05)
(0.00079417 1.41035e-06 8.48923e-05)
(0.000791365 1.46278e-06 8.601e-05)
(0.000789465 1.64419e-06 8.73036e-05)
(0.000786505 1.8742e-06 8.80165e-05)
(0.000782393 1.87283e-06 8.83403e-05)
(0.000776411 1.90619e-06 8.79924e-05)
(0.000777684 1.9802e-06 8.48398e-05)
(0.000775953 1.87109e-06 8.24856e-05)
(0.000773583 1.5101e-06 8.09345e-05)
(0.000773472 1.22637e-06 8.15394e-05)
(0.000773228 1.34687e-06 8.23201e-05)
(0.000772981 1.48828e-06 8.28076e-05)
(0.000772453 1.50203e-06 8.31479e-05)
(0.000773305 1.60663e-06 8.38933e-05)
(0.000774913 1.89004e-06 8.37957e-05)
(0.000776627 1.98938e-06 8.29461e-05)
(0.000778249 2.00766e-06 8.16818e-05)
(0.000779852 2.09092e-06 8.02197e-05)
(0.00078065 2.14993e-06 7.78381e-05)
(0.000780018 1.87061e-06 7.62033e-05)
(0.000778656 1.51804e-06 7.56051e-05)
(0.000777115 1.31756e-06 7.57585e-05)
(0.000776194 1.30025e-06 7.65027e-05)
(0.000775349 1.32338e-06 7.704e-05)
(0.000775207 1.21246e-06 7.73344e-05)
(0.000775837 1.05378e-06 7.85841e-05)
(0.000774973 1.1027e-06 7.97518e-05)
(0.000773757 1.28095e-06 8.0386e-05)
(0.000774234 1.53157e-06 8.09818e-05)
(0.000774929 1.83705e-06 8.08693e-05)
(0.000776848 2.14377e-06 8.00175e-05)
(0.000778281 2.26008e-06 7.82327e-05)
(0.000779509 2.12975e-06 7.62179e-05)
(0.00078117 1.95683e-06 7.45305e-05)
(0.000782536 1.76787e-06 7.33959e-05)
(0.000784327 1.49075e-06 7.3764e-05)
(0.000785447 1.4529e-06 7.44259e-05)
(0.000787867 1.56756e-06 7.4862e-05)
(0.000790906 1.66913e-06 7.50742e-05)
(0.000794023 1.81128e-06 7.46901e-05)
(0.000795561 1.76898e-06 7.37722e-05)
(0.000794988 1.62739e-06 7.36427e-05)
(0.000794222 1.51873e-06 7.39539e-05)
(0.000793208 1.51162e-06 7.4995e-05)
(0.000791941 1.71922e-06 7.60043e-05)
(0.000791091 1.94196e-06 7.62959e-05)
(0.000791132 2.07737e-06 7.61104e-05)
(0.000790503 2.07772e-06 7.55588e-05)
(0.000790025 1.88568e-06 7.58663e-05)
(0.000790099 1.56201e-06 7.6694e-05)
(0.000791711 1.43158e-06 7.87716e-05)
(0.000793847 1.57921e-06 7.98973e-05)
(0.00079544 1.6475e-06 7.97844e-05)
(0.000797833 1.68767e-06 7.99669e-05)
(0.000800026 1.70246e-06 7.96566e-05)
(0.000801296 1.49962e-06 7.96911e-05)
(0.000801028 1.42795e-06 8.03685e-05)
(0.000801005 1.58848e-06 8.12889e-05)
(0.000800634 1.60242e-06 8.18625e-05)
(0.00079937 1.50479e-06 8.29935e-05)
(0.000797074 1.50277e-06 8.40774e-05)
(0.000794156 1.5336e-06 8.51105e-05)
(0.000792199 1.69453e-06 8.64229e-05)
(0.000788865 1.87538e-06 8.73263e-05)
(0.00078442 1.85298e-06 8.78114e-05)
(0.000778632 1.88473e-06 8.75032e-05)
(0.000780766 1.95786e-06 8.4726e-05)
(0.000778771 1.86525e-06 8.24139e-05)
(0.000776154 1.49594e-06 8.09557e-05)
(0.000775962 1.25226e-06 8.16527e-05)
(0.000775799 1.40932e-06 8.22357e-05)
(0.000775512 1.56807e-06 8.26341e-05)
(0.000774512 1.55866e-06 8.2803e-05)
(0.000775672 1.66085e-06 8.38398e-05)
(0.000777242 1.94707e-06 8.36867e-05)
(0.000778551 2.03359e-06 8.30047e-05)
(0.000780044 2.01607e-06 8.20798e-05)
(0.0007818 2.08806e-06 8.1167e-05)
(0.000782758 2.1866e-06 7.88993e-05)
(0.000782747 1.93535e-06 7.72757e-05)
(0.000781652 1.60551e-06 7.66764e-05)
(0.000780256 1.36364e-06 7.68328e-05)
(0.000779254 1.3258e-06 7.74466e-05)
(0.000778419 1.36826e-06 7.80069e-05)
(0.000778469 1.31232e-06 7.80229e-05)
(0.000779409 1.16334e-06 7.89519e-05)
(0.000778421 1.20827e-06 7.99435e-05)
(0.000777215 1.35133e-06 8.02705e-05)
(0.000776873 1.56825e-06 8.08102e-05)
(0.000777278 1.86587e-06 8.08715e-05)
(0.000778665 2.16886e-06 8.02478e-05)
(0.000779968 2.34489e-06 7.84328e-05)
(0.00078143 2.26756e-06 7.62271e-05)
(0.000783666 2.07893e-06 7.45615e-05)
(0.000784628 1.88856e-06 7.32891e-05)
(0.000786411 1.6092e-06 7.32525e-05)
(0.00078767 1.53407e-06 7.39293e-05)
(0.000789286 1.61438e-06 7.4236e-05)
(0.000792417 1.66407e-06 7.44626e-05)
(0.000795539 1.83458e-06 7.40716e-05)
(0.000796797 1.87478e-06 7.32109e-05)
(0.000796604 1.75509e-06 7.28484e-05)
(0.000795632 1.65289e-06 7.32347e-05)
(0.000794646 1.64933e-06 7.41313e-05)
(0.000792916 1.80868e-06 7.50528e-05)
(0.000792415 1.94646e-06 7.54126e-05)
(0.000793098 2.04364e-06 7.54273e-05)
(0.000792328 2.08575e-06 7.50554e-05)
(0.000791804 1.90721e-06 7.53065e-05)
(0.000792388 1.62368e-06 7.63498e-05)
(0.000793757 1.52226e-06 7.84091e-05)
(0.000796121 1.6536e-06 7.97876e-05)
(0.000798455 1.7251e-06 7.99921e-05)
(0.000800945 1.77521e-06 8.01536e-05)
(0.000803036 1.78954e-06 7.99476e-05)
(0.000804777 1.65191e-06 7.98976e-05)
(0.000804761 1.60782e-06 8.03245e-05)
(0.00080475 1.73237e-06 8.09629e-05)
(0.000804184 1.6902e-06 8.14031e-05)
(0.000803195 1.64543e-06 8.24074e-05)
(0.000801092 1.62257e-06 8.33456e-05)
(0.000798225 1.59928e-06 8.42796e-05)
(0.000795903 1.71624e-06 8.55383e-05)
(0.000792226 1.84874e-06 8.6456e-05)
(0.000787594 1.79593e-06 8.70594e-05)
(0.000781797 1.83698e-06 8.71162e-05)
(0.000785445 1.94368e-06 8.44011e-05)
(0.000783131 1.82898e-06 8.24501e-05)
(0.000780808 1.45714e-06 8.12164e-05)
(0.000779991 1.2783e-06 8.18912e-05)
(0.000779438 1.47033e-06 8.23845e-05)
(0.000779332 1.6397e-06 8.27075e-05)
(0.000777929 1.61234e-06 8.26852e-05)
(0.000778857 1.69843e-06 8.36257e-05)
(0.000780264 1.98279e-06 8.37154e-05)
(0.000781607 2.03916e-06 8.32994e-05)
(0.000782697 1.97731e-06 8.27853e-05)
(0.00078496 2.02645e-06 8.22778e-05)
(0.000786263 2.17091e-06 8.03878e-05)
(0.000786625 1.97305e-06 7.8857e-05)
(0.000786114 1.67866e-06 7.81212e-05)
(0.000784727 1.40026e-06 7.81176e-05)
(0.00078391 1.31892e-06 7.8639e-05)
(0.00078372 1.38681e-06 7.91287e-05)
(0.000783412 1.42566e-06 7.89639e-05)
(0.00078393 1.29621e-06 7.94336e-05)
(0.00078363 1.34025e-06 8.01426e-05)
(0.000781922 1.42439e-06 8.03296e-05)
(0.000781024 1.61926e-06 8.07089e-05)
(0.0007805 1.8668e-06 8.06768e-05)
(0.000781544 2.15263e-06 8.03615e-05)
(0.000782701 2.41394e-06 7.88057e-05)
(0.00078423 2.36887e-06 7.64762e-05)
(0.000786608 2.19765e-06 7.46564e-05)
(0.000787931 2.01784e-06 7.32484e-05)
(0.000789055 1.76234e-06 7.27196e-05)
(0.00079036 1.62457e-06 7.32292e-05)
(0.0007917 1.63105e-06 7.33405e-05)
(0.000794457 1.66164e-06 7.36256e-05)
(0.000797611 1.87904e-06 7.33328e-05)
(0.000798984 2.00557e-06 7.23511e-05)
(0.000798855 1.87947e-06 7.19963e-05)
(0.000797845 1.78402e-06 7.24016e-05)
(0.000796648 1.75247e-06 7.32483e-05)
(0.000794888 1.85906e-06 7.42153e-05)
(0.000794699 1.98211e-06 7.45758e-05)
(0.000795606 2.03665e-06 7.4841e-05)
(0.000795055 2.10871e-06 7.46176e-05)
(0.000794803 1.94505e-06 7.47884e-05)
(0.000795575 1.69152e-06 7.61221e-05)
(0.000796587 1.59456e-06 7.81057e-05)
(0.000799178 1.69375e-06 7.96814e-05)
(0.000802373 1.77217e-06 8.03335e-05)
(0.000805099 1.85721e-06 8.05894e-05)
(0.00080705 1.87028e-06 8.04595e-05)
(0.000809122 1.79237e-06 8.0208e-05)
(0.0008092 1.75613e-06 8.03436e-05)
(0.00080907 1.84594e-06 8.065e-05)
(0.000808803 1.79967e-06 8.11787e-05)
(0.00080776 1.78498e-06 8.19828e-05)
(0.000805927 1.76439e-06 8.26815e-05)
(0.00080342 1.66654e-06 8.32467e-05)
(0.00080049 1.72771e-06 8.44295e-05)
(0.000796797 1.81359e-06 8.55324e-05)
(0.000792251 1.7469e-06 8.62597e-05)
(0.000787293 1.80338e-06 8.67556e-05)
(0.000790968 1.98204e-06 8.42277e-05)
(0.000789004 1.83775e-06 8.24332e-05)
(0.000786697 1.44492e-06 8.14715e-05)
(0.000785358 1.31207e-06 8.20968e-05)
(0.000784319 1.50841e-06 8.25658e-05)
(0.000784286 1.69482e-06 8.28927e-05)
(0.00078248 1.62073e-06 8.28089e-05)
(0.000782806 1.69051e-06 8.3786e-05)
(0.000784536 1.97864e-06 8.4034e-05)
(0.000785632 1.98717e-06 8.39328e-05)
(0.000786748 1.87736e-06 8.36961e-05)
(0.00078926 1.91968e-06 8.35707e-05)
(0.000790789 2.09653e-06 8.21816e-05)
(0.000791306 1.96911e-06 8.06812e-05)
(0.000791634 1.75187e-06 7.98709e-05)
(0.000790217 1.47543e-06 7.94114e-05)
(0.000789653 1.35041e-06 7.97956e-05)
(0.000789448 1.42333e-06 8.0151e-05)
(0.000789448 1.54009e-06 8.0047e-05)
(0.000789545 1.48298e-06 8.00436e-05)
(0.000789408 1.49607e-06 8.04807e-05)
(0.000788113 1.55591e-06 8.04783e-05)
(0.000786384 1.68922e-06 8.05721e-05)
(0.000785225 1.83912e-06 8.06304e-05)
(0.000785933 2.11898e-06 8.03696e-05)
(0.000786833 2.41096e-06 7.91683e-05)
(0.000788587 2.40606e-06 7.68666e-05)
(0.000791028 2.26287e-06 7.49745e-05)
(0.00079256 2.12908e-06 7.33349e-05)
(0.000793473 1.90904e-06 7.23348e-05)
(0.000794246 1.70129e-06 7.25474e-05)
(0.000795268 1.65499e-06 7.24364e-05)
(0.000797792 1.65391e-06 7.29279e-05)
(0.000800775 1.9397e-06 7.25832e-05)
(0.000801993 2.11169e-06 7.14334e-05)
(0.00080177 1.9777e-06 7.07552e-05)
(0.000800473 1.86174e-06 7.10697e-05)
(0.000799318 1.81689e-06 7.19297e-05)
(0.000797801 1.86115e-06 7.32258e-05)
(0.000797916 1.99076e-06 7.35887e-05)
(0.000798635 2.04098e-06 7.3988e-05)
(0.000798801 2.11938e-06 7.41118e-05)
(0.00079891 2.00547e-06 7.43963e-05)
(0.00079975 1.77421e-06 7.5734e-05)
(0.000800905 1.69885e-06 7.77952e-05)
(0.000803158 1.7273e-06 7.9542e-05)
(0.000806747 1.75892e-06 8.06387e-05)
(0.000809675 1.92105e-06 8.10806e-05)
(0.000812143 1.96368e-06 8.11342e-05)
(0.000814258 1.93735e-06 8.0781e-05)
(0.000814985 1.88879e-06 8.06331e-05)
(0.00081501 1.9377e-06 8.07939e-05)
(0.000815103 1.91299e-06 8.12334e-05)
(0.000813504 1.91525e-06 8.16823e-05)
(0.000811847 1.91132e-06 8.21016e-05)
(0.000809712 1.77202e-06 8.24122e-05)
(0.000806624 1.75488e-06 8.32811e-05)
(0.000802737 1.76588e-06 8.46777e-05)
(0.00079859 1.7055e-06 8.57433e-05)
(0.000793198 1.78964e-06 8.64881e-05)
(0.000798576 2.03683e-06 8.4262e-05)
(0.000796033 1.89441e-06 8.23565e-05)
(0.000793927 1.49926e-06 8.17403e-05)
(0.000792129 1.39596e-06 8.21036e-05)
(0.000790759 1.51961e-06 8.25387e-05)
(0.000790208 1.70365e-06 8.31067e-05)
(0.000788725 1.60554e-06 8.30974e-05)
(0.000788752 1.6707e-06 8.4118e-05)
(0.000790441 1.91875e-06 8.45716e-05)
(0.000791305 1.91974e-06 8.47871e-05)
(0.000792869 1.75922e-06 8.49876e-05)
(0.000795707 1.78679e-06 8.52458e-05)
(0.000797316 1.98692e-06 8.42117e-05)
(0.000798093 1.94548e-06 8.2756e-05)
(0.000798668 1.78639e-06 8.19293e-05)
(0.000797181 1.53732e-06 8.09578e-05)
(0.00079682 1.39386e-06 8.10445e-05)
(0.000796662 1.46032e-06 8.13198e-05)
(0.000796561 1.63438e-06 8.10194e-05)
(0.000796632 1.64973e-06 8.08727e-05)
(0.000796806 1.68703e-06 8.10057e-05)
(0.000794697 1.7159e-06 8.05238e-05)
(0.000792831 1.75963e-06 8.05566e-05)
(0.000791441 1.79919e-06 8.06642e-05)
(0.000791566 2.0283e-06 8.06951e-05)
(0.000792667 2.36347e-06 7.95777e-05)
(0.000794506 2.40503e-06 7.7408e-05)
(0.00079697 2.31889e-06 7.53839e-05)
(0.000798411 2.21919e-06 7.37211e-05)
(0.000799375 2.03047e-06 7.22412e-05)
(0.000799911 1.78829e-06 7.19796e-05)
(0.000800621 1.68599e-06 7.16898e-05)
(0.000802496 1.6541e-06 7.22009e-05)
(0.000805544 2.01072e-06 7.19416e-05)
(0.0008064 2.17449e-06 7.05858e-05)
(0.000805831 2.04925e-06 6.95283e-05)
(0.000804634 1.94041e-06 6.98249e-05)
(0.000803286 1.87577e-06 7.06538e-05)
(0.000802143 1.85113e-06 7.21066e-05)
(0.000802163 2.0208e-06 7.28687e-05)
(0.000803245 2.06072e-06 7.33545e-05)
(0.0008034 2.12752e-06 7.361e-05)
(0.00080384 2.04045e-06 7.40752e-05)
(0.000804669 1.85923e-06 7.54592e-05)
(0.000805719 1.79639e-06 7.74745e-05)
(0.000808377 1.75005e-06 7.9274e-05)
(0.000811878 1.74981e-06 8.09427e-05)
(0.000815377 1.97089e-06 8.17522e-05)
(0.000817924 2.0646e-06 8.19373e-05)
(0.000820236 2.10217e-06 8.15291e-05)
(0.000821433 2.0667e-06 8.10659e-05)
(0.000822071 2.02365e-06 8.10536e-05)
(0.000821902 2.01144e-06 8.12828e-05)
(0.000820391 2.04129e-06 8.14979e-05)
(0.00081865 2.05476e-06 8.17571e-05)
(0.00081653 1.8976e-06 8.17881e-05)
(0.000814067 1.77659e-06 8.25233e-05)
(0.000810179 1.74137e-06 8.39823e-05)
(0.000805755 1.68994e-06 8.5065e-05)
(0.000801406 1.81927e-06 8.62742e-05)
(0.000806786 2.07327e-06 8.43702e-05)
(0.000804411 1.99258e-06 8.2579e-05)
(0.000802317 1.59868e-06 8.20183e-05)
(0.000800408 1.49252e-06 8.22258e-05)
(0.000798621 1.54894e-06 8.27325e-05)
(0.000797733 1.68322e-06 8.32667e-05)
(0.000796608 1.59274e-06 8.37381e-05)
(0.000796851 1.66125e-06 8.47252e-05)
(0.000798229 1.85159e-06 8.54586e-05)
(0.000799106 1.87004e-06 8.5987e-05)
(0.000800822 1.67091e-06 8.64508e-05)
(0.000803925 1.70692e-06 8.69579e-05)
(0.000806024 1.90105e-06 8.63989e-05)
(0.000806822 1.93378e-06 8.51157e-05)
(0.000807299 1.8257e-06 8.37879e-05)
(0.000806524 1.59569e-06 8.28142e-05)
(0.000806091 1.43094e-06 8.2616e-05)
(0.000805767 1.47617e-06 8.26157e-05)
(0.00080562 1.68674e-06 8.22871e-05)
(0.000805184 1.80766e-06 8.18297e-05)
(0.000805087 1.87092e-06 8.14275e-05)
(0.000803348 1.88756e-06 8.09291e-05)
(0.000801092 1.88198e-06 8.05933e-05)
(0.00079958 1.82554e-06 8.05927e-05)
(0.000799604 1.94051e-06 8.08873e-05)
(0.000800545 2.27592e-06 8.00196e-05)
(0.000802168 2.38186e-06 7.80987e-05)
(0.000804791 2.36079e-06 7.60952e-05)
(0.000806191 2.31012e-06 7.42083e-05)
(0.000806867 2.14727e-06 7.24892e-05)
(0.000807115 1.87871e-06 7.16616e-05)
(0.000807756 1.71822e-06 7.1203e-05)
(0.000809382 1.66692e-06 7.16046e-05)
(0.000811762 2.04037e-06 7.14568e-05)
(0.000812121 2.24802e-06 6.96087e-05)
(0.000811635 2.10501e-06 6.85402e-05)
(0.000810105 1.99547e-06 6.86203e-05)
(0.000808482 1.85372e-06 6.93674e-05)
(0.000807997 1.82274e-06 7.09121e-05)
(0.000808273 2.02141e-06 7.19877e-05)
(0.000809629 2.06262e-06 7.273e-05)
(0.000809549 2.10464e-06 7.33128e-05)
(0.00081007 2.04413e-06 7.38803e-05)
(0.000810854 1.92395e-06 7.54451e-05)
(0.000812173 1.88793e-06 7.71308e-05)
(0.000814743 1.76296e-06 7.9287e-05)
(0.000818161 1.72563e-06 8.12544e-05)
(0.00082128 1.99173e-06 8.25151e-05)
(0.000824521 2.17627e-06 8.28567e-05)
(0.000827212 2.288e-06 8.24469e-05)
(0.000828732 2.25957e-06 8.16494e-05)
(0.000829932 2.16853e-06 8.16622e-05)
(0.000829729 2.11449e-06 8.15872e-05)
(0.000828122 2.13576e-06 8.16548e-05)
(0.000827019 2.15953e-06 8.19097e-05)
(0.000824975 2.00521e-06 8.1654e-05)
(0.00082239 1.79891e-06 8.22632e-05)
(0.000818807 1.75302e-06 8.37041e-05)
(0.000814303 1.71052e-06 8.46727e-05)
(0.000809628 1.82697e-06 8.59348e-05)
(0.000816161 2.10912e-06 8.47415e-05)
(0.000813486 2.07325e-06 8.3111e-05)
(0.000811956 1.75629e-06 8.2457e-05)
(0.000810005 1.61756e-06 8.25739e-05)
(0.000807999 1.61065e-06 8.3002e-05)
(0.000807136 1.67986e-06 8.37987e-05)
(0.00080612 1.59497e-06 8.43865e-05)
(0.000806216 1.6637e-06 8.5525e-05)
(0.000807428 1.82575e-06 8.66881e-05)
(0.000808631 1.82755e-06 8.74863e-05)
(0.000810552 1.65945e-06 8.8444e-05)
(0.000814172 1.69339e-06 8.91605e-05)
(0.000816018 1.87734e-06 8.87112e-05)
(0.00081746 1.94242e-06 8.74641e-05)
(0.000817856 1.87842e-06 8.606e-05)
(0.0008175 1.66595e-06 8.4695e-05)
(0.000816703 1.44405e-06 8.41931e-05)
(0.000816241 1.4683e-06 8.40959e-05)
(0.000816169 1.69507e-06 8.37867e-05)
(0.000815485 1.91173e-06 8.30482e-05)
(0.000814651 2.03686e-06 8.20554e-05)
(0.000812974 2.04169e-06 8.11148e-05)
(0.000810828 1.99694e-06 8.06983e-05)
(0.0008089 1.86322e-06 8.03563e-05)
(0.000808865 1.88856e-06 8.09151e-05)
(0.000809616 2.17354e-06 8.04245e-05)
(0.000811649 2.35708e-06 7.90754e-05)
(0.000814104 2.41114e-06 7.6994e-05)
(0.000815723 2.41596e-06 7.5112e-05)
(0.000816001 2.26321e-06 7.30141e-05)
(0.000816338 1.95815e-06 7.17918e-05)
(0.000816245 1.75207e-06 7.09453e-05)
(0.000817569 1.69922e-06 7.11283e-05)
(0.00081971 2.05199e-06 7.12558e-05)
(0.000819781 2.32174e-06 6.90621e-05)
(0.000818777 2.17251e-06 6.7709e-05)
(0.000817169 2.02019e-06 6.76509e-05)
(0.000815712 1.80861e-06 6.83279e-05)
(0.000814978 1.76571e-06 6.99973e-05)
(0.000815606 1.99565e-06 7.13566e-05)
(0.000816982 2.0831e-06 7.22049e-05)
(0.000817023 2.11919e-06 7.27406e-05)
(0.000817682 2.05007e-06 7.35908e-05)
(0.000818843 1.97661e-06 7.53347e-05)
(0.000819789 1.92973e-06 7.69251e-05)
(0.000822283 1.73195e-06 7.91311e-05)
(0.000825522 1.69279e-06 8.15274e-05)
(0.000828647 1.9867e-06 8.3332e-05)
(0.000831966 2.25903e-06 8.39333e-05)
(0.000835262 2.47013e-06 8.36491e-05)
(0.000836849 2.42633e-06 8.27637e-05)
(0.000838322 2.30998e-06 8.25611e-05)
(0.000838656 2.21452e-06 8.24014e-05)
(0.000837364 2.20096e-06 8.23064e-05)
(0.000836669 2.24205e-06 8.23693e-05)
(0.00083441 2.08369e-06 8.19207e-05)
(0.000832124 1.81198e-06 8.24779e-05)
(0.00082881 1.76731e-06 8.38789e-05)
(0.000824318 1.75572e-06 8.48755e-05)
(0.00081975 1.85207e-06 8.59409e-05)
(0.000826351 2.00887e-06 8.51152e-05)
(0.000823436 2.02103e-06 8.39224e-05)
(0.000822314 1.78933e-06 8.3219e-05)
(0.000820469 1.6318e-06 8.3244e-05)
(0.000817977 1.58206e-06 8.36177e-05)
(0.000816752 1.586e-06 8.46023e-05)
(0.00081617 1.51746e-06 8.55553e-05)
(0.00081605 1.59802e-06 8.69121e-05)
(0.000817385 1.74057e-06 8.84874e-05)
(0.000819141 1.7132e-06 8.9731e-05)
(0.000821389 1.59383e-06 9.07046e-05)
(0.000825053 1.64515e-06 9.15492e-05)
(0.000827513 1.80765e-06 9.11487e-05)
(0.000829156 1.89279e-06 8.99025e-05)
(0.000829573 1.85337e-06 8.85878e-05)
(0.000829372 1.64545e-06 8.6872e-05)
(0.000828813 1.40376e-06 8.60243e-05)
(0.000828489 1.41424e-06 8.58301e-05)
(0.000828178 1.59439e-06 8.53392e-05)
(0.000827391 1.86295e-06 8.46536e-05)
(0.000826187 2.06701e-06 8.32731e-05)
(0.000823725 2.04403e-06 8.14639e-05)
(0.000821647 1.97746e-06 8.09549e-05)
(0.00081979 1.78267e-06 8.05423e-05)
(0.000819308 1.69686e-06 8.11381e-05)
(0.00082034 1.93109e-06 8.11713e-05)
(0.000822195 2.1866e-06 8.00223e-05)
(0.000824499 2.29954e-06 7.79972e-05)
(0.00082598 2.37317e-06 7.59462e-05)
(0.000826239 2.23389e-06 7.36241e-05)
(0.000826381 1.91588e-06 7.21695e-05)
(0.000826165 1.69136e-06 7.14263e-05)
(0.00082662 1.61784e-06 7.12266e-05)
(0.000828112 1.97928e-06 7.12176e-05)
(0.000828101 2.283e-06 6.89934e-05)
(0.000827083 2.13091e-06 6.73822e-05)
(0.000825554 1.91858e-06 6.69568e-05)
(0.000824172 1.61928e-06 6.78715e-05)
(0.000823106 1.54933e-06 6.93949e-05)
(0.000823533 1.7641e-06 7.09237e-05)
(0.000825015 1.95415e-06 7.18601e-05)
(0.000825683 1.99304e-06 7.25609e-05)
(0.000826303 1.93399e-06 7.33172e-05)
(0.000827328 1.8879e-06 7.51566e-05)
(0.000828173 1.84257e-06 7.6801e-05)
(0.000830136 1.60962e-06 7.93654e-05)
(0.000833093 1.55089e-06 8.20035e-05)
(0.000836222 1.85139e-06 8.4184e-05)
(0.000840073 2.20874e-06 8.5348e-05)
(0.000843395 2.49624e-06 8.50991e-05)
(0.000845622 2.46253e-06 8.43543e-05)
(0.000847239 2.37324e-06 8.39051e-05)
(0.000848305 2.26401e-06 8.35489e-05)
(0.000847455 2.15666e-06 8.3321e-05)
(0.000846464 2.21514e-06 8.31443e-05)
(0.000845081 2.06737e-06 8.27424e-05)
(0.00084257 1.73539e-06 8.29141e-05)
(0.00083933 1.69499e-06 8.45324e-05)
(0.000834691 1.71901e-06 8.51569e-05)
(0.000830559 1.8227e-06 8.62852e-05)
(0.000845814 2.09675e-06 8.54331e-05)
(0.000842406 2.10183e-06 8.46085e-05)
(0.000840695 1.94809e-06 8.40408e-05)
(0.000839145 1.77449e-06 8.38415e-05)
(0.000836916 1.69439e-06 8.44469e-05)
(0.000835217 1.64922e-06 8.53723e-05)
(0.000834696 1.59933e-06 8.69259e-05)
(0.000834503 1.69184e-06 8.84063e-05)
(0.0008354 1.76413e-06 9.02297e-05)
(0.000838093 1.76837e-06 9.20557e-05)
(0.000840833 1.70892e-06 9.33103e-05)
(0.000844238 1.81068e-06 9.40305e-05)
(0.000847018 1.96181e-06 9.37739e-05)
(0.000848705 2.05866e-06 9.26284e-05)
(0.000849517 2.08951e-06 9.1067e-05)
(0.000849282 1.90365e-06 8.90258e-05)
(0.000849255 1.62532e-06 8.80579e-05)
(0.000849029 1.62022e-06 8.75119e-05)
(0.000848705 1.722e-06 8.69422e-05)
(0.000847795 2.03909e-06 8.60617e-05)
(0.000846191 2.30621e-06 8.39401e-05)
(0.000844436 2.23602e-06 8.19988e-05)
(0.000841918 2.08722e-06 8.13137e-05)
(0.000839725 1.83464e-06 8.0752e-05)
(0.000839396 1.68641e-06 8.12183e-05)
(0.000840323 1.85037e-06 8.15131e-05)
(0.000842137 2.14505e-06 8.06992e-05)
(0.000844204 2.35456e-06 7.87901e-05)
(0.000845596 2.4907e-06 7.69506e-05)
(0.000845576 2.3842e-06 7.43605e-05)
(0.000845837 2.09192e-06 7.28422e-05)
(0.000845109 1.84307e-06 7.19055e-05)
(0.000844921 1.72697e-06 7.15173e-05)
(0.000845565 2.10067e-06 7.14936e-05)
(0.000845124 2.43628e-06 6.90093e-05)
(0.000844394 2.31231e-06 6.71269e-05)
(0.000843044 2.03621e-06 6.63002e-05)
(0.000841516 1.6452e-06 6.69222e-05)
(0.000840528 1.5123e-06 6.85758e-05)
(0.000840514 1.7104e-06 7.01693e-05)
(0.000841748 1.99971e-06 7.13739e-05)
(0.000842478 2.06828e-06 7.21923e-05)
(0.000842891 1.99137e-06 7.32769e-05)
(0.00084417 1.96835e-06 7.49657e-05)
(0.000845139 1.91679e-06 7.67821e-05)
(0.000846851 1.67106e-06 7.94111e-05)
(0.00084942 1.60795e-06 8.20505e-05)
(0.000852243 1.88555e-06 8.47287e-05)
(0.00085645 2.29506e-06 8.62377e-05)
(0.000860036 2.64791e-06 8.62941e-05)
(0.00086237 2.65851e-06 8.55023e-05)
(0.000864414 2.60417e-06 8.53573e-05)
(0.000866116 2.5096e-06 8.48093e-05)
(0.000866171 2.38074e-06 8.43545e-05)
(0.00086558 2.41682e-06 8.41483e-05)
(0.00086391 2.25995e-06 8.35145e-05)
(0.000861552 1.89981e-06 8.3401e-05)
(0.00085834 1.79738e-06 8.48478e-05)
(0.000854157 1.88084e-06 8.52909e-05)
(0.000850208 2.04292e-06 8.61779e-05)
(0.000857261 2.41446e-06 8.64051e-05)
(0.000853924 2.4186e-06 8.5797e-05)
(0.000852215 2.34722e-06 8.54117e-05)
(0.000850806 2.17231e-06 8.53138e-05)
(0.000848359 2.04551e-06 8.58061e-05)
(0.000846337 1.96814e-06 8.6816e-05)
(0.000845885 1.9141e-06 8.87443e-05)
(0.000845748 2.03092e-06 9.03455e-05)
(0.000846754 2.0379e-06 9.25732e-05)
(0.000849459 2.05733e-06 9.46988e-05)
(0.000852602 2.04808e-06 9.62599e-05)
(0.000855934 2.19568e-06 9.71049e-05)
(0.000859003 2.3537e-06 9.68962e-05)
(0.000860696 2.48539e-06 9.56395e-05)
(0.000861489 2.56127e-06 9.39877e-05)
(0.000861703 2.41305e-06 9.17316e-05)
(0.00086189 2.13593e-06 9.05269e-05)
(0.000862137 2.067e-06 8.98994e-05)
(0.00086238 2.12047e-06 8.92106e-05)
(0.000861298 2.4736e-06 8.81562e-05)
(0.000859506 2.79943e-06 8.56544e-05)
(0.000857514 2.67488e-06 8.29508e-05)
(0.000855435 2.42082e-06 8.21921e-05)
(0.000853092 2.14829e-06 8.1514e-05)
(0.000852709 1.96009e-06 8.1985e-05)
(0.00085384 2.05708e-06 8.24846e-05)
(0.000855029 2.34851e-06 8.19277e-05)
(0.000856356 2.62957e-06 8.01564e-05)
(0.000857814 2.80683e-06 7.81447e-05)
(0.000858298 2.74322e-06 7.56493e-05)
(0.000858043 2.47829e-06 7.40038e-05)
(0.000857299 2.21024e-06 7.31494e-05)
(0.000856301 2.07566e-06 7.26038e-05)
(0.000856522 2.4504e-06 7.20823e-05)
(0.000855826 2.77383e-06 6.9666e-05)
(0.000855068 2.67541e-06 6.75579e-05)
(0.000853671 2.40503e-06 6.64421e-05)
(0.000852555 1.9823e-06 6.69241e-05)
(0.000851116 1.80759e-06 6.83003e-05)
(0.000850814 1.96708e-06 7.02965e-05)
(0.000851435 2.22783e-06 7.15462e-05)
(0.00085239 2.37208e-06 7.25594e-05)
(0.00085334 2.30611e-06 7.37883e-05)
(0.000854477 2.26543e-06 7.55395e-05)
(0.000855074 2.23741e-06 7.70313e-05)
(0.000856106 1.98805e-06 7.95994e-05)
(0.000858058 1.8773e-06 8.24635e-05)
(0.000860938 2.10667e-06 8.55519e-05)
(0.000865434 2.52063e-06 8.74003e-05)
(0.000868987 2.93331e-06 8.77603e-05)
(0.00087179 3.01201e-06 8.74044e-05)
(0.000873991 3.00842e-06 8.7357e-05)
(0.00087601 2.9384e-06 8.69045e-05)
(0.000877055 2.85083e-06 8.62791e-05)
(0.000876146 2.83169e-06 8.55658e-05)
(0.000875134 2.65878e-06 8.50029e-05)
(0.000873217 2.32655e-06 8.4794e-05)
(0.000870051 2.15866e-06 8.58106e-05)
(0.000865788 2.23911e-06 8.57206e-05)
(0.000861058 2.3532e-06 8.64422e-05)
(0.000875966 2.51571e-06 8.68043e-05)
(0.000872291 2.52784e-06 8.6612e-05)
(0.000870986 2.52004e-06 8.65827e-05)
(0.000869842 2.35553e-06 8.66624e-05)
(0.00086764 2.20376e-06 8.7301e-05)
(0.000864773 2.04839e-06 8.85095e-05)
(0.000863989 1.99721e-06 9.05147e-05)
(0.000864133 2.09886e-06 9.23964e-05)
(0.000865333 2.08831e-06 9.49018e-05)
(0.000868101 2.134e-06 9.76616e-05)
(0.000871331 2.18338e-06 9.93632e-05)
(0.000875255 2.34926e-06 0.000100426)
(0.000878237 2.54831e-06 0.000100113)
(0.000879864 2.69453e-06 9.87241e-05)
(0.000880513 2.76425e-06 9.7046e-05)
(0.000881081 2.65013e-06 9.4796e-05)
(0.000881763 2.39256e-06 9.34426e-05)
(0.000882145 2.30241e-06 9.23952e-05)
(0.000882736 2.34382e-06 9.16749e-05)
(0.000881814 2.7313e-06 9.03108e-05)
(0.000879622 2.92442e-06 8.72956e-05)
(0.000877933 2.90339e-06 8.43927e-05)
(0.000876038 2.60474e-06 8.33028e-05)
(0.000874604 2.28788e-06 8.282e-05)
(0.000874154 2.11163e-06 8.30624e-05)
(0.000874978 2.14914e-06 8.34857e-05)
(0.000875792 2.43186e-06 8.30892e-05)
(0.000876934 2.74642e-06 8.14298e-05)
(0.000878236 2.93159e-06 7.97718e-05)
(0.000878704 2.92599e-06 7.72202e-05)
(0.00087821 2.73689e-06 7.55309e-05)
(0.000877248 2.422e-06 7.44548e-05)
(0.00087574 2.29387e-06 7.35149e-05)
(0.000874954 2.62598e-06 7.26424e-05)
(0.000873931 2.9201e-06 7.02036e-05)
(0.000872805 2.82204e-06 6.79861e-05)
(0.000871901 2.58732e-06 6.6671e-05)
(0.000870685 2.21149e-06 6.69177e-05)
(0.000868934 1.96689e-06 6.81175e-05)
(0.000868117 2.06544e-06 6.98225e-05)
(0.00086909 2.2442e-06 7.13783e-05)
(0.000869973 2.45065e-06 7.26433e-05)
(0.000871087 2.38855e-06 7.39891e-05)
(0.000871789 2.32461e-06 7.59199e-05)
(0.000872293 2.2808e-06 7.753e-05)
(0.000873529 2.10097e-06 7.99597e-05)
(0.000875135 1.93336e-06 8.28618e-05)
(0.000877491 2.09472e-06 8.57483e-05)
(0.000881943 2.48151e-06 8.82308e-05)
(0.00088585 2.95458e-06 8.92416e-05)
(0.000888661 3.11333e-06 8.92978e-05)
(0.000891223 3.16837e-06 8.92946e-05)
(0.000893327 3.10323e-06 8.90816e-05)
(0.000895353 3.07453e-06 8.83954e-05)
(0.00089488 3.05781e-06 8.74628e-05)
(0.000894276 2.79927e-06 8.69711e-05)
(0.000892589 2.55231e-06 8.65155e-05)
(0.000889404 2.35829e-06 8.68506e-05)
(0.000885391 2.39615e-06 8.66429e-05)
(0.000880051 2.44005e-06 8.69448e-05)
(0.000896334 2.79273e-06 8.78408e-05)
(0.000892467 2.79762e-06 8.75732e-05)
(0.000891166 2.79015e-06 8.77962e-05)
(0.000890168 2.68462e-06 8.80628e-05)
(0.000887777 2.49818e-06 8.88438e-05)
(0.00088516 2.27807e-06 9.02203e-05)
(0.000884189 2.18625e-06 9.27144e-05)
(0.000884076 2.28294e-06 9.48245e-05)
(0.000885149 2.2865e-06 9.74731e-05)
(0.000887801 2.37828e-06 0.000100625)
(0.000891563 2.47952e-06 0.000102584)
(0.000895445 2.66492e-06 0.000103733)
(0.000898747 2.9096e-06 0.00010359)
(0.000900564 3.06684e-06 0.000102121)
(0.000901043 3.10924e-06 0.000100061)
(0.000901628 2.9855e-06 9.78462e-05)
(0.0009022 2.75227e-06 9.63971e-05)
(0.000903201 2.68226e-06 9.52247e-05)
(0.0009038 2.74555e-06 9.44521e-05)
(0.000903058 3.04937e-06 9.26145e-05)
(0.000906461 3.38099e-06 8.91912e-05)
(0.000899699 3.28461e-06 8.66094e-05)
(0.000898348 2.96147e-06 8.49614e-05)
(0.000897238 2.58091e-06 8.44783e-05)
(0.000897116 2.46311e-06 8.46211e-05)
(0.000897842 2.46263e-06 8.48454e-05)
(0.000898325 2.68965e-06 8.43873e-05)
(0.000898971 3.01237e-06 8.30734e-05)
(0.000900413 3.22991e-06 8.13578e-05)
(0.000900679 3.23739e-06 7.90669e-05)
(0.000899709 3.0986e-06 7.71717e-05)
(0.000898458 2.76401e-06 7.59279e-05)
(0.000896597 2.62317e-06 7.46331e-05)
(0.000895346 2.90693e-06 7.34852e-05)
(0.000893423 3.19474e-06 7.09661e-05)
(0.000892591 3.12665e-06 6.87235e-05)
(0.00089124 2.93028e-06 6.71968e-05)
(0.000890306 2.59756e-06 6.70342e-05)
(0.000888579 2.29188e-06 6.81364e-05)
(0.000887333 2.31181e-06 6.96167e-05)
(0.000888295 2.41086e-06 7.11691e-05)
(0.000889632 2.65336e-06 7.27099e-05)
(0.000890359 2.58408e-06 7.42516e-05)
(0.000891145 2.50803e-06 7.64297e-05)
(0.000891714 2.49264e-06 7.82318e-05)
(0.000892586 2.35243e-06 8.04895e-05)
(0.000894208 2.19864e-06 8.33214e-05)
(0.00089621 2.24363e-06 8.62277e-05)
(0.000900079 2.56119e-06 8.91258e-05)
(0.000904105 3.08243e-06 9.08699e-05)
(0.000906956 3.31421e-06 9.15624e-05)
(0.000909892 3.4426e-06 9.19682e-05)
(0.000913081 3.43029e-06 9.17036e-05)
(0.000914989 3.44919e-06 9.09627e-05)
(0.000915067 3.37453e-06 8.98454e-05)
(0.00091465 3.08541e-06 8.92271e-05)
(0.000913087 2.94917e-06 8.88242e-05)
(0.000910174 2.79264e-06 8.83826e-05)
(0.000906241 2.74329e-06 8.79743e-05)
(0.000900687 2.75629e-06 8.79403e-05)
(0.000919708 3.26917e-06 8.95176e-05)
(0.00091572 3.27037e-06 8.95065e-05)
(0.000914111 3.2559e-06 8.95734e-05)
(0.000913496 3.1922e-06 8.99942e-05)
(0.0009116 3.01908e-06 9.06634e-05)
(0.000908854 2.70398e-06 9.20339e-05)
(0.000907431 2.55645e-06 9.48284e-05)
(0.000907763 2.62996e-06 9.73943e-05)
(0.00090834 2.63464e-06 0.000100299)
(0.000910896 2.78278e-06 0.000103764)
(0.000914815 2.93202e-06 0.000106016)
(0.000919201 3.11378e-06 0.000107387)
(0.00092222 3.42573e-06 0.000107427)
(0.000924099 3.61182e-06 0.000105775)
(0.000924494 3.62756e-06 0.000103673)
(0.000925362 3.45909e-06 0.000101633)
(0.000926338 3.26168e-06 9.99819e-05)
(0.000927553 3.24092e-06 9.8659e-05)
(0.000928386 3.29839e-06 9.73428e-05)
(0.000933802 3.64948e-06 9.53075e-05)
(0.000926533 4.10442e-06 9.23084e-05)
(0.000925492 3.88777e-06 8.95738e-05)
(0.000923862 3.51272e-06 8.70546e-05)
(0.000923094 3.05848e-06 8.65288e-05)
(0.00092267 2.98601e-06 8.65425e-05)
(0.000923691 2.97434e-06 8.64943e-05)
(0.000924122 3.12768e-06 8.63245e-05)
(0.000924328 3.44711e-06 8.48852e-05)
(0.000925879 3.70349e-06 8.34098e-05)
(0.000926176 3.74058e-06 8.11155e-05)
(0.000925123 3.5465e-06 7.91101e-05)
(0.00092363 3.25914e-06 7.78901e-05)
(0.000921331 3.15644e-06 7.62528e-05)
(0.00091942 3.38528e-06 7.46881e-05)
(0.000917061 3.65169e-06 7.22005e-05)
(0.000915635 3.64498e-06 6.96921e-05)
(0.000914231 3.47814e-06 6.80786e-05)
(0.000912834 3.21226e-06 6.72943e-05)
(0.000911483 2.81007e-06 6.79965e-05)
(0.000909926 2.70622e-06 6.96498e-05)
(0.000910657 2.81946e-06 7.12434e-05)
(0.000912043 3.01969e-06 7.28565e-05)
(0.000913337 2.93877e-06 7.46371e-05)
(0.000914011 2.88199e-06 7.71155e-05)
(0.000914628 2.90244e-06 7.88795e-05)
(0.000915282 2.78203e-06 8.11999e-05)
(0.000916915 2.65716e-06 8.41925e-05)
(0.000918515 2.60244e-06 8.69479e-05)
(0.000921618 2.8492e-06 9.01783e-05)
(0.000925812 3.37607e-06 9.25955e-05)
(0.000928668 3.69938e-06 9.39543e-05)
(0.000931815 3.88204e-06 9.47112e-05)
(0.000935287 3.90487e-06 9.45929e-05)
(0.000937513 3.97561e-06 9.39213e-05)
(0.000938151 3.89906e-06 9.26338e-05)
(0.000938074 3.56796e-06 9.23763e-05)
(0.000937636 3.53389e-06 9.2009e-05)
(0.00093431 3.4291e-06 9.08611e-05)
(0.00093019 3.3133e-06 9.00421e-05)
(0.000924745 3.26497e-06 8.95642e-05)
(0.000946022 3.97706e-06 9.16916e-05)
(0.000941772 3.98248e-06 9.14085e-05)
(0.000940068 3.95708e-06 9.16056e-05)
(0.000939559 3.91715e-06 9.21664e-05)
(0.000937878 3.76132e-06 9.26462e-05)
(0.000935277 3.35896e-06 9.42015e-05)
(0.000933694 3.18258e-06 9.72554e-05)
(0.000933976 3.2067e-06 0.000100281)
(0.0009344 3.19075e-06 0.000103569)
(0.000937489 3.38112e-06 0.000107374)
(0.000941421 3.5794e-06 0.000109747)
(0.000945652 3.77231e-06 0.000111242)
(0.00094867 4.16611e-06 0.000111528)
(0.000950711 4.37053e-06 0.000109932)
(0.000950979 4.34636e-06 0.000107631)
(0.000951702 4.12294e-06 0.000105674)
(0.0009532 3.96965e-06 0.000104068)
(0.000955184 3.98178e-06 0.000102702)
(0.000956329 4.07399e-06 0.000100964)
(0.000956502 4.61973e-06 9.91132e-05)
(0.000955683 4.8738e-06 9.60068e-05)
(0.000953779 4.72283e-06 9.26678e-05)
(0.000952233 4.3103e-06 8.97012e-05)
(0.000951771 3.78536e-06 8.91608e-05)
(0.000951206 3.73739e-06 8.90158e-05)
(0.000952372 3.76428e-06 8.85227e-05)
(0.000953282 3.86589e-06 8.85215e-05)
(0.000953181 4.19009e-06 8.72066e-05)
(0.000954237 4.44361e-06 8.55979e-05)
(0.000954651 4.46545e-06 8.31307e-05)
(0.000953956 4.21912e-06 8.13967e-05)
(0.000952079 4.03408e-06 8.00646e-05)
(0.000949603 3.97188e-06 7.83431e-05)
(0.000947017 4.14794e-06 7.63874e-05)
(0.000943948 4.37599e-06 7.36728e-05)
(0.000941734 4.37523e-06 7.11468e-05)
(0.00093985 4.23178e-06 6.92394e-05)
(0.000938266 4.01609e-06 6.80095e-05)
(0.000937013 3.5655e-06 6.8063e-05)
(0.000935764 3.3343e-06 6.98255e-05)
(0.000936362 3.44377e-06 7.13811e-05)
(0.000937545 3.61366e-06 7.30773e-05)
(0.000938608 3.53209e-06 7.5236e-05)
(0.000940151 3.48914e-06 7.79516e-05)
(0.000940598 3.52671e-06 7.97713e-05)
(0.00094102 3.43688e-06 8.1996e-05)
(0.000942785 3.38028e-06 8.47215e-05)
(0.000944101 3.23035e-06 8.76855e-05)
(0.000946398 3.43023e-06 9.11197e-05)
(0.000949916 3.89815e-06 9.42721e-05)
(0.000953133 4.28543e-06 9.63797e-05)
(0.000956323 4.53298e-06 9.75673e-05)
(0.000960429 4.60217e-06 9.79007e-05)
(0.000963187 4.7098e-06 9.71961e-05)
(0.000963932 4.63946e-06 9.61533e-05)
(0.000964357 4.29766e-06 9.57949e-05)
(0.000963705 4.34451e-06 9.54834e-05)
(0.000961092 4.30169e-06 9.40862e-05)
(0.000957489 4.19811e-06 9.29903e-05)
(0.000951532 4.05823e-06 9.18825e-05)
(0.000975138 5.00264e-06 9.39553e-05)
(0.000970508 4.99877e-06 9.39416e-05)
(0.000968584 5.01555e-06 9.38066e-05)
(0.000968426 4.98971e-06 9.44168e-05)
(0.000967157 4.82766e-06 9.48894e-05)
(0.000964778 4.35407e-06 9.6493e-05)
(0.00096342 4.14277e-06 0.000100015)
(0.000963103 4.11285e-06 0.000103475)
(0.000963776 4.06246e-06 0.000107238)
(0.000967003 4.28471e-06 0.000111438)
(0.00097067 4.56637e-06 0.000113943)
(0.000974895 4.78811e-06 0.000115708)
(0.000977955 5.20369e-06 0.00011618)
(0.000980385 5.41625e-06 0.000114543)
(0.000980549 5.37099e-06 0.000112105)
(0.000981301 5.10987e-06 0.000110055)
(0.000983258 5.01688e-06 0.000108372)
(0.000985335 5.09516e-06 0.000106897)
(0.000986323 5.10855e-06 0.000104851)
(0.000986482 5.65956e-06 0.000102626)
(0.000985845 5.99642e-06 9.92634e-05)
(0.000984646 5.85911e-06 9.60646e-05)
(0.000982973 5.43351e-06 9.27436e-05)
(0.000982472 4.88518e-06 9.18074e-05)
(0.000982353 4.80863e-06 9.18865e-05)
(0.000983307 4.94222e-06 9.12813e-05)
(0.000984586 5.00638e-06 9.09079e-05)
(0.000984191 5.34486e-06 8.96592e-05)
(0.000984659 5.57224e-06 8.77713e-05)
(0.000985202 5.52928e-06 8.54791e-05)
(0.00098484 5.31004e-06 8.41512e-05)
(0.000983061 5.17963e-06 8.2537e-05)
(0.000980238 5.13006e-06 8.07035e-05)
(0.00097751 5.26946e-06 7.85267e-05)
(0.000974041 5.41219e-06 7.55367e-05)
(0.000971087 5.40437e-06 7.29022e-05)
(0.000968372 5.28452e-06 7.07288e-05)
(0.000966668 5.10462e-06 6.9308e-05)
(0.000965134 4.61276e-06 6.88941e-05)
(0.000964568 4.28215e-06 7.06802e-05)
(0.000965327 4.36661e-06 7.23729e-05)
(0.000966495 4.55682e-06 7.38449e-05)
(0.000967499 4.44757e-06 7.57154e-05)
(0.000969365 4.38322e-06 7.86445e-05)
(0.000969556 4.45817e-06 8.07122e-05)
(0.000969947 4.43841e-06 8.28465e-05)
(0.000971132 4.41402e-06 8.53743e-05)
(0.00097221 4.2285e-06 8.8408e-05)
(0.000973491 4.35051e-06 9.20585e-05)
(0.000976637 4.7051e-06 9.58426e-05)
(0.000979592 5.14186e-06 9.85727e-05)
(0.000983318 5.44199e-06 0.00010046)
(0.000988043 5.59667e-06 0.000101279)
(0.000990961 5.73411e-06 0.000100828)
(0.000992185 5.67213e-06 0.000100147)
(0.000992985 5.4108e-06 9.9887e-05)
(0.000992057 5.47926e-06 9.91486e-05)
(0.000990143 5.5102e-06 9.74813e-05)
(0.000986436 5.40941e-06 9.58556e-05)
(0.000980924 5.18606e-06 9.45651e-05)
(0.00100587 6.50246e-06 9.69995e-05)
(0.00100104 6.48626e-06 9.70251e-05)
(0.000998938 6.5148e-06 9.69157e-05)
(0.000998876 6.52178e-06 9.73026e-05)
(0.000998268 6.35042e-06 9.78317e-05)
(0.000996585 5.83475e-06 9.95984e-05)
(0.000995555 5.57022e-06 0.000103173)
(0.000995282 5.45453e-06 0.000107134)
(0.000996351 5.40305e-06 0.000111313)
(0.000999414 5.63853e-06 0.000115637)
(0.0010026 5.99212e-06 0.000118493)
(0.00100662 6.24906e-06 0.000120464)
(0.00100971 6.65885e-06 0.000120736)
(0.00101197 6.92178e-06 0.000119439)
(0.00101252 6.85769e-06 0.0001169)
(0.00101344 6.60043e-06 0.000114901)
(0.0010156 6.58752e-06 0.000112948)
(0.00101721 6.63697e-06 0.000110889)
(0.00102289 6.74586e-06 0.00010866)
(0.00101888 7.18253e-06 0.000106833)
(0.00101845 7.56379e-06 0.000103114)
(0.00101749 7.42393e-06 9.96297e-05)
(0.00101613 7.0054e-06 9.6585e-05)
(0.00101519 6.48858e-06 9.51757e-05)
(0.0010148 6.37849e-06 9.49338e-05)
(0.00101594 6.56607e-06 9.41846e-05)
(0.00101718 6.65314e-06 9.35055e-05)
(0.0010168 6.96379e-06 9.21861e-05)
(0.00101731 7.14297e-06 8.99836e-05)
(0.00101758 7.07726e-06 8.79222e-05)
(0.00101735 6.89227e-06 8.66578e-05)
(0.00101602 6.76368e-06 8.50921e-05)
(0.00101341 6.7698e-06 8.32371e-05)
(0.00101029 6.90001e-06 8.06487e-05)
(0.00100648 6.94015e-06 7.74582e-05)
(0.00100316 6.92146e-06 7.5047e-05)
(0.00100001 6.84696e-06 7.22572e-05)
(0.000997902 6.6301e-06 7.05519e-05)
(0.000996327 6.10442e-06 6.97541e-05)
(0.00099594 5.69325e-06 7.14777e-05)
(0.000997133 5.75506e-06 7.34051e-05)
(0.000998185 5.99578e-06 7.48157e-05)
(0.00099918 5.82057e-06 7.63545e-05)
(0.00100101 5.72726e-06 7.96263e-05)
(0.00100132 5.82474e-06 8.18706e-05)
(0.00100134 5.90369e-06 8.37567e-05)
(0.00100183 5.84344e-06 8.62255e-05)
(0.0010026 5.63246e-06 8.9184e-05)
(0.00100337 5.63709e-06 9.29208e-05)
(0.00100595 5.88411e-06 9.73286e-05)
(0.00100856 6.38052e-06 0.000100695)
(0.00101244 6.69439e-06 0.000103492)
(0.00101728 6.94736e-06 0.000105087)
(0.00102037 7.14378e-06 0.000105129)
(0.00102201 7.15485e-06 0.000104771)
(0.00102298 6.94715e-06 0.000104458)
(0.00102173 7.07287e-06 0.000103474)
(0.00102062 7.16655e-06 0.000101615)
(0.00101707 7.08775e-06 9.9626e-05)
(0.00101135 6.78642e-06 9.77457e-05)
(0.00103799 8.65583e-06 0.000100649)
(0.00103291 8.57713e-06 0.000100654)
(0.00103054 8.6299e-06 0.000100469)
(0.00103047 8.67055e-06 0.000100825)
(0.00103053 8.54193e-06 0.000101483)
(0.00102924 7.98512e-06 0.000103397)
(0.0010283 7.67397e-06 0.000106895)
(0.00102912 7.49028e-06 0.000111524)
(0.00103011 7.42977e-06 0.000115842)
(0.00103267 7.64733e-06 0.000120539)
(0.00103566 8.0309e-06 0.000123663)
(0.00103926 8.32608e-06 0.000125248)
(0.0010428 8.70082e-06 0.000126009)
(0.00104521 9.044e-06 0.000125028)
(0.00104618 9.02531e-06 0.000122507)
(0.00104719 8.82275e-06 0.000120279)
(0.00104897 8.82783e-06 0.000117768)
(0.00105605 8.94691e-06 0.000115612)
(0.00105193 9.20554e-06 0.000113164)
(0.00105259 9.38767e-06 0.000111324)
(0.00105226 9.77142e-06 0.000107368)
(0.00105171 9.65502e-06 0.000103631)
(0.00105048 9.23749e-06 0.000100714)
(0.00104927 8.78381e-06 9.90958e-05)
(0.00104877 8.62222e-06 9.8282e-05)
(0.00104924 8.84033e-06 9.75569e-05)
(0.00105061 8.96135e-06 9.65783e-05)
(0.00105122 9.20342e-06 9.52605e-05)
(0.00105112 9.38713e-06 9.28149e-05)
(0.00105114 9.32329e-06 9.04873e-05)
(0.00105104 9.12696e-06 8.87604e-05)
(0.00104981 9.01848e-06 8.75655e-05)
(0.0010476 9.08573e-06 8.56156e-05)
(0.00104463 9.23006e-06 8.30029e-05)
(0.00104038 9.19553e-06 7.95333e-05)
(0.00103687 9.12044e-06 7.71277e-05)
(0.00103365 9.05122e-06 7.3969e-05)
(0.00103125 8.79587e-06 7.21143e-05)
(0.00102956 8.2886e-06 7.09457e-05)
(0.0010294 7.77993e-06 7.24042e-05)
(0.00103059 7.85043e-06 7.45135e-05)
(0.0010322 8.11203e-06 7.59692e-05)
(0.00103286 7.95142e-06 7.73475e-05)
(0.00103434 7.75444e-06 8.051e-05)
(0.00103483 7.83088e-06 8.28924e-05)
(0.00103458 7.99345e-06 8.47124e-05)
(0.00103458 7.926e-06 8.69401e-05)
(0.00103521 7.66176e-06 8.97543e-05)
(0.00103493 7.52701e-06 9.35361e-05)
(0.00103697 7.69151e-06 9.83504e-05)
(0.00103932 8.15936e-06 0.000102632)
(0.0010433 8.51314e-06 0.000106229)
(0.0010476 8.82563e-06 0.000108673)
(0.00105098 9.09687e-06 0.000109647)
(0.00105289 9.18091e-06 0.000109389)
(0.0010538 9.0688e-06 0.000108985)
(0.00105303 9.23764e-06 0.000108118)
(0.00105167 9.36549e-06 0.000105978)
(0.00104848 9.30775e-06 0.000103554)
(0.00104338 8.99822e-06 0.000101572)
(0.00107033 1.16957e-05 0.000104385)
(0.00106552 1.15136e-05 0.000104445)
(0.00106287 1.16113e-05 0.000104403)
(0.00106259 1.16936e-05 0.000104755)
(0.0010629 1.15571e-05 0.000105733)
(0.001062 1.1059e-05 0.000107598)
(0.00106143 1.07028e-05 0.000111379)
(0.00106255 1.04909e-05 0.000116279)
(0.00106381 1.0471e-05 0.00012069)
(0.00106632 1.0601e-05 0.000125559)
(0.00106953 1.09628e-05 0.000129182)
(0.00107261 1.1325e-05 0.000130851)
(0.00107632 1.16349e-05 0.00013154)
(0.0010792 1.20253e-05 0.000131285)
(0.00108 1.21322e-05 0.000128477)
(0.00108148 1.19614e-05 0.000126486)
(0.00108289 1.19632e-05 0.000123392)
(0.00108489 1.22765e-05 0.000121133)
(0.00108536 1.24407e-05 0.00011801)
(0.00108562 1.25128e-05 0.000115038)
(0.00108553 1.28263e-05 0.000111708)
(0.00108523 1.27554e-05 0.000107947)
(0.00108432 1.23717e-05 0.000105334)
(0.00108352 1.2e-05 0.000103543)
(0.00108262 1.18336e-05 0.000102174)
(0.00108298 1.2017e-05 0.000101257)
(0.00108433 1.21561e-05 9.98906e-05)
(0.00108541 1.23448e-05 9.87527e-05)
(0.00108523 1.25894e-05 9.5911e-05)
(0.00108489 1.25475e-05 9.34353e-05)
(0.00108448 1.23631e-05 9.14477e-05)
(0.00108316 1.22343e-05 9.01055e-05)
(0.00108161 1.23333e-05 8.84917e-05)
(0.00107862 1.25032e-05 8.56952e-05)
(0.00107451 1.24195e-05 8.1862e-05)
(0.00107114 1.22687e-05 7.92861e-05)
(0.00106782 1.21806e-05 7.58927e-05)
(0.00106529 1.18572e-05 7.37683e-05)
(0.0010634 1.13566e-05 7.25101e-05)
(0.00106308 1.08337e-05 7.35289e-05)
(0.00106458 1.08537e-05 7.54971e-05)
(0.00106665 1.10935e-05 7.7108e-05)
(0.00106744 1.09785e-05 7.84632e-05)
(0.00106837 1.07515e-05 8.10015e-05)
(0.00106915 1.07765e-05 8.34233e-05)
(0.00106875 1.09626e-05 8.53045e-05)
(0.00106792 1.08895e-05 8.73157e-05)
(0.00106808 1.05456e-05 9.04711e-05)
(0.00106764 1.03201e-05 9.47027e-05)
(0.00106859 1.04254e-05 9.96972e-05)
(0.00107063 1.08305e-05 0.00010463)
(0.00107413 1.11517e-05 0.000108685)
(0.00107801 1.153e-05 0.000111853)
(0.00108165 1.18882e-05 0.00011371)
(0.00108422 1.21045e-05 0.000114121)
(0.00108502 1.20691e-05 0.000113559)
(0.00108416 1.22461e-05 0.000112643)
(0.00108263 1.24211e-05 0.000110312)
(0.00108015 1.23437e-05 0.000107681)
(0.00107545 1.20689e-05 0.000105624)
(0.00110111 1.60973e-05 0.000108506)
(0.00109663 1.57856e-05 0.000108525)
(0.00109407 1.59007e-05 0.00010896)
(0.0010932 1.60275e-05 0.000109114)
(0.00109366 1.59244e-05 0.00011052)
(0.001093 1.54947e-05 0.000112296)
(0.00109262 1.50684e-05 0.00011622)
(0.00109402 1.4877e-05 0.000121518)
(0.00109513 1.48679e-05 0.000125744)
(0.00109801 1.49238e-05 0.000130777)
(0.00110134 1.52912e-05 0.000134873)
(0.00110431 1.56777e-05 0.000136545)
(0.00110776 1.59376e-05 0.000137264)
(0.00111076 1.63035e-05 0.000137661)
(0.0011119 1.65596e-05 0.000134982)
(0.00111342 1.64773e-05 0.000132398)
(0.00111546 1.65126e-05 0.000129358)
(0.00111714 1.67984e-05 0.000126964)
(0.00111695 1.69947e-05 0.000123148)
(0.00111667 1.69876e-05 0.000119639)
(0.00111667 1.721e-05 0.000116519)
(0.00111655 1.72036e-05 0.000113012)
(0.0011161 1.68606e-05 0.000110655)
(0.00111547 1.65901e-05 0.000108796)
(0.00111412 1.64613e-05 0.000106797)
(0.00111469 1.65615e-05 0.00010546)
(0.00111643 1.67591e-05 0.000103972)
(0.0011177 1.69184e-05 0.000102371)
(0.00111695 1.71606e-05 9.95707e-05)
(0.00111665 1.7146e-05 9.69467e-05)
(0.00111595 1.69776e-05 9.46503e-05)
(0.001115 1.68812e-05 9.29128e-05)
(0.00111363 1.69613e-05 9.12038e-05)
(0.00111109 1.71542e-05 8.81692e-05)
(0.00110754 1.70225e-05 8.44156e-05)
(0.00110428 1.68424e-05 8.13547e-05)
(0.00110125 1.66977e-05 7.7895e-05)
(0.00109867 1.63271e-05 7.54138e-05)
(0.00109636 1.58381e-05 7.4039e-05)
(0.0010959 1.53226e-05 7.46959e-05)
(0.00109757 1.52418e-05 7.62381e-05)
(0.00109989 1.54228e-05 7.80227e-05)
(0.00110063 1.53538e-05 7.93496e-05)
(0.00110109 1.50744e-05 8.14873e-05)
(0.00110168 1.50812e-05 8.37872e-05)
(0.00110103 1.52892e-05 8.57815e-05)
(0.00110012 1.51823e-05 8.76043e-05)
(0.00110005 1.47978e-05 9.06721e-05)
(0.00109937 1.44807e-05 9.53748e-05)
(0.00109961 1.45256e-05 0.000100899)
(0.00110142 1.48242e-05 0.000106521)
(0.00110401 1.51551e-05 0.000111076)
(0.00110716 1.55232e-05 0.000115037)
(0.00111117 1.59426e-05 0.000117709)
(0.00111429 1.63075e-05 0.000118762)
(0.001115 1.63953e-05 0.00011827)
(0.00111398 1.66081e-05 0.000117471)
(0.00111255 1.68619e-05 0.000115142)
(0.00111051 1.67525e-05 0.000112139)
(0.00110594 1.64697e-05 0.000109961)
(0.00112757 2.26422e-05 0.000113348)
(0.00112381 2.22283e-05 0.000113396)
(0.00112146 2.2296e-05 0.000113936)
(0.00112035 2.24567e-05 0.000114281)
(0.00112068 2.24153e-05 0.00011578)
(0.00112001 2.20341e-05 0.000117613)
(0.0011198 2.1549e-05 0.000121445)
(0.00112115 2.13921e-05 0.000126366)
(0.00112285 2.14054e-05 0.000130845)
(0.00112534 2.13399e-05 0.000135825)
(0.00112871 2.17514e-05 0.000140168)
(0.00113179 2.21772e-05 0.000142431)
(0.00113481 2.2409e-05 0.000143349)
(0.00113802 2.27083e-05 0.000143896)
(0.00114 2.31232e-05 0.000141762)
(0.00114158 2.31789e-05 0.000138406)
(0.00114357 2.32223e-05 0.000135078)
(0.00114482 2.34408e-05 0.000132334)
(0.00114472 2.3664e-05 0.000128404)
(0.00114416 2.36026e-05 0.000124195)
(0.00114368 2.37179e-05 0.000121179)
(0.00114358 2.37236e-05 0.000118004)
(0.00114353 2.34612e-05 0.000115572)
(0.00114322 2.32929e-05 0.000114114)
(0.00114215 2.32428e-05 0.00011162)
(0.00114224 2.32517e-05 0.000109784)
(0.00114369 2.35343e-05 0.000108128)
(0.00114495 2.37134e-05 0.000106127)
(0.00114437 2.39279e-05 0.000103406)
(0.00114357 2.3992e-05 0.000100532)
(0.00114295 2.38249e-05 9.81276e-05)
(0.0011419 2.37583e-05 9.5917e-05)
(0.00114101 2.38417e-05 9.417e-05)
(0.00113907 2.40601e-05 9.08729e-05)
(0.00113633 2.3909e-05 8.67542e-05)
(0.00113356 2.36644e-05 8.31885e-05)
(0.00113074 2.34327e-05 7.95744e-05)
(0.00112791 2.30543e-05 7.68448e-05)
(0.00112582 2.25315e-05 7.54063e-05)
(0.001125 2.20377e-05 7.55888e-05)
(0.0011262 2.18434e-05 7.69078e-05)
(0.00112904 2.19566e-05 7.88028e-05)
(0.00113007 2.19252e-05 8.02576e-05)
(0.00113041 2.15784e-05 8.2118e-05)
(0.00113077 2.15666e-05 8.40416e-05)
(0.00112997 2.17624e-05 8.58242e-05)
(0.00112863 2.16653e-05 8.77324e-05)
(0.00112773 2.12297e-05 9.09446e-05)
(0.00112678 2.08345e-05 9.59909e-05)
(0.00112689 2.0827e-05 0.000101725)
(0.00112822 2.10055e-05 0.000107865)
(0.00112988 2.13152e-05 0.000113249)
(0.0011326 2.16843e-05 0.000118137)
(0.00113646 2.21362e-05 0.000121745)
(0.0011399 2.26159e-05 0.00012375)
(0.0011406 2.28875e-05 0.000123302)
(0.00113987 2.31121e-05 0.000122571)
(0.00113839 2.3431e-05 0.000120192)
(0.00113639 2.33128e-05 0.000117317)
(0.0011323 2.29994e-05 0.000114936)
(0.00114558 3.26946e-05 0.00011878)
(0.0011422 3.2246e-05 0.000118377)
(0.00114008 3.22556e-05 0.000119355)
(0.00113877 3.24797e-05 0.000119679)
(0.00113903 3.24769e-05 0.000121148)
(0.0011383 3.2104e-05 0.000122815)
(0.00113788 3.16007e-05 0.000126843)
(0.00113926 3.14841e-05 0.000131558)
(0.00114113 3.14618e-05 0.000135879)
(0.00114358 3.13187e-05 0.00014081)
(0.00114701 3.17524e-05 0.000145625)
(0.00115013 3.22544e-05 0.000148018)
(0.0011531 3.25171e-05 0.000148968)
(0.00115616 3.27708e-05 0.000149628)
(0.00115885 3.32146e-05 0.000148091)
(0.00116067 3.34514e-05 0.000144863)
(0.00116255 3.352e-05 0.000141111)
(0.00116404 3.37293e-05 0.000137963)
(0.00116383 3.39519e-05 0.000133814)
(0.00116316 3.38741e-05 0.000129431)
(0.00116234 3.38617e-05 0.000126028)
(0.00116215 3.38713e-05 0.000123217)
(0.0011622 3.37035e-05 0.00012088)
(0.001162 3.36112e-05 0.000119572)
(0.00116111 3.36295e-05 0.000116781)
(0.00116107 3.35894e-05 0.000114636)
(0.00116188 3.39169e-05 0.000112793)
(0.00116311 3.41138e-05 0.000110285)
(0.00116245 3.4322e-05 0.000107642)
(0.00116132 3.44445e-05 0.000104432)
(0.0011603 3.42507e-05 0.000101863)
(0.00115948 3.42204e-05 9.95863e-05)
(0.00115852 3.43148e-05 9.73668e-05)
(0.0011575 3.45393e-05 9.38529e-05)
(0.00115577 3.44e-05 8.93763e-05)
(0.00115366 3.40934e-05 8.55848e-05)
(0.00115109 3.38315e-05 8.17156e-05)
(0.00114851 3.34242e-05 7.87899e-05)
(0.00114625 3.2863e-05 7.72074e-05)
(0.00114539 3.23929e-05 7.68851e-05)
(0.00114662 3.21041e-05 7.75811e-05)
(0.00114959 3.20964e-05 7.955e-05)
(0.00115086 3.21162e-05 8.10901e-05)
(0.00115119 3.1735e-05 8.28457e-05)
(0.00115109 3.16837e-05 8.48608e-05)
(0.0011499 3.18602e-05 8.66799e-05)
(0.00114781 3.17622e-05 8.80948e-05)
(0.00114591 3.12238e-05 9.11379e-05)
(0.00114494 3.0747e-05 9.61945e-05)
(0.00114509 3.06985e-05 0.000102337)
(0.00114568 3.08201e-05 0.000108567)
(0.00114714 3.10282e-05 0.000115007)
(0.00114898 3.13899e-05 0.000120979)
(0.00115285 3.18834e-05 0.000125446)
(0.00115615 3.2501e-05 0.000128622)
(0.00115719 3.29469e-05 0.000128437)
(0.00115668 3.31915e-05 0.000127844)
(0.00115527 3.35418e-05 0.00012548)
(0.00115324 3.34297e-05 0.000122481)
(0.00114967 3.30438e-05 0.000120134)
(0.00114093 4.89195e-05 0.000124055)
(0.00113816 4.8493e-05 0.000123562)
(0.00113628 4.84403e-05 0.000124311)
(0.00113493 4.86925e-05 0.000124634)
(0.00113522 4.87017e-05 0.000125941)
(0.00113435 4.83036e-05 0.000127638)
(0.00113381 4.78223e-05 0.00013165)
(0.00113499 4.77198e-05 0.00013566)
(0.00113725 4.76471e-05 0.000140194)
(0.00113963 4.75563e-05 0.000145101)
(0.00114262 4.7924e-05 0.000150079)
(0.00114611 4.85766e-05 0.000152858)
(0.00114894 4.88924e-05 0.000153851)
(0.0011517 4.91468e-05 0.000154358)
(0.00115444 4.9523e-05 0.000153536)
(0.00115672 4.9981e-05 0.000150766)
(0.00115872 5.01389e-05 0.000146711)
(0.00116025 5.03633e-05 0.000143491)
(0.00116022 5.05768e-05 0.000138991)
(0.00115955 5.04738e-05 0.00013404)
(0.00115807 5.04067e-05 0.000130446)
(0.00115761 5.037e-05 0.000127783)
(0.0011577 5.02649e-05 0.000125895)
(0.00115774 5.02607e-05 0.000124611)
(0.00115714 5.03164e-05 0.000121597)
(0.00115671 5.0264e-05 0.000119318)
(0.00115687 5.05813e-05 0.000116922)
(0.001158 5.0778e-05 0.000114176)
(0.0011574 5.10099e-05 0.000111478)
(0.00115606 5.11273e-05 0.000108123)
(0.00115516 5.08905e-05 0.000105272)
(0.00115452 5.08561e-05 0.000103234)
(0.00115377 5.10152e-05 0.000100708)
(0.00115287 5.12499e-05 9.6909e-05)
(0.00115207 5.1109e-05 9.21601e-05)
(0.00115087 5.07475e-05 8.78369e-05)
(0.00114844 5.04286e-05 8.3708e-05)
(0.00114605 4.99709e-05 8.0486e-05)
(0.00114431 4.9436e-05 7.86691e-05)
(0.0011433 4.90382e-05 7.80167e-05)
(0.00114437 4.86452e-05 7.83304e-05)
(0.0011474 4.85364e-05 8.03258e-05)
(0.00114912 4.85266e-05 8.20575e-05)
(0.00114921 4.81918e-05 8.38714e-05)
(0.00114887 4.81787e-05 8.55291e-05)
(0.0011473 4.82688e-05 8.68717e-05)
(0.00114466 4.80833e-05 8.8616e-05)
(0.00114203 4.74756e-05 9.16445e-05)
(0.00114041 4.69303e-05 9.66036e-05)
(0.00114001 4.68385e-05 0.000102978)
(0.00114038 4.68896e-05 0.000109542)
(0.00114118 4.69725e-05 0.000116467)
(0.00114238 4.72673e-05 0.000123329)
(0.00114602 4.78062e-05 0.000128508)
(0.00114929 4.85618e-05 0.000132755)
(0.00115037 4.91307e-05 0.000132929)
(0.00114994 4.93669e-05 0.000132277)
(0.00114902 4.97464e-05 0.000130054)
(0.00114753 4.96694e-05 0.000127187)
(0.00114441 4.92529e-05 0.000125174)
(0.00108672 7.82075e-05 0.00012712)
(0.00108418 7.78066e-05 0.000126778)
(0.00108265 7.77457e-05 0.000127256)
(0.00108213 7.79845e-05 0.000127727)
(0.00108178 7.79575e-05 0.000128702)
(0.00108081 7.75035e-05 0.000130047)
(0.00108061 7.70896e-05 0.000133962)
(0.00108102 7.70187e-05 0.000137446)
(0.00108332 7.69153e-05 0.000141763)
(0.00108582 7.69221e-05 0.000146701)
(0.0010885 7.72958e-05 0.000151294)
(0.00109193 7.81043e-05 0.000154498)
(0.00109501 7.85107e-05 0.000155742)
(0.00109735 7.87787e-05 0.000156094)
(0.00110022 7.91307e-05 0.000155779)
(0.00110264 7.97317e-05 0.000153769)
(0.00110484 8.00696e-05 0.000149542)
(0.00110626 8.03234e-05 0.000146207)
(0.00110622 8.0545e-05 0.000141407)
(0.00110564 8.0477e-05 0.000136493)
(0.001104 8.03692e-05 0.000132852)
(0.00110324 8.02341e-05 0.000130349)
(0.00110302 8.02009e-05 0.000128547)
(0.00110346 8.02681e-05 0.00012721)
(0.00110324 8.03732e-05 0.000124469)
(0.00110258 8.03305e-05 0.00012203)
(0.00110232 8.05968e-05 0.000119557)
(0.00110295 8.07891e-05 0.000116382)
(0.00110248 8.10322e-05 0.000113218)
(0.00110083 8.10854e-05 0.000109861)
(0.00109989 8.0798e-05 0.000106632)
(0.00109952 8.07407e-05 0.000104919)
(0.00109889 8.09599e-05 0.00010199)
(0.00109871 8.12025e-05 9.80788e-05)
(0.00109843 8.1142e-05 9.29251e-05)
(0.00109778 8.07108e-05 8.85385e-05)
(0.0010964 8.03479e-05 8.46836e-05)
(0.00109401 7.98277e-05 8.11827e-05)
(0.00109206 7.92886e-05 7.93241e-05)
(0.00109102 7.89446e-05 7.82023e-05)
(0.00109189 7.84982e-05 7.8256e-05)
(0.00109461 7.83026e-05 8.02128e-05)
(0.00109648 7.82549e-05 8.2133e-05)
(0.00109633 7.80398e-05 8.40426e-05)
(0.00109565 7.8003e-05 8.52267e-05)
(0.00109367 7.79291e-05 8.61513e-05)
(0.00109029 7.75138e-05 8.7611e-05)
(0.00108766 7.68355e-05 9.07243e-05)
(0.00108542 7.62475e-05 9.53063e-05)
(0.00108481 7.61108e-05 0.000101634)
(0.00108494 7.61158e-05 0.000108371)
(0.00108504 7.60863e-05 0.000115319)
(0.00108626 7.63244e-05 0.000122902)
(0.00108918 7.68695e-05 0.000128861)
(0.00109245 7.77396e-05 0.000134015)
(0.00109336 7.84228e-05 0.000134881)
(0.00109329 7.86851e-05 0.000134297)
(0.00109283 7.90153e-05 0.000132523)
(0.00109177 7.8989e-05 0.000129851)
(0.0010895 7.85784e-05 0.000128287)
(0.000994116 0.000130147 0.000127021)
(0.000992096 0.000129818 0.000126876)
(0.00099061 0.000129756 0.000126821)
(0.000990452 0.000129911 0.000127072)
(0.000989877 0.000129819 0.000127878)
(0.000988751 0.00012934 0.000129104)
(0.000988694 0.00012898 0.000132549)
(0.000988836 0.00012894 0.000135603)
(0.000990756 0.000128925 0.000139522)
(0.000993142 0.000129044 0.000144174)
(0.000995257 0.000129506 0.000148417)
(0.000998376 0.000130398 0.000151674)
(0.0010015 0.000131031 0.000153008)
(0.00100368 0.000131323 0.000153773)
(0.00100598 0.00013169 0.000153619)
(0.00100921 0.000132404 0.000152967)
(0.00101107 0.000133002 0.000149036)
(0.00101223 0.000133283 0.000145508)
(0.00101215 0.000133528 0.000141046)
(0.00101199 0.000133537 0.000136381)
(0.00101034 0.000133307 0.0001326)
(0.00100925 0.000133057 0.000129874)
(0.00100889 0.000133029 0.000128157)
(0.00100928 0.000133144 0.000126489)
(0.00100943 0.00013327 0.000124248)
(0.00100876 0.000133233 0.000121839)
(0.00100822 0.000133398 0.000119069)
(0.00100853 0.000133613 0.000116074)
(0.00100769 0.000133825 0.000112706)
(0.00100639 0.000133766 0.000109283)
(0.00100561 0.00013348 0.000105932)
(0.00100523 0.000133349 0.000103972)
(0.00100497 0.000133632 0.000101364)
(0.00100522 0.000133898 9.72409e-05)
(0.00100497 0.000133878 9.22665e-05)
(0.00100491 0.000133473 8.79081e-05)
(0.00100394 0.000133079 8.40824e-05)
(0.00100159 0.000132497 8.05224e-05)
(0.000999749 0.000131907 7.84747e-05)
(0.000998523 0.000131555 7.73049e-05)
(0.000998736 0.000131118 7.67829e-05)
(0.00100099 0.000130869 7.8581e-05)
(0.00100239 0.000130867 8.0297e-05)
(0.0010025 0.000130704 8.21749e-05)
(0.00100189 0.000130633 8.2944e-05)
(0.000999936 0.00013037 8.34546e-05)
(0.000996696 0.000129727 8.46302e-05)
(0.000993937 0.000128898 8.77068e-05)
(0.000991366 0.000128192 9.22353e-05)
(0.00099021 0.00012793 9.77771e-05)
(0.000990314 0.000127892 0.000104474)
(0.000990172 0.000127819 0.000111525)
(0.000990859 0.000127931 0.000119298)
(0.000992921 0.000128511 0.00012564)
(0.000996051 0.000129464 0.000131252)
(0.000997233 0.000130238 0.000133097)
(0.000997604 0.000130652 0.000132694)
(0.000997331 0.000130893 0.000131488)
(0.000997103 0.000130965 0.00012909)
(0.000996043 0.000130532 0.000127869)
(0.000920268 0.000193082 0.000127724)
(0.000918817 0.000192839 0.000127624)
(0.000917418 0.000192778 0.000127225)
(0.000917297 0.000192841 0.000127147)
(0.000916597 0.00019265 0.000127893)
(0.00091553 0.000192149 0.000128905)
(0.000915316 0.000191783 0.000131912)
(0.000915386 0.000191713 0.000134693)
(0.000916604 0.000191751 0.000138501)
(0.00091885 0.000192052 0.00014309)
(0.000920559 0.000192582 0.000147357)
(0.000923066 0.000193473 0.000150554)
(0.000926112 0.000194286 0.000152166)
(0.000928196 0.000194713 0.000153046)
(0.000930285 0.000195108 0.000153163)
(0.000933461 0.000195888 0.00015318)
(0.000935822 0.000196824 0.000150176)
(0.000936732 0.000197204 0.000146508)
(0.000936318 0.000197442 0.000142544)
(0.000935957 0.000197451 0.000137557)
(0.00093515 0.000197209 0.000134107)
(0.000933916 0.00019686 0.000131368)
(0.000933183 0.000196726 0.00012953)
(0.000933815 0.000196933 0.000127695)
(0.000933978 0.000197044 0.000125497)
(0.000933483 0.000196967 0.000122926)
(0.000932805 0.000197014 0.0001204)
(0.000932716 0.000197174 0.000117574)
(0.000932051 0.000197397 0.000114145)
(0.000930821 0.00019726 0.000110744)
(0.000929999 0.000196967 0.000107027)
(0.000929708 0.000196827 0.000105032)
(0.000929423 0.00019702 0.000102284)
(0.000929849 0.00019737 9.83988e-05)
(0.000929939 0.000197442 9.36183e-05)
(0.000930549 0.000197171 8.92848e-05)
(0.000929898 0.000196769 8.55378e-05)
(0.000927806 0.000196104 8.1572e-05)
(0.000925773 0.000195399 7.90189e-05)
(0.000924558 0.000195021 7.76281e-05)
(0.000924026 0.000194548 7.66794e-05)
(0.000925482 0.000194318 7.74925e-05)
(0.000926629 0.000194237 7.91262e-05)
(0.000926611 0.000194075 8.07689e-05)
(0.000926625 0.000194133 8.16777e-05)
(0.000925134 0.000193774 8.18849e-05)
(0.000921767 0.000192864 8.29695e-05)
(0.000919343 0.00019188 8.60116e-05)
(0.000916688 0.000190988 9.02342e-05)
(0.000915241 0.00019055 9.5295e-05)
(0.000915101 0.000190342 0.000101965)
(0.000914837 0.00019025 0.000108949)
(0.000915171 0.000190283 0.000116799)
(0.000916705 0.00019085 0.000123282)
(0.000918975 0.000191766 0.000129247)
(0.000920457 0.000192705 0.000132172)
(0.000920997 0.000193249 0.000132223)
(0.000921168 0.000193592 0.00013103)
(0.000921664 0.000193778 0.00012888)
(0.000921399 0.000193398 0.000128192)
(0.000871351 0.000249012 0.00013067)
(0.000869811 0.000248765 0.000130619)
(0.000868872 0.000248772 0.000130043)
(0.000868607 0.000248773 0.0001301)
(0.000868425 0.000248579 0.000130496)
(0.000867385 0.000248065 0.000131474)
(0.00086691 0.000247708 0.000133873)
(0.00086714 0.000247609 0.000136299)
(0.000868045 0.000247669 0.000140182)
(0.000869969 0.000248048 0.000144651)
(0.000871557 0.00024868 0.000148998)
(0.000873262 0.000249474 0.000151631)
(0.000875923 0.000250262 0.000153705)
(0.000877926 0.000250874 0.000154926)
(0.000880047 0.000251335 0.000155408)
(0.000883037 0.000252255 0.000156011)
(0.000885689 0.000253375 0.000154055)
(0.000886565 0.000253891 0.000150214)
(0.000885577 0.00025403 0.000146429)
(0.0008851 0.000254052 0.000141163)
(0.000884437 0.000253712 0.000137637)
(0.00088331 0.000253358 0.000134907)
(0.000882591 0.000253213 0.000132952)
(0.000882948 0.000253391 0.000130707)
(0.000883426 0.000253525 0.000128652)
(0.000883095 0.000253475 0.00012624)
(0.000882461 0.000253416 0.000123537)
(0.000881973 0.000253387 0.000120833)
(0.000880979 0.000253502 0.000117535)
(0.00088011 0.000253475 0.000114104)
(0.000879165 0.000253125 0.000110077)
(0.000878627 0.000252922 0.000107577)
(0.000878865 0.000253165 0.000104646)
(0.000879209 0.000253466 0.000100772)
(0.000879613 0.000253654 9.62554e-05)
(0.00088036 0.000253577 9.17407e-05)
(0.000880496 0.000253302 8.78256e-05)
(0.000879081 0.000252715 8.36808e-05)
(0.000877072 0.000251921 8.05769e-05)
(0.000875513 0.00025136 7.91594e-05)
(0.000874718 0.000250924 7.77312e-05)
(0.000875672 0.000250634 7.77446e-05)
(0.000876554 0.000250432 7.88933e-05)
(0.000876946 0.000250446 8.03508e-05)
(0.000877166 0.000250515 8.14419e-05)
(0.000875858 0.000250128 8.13506e-05)
(0.00087276 0.000249038 8.26115e-05)
(0.00087018 0.000247846 8.53139e-05)
(0.000867929 0.000246902 8.9181e-05)
(0.000866207 0.000246273 9.4293e-05)
(0.0008661 0.000245992 0.000100723)
(0.000865552 0.000245737 0.000108078)
(0.000865079 0.000245665 0.000115801)
(0.000866259 0.000246116 0.000122453)
(0.000867609 0.000246849 0.000128896)
(0.000869007 0.000247817 0.000132718)
(0.000870004 0.000248598 0.000133556)
(0.000870328 0.000249098 0.000132559)
(0.000870963 0.000249301 0.000130883)
(0.000871578 0.000249159 0.000130521)
(0.000822739 0.000294232 0.000131114)
(0.000821574 0.000294096 0.00013156)
(0.00082095 0.000294116 0.000131018)
(0.000820435 0.000294047 0.000130879)
(0.000820464 0.000293867 0.000131101)
(0.00082022 0.000293587 0.000132397)
(0.000819814 0.00029333 0.000134152)
(0.000820156 0.000293252 0.000136213)
(0.000820741 0.000293258 0.00013982)
(0.000822442 0.000293692 0.000144061)
(0.000823597 0.000294285 0.000148001)
(0.000824865 0.000294951 0.000150708)
(0.000826895 0.000295624 0.000152703)
(0.000828679 0.000296235 0.000154346)
(0.000830637 0.000296874 0.000154923)
(0.000833111 0.000297829 0.000155721)
(0.000835985 0.000299073 0.000154499)
(0.00083713 0.000299796 0.000150891)
(0.000835803 0.000299876 0.0001473)
(0.000834837 0.000299718 0.000141852)
(0.000834334 0.000299379 0.000138086)
(0.000833203 0.000298958 0.000135309)
(0.000832573 0.000298848 0.000132813)
(0.000832955 0.000299048 0.000130299)
(0.000833287 0.000299087 0.000128187)
(0.000833525 0.000299182 0.000125894)
(0.000832727 0.000298947 0.000123059)
(0.000831863 0.000298704 0.00012042)
(0.000831061 0.000298803 0.000117432)
(0.00083024 0.000298799 0.000113961)
(0.000829308 0.000298433 0.000109851)
(0.00082875 0.000298241 0.00010686)
(0.000828649 0.000298392 0.000103442)
(0.000829485 0.00029876 9.94618e-05)
(0.000829912 0.00029894 9.49276e-05)
(0.000830605 0.00029908 9.02765e-05)
(0.000831242 0.000299037 8.61915e-05)
(0.000830746 0.000298585 8.23237e-05)
(0.000828831 0.000297714 7.88845e-05)
(0.000827272 0.000297101 7.72481e-05)
(0.000826658 0.000296788 7.53452e-05)
(0.000826981 0.000296419 7.45381e-05)
(0.000827443 0.000296041 7.54848e-05)
(0.000828105 0.000296142 7.70891e-05)
(0.000828844 0.000296423 7.81874e-05)
(0.000827683 0.000295975 7.81663e-05)
(0.000824914 0.000294806 7.98382e-05)
(0.000822748 0.000293683 8.25704e-05)
(0.000820859 0.000292756 8.63605e-05)
(0.00081901 0.000291919 9.10835e-05)
(0.000818219 0.000291349 9.70897e-05)
(0.000817819 0.000290969 0.000104694)
(0.000816963 0.000290821 0.000112351)
(0.000817039 0.000290978 0.000119198)
(0.000818123 0.000291562 0.000126057)
(0.000819167 0.000292426 0.000130625)
(0.000820521 0.000293402 0.000132619)
(0.000820976 0.000293973 0.000132096)
(0.000821565 0.000294164 0.00013106)
(0.000822502 0.000294254 0.000130667)
(0.000770689 0.000326445 0.00012945)
(0.000770048 0.00032652 0.00013008)
(0.000769529 0.00032653 0.000129729)
(0.000769047 0.000326401 0.000129848)
(0.000769118 0.00032624 0.000129893)
(0.000769218 0.000326115 0.000131365)
(0.000769102 0.000326082 0.000132776)
(0.000769265 0.000326017 0.000134117)
(0.000769834 0.000326039 0.000137036)
(0.000771183 0.000326413 0.000141105)
(0.000772268 0.000327031 0.000144661)
(0.000773124 0.000327466 0.000147348)
(0.000774274 0.000327901 0.000149617)
(0.00077574 0.000328479 0.000151826)
(0.000776595 0.000328858 0.000152631)
(0.00077863 0.000329824 0.000153662)
(0.000781377 0.00033118 0.000152509)
(0.000782946 0.000332125 0.00014949)
(0.00078192 0.000332354 0.000145451)
(0.000780903 0.000332059 0.00013987)
(0.000780079 0.00033157 0.000135772)
(0.000779247 0.000331218 0.000132917)
(0.000778609 0.000331123 0.000130169)
(0.000778891 0.000331295 0.000127061)
(0.000779339 0.000331359 0.000124291)
(0.000779698 0.000331397 0.000121762)
(0.000778891 0.00033111 0.00011871)
(0.000777947 0.000330721 0.000116149)
(0.000777167 0.00033075 0.000113274)
(0.000776653 0.000330814 0.000109678)
(0.000775734 0.000330465 0.000105338)
(0.000775001 0.000330237 0.000102047)
(0.00077466 0.000330314 9.79476e-05)
(0.000775407 0.000330569 9.40503e-05)
(0.000776108 0.000330859 8.9597e-05)
(0.000776958 0.000331195 8.52534e-05)
(0.000777947 0.000331466 8.10113e-05)
(0.000777921 0.000331091 7.72561e-05)
(0.000776649 0.000330363 7.39202e-05)
(0.00077509 0.000329728 7.24598e-05)
(0.000774619 0.000329502 7.02943e-05)
(0.000774545 0.000329062 6.87342e-05)
(0.00077502 0.000328705 7.00183e-05)
(0.000775658 0.000328833 7.15667e-05)
(0.000776683 0.000329223 7.30792e-05)
(0.000775813 0.000328859 7.32269e-05)
(0.000773593 0.000327811 7.52241e-05)
(0.000771979 0.000326794 7.8076e-05)
(0.000770243 0.000325894 8.15354e-05)
(0.000768646 0.00032497 8.58507e-05)
(0.000767283 0.000324109 9.13588e-05)
(0.000766995 0.00032365 9.90126e-05)
(0.000765998 0.000323389 0.000106822)
(0.000765605 0.000323376 0.00011392)
(0.000765916 0.000323678 0.000121035)
(0.000766819 0.00032447 0.000126496)
(0.000768069 0.000325493 0.000129223)
(0.000768551 0.000325971 0.00012931)
(0.00076901 0.000326125 0.00012871)
(0.000769933 0.000326302 0.000128543)
(0.000714013 0.000344557 0.000126311)
(0.000713868 0.000344798 0.00012728)
(0.000713521 0.000344871 0.000126953)
(0.000713262 0.000344796 0.000127055)
(0.000713128 0.000344526 0.000127097)
(0.000713188 0.000344455 0.00012835)
(0.000713209 0.000344574 0.000129551)
(0.000713323 0.00034459 0.000130788)
(0.000713786 0.000344598 0.000133393)
(0.000714802 0.000344958 0.000136654)
(0.000715795 0.000345495 0.000139813)
(0.000716607 0.000345858 0.000142642)
(0.00071675 0.000345915 0.000145125)
(0.000717467 0.00034625 0.000147243)
(0.000721689 0.000347484 0.000148757)
(0.000723461 0.000348449 0.000149399)
(0.000726155 0.000349867 0.000148961)
(0.000724331 0.00035012 0.000145899)
(0.000723436 0.00035041 0.000141403)
(0.000722276 0.000349959 0.000135408)
(0.000721042 0.000349296 0.000131094)
(0.000720423 0.000348986 0.000127938)
(0.0007198 0.000348936 0.000125036)
(0.000719842 0.000349006 0.000121354)
(0.000720386 0.000349017 0.000118123)
(0.0007208 0.000349059 0.000115474)
(0.000720214 0.000348751 0.000112254)
(0.000719185 0.000348233 0.00010947)
(0.000718468 0.000348233 0.000106325)
(0.000718294 0.000348353 0.000102828)
(0.000717305 0.000347986 9.88644e-05)
(0.000716375 0.000347672 9.51958e-05)
(0.000716101 0.000347748 9.08213e-05)
(0.000716666 0.000347923 8.67188e-05)
(0.000717135 0.000348144 8.22914e-05)
(0.00071818 0.00034861 7.79406e-05)
(0.000719549 0.00034924 7.38278e-05)
(0.000719878 0.000349108 6.98773e-05)
(0.000719065 0.000348424 6.69761e-05)
(0.000717932 0.000347945 6.53867e-05)
(0.000717593 0.000347781 6.33961e-05)
(0.000717693 0.000347491 6.19118e-05)
(0.000717923 0.000347151 6.30096e-05)
(0.000718402 0.000347312 6.44855e-05)
(0.000719693 0.000347703 6.65899e-05)
(0.000718931 0.000347467 6.65346e-05)
(0.000717217 0.000346594 6.85328e-05)
(0.000716232 0.000345787 7.13416e-05)
(0.00071491 0.000345037 7.48392e-05)
(0.000713528 0.000344096 7.85618e-05)
(0.000712056 0.000343073 8.39372e-05)
(0.00071174 0.000342558 9.13452e-05)
(0.000711083 0.000342305 9.95137e-05)
(0.000710294 0.000342099 0.000106877)
(0.000709989 0.000342194 0.000114243)
(0.00071046 0.00034275 0.000120267)
(0.000711185 0.000343537 0.00012352)
(0.000711651 0.000343987 0.000124411)
(0.000712101 0.000344145 0.000124447)
(0.000712697 0.000344179 0.000124792)
(0.0006528 0.000347588 0.00012138)
(0.000653244 0.000348089 0.00012234)
(0.000653195 0.000348299 0.000122172)
(0.000652959 0.000348165 0.000121701)
(0.000652774 0.000347817 0.000121738)
(0.000652924 0.000347782 0.000123137)
(0.000652975 0.000347987 0.000124396)
(0.000653178 0.000348178 0.00012544)
(0.00065357 0.000348146 0.000128078)
(0.000654065 0.000348338 0.000130978)
(0.000654593 0.000348672 0.000133445)
(0.00065458 0.000348699 0.000135981)
(0.000654646 0.000348691 0.000138556)
(0.000659299 0.000349908 0.000141037)
(0.000657661 0.000349887 0.000142277)
(0.000658408 0.000350681 0.000143131)
(0.000660484 0.000351806 0.000142537)
(0.000661446 0.000352601 0.000139248)
(0.00066059 0.000352931 0.000134706)
(0.000659178 0.000352332 0.000128849)
(0.000657839 0.000351583 0.000124542)
(0.00065712 0.00035122 0.00012142)
(0.000656497 0.000351197 0.00011821)
(0.000656652 0.000351323 0.000114038)
(0.000657275 0.0003513 0.00011041)
(0.00065765 0.000351288 0.000107855)
(0.000657105 0.00035092 0.000104494)
(0.000656098 0.000350323 0.000101177)
(0.000655476 0.000350225 9.78696e-05)
(0.00065521 0.000350198 9.42789e-05)
(0.000654518 0.000349984 9.08471e-05)
(0.000653619 0.000349708 8.70322e-05)
(0.000653346 0.000349799 8.21667e-05)
(0.00065374 0.000349888 7.8101e-05)
(0.000653919 0.000350022 7.37348e-05)
(0.000654965 0.000350546 6.9041e-05)
(0.000656473 0.000351355 6.51839e-05)
(0.000657171 0.000351603 6.08394e-05)
(0.000657124 0.000351176 5.80785e-05)
(0.00065669 0.000350979 5.66584e-05)
(0.000656629 0.000350932 5.47175e-05)
(0.000656807 0.000350801 5.31465e-05)
(0.000656877 0.000350549 5.38018e-05)
(0.000657042 0.000350627 5.54073e-05)
(0.000658456 0.000351047 5.78263e-05)
(0.000658066 0.000351012 5.78569e-05)
(0.00065685 0.000350424 5.99943e-05)
(0.00065612 0.00034974 6.27744e-05)
(0.000655206 0.000349112 6.59326e-05)
(0.000654312 0.000348369 6.9288e-05)
(0.000653092 0.000347355 7.42029e-05)
(0.000652596 0.000346746 8.1432e-05)
(0.000652004 0.000346352 9.01942e-05)
(0.000651306 0.000346191 9.79409e-05)
(0.00065069 0.00034611 0.000105424)
(0.00065062 0.000346383 0.000112089)
(0.000650746 0.000346802 0.000115857)
(0.000650995 0.00034714 0.000117727)
(0.000651213 0.000347198 0.000118256)
(0.000651663 0.000347239 0.000119322)
(0.000586822 0.000334397 0.000114126)
(0.000587541 0.000335049 0.000115536)
(0.000587776 0.000335402 0.000115417)
(0.000587664 0.000335365 0.000114341)
(0.000587535 0.000334981 0.000113832)
(0.000587318 0.000334699 0.000115315)
(0.00058747 0.000334985 0.000117155)
(0.000587669 0.000335285 0.000118545)
(0.000587822 0.000335228 0.00012067)
(0.00058752 0.000335115 0.000123102)
(0.000587487 0.000335164 0.000125039)
(0.000590558 0.000335843 0.000127516)
(0.000592119 0.000336152 0.00013089)
(0.000589979 0.000335882 0.000132192)
(0.000589968 0.000335988 0.000134658)
(0.000590576 0.000336442 0.000134886)
(0.000592358 0.000337411 0.000134464)
(0.000593306 0.000338317 0.000130997)
(0.000592395 0.00033859 0.000126457)
(0.000591134 0.000338105 0.000120567)
(0.000589567 0.00033724 0.000116062)
(0.000588679 0.000336722 0.000113017)
(0.000588071 0.000336678 0.000110102)
(0.000588036 0.000336715 0.000105769)
(0.000588856 0.00033681 0.000101951)
(0.000589136 0.000336719 9.93282e-05)
(0.000588585 0.000336328 9.57349e-05)
(0.000587672 0.000335698 9.21017e-05)
(0.000586934 0.000335395 8.87855e-05)
(0.000586764 0.000335319 8.51562e-05)
(0.000586491 0.000335272 8.20651e-05)
(0.000585798 0.000335183 7.77946e-05)
(0.000585343 0.000335202 7.27184e-05)
(0.00058556 0.000335205 6.83704e-05)
(0.000585453 0.000335146 6.43224e-05)
(0.000586268 0.000335666 5.99024e-05)
(0.000588079 0.000336765 5.63916e-05)
(0.000589391 0.000337402 5.14258e-05)
(0.00059002 0.000337403 4.85379e-05)
(0.000590042 0.000337363 4.67203e-05)
(0.000590488 0.000337633 4.50012e-05)
(0.000590811 0.000337707 4.34794e-05)
(0.000590849 0.000337577 4.38986e-05)
(0.000590884 0.000337608 4.52611e-05)
(0.000592507 0.000338117 4.81346e-05)
(0.000592254 0.000338128 4.86576e-05)
(0.000591258 0.00033768 5.10202e-05)
(0.000590823 0.000337275 5.33502e-05)
(0.000590495 0.000336866 5.6043e-05)
(0.000589843 0.000336246 5.91971e-05)
(0.000588852 0.000335263 6.38499e-05)
(0.000588138 0.000334495 7.08089e-05)
(0.000587653 0.000333965 7.95645e-05)
(0.000587049 0.000333836 8.78025e-05)
(0.000586622 0.000333841 9.5382e-05)
(0.000586236 0.000333967 0.000101773)
(0.00058578 0.000333985 0.000106146)
(0.000585735 0.000334167 0.000108905)
(0.000585878 0.000334198 0.000110163)
(0.000586006 0.000334179 0.00011168)
(0.00051322 0.000305097 0.000105097)
(0.000513782 0.000305663 0.000106574)
(0.000514173 0.000306155 0.000106525)
(0.000514188 0.000306144 0.000104688)
(0.000514054 0.000305759 0.000104019)
(0.000513799 0.000305381 0.000105218)
(0.000513669 0.000305525 0.000107233)
(0.000513882 0.000305819 0.000108745)
(0.00051323 0.000305638 0.000110145)
(0.000515651 0.00030606 0.00011241)
(0.000516547 0.000305969 0.000115659)
(0.000513851 0.000305347 0.000116783)
(0.000513963 0.000305437 0.000120322)
(0.000514159 0.000305364 0.000122338)
(0.000514343 0.000305385 0.000123862)
(0.000514414 0.000305655 0.000123823)
(0.000515741 0.00030639 0.000123647)
(0.000516343 0.000307151 0.000120361)
(0.000515803 0.000307429 0.000115804)
(0.000514556 0.000306948 0.000109853)
(0.000513001 0.000306085 0.000105404)
(0.000512257 0.000305547 0.000102424)
(0.000511433 0.000305367 9.9664e-05)
(0.000511454 0.000305469 9.5742e-05)
(0.000511913 0.00030538 9.22987e-05)
(0.000511947 0.000305202 8.91055e-05)
(0.000511516 0.000304797 8.5172e-05)
(0.000510883 0.000304312 8.17934e-05)
(0.000510202 0.00030395 7.84262e-05)
(0.000510078 0.000303828 7.51879e-05)
(0.000509715 0.000303728 7.19036e-05)
(0.000509394 0.00030379 6.76905e-05)
(0.000508926 0.000303845 6.24084e-05)
(0.000509023 0.00030378 5.73263e-05)
(0.00050903 0.000303771 5.37731e-05)
(0.000509588 0.000304314 4.96593e-05)
(0.000511252 0.000305367 4.61758e-05)
(0.000512896 0.000306284 4.17812e-05)
(0.000514245 0.000306726 3.85664e-05)
(0.000514812 0.000306981 3.67374e-05)
(0.000515779 0.000307619 3.54656e-05)
(0.000515912 0.000307712 3.40051e-05)
(0.000515977 0.000307646 3.38672e-05)
(0.000516371 0.000307923 3.5527e-05)
(0.000518198 0.000308518 3.8952e-05)
(0.000518206 0.000308582 4.02488e-05)
(0.000517499 0.000308383 4.28664e-05)
(0.000517225 0.000308129 4.45743e-05)
(0.000517085 0.000307813 4.71186e-05)
(0.000516721 0.000307365 4.98869e-05)
(0.000515872 0.000306369 5.42655e-05)
(0.000515107 0.000305496 6.1058e-05)
(0.000514511 0.000304841 6.9263e-05)
(0.000514066 0.000304676 7.8058e-05)
(0.000513876 0.000304825 8.53925e-05)
(0.000513289 0.000304776 9.13476e-05)
(0.000512516 0.000304684 9.53864e-05)
(0.000512605 0.000304866 9.83501e-05)
(0.000512887 0.000305007 0.000100376)
(0.000512585 0.000304851 0.000102375)
(0.000429707 0.000261202 9.43742e-05)
(0.000430337 0.000261882 9.6171e-05)
(0.000430816 0.000262453 9.54846e-05)
(0.000430879 0.000262376 9.37667e-05)
(0.000430566 0.000261867 9.28279e-05)
(0.000430006 0.000261351 9.35963e-05)
(0.000429765 0.000261414 9.50738e-05)
(0.000429494 0.000261592 9.58586e-05)
(0.000432583 0.000262052 9.8212e-05)
(0.00043021 0.000261558 9.92176e-05)
(0.000429641 0.000261219 0.000101522)
(0.000429257 0.000260616 0.000104282)
(0.000428878 0.000260342 0.00010714)
(0.000428429 0.000260108 0.000109226)
(0.000428405 0.000260065 0.000110404)
(0.000428405 0.000260257 0.000110253)
(0.000429224 0.000260634 0.00010991)
(0.000431206 0.000261591 0.000106316)
(0.000429096 0.000261518 0.000102881)
(0.000428085 0.000261144 9.69003e-05)
(0.000426742 0.000260274 9.25165e-05)
(0.000425837 0.000259608 8.92477e-05)
(0.000424914 0.000259241 8.6687e-05)
(0.000424781 0.000259364 8.28059e-05)
(0.000424934 0.00025916 7.95244e-05)
(0.000424814 0.000258901 7.63505e-05)
(0.000424411 0.000258483 7.27851e-05)
(0.000423937 0.00025809 6.98299e-05)
(0.000423558 0.000257838 6.67873e-05)
(0.000423355 0.000257674 6.38723e-05)
(0.000423053 0.000257582 6.08253e-05)
(0.000422834 0.000257679 5.71346e-05)
(0.000422518 0.000257756 5.19418e-05)
(0.000422722 0.000257789 4.72412e-05)
(0.000422671 0.000257742 4.40522e-05)
(0.000423024 0.000258243 4.0812e-05)
(0.000424217 0.000259115 3.70633e-05)
(0.000426224 0.000260192 3.27476e-05)
(0.00042805 0.000260962 3.02855e-05)
(0.000429019 0.000261481 2.88224e-05)
(0.000429957 0.000262166 2.78867e-05)
(0.000430409 0.000262562 2.6458e-05)
(0.000430744 0.000262707 2.6251e-05)
(0.000431218 0.00026297 2.79645e-05)
(0.000433164 0.000263554 3.1473e-05)
(0.000433551 0.000263884 3.34627e-05)
(0.00043295 0.00026381 3.61539e-05)
(0.000433024 0.000263793 3.78855e-05)
(0.000433115 0.000263695 3.97602e-05)
(0.000432706 0.000263166 4.25866e-05)
(0.000432075 0.000262236 4.66062e-05)
(0.00043148 0.000261413 5.34371e-05)
(0.000430736 0.000260732 6.057e-05)
(0.000430358 0.000260524 6.87416e-05)
(0.000430367 0.000260688 7.52739e-05)
(0.000429831 0.000260532 8.02865e-05)
(0.00042911 0.000260559 8.4102e-05)
(0.000429269 0.000260876 8.65657e-05)
(0.000429754 0.000261095 8.9364e-05)
(0.000429366 0.000261022 9.13592e-05)
(0.000336717 0.000205931 8.11491e-05)
(0.000337158 0.000206522 8.24699e-05)
(0.000337793 0.000207168 8.13742e-05)
(0.000338111 0.000207252 7.93096e-05)
(0.000337243 0.000206584 7.82864e-05)
(0.000336414 0.000205976 7.86843e-05)
(0.000335862 0.000205851 7.94864e-05)
(0.000338939 0.000206488 8.20889e-05)
(0.000337233 0.00020633 8.17057e-05)
(0.000336652 0.000205907 8.3747e-05)
(0.000336228 0.000205519 8.57479e-05)
(0.000335109 0.000204705 8.85895e-05)
(0.000334183 0.000204134 9.11664e-05)
(0.000333544 0.000203685 9.35883e-05)
(0.000333082 0.000203319 9.46978e-05)
(0.000332691 0.000203125 9.50238e-05)
(0.000332394 0.000203372 9.42313e-05)
(0.00033286 0.000203672 9.18824e-05)
(0.000334274 0.000204098 8.74561e-05)
(0.000331659 0.00020349 8.27186e-05)
(0.000330966 0.000202898 7.82499e-05)
(0.000329978 0.000202096 7.48808e-05)
(0.000328787 0.000201592 7.1945e-05)
(0.000328378 0.000201594 6.79257e-05)
(0.000328357 0.000201353 6.48605e-05)
(0.000328062 0.000201056 6.16087e-05)
(0.00032793 0.000200766 5.84632e-05)
(0.00032771 0.00020049 5.60925e-05)
(0.00032729 0.000200097 5.42835e-05)
(0.000327009 0.000199976 5.25338e-05)
(0.000326619 0.000199875 5.03602e-05)
(0.000326542 0.000200027 4.70989e-05)
(0.000326495 0.000200105 4.278e-05)
(0.000326326 0.000199916 3.92787e-05)
(0.000326392 0.000200008 3.64542e-05)
(0.000326783 0.000200513 3.40943e-05)
(0.000327722 0.000201356 3.03735e-05)
(0.000329675 0.000202302 2.63728e-05)
(0.000331837 0.000203226 2.42842e-05)
(0.00033337 0.0002041 2.31488e-05)
(0.00033428 0.00020485 2.19625e-05)
(0.000334963 0.000205379 2.06908e-05)
(0.000335511 0.000205691 2.0611e-05)
(0.000336097 0.000206028 2.19716e-05)
(0.000338003 0.000206582 2.53499e-05)
(0.000338493 0.000206965 2.70506e-05)
(0.000338275 0.000207264 2.90345e-05)
(0.00033871 0.000207515 3.00317e-05)
(0.000339058 0.00020763 3.15047e-05)
(0.000338594 0.000206989 3.38819e-05)
(0.000338157 0.000206173 3.77819e-05)
(0.00033753 0.000205294 4.36349e-05)
(0.000336809 0.000204728 5.0631e-05)
(0.000336355 0.000204436 5.78321e-05)
(0.000336728 0.000204568 6.44174e-05)
(0.000336659 0.000204493 6.86485e-05)
(0.000335911 0.000204636 7.22896e-05)
(0.00033614 0.000205254 7.34098e-05)
(0.000336919 0.000205636 7.65777e-05)
(0.000336441 0.000205591 7.8436e-05)
(0.000235122 0.000142634 6.6042e-05)
(0.000235609 0.00014327 6.64896e-05)
(0.000236094 0.000143881 6.52537e-05)
(0.000236439 0.000144122 6.28933e-05)
(0.000237584 0.00014395 6.20129e-05)
(0.000236716 0.00014339 6.17621e-05)
(0.000236694 0.000142993 6.37081e-05)
(0.000234962 0.000142912 6.3401e-05)
(0.000235406 0.000143005 6.36291e-05)
(0.000234706 0.000142578 6.46912e-05)
(0.000234011 0.000142066 6.71961e-05)
(0.000232939 0.000141293 7.05341e-05)
(0.000231855 0.00014061 7.29466e-05)
(0.000230752 0.000139763 7.53482e-05)
(0.000229676 0.000138987 7.69863e-05)
(0.000228662 0.00013836 7.80698e-05)
(0.00022802 0.000138299 7.76374e-05)
(0.000227957 0.000138413 7.47605e-05)
(0.000227995 0.000138368 7.18791e-05)
(0.000227928 0.000138169 6.64731e-05)
(0.000226781 0.000137502 6.28279e-05)
(0.000225857 0.000136779 5.94026e-05)
(0.000224561 0.000136204 5.62055e-05)
(0.000223712 0.000136004 5.18613e-05)
(0.000223435 0.000135796 4.86817e-05)
(0.000223138 0.000135481 4.54912e-05)
(0.000223283 0.000135294 4.2741e-05)
(0.00022359 0.000135212 4.15012e-05)
(0.000223135 0.000134793 4.04918e-05)
(0.000222604 0.000134613 4.02987e-05)
(0.000222511 0.000134671 3.9019e-05)
(0.000222394 0.000134793 3.62096e-05)
(0.000222247 0.000134692 3.34198e-05)
(0.000221946 0.000134469 3.11181e-05)
(0.000222003 0.000134629 2.87406e-05)
(0.000222496 0.000135128 2.65583e-05)
(0.000223261 0.000135823 2.2758e-05)
(0.000225205 0.000136744 1.92764e-05)
(0.000227479 0.000137641 1.78362e-05)
(0.000229148 0.00013877 1.68074e-05)
(0.000230422 0.000139703 1.49088e-05)
(0.000231244 0.000140244 1.34086e-05)
(0.000231902 0.00014068 1.32662e-05)
(0.000232678 0.000141139 1.38648e-05)
(0.000234486 0.000141651 1.67637e-05)
(0.000235034 0.000142092 1.80757e-05)
(0.000235082 0.000142458 2.02115e-05)
(0.000235793 0.000142959 2.10139e-05)
(0.000236433 0.000143262 2.28899e-05)
(0.000236259 0.000142772 2.5316e-05)
(0.000235881 0.000142005 2.89332e-05)
(0.000235431 0.000141316 3.4281e-05)
(0.000234726 0.000140685 4.07078e-05)
(0.000234439 0.000140545 4.70909e-05)
(0.000234756 0.000140544 5.27759e-05)
(0.000234964 0.000140538 5.68227e-05)
(0.000234581 0.000140942 5.97346e-05)
(0.00023477 0.00014172 5.98956e-05)
(0.000235419 0.000142224 6.27146e-05)
(0.000235196 0.000142449 6.3934e-05)
(0.000128529 7.56494e-05 5.14267e-05)
(0.000128736 7.61334e-05 5.14205e-05)
(0.00013049 7.68012e-05 5.02351e-05)
(0.000131706 7.72153e-05 4.98148e-05)
(0.000130321 7.69537e-05 4.64268e-05)
(0.000128845 7.63219e-05 4.5148e-05)
(0.000127937 7.57384e-05 4.5303e-05)
(0.000128226 7.57615e-05 4.49096e-05)
(0.000128286 7.58455e-05 4.36282e-05)
(0.00012764 7.53604e-05 4.37993e-05)
(0.000126928 7.47693e-05 4.58689e-05)
(0.000126041 7.4064e-05 4.82276e-05)
(0.000125167 7.34127e-05 5.02414e-05)
(0.000123772 7.24955e-05 5.23328e-05)
(0.000121979 7.12374e-05 5.42909e-05)
(0.000120095 7.0181e-05 5.6307e-05)
(0.000119059 6.97619e-05 5.66926e-05)
(0.000118775 6.96072e-05 5.45918e-05)
(0.000119383 6.9474e-05 5.24324e-05)
(0.000118971 6.93239e-05 4.74216e-05)
(0.000118259 6.8825e-05 4.43937e-05)
(0.000117444 6.82014e-05 4.11738e-05)
(0.000116097 6.76277e-05 3.85266e-05)
(0.000114883 6.72142e-05 3.51533e-05)
(0.000114502 6.70419e-05 3.19211e-05)
(0.000114248 6.67557e-05 2.89798e-05)
(0.000114489 6.65664e-05 2.70676e-05)
(0.000115015 6.65623e-05 2.66588e-05)
(0.000114635 6.61816e-05 2.71222e-05)
(0.000114089 6.60301e-05 2.81838e-05)
(0.000113879 6.60341e-05 2.73675e-05)
(0.000113624 6.60562e-05 2.45299e-05)
(0.000113167 6.56807e-05 2.21099e-05)
(0.000112958 6.55912e-05 2.00738e-05)
(0.000113054 6.57085e-05 1.77455e-05)
(0.000113561 6.61587e-05 1.55396e-05)
(0.00011445 6.6837e-05 1.2625e-05)
(0.000116105 6.76568e-05 9.71789e-06)
(0.000118239 6.85373e-05 9.19388e-06)
(0.000119943 6.96633e-05 8.83936e-06)
(0.000121389 7.06265e-05 6.71475e-06)
(0.000122498 7.13206e-05 5.71651e-06)
(0.000123512 7.19898e-05 5.35005e-06)
(0.000124596 7.26347e-05 5.65053e-06)
(0.000126209 7.31592e-05 7.70948e-06)
(0.000127981 7.37164e-05 8.1128e-06)
(0.000127212 7.41254e-05 1.03502e-05)
(0.000127802 7.46569e-05 1.07667e-05)
(0.000128818 7.51358e-05 1.1889e-05)
(0.000129082 7.49473e-05 1.35776e-05)
(0.000128733 7.42942e-05 1.71603e-05)
(0.000128465 7.37629e-05 2.19131e-05)
(0.000127962 7.3301e-05 2.7541e-05)
(0.000127651 7.30743e-05 3.37416e-05)
(0.000127959 7.29906e-05 3.92988e-05)
(0.000128356 7.30308e-05 4.36039e-05)
(0.000128132 7.35856e-05 4.67866e-05)
(0.000127891 7.43441e-05 4.68113e-05)
(0.000128364 7.50605e-05 4.92364e-05)
(0.000128554 7.53348e-05 4.99903e-05)
(1.98373e-05 6.96749e-06 3.94972e-05)
(2.05573e-05 7.38448e-06 4.02346e-05)
(1.99394e-05 7.67457e-06 3.71193e-05)
(2.02279e-05 8.03754e-06 3.57006e-05)
(2.11378e-05 8.11369e-06 3.35316e-05)
(2.05874e-05 7.5538e-06 3.18789e-05)
(1.95512e-05 6.98387e-06 3.06742e-05)
(1.91612e-05 6.81269e-06 2.87875e-05)
(1.9058e-05 6.63668e-06 2.63692e-05)
(1.83893e-05 6.14182e-06 2.53195e-05)
(1.77988e-05 5.64539e-06 2.5477e-05)
(1.70289e-05 4.97725e-06 2.64961e-05)
(1.6149e-05 4.37162e-06 2.7467e-05)
(1.457e-05 3.34603e-06 2.86197e-05)
(1.20554e-05 1.74314e-06 3.05055e-05)
(9.89227e-06 4.87911e-07 3.21014e-05)
(8.48514e-06 -2.18709e-07 3.29213e-05)
(7.80729e-06 -7.59636e-07 3.1811e-05)
(8.14722e-06 -9.84296e-07 3.09833e-05)
(8.8526e-06 -9.16316e-07 2.68665e-05)
(8.18911e-06 -1.24366e-06 2.47097e-05)
(6.79266e-06 -1.83908e-06 2.33014e-05)
(5.83554e-06 -2.21171e-06 2.18548e-05)
(4.69286e-06 -2.52249e-06 1.881e-05)
(4.01567e-06 -2.8262e-06 1.57061e-05)
(3.77021e-06 -3.14433e-06 1.33843e-05)
(4.20466e-06 -3.27696e-06 1.1691e-05)
(4.77414e-06 -3.23053e-06 1.21199e-05)
(4.45346e-06 -3.56233e-06 1.31825e-05)
(3.93921e-06 -3.74619e-06 1.50713e-05)
(3.39697e-06 -3.84085e-06 1.45394e-05)
(2.7865e-06 -4.02605e-06 1.19973e-05)
(2.18794e-06 -4.44407e-06 9.9973e-06)
(2.10108e-06 -4.52223e-06 7.85775e-06)
(2.08264e-06 -4.5499e-06 5.56602e-06)
(2.50242e-06 -4.19633e-06 3.77209e-06)
(3.39542e-06 -3.54273e-06 1.52751e-06)
(4.90397e-06 -2.77242e-06 -3.65139e-07)
(6.84032e-06 -1.79557e-06 -3.9796e-07)
(8.68981e-06 -6.51331e-07 -8.03682e-07)
(1.01068e-05 2.62456e-07 -2.76875e-06)
(1.15022e-05 1.04736e-06 -3.63358e-06)
(1.27972e-05 1.82679e-06 -4.2951e-06)
(1.41228e-05 2.64858e-06 -4.26991e-06)
(1.56043e-05 3.13161e-06 -2.74548e-06)
(1.76561e-05 3.98349e-06 -1.34109e-06)
(1.83207e-05 4.51502e-06 -1.28979e-06)
(1.86848e-05 5.21956e-06 -2.19169e-07)
(1.96932e-05 5.67265e-06 2.45246e-07)
(2.00119e-05 5.61616e-06 1.77752e-06)
(2.00686e-05 5.33554e-06 4.75095e-06)
(1.99135e-05 4.96031e-06 8.67802e-06)
(1.97964e-05 4.67404e-06 1.32529e-05)
(1.94161e-05 4.55892e-06 1.8926e-05)
(1.93722e-05 4.43013e-06 2.50532e-05)
(1.9168e-05 4.34638e-06 3.11738e-05)
(1.89117e-05 4.81425e-06 3.51069e-05)
(1.87646e-05 5.48202e-06 3.63599e-05)
(1.92087e-05 6.10709e-06 3.87114e-05)
(1.95924e-05 6.47383e-06 3.90142e-05)
(-9.6314e-05 -6.65393e-05 3.36555e-05)
(-9.64371e-05 -6.61672e-05 3.21531e-05)
(-9.53434e-05 -6.57982e-05 3.10827e-05)
(-9.43812e-05 -6.54201e-05 2.903e-05)
(-9.36924e-05 -6.52145e-05 2.66118e-05)
(-9.39358e-05 -6.56057e-05 2.42778e-05)
(-9.45533e-05 -6.59471e-05 2.21546e-05)
(-9.49773e-05 -6.62058e-05 1.88156e-05)
(-9.5301e-05 -6.65364e-05 1.6257e-05)
(-9.59133e-05 -6.70578e-05 1.4457e-05)
(-9.64118e-05 -6.7476e-05 1.31941e-05)
(-9.70707e-05 -6.80961e-05 1.33741e-05)
(-9.79819e-05 -6.87979e-05 1.35134e-05)
(-9.97894e-05 -7.00686e-05 1.44387e-05)
(-0.000102247 -7.15246e-05 1.57308e-05)
(-0.000104565 -7.28613e-05 1.59669e-05)
(-0.000106246 -7.39115e-05 1.67826e-05)
(-0.000107215 -7.46262e-05 1.72303e-05)
(-0.000107514 -7.48899e-05 1.65995e-05)
(-0.000107619 -7.50017e-05 1.50303e-05)
(-0.000107457 -7.51535e-05 1.50447e-05)
(-0.000107279 -7.52926e-05 1.37542e-05)
(-0.000108721 -7.55439e-05 1.39156e-05)
(-0.00010984 -7.59054e-05 1.13237e-05)
(-0.000110554 -7.6211e-05 8.34676e-06)
(-0.000110587 -7.65152e-05 6.22688e-06)
(-0.000110127 -7.6669e-05 5.01014e-06)
(-0.000109828 -7.67408e-05 6.19054e-06)
(-0.000109962 -7.69982e-05 7.069e-06)
(-0.000110442 -7.71744e-05 8.85083e-06)
(-0.000110886 -7.71244e-05 8.27416e-06)
(-0.000111752 -7.74109e-05 6.17863e-06)
(-0.000112402 -7.78327e-05 4.38754e-06)
(-0.000112547 -7.80785e-05 3.00958e-06)
(-0.000112564 -7.80619e-05 1.8339e-06)
(-0.00011226 -7.77755e-05 1.02805e-06)
(-0.000111717 -7.73768e-05 -7.49305e-07)
(-0.000110493 -7.67089e-05 -2.29745e-06)
(-0.000108895 -7.58307e-05 -3.05179e-06)
(-0.000107143 -7.4733e-05 -4.28078e-06)
(-0.000105684 -7.37052e-05 -6.82288e-06)
(-0.000104183 -7.27953e-05 -8.00527e-06)
(-0.000102802 -7.19504e-05 -8.8687e-06)
(-0.000101508 -7.11376e-05 -9.72074e-06)
(-9.96842e-05 -7.03364e-05 -9.44556e-06)
(-9.82452e-05 -6.96614e-05 -1.02895e-05)
(-9.79737e-05 -6.91385e-05 -9.18517e-06)
(-9.68961e-05 -6.83218e-05 -8.02235e-06)
(-9.62001e-05 -6.79662e-05 -6.75666e-06)
(-9.57774e-05 -6.79643e-05 -5.04217e-06)
(-9.55873e-05 -6.81097e-05 -1.92394e-06)
(-9.54397e-05 -6.82489e-05 2.19713e-06)
(-9.54593e-05 -6.82966e-05 6.09308e-06)
(-9.54707e-05 -6.8314e-05 1.13322e-05)
(-9.54689e-05 -6.83358e-05 1.82625e-05)
(-9.64112e-05 -6.8582e-05 2.35342e-05)
(-9.65412e-05 -6.84356e-05 2.84348e-05)
(-9.65903e-05 -6.79816e-05 3.14286e-05)
(-9.65441e-05 -6.73732e-05 3.31416e-05)
(-9.65459e-05 -6.69484e-05 3.34204e-05)
(-0.000226782 -0.000151746 3.95382e-05)
(-0.000227005 -0.000151488 3.77431e-05)
(-0.000226493 -0.000151339 3.67453e-05)
(-0.000225685 -0.000150953 3.41628e-05)
(-0.000225064 -0.000150689 3.12717e-05)
(-0.000224849 -0.000150801 2.82771e-05)
(-0.00022495 -0.000150936 2.55207e-05)
(-0.000225221 -0.000151087 2.17229e-05)
(-0.000225809 -0.0001515 1.90092e-05)
(-0.00022637 -0.000152023 1.67567e-05)
(-0.000226799 -0.000152525 1.48516e-05)
(-0.000227484 -0.000153113 1.47524e-05)
(-0.000228648 -0.000153915 1.48674e-05)
(-0.000230469 -0.000155251 1.55406e-05)
(-0.000232557 -0.000156444 1.60203e-05)
(-0.000234656 -0.000157644 1.48403e-05)
(-0.000236425 -0.000158792 1.4674e-05)
(-0.000237603 -0.000159704 1.58825e-05)
(-0.000237777 -0.000159938 1.6224e-05)
(-0.000237759 -0.000160015 1.56364e-05)
(-0.000237883 -0.000160234 1.63833e-05)
(-0.000238266 -0.000160335 1.75217e-05)
(-0.00023848 -0.000160452 1.76489e-05)
(-0.000240106 -0.000160896 1.52277e-05)
(-0.000240577 -0.000161192 1.23654e-05)
(-0.0002403 -0.000161379 1.03478e-05)
(-0.000239885 -0.000161547 1.03203e-05)
(-0.000239613 -0.000161587 1.2077e-05)
(-0.000239755 -0.000161835 1.28835e-05)
(-0.000240122 -0.000162067 1.42198e-05)
(-0.000240682 -0.000162053 1.32998e-05)
(-0.000241406 -0.000162237 1.13583e-05)
(-0.000241863 -0.000162676 9.84721e-06)
(-0.00024194 -0.0001629 9.41039e-06)
(-0.000241989 -0.000162814 8.77901e-06)
(-0.000241752 -0.0001625 8.1124e-06)
(-0.000241388 -0.000162202 6.90838e-06)
(-0.000240709 -0.000161843 6.26181e-06)
(-0.000239395 -0.000161042 5.55832e-06)
(-0.000237872 -0.000160048 3.76471e-06)
(-0.000236473 -0.000159007 5.12135e-07)
(-0.000235119 -0.000158144 -1.88441e-06)
(-0.000233804 -0.000157207 -3.74491e-06)
(-0.000232359 -0.000156249 -5.39441e-06)
(-0.000230212 -0.000155355 -6.68953e-06)
(-0.000228828 -0.000154645 -9.23465e-06)
(-0.000227732 -0.000153947 -9.70283e-06)
(-0.000226714 -0.000153227 -8.61037e-06)
(-0.000225917 -0.000152693 -6.99972e-06)
(-0.000225366 -0.000152613 -4.43077e-06)
(-0.000225174 -0.000152778 -5.22932e-07)
(-0.000224883 -0.000152763 4.69312e-06)
(-0.000224534 -0.000152554 9.55399e-06)
(-0.000224125 -0.00015249 1.565e-05)
(-0.000224322 -0.000152629 2.29989e-05)
(-0.000224234 -0.00015271 2.91934e-05)
(-0.000225081 -0.000152898 3.47742e-05)
(-0.000225727 -0.000152595 3.88798e-05)
(-0.000226713 -0.000152423 3.98435e-05)
(-0.000226994 -0.000152217 3.99472e-05)
(-0.000394392 -0.000263215 6.04222e-05)
(-0.000395011 -0.000263284 5.85841e-05)
(-0.000394744 -0.000263314 5.69098e-05)
(-0.00039433 -0.000262992 5.4153e-05)
(-0.000393924 -0.000262716 5.00866e-05)
(-0.000393609 -0.000262769 4.61266e-05)
(-0.000392747 -0.000262426 4.27672e-05)
(-0.000392661 -0.000262399 3.87764e-05)
(-0.000393223 -0.000262718 3.61764e-05)
(-0.000393461 -0.000263032 3.35298e-05)
(-0.000393962 -0.000263766 3.18939e-05)
(-0.000395059 -0.000264498 3.25292e-05)
(-0.000396987 -0.000265679 3.27363e-05)
(-0.000398683 -0.000266879 3.34721e-05)
(-0.000400617 -0.000267976 3.25782e-05)
(-0.000402552 -0.000269115 3.0563e-05)
(-0.000404212 -0.000270185 2.93803e-05)
(-0.000405198 -0.000271082 3.02578e-05)
(-0.000405874 -0.000271584 3.05135e-05)
(-0.000405981 -0.000271687 3.09849e-05)
(-0.000406082 -0.00027189 3.32726e-05)
(-0.000406139 -0.000272082 3.4927e-05)
(-0.000406653 -0.000271882 3.63174e-05)
(-0.000407453 -0.000272163 3.43311e-05)
(-0.000407888 -0.000272487 3.15182e-05)
(-0.000407434 -0.00027254 3.03461e-05)
(-0.000406944 -0.000272758 3.15699e-05)
(-0.000406822 -0.000272797 3.41672e-05)
(-0.000406876 -0.000272973 3.47081e-05)
(-0.000407304 -0.000273274 3.52681e-05)
(-0.000407792 -0.000273274 3.42e-05)
(-0.000408403 -0.000273433 3.16907e-05)
(-0.000408639 -0.000273855 2.95468e-05)
(-0.000408565 -0.000274031 2.93512e-05)
(-0.000408479 -0.000273813 2.86568e-05)
(-0.000408305 -0.000273522 2.69814e-05)
(-0.000407839 -0.000273217 2.56897e-05)
(-0.000407322 -0.00027296 2.54139e-05)
(-0.000406239 -0.000272258 2.49093e-05)
(-0.00040475 -0.000271174 2.30016e-05)
(-0.00040347 -0.000270148 1.94937e-05)
(-0.000402204 -0.000269187 1.69177e-05)
(-0.000400632 -0.000268101 1.43376e-05)
(-0.000400739 -0.000267114 1.44279e-05)
(-0.000396958 -0.000265701 1.00876e-05)
(-0.000395785 -0.00026524 6.64606e-06)
(-0.000394588 -0.000264642 5.64433e-06)
(-0.000393251 -0.00026385 6.45032e-06)
(-0.000392235 -0.000263277 8.24898e-06)
(-0.000391389 -0.000262972 1.09833e-05)
(-0.000391171 -0.000263138 1.536e-05)
(-0.000391068 -0.000263135 2.16609e-05)
(-0.000390443 -0.000262861 2.79971e-05)
(-0.000390496 -0.000263069 3.46957e-05)
(-0.00039003 -0.000263122 4.25466e-05)
(-0.000390266 -0.00026316 5.02956e-05)
(-0.000391515 -0.000263619 5.59647e-05)
(-0.000392874 -0.000263548 5.95818e-05)
(-0.000394103 -0.000263698 6.06082e-05)
(-0.000394766 -0.000263699 6.07046e-05)
(-0.000646061 -0.0004314 9.9281e-05)
(-0.000646648 -0.000431422 9.72563e-05)
(-0.000646661 -0.000431527 9.50454e-05)
(-0.0006466 -0.000431337 9.26455e-05)
(-0.000646558 -0.000431152 8.85257e-05)
(-0.000646036 -0.000431058 8.37475e-05)
(-0.000644552 -0.000430496 8.04758e-05)
(-0.000644127 -0.000430329 7.78657e-05)
(-0.000644519 -0.000430504 7.5015e-05)
(-0.000644319 -0.000430532 7.1656e-05)
(-0.000644971 -0.000431447 7.15011e-05)
(-0.000647161 -0.000432731 7.33772e-05)
(-0.00065014 -0.000434405 7.40177e-05)
(-0.000651748 -0.000435428 7.45889e-05)
(-0.00065383 -0.000436468 7.32093e-05)
(-0.000655958 -0.000437681 7.06163e-05)
(-0.000657794 -0.000439021 6.77427e-05)
(-0.000659208 -0.000440308 6.78825e-05)
(-0.000660326 -0.000441049 6.7904e-05)
(-0.00066064 -0.000441274 6.84715e-05)
(-0.000660519 -0.000441406 7.04846e-05)
(-0.000660605 -0.000441636 7.23466e-05)
(-0.000660847 -0.000441452 7.34473e-05)
(-0.000660859 -0.000440962 7.1665e-05)
(-0.000660579 -0.000440698 6.86913e-05)
(-0.000660715 -0.000441323 6.76876e-05)
(-0.000660351 -0.00044172 6.9639e-05)
(-0.000659936 -0.000441573 7.33284e-05)
(-0.00066019 -0.000441835 7.39372e-05)
(-0.000660403 -0.000442179 7.38436e-05)
(-0.000660895 -0.000442281 7.24002e-05)
(-0.000660663 -0.000441939 6.84322e-05)
(-0.000660452 -0.000442194 6.54546e-05)
(-0.000660142 -0.000442286 6.54523e-05)
(-0.000660134 -0.000442119 6.36156e-05)
(-0.000660105 -0.000441989 6.04999e-05)
(-0.000659785 -0.00044194 5.85294e-05)
(-0.000659002 -0.00044161 5.85592e-05)
(-0.000658064 -0.000440925 5.84467e-05)
(-0.000656616 -0.000439726 5.58237e-05)
(-0.000655314 -0.000438609 5.19817e-05)
(-0.000653206 -0.000437176 4.78209e-05)
(-0.0006504 -0.000435682 4.40782e-05)
(-0.000647305 -0.000434288 4.25179e-05)
(-0.000645803 -0.000432545 3.86027e-05)
(-0.000645082 -0.000431751 3.64038e-05)
(-0.000643953 -0.000431067 3.66536e-05)
(-0.000642573 -0.000430213 3.88243e-05)
(-0.000641661 -0.000429729 4.16649e-05)
(-0.00064119 -0.000429599 4.48049e-05)
(-0.000640631 -0.000429605 5.02447e-05)
(-0.000640511 -0.000429521 5.7046e-05)
(-0.000640253 -0.000429348 6.32002e-05)
(-0.00064063 -0.000429794 7.06733e-05)
(-0.000640787 -0.000430106 7.8948e-05)
(-0.000640947 -0.000430188 8.69117e-05)
(-0.000642585 -0.000430732 9.31177e-05)
(-0.000644198 -0.000431043 9.74272e-05)
(-0.00064557 -0.000431315 9.89167e-05)
(-0.000646091 -0.000431506 9.91756e-05)
(-0.00107883 -0.000710784 0.000164806)
(-0.00108001 -0.000711201 0.000162617)
(-0.00108006 -0.000711211 0.000160022)
(-0.00108092 -0.000711663 0.000156973)
(-0.0010804 -0.000711263 0.000151388)
(-0.00107912 -0.000710848 0.000145892)
(-0.0010774 -0.00071022 0.000142111)
(-0.00107641 -0.000709785 0.000140072)
(-0.00107577 -0.000709243 0.000136335)
(-0.00107549 -0.00070926 0.000132974)
(-0.00107667 -0.000710477 0.00013459)
(-0.00108027 -0.00071257 0.000138544)
(-0.00108442 -0.000714926 0.000140662)
(-0.00108701 -0.000716409 0.000142158)
(-0.00109013 -0.000717874 0.000140542)
(-0.00109324 -0.000719512 0.000135995)
(-0.00109583 -0.000721429 0.000131895)
(-0.00109803 -0.000723234 0.00013116)
(-0.00109975 -0.000724219 0.000130947)
(-0.0011009 -0.000724831 0.000131559)
(-0.0011009 -0.000724934 0.000132641)
(-0.00110081 -0.000725137 0.00013437)
(-0.00110045 -0.000724547 0.000134405)
(-0.00109996 -0.000723804 0.000131588)
(-0.00109923 -0.00072314 0.000127498)
(-0.00109914 -0.000723544 0.000126492)
(-0.0010988 -0.000724053 0.00012899)
(-0.00109824 -0.000723742 0.000133317)
(-0.00109759 -0.000723398 0.00013315)
(-0.00109701 -0.000723588 0.000132236)
(-0.00109679 -0.000723201 0.000130556)
(-0.00109623 -0.000722757 0.0001246)
(-0.00109556 -0.000722891 0.000121296)
(-0.00109426 -0.000722497 0.000120203)
(-0.00109414 -0.000722351 0.000117411)
(-0.00109438 -0.000722404 0.000113737)
(-0.00109411 -0.000722487 0.000111785)
(-0.00109342 -0.000722441 0.000112141)
(-0.00109219 -0.000721603 0.000112218)
(-0.0010906 -0.000720279 0.000109913)
(-0.00108908 -0.000718843 0.000106005)
(-0.00108579 -0.00071668 0.000100399)
(-0.00108179 -0.000714483 9.5915e-05)
(-0.00107878 -0.00071253 9.22071e-05)
(-0.00107608 -0.000710096 8.88003e-05)
(-0.00107492 -0.000708912 8.66832e-05)
(-0.0010732 -0.000707989 8.67624e-05)
(-0.00107187 -0.00070722 9.01584e-05)
(-0.00107087 -0.000706557 9.44339e-05)
(-0.00107032 -0.00070629 9.8201e-05)
(-0.00107003 -0.000706528 0.000104801)
(-0.00107054 -0.000706834 0.000113005)
(-0.00107093 -0.000706921 0.000119701)
(-0.00107088 -0.000707175 0.000129188)
(-0.00107055 -0.000707147 0.000139566)
(-0.00107206 -0.000707893 0.000149462)
(-0.00107411 -0.000708689 0.000156642)
(-0.00107612 -0.000709471 0.000162394)
(-0.00107732 -0.000709797 0.000164172)
(-0.00107844 -0.000710534 0.000164666)
(-0.00183157 -0.00116111 0.000257371)
(-0.00183343 -0.00116201 0.000255123)
(-0.00183417 -0.0011624 0.00025231)
(-0.00183557 -0.00116311 0.000248458)
(-0.00183519 -0.00116289 0.000241974)
(-0.00183389 -0.00116247 0.000235091)
(-0.00183214 -0.00116199 0.000231074)
(-0.0018302 -0.00116099 0.000227524)
(-0.00182845 -0.00115976 0.000222877)
(-0.00182783 -0.00115968 0.000219738)
(-0.00183028 -0.00116173 0.000221786)
(-0.00183585 -0.00116498 0.000227216)
(-0.0018423 -0.00116881 0.000230209)
(-0.00184609 -0.00117085 0.000232547)
(-0.00185105 -0.00117317 0.00023041)
(-0.00185492 -0.00117501 0.000224391)
(-0.00185881 -0.00117773 0.000218707)
(-0.0018626 -0.00118034 0.000218062)
(-0.00186568 -0.00118189 0.000217643)
(-0.00186823 -0.00118317 0.000218042)
(-0.00186852 -0.00118342 0.000218126)
(-0.00186839 -0.00118359 0.000219779)
(-0.00186753 -0.00118264 0.000219196)
(-0.00186654 -0.00118142 0.000215788)
(-0.00186522 -0.00118036 0.000211432)
(-0.00186561 -0.00118117 0.000210855)
(-0.00186547 -0.00118192 0.000213409)
(-0.001864 -0.00118108 0.000218477)
(-0.00186219 -0.00118008 0.000218044)
(-0.0018607 -0.00117993 0.000216127)
(-0.00185922 -0.00117893 0.000212881)
(-0.00185776 -0.00117815 0.000205)
(-0.00185654 -0.00117811 0.000200508)
(-0.00185422 -0.00117716 0.00019828)
(-0.0018536 -0.00117672 0.000194033)
(-0.00185396 -0.00117677 0.00018935)
(-0.0018536 -0.00117686 0.000186644)
(-0.0018522 -0.00117651 0.000187682)
(-0.00185046 -0.00117541 0.000187182)
(-0.00184764 -0.00117337 0.000184695)
(-0.00184485 -0.00117117 0.000180681)
(-0.00184011 -0.00116822 0.000174336)
(-0.00183491 -0.00116513 0.000170383)
(-0.00183069 -0.00116231 0.000167348)
(-0.00182786 -0.00115963 0.000163176)
(-0.0018256 -0.00115793 0.000159819)
(-0.00182382 -0.00115698 0.000160064)
(-0.00182205 -0.00115595 0.000163919)
(-0.00182035 -0.00115472 0.000168564)
(-0.00181844 -0.00115365 0.000172906)
(-0.00181875 -0.00115433 0.000181605)
(-0.00182019 -0.00115519 0.000191205)
(-0.00182131 -0.00115574 0.000199242)
(-0.00182067 -0.0011558 0.000211048)
(-0.0018199 -0.0011555 0.000224433)
(-0.00182225 -0.00115657 0.000236877)
(-0.00182428 -0.0011575 0.000245108)
(-0.00182754 -0.0011591 0.00025258)
(-0.00182908 -0.00115957 0.000255955)
(-0.00183076 -0.0011607 0.000257454)
(-0.00308614 -0.00183277 0.00037477)
(-0.00308787 -0.00183369 0.000372975)
(-0.00308982 -0.00183465 0.000370533)
(-0.00309174 -0.00183571 0.000366035)
(-0.00309241 -0.00183617 0.000358344)
(-0.00309246 -0.00183651 0.000350427)
(-0.00309058 -0.00183612 0.000345356)
(-0.0030879 -0.00183476 0.000341476)
(-0.0030847 -0.00183273 0.000335761)
(-0.00308447 -0.00183303 0.00033162)
(-0.00308875 -0.00183617 0.000333615)
(-0.00309652 -0.00184066 0.000339427)
(-0.00310563 -0.00184599 0.000343825)
(-0.00311095 -0.00184855 0.000346458)
(-0.0031182 -0.00185183 0.000344527)
(-0.00312394 -0.0018545 0.000337334)
(-0.00313033 -0.00185857 0.000330819)
(-0.00313508 -0.00186131 0.000329553)
(-0.00313982 -0.00186354 0.000328406)
(-0.0031435 -0.00186539 0.000328388)
(-0.00314418 -0.001866 0.000328453)
(-0.00314458 -0.00186639 0.000328997)
(-0.00314325 -0.00186519 0.000328257)
(-0.00314158 -0.00186348 0.000323467)
(-0.00313948 -0.00186198 0.00031905)
(-0.00313724 -0.00186159 0.00031802)
(-0.0031364 -0.00186193 0.000322666)
(-0.00313478 -0.00186094 0.000329047)
(-0.00313176 -0.0018594 0.000327868)
(-0.00313087 -0.00185969 0.000324541)
(-0.0031279 -0.00185795 0.000319761)
(-0.00312498 -0.00185654 0.000309549)
(-0.00312271 -0.00185608 0.00030381)
(-0.00311954 -0.00185474 0.000300346)
(-0.00311734 -0.00185337 0.000293893)
(-0.0031169 -0.00185294 0.000287354)
(-0.0031154 -0.00185252 0.000283483)
(-0.00311232 -0.00185129 0.000284039)
(-0.00311002 -0.00184982 0.000284597)
(-0.00310627 -0.00184742 0.000282091)
(-0.00310149 -0.00184425 0.000277431)
(-0.0030951 -0.00184056 0.000271043)
(-0.00308792 -0.00183636 0.000268688)
(-0.00308391 -0.00183354 0.000266218)
(-0.00308064 -0.00183072 0.000261032)
(-0.00307825 -0.00182897 0.000256751)
(-0.00307539 -0.00182731 0.000256353)
(-0.00307259 -0.00182561 0.00026186)
(-0.00306911 -0.00182313 0.000266814)
(-0.00306713 -0.0018221 0.000272078)
(-0.00306748 -0.00182276 0.000282765)
(-0.00306964 -0.00182391 0.000293512)
(-0.00307179 -0.00182512 0.000303556)
(-0.00307074 -0.00182511 0.000317259)
(-0.00307042 -0.00182506 0.000333556)
(-0.00307195 -0.00182561 0.00034823)
(-0.00307402 -0.00182677 0.000358593)
(-0.00307833 -0.00182887 0.000368406)
(-0.00308115 -0.00182991 0.000372032)
(-0.00308402 -0.00183164 0.000374191)
(-0.00503379 -0.00270538 0.000510204)
(-0.00503597 -0.00270662 0.000509259)
(-0.0050386 -0.00270795 0.000507203)
(-0.00504204 -0.00270986 0.000502528)
(-0.00504335 -0.00271048 0.000494271)
(-0.00504494 -0.00271169 0.000485621)
(-0.00504306 -0.00271142 0.000479689)
(-0.00504059 -0.00271018 0.000474949)
(-0.00503944 -0.00270926 0.000469038)
(-0.00503922 -0.00270965 0.000462777)
(-0.00504389 -0.00271289 0.000464068)
(-0.00505279 -0.0027178 0.00046922)
(-0.00506419 -0.00272403 0.000473929)
(-0.00507148 -0.00272718 0.000476943)
(-0.00507947 -0.00273026 0.000474275)
(-0.00508607 -0.00273313 0.000466083)
(-0.00509276 -0.00273709 0.000459177)
(-0.00509784 -0.0027396 0.000457537)
(-0.00510504 -0.00274272 0.000456027)
(-0.00510997 -0.00274512 0.000455569)
(-0.00511188 -0.00274665 0.000456)
(-0.00511367 -0.00274761 0.000456827)
(-0.00511378 -0.0027472 0.000454917)
(-0.00511197 -0.00274546 0.000449617)
(-0.00511091 -0.00274461 0.000443876)
(-0.0051101 -0.00274488 0.000443917)
(-0.00510893 -0.00274521 0.000451431)
(-0.00510656 -0.00274374 0.00045887)
(-0.00510206 -0.00274154 0.000457482)
(-0.00509815 -0.00274059 0.000453126)
(-0.00509638 -0.00273952 0.000445292)
(-0.00509228 -0.00273775 0.000432986)
(-0.00508868 -0.00273674 0.000427077)
(-0.00508418 -0.0027348 0.000421211)
(-0.00508018 -0.00273271 0.000412573)
(-0.00507654 -0.00273064 0.000404129)
(-0.00507209 -0.00272877 0.000398123)
(-0.00506785 -0.0027272 0.000397857)
(-0.00506358 -0.00272467 0.00039983)
(-0.00505892 -0.00272208 0.000398067)
(-0.0050523 -0.00271843 0.000393183)
(-0.00504352 -0.00271399 0.000387494)
(-0.00503639 -0.0027101 0.000386625)
(-0.00503162 -0.0027069 0.000384082)
(-0.00502858 -0.00270432 0.00037855)
(-0.00502555 -0.0027023 0.000373793)
(-0.0050205 -0.00269947 0.000373762)
(-0.00501599 -0.00269679 0.000381421)
(-0.00501245 -0.00269418 0.00038702)
(-0.00500885 -0.00269234 0.000393502)
(-0.00500908 -0.00269279 0.00040465)
(-0.00501132 -0.00269379 0.000416542)
(-0.00501304 -0.00269481 0.00042831)
(-0.00501337 -0.00269556 0.000444445)
(-0.00501362 -0.00269578 0.000463107)
(-0.00501542 -0.00269656 0.000477978)
(-0.00501751 -0.00269789 0.000490487)
(-0.0050228 -0.00270022 0.000502103)
(-0.00502711 -0.0027018 0.000506885)
(-0.00503104 -0.00270395 0.000509127)
(-0.00764084 -0.00352945 0.00063988)
(-0.00764365 -0.00353093 0.000640114)
(-0.00764631 -0.00353208 0.000638249)
(-0.00765011 -0.00353402 0.000633751)
(-0.00765264 -0.00353491 0.000624862)
(-0.00765587 -0.00353665 0.000616385)
(-0.00765432 -0.00353667 0.000610164)
(-0.00765419 -0.0035366 0.000605558)
(-0.00765429 -0.00353623 0.0005977)
(-0.00765614 -0.00353763 0.000589315)
(-0.00766181 -0.00354099 0.000588581)
(-0.00766909 -0.00354477 0.000592408)
(-0.00768088 -0.00355062 0.000597564)
(-0.00768997 -0.00355402 0.000599413)
(-0.00769903 -0.00355694 0.000596332)
(-0.00770535 -0.0035593 0.000587549)
(-0.00771028 -0.00356212 0.000580989)
(-0.0077147 -0.00356395 0.000579639)
(-0.00772257 -0.00356685 0.000577912)
(-0.00772881 -0.00356965 0.000577151)
(-0.0077336 -0.00357264 0.000578945)
(-0.00773552 -0.00357346 0.000578724)
(-0.00773674 -0.00357352 0.000575827)
(-0.00773517 -0.003572 0.000570969)
(-0.00773219 -0.00357033 0.000564726)
(-0.00772993 -0.00357013 0.000565873)
(-0.00772817 -0.00357032 0.000575819)
(-0.00772889 -0.00357009 0.000584472)
(-0.00772359 -0.00356771 0.000581397)
(-0.00772111 -0.00356749 0.000575906)
(-0.00771789 -0.00356567 0.000566782)
(-0.00771212 -0.00356351 0.000552791)
(-0.00770533 -0.00356118 0.000546004)
(-0.0076986 -0.00355839 0.000538953)
(-0.00769305 -0.00355583 0.000529094)
(-0.00768792 -0.00355336 0.000519423)
(-0.00768105 -0.0035507 0.000511105)
(-0.00767687 -0.00354952 0.000510793)
(-0.00767372 -0.00354785 0.000514105)
(-0.00766918 -0.00354564 0.000512638)
(-0.00766171 -0.00354222 0.000507564)
(-0.00765346 -0.0035388 0.000503345)
(-0.00764761 -0.00353602 0.000503459)
(-0.00764375 -0.0035334 0.000500757)
(-0.00763951 -0.00353054 0.00049392)
(-0.00763378 -0.0035274 0.0004877)
(-0.00762397 -0.00352278 0.000487257)
(-0.00761639 -0.00351884 0.000495806)
(-0.00761249 -0.00351613 0.000502397)
(-0.00760796 -0.003514 0.000509258)
(-0.00760625 -0.00351333 0.000522106)
(-0.00760526 -0.0035125 0.000533383)
(-0.0076068 -0.00351349 0.000546765)
(-0.0076084 -0.00351493 0.000563674)
(-0.00761121 -0.00351637 0.000584161)
(-0.00761613 -0.00351867 0.000599101)
(-0.00761964 -0.00352092 0.000613815)
(-0.00762721 -0.00352376 0.000628131)
(-0.00763366 -0.00352594 0.000634664)
(-0.00763706 -0.00352752 0.000638362)
(-0.0100454 -0.0037332 0.000706035)
(-0.0100492 -0.00373479 0.000707717)
(-0.0100514 -0.00373545 0.000706031)
(-0.0100571 -0.00373771 0.000702569)
(-0.0100599 -0.0037383 0.000694247)
(-0.0100612 -0.00373888 0.000685507)
(-0.0100617 -0.00373983 0.000679041)
(-0.0100642 -0.00374058 0.000674511)
(-0.0100664 -0.00374086 0.000666115)
(-0.0100682 -0.0037421 0.000655858)
(-0.0100734 -0.00374472 0.000653695)
(-0.0100784 -0.00374729 0.000655572)
(-0.0100885 -0.00375162 0.000660717)
(-0.0100963 -0.00375359 0.00066161)
(-0.0101055 -0.00375569 0.000657861)
(-0.0101109 -0.00375751 0.000648336)
(-0.0101144 -0.00375964 0.000642347)
(-0.0101178 -0.00376083 0.000640954)
(-0.0101237 -0.00376252 0.000639416)
(-0.0101292 -0.00376466 0.00063911)
(-0.0101346 -0.00376749 0.000642832)
(-0.0101356 -0.00376765 0.000642666)
(-0.010138 -0.0037679 0.000640408)
(-0.0101367 -0.0037665 0.000635852)
(-0.0101329 -0.00376475 0.000630227)
(-0.0101304 -0.00376471 0.000632369)
(-0.0101284 -0.00376465 0.000643423)
(-0.0101298 -0.00376425 0.000651605)
(-0.0101267 -0.0037629 0.000648128)
(-0.0101256 -0.00376312 0.000642729)
(-0.0101225 -0.0037615 0.000632425)
(-0.010116 -0.0037596 0.000619508)
(-0.0101072 -0.00375703 0.000612816)
(-0.0101005 -0.00375466 0.000604958)
(-0.010094 -0.00375205 0.000594981)
(-0.0100877 -0.00374969 0.000584364)
(-0.0100795 -0.00374717 0.00057503)
(-0.010075 -0.00374633 0.000575455)
(-0.0100718 -0.00374483 0.000578926)
(-0.0100682 -0.00374331 0.000576915)
(-0.0100623 -0.00374114 0.000572312)
(-0.0100542 -0.00373854 0.000568289)
(-0.0100488 -0.00373656 0.000568953)
(-0.0100442 -0.00373394 0.000565595)
(-0.0100408 -0.00373166 0.000558137)
(-0.0100317 -0.00372793 0.00055074)
(-0.0100195 -0.00372357 0.000549555)
(-0.0100099 -0.00371964 0.000558023)
(-0.010004 -0.00371669 0.000565015)
(-0.0100008 -0.00371533 0.000571466)
(-0.0099985 -0.00371439 0.000583814)
(-0.00999747 -0.00371348 0.000594441)
(-0.00999748 -0.00371392 0.000607578)
(-0.00999992 -0.00371575 0.000624953)
(-0.0100062 -0.00371829 0.000645086)
(-0.010012 -0.00372063 0.000659907)
(-0.0100182 -0.00372378 0.000675906)
(-0.0100262 -0.0037261 0.000691517)
(-0.0100334 -0.003728 0.000699827)
(-0.0100397 -0.00373053 0.000704265)
(-0.0107221 -0.00302736 0.000666696)
(-0.0107257 -0.0030285 0.00066993)
(-0.0107306 -0.00302969 0.000668162)
(-0.0107334 -0.00303046 0.000665241)
(-0.0107373 -0.00303093 0.000657752)
(-0.0107382 -0.00303115 0.000649302)
(-0.0107379 -0.00303178 0.000642877)
(-0.0107415 -0.00303264 0.000639068)
(-0.0107441 -0.00303285 0.000630521)
(-0.0107464 -0.00303407 0.000620525)
(-0.0107508 -0.00303589 0.000617435)
(-0.0107537 -0.00303754 0.000617975)
(-0.0107595 -0.00303962 0.000622962)
(-0.0107658 -0.00304035 0.000623096)
(-0.0107734 -0.00304155 0.000618989)
(-0.0107748 -0.00304212 0.000610236)
(-0.0107768 -0.0030437 0.000605341)
(-0.0107785 -0.00304418 0.000604546)
(-0.0107837 -0.00304556 0.000603074)
(-0.0107859 -0.00304662 0.000603497)
(-0.0107919 -0.00304901 0.00060842)
(-0.0107942 -0.00304927 0.00060922)
(-0.0107949 -0.00304865 0.000608366)
(-0.0107932 -0.0030472 0.000604709)
(-0.0107895 -0.00304586 0.000600396)
(-0.0107884 -0.00304639 0.000603293)
(-0.0107861 -0.00304602 0.000613569)
(-0.0107883 -0.00304544 0.000620497)
(-0.0107873 -0.00304469 0.000617414)
(-0.0107871 -0.00304488 0.000612734)
(-0.0107837 -0.00304322 0.000603103)
(-0.0107788 -0.00304224 0.000592126)
(-0.0107709 -0.00304042 0.000586262)
(-0.0107649 -0.00303862 0.000579009)
(-0.0107595 -0.00303674 0.000569467)
(-0.0107545 -0.00303539 0.000558918)
(-0.0107461 -0.00303376 0.000549799)
(-0.0107417 -0.00303327 0.000550249)
(-0.0107385 -0.00303206 0.000552781)
(-0.0107365 -0.00303129 0.000551677)
(-0.0107308 -0.00302974 0.000546952)
(-0.0107241 -0.00302825 0.000544129)
(-0.0107201 -0.00302713 0.000544704)
(-0.0107173 -0.00302541 0.000541194)
(-0.0107121 -0.00302305 0.000533326)
(-0.0107032 -0.00302043 0.000525771)
(-0.01069 -0.00301712 0.000524442)
(-0.0106801 -0.00301429 0.000530796)
(-0.0106744 -0.00301232 0.000537171)
(-0.0106715 -0.00301122 0.000542816)
(-0.0106703 -0.00301072 0.000553694)
(-0.0106698 -0.00301001 0.000563245)
(-0.0106696 -0.0030104 0.000575012)
(-0.0106727 -0.00301211 0.000590515)
(-0.0106809 -0.00301449 0.000607979)
(-0.0106871 -0.00301652 0.000620783)
(-0.010694 -0.00301933 0.000636562)
(-0.0107012 -0.00302072 0.000651256)
(-0.0107074 -0.00302203 0.000659111)
(-0.0107144 -0.00302439 0.000664091)
(-0.00946122 -0.00192082 0.000580681)
(-0.00946611 -0.00192187 0.000584546)
(-0.0094701 -0.00192244 0.00058309)
(-0.00947309 -0.00192298 0.000581312)
(-0.00947527 -0.00192281 0.000574581)
(-0.0094759 -0.00192285 0.000567326)
(-0.00947591 -0.00192339 0.000562292)
(-0.00947925 -0.00192396 0.000558364)
(-0.0094812 -0.001924 0.000550593)
(-0.00948167 -0.00192468 0.000541378)
(-0.00948476 -0.00192575 0.0005383)
(-0.00948564 -0.00192677 0.000538435)
(-0.00948896 -0.0019277 0.000543284)
(-0.00949257 -0.00192733 0.00054244)
(-0.00949594 -0.00192741 0.000538447)
(-0.00949772 -0.00192816 0.000531535)
(-0.00949654 -0.00192875 0.000528347)
(-0.00949788 -0.001929 0.000527169)
(-0.00949995 -0.0019296 0.000525469)
(-0.00950061 -0.00193043 0.000526424)
(-0.00950493 -0.0019319 0.000531417)
(-0.00950813 -0.0019322 0.00053348)
(-0.00950698 -0.00193112 0.000533735)
(-0.00950554 -0.0019299 0.000531582)
(-0.00950304 -0.00192906 0.000528357)
(-0.00950228 -0.00192964 0.000531218)
(-0.0095004 -0.00192916 0.000539703)
(-0.00950345 -0.00192842 0.000544399)
(-0.00950575 -0.00192826 0.000542142)
(-0.00950662 -0.00192836 0.000538706)
(-0.00950459 -0.00192717 0.000531241)
(-0.00950203 -0.00192682 0.0005228)
(-0.00949649 -0.00192585 0.000518222)
(-0.00949329 -0.001925 0.00051181)
(-0.00948966 -0.00192383 0.000503409)
(-0.00948626 -0.00192323 0.000494042)
(-0.00947897 -0.00192263 0.000486276)
(-0.00947489 -0.00192236 0.000487209)
(-0.00947323 -0.00192175 0.00048847)
(-0.0094737 -0.00192179 0.000487347)
(-0.00946849 -0.00192086 0.000483519)
(-0.00946278 -0.00192005 0.00048189)
(-0.00945936 -0.00191933 0.000482467)
(-0.00945639 -0.00191782 0.00047857)
(-0.00945251 -0.00191632 0.000470991)
(-0.0094428 -0.00191461 0.000464232)
(-0.00943172 -0.00191299 0.00046303)
(-0.00942384 -0.00191167 0.000467565)
(-0.0094175 -0.00191033 0.000473034)
(-0.00941459 -0.00190945 0.000477566)
(-0.0094144 -0.00190934 0.000485658)
(-0.00941301 -0.00190868 0.00049334)
(-0.00941158 -0.00190868 0.000502677)
(-0.00941543 -0.0019101 0.000515895)
(-0.00942368 -0.00191172 0.00052902)
(-0.00943132 -0.0019137 0.00053957)
(-0.0094355 -0.00191525 0.00055357)
(-0.00944071 -0.00191571 0.00056637)
(-0.00944779 -0.0019169 0.000573245)
(-0.00945397 -0.0019186 0.000577616)
(-0.00697501 -0.000970552 0.000465068)
(-0.00698037 -0.000971361 0.000468358)
(-0.00698386 -0.000971673 0.000468201)
(-0.00698697 -0.000972004 0.000466787)
(-0.00698739 -0.000971581 0.000462116)
(-0.00698696 -0.000971458 0.000456647)
(-0.0069868 -0.000971847 0.000452683)
(-0.00698929 -0.000972122 0.000449224)
(-0.00699064 -0.00097212 0.000442549)
(-0.0069895 -0.000972541 0.000434771)
(-0.00698999 -0.000973049 0.000432674)
(-0.0069903 -0.00097382 0.000433154)
(-0.0069899 -0.000973829 0.000437126)
(-0.0069924 -0.000973046 0.000435939)
(-0.00699349 -0.000972918 0.000431752)
(-0.00699145 -0.000973047 0.000426811)
(-0.00698962 -0.000973382 0.000425088)
(-0.00698946 -0.000973256 0.000424357)
(-0.00699149 -0.000973808 0.00042178)
(-0.00699093 -0.000974503 0.000422706)
(-0.00699225 -0.000975234 0.000426654)
(-0.00699459 -0.000975395 0.000429737)
(-0.00699338 -0.00097447 0.000431151)
(-0.00699192 -0.000973448 0.000430395)
(-0.00699074 -0.000972952 0.000428031)
(-0.00699094 -0.000973564 0.000430148)
(-0.00699116 -0.000973266 0.000436574)
(-0.00699637 -0.000972762 0.000439306)
(-0.00699986 -0.000972641 0.000437079)
(-0.00700172 -0.000972688 0.000435102)
(-0.00700182 -0.00097201 0.000429562)
(-0.00700064 -0.00097188 0.00042421)
(-0.00699874 -0.000971562 0.00042103)
(-0.0069966 -0.000970994 0.000416066)
(-0.00699671 -0.000970578 0.00040914)
(-0.00699462 -0.000970424 0.000401458)
(-0.00698994 -0.000970582 0.000396085)
(-0.00698622 -0.000970385 0.000396358)
(-0.00698587 -0.000970047 0.000396905)
(-0.00698727 -0.000970289 0.000395931)
(-0.00698434 -0.000970033 0.000393694)
(-0.0069788 -0.000969555 0.000392759)
(-0.00697822 -0.000969364 0.000393611)
(-0.00697491 -0.000968072 0.000390064)
(-0.00697095 -0.000967046 0.000382949)
(-0.00696364 -0.000966501 0.000377105)
(-0.00695472 -0.000965949 0.000376678)
(-0.00694682 -0.000965237 0.000379415)
(-0.00694157 -0.000964616 0.000383871)
(-0.00693995 -0.000964051 0.000386818)
(-0.00693852 -0.000963899 0.00039195)
(-0.0069367 -0.000963517 0.000398136)
(-0.00693553 -0.000963503 0.000405059)
(-0.00693769 -0.000964094 0.000414255)
(-0.00694543 -0.000965117 0.000423118)
(-0.00695112 -0.000966531 0.000431621)
(-0.00695443 -0.000967573 0.000443443)
(-0.0069578 -0.000967444 0.000454057)
(-0.00696303 -0.000967963 0.000459078)
(-0.00696845 -0.000969085 0.000462143)
(-0.00457604 -0.00044311 0.000346377)
(-0.00458055 -0.000443706 0.000348838)
(-0.0045834 -0.000443897 0.000349628)
(-0.00458632 -0.000444133 0.000348894)
(-0.00458654 -0.00044383 0.000346324)
(-0.00458481 -0.00044369 0.000342207)
(-0.00458489 -0.000443974 0.00033927)
(-0.00458488 -0.000443878 0.000336115)
(-0.00458578 -0.000443926 0.000330784)
(-0.00458435 -0.000444396 0.000324853)
(-0.00458212 -0.000444613 0.000323268)
(-0.00458086 -0.00044507 0.000324501)
(-0.00457897 -0.000444666 0.000327683)
(-0.00458013 -0.000443645 0.000326195)
(-0.00457874 -0.000443395 0.00032183)
(-0.00457536 -0.00044344 0.00031825)
(-0.00457374 -0.000443661 0.00031706)
(-0.00457354 -0.000443472 0.000316787)
(-0.00457287 -0.000443693 0.000314386)
(-0.00457114 -0.000444301 0.000314804)
(-0.00457183 -0.000444998 0.000317965)
(-0.00457274 -0.000445098 0.000320897)
(-0.00457298 -0.000444474 0.000322936)
(-0.00457285 -0.000443701 0.000323143)
(-0.00457163 -0.000443316 0.000321512)
(-0.00457201 -0.000443778 0.000323226)
(-0.00457543 -0.000443727 0.000327907)
(-0.00458183 -0.000443387 0.000328983)
(-0.00458621 -0.000443311 0.00032735)
(-0.00458899 -0.000443368 0.000325924)
(-0.00459074 -0.000443004 0.000322511)
(-0.00459077 -0.000442955 0.000319328)
(-0.00459059 -0.000442752 0.000317448)
(-0.00459033 -0.000442413 0.00031367)
(-0.00459226 -0.000442267 0.000308541)
(-0.00459166 -0.000442229 0.000302845)
(-0.00458806 -0.000442624 0.000298761)
(-0.00458599 -0.000442547 0.000298874)
(-0.00458763 -0.000442406 0.000298938)
(-0.00458905 -0.000442635 0.000298311)
(-0.00458819 -0.000442721 0.000296868)
(-0.00458513 -0.000442673 0.000296788)
(-0.00458228 -0.000442244 0.000297807)
(-0.00458076 -0.000441246 0.000294799)
(-0.00457758 -0.000440642 0.000288958)
(-0.00457118 -0.000440612 0.000284503)
(-0.00456399 -0.000440563 0.000284128)
(-0.00455656 -0.000440344 0.000285444)
(-0.00455307 -0.000440134 0.00028925)
(-0.00455153 -0.000439616 0.000291154)
(-0.00454939 -0.000439419 0.000293766)
(-0.00454768 -0.000439318 0.000298109)
(-0.00454517 -0.00043916 0.000302522)
(-0.00454915 -0.000439605 0.000308609)
(-0.00455299 -0.000439991 0.000313792)
(-0.00455754 -0.000441145 0.000319969)
(-0.00455992 -0.000441813 0.000330128)
(-0.0045623 -0.000441462 0.000338361)
(-0.00456596 -0.000441544 0.000342077)
(-0.00457082 -0.00044216 0.000343833)
)
;
    }
    front
    {
        type            cyclic;
    }
    back
    {
        type            cyclic;
    }
}


// ************************************************************************* //
