/*--------------------------------*- C++ -*----------------------------------*\
  =========                 |
  \\      /  F ield         | OpenFOAM: The Open Source CFD Toolbox
   \\    /   O peration     | Website:  https://openfoam.org
    \\  /    A nd           | Version:  13
     \\/     M anipulation  |
\*---------------------------------------------------------------------------*/
FoamFile
{
    format      ascii;
    class       volVectorField;
    location    "0.5";
    object      wallShearStress;
}
// * * * * * * * * * * * * * * * * * * * * * * * * * * * * * * * * * * * * * //

dimensions      [0 2 -2 0 0 0 0];

internalField   uniform (0 0 0);

boundaryField
{
    inlet
    {
        type            cyclic;
    }
    outlet
    {
        type            cyclic;
    }
    top
    {
        type            calculated;
        value           uniform (0 0 0);
    }
    hills
    {
        type            calculated;
        value           nonuniform List<vector> 
7200
(
(-0.00439939 -0.000421605 0.000591416)
(-0.00452536 -0.000439164 0.000510797)
(-0.00462661 -0.000454762 0.000422361)
(-0.00470802 -0.000468364 0.000326119)
(-0.00477275 -0.000479869 0.000222535)
(-0.00482286 -0.00048887 0.000112401)
(-0.00486091 -0.000495548 -2.40279e-06)
(-0.00488556 -0.000499499 -0.000113702)
(-0.00531862 -0.000546785 -0.000268653)
(-0.00491049 -0.000511406 -0.000369449)
(-0.00489418 -0.000497809 -0.000485603)
(-0.00488512 -0.000460741 -0.000610117)
(-0.0047136 -0.000414153 -0.000715234)
(-0.00457583 -0.000369798 -0.000813659)
(-0.00443822 -0.000323119 -0.000903293)
(-0.00429642 -0.000275696 -0.000983156)
(-0.00415243 -0.000228865 -0.00105424)
(-0.00401517 -0.000184942 -0.00111981)
(-0.00389041 -0.000145347 -0.00118352)
(-0.0037817 -0.000109044 -0.00124627)
(-0.00368926 -7.63297e-05 -0.00130572)
(-0.0036068 -5.02033e-05 -0.00135941)
(-0.00353678 -2.94578e-05 -0.00141069)
(-0.00348029 -1.18816e-05 -0.00146221)
(-0.0035175 8.15912e-06 -0.00154972)
(-0.0035724 2.32971e-05 -0.0016792)
(-0.00355204 4.33888e-05 -0.00182933)
(-0.00372602 5.71973e-05 -0.00206038)
(-0.00380142 6.14527e-05 -0.0022959)
(-0.00385404 4.33661e-05 -0.00256743)
(-0.00318748 -3.59905e-06 -0.00232209)
(-0.00288052 -6.05363e-05 -0.0021674)
(-0.0025739 -0.000124329 -0.00176233)
(-0.00206088 -0.00020181 -0.00101607)
(-0.00191021 -0.000264999 0.000166778)
(-0.00245006 -0.000137603 0.00188449)
(-0.00371077 7.07229e-05 0.0028422)
(-0.00373859 0.000162438 0.00210474)
(-0.00399654 0.000132233 0.00153554)
(-0.00262885 -0.000103652 0.000773033)
(-0.002369 -0.000197824 0.0011478)
(-0.00240564 -0.000216639 0.00143155)
(-0.00249687 -0.000228117 0.00156953)
(-0.00259013 -0.000237642 0.00165443)
(-0.00284594 -0.000259455 0.00177802)
(-0.00291799 -0.000265117 0.00175532)
(-0.00302612 -0.000274849 0.00173501)
(-0.00318419 -0.000290356 0.00172735)
(-0.00311761 -0.000285872 0.00159094)
(-0.00314654 -0.000289534 0.00150329)
(-0.00319237 -0.000293678 0.00142157)
(-0.00326698 -0.000298452 0.00134638)
(-0.00327212 -0.000293937 0.00123088)
(-0.0032884 -0.000291076 0.00111374)
(-0.00337041 -0.000298802 0.00101112)
(-0.0035519 -0.000318443 0.000936476)
(-0.00376361 -0.000342038 0.000877941)
(-0.00396413 -0.000364656 0.000816876)
(-0.00412077 -0.000383427 0.000743028)
(-0.0042563 -0.000401717 0.000666112)
(-0.00288147 -0.000172175 0.000317382)
(-0.00298622 -0.000182437 0.000275782)
(-0.00306068 -0.000190881 0.000226948)
(-0.00310989 -0.000197993 0.000169392)
(-0.00340225 -0.000219805 0.000112156)
(-0.00350816 -0.000228711 3.56809e-05)
(-0.00359989 -0.000235099 -4.66828e-05)
(-0.00368723 -0.000239822 -0.000126765)
(-0.00373798 -0.00024257 -0.000216252)
(-0.00335654 -0.000218179 -0.000268303)
(-0.00346934 -0.000214273 -0.000345554)
(-0.00348935 -0.000180462 -0.000425293)
(-0.00342182 -0.000150491 -0.00049775)
(-0.00341128 -0.000123163 -0.000575678)
(-0.00343009 -9.58996e-05 -0.000654716)
(-0.00345323 -6.87053e-05 -0.00072731)
(-0.00347049 -4.09551e-05 -0.000795907)
(-0.00348466 -1.48324e-05 -0.000863585)
(-0.00348625 1.02348e-05 -0.000931344)
(-0.00353314 3.57848e-05 -0.00101615)
(-0.0036438 6.02686e-05 -0.00112338)
(-0.00372784 8.06289e-05 -0.00122425)
(-0.00379928 9.82525e-05 -0.00132337)
(-0.00387661 0.000115108 -0.00142721)
(-0.0040977 0.000134768 -0.00158841)
(-0.00385795 0.000144154 -0.00166456)
(-0.00408549 0.000159345 -0.00188643)
(-0.00438098 0.000172489 -0.00216279)
(-0.0046279 0.000179722 -0.00249575)
(-0.00481683 0.000165631 -0.00287172)
(-0.00382594 9.36075e-05 -0.00248865)
(-0.00315088 2.08254e-05 -0.00210652)
(-0.00266903 -5.69708e-05 -0.00157527)
(-0.00202026 -0.000179008 -0.000780872)
(-0.0021738 -0.000185779 0.000970287)
(-0.00267005 4.17808e-05 0.00215046)
(-0.00348156 0.000193571 0.0024859)
(-0.00415242 0.000267997 0.00219659)
(-0.00411876 0.000226629 0.00152558)
(-0.00229426 -1.09687e-05 0.000671012)
(-0.00194631 -9.21215e-05 0.000997752)
(-0.00197138 -9.61601e-05 0.00123612)
(-0.00182694 -8.86005e-05 0.0012068)
(-0.00178849 -8.53922e-05 0.00119281)
(-0.00183676 -8.94332e-05 0.00119602)
(-0.00196741 -9.69444e-05 0.00123016)
(-0.00197602 -9.78374e-05 0.00117468)
(-0.0020113 -9.97201e-05 0.00112945)
(-0.00208807 -0.00010398 0.00110239)
(-0.00200355 -9.97809e-05 0.000989248)
(-0.00198365 -9.834e-05 0.000909793)
(-0.00197481 -9.65674e-05 0.000833335)
(-0.00194639 -9.32202e-05 0.000742646)
(-0.00202337 -9.54119e-05 0.000676507)
(-0.00212616 -0.000103955 0.000605762)
(-0.00213003 -0.000110135 0.000507582)
(-0.00243217 -0.000132157 0.000490987)
(-0.00267337 -0.000149967 0.000466884)
(-0.00285094 -0.000162553 0.000430176)
(-0.00279696 -0.000162173 0.000359675)
(-0.00197808 -8.46227e-05 0.00012227)
(-0.00207328 -9.16006e-05 0.00010863)
(-0.00214855 -9.93584e-05 8.86409e-05)
(-0.00219741 -0.000107274 5.73479e-05)
(-0.00225557 -0.000114595 1.50045e-05)
(-0.00232335 -0.000119434 -3.71152e-05)
(-0.00240704 -0.000120611 -9.45091e-05)
(-0.00250386 -0.000118343 -0.00014569)
(-0.0026133 -0.000114498 -0.000195599)
(-0.00238708 -9.48826e-05 -0.000214291)
(-0.00255222 -8.9422e-05 -0.000270446)
(-0.00254803 -4.8897e-05 -0.00031927)
(-0.0025313 -1.77467e-05 -0.000375652)
(-0.00260064 1.30627e-05 -0.000457792)
(-0.00270479 5.76779e-05 -0.000545687)
(-0.00279455 0.000105112 -0.000613813)
(-0.00288355 0.000146737 -0.00067465)
(-0.00295975 0.00018944 -0.000728777)
(-0.00303161 0.000214928 -0.000781716)
(-0.00313067 0.000237349 -0.000853194)
(-0.00327281 0.000257756 -0.000945308)
(-0.00340484 0.000276037 -0.00104085)
(-0.00352445 0.000293913 -0.00113914)
(-0.0036437 0.000312758 -0.00124654)
(-0.00381095 0.000331885 -0.00138478)
(-0.00375569 0.00034166 -0.00150089)
(-0.00404502 0.000362947 -0.00171177)
(-0.00439092 0.000390734 -0.00199808)
(-0.00465389 0.000407248 -0.0023241)
(-0.00411294 0.000346666 -0.00226724)
(-0.00368204 0.000284737 -0.00219361)
(-0.00306843 0.000196139 -0.0018251)
(-0.00247052 6.89212e-05 -0.001225)
(-0.00160935 -6.93484e-05 -0.000211098)
(-0.00240192 7.47976e-06 0.00164247)
(-0.00293503 0.000255946 0.00242072)
(-0.0033196 0.000356681 0.00230069)
(-0.00409076 0.000440449 0.00206869)
(-0.00385856 0.000352595 0.00139686)
(-0.00189079 7.23111e-05 0.000675868)
(-0.00162149 -3.29705e-05 0.000946777)
(-0.00152924 -6.68891e-05 0.00101379)
(-0.00143282 -9.5983e-05 0.000957764)
(-0.00137941 -0.000107096 0.000904091)
(-0.00136378 -0.000107585 0.000860125)
(-0.00136043 -0.000106999 0.000820272)
(-0.00137224 -0.000107206 0.000785122)
(-0.00138526 -0.000105902 0.000747283)
(-0.00131096 -9.78162e-05 0.000663742)
(-0.0012714 -9.40377e-05 0.000600453)
(-0.00123174 -9.13286e-05 0.000536903)
(-0.001179 -8.68046e-05 0.00046571)
(-0.000945657 -6.74119e-05 0.000329415)
(-0.000899877 -6.04291e-05 0.000262996)
(-0.00100832 -6.20636e-05 0.000232144)
(-0.00125729 -7.25158e-05 0.000210209)
(-0.00139382 -7.33107e-05 0.000166028)
(-0.00156377 -7.53763e-05 0.000149325)
(-0.00170769 -7.63256e-05 0.000141848)
(-0.00186678 -8.01556e-05 0.000133339)
(8.68528e-05 -6.09019e-05 -0.00014807)
(8.4336e-05 -6.01203e-05 -0.000139816)
(9.19994e-05 -6.4159e-05 -0.000140114)
(0.000106904 -7.17874e-05 -0.000146387)
(0.000119235 -7.96363e-05 -0.000151892)
(0.000114315 -8.08336e-05 -0.000146554)
(8.89141e-05 -7.23299e-05 -0.000127398)
(5.41291e-05 -5.78873e-05 -9.92411e-05)
(2.26798e-05 -4.01755e-05 -6.68944e-05)
(1.76678e-05 -3.50815e-05 -5.6721e-05)
(-2.8438e-08 -2.27229e-05 -3.68685e-05)
(-7.54521e-06 -1.93828e-05 -3.38582e-05)
(-1.96602e-05 -2.05907e-05 -3.94819e-05)
(-4.85797e-05 -2.2847e-05 -5.20619e-05)
(-0.000181907 -2.47615e-05 -0.000100075)
(-0.000538983 -5.6678e-06 -0.000186893)
(-0.000968305 4.18898e-05 -0.000300214)
(-0.0014767 0.000107016 -0.000446674)
(-0.00168162 0.000143419 -0.000516726)
(-0.00184563 0.000176572 -0.000582572)
(-0.00203468 0.000210854 -0.000664146)
(-0.00220648 0.000242925 -0.000746508)
(-0.00236944 0.000279395 -0.000837135)
(-0.00253465 0.000318791 -0.000943835)
(-0.00272642 0.000360158 -0.00108001)
(-0.0028066 0.000405083 -0.00120447)
(-0.00306042 0.000463004 -0.00138725)
(-0.00330015 0.000514589 -0.00159837)
(-0.00339255 0.000538269 -0.00177868)
(-0.00286459 0.000450438 -0.0016282)
(-0.00246153 0.000365828 -0.00148023)
(-0.00183402 0.000250111 -0.00106194)
(-0.00124095 0.000114183 -0.000554055)
(-0.00111271 6.65249e-05 0.000435799)
(-0.00194948 0.000275556 0.00185414)
(-0.00235182 0.000460789 0.00220143)
(-0.00275078 0.000568454 0.00204947)
(-0.00316693 0.000602731 0.00173072)
(-0.0023614 0.000350851 0.00103659)
(-0.000791812 2.96742e-05 0.000461748)
(-0.000118456 -3.32374e-05 0.000159377)
(6.19058e-06 -2.72845e-05 4.69515e-05)
(0.000108273 -8.33656e-05 5.89218e-05)
(0.000254683 -0.000151038 4.83349e-05)
(0.000277991 -0.000157521 2.31091e-05)
(0.00029282 -0.000159145 2.52192e-06)
(0.000313815 -0.000163148 -1.85695e-05)
(0.000334244 -0.000165947 -3.96965e-05)
(0.000357748 -0.000169368 -6.06136e-05)
(0.000406164 -0.000180866 -9.21162e-05)
(0.000474398 -0.000198742 -0.000140676)
(0.000533211 -0.000214185 -0.000194839)
(0.000614995 -0.000240943 -0.000263622)
(0.000590179 -0.000227182 -0.000293722)
(0.000513846 -0.000196461 -0.000303782)
(0.000444954 -0.000172544 -0.000318223)
(0.000320213 -0.000138319 -0.000293438)
(0.00020697 -0.000105398 -0.000241805)
(0.000141505 -8.31828e-05 -0.000199154)
(0.000106227 -6.91443e-05 -0.000169705)
(0.00195925 -0.000648174 -0.00124809)
(0.00202243 -0.000665003 -0.00124743)
(0.00209099 -0.000681798 -0.00122753)
(0.00216066 -0.000700679 -0.00119861)
(0.00222949 -0.000724431 -0.00117042)
(0.00229234 -0.000752065 -0.00115267)
(0.00234261 -0.000778786 -0.00114688)
(0.00237708 -0.000799479 -0.00113744)
(0.00238445 -0.000807205 -0.00110474)
(0.00236325 -0.000791557 -0.00103671)
(0.00234061 -0.0007841 -0.000950445)
(0.00229755 -0.000763272 -0.000835153)
(0.00224095 -0.000734242 -0.000676746)
(0.00209242 -0.000684097 -0.000438111)
(0.00186158 -0.00063762 -0.000247623)
(0.00178947 -0.000664342 0.000180589)
(0.00128588 -0.000479164 0.000313269)
(0.00137309 -0.000513889 0.000345528)
(0.00112995 -0.000410047 0.000302859)
(0.000928093 -0.000328446 0.000276775)
(0.000667769 -0.00023486 0.000216748)
(0.000444547 -0.000158292 0.000156197)
(0.000278297 -0.00010497 0.000106502)
(0.000180385 -7.39921e-05 7.1971e-05)
(9.01648e-05 -3.97269e-05 3.36575e-05)
(1.05549e-05 -7.56654e-06 -3.31219e-07)
(-1.76212e-05 -1.0975e-06 -1.3448e-05)
(-6.23951e-05 7.14199e-06 -3.98203e-05)
(-0.000121962 1.69513e-05 -7.67508e-05)
(-0.000138741 1.60984e-05 -8.27614e-05)
(-6.78548e-05 1.92767e-06 -2.5054e-05)
(-4.01901e-05 -2.88245e-06 3.18642e-05)
(-0.00017991 1.81861e-05 0.000212189)
(-0.000524016 9.41819e-05 0.000763132)
(-0.00113585 0.000269927 0.00158292)
(-0.00127112 0.000353278 0.0015225)
(-0.00143767 0.00041503 0.0013488)
(-0.00132862 0.000333282 0.000982536)
(-0.000208464 1.89671e-05 0.000217004)
(0.00017526 -0.000113199 0.000140823)
(0.000579681 -0.000295094 0.000124277)
(0.000535581 -0.000250499 6.74384e-05)
(0.000718617 -0.000305172 4.71947e-05)
(0.000723735 -0.000286924 1.75316e-05)
(0.000746669 -0.000285907 -1.78012e-05)
(0.000849193 -0.000319258 -5.86182e-05)
(0.00089682 -0.000332277 -0.000101834)
(0.00093095 -0.000338596 -0.000142895)
(0.000962057 -0.000339836 -0.000183228)
(0.00102945 -0.000361733 -0.000237004)
(0.0010821 -0.000380046 -0.00030348)
(0.00107779 -0.000380339 -0.00035953)
(0.00116889 -0.000408727 -0.000449997)
(0.00121456 -0.000422111 -0.000528871)
(0.00130061 -0.000450019 -0.00063596)
(0.00141376 -0.000485274 -0.000763684)
(0.0015622 -0.000533778 -0.000920688)
(0.00170808 -0.000581289 -0.00106208)
(0.0018073 -0.000610284 -0.00115343)
(0.00188949 -0.000630357 -0.00121526)
(0.00173845 -0.000795928 -0.00119519)
(0.00179417 -0.000812009 -0.00120084)
(0.00186572 -0.000833202 -0.00119403)
(0.00194323 -0.000858396 -0.00118155)
(0.00202343 -0.000889455 -0.00117339)
(0.00209487 -0.00092244 -0.00117493)
(0.00214026 -0.000947159 -0.00118104)
(0.00214243 -0.000950728 -0.00116802)
(0.00209305 -0.00093069 -0.00111648)
(0.00201242 -0.000887908 -0.00102898)
(0.00187055 -0.000824827 -0.000896918)
(0.00170341 -0.000745824 -0.000737959)
(0.00166378 -0.000713978 -0.000597576)
(0.00140302 -0.000595664 -0.000311149)
(0.00128797 -0.000560052 -0.000147528)
(0.00145195 -0.000667415 0.000310414)
(0.00123211 -0.000529683 0.000418545)
(0.00147873 -0.000606905 0.000547308)
(0.00155674 -0.000613293 0.000631854)
(0.00164542 -0.000625565 0.000713757)
(0.0017056 -0.000634435 0.000786226)
(0.00172725 -0.000639729 0.000859651)
(0.00179332 -0.000668815 0.000964621)
(0.00186028 -0.00070469 0.00106793)
(0.00189361 -0.000730877 0.00115549)
(0.00187277 -0.000741563 0.00123429)
(0.00184391 -0.000742148 0.00132039)
(0.00179432 -0.0007302 0.00140923)
(0.00172313 -0.000705999 0.00150095)
(0.00166049 -0.000687315 0.00162626)
(0.00155748 -0.000650572 0.00173014)
(0.00139923 -0.000597286 0.00175492)
(0.00115809 -0.000538899 0.00161893)
(0.000881444 -0.000456068 0.00134703)
(0.000583848 -0.000320876 0.000973824)
(0.000453443 -0.000243984 0.000808908)
(0.00030756 -0.000162782 0.000458007)
(0.000356389 -0.000200046 0.000262848)
(0.000758619 -0.000429455 0.000225873)
(0.000614823 -0.000352986 0.000133512)
(0.000635296 -0.000365912 0.000121037)
(0.000609329 -0.000342425 8.84612e-05)
(0.000600234 -0.000322322 5.99445e-05)
(0.000606667 -0.000314175 3.59671e-05)
(0.000627448 -0.000319461 9.57007e-06)
(0.000668725 -0.000340157 -1.90765e-05)
(0.000721327 -0.00036497 -5.48862e-05)
(0.000769261 -0.000382558 -9.5006e-05)
(0.000824559 -0.000402463 -0.000139273)
(0.000903471 -0.000440528 -0.000192761)
(0.000987209 -0.000486697 -0.000267061)
(0.00108612 -0.000543343 -0.000358388)
(0.00116457 -0.000583764 -0.000454064)
(0.00122086 -0.00060925 -0.000548078)
(0.00126535 -0.000628489 -0.000641591)
(0.00136396 -0.000677209 -0.000763296)
(0.00147823 -0.000727018 -0.000903607)
(0.00157519 -0.000758186 -0.00102718)
(0.00164806 -0.00077583 -0.00111754)
(0.0016955 -0.000784559 -0.00116919)
(0.00123299 -0.00068535 -0.000947857)
(0.00128087 -0.000697365 -0.000956582)
(0.00134367 -0.00071753 -0.000959625)
(0.00141217 -0.00074369 -0.000961416)
(0.00148159 -0.00077518 -0.000969313)
(0.00153674 -0.000803803 -0.000983099)
(0.00156626 -0.000823074 -0.00100036)
(0.00155215 -0.000817347 -0.000998003)
(0.00152604 -0.00080938 -0.000982811)
(0.0014381 -0.000764029 -0.00091468)
(0.0013213 -0.000707745 -0.000811609)
(0.00112335 -0.000604202 -0.000650122)
(0.000945246 -0.000502485 -0.000479916)
(0.000865812 -0.000457033 -0.000317766)
(0.00102127 -0.000580749 -6.70873e-05)
(0.00109982 -0.000641086 0.000403052)
(0.000936967 -0.000507966 0.00043132)
(0.00115605 -0.000603023 0.000582876)
(0.00119716 -0.000610494 0.000647224)
(0.00124754 -0.000625908 0.000710102)
(0.00126659 -0.000626525 0.000757784)
(0.00125792 -0.000628198 0.000811448)
(0.00129022 -0.000645901 0.000897384)
(0.00135604 -0.000676396 0.00100546)
(0.00139464 -0.00070328 0.00110422)
(0.00138829 -0.000710361 0.00119029)
(0.0013911 -0.000724034 0.00129628)
(0.00137663 -0.000724102 0.00139608)
(0.00134926 -0.000712985 0.00149388)
(0.00132195 -0.000698372 0.00159886)
(0.00128498 -0.000685419 0.00169554)
(0.0011903 -0.000654284 0.00170054)
(0.00109068 -0.000628416 0.00165268)
(0.00102508 -0.000606688 0.00156504)
(0.000913733 -0.00053753 0.00131655)
(0.00072763 -0.000420925 0.000918056)
(0.000590381 -0.000345472 0.000561902)
(0.000504403 -0.000313178 0.000289456)
(0.000583951 -0.000376848 0.000187169)
(0.00047314 -0.000305437 0.000113964)
(0.000494602 -0.000312474 0.000101437)
(0.000457257 -0.000284261 7.25604e-05)
(0.000438349 -0.000268929 5.44749e-05)
(0.000456262 -0.000278999 4.33217e-05)
(0.00047315 -0.000288747 2.57746e-05)
(0.000508404 -0.000311487 3.74984e-06)
(0.000549398 -0.000335433 -2.59311e-05)
(0.000575815 -0.000346301 -5.91123e-05)
(0.000606207 -0.000358306 -9.37546e-05)
(0.00067964 -0.000402116 -0.000135655)
(0.000780102 -0.000470182 -0.00020522)
(0.00087904 -0.000539027 -0.000292656)
(0.000949042 -0.000583506 -0.000385133)
(0.000991401 -0.000605336 -0.000474924)
(0.00101073 -0.000613637 -0.000558242)
(0.00105953 -0.000643323 -0.000655381)
(0.00108958 -0.000658536 -0.000745696)
(0.00112926 -0.000672682 -0.000830059)
(0.00117212 -0.000681725 -0.00089583)
(0.00120146 -0.000681425 -0.000929724)
(0.000952276 -0.000579026 -0.000788804)
(0.000978392 -0.000579647 -0.000789565)
(0.00101681 -0.000589648 -0.000790222)
(0.00106421 -0.000610517 -0.000799236)
(0.00110863 -0.000636868 -0.000817501)
(0.0011248 -0.000651637 -0.00083324)
(0.00118888 -0.000695432 -0.000901738)
(0.00115145 -0.000677965 -0.000899738)
(0.00107611 -0.000641236 -0.000859018)
(0.000988197 -0.000594695 -0.000792183)
(0.000859252 -0.000520913 -0.000669705)
(0.000742432 -0.000446551 -0.000533488)
(0.000673754 -0.00040128 -0.000399624)
(0.000702804 -0.00044239 -0.000226538)
(0.000821267 -0.00056317 0.000143054)
(0.000960527 -0.000644449 0.000513687)
(0.00081522 -0.000507026 0.000455985)
(0.000858475 -0.000516065 0.000498598)
(0.00109113 -0.000649503 0.000660829)
(0.00108155 -0.000642338 0.000684231)
(0.00105162 -0.000626312 0.000696935)
(0.000810297 -0.000482734 0.00056778)
(0.00110141 -0.000656743 0.000835125)
(0.000778701 -0.000465973 0.000651975)
(0.000828457 -0.000496118 0.000760494)
(0.000840049 -0.000511207 0.000858839)
(0.000855192 -0.000527326 0.000964077)
(0.000861794 -0.000537524 0.00106385)
(0.00088708 -0.000558582 0.0011905)
(0.000917913 -0.000584105 0.00132415)
(0.000934027 -0.000606353 0.00143211)
(0.00092602 -0.000613533 0.00147566)
(0.000881133 -0.000594038 0.00141178)
(0.000856646 -0.000586554 0.00132698)
(0.000791434 -0.00055103 0.00112927)
(0.00070306 -0.000502317 0.000853827)
(0.000610873 -0.000447852 0.000548508)
(0.000498204 -0.000366235 0.00027885)
(0.000406074 -0.000289963 0.000136407)
(0.000390161 -0.000269809 9.97151e-05)
(0.000380246 -0.000256237 8.57309e-05)
(0.000369514 -0.00024448 7.13026e-05)
(0.000369642 -0.000244894 6.32005e-05)
(0.000399776 -0.00026661 5.85133e-05)
(0.000420301 -0.000280732 4.47105e-05)
(0.00045108 -0.000302182 2.44983e-05)
(0.000480044 -0.000320916 -3.27246e-06)
(0.000497361 -0.000328005 -3.25503e-05)
(0.00052503 -0.000341402 -6.14127e-05)
(0.000608094 -0.000397832 -9.68934e-05)
(0.000715388 -0.000480105 -0.000167358)
(0.000808856 -0.000552419 -0.000258079)
(0.00086602 -0.00059317 -0.000353072)
(0.000897848 -0.000610423 -0.000445345)
(0.0009047 -0.000611089 -0.000529521)
(0.000928585 -0.000624712 -0.000620011)
(0.000921988 -0.000617519 -0.000688483)
(0.000920671 -0.000608746 -0.00073871)
(0.000925666 -0.000596006 -0.000768282)
(0.000923815 -0.000578114 -0.00077298)
(0.000791875 -0.000503343 -0.000709175)
(0.000791519 -0.000491242 -0.000698561)
(0.000788526 -0.00048348 -0.000685108)
(0.00080291 -0.00049069 -0.000691042)
(0.000819467 -0.000505004 -0.000712011)
(0.000911671 -0.000569491 -0.000815814)
(0.000871768 -0.000550162 -0.000810351)
(0.000814827 -0.000516394 -0.000782678)
(0.000746022 -0.000475385 -0.00072868)
(0.000668832 -0.000428431 -0.000648)
(0.000605395 -0.000387078 -0.00055694)
(0.000558203 -0.000354775 -0.000450288)
(0.000503725 -0.000329546 -0.000282866)
(0.000612567 -0.000439886 -3.0851e-05)
(0.000760893 -0.000551375 0.000396057)
(0.000706499 -0.000469786 0.000460727)
(0.000799127 -0.000500823 0.000516611)
(0.00083209 -0.000515209 0.000541421)
(0.00102805 -0.000641171 0.000677837)
(0.000970755 -0.000614214 0.000652277)
(0.000915936 -0.000589451 0.000634249)
(0.000868887 -0.000567239 0.000633162)
(0.000874944 -0.00058256 0.000699438)
(0.000665502 -0.000452149 0.00059976)
(0.000655783 -0.000448371 0.000658244)
(0.000664381 -0.00046317 0.00075349)
(0.000670728 -0.000471865 0.000841312)
(0.000691651 -0.000491414 0.000949568)
(0.000727426 -0.000520415 0.0010793)
(0.000768352 -0.000551258 0.00120953)
(0.000805205 -0.00057766 0.00131452)
(0.000822509 -0.000591516 0.00136026)
(0.000795738 -0.0005773 0.00129823)
(0.000775396 -0.000573064 0.00121171)
(0.000704115 -0.000534468 0.00101102)
(0.000613385 -0.000482448 0.000750584)
(0.000500246 -0.000402837 0.000456648)
(0.000371245 -0.00029528 0.000218988)
(0.000319614 -0.000240728 0.000118485)
(0.000330128 -0.000234602 9.33489e-05)
(0.000325488 -0.000224378 8.22944e-05)
(0.000318809 -0.00021879 7.49138e-05)
(0.000336232 -0.000232725 7.54468e-05)
(0.000352465 -0.0002452 7.02266e-05)
(0.000370823 -0.000258995 5.83629e-05)
(0.000397022 -0.000277987 4.09803e-05)
(0.000419709 -0.000293196 1.63962e-05)
(0.000432484 -0.000298957 -9.08641e-06)
(0.000459368 -0.00031484 -3.42386e-05)
(0.000532433 -0.000368528 -6.42223e-05)
(0.000649569 -0.000465007 -0.000138949)
(0.000721889 -0.000526616 -0.000230067)
(0.000753017 -0.000553146 -0.000321122)
(0.000764438 -0.00055852 -0.000406459)
(0.000756903 -0.000550611 -0.00048188)
(0.00076613 -0.000552973 -0.000558457)
(0.00077478 -0.000551845 -0.000628617)
(0.000786037 -0.000547471 -0.000680918)
(0.000780662 -0.000528248 -0.000698605)
(0.000781582 -0.000511715 -0.000704373)
(0.000631204 -0.00041191 -0.000624138)
(0.000617022 -0.000394761 -0.000611917)
(0.000609971 -0.000388475 -0.000610794)
(0.000607942 -0.000390067 -0.000621013)
(0.000597139 -0.000387793 -0.000628599)
(0.000607967 -0.000396128 -0.000661018)
(0.000577005 -0.000373794 -0.000643863)
(0.000545808 -0.000351458 -0.000619949)
(0.00050883 -0.000326989 -0.000579931)
(0.000472504 -0.000306354 -0.000527125)
(0.000429417 -0.000278542 -0.000438479)
(0.000382346 -0.00025415 -0.00030222)
(0.000396441 -0.000291586 -0.000120904)
(0.000581694 -0.000452102 0.000264686)
(0.000721078 -0.000511231 0.000560138)
(0.000694939 -0.000448044 0.000534473)
(0.000766917 -0.000476961 0.000571946)
(0.000801494 -0.000499526 0.000587221)
(0.00097142 -0.000612998 0.000704383)
(0.000929249 -0.000594536 0.000671849)
(0.00087238 -0.000568392 0.000638836)
(0.000635292 -0.000425207 0.000485845)
(0.000833622 -0.00057901 0.000696996)
(0.000721753 -0.000516621 0.00067577)
(0.000635261 -0.000461246 0.000659816)
(0.000622452 -0.000464531 0.000732034)
(0.000643999 -0.000484701 0.000836236)
(0.000684012 -0.000516267 0.000963936)
(0.000738606 -0.000554946 0.00110929)
(0.000798403 -0.000592396 0.00124948)
(0.000848338 -0.000619578 0.00135166)
(0.000866511 -0.000625422 0.00137475)
(0.000781257 -0.00056505 0.00120753)
(0.000777605 -0.000573773 0.00114105)
(0.000688965 -0.000525128 0.000922918)
(0.000572541 -0.000454523 0.000653309)
(0.000416246 -0.000336925 0.000359925)
(0.000311961 -0.000245287 0.000180366)
(0.000275692 -0.000203558 0.000106493)
(0.00028197 -0.000197323 8.64931e-05)
(0.000281579 -0.00019502 8.07159e-05)
(0.000285257 -0.000200261 8.11642e-05)
(0.000309778 -0.000220557 8.66337e-05)
(0.000319787 -0.000229441 8.15304e-05)
(0.00033622 -0.000242708 7.15097e-05)
(0.000360206 -0.000260893 5.68528e-05)
(0.000385307 -0.000278293 3.7057e-05)
(0.000403713 -0.000289972 1.44776e-05)
(0.000434637 -0.000311354 -1.02049e-05)
(0.000491273 -0.000352956 -3.95369e-05)
(0.000621052 -0.000461933 -0.000122125)
(0.00067784 -0.000513161 -0.000218048)
(0.000684353 -0.0005229 -0.000308269)
(0.000665477 -0.0005068 -0.000383263)
(0.000620228 -0.000471907 -0.000435009)
(0.000632363 -0.000478578 -0.000511304)
(0.000600484 -0.000447878 -0.000541014)
(0.000606218 -0.000439413 -0.000581024)
(0.00061338 -0.000429327 -0.000605137)
(0.000623843 -0.000420594 -0.000618976)
(0.000478411 -0.000315585 -0.000524464)
(0.000468116 -0.000304247 -0.00052464)
(0.000455795 -0.000297838 -0.000530684)
(0.000445626 -0.00029562 -0.000541096)
(0.000428625 -0.000286496 -0.00053847)
(0.00042161 -0.000278308 -0.000539497)
(0.000406135 -0.000261779 -0.000521081)
(0.00039573 -0.000251036 -0.00050565)
(0.000385628 -0.0002425 -0.000484675)
(0.0003497 -0.000223669 -0.000417639)
(0.000308286 -0.000203708 -0.000305529)
(0.000301651 -0.000219117 -0.000155389)
(0.000435906 -0.000359787 0.000125644)
(0.000551142 -0.000421885 0.000515872)
(0.000569256 -0.000379243 0.000532215)
(0.000668369 -0.000417549 0.00059551)
(0.000734423 -0.000450701 0.000622717)
(0.000768478 -0.000473318 0.000624415)
(0.000759696 -0.000471048 0.000595489)
(0.000892863 -0.000559589 0.000686443)
(0.000844343 -0.000536685 0.00065117)
(0.000629711 -0.000413227 0.000506112)
(0.000640443 -0.000437651 0.000557126)
(0.000629909 -0.000444987 0.000603592)
(0.000646174 -0.000465315 0.000677054)
(0.000636025 -0.000473108 0.000746738)
(0.000682667 -0.000511533 0.000879151)
(0.000741535 -0.000551941 0.00102612)
(0.000812478 -0.000594948 0.00118527)
(0.000880165 -0.000628895 0.00132321)
(0.000924642 -0.000645068 0.00140127)
(0.000923087 -0.000635478 0.00138188)
(0.000859021 -0.000593852 0.0012425)
(0.000771493 -0.000542566 0.0010476)
(0.000670544 -0.000486008 0.000820198)
(0.00052666 -0.000394555 0.000541136)
(0.00034914 -0.000264629 0.000272536)
(0.000273235 -0.000200239 0.000148193)
(0.000240175 -0.00016499 9.44146e-05)
(0.000243672 -0.000163598 8.17543e-05)
(0.000256742 -0.000173562 8.3826e-05)
(0.00028548 -0.000197788 9.4607e-05)
(0.000298783 -0.00021102 9.88023e-05)
(0.000312491 -0.000223084 9.66357e-05)
(0.000330644 -0.000237922 8.88192e-05)
(0.000355945 -0.000257005 7.65044e-05)
(0.000387506 -0.000279966 6.02224e-05)
(0.000418481 -0.000303548 3.99935e-05)
(0.00045397 -0.000328518 1.27567e-05)
(0.000494008 -0.000354865 -2.06119e-05)
(0.000597555 -0.000444463 -0.000107025)
(0.00067612 -0.000512193 -0.000216308)
(0.000660987 -0.000507227 -0.000308339)
(0.000619431 -0.000474743 -0.000376805)
(0.000564252 -0.000432225 -0.000423614)
(0.000541724 -0.000412563 -0.000472604)
(0.000500533 -0.000377138 -0.000489479)
(0.000489708 -0.000358205 -0.000510423)
(0.000482715 -0.000341156 -0.000520355)
(0.000480062 -0.000326769 -0.00052294)
(0.000401702 -0.00026632 -0.000477571)
(0.000392659 -0.000257438 -0.000485274)
(0.000378563 -0.000250687 -0.000495977)
(0.000369254 -0.000248057 -0.00050988)
(0.000352015 -0.000235562 -0.000499815)
(0.000336123 -0.000219231 -0.000476535)
(0.000323662 -0.00020414 -0.000448623)
(0.000324369 -0.000199712 -0.000435959)
(0.000313837 -0.00019233 -0.0004024)
(0.000313914 -0.000201579 -0.000353627)
(0.000254149 -0.000182085 -0.000174198)
(0.000311313 -0.000260068 4.99004e-05)
(0.000416185 -0.000339811 0.000426059)
(0.000474994 -0.000329386 0.000533821)
(0.000577175 -0.000362897 0.000614599)
(0.000656497 -0.000397642 0.000658613)
(0.000716342 -0.00043129 0.000675496)
(0.000746463 -0.00044967 0.000661052)
(0.000744043 -0.000447968 0.000622567)
(0.000716919 -0.000432446 0.000577814)
(0.000680269 -0.000415525 0.000545887)
(0.000655888 -0.000413261 0.000548855)
(0.000648968 -0.000424139 0.000585074)
(0.000645758 -0.000433937 0.000631149)
(0.000672656 -0.000463297 0.000711106)
(0.000673515 -0.000481301 0.000790727)
(0.000742894 -0.000530998 0.000942763)
(0.000818096 -0.00057635 0.00110322)
(0.000893931 -0.000615283 0.00126164)
(0.000949864 -0.000636287 0.00137533)
(0.000968738 -0.000635455 0.00140985)
(0.000934622 -0.000609045 0.00133816)
(0.000835555 -0.000547327 0.00114551)
(0.000671896 -0.00044578 0.000851844)
(0.000623309 -0.000422306 0.000696359)
(0.000451818 -0.000309947 0.000413257)
(0.000310597 -0.000210153 0.000212966)
(0.000261531 -0.000169265 0.000129291)
(0.000229357 -0.000142605 8.92421e-05)
(0.000239119 -0.000148135 8.46018e-05)
(0.000275927 -0.000177214 9.8705e-05)
(0.000299759 -0.000199636 0.000111145)
(0.000319025 -0.000216887 0.000119243)
(0.000341128 -0.000235543 0.000121368)
(0.00036648 -0.000255647 0.000116505)
(0.0003962 -0.000278038 0.000105652)
(0.000430119 -0.000302244 8.9055e-05)
(0.000465322 -0.000328635 6.64799e-05)
(0.000505744 -0.000356945 3.53412e-05)
(0.000553419 -0.000388803 -3.25099e-06)
(0.000603418 -0.000438349 -9.71556e-05)
(0.00071777 -0.000532025 -0.000224814)
(0.000677531 -0.00051144 -0.000320658)
(0.000623185 -0.000471739 -0.000390435)
(0.000554233 -0.000420132 -0.00043192)
(0.000509251 -0.000383287 -0.000462172)
(0.000457586 -0.000340722 -0.00046534)
(0.000435351 -0.000314763 -0.000473214)
(0.000418364 -0.000294057 -0.000475863)
(0.000406509 -0.000276974 -0.000473744)
(0.000368048 -0.000245935 -0.000462731)
(0.000360378 -0.000237921 -0.000474749)
(0.000349286 -0.000231945 -0.000491035)
(0.000327506 -0.000219021 -0.000485829)
(0.000305182 -0.000201976 -0.000461495)
(0.000288756 -0.000185242 -0.000426985)
(0.000280174 -0.000173992 -0.000394057)
(0.000282142 -0.000170993 -0.000370885)
(0.00030246 -0.000185999 -0.000351039)
(0.000239271 -0.000165118 -0.000191199)
(0.000242211 -0.000202428 1.04543e-05)
(0.000334308 -0.000284726 0.000366043)
(0.000490988 -0.000351852 0.000641339)
(0.000498234 -0.000314811 0.000622674)
(0.000584537 -0.000349714 0.000689605)
(0.000653884 -0.000385522 0.000723905)
(0.000706115 -0.000416749 0.000729601)
(0.00073223 -0.000431018 0.000701626)
(0.000735258 -0.000430043 0.00065686)
(0.000720401 -0.000418625 0.00061134)
(0.000696035 -0.000404997 0.000579763)
(0.000678034 -0.000402265 0.000581158)
(0.000676651 -0.000415028 0.000621403)
(0.000679193 -0.000428214 0.00067375)
(0.000700417 -0.000455045 0.000751642)
(0.000712917 -0.000482739 0.000850557)
(0.000794137 -0.000533276 0.00100963)
(0.000874897 -0.000576612 0.00116799)
(0.000942536 -0.0006066 0.00130681)
(0.000974973 -0.000613287 0.00138227)
(0.000961031 -0.000596246 0.00136629)
(0.000892799 -0.0005537 0.00124195)
(0.000760179 -0.000472337 0.00100107)
(0.000600622 -0.000375441 0.000717933)
(0.00053443 -0.000334892 0.000547149)
(0.000382227 -0.000235392 0.000311322)
(0.000296692 -0.000175428 0.000179924)
(0.000265142 -0.000149583 0.000120802)
(0.000244998 -0.000135632 9.36863e-05)
(0.000259221 -0.000146093 9.48157e-05)
(0.000305893 -0.00018205 0.000116279)
(0.000332861 -0.000206873 0.000133082)
(0.000357786 -0.000228698 0.00014604)
(0.000385038 -0.000250752 0.000151577)
(0.000416577 -0.000274766 0.000149505)
(0.0004523 -0.000300542 0.00013971)
(0.000492484 -0.000328454 0.000122108)
(0.000535783 -0.000360148 9.63126e-05)
(0.000587103 -0.000395737 6.00928e-05)
(0.000630673 -0.00042426 1.49217e-05)
(0.000682897 -0.000478116 -9.84912e-05)
(0.000713029 -0.000510929 -0.000217065)
(0.000732438 -0.000537478 -0.000346988)
(0.000663915 -0.000490914 -0.000420357)
(0.000579958 -0.000430498 -0.000457352)
(0.000517105 -0.000381673 -0.000474615)
(0.000454139 -0.000331768 -0.000463958)
(0.000423526 -0.000300751 -0.000462079)
(0.000398459 -0.000277424 -0.000461)
(0.000378605 -0.00025805 -0.000457861)
(0.00036085 -0.000242788 -0.000468615)
(0.000356944 -0.000237372 -0.000488446)
(0.000338792 -0.000224409 -0.000491858)
(0.000314496 -0.000207877 -0.000478679)
(0.00028986 -0.000190055 -0.000442909)
(0.000271673 -0.000173725 -0.000395653)
(0.000255133 -0.000159533 -0.000341041)
(0.000277661 -0.000171662 -0.000323609)
(0.00025264 -0.00016608 -0.000210877)
(0.00021951 -0.000177788 -1.61732e-05)
(0.000284376 -0.000251017 0.000325393)
(0.000405869 -0.000298778 0.000603161)
(0.000420459 -0.000266302 0.000603469)
(0.000516239 -0.00030508 0.000703236)
(0.000588424 -0.000338809 0.000756915)
(0.000648626 -0.000372482 0.000781669)
(0.000692121 -0.000397216 0.000772452)
(0.000717112 -0.000409499 0.000736684)
(0.00072521 -0.000410749 0.000690092)
(0.000719592 -0.000403984 0.000645907)
(0.000706264 -0.000394646 0.000616157)
(0.000694551 -0.000391189 0.000614484)
(0.000700809 -0.00040479 0.000657812)
(0.000708267 -0.000418209 0.000713604)
(0.000721431 -0.000439603 0.000789939)
(0.000742473 -0.00047181 0.000908472)
(0.000817877 -0.000515352 0.00106248)
(0.000891965 -0.000551022 0.00120614)
(0.000944689 -0.000570081 0.00131374)
(0.000951316 -0.000564317 0.00134483)
(0.000910662 -0.00053673 0.00128291)
(0.000812167 -0.000476377 0.00110712)
(0.000665715 -0.000388429 0.000845706)
(0.000526629 -0.000304232 0.000592945)
(0.000421135 -0.000236872 0.000394118)
(0.000330496 -0.000177157 0.00024076)
(0.000296316 -0.000149826 0.000161736)
(0.000273663 -0.000132865 0.000116619)
(0.000262161 -0.000127133 9.87001e-05)
(0.000306256 -0.000153994 0.000115137)
(0.000339067 -0.000183624 0.000135932)
(0.000366359 -0.000210071 0.000156692)
(0.00039424 -0.000234431 0.000173575)
(0.000427259 -0.000260068 0.000183394)
(0.000467087 -0.000288407 0.0001851)
(0.000512686 -0.000319387 0.000177457)
(0.00056383 -0.000353772 0.00015979)
(0.000619691 -0.000393559 0.000131242)
(0.00067602 -0.000432147 8.78162e-05)
(0.000696311 -0.000446873 3.18308e-05)
(0.000774496 -0.000520367 -0.000100361)
(0.000754983 -0.000520103 -0.000225104)
(0.000798808 -0.000567281 -0.000379436)
(0.000717991 -0.000516454 -0.00045758)
(0.000622158 -0.000449788 -0.00049125)
(0.000543845 -0.000392201 -0.000498806)
(0.000472977 -0.000338249 -0.000478383)
(0.000437731 -0.000304694 -0.00047)
(0.000406233 -0.000279391 -0.000466494)
(0.000378422 -0.000256908 -0.000462407)
(0.00036972 -0.000249552 -0.000487885)
(0.000358204 -0.000240115 -0.000501768)
(0.000338628 -0.000224763 -0.000499415)
(0.000312337 -0.000206573 -0.00047627)
(0.000283563 -0.000187193 -0.000425556)
(0.000252914 -0.000164464 -0.000351955)
(0.000241268 -0.000156968 -0.000290085)
(0.000243358 -0.000162975 -0.000216029)
(0.000212528 -0.000166136 -3.57318e-05)
(0.00024939 -0.000223918 0.000284411)
(0.00034123 -0.000258933 0.000567719)
(0.000362875 -0.000230916 0.00058727)
(0.000455081 -0.000266293 0.000704004)
(0.000527977 -0.000297522 0.000777159)
(0.000586957 -0.000327528 0.000816653)
(0.000637074 -0.000354825 0.000827661)
(0.0006751 -0.000374265 0.000806974)
(0.000701078 -0.000386228 0.000767468)
(0.000713229 -0.000390294 0.000720751)
(0.000712866 -0.000387364 0.00067764)
(0.000705653 -0.00038135 0.000649265)
(0.000698201 -0.000377997 0.000646244)
(0.000703202 -0.000386575 0.000683481)
(0.000715874 -0.00040005 0.000741184)
(0.000723398 -0.000415874 0.000820444)
(0.000734518 -0.000440729 0.000931991)
(0.000803285 -0.000476852 0.00108042)
(0.000866199 -0.000502264 0.00120648)
(0.000900236 -0.000511078 0.00127813)
(0.000883074 -0.000496228 0.00126647)
(0.000820346 -0.000456504 0.00116032)
(0.000706692 -0.000387684 0.000953627)
(0.000572529 -0.000307279 0.000705404)
(0.000467312 -0.000241474 0.000496542)
(0.000387571 -0.000188392 0.000333444)
(0.000318148 -0.000143405 0.000210359)
(0.000277743 -0.000116807 0.000139136)
(0.00026152 -0.000106166 0.000105355)
(0.00030222 -0.000124889 0.000112516)
(0.000329193 -0.000145052 0.000127907)
(0.000359231 -0.000175499 0.000153005)
(0.000387148 -0.000204181 0.000178316)
(0.00042113 -0.000232719 0.000200755)
(0.000463408 -0.000263284 0.000216471)
(0.000514356 -0.00029735 0.00022346)
(0.000571106 -0.000334071 0.000218903)
(0.000634625 -0.000375305 0.000202064)
(0.000688074 -0.000413312 0.000167052)
(0.000708518 -0.000430207 0.000109684)
(0.000773368 -0.000475603 4.85599e-05)
(0.000850106 -0.000544994 -9.99729e-05)
(0.000809254 -0.000535265 -0.000239588)
(0.000779523 -0.000535396 -0.000374378)
(0.000769548 -0.000538656 -0.000495495)
(0.000668271 -0.000470205 -0.00052728)
(0.000591315 -0.000416574 -0.000540348)
(0.000499521 -0.000350278 -0.000502403)
(0.000459414 -0.000313835 -0.000487766)
(0.000425731 -0.000288258 -0.000482994)
(0.000389951 -0.000262151 -0.000475371)
(0.000370505 -0.000247604 -0.000489721)
(0.000357853 -0.000240349 -0.000507433)
(0.000338166 -0.000224937 -0.000501974)
(0.00030815 -0.00020566 -0.000466399)
(0.000270193 -0.000183287 -0.000392622)
(0.000214479 -0.000147775 -0.000277853)
(0.000160335 -0.00011655 -0.000156179)
(0.000189551 -0.000151207 -6.36701e-05)
(0.000221403 -0.000199182 0.000232231)
(0.000288209 -0.000226144 0.000525905)
(0.000310591 -0.000200096 0.000559791)
(0.000398277 -0.000231915 0.000690513)
(0.00046668 -0.000260087 0.000780255)
(0.000526546 -0.000288337 0.000840176)
(0.000586537 -0.000316197 0.000878059)
(0.000630578 -0.000337644 0.00087758)
(0.000666615 -0.000354028 0.000849604)
(0.000693085 -0.00036563 0.000805798)
(0.000708279 -0.000371762 0.000757496)
(0.000711588 -0.000371904 0.000713786)
(0.000706709 -0.000367883 0.000683904)
(0.000698835 -0.000363189 0.000676317)
(0.000692774 -0.000361356 0.000696172)
(0.00071185 -0.000373859 0.000758019)
(0.000710671 -0.000384817 0.000837592)
(0.000761857 -0.000412832 0.000959452)
(0.000747286 -0.000422675 0.00105741)
(0.000792439 -0.000436878 0.00115892)
(0.000816315 -0.000436908 0.00119905)
(0.000779845 -0.000413323 0.00115024)
(0.00070147 -0.000364092 0.00100963)
(0.000589263 -0.00029662 0.000797302)
(0.000484321 -0.000232434 0.000586222)
(0.00041199 -0.000183746 0.000420147)
(0.000350292 -0.0001416 0.00028359)
(0.000295968 -0.000107428 0.000182216)
(0.000262769 -8.7303e-05 0.00012318)
(0.000249669 -7.99856e-05 9.60892e-05)
(0.000289444 -9.72346e-05 0.00010748)
(0.000331884 -0.000125344 0.000134957)
(0.000361992 -0.000158345 0.000166056)
(0.000393147 -0.000190752 0.000197401)
(0.000434765 -0.000223603 0.000226461)
(0.00048712 -0.000259193 0.000249062)
(0.000547607 -0.00029805 0.000261407)
(0.000618814 -0.000342213 0.000262469)
(0.000669677 -0.000375503 0.000238356)
(0.000694586 -0.000396367 0.000190464)
(0.000766856 -0.000444727 0.000137197)
(0.000840001 -0.000493731 6.35608e-05)
(0.000907581 -0.000554989 -9.74187e-05)
(0.00085235 -0.00054283 -0.000254926)
(0.000768752 -0.000512028 -0.000378225)
(0.000804639 -0.000549548 -0.000526692)
(0.00070337 -0.000482654 -0.000555176)
(0.000610998 -0.000424474 -0.000560911)
(0.000524959 -0.000367964 -0.000537927)
(0.000469211 -0.000321562 -0.000507964)
(0.000431297 -0.000292275 -0.000496335)
(0.000391725 -0.000263724 -0.000483302)
(0.00036655 -0.000246816 -0.000493417)
(0.000358358 -0.000237826 -0.000505034)
(0.000338664 -0.000223401 -0.000495527)
(0.000305449 -0.000206197 -0.000446301)
(0.000246064 -0.000176613 -0.000333637)
(0.000133014 -0.000107004 -0.000146088)
(0.000198742 -0.000145244 -8.90386e-05)
(0.000266856 -0.000218736 0.000163476)
(0.000256124 -0.000207231 0.000485695)
(0.000262719 -0.000173306 0.000518218)
(0.000338984 -0.000199117 0.00065511)
(0.000402834 -0.000223798 0.000757708)
(0.000464481 -0.000249979 0.000841369)
(0.000531103 -0.000277772 0.000909342)
(0.000558452 -0.000291699 0.000910741)
(0.000599902 -0.000309237 0.000904187)
(0.000633131 -0.000322635 0.000869157)
(0.000656599 -0.000332456 0.000818484)
(0.000670536 -0.000338677 0.000765365)
(0.000673922 -0.00034041 0.000718274)
(0.000667796 -0.000337518 0.000684051)
(0.000655595 -0.000331607 0.000669073)
(0.000643339 -0.000326618 0.000680213)
(0.00065677 -0.000335641 0.000744558)
(0.000699906 -0.000355277 0.000843679)
(0.000671981 -0.000359617 0.000927337)
(0.000707515 -0.000370489 0.00103611)
(0.000753507 -0.000377844 0.00110775)
(0.000698723 -0.000353377 0.00107582)
(0.000647153 -0.000319273 0.000996679)
(0.000562808 -0.000266984 0.000838338)
(0.000467872 -0.00020964 0.000646506)
(0.00039744 -0.000163751 0.000482916)
(0.000349572 -0.000128086 0.000351768)
(0.000299372 -9.46389e-05 0.000235167)
(0.00025789 -6.90884e-05 0.000151583)
(0.000231969 -5.41509e-05 0.000103311)
(0.000222372 -4.92926e-05 8.23971e-05)
(0.000233916 -5.80252e-05 8.74387e-05)
(0.000312765 -9.7293e-05 0.00013498)
(0.000343638 -0.000134242 0.000173391)
(0.000377709 -0.000169837 0.000210617)
(0.000424968 -0.00020523 0.000245767)
(0.000456931 -0.000230246 0.000259295)
(0.000513494 -0.000266387 0.00027214)
(0.000586534 -0.000310255 0.000276933)
(0.000652058 -0.000350994 0.00025963)
(0.000726831 -0.000398867 0.000224679)
(0.000802022 -0.000446149 0.000162763)
(0.000870515 -0.000490291 7.56922e-05)
(0.000919262 -0.000538543 -9.20587e-05)
(0.000877427 -0.000540168 -0.000267857)
(0.000775677 -0.000502699 -0.000395784)
(0.000788636 -0.000526877 -0.000534278)
(0.000694667 -0.000468021 -0.000555469)
(0.000644822 -0.000428489 -0.000574951)
(0.000557509 -0.000378622 -0.000564377)
(0.000510907 -0.000346288 -0.000558782)
(0.00042399 -0.000292228 -0.000504233)
(0.000384496 -0.000262861 -0.000488523)
(0.000368362 -0.000241359 -0.000488113)
(0.000365782 -0.000233277 -0.000495463)
(0.00035405 -0.000223527 -0.000480839)
(0.000316065 -0.000208745 -0.000406798)
(0.000220325 -0.000171217 -0.00024113)
(6.69866e-05 -8.14783e-05 -1.02605e-05)
(0.000497032 -0.000261144 7.97624e-05)
(0.000309273 -0.000208193 0.000362735)
(0.000226978 -0.00015819 0.000465185)
(0.000285803 -0.00017001 0.000597128)
(0.00034304 -0.000189946 0.000716865)
(0.000409352 -0.00021376 0.000823214)
(0.000438996 -0.000229017 0.000874102)
(0.000484569 -0.00024764 0.000920867)
(0.000532147 -0.000265729 0.000941515)
(0.000572265 -0.000279924 0.000927124)
(0.000604532 -0.00029148 0.000886228)
(0.000627602 -0.000300806 0.000830238)
(0.000640553 -0.000307192 0.000770864)
(0.000642943 -0.000309789 0.000717408)
(0.000634006 -0.000307673 0.000676051)
(0.000615653 -0.00030129 0.000652392)
(0.000598006 -0.000295682 0.000657566)
(0.000596991 -0.000298874 0.00070784)
(0.000605774 -0.00030536 0.000792161)
(0.000636752 -0.000313368 0.000894378)
(0.000651266 -0.000313877 0.000966168)
(0.000611758 -0.000293682 0.000969704)
(0.00057531 -0.000268135 0.000935271)
(0.000513729 -0.000228133 0.000830504)
(0.000434774 -0.000180031 0.000675244)
(0.000366515 -0.00013731 0.000522383)
(0.000323931 -0.000105527 0.000400591)
(0.000289509 -7.81185e-05 0.000292064)
(0.00024931 -5.31221e-05 0.000192202)
(0.000219289 -3.37591e-05 0.000123365)
(0.000201876 -2.28929e-05 8.4716e-05)
(0.000195609 -1.97414e-05 6.84046e-05)
(0.000206775 -2.97815e-05 7.56982e-05)
(0.000288458 -6.80928e-05 0.000127972)
(0.000327166 -0.000109199 0.000175697)
(0.00036706 -0.00014807 0.000221816)
(0.000392652 -0.000173879 0.0002482)
(0.000437434 -0.000205304 0.000272693)
(0.000506893 -0.000247822 0.00029591)
(0.000577283 -0.000289397 0.000300585)
(0.000672074 -0.000343053 0.000295586)
(0.000748887 -0.000387698 0.000255449)
(0.000827365 -0.000433225 0.000186324)
(0.00089387 -0.000471807 8.6897e-05)
(0.000928228 -0.000509596 -8.52852e-05)
(0.00105965 -0.000616622 -0.000328138)
(0.000758857 -0.000467694 -0.000395664)
(0.000751329 -0.000483298 -0.000525014)
(0.000666149 -0.000431957 -0.000537295)
(0.000604247 -0.000392227 -0.000544766)
(0.000526738 -0.000349343 -0.000537373)
(0.000474028 -0.000316631 -0.000529694)
(0.000404272 -0.000266246 -0.000473561)
(0.000392796 -0.000262993 -0.000499983)
(0.000357784 -0.000226516 -0.000470822)
(0.00035716 -0.000217883 -0.000460751)
(0.000360629 -0.000217748 -0.000432181)
(0.000349057 -0.00022511 -0.000341373)
(0.000226028 -0.000177366 -9.4197e-05)
(3.71113e-05 -6.30134e-05 0.000155479)
(-1.92434e-05 -2.90011e-05 3.86106e-06)
(0.000151553 -0.000153146 0.000224659)
(0.000195016 -0.000135402 0.000459698)
(0.000272493 -0.000154907 0.000637431)
(0.000326112 -0.000173207 0.000756145)
(0.00037032 -0.000190515 0.000842042)
(0.000416852 -0.000207841 0.000908201)
(0.000460035 -0.000223033 0.000948502)
(0.000501371 -0.000236171 0.000961023)
(0.000541245 -0.000248056 0.000945162)
(0.000575454 -0.00025867 0.00090269)
(0.000601595 -0.000268389 0.000844268)
(0.000618206 -0.000276417 0.00078199)
(0.000624855 -0.000281386 0.000724948)
(0.000619078 -0.000282017 0.000678501)
(0.000599936 -0.000277327 0.000647023)
(0.000577081 -0.000271321 0.000642274)
(0.000563837 -0.0002701 0.00067788)
(0.000552603 -0.000266384 0.000735642)
(0.00052846 -0.000251895 0.000779991)
(0.000514131 -0.000238409 0.000823738)
(0.000490685 -0.000216856 0.000826442)
(0.000446761 -0.000186653 0.000771483)
(0.000384325 -0.000147742 0.00066072)
(0.000320859 -0.000109261 0.0005295)
(0.000276209 -7.91465e-05 0.000416895)
(0.000248126 -5.58417e-05 0.000323247)
(0.000216269 -3.45801e-05 0.00022766)
(0.000191431 -1.73343e-05 0.00014858)
(0.000172107 -2.84341e-06 9.40652e-05)
(0.000161603 5.37388e-06 6.4552e-05)
(0.000151976 7.41215e-06 5.00972e-05)
(0.000161486 -2.66565e-06 5.86526e-05)
(0.000223031 -3.29432e-05 0.000106313)
(0.000276801 -7.71008e-05 0.00016746)
(0.000263942 -9.56805e-05 0.000181567)
(0.000312245 -0.000128459 0.000225123)
(0.000371955 -0.000164607 0.00026442)
(0.000447394 -0.00020734 0.000297183)
(0.000523183 -0.000249501 0.000310862)
(0.000607619 -0.000295052 0.000304352)
(0.000697724 -0.000342732 0.000270297)
(0.000767814 -0.000379936 0.000196425)
(0.000824556 -0.000410709 9.21158e-05)
(0.000839094 -0.000434315 -7.27779e-05)
(0.000793686 -0.000438489 -0.000255743)
(0.000799417 -0.000472102 -0.000432692)
(0.000670641 -0.000412049 -0.000480609)
(0.000589496 -0.000366718 -0.000488254)
(0.000549317 -0.000344678 -0.000499737)
(0.000512222 -0.00032539 -0.00051589)
(0.000463596 -0.00030107 -0.000522991)
(0.000412583 -0.000272144 -0.000510681)
(0.000373079 -0.000243669 -0.000484581)
(0.000364563 -0.000218267 -0.000451585)
(0.000369995 -0.000213954 -0.000421955)
(0.000375991 -0.000220734 -0.00035101)
(0.000285614 -0.000188744 -0.000125705)
(0.000173051 -0.000132136 0.000164887)
(6.0504e-05 -5.30015e-05 0.000236621)
(-1.45277e-05 -2.10727e-05 6.497e-05)
(8.92124e-05 -8.88458e-05 0.000350895)
(0.000187814 -0.000114578 0.000528976)
(0.000259308 -0.000137747 0.00068541)
(0.000308109 -0.000155019 0.000790954)
(0.000349471 -0.000170066 0.000870524)
(0.000388914 -0.000183227 0.000929465)
(0.000429708 -0.000195274 0.000968446)
(0.000471134 -0.000205907 0.000981625)
(0.00051233 -0.000215834 0.000966594)
(0.00055029 -0.000225729 0.000925174)
(0.000582161 -0.000236239 0.000866961)
(0.000605693 -0.000246681 0.00080431)
(0.000619998 -0.000255196 0.000746027)
(0.000622239 -0.000260281 0.000696515)
(0.000608072 -0.000259834 0.000658418)
(0.000580105 -0.000254122 0.000638092)
(0.000552285 -0.00024848 0.000650603)
(0.000521492 -0.000237863 0.000683036)
(0.000471244 -0.000211916 0.000694433)
(0.000432789 -0.000185826 0.000703326)
(0.000397632 -0.000159531 0.000692008)
(0.000346721 -0.000127063 0.000625171)
(0.000289538 -9.26352e-05 0.00052365)
(0.000241664 -6.2945e-05 0.000421789)
(0.000211859 -4.04187e-05 0.000338745)
(0.000188356 -2.18813e-05 0.000259099)
(0.000161203 -6.64425e-06 0.000176999)
(0.000147807 5.07904e-06 0.000116996)
(0.000142429 1.52679e-05 7.79378e-05)
(0.000132158 2.07224e-05 5.13708e-05)
(0.000120277 2.05748e-05 3.81378e-05)
(0.000137034 1.25642e-05 4.88573e-05)
(0.00017061 -1.1042e-05 8.5244e-05)
(0.000234596 -5.11045e-05 0.000155996)
(0.000224064 -7.08126e-05 0.000170647)
(0.000287492 -0.000106862 0.00022593)
(0.000350398 -0.000142848 0.000272113)
(0.000417882 -0.000180153 0.000304427)
(0.000492492 -0.000219753 0.000321617)
(0.000573557 -0.00026089 0.000316058)
(0.000656192 -0.000300213 0.000279747)
(0.000735597 -0.000337009 0.000207888)
(0.000787459 -0.000361335 9.86254e-05)
(0.000786754 -0.000373609 -6.22936e-05)
(0.00072512 -0.00037023 -0.000236384)
(0.000725068 -0.000398518 -0.000394791)
(0.0006117 -0.000349681 -0.000434505)
(0.000547805 -0.000318112 -0.000448258)
(0.000511841 -0.000303339 -0.000465808)
(0.000476295 -0.000288579 -0.000484088)
(0.000443162 -0.000275276 -0.000503278)
(0.000403876 -0.000254477 -0.000497456)
(0.000372442 -0.000231293 -0.000473168)
(0.000354529 -0.00020008 -0.00041014)
(0.000354027 -0.000200462 -0.00034718)
(0.000215833 -0.000138422 -0.000128415)
(0.000138657 -0.000116368 8.43745e-05)
(0.000128202 -0.000112309 0.000393164)
(0.00013281 -8.85237e-05 0.000445441)
(8.52281e-05 -6.83887e-05 0.00035648)
(0.000133431 -8.2904e-05 0.000469219)
(0.000199217 -0.000103688 0.00061346)
(0.000247846 -0.000120758 0.000726828)
(0.000287409 -0.000134979 0.000817485)
(0.00032363 -0.000146607 0.000889541)
(0.000360194 -0.000156792 0.000945657)
(0.000398005 -0.000165633 0.000982892)
(0.000437558 -0.000173341 0.000996847)
(0.000478766 -0.00018074 0.000984036)
(0.00052008 -0.000189161 0.000945935)
(0.000558384 -0.000199623 0.000890077)
(0.000590794 -0.000212137 0.0008294)
(0.000615171 -0.000224574 0.000772776)
(0.000629738 -0.000235013 0.000723803)
(0.000628918 -0.000241517 0.00068376)
(0.000605511 -0.000240253 0.000650856)
(0.000566947 -0.00023292 0.000635592)
(0.000519928 -0.000219711 0.000640273)
(0.000446504 -0.000188243 0.000626485)
(0.000375796 -0.000151059 0.000601456)
(0.000315802 -0.000114379 0.00056048)
(0.000262039 -8.22316e-05 0.00049376)
(0.000212076 -5.30269e-05 0.000407829)
(0.000175315 -2.97441e-05 0.000330277)
(0.000153639 -1.24239e-05 0.000267801)
(0.000133117 1.00313e-06 0.000199772)
(0.000115443 1.03141e-05 0.000136349)
(0.000113727 1.86699e-05 9.51682e-05)
(0.00011961 2.70456e-05 6.53584e-05)
(0.000112839 2.96675e-05 4.2003e-05)
(0.000105652 2.74878e-05 3.06705e-05)
(0.000122489 2.03235e-05 4.15641e-05)
(0.000167799 -1.24421e-06 8.46721e-05)
(0.000231574 -3.86163e-05 0.000156359)
(0.000272317 -7.35991e-05 0.000219061)
(0.00025306 -8.37397e-05 0.000216331)
(0.000311496 -0.000115855 0.00026608)
(0.000373389 -0.000148875 0.000300249)
(0.000442998 -0.000183704 0.000319855)
(0.000521731 -0.000219635 0.00031787)
(0.000604784 -0.000253649 0.000284892)
(0.000686425 -0.000285914 0.000215363)
(0.00073116 -0.000302587 0.000104038)
(0.000720402 -0.000306148 -4.89633e-05)
(0.000649799 -0.000298485 -0.00021005)
(0.000597369 -0.000298799 -0.000321052)
(0.000547731 -0.000284291 -0.000380035)
(0.000504763 -0.000268674 -0.000405259)
(0.000472639 -0.000260864 -0.000428704)
(0.000444205 -0.000251404 -0.00045119)
(0.000409967 -0.000237492 -0.000463958)
(0.000381259 -0.000223929 -0.000466095)
(0.00035866 -0.000208239 -0.0004434)
(0.000364839 -0.000190604 -0.000377078)
(0.000262803 -0.000153093 -0.000191568)
(0.000127017 -0.000102236 1.84791e-05)
(8.98398e-05 -9.45463e-05 0.000280543)
(0.000103072 -7.38075e-05 0.000381667)
(0.000116933 -6.22278e-05 0.000405254)
(0.000129292 -6.68284e-05 0.00046597)
(0.000165913 -7.90144e-05 0.000567)
(0.000202156 -9.16798e-05 0.000664953)
(0.000235791 -0.000103817 0.000754823)
(0.000270094 -0.000114879 0.000840676)
(0.000300773 -0.000122615 0.000904945)
(0.000332058 -0.000129188 0.000955558)
(0.000364594 -0.000134419 0.000988777)
(0.000399214 -0.000138579 0.00100114)
(0.000437595 -0.000142804 0.000990558)
(0.00047915 -0.000148426 0.000956764)
(0.000521906 -0.000157058 0.000905213)
(0.000563086 -0.000169844 0.0008486)
(0.000598573 -0.000185119 0.000796031)
(0.000626427 -0.000200028 0.000750527)
(0.000643454 -0.000213341 0.000712636)
(0.000641166 -0.000221588 0.000679383)
(0.00060604 -0.00021885 0.00064211)
(0.000546313 -0.000206186 0.000611873)
(0.000467251 -0.000181531 0.000586586)
(0.000356428 -0.000134534 0.000523192)
(0.000260997 -8.76474e-05 0.000450724)
(0.000198234 -5.31097e-05 0.000386132)
(0.000152952 -2.79518e-05 0.000316037)
(0.000121444 -9.05527e-06 0.000254002)
(0.000101349 4.90584e-06 0.000200357)
(8.91754e-05 1.51638e-05 0.000149966)
(8.14552e-05 2.19836e-05 0.000105291)
(8.79477e-05 2.95558e-05 7.80438e-05)
(8.84335e-05 3.58484e-05 5.15516e-05)
(9.50347e-05 3.89152e-05 3.5862e-05)
(0.000109711 3.80596e-05 2.8551e-05)
(0.0001339 2.84391e-05 3.87159e-05)
(0.000165172 3.37077e-06 7.05267e-05)
(0.000174062 -2.35169e-05 0.000109063)
(0.000189365 -4.41485e-05 0.000154553)
(0.000219285 -6.40293e-05 0.000201925)
(0.00027485 -9.15901e-05 0.000254329)
(0.000332177 -0.000119901 0.000291188)
(0.000397519 -0.000149691 0.00031354)
(0.000471651 -0.000178964 0.000314145)
(0.000551826 -0.000206308 0.00028444)
(0.000628645 -0.00023117 0.000217302)
(0.000678763 -0.000245385 0.000110205)
(0.00066164 -0.000242523 -3.28142e-05)
(0.000589407 -0.000233583 -0.000179749)
(0.000588103 -0.0002549 -0.000296667)
(0.000508809 -0.00022909 -0.000329002)
(0.000465929 -0.00021851 -0.000353898)
(0.000442697 -0.000218842 -0.000389505)
(0.000420235 -0.000213769 -0.000417432)
(0.000395053 -0.000205179 -0.000435731)
(0.000369119 -0.000194265 -0.000435809)
(0.000354423 -0.000185223 -0.000410941)
(0.000313442 -0.000153966 -0.000266931)
(0.000162834 -0.000107808 -3.62054e-05)
(9.7162e-05 -9.5225e-05 0.000214176)
(8.31281e-05 -6.69588e-05 0.0003345)
(9.75436e-05 -5.19389e-05 0.000370443)
(0.000135756 -5.84403e-05 0.000479679)
(0.000150129 -6.32758e-05 0.00054609)
(0.000176313 -7.1288e-05 0.000630731)
(0.000202556 -7.9638e-05 0.00071159)
(0.000228596 -8.75163e-05 0.000787753)
(0.000255933 -9.43925e-05 0.000861123)
(0.000280875 -9.88568e-05 0.000917218)
(0.000305567 -0.000102 0.000959718)
(0.000330826 -0.000103749 0.000986019)
(0.000357803 -0.000104346 0.000993457)
(0.000389644 -0.000105046 0.000982413)
(0.000427312 -0.000107164 0.000952819)
(0.000470154 -0.000112347 0.000907293)
(0.000516569 -0.000122606 0.000855964)
(0.000561905 -0.000137859 0.000808549)
(0.000602078 -0.00015517 0.000768539)
(0.000635971 -0.000172546 0.000735528)
(0.00065715 -0.000188247 0.000705066)
(0.000652182 -0.000197885 0.000668823)
(0.000600889 -0.000193657 0.000613418)
(0.000505597 -0.000172728 0.000544849)
(0.000388891 -0.000136761 0.000477633)
(0.000253914 -8.45879e-05 0.000386966)
(0.000155434 -3.88702e-05 0.000301953)
(0.000106858 -1.45284e-05 0.000243078)
(7.46069e-05 1.46531e-06 0.000185951)
(4.82253e-05 1.18745e-05 0.000124405)
(3.22177e-05 1.66923e-05 7.84887e-05)
(2.48178e-05 1.92946e-05 5.18038e-05)
(2.97491e-05 2.43216e-05 4.03668e-05)
(2.57044e-05 2.55629e-05 2.63842e-05)
(3.34798e-05 2.90239e-05 2.13047e-05)
(5.92531e-05 3.4513e-05 2.28967e-05)
(0.000110996 3.4239e-05 3.74925e-05)
(0.00018179 1.10436e-05 6.51452e-05)
(0.000205827 -2.18155e-05 0.000106192)
(0.00017982 -3.62492e-05 0.000144057)
(0.00018713 -4.75314e-05 0.000183257)
(0.000238865 -6.90463e-05 0.000234577)
(0.000293073 -9.27359e-05 0.000274657)
(0.000355809 -0.000117385 0.000301342)
(0.00042829 -0.000141236 0.000307596)
(0.000506259 -0.00016291 0.000282335)
(0.000581779 -0.000182158 0.000219554)
(0.000633777 -0.000192823 0.000117969)
(0.000613464 -0.000185864 -1.36543e-05)
(0.000544564 -0.000177289 -0.000146442)
(0.000547069 -0.000194881 -0.000244895)
(0.000470599 -0.000175625 -0.000272758)
(0.000432138 -0.000171014 -0.000302768)
(0.000412384 -0.000174746 -0.000345554)
(0.000402708 -0.000175542 -0.000384011)
(0.000388886 -0.000172864 -0.000408787)
(0.000367792 -0.000166271 -0.000406202)
(0.000361196 -0.000162552 -0.00037705)
(0.00025691 -0.000129304 -0.000145381)
(0.000122124 -9.59739e-05 0.000128204)
(8.41132e-05 -7.21439e-05 0.000338707)
(8.28157e-05 -4.31293e-05 0.000337089)
(0.000111779 -4.51582e-05 0.000442083)
(0.00014655 -5.08387e-05 0.000546498)
(0.000157453 -5.44381e-05 0.000605027)
(0.000179223 -5.99368e-05 0.000680246)
(0.000200878 -6.53712e-05 0.000751099)
(0.000222288 -7.03308e-05 0.000817588)
(0.000244218 -7.41995e-05 0.000880381)
(0.000263434 -7.60475e-05 0.000926869)
(0.000281356 -7.65489e-05 0.000959685)
(0.000298878 -7.56091e-05 0.000977195)
(0.000317331 -7.35085e-05 0.000977687)
(0.000340285 -7.12777e-05 0.000963372)
(0.00036986 -7.00687e-05 0.000935073)
(0.000407251 -7.13529e-05 0.000895081)
(0.000452149 -7.70812e-05 0.000849274)
(0.000502054 -8.87468e-05 0.000806904)
(0.000551651 -0.000105045 0.000772647)
(0.000598746 -0.000123205 0.000745964)
(0.000639209 -0.000141868 0.000720261)
(0.000661696 -0.000158924 0.000685292)
(0.000648283 -0.000169622 0.00063008)
(0.000577399 -0.000165567 0.000544438)
(0.000445282 -0.000139796 0.000434496)
(0.000293521 -9.81111e-05 0.000336831)
(0.000142135 -4.23893e-05 0.000236767)
(7.48556e-05 -9.17266e-06 0.000185501)
(4.21347e-05 4.65631e-06 0.000125787)
(1.82365e-05 1.00798e-05 7.04812e-05)
(7.071e-06 1.11025e-05 4.01264e-05)
(2.40071e-06 1.4277e-05 3.20825e-05)
(2.33438e-06 1.73533e-05 2.62941e-05)
(2.25571e-07 2.11085e-05 2.28155e-05)
(3.17735e-06 1.81949e-05 1.63682e-05)
(1.04277e-05 1.64673e-05 1.62686e-05)
(3.79774e-05 1.91974e-05 3.20666e-05)
(0.000135293 1.39563e-05 6.87013e-05)
(0.00021309 -1.36987e-05 0.000107273)
(0.000155928 -2.49469e-05 0.000129841)
(0.000159235 -3.31842e-05 0.000160921)
(0.000202696 -4.83583e-05 0.00020657)
(0.00025559 -6.7288e-05 0.000250384)
(0.000317293 -8.72028e-05 0.000283228)
(0.000388788 -0.000106346 0.000296531)
(0.000468027 -0.000123967 0.000279391)
(0.000539336 -0.000137434 0.000220926)
(0.000596379 -0.000145971 0.000127976)
(0.000576028 -0.000137597 8.10206e-06)
(0.000509729 -0.000128988 -0.000109799)
(0.000458402 -0.000125928 -0.000170759)
(0.000438142 -0.00012842 -0.000220703)
(0.000400082 -0.000126512 -0.000255142)
(0.000382674 -0.00013153 -0.000302059)
(0.000389622 -0.000137914 -0.000352686)
(0.00038322 -0.000138894 -0.000377577)
(0.000370752 -0.000136388 -0.000372854)
(0.000368005 -0.00014078 -0.0003347)
(0.000169932 -9.7289e-05 -1.75258e-06)
(9.10079e-05 -7.97569e-05 0.000309405)
(7.32022e-05 -3.82895e-05 0.000310908)
(9.8932e-05 -3.57206e-05 0.000416786)
(0.000122646 -3.70973e-05 0.000513101)
(0.000153021 -4.1006e-05 0.000608939)
(0.000161833 -4.34818e-05 0.000663043)
(0.000180591 -4.67128e-05 0.00073008)
(0.000198991 -4.99403e-05 0.000792417)
(0.00021671 -5.25454e-05 0.000849358)
(0.000233196 -5.4062e-05 0.000898221)
(0.000247638 -5.42976e-05 0.000935399)
(0.000259916 -5.31406e-05 0.000958706)
(0.000270592 -5.05249e-05 0.000966489)
(0.000281895 -4.69592e-05 0.000960039)
(0.000296632 -4.3103e-05 0.000941524)
(0.000317339 -3.98345e-05 0.000913056)
(0.000346014 -3.82317e-05 0.000876464)
(0.000384107 -3.9833e-05 0.000835948)
(0.000431085 -4.63371e-05 0.00079786)
(0.000483679 -5.82028e-05 0.000767961)
(0.000537851 -7.3623e-05 0.00074607)
(0.000589354 -9.07949e-05 0.000724179)
(0.000629428 -0.000108837 0.000689697)
(0.000642603 -0.000125629 0.000630105)
(0.000609635 -0.000136183 0.000537403)
(0.000517655 -0.0001341 0.000417041)
(0.000362208 -0.000111093 0.000286309)
(0.00015531 -5.79464e-05 0.000162379)
(5.23051e-05 -1.13472e-05 0.000126177)
(2.51146e-05 5.0381e-06 8.68537e-05)
(6.26969e-06 7.65978e-06 4.30962e-05)
(-1.33224e-06 1.11076e-05 3.70015e-05)
(-1.00883e-05 1.83494e-05 4.10642e-05)
(-1.48283e-05 2.2987e-05 3.83342e-05)
(-1.97493e-05 2.59792e-05 3.46429e-05)
(-1.15794e-05 2.06184e-05 2.67447e-05)
(6.38221e-08 1.05629e-05 1.79836e-05)
(1.64797e-05 9.03027e-06 3.10144e-05)
(5.9892e-05 6.61402e-06 6.3009e-05)
(0.000156236 -2.61109e-06 0.000105695)
(0.00012662 -1.34201e-05 0.000112301)
(0.000133594 -2.0392e-05 0.000134309)
(0.000173462 -3.1588e-05 0.000177638)
(0.000223712 -4.55513e-05 0.000222302)
(0.000284164 -6.09168e-05 0.000260913)
(0.000352147 -7.49574e-05 0.000280418)
(0.000430242 -8.80333e-05 0.000272511)
(0.000501495 -9.72549e-05 0.000222851)
(0.000560201 -0.000102895 0.000139753)
(0.000544554 -9.50124e-05 3.08357e-05)
(0.000479732 -8.68905e-05 -7.17982e-05)
(0.000427936 -8.23298e-05 -0.000123544)
(0.000404933 -8.47379e-05 -0.000174358)
(0.000369387 -8.50139e-05 -0.000214016)
(0.000355184 -9.04477e-05 -0.000263692)
(0.000367348 -9.80434e-05 -0.000314937)
(0.000373385 -0.000103455 -0.000342593)
(0.00038523 -0.00010885 -0.000352061)
(0.000316249 -0.000108809 -0.000241393)
(0.00014042 -9.41177e-05 0.000198837)
(7.41688e-05 -4.7874e-05 0.000327805)
(8.20595e-05 -2.75786e-05 0.000369839)
(0.000104909 -2.63207e-05 0.000476555)
(0.000123278 -2.65431e-05 0.000560282)
(0.00015035 -2.88069e-05 0.00065052)
(0.000157244 -2.99941e-05 0.000698354)
(0.000174324 -3.16031e-05 0.000760904)
(0.000190708 -3.32121e-05 0.00081788)
(0.00020597 -3.42252e-05 0.000868185)
(0.000219497 -3.43552e-05 0.000909651)
(0.000230562 -3.33949e-05 0.000939205)
(0.000238699 -3.12439e-05 0.000954113)
(0.000244597 -2.79305e-05 0.000953941)
(0.000250835 -2.38251e-05 0.000941656)
(0.000259593 -1.94295e-05 0.000919771)
(0.000273299 -1.53184e-05 0.000891188)
(0.000293993 -1.22112e-05 0.000857678)
(0.000323403 -1.11082e-05 0.000821611)
(0.00036245 -1.33663e-05 0.000787202)
(0.000410187 -2.00462e-05 0.000759617)
(0.000462659 -3.06117e-05 0.00073863)
(0.000514775 -4.3576e-05 0.00071633)
(0.000559435 -5.82917e-05 0.000679263)
(0.000585048 -7.41936e-05 0.000614453)
(0.000579659 -8.95954e-05 0.000517378)
(0.000536188 -0.000102378 0.000395378)
(0.000441595 -0.000107879 0.00025723)
(0.000247374 -9.00881e-05 0.000113908)
(5.76192e-05 -2.75012e-05 7.75897e-05)
(1.17716e-05 1.8219e-06 6.14063e-05)
(6.17305e-07 5.3118e-06 3.07269e-05)
(-6.37408e-06 9.40326e-06 3.6447e-05)
(-1.49802e-05 1.47899e-05 3.72765e-05)
(-1.72449e-05 1.62275e-05 3.32662e-05)
(-2.28649e-05 1.65648e-05 3.27269e-05)
(-1.46236e-05 1.25638e-05 2.814e-05)
(-2.81189e-06 5.40754e-06 2.13446e-05)
(7.57603e-06 2.76298e-06 3.03086e-05)
(3.19077e-05 1.34406e-06 5.55682e-05)
(9.15992e-05 1.58529e-06 8.58209e-05)
(9.93476e-05 -5.10567e-06 9.09524e-05)
(0.000104705 -1.02427e-05 0.000100491)
(0.000137854 -1.76468e-05 0.000133739)
(0.00018345 -2.67262e-05 0.000176629)
(0.000245427 -3.74667e-05 0.000223363)
(0.000317428 -4.76083e-05 0.000257661)
(0.000398932 -5.63245e-05 0.000264992)
(0.000459815 -5.9962e-05 0.000222211)
(0.000500551 -6.04103e-05 0.000147319)
(0.000500751 -5.63453e-05 5.50394e-05)
(0.000460157 -5.19862e-05 -3.18495e-05)
(0.000414904 -4.66025e-05 -8.50446e-05)
(0.000370234 -4.52109e-05 -0.000135434)
(0.00033939 -4.72396e-05 -0.0001798)
(0.000323397 -5.16996e-05 -0.00022761)
(0.000332616 -5.93641e-05 -0.00027127)
(0.00034901 -6.73983e-05 -0.000299502)
(0.000343137 -7.1619e-05 -0.000286137)
(0.000276122 -9.95233e-05 -0.000157428)
(9.81898e-05 -7.48241e-05 0.00035186)
(6.32365e-05 -2.38538e-05 0.00030689)
(8.46437e-05 -1.89306e-05 0.000423229)
(0.000101988 -1.70677e-05 0.000515632)
(0.000117027 -1.64011e-05 0.000590602)
(0.000142566 -1.71186e-05 0.000681459)
(0.000147226 -1.70077e-05 0.000719718)
(0.000162782 -1.73453e-05 0.000778765)
(0.000177486 -1.7528e-05 0.00083167)
(0.000190671 -1.71793e-05 0.000876572)
(0.000201702 -1.60951e-05 0.000911498)
(0.000209957 -1.41978e-05 0.000933914)
(0.000214919 -1.14661e-05 0.000941378)
(0.00021785 -8.00706e-06 0.000935526)
(0.000220492 -3.95523e-06 0.000918612)
(0.000224787 3.66767e-07 0.000893867)
(0.000232737 4.58287e-06 0.000864281)
(0.000246352 8.23222e-06 0.000832429)
(0.000267234 1.06533e-05 0.000799678)
(0.000296564 1.09458e-05 0.00076814)
(0.000334109 8.19418e-06 0.000740603)
(0.000376659 2.20059e-06 0.000716293)
(0.000419264 -6.17604e-06 0.000688552)
(0.000454973 -1.61937e-05 0.000643486)
(0.00047658 -2.77616e-05 0.00057087)
(0.000481951 -4.08497e-05 0.000473198)
(0.000474212 -5.61667e-05 0.000359922)
(0.000443941 -7.28798e-05 0.000230133)
(0.00035945 -9.23936e-05 7.44865e-05)
(0.000172114 -8.06244e-05 3.84931e-06)
(5.32078e-05 -3.489e-05 4.83112e-05)
(2.66735e-05 -7.8125e-06 4.96158e-05)
(1.1341e-05 1.93476e-06 1.52701e-05)
(-3.00017e-06 1.61844e-06 -8.06593e-06)
(-1.25683e-05 2.1959e-06 -1.03866e-05)
(-1.11904e-05 2.38696e-06 -1.97309e-06)
(-1.14447e-05 2.71218e-06 1.02619e-05)
(1.10792e-06 -5.29093e-07 1.69874e-05)
(7.96979e-06 -1.45202e-06 3.04297e-05)
(1.94257e-05 -1.29512e-06 4.46546e-05)
(4.51689e-05 1.65524e-06 5.78281e-05)
(6.51294e-05 -4.83362e-07 6.08283e-05)
(7.51946e-05 -4.18619e-06 6.50031e-05)
(0.000103048 -8.50468e-06 8.74281e-05)
(0.000150357 -1.42084e-05 0.000129041)
(0.000210096 -2.0137e-05 0.000178811)
(0.000278381 -2.4546e-05 0.000221926)
(0.000353317 -2.68342e-05 0.000240867)
(0.000424864 -2.75338e-05 0.000221699)
(0.000456264 -2.57934e-05 0.000158811)
(0.00047817 -2.39157e-05 8.29504e-05)
(0.00046014 -2.14532e-05 3.64993e-06)
(0.000428774 -1.70671e-05 -5.69168e-05)
(0.000295204 -1.04218e-05 -9.08118e-05)
(0.0003156 -1.55536e-05 -0.000154688)
(0.000296059 -2.06362e-05 -0.000198538)
(0.000306449 -2.83993e-05 -0.000239489)
(0.000324076 -3.67213e-05 -0.000262029)
(0.000294356 -4.68385e-05 -0.000227083)
(0.000192901 -7.94167e-05 -3.87733e-05)
(8.35555e-05 -5.18741e-05 0.000375482)
(6.66113e-05 -1.69121e-05 0.000350718)
(8.19358e-05 -1.27129e-05 0.000455275)
(9.55952e-05 -1.03786e-05 0.000537719)
(0.000109232 -9.11057e-06 0.000609182)
(0.000133281 -8.72172e-06 0.000700071)
(0.000137562 -7.83888e-06 0.000736059)
(0.000151872 -7.02521e-06 0.000792705)
(0.000165005 -6.02217e-06 0.000842197)
(0.000176179 -4.54145e-06 0.000882313)
(0.00018468 -2.4544e-06 0.000910842)
(0.000189905 2.18935e-07 0.000925433)
(0.000191521 3.32648e-06 0.000924504)
(0.000191125 6.84706e-06 0.000911346)
(0.00018986 1.06637e-05 0.00088771)
(0.000189285 1.45857e-05 0.000856885)
(0.000191137 1.83652e-05 0.000822519)
(0.000197165 2.17387e-05 0.000787657)
(0.000208736 2.43323e-05 0.00075357)
(0.000226725 2.56895e-05 0.000721161)
(0.000250386 2.51164e-05 0.00068965)
(0.000276702 2.20675e-05 0.000656424)
(0.000300988 1.69252e-05 0.000615634)
(0.00031816 1.0568e-05 0.000557734)
(0.000328334 3.34421e-06 0.000482948)
(0.000337522 -5.08921e-06 0.000399085)
(0.000346249 -1.636e-05 0.000304396)
(0.000345329 -3.17537e-05 0.000194097)
(0.000314431 -5.65661e-05 7.15331e-05)
(0.000227349 -5.69269e-05 2.79054e-05)
(0.000182516 -3.3229e-05 -2.38393e-05)
(0.000167318 -2.56679e-05 -0.000197843)
(0.000125013 -2.6193e-05 -0.000278131)
(0.000112686 -3.3961e-05 -0.000324579)
(8.22613e-05 -3.06559e-05 -0.00029599)
(5.3378e-05 -2.41384e-05 -0.000237543)
(2.17355e-06 -7.29662e-06 -6.53819e-05)
(-1.09725e-06 -5.62368e-06 -3.54907e-05)
(7.20883e-07 -6.29792e-06 -1.02333e-05)
(1.09277e-05 -6.58694e-06 2.3274e-05)
(1.71265e-05 -1.4995e-06 3.16941e-05)
(3.62948e-05 3.61518e-07 3.65279e-05)
(5.37258e-05 -1.32303e-06 3.7396e-05)
(8.15601e-05 -3.53462e-06 5.11597e-05)
(0.000117284 -7.25764e-06 7.89537e-05)
(0.000181303 -1.13141e-05 0.00013034)
(0.000254299 -1.24595e-05 0.000185505)
(0.000329846 -9.30263e-06 0.000220536)
(0.000400985 -5.05144e-06 0.000217012)
(0.000448303 -2.74669e-06 0.000173013)
(0.000472438 -3.37572e-07 0.000108686)
(0.000487656 2.23063e-06 3.82796e-05)
(0.000462365 6.56807e-06 -2.70287e-05)
(0.000273816 1.09004e-05 -7.00979e-05)
(0.000306578 6.58395e-06 -0.000140568)
(0.000290706 9.93533e-07 -0.000185193)
(0.000302798 -7.38948e-06 -0.000226955)
(0.000335127 -1.686e-05 -0.000253119)
(0.000273618 -4.23546e-05 -0.000198661)
(0.000134787 -6.53255e-05 9.16504e-05)
(6.33097e-05 -3.25833e-05 0.000316497)
(6.84184e-05 -1.45836e-05 0.00039023)
(8.08029e-05 -1.07939e-05 0.000487611)
(9.37307e-05 -8.41446e-06 0.000568472)
(0.000107701 -6.96772e-06 0.000641831)
(0.00013117 -6.12062e-06 0.000734012)
(0.000135433 -4.80876e-06 0.00076926)
(0.000148881 -3.41732e-06 0.000824018)
(0.00016053 -1.76674e-06 0.000869858)
(0.000169469 3.87295e-07 0.000904144)
(0.000174938 3.08365e-06 0.000924551)
(0.000176537 6.22138e-06 0.00092942)
(0.0001742 9.53463e-06 0.000917892)
(0.00016945 1.29826e-05 0.000893716)
(0.000163422 1.64448e-05 0.000859629)
(0.000157356 1.97105e-05 0.000818563)
(0.000152865 2.26285e-05 0.000774971)
(0.000151364 2.51224e-05 0.000732251)
(0.000153771 2.70899e-05 0.000691914)
(0.0001599 2.8255e-05 0.000652051)
(0.000168461 2.81109e-05 0.000609503)
(0.000176592 2.61216e-05 0.000560058)
(0.000180602 2.24663e-05 0.000499418)
(0.000180306 1.84535e-05 0.000430239)
(0.000181646 1.5101e-05 0.000364104)
(0.000187873 1.1771e-05 0.000298971)
(0.000197821 5.94789e-06 0.000226419)
(0.000205397 -5.90766e-06 0.000147147)
(0.000192099 -1.52635e-05 8.42647e-05)
(0.000183326 -1.51796e-05 3.92153e-05)
(0.000158123 -4.30772e-06 -6.95467e-05)
(0.000146239 -2.75215e-06 -0.000194916)
(0.000113912 -7.16997e-07 -0.000256547)
(8.60549e-05 8.0197e-07 -0.000273903)
(6.86001e-05 1.67794e-06 -0.000276839)
(6.29345e-05 -4.96421e-07 -0.000290626)
(6.43609e-06 -3.08896e-06 -0.000115145)
(1.55497e-07 -3.38098e-06 -6.86611e-05)
(-7.16671e-06 -6.75972e-06 -8.72148e-05)
(-5.50617e-06 -8.37551e-06 -5.31206e-05)
(2.59061e-06 -5.05779e-06 -4.25486e-06)
(1.0518e-05 -1.23059e-07 -7.2194e-06)
(2.138e-05 -1.56972e-06 -1.18655e-05)
(4.35936e-05 -1.76754e-06 -8.28645e-06)
(9.67076e-05 -6.63507e-06 2.08724e-05)
(0.000172183 -1.07045e-05 7.38e-05)
(0.000290337 -1.32936e-05 0.000153217)
(0.000395104 -7.3056e-06 0.00021745)
(0.000475729 1.77023e-06 0.000229801)
(0.000553758 6.81853e-06 0.000198884)
(0.000566996 1.08469e-05 0.0001361)
(0.000563246 1.5808e-05 6.41869e-05)
(0.000504744 1.98478e-05 -1.09284e-05)
(0.000263062 2.09767e-05 -5.93656e-05)
(0.000257948 1.48051e-05 -0.000114463)
(0.000288935 1.19881e-05 -0.00017822)
(0.000310789 3.45939e-06 -0.000228633)
(0.000309238 -5.66557e-06 -0.000219426)
(0.000255603 -4.53763e-05 -0.000179573)
(0.000138372 -8.06587e-05 0.000217764)
(6.11282e-05 -2.85142e-05 0.000324683)
(6.90824e-05 -1.50712e-05 0.000422574)
(8.08365e-05 -1.12919e-05 0.000519102)
(9.46e-05 -8.93783e-06 0.000603421)
(0.0001096 -7.41536e-06 0.000680443)
(0.000132385 -6.46513e-06 0.000771866)
(0.00013631 -4.98884e-06 0.000804983)
(0.000148389 -3.38812e-06 0.000855452)
(0.00015766 -1.4575e-06 0.000893866)
(0.000163323 9.83254e-07 0.000918083)
(0.000164829 3.8935e-06 0.000926326)
(0.000162127 7.09031e-06 0.00091798)
(0.000155734 1.03479e-05 0.000893767)
(0.00014704 1.35204e-05 0.000857425)
(0.000137075 1.64436e-05 0.000811881)
(0.000127116 1.89349e-05 0.000760978)
(0.000118354 2.09445e-05 0.000708512)
(0.000111706 2.2485e-05 0.000657441)
(0.000107476 2.35534e-05 0.000608282)
(0.000105241 2.40812e-05 0.000558938)
(0.000103535 2.37453e-05 0.000504894)
(9.9922e-05 2.20778e-05 0.000441046)
(9.25388e-05 1.91336e-05 0.000366747)
(8.43431e-05 1.65509e-05 0.000297141)
(8.00309e-05 1.55663e-05 0.000242881)
(7.89424e-05 1.5286e-05 0.000190971)
(8.13951e-05 1.3689e-05 0.000136829)
(9.30268e-05 8.45609e-06 9.0854e-05)
(0.000110183 1.07312e-05 7.54788e-05)
(8.51043e-05 6.3012e-06 4.16768e-06)
(7.60596e-05 4.03131e-06 -6.75789e-05)
(9.0326e-05 4.99589e-06 -0.000169401)
(7.07231e-05 3.8241e-06 -0.000220488)
(4.30997e-05 3.60055e-06 -0.00020694)
(2.80369e-05 4.9356e-06 -0.000190169)
(2.02556e-05 5.14203e-06 -0.000179447)
(1.50749e-06 1.05831e-06 -8.64017e-05)
(-9.55209e-07 2.0454e-07 -8.5377e-05)
(-8.1488e-06 -1.88089e-06 -0.000127082)
(-2.35268e-05 -6.01259e-06 -0.000165916)
(-2.71299e-05 -8.3393e-06 -0.0001361)
(-1.47057e-05 -4.52109e-06 -6.63136e-05)
(4.99255e-06 -1.8653e-06 -3.95095e-05)
(4.73181e-06 -1.1822e-06 -3.36389e-05)
(4.2443e-05 -4.85071e-06 -3.90494e-05)
(0.000144669 -1.11855e-05 4.31579e-06)
(0.000303666 -1.66296e-05 9.47848e-05)
(0.000477611 -1.02123e-05 0.00019633)
(0.00058358 3.96238e-06 0.000226952)
(0.000654918 1.17586e-05 0.000194595)
(0.000654784 1.66268e-05 0.000137303)
(0.000616648 2.23665e-05 6.6452e-05)
(0.000515843 2.50695e-05 -1.42101e-05)
(0.000243798 2.31908e-05 -5.70989e-05)
(0.000241443 1.74559e-05 -0.000113032)
(0.000269071 1.53158e-05 -0.000171935)
(0.00029482 7.33591e-06 -0.000225315)
(0.000283788 -2.38745e-06 -0.000198942)
(0.000230246 -4.99055e-05 -0.000168473)
(0.000118602 -8.32103e-05 0.000282371)
(6.12852e-05 -2.77083e-05 0.000342934)
(6.86055e-05 -1.59303e-05 0.00044637)
(8.10417e-05 -1.19326e-05 0.000546625)
(9.59435e-05 -9.42143e-06 0.00063568)
(0.000111462 -7.66341e-06 0.000714538)
(0.000132544 -6.5691e-06 0.000801322)
(0.000134867 -4.8787e-06 0.000827873)
(0.000144006 -3.03226e-06 0.000868678)
(0.000149274 -8.64428e-07 0.000894166)
(0.000150105 1.72612e-06 0.000902641)
(0.000146442 4.6383e-06 0.000893622)
(0.00013879 7.66542e-06 0.000867826)
(0.000128339 1.05893e-05 0.000828072)
(0.000116064 1.31925e-05 0.000777124)
(0.000103092 1.53262e-05 0.000718797)
(9.04208e-05 1.6898e-05 0.000656436)
(7.88222e-05 1.78722e-05 0.000593152)
(6.87863e-05 1.83212e-05 0.000531249)
(6.03721e-05 1.83401e-05 0.000471249)
(5.2449e-05 1.7899e-05 0.000409036)
(4.4161e-05 1.67741e-05 0.000341867)
(3.50758e-05 1.46969e-05 0.000270471)
(2.61365e-05 1.20243e-05 0.000202832)
(1.92458e-05 1.00528e-05 0.000151834)
(1.41925e-05 9.05638e-06 0.000112979)
(1.04824e-05 8.53141e-06 7.90767e-05)
(8.60241e-06 7.96688e-06 5.01198e-05)
(1.06131e-05 7.49612e-06 2.78236e-05)
(1.09794e-05 7.28164e-06 1.07162e-05)
(1.49631e-05 4.85514e-06 -1.66458e-05)
(1.77753e-05 3.83835e-06 -5.09198e-05)
(2.3847e-05 5.69552e-06 -0.00010856)
(1.95916e-05 4.04697e-06 -0.000135419)
(1.06319e-05 2.47677e-06 -0.000124455)
(4.57108e-06 2.64285e-06 -0.000102084)
(1.81767e-06 2.61514e-06 -8.81943e-05)
(-3.50345e-06 2.85641e-06 -0.000104468)
(-5.62919e-06 3.05048e-06 -0.000122153)
(-1.14867e-05 2.57233e-06 -0.00015646)
(-2.45026e-05 5.18152e-07 -0.000204344)
(-4.20354e-05 -2.634e-06 -0.000234191)
(-5.20489e-05 -3.27163e-07 -0.000223711)
(-3.54836e-05 -5.12968e-07 -0.000202904)
(-8.88966e-06 -2.83513e-06 -8.22159e-05)
(4.00378e-06 -2.55706e-06 -5.34406e-05)
(6.97135e-05 -9.37604e-06 -6.56656e-05)
(0.000274731 -2.25475e-05 5.41515e-06)
(0.000503587 -1.58942e-05 0.000136547)
(0.000629557 5.7677e-06 0.000189639)
(0.000704043 1.65779e-05 0.000162727)
(0.000686263 2.0451e-05 0.000110494)
(0.000617233 2.48771e-05 4.46505e-05)
(0.000502047 2.64687e-05 -3.26935e-05)
(0.000224826 2.25318e-05 -6.66916e-05)
(0.000215312 1.75923e-05 -0.000117168)
(0.000236623 1.62607e-05 -0.00016984)
(0.000258003 9.58551e-06 -0.000219435)
(0.000240975 2.07778e-07 -0.000183138)
(0.000200383 -5.15265e-05 -0.000164165)
(0.000103508 -8.34069e-05 0.000309992)
(6.23987e-05 -2.89824e-05 0.000361242)
(6.99079e-05 -1.72938e-05 0.000471654)
(8.37545e-05 -1.282e-05 0.000578724)
(9.96178e-05 -9.94983e-06 0.000671709)
(0.000114897 -7.85961e-06 0.000749524)
(0.000133829 -6.57255e-06 0.000829043)
(0.000133456 -4.69263e-06 0.000845273)
(0.00013855 -2.61628e-06 0.000872048)
(0.000138921 -3.71922e-07 0.000880626)
(0.00013442 2.17706e-06 0.000870169)
(0.000125455 4.86206e-06 0.000841085)
(0.00011351 7.47686e-06 0.000796858)
(9.95484e-05 9.79964e-06 0.000739792)
(8.47644e-05 1.16237e-05 0.000673655)
(7.01528e-05 1.28559e-05 0.000601972)
(5.64937e-05 1.34273e-05 0.000527894)
(4.45114e-05 1.34016e-05 0.000455187)
(3.41521e-05 1.28686e-05 0.000384533)
(2.5329e-05 1.19833e-05 0.000316615)
(1.77829e-05 1.08282e-05 0.000251594)
(1.12239e-05 9.29273e-06 0.000189425)
(5.84658e-06 7.39628e-06 0.000133973)
(2.0196e-06 5.66093e-06 9.29344e-05)
(-6.68775e-07 5.09408e-06 7.43975e-05)
(-4.06408e-06 6.42189e-06 7.66684e-05)
(-8.71501e-06 8.37497e-06 7.24398e-05)
(-1.2706e-05 9.66766e-06 5.31853e-05)
(-1.18782e-05 9.42439e-06 2.4173e-05)
(-1.17783e-05 8.25392e-06 -1.78537e-06)
(-6.43625e-06 3.87301e-06 -2.55262e-05)
(-3.16363e-06 2.51612e-06 -4.23128e-05)
(-6.94635e-07 2.7056e-06 -5.33802e-05)
(-4.66844e-07 2.30674e-06 -6.65087e-05)
(-1.86803e-06 1.82293e-06 -8.35475e-05)
(-5.16472e-06 2.56059e-06 -0.000109762)
(-7.74972e-06 3.44073e-06 -0.0001284)
(-1.46246e-05 5.21028e-06 -0.000168031)
(-1.77147e-05 6.18393e-06 -0.000186097)
(-2.31363e-05 6.44642e-06 -0.000211517)
(-3.39509e-05 5.71205e-06 -0.000250729)
(-5.07002e-05 3.40706e-06 -0.000291841)
(-6.6742e-05 1.09737e-06 -0.000310073)
(-8.24185e-05 2.16602e-06 -0.000323069)
(-7.26669e-05 -1.5636e-07 -0.000311526)
(-3.26942e-05 -6.01003e-06 -0.000191692)
(8.64516e-06 -5.23126e-06 -7.3475e-05)
(0.000186419 -2.60739e-05 -9.65225e-05)
(0.00047749 -2.57046e-05 4.65849e-05)
(0.000643405 2.40692e-06 0.000129249)
(0.000726176 1.79163e-05 0.000110556)
(0.000700827 2.13656e-05 6.41892e-05)
(0.000596892 2.42185e-05 6.52783e-06)
(0.000471168 2.61692e-05 -5.87631e-05)
(0.000208743 1.95222e-05 -8.01754e-05)
(0.000190203 1.64348e-05 -0.000123795)
(0.000205681 1.61298e-05 -0.000172714)
(0.000216526 1.0516e-05 -0.000213978)
(0.000208856 2.44518e-06 -0.000183853)
(0.000173901 -5.13188e-05 -0.00016689)
(9.67654e-05 -8.56972e-05 0.000323167)
(6.48178e-05 -3.17016e-05 0.000381708)
(7.38223e-05 -1.89737e-05 0.000502862)
(8.9401e-05 -1.37973e-05 0.000617904)
(0.000105621 -1.03949e-05 0.000711678)
(0.000119489 -7.88763e-06 0.000783314)
(0.000135075 -6.42033e-06 0.000850047)
(0.000131936 -4.28286e-06 0.000855774)
(0.000131478 -2.12697e-06 0.000861918)
(0.000126907 4.50782e-08 0.000852388)
(0.000117117 2.44919e-06 0.000821112)
(0.000103734 4.7566e-06 0.000772106)
(8.87485e-05 6.91313e-06 0.000711352)
(7.2463e-05 8.61461e-06 0.000637357)
(5.64988e-05 9.66059e-06 0.000556217)
(4.17975e-05 1.00267e-05 0.000471561)
(2.92585e-05 9.75616e-06 0.000388459)
(1.88494e-05 8.88869e-06 0.000307828)
(1.10164e-05 7.69865e-06 0.000235478)
(5.40241e-06 6.43231e-06 0.00017277)
(1.59924e-06 5.25023e-06 0.000121696)
(-1.05697e-06 5.32912e-06 0.000106063)
(-5.08274e-06 7.1495e-06 0.000124416)
(-1.13529e-05 8.81042e-06 0.000137442)
(-2.05684e-05 1.06567e-05 0.000146901)
(-3.32105e-05 1.32681e-05 0.000148322)
(-4.80859e-05 1.66875e-05 0.000132617)
(-5.93458e-05 1.89234e-05 9.12813e-05)
(-6.03322e-05 2.03857e-05 3.85335e-05)
(-5.72224e-05 1.57881e-05 -2.20904e-05)
(-4.83168e-05 8.42271e-06 -7.41611e-05)
(-3.84357e-05 6.53004e-06 -0.000115639)
(-2.91925e-05 7.54601e-06 -0.000147285)
(-2.38541e-05 6.3596e-06 -0.000166893)
(-2.40284e-05 4.82463e-06 -0.000189454)
(-2.95302e-05 4.91236e-06 -0.000217651)
(-3.06796e-05 5.46617e-06 -0.000225361)
(-3.58604e-05 7.60613e-06 -0.000246703)
(-3.98962e-05 9.01703e-06 -0.00026554)
(-4.6072e-05 9.95868e-06 -0.000288926)
(-5.59151e-05 9.58359e-06 -0.000321013)
(-6.94335e-05 7.4406e-06 -0.000355104)
(-8.29201e-05 4.24258e-06 -0.000375217)
(-8.97248e-05 1.01709e-06 -0.000371651)
(-8.67231e-05 -7.68784e-07 -0.000346474)
(-6.08802e-05 -5.1364e-06 -0.000283108)
(-1.46521e-05 -7.04255e-06 -0.000132585)
(6.45842e-05 -1.74783e-05 -0.000127733)
(0.000413693 -3.41407e-05 -5.44125e-05)
(0.00062593 -4.62946e-06 4.94416e-05)
(0.000723515 1.61294e-05 4.27554e-05)
(0.000722424 2.12138e-05 2.99799e-06)
(0.000572737 2.17825e-05 -4.2014e-05)
(0.000422342 2.31297e-05 -8.58053e-05)
(0.000214545 1.68877e-05 -9.86732e-05)
(0.000193012 1.6171e-05 -0.000147121)
(0.000176774 1.5186e-05 -0.000174077)
(0.000180215 1.04365e-05 -0.000209176)
(0.000186511 4.64104e-06 -0.000194631)
(0.000152313 -4.97986e-05 -0.000173675)
(9.28345e-05 -8.77466e-05 0.000323025)
(6.8231e-05 -3.50719e-05 0.000406002)
(8.06344e-05 -2.0816e-05 0.000543735)
(9.83421e-05 -1.48186e-05 0.00066789)
(0.000114673 -1.0873e-05 0.000761204)
(0.000126607 -8.07422e-06 0.000824859)
(0.000139901 -6.16215e-06 0.000882335)
(0.00013112 -3.86324e-06 0.000866273)
(0.000126432 -1.68525e-06 0.000856462)
(0.00011599 5.20704e-07 0.000822999)
(0.000101223 2.64664e-06 0.000768994)
(8.39819e-05 4.5701e-06 0.000698669)
(6.58012e-05 6.09206e-06 0.000615476)
(4.82242e-05 7.02433e-06 0.000523806)
(3.25234e-05 7.32381e-06 0.000428262)
(1.95881e-05 6.96965e-06 0.000333232)
(9.84687e-06 5.96057e-06 0.000243474)
(3.58856e-06 4.67812e-06 0.000168276)
(1.15752e-07 3.72948e-06 0.000118273)
(-3.16063e-06 5.31223e-06 0.000145168)
(-9.0175e-06 7.96366e-06 0.000183254)
(-1.79197e-05 1.09521e-05 0.000212104)
(-2.9221e-05 1.33348e-05 0.000222887)
(-4.32067e-05 1.50762e-05 0.000223764)
(-6.23424e-05 1.72471e-05 0.000224528)
(-8.62197e-05 2.04573e-05 0.000214018)
(-0.00011263 2.49047e-05 0.000182027)
(-0.000133986 2.8502e-05 0.000120981)
(-0.000144493 3.4411e-05 4.85236e-05)
(-0.000160651 2.97003e-05 -7.05009e-05)
(-0.000132546 1.48007e-05 -0.000149255)
(-0.000116682 1.28732e-05 -0.000223572)
(-9.04094e-05 1.29778e-05 -0.000257659)
(-7.79235e-05 1.12783e-05 -0.00029335)
(-7.39557e-05 8.73209e-06 -0.000322505)
(-7.66699e-05 7.4952e-06 -0.000343601)
(-7.01236e-05 7.33719e-06 -0.000333296)
(-7.00724e-05 9.46143e-06 -0.0003365)
(-7.38424e-05 1.08841e-05 -0.00035186)
(-8.02609e-05 1.19534e-05 -0.000375075)
(-8.77079e-05 1.13777e-05 -0.000399121)
(-9.46174e-05 8.69132e-06 -0.000416934)
(-0.000100207 5.21536e-06 -0.000422526)
(-0.000100069 1.57385e-06 -0.000407382)
(-8.79689e-05 -1.75631e-06 -0.000362424)
(-6.17853e-05 -4.58367e-06 -0.000286717)
(-2.00897e-05 -8.01512e-06 -0.000157438)
(2.11272e-05 -1.2025e-05 -0.000108708)
(0.000310799 -3.32367e-05 -0.000134033)
(0.000589691 -1.11696e-05 -3.40728e-05)
(0.000706108 1.26362e-05 -3.4909e-05)
(0.000717627 1.96632e-05 -6.9846e-05)
(0.00055515 1.86827e-05 -9.81911e-05)
(0.000387045 1.81251e-05 -0.000115701)
(0.000231076 1.42627e-05 -0.000120659)
(0.00019884 1.42454e-05 -0.0001685)
(0.000163832 1.35521e-05 -0.000182303)
(0.000161001 9.67134e-06 -0.000212029)
(0.000168878 6.82916e-06 -0.000204646)
(0.000134107 -4.73477e-05 -0.00018011)
(8.95163e-05 -8.91267e-05 0.000317113)
(7.13334e-05 -3.769e-05 0.000430955)
(8.93466e-05 -2.23217e-05 0.000590444)
(0.000109584 -1.54735e-05 0.000723355)
(0.00012573 -1.10282e-05 0.000813687)
(0.000135266 -8.03704e-06 0.000866947)
(0.00014496 -5.79069e-06 0.000910479)
(0.000130717 -3.44675e-06 0.000873394)
(0.00012032 -1.22857e-06 0.000840986)
(0.000104523 8.23055e-07 0.000784177)
(8.55506e-05 2.64691e-06 0.000708093)
(6.52202e-05 4.09905e-06 0.000616366)
(4.54769e-05 5.01619e-06 0.000513486)
(2.80774e-05 5.29745e-06 0.000404792)
(1.44809e-05 4.95171e-06 0.000297586)
(5.22945e-06 3.98613e-06 0.000198808)
(3.74326e-07 2.9425e-06 0.00012827)
(-3.54364e-06 4.20583e-06 0.000162556)
(-1.0709e-05 6.56811e-06 0.000220425)
(-2.16096e-05 9.68874e-06 0.000272788)
(-3.63154e-05 1.34286e-05 0.000310802)
(-5.38983e-05 1.69954e-05 0.000325827)
(-7.25426e-05 1.93447e-05 0.000316391)
(-9.51327e-05 2.11107e-05 0.00030317)
(-0.000125182 2.3445e-05 0.000291816)
(-0.000160287 2.6994e-05 0.000266434)
(-0.000197629 3.2197e-05 0.000216933)
(-0.000233624 3.79489e-05 0.000139447)
(-0.000291638 5.29915e-05 4.93981e-05)
(-0.000324712 4.6624e-05 -0.000141946)
(-0.000274342 2.48331e-05 -0.000257837)
(-0.000221038 1.9228e-05 -0.000328056)
(-0.000179637 1.79001e-05 -0.000373886)
(-0.000160368 1.53573e-05 -0.000425204)
(-0.000150255 1.1803e-05 -0.000459067)
(-0.000145521 9.3312e-06 -0.000471727)
(-0.000126506 8.53286e-06 -0.000444662)
(-0.000118954 1.02833e-05 -0.000433162)
(-0.000119421 1.12598e-05 -0.00043997)
(-0.000122247 1.17687e-05 -0.000454282)
(-0.000124779 1.07008e-05 -0.000468829)
(-0.000123931 7.8457e-06 -0.000471873)
(-0.000118934 4.36045e-06 -0.00045701)
(-0.000108473 7.06449e-07 -0.000422909)
(-8.84151e-05 -2.84158e-06 -0.000362277)
(-5.45656e-05 -6.10744e-06 -0.000264156)
(-1.26899e-05 -7.54563e-06 -0.000122481)
(2.54486e-05 -1.33579e-05 -0.000113431)
(0.000247561 -2.73823e-05 -0.000167207)
(0.000548996 -1.11934e-05 -0.000108975)
(0.000682096 9.71146e-06 -0.000116648)
(0.000690714 1.73502e-05 -0.000142994)
(0.000528702 1.43558e-05 -0.00015143)
(0.000366893 1.26038e-05 -0.000143779)
(0.000251995 1.26386e-05 -0.000144449)
(0.000219948 1.26312e-05 -0.00019649)
(0.000173286 1.14443e-05 -0.000204955)
(0.000150121 8.01748e-06 -0.000212594)
(0.000152332 8.7064e-06 -0.000206181)
(0.000118195 -4.51806e-05 -0.000182387)
(8.55624e-05 -9.03535e-05 0.000317534)
(7.44905e-05 -3.87797e-05 0.000458214)
(0.000100478 -2.34749e-05 0.000645597)
(0.000123626 -1.57531e-05 0.00078575)
(0.000139409 -1.08762e-05 0.000870881)
(0.000146176 -7.79077e-06 0.00091164)
(0.000151561 -5.4303e-06 0.000938796)
(0.000131266 -3.05312e-06 0.000878588)
(0.00011493 -8.62449e-07 0.000822372)
(9.41024e-05 1.01103e-06 0.000742338)
(7.11814e-05 2.50428e-06 0.000643368)
(4.85932e-05 3.49617e-06 0.000530502)
(2.86474e-05 3.88193e-06 0.000409663)
(1.33029e-05 3.6352e-06 0.000288989)
(3.63697e-06 2.84597e-06 0.000180367)
(-1.00172e-06 2.52151e-06 0.00013694)
(-7.4893e-06 4.28903e-06 0.000207401)
(-1.88873e-05 6.65635e-06 0.000282738)
(-3.50951e-05 9.70177e-06 0.000349135)
(-5.5928e-05 1.36305e-05 0.000399924)
(-8.06406e-05 1.80871e-05 0.000427161)
(-0.000106722 2.19187e-05 0.000423191)
(-0.000132783 2.42648e-05 0.000395701)
(-0.000165255 2.61606e-05 0.000370462)
(-0.000206474 2.85459e-05 0.000345463)
(-0.000252905 3.2396e-05 0.000305228)
(-0.000302524 3.84511e-05 0.00024022)
(-0.00036673 4.79335e-05 0.000150696)
(-0.000498525 7.27473e-05 3.12078e-05)
(-0.000503127 5.92797e-05 -0.000215618)
(-0.000411846 3.21285e-05 -0.000340896)
(-0.000342143 2.46907e-05 -0.000426344)
(-0.000295202 2.20051e-05 -0.000497206)
(-0.000265858 1.79946e-05 -0.000556168)
(-0.000245982 1.32643e-05 -0.000588867)
(-0.000230733 9.80887e-06 -0.000592703)
(-0.000197208 8.50731e-06 -0.000551918)
(-0.000181069 9.68117e-06 -0.000528729)
(-0.000174631 1.01346e-05 -0.000523414)
(-0.000169781 9.97848e-06 -0.000523574)
(-0.000163611 8.3814e-06 -0.00052186)
(-0.000153371 5.50651e-06 -0.000508238)
(-0.000138702 2.2292e-06 -0.000478435)
(-0.000117933 -1.34405e-06 -0.000427332)
(-8.76564e-05 -5.05276e-06 -0.000346174)
(-4.63722e-05 -8.5611e-06 -0.000230334)
(-5.29868e-06 -6.75502e-06 -7.89929e-05)
(4.60539e-05 -1.67675e-05 -0.000120597)
(0.000271456 -2.33747e-05 -0.000164939)
(0.000529573 -5.56572e-06 -0.000158372)
(0.000627045 8.94922e-06 -0.000173863)
(0.000638477 1.51459e-05 -0.000197482)
(0.000505479 1.06723e-05 -0.000195699)
(0.000357872 7.57561e-06 -0.000174061)
(0.0002684 1.14998e-05 -0.000168516)
(0.000243783 1.16052e-05 -0.000223839)
(0.000183614 9.00978e-06 -0.00022123)
(0.000150604 6.68709e-06 -0.000216097)
(0.000138694 9.90368e-06 -0.000202278)
(0.000103413 -4.39907e-05 -0.000178)
(8.03576e-05 -9.15615e-05 0.000332649)
(8.14927e-05 -3.85929e-05 0.000500469)
(0.000116436 -2.45144e-05 0.000717252)
(0.000142237 -1.5807e-05 0.000859997)
(0.000156993 -1.05159e-05 0.000935771)
(0.000160232 -7.339e-06 0.000960662)
(0.000160543 -5.01879e-06 0.000968428)
(0.000133466 -2.59371e-06 0.000883883)
(0.000111099 -4.34784e-07 0.000803675)
(8.51272e-05 1.23665e-06 0.000699807)
(5.86381e-05 2.39523e-06 0.000578276)
(3.47172e-05 2.96238e-06 0.00044589)
(1.6016e-05 2.89779e-06 0.000311445)
(4.28009e-06 2.30096e-06 0.000188951)
(-1.22427e-06 2.06033e-06 0.000140642)
(-9.44941e-06 3.73934e-06 0.000226827)
(-2.42694e-05 5.84419e-06 0.000317707)
(-4.51681e-05 8.46885e-06 0.000398724)
(-7.16431e-05 1.20218e-05 0.000464041)
(-0.0001032 1.65709e-05 0.000507818)
(-0.000137913 2.14949e-05 0.00052115)
(-0.000172162 2.54682e-05 0.000499536)
(-0.000206933 2.79664e-05 0.000459445)
(-0.000250498 2.99944e-05 0.000423476)
(-0.000302839 3.23414e-05 0.000384593)
(-0.000361815 3.65418e-05 0.000331109)
(-0.000429055 4.38753e-05 0.000254108)
(-0.000553423 5.95773e-05 0.000156826)
(-0.000690316 8.29753e-05 -1.08015e-05)
(-0.000661258 6.50327e-05 -0.000276643)
(-0.000560688 3.8101e-05 -0.000420653)
(-0.000483503 2.928e-05 -0.000527337)
(-0.000431242 2.49424e-05 -0.000619731)
(-0.000387228 1.93064e-05 -0.000679797)
(-0.000353753 1.33288e-05 -0.000707169)
(-0.000325868 8.94374e-06 -0.000701625)
(-0.000277705 7.12262e-06 -0.000649621)
(-0.000252599 7.70329e-06 -0.000616071)
(-0.000236632 7.8336e-06 -0.000597268)
(-0.000221625 7.30139e-06 -0.00058211)
(-0.000204731 5.43771e-06 -0.000563105)
(-0.000183857 2.67122e-06 -0.000532277)
(-0.000158597 -4.14692e-07 -0.000485836)
(-0.000127051 -4.09073e-06 -0.000417405)
(-8.58716e-05 -7.91646e-06 -0.000316661)
(-3.79475e-05 -1.12971e-05 -0.000188999)
(5.87314e-07 -6.19195e-06 -4.98834e-05)
(9.11438e-05 -2.06434e-05 -0.000124453)
(0.000323665 -1.67381e-05 -0.000153327)
(0.000507478 -3.44148e-08 -0.000170596)
(0.000606561 1.00393e-05 -0.000212102)
(0.000599528 1.3424e-05 -0.000240816)
(0.000488783 7.60839e-06 -0.000237111)
(0.000363229 3.41581e-06 -0.000209054)
(0.000284152 9.98511e-06 -0.00019698)
(0.000252061 1.04199e-05 -0.000238219)
(0.000194721 7.84152e-06 -0.000236733)
(0.000150102 6.77096e-06 -0.000219546)
(0.000122385 9.69891e-06 -0.000192673)
(8.35768e-05 -4.34076e-05 -0.000156172)
(7.69382e-05 -9.52381e-05 0.000380389)
(9.75365e-05 -3.9344e-05 0.000573522)
(0.000140907 -2.57949e-05 0.00081278)
(0.000168314 -1.59533e-05 0.000951386)
(0.000180645 -1.01443e-05 0.00101207)
(0.000178943 -6.68656e-06 0.00101632)
(0.000172227 -4.40683e-06 0.000997801)
(0.000137478 -1.92345e-06 0.000888661)
(0.000108415 2.12323e-07 0.000783359)
(7.70682e-05 1.634e-06 0.000655213)
(4.7433e-05 2.43771e-06 0.000511918)
(2.32263e-05 2.58128e-06 0.000362786)
(7.22673e-06 2.13782e-06 0.000222267)
(-2.33733e-07 1.53246e-06 0.000127739)
(-8.33661e-06 2.94641e-06 0.000216572)
(-2.47657e-05 4.77734e-06 0.000320717)
(-4.89986e-05 6.89179e-06 0.000415313)
(-7.99754e-05 9.54745e-06 0.000494777)
(-0.000117349 1.34367e-05 0.000557263)
(-0.000159414 1.84942e-05 0.000591174)
(-0.000203606 2.36776e-05 0.000590475)
(-0.000246307 2.77529e-05 0.000555289)
(-0.000291889 3.04757e-05 0.000507485)
(-0.000347497 3.25663e-05 0.000461482)
(-0.000411258 3.49253e-05 0.000409491)
(-0.000484178 3.94314e-05 0.000343965)
(-0.000573206 4.78789e-05 0.000255897)
(-0.00074986 6.80934e-05 0.00014341)
(-0.000866167 8.68271e-05 -6.6583e-05)
(-0.000827499 6.80537e-05 -0.000338418)
(-0.000723887 4.28123e-05 -0.000501286)
(-0.000639638 3.2671e-05 -0.000625899)
(-0.000580267 2.68114e-05 -0.000733905)
(-0.000519655 1.98597e-05 -0.000793805)
(-0.00046881 1.263e-05 -0.000813049)
(-0.000426159 7.23021e-06 -0.000797281)
(-0.000363637 4.76589e-06 -0.00073522)
(-0.000329693 4.79047e-06 -0.00069202)
(-0.000302944 4.88317e-06 -0.000659622)
(-0.000276831 4.32693e-06 -0.00062971)
(-0.000248619 2.50362e-06 -0.00059492)
(-0.000216292 -1.71835e-07 -0.000547803)
(-0.000179642 -3.23655e-06 -0.000484798)
(-0.000135967 -7.17941e-06 -0.000397745)
(-8.29011e-05 -1.15604e-05 -0.000279166)
(-2.35937e-05 -1.21336e-05 -0.000120355)
(1.55806e-05 -1.21065e-05 -6.79875e-05)
(0.000177475 -2.21431e-05 -0.000124647)
(0.000414177 -8.27773e-06 -0.000155207)
(0.000550966 5.26974e-06 -0.000193234)
(0.000619391 1.18318e-05 -0.000246443)
(0.000585818 1.19852e-05 -0.000278465)
(0.000487305 4.93024e-06 -0.000277043)
(0.000384579 8.55385e-07 -0.000249426)
(0.000303855 8.26733e-06 -0.000230929)
(0.000272618 9.92108e-06 -0.00026491)
(0.000201579 8.01679e-06 -0.000246267)
(0.000145263 8.60341e-06 -0.000220657)
(9.98789e-05 5.93201e-06 -0.000171857)
(5.73217e-05 -4.14694e-05 -9.29008e-05)
(7.58143e-05 -9.6027e-05 0.000437305)
(0.000126889 -4.17239e-05 0.000687332)
(0.00017795 -2.7177e-05 0.000938334)
(0.000204885 -1.61632e-05 0.00106419)
(0.000212534 -9.68082e-06 0.00110372)
(0.000203655 -5.71528e-06 0.00108253)
(0.000188203 -3.02605e-06 0.00103471)
(0.000143599 -3.5799e-07 0.000895124)
(0.000105799 1.36605e-06 0.000757993)
(6.91243e-05 2.3053e-06 0.000606151)
(3.72066e-05 2.63406e-06 0.000443732)
(1.41123e-05 2.28871e-06 0.000283738)
(1.90638e-06 1.54911e-06 0.000149476)
(-5.03217e-06 2.20353e-06 0.000181972)
(-2.05944e-05 3.83573e-06 0.000294263)
(-4.56911e-05 5.5649e-06 0.000399581)
(-7.89189e-05 7.57005e-06 0.000490304)
(-0.000119117 1.03542e-05 0.000563702)
(-0.000165496 1.43559e-05 0.000615561)
(-0.000216656 1.94367e-05 0.000638939)
(-0.000269576 2.46908e-05 0.000627711)
(-0.000322727 2.89689e-05 0.000587409)
(-0.000381838 3.19681e-05 0.000536931)
(-0.000450223 3.39964e-05 0.000482382)
(-0.000527471 3.62815e-05 0.000419592)
(-0.000613279 4.08193e-05 0.000341804)
(-0.000733803 5.04139e-05 0.000245469)
(-0.000908834 7.04166e-05 0.000110391)
(-0.00105568 8.92406e-05 -0.000133944)
(-0.00100669 6.92094e-05 -0.000404158)
(-0.000898748 4.61111e-05 -0.000581968)
(-0.000807635 3.49448e-05 -0.000720734)
(-0.000736355 2.77706e-05 -0.00083575)
(-0.000659702 1.98624e-05 -0.000896551)
(-0.000588881 1.15446e-05 -0.00090705)
(-0.00052931 5.13274e-06 -0.000880745)
(-0.000452571 1.98069e-06 -0.00080949)
(-0.000409798 1.48303e-06 -0.000756811)
(-0.000371627 1.69936e-06 -0.000710724)
(-0.000334387 1.29978e-06 -0.000666969)
(-0.000294534 -4.71543e-07 -0.000617412)
(-0.00025012 -3.0455e-06 -0.000554706)
(-0.000200467 -6.26216e-06 -0.000473962)
(-0.000143277 -1.08665e-05 -0.00036838)
(-7.79118e-05 -1.74865e-05 -0.000236839)
(-7.15553e-06 -1.01957e-05 -5.89013e-05)
(6.94829e-05 -2.01188e-05 -8.60115e-05)
(0.000303713 -1.71779e-05 -0.000120638)
(0.000504308 1.25275e-06 -0.000161733)
(0.000611494 1.02037e-05 -0.000219763)
(0.000647752 1.39742e-05 -0.000280376)
(0.000595709 1.14349e-05 -0.000314507)
(0.000506494 3.32308e-06 -0.00031827)
(0.000420946 5.17443e-08 -0.000294669)
(0.000327058 7.17865e-06 -0.000265055)
(0.00025205 9.09988e-06 -0.000249857)
(0.000203128 1.04734e-05 -0.000255155)
(0.000133706 1.10118e-05 -0.000220384)
(8.84688e-05 -1.71733e-06 -0.000166624)
(4.65399e-05 -4.51489e-05 -2.33309e-05)
(6.99055e-05 -7.91969e-05 0.000421212)
(0.000173264 -4.3574e-05 0.000841786)
(0.000228109 -2.74884e-05 0.00108457)
(0.000250403 -1.54786e-05 0.00118384)
(0.0002498 -8.33056e-06 0.00119348)
(0.000230519 -3.78485e-06 0.0011406)
(0.000203681 -8.23805e-07 0.00105942)
(0.000148269 1.65864e-06 0.000890981)
(0.000102009 3.03396e-06 0.000725594)
(6.00338e-05 3.37686e-06 0.000548432)
(2.72575e-05 2.94608e-06 0.000370664)
(7.06829e-06 2.02425e-06 0.000209056)
(-1.3094e-06 1.52634e-06 0.000134535)
(-1.3909e-05 3.02757e-06 0.00024752)
(-3.79026e-05 4.63177e-06 0.000362866)
(-7.156e-05 6.22082e-06 0.000463514)
(-0.000113319 8.1628e-06 0.000548009)
(-0.00016239 1.10836e-05 0.00061499)
(-0.000218412 1.54059e-05 0.000660386)
(-0.000279321 2.08292e-05 0.000675383)
(-0.00034326 2.63805e-05 0.000658095)
(-0.000412318 3.11025e-05 0.000618487)
(-0.000488286 3.42963e-05 0.000564411)
(-0.00056619 3.57514e-05 0.000495108)
(-0.000648162 3.71004e-05 0.000415535)
(-0.000742786 4.10496e-05 0.000324519)
(-0.000939457 5.39403e-05 0.000229983)
(-0.0010793 7.13101e-05 6.70009e-05)
(-0.0012502 8.90897e-05 -0.00020661)
(-0.00119481 6.9068e-05 -0.000473231)
(-0.00108652 4.82628e-05 -0.000664492)
(-0.000985185 3.6346e-05 -0.000811389)
(-0.000894322 2.7993e-05 -0.000923191)
(-0.000804529 1.95634e-05 -0.000987008)
(-0.000713004 1.05245e-05 -0.000990192)
(-0.000634825 3.26624e-06 -0.000954149)
(-0.000544118 -7.51848e-07 -0.000875136)
(-0.000491894 -1.9161e-06 -0.000812785)
(-0.000442055 -1.74035e-06 -0.000753218)
(-0.000392773 -2.15839e-06 -0.000694518)
(-0.000339967 -3.81532e-06 -0.000628866)
(-0.000281813 -6.04727e-06 -0.000548755)
(-0.000219095 -9.87239e-06 -0.000452615)
(-0.000146723 -1.63555e-05 -0.000329214)
(-5.31627e-05 -2.00589e-05 -0.000147686)
(1.09873e-05 -1.21163e-05 -4.66787e-05)
(0.000184796 -2.31344e-05 -8.73961e-05)
(0.000439594 -6.46036e-06 -0.00011726)
(0.000588094 9.09562e-06 -0.000174959)
(0.000669561 1.52859e-05 -0.000248144)
(0.000680404 1.67697e-05 -0.000314247)
(0.000618031 1.23783e-05 -0.000349968)
(0.000542615 4.22816e-06 -0.000362058)
(0.000479151 2.07475e-06 -0.000354257)
(0.00034127 7.779e-06 -0.000290147)
(0.0003022 1.40588e-05 -0.000311207)
(0.000203872 1.47817e-05 -0.000274399)
(0.000148984 1.31533e-05 -0.000247657)
(0.000107793 -2.23271e-05 -0.000185204)
(5.64533e-05 -5.94396e-05 6.18416e-05)
(9.00446e-05 -7.938e-05 0.000513847)
(0.000235798 -4.34535e-05 0.00102743)
(0.000287263 -2.52775e-05 0.00123642)
(0.000299929 -1.29375e-05 0.00129753)
(0.000287416 -5.37799e-06 0.00127013)
(0.000254093 -4.13789e-07 0.0011781)
(0.000213285 2.58399e-06 0.00105846)
(0.000147179 4.24512e-06 0.000861988)
(9.34305e-05 4.86865e-06 0.000671433)
(4.86545e-05 4.3139e-06 0.000476839)
(1.76339e-05 3.05942e-06 0.00029292)
(2.11239e-06 1.68714e-06 0.000143262)
(-6.61616e-06 2.32229e-06 0.000185583)
(-2.70118e-05 3.87053e-06 0.000307089)
(-5.923e-05 5.28245e-06 0.00041708)
(-0.000100833 6.69414e-06 0.000510881)
(-0.000150572 8.67724e-06 0.000589128)
(-0.000208283 1.18342e-05 0.000650612)
(-0.000273847 1.65233e-05 0.000690401)
(-0.000347239 2.24715e-05 0.000703728)
(-0.000451967 3.01976e-05 0.000727099)
(-0.000604028 3.94801e-05 0.000758599)
(-0.000682831 4.13408e-05 0.000656797)
(-0.000781534 4.23641e-05 0.000562067)
(-0.000801283 3.92213e-05 0.000413598)
(-0.000914591 4.29298e-05 0.000309338)
(-0.00110389 5.41377e-05 0.000188298)
(-0.0012762 7.15982e-05 9.97871e-06)
(-0.0014439 8.63905e-05 -0.000279986)
(-0.0013919 6.86169e-05 -0.000546415)
(-0.00128108 4.96248e-05 -0.000746233)
(-0.0011662 3.70926e-05 -0.000895014)
(-0.00105562 2.78321e-05 -0.00100145)
(-0.000951607 1.89831e-05 -0.00106519)
(-0.000840571 9.56192e-06 -0.0010639)
(-0.000742852 1.51233e-06 -0.00102019)
(-0.000637284 -3.48144e-06 -0.000934135)
(-0.000573293 -5.43942e-06 -0.000860057)
(-0.000509841 -5.48595e-06 -0.00078511)
(-0.000447357 -5.97226e-06 -0.000709986)
(-0.000379943 -7.08559e-06 -0.000625732)
(-0.000308579 -9.45691e-06 -0.000530667)
(-0.000231035 -1.47829e-05 -0.000416097)
(-0.000133628 -2.52896e-05 -0.000261621)
(-1.50717e-05 -1.51375e-05 -5.98516e-05)
(8.42191e-05 -2.15529e-05 -6.11885e-05)
(0.000367337 -1.76716e-05 -8.49483e-05)
(0.00064526 5.01567e-06 -0.000141195)
(0.000703835 1.56593e-05 -0.000208137)
(0.000718443 1.95065e-05 -0.000279568)
(0.000702453 1.90197e-05 -0.000345626)
(0.000637995 1.34852e-05 -0.000383554)
(0.000575795 6.67865e-06 -0.000403724)
(0.000555427 8.18402e-06 -0.000435321)
(0.000439783 1.40204e-05 -0.00039984)
(0.000332451 1.90948e-05 -0.000370658)
(0.000239365 1.85706e-05 -0.000338331)
(0.000162637 9.01325e-06 -0.000254299)
(0.000140646 -5.06965e-05 -0.00019497)
(8.82757e-05 -9.49389e-05 0.000244678)
(0.000129131 -7.66947e-05 0.000651409)
(0.000306243 -3.82136e-05 0.00121775)
(0.000344561 -1.94999e-05 0.00136678)
(0.00034208 -7.82359e-06 0.00137893)
(0.000314679 -1.6231e-07 0.00130982)
(0.00026681 4.6532e-06 0.00118074)
(0.00021177 6.82768e-06 0.00102427)
(0.000138126 7.01863e-06 0.000805069)
(7.92765e-05 6.46318e-06 0.000593521)
(3.50859e-05 4.82026e-06 0.000389655)
(8.95174e-06 2.81063e-06 0.000211907)
(-1.34409e-06 1.73357e-06 0.000126006)
(-1.62357e-05 3.23803e-06 0.000242568)
(-4.46545e-05 4.61231e-06 0.000358363)
(-8.40846e-05 5.80327e-06 0.000458295)
(-0.000132399 7.08025e-06 0.000542654)
(-0.000189399 9.12869e-06 0.000614984)
(-0.000255646 1.26387e-05 0.000672422)
(-0.000334773 1.78999e-05 0.000716074)
(-0.000509487 2.94321e-05 0.000878276)
(-0.00058518 3.49966e-05 0.000799845)
(-0.0006777 3.93721e-05 0.000719608)
(-0.000783343 4.18546e-05 0.00063105)
(-0.00089162 4.23806e-05 0.000527829)
(-0.000993602 4.22854e-05 0.000409843)
(-0.00111382 4.49166e-05 0.000283932)
(-0.00125503 5.31564e-05 0.000135428)
(-0.00146482 7.02267e-05 -6.13121e-05)
(-0.00163187 8.20116e-05 -0.000353101)
(-0.0015947 6.70249e-05 -0.000621487)
(-0.00148353 5.01317e-05 -0.00082647)
(-0.00135432 3.73117e-05 -0.000973544)
(-0.00122479 2.7419e-05 -0.0010737)
(-0.0011042 1.83197e-05 -0.00113338)
(-0.000977022 8.96215e-06 -0.00113182)
(-0.000860644 4.6872e-07 -0.00108495)
(-0.000739149 -5.30545e-06 -0.000993385)
(-0.00066012 -8.74793e-06 -0.000905605)
(-0.000580396 -9.28704e-06 -0.00081351)
(-0.000500004 -9.67408e-06 -0.000716607)
(-0.000417411 -1.03967e-05 -0.000613783)
(-0.000331737 -1.42001e-05 -0.000502256)
(-0.000237006 -2.28968e-05 -0.000369717)
(-9.14349e-05 -2.96947e-05 -0.000159009)
(1.70553e-05 -1.40175e-05 -3.94346e-05)
(0.000251855 -2.23429e-05 -5.95739e-05)
(0.0005624 -2.93658e-06 -8.44591e-05)
(0.000767531 1.56228e-05 -0.000158811)
(0.00080711 2.16158e-05 -0.000244239)
(0.000779138 2.32821e-05 -0.000316982)
(0.000737353 2.06982e-05 -0.000379346)
(0.000666124 1.43306e-05 -0.000413634)
(0.000588692 9.76576e-06 -0.000424586)
(0.000477534 1.13817e-05 -0.000391419)
(0.000370002 1.54125e-05 -0.000354616)
(0.000358549 2.27097e-05 -0.000414283)
(0.000266404 1.73517e-05 -0.000359428)
(0.000218791 -6.48241e-06 -0.000279201)
(0.000160705 -7.60925e-05 -0.000121762)
(0.000150935 -0.000141137 0.000609514)
(0.000195972 -6.75376e-05 0.00085667)
(0.000368496 -2.76958e-05 0.00137282)
(0.000381331 -1.12041e-05 0.00144212)
(0.000361409 -3.16854e-07 0.00140219)
(0.000317229 6.77978e-06 0.00128784)
(0.000255475 1.04496e-05 0.00112309)
(0.000186476 1.13814e-05 0.000928335)
(0.000124829 1.00794e-05 0.000732738)
(6.05993e-05 7.35766e-06 0.000495824)
(2.12783e-05 4.69479e-06 0.000293592)
(2.51043e-06 2.20979e-06 0.000137126)
(-7.39169e-06 2.67743e-06 0.000176074)
(-3.03635e-05 4.04927e-06 0.000292903)
(-6.58956e-05 5.08545e-06 0.000396597)
(-0.000111212 6.02329e-06 0.000485018)
(-0.000165305 7.21361e-06 0.000561234)
(-0.00022991 9.45958e-06 0.000630765)
(-0.000312339 1.37503e-05 0.000701859)
(-0.000467148 2.27602e-05 0.000857954)
(-0.00055566 2.92364e-05 0.000823292)
(-0.000658651 3.5721e-05 0.000770904)
(-0.000769433 4.04996e-05 0.000694523)
(-0.000887859 4.26887e-05 0.00059983)
(-0.000994852 4.21818e-05 0.000482562)
(-0.00110643 4.15355e-05 0.000358547)
(-0.00123943 4.34818e-05 0.000226366)
(-0.00141557 5.21194e-05 7.48731e-05)
(-0.00164037 6.71619e-05 -0.00014369)
(-0.00180288 7.59722e-05 -0.000429575)
(-0.00174968 6.38097e-05 -0.00068909)
(-0.00165732 4.81316e-05 -0.000894068)
(-0.00152196 3.5748e-05 -0.00103653)
(-0.00137985 2.59145e-05 -0.00113028)
(-0.00124033 1.69098e-05 -0.00117946)
(-0.00110502 8.00126e-06 -0.00118201)
(-0.000969991 -6.65024e-07 -0.00113182)
(-0.000843862 -7.65792e-06 -0.00104247)
(-0.000733496 -1.1935e-05 -0.000935309)
(-0.000631907 -1.29982e-05 -0.000820237)
(-0.000533683 -1.30251e-05 -0.000703244)
(-0.000438218 -1.4657e-05 -0.000585205)
(-0.000326359 -2.08656e-05 -0.000448669)
(-0.000183027 -3.22909e-05 -0.000249418)
(-1.5389e-05 -1.66445e-05 -4.68624e-05)
(0.000125551 -2.36032e-05 -4.83187e-05)
(0.000467302 -1.13143e-05 -4.63328e-05)
(0.000695517 1.21806e-05 -8.94332e-05)
(0.000817611 2.35968e-05 -0.000178523)
(0.000903174 2.82727e-05 -0.000293906)
(0.000820173 2.64956e-05 -0.000355238)
(0.000748785 2.2799e-05 -0.000409986)
(0.000686273 1.6464e-05 -0.000448148)
(0.000593333 1.37804e-05 -0.000447876)
(0.00047971 1.53182e-05 -0.00041619)
(0.000384295 1.8221e-05 -0.0003867)
(0.000372532 2.21211e-05 -0.000434782)
(0.000309221 8.8719e-06 -0.0003775)
(0.000271849 -4.31331e-05 -0.000260887)
(0.000153007 -8.84879e-05 9.22049e-05)
(0.000175419 -0.000130287 0.000805827)
(0.000293172 -5.81374e-05 0.00111771)
(0.00038325 -1.44963e-05 0.00142329)
(0.000395932 -1.09068e-06 0.0014662)
(0.000348971 8.64133e-06 0.00135718)
(0.000290368 1.37683e-05 0.00120138)
(0.000220024 1.51123e-05 0.00100792)
(0.000149541 1.414e-05 0.000798991)
(8.6317e-05 1.15381e-05 0.000582811)
(4.32782e-05 7.95358e-06 0.000398145)
(9.01092e-06 3.90952e-06 0.000194158)
(-1.84227e-06 2.25248e-06 0.000120789)
(-1.84735e-05 3.70201e-06 0.000229275)
(-4.85878e-05 4.62377e-06 0.000331661)
(-8.95943e-05 5.2135e-06 0.000420981)
(-0.000139633 5.89165e-06 0.00049932)
(-0.000199969 7.11214e-06 0.000572395)
(-0.000286427 1.01117e-05 0.000672977)
(-0.000421025 1.66401e-05 0.000817036)
(-0.000512041 2.29599e-05 0.000814538)
(-0.000618076 3.01067e-05 0.000792174)
(-0.000732563 3.6402e-05 0.00073871)
(-0.000867257 4.1542e-05 0.000666722)
(-0.000985081 4.31821e-05 0.000556503)
(-0.0010993 4.21687e-05 0.000431952)
(-0.00122558 4.11049e-05 0.000302455)
(-0.00137556 4.29776e-05 0.000163199)
(-0.00156925 4.98242e-05 -6.02286e-07)
(-0.0017958 6.15861e-05 -0.000229151)
(-0.00195498 6.98352e-05 -0.000511066)
(-0.001946 5.87627e-05 -0.000770688)
(-0.00184813 4.39602e-05 -0.000965875)
(-0.00170372 3.25755e-05 -0.00110094)
(-0.00154965 2.31145e-05 -0.00118709)
(-0.00139503 1.42635e-05 -0.00122739)
(-0.00124593 5.48178e-06 -0.00122523)
(-0.00109492 -3.20503e-06 -0.0011732)
(-0.000944512 -1.06261e-05 -0.00107411)
(-0.000809958 -1.45616e-05 -0.000951942)
(-0.000685804 -1.61106e-05 -0.000819323)
(-0.000568709 -1.76144e-05 -0.000683974)
(-0.000451564 -2.14617e-05 -0.000541313)
(-0.000312126 -3.3056e-05 -0.000373167)
(-0.000122573 -4.03423e-05 -0.000148072)
(3.21936e-05 -1.81784e-05 -3.48895e-05)
(0.000377577 -2.48071e-05 -3.42132e-05)
(0.000600709 2.83295e-06 -2.98237e-05)
(0.00078168 2.07219e-05 -9.76933e-05)
(0.000894299 2.95597e-05 -0.000206405)
(0.000968434 3.32408e-05 -0.000334015)
(0.000871552 2.95561e-05 -0.000398445)
(0.000773414 2.46511e-05 -0.000442779)
(0.000694563 1.84747e-05 -0.000469981)
(0.000590786 1.67288e-05 -0.000458881)
(0.000501442 1.91153e-05 -0.000445713)
(0.000508567 2.50774e-05 -0.00051343)
(0.000434539 1.82027e-05 -0.000477426)
(0.000389397 -1.31434e-05 -0.000385987)
(0.000308543 -8.71635e-05 -0.000152437)
(0.000238843 -0.00015225 0.000524609)
(0.000237067 -9.29024e-05 0.00094267)
(0.000334155 -3.6598e-05 0.00125587)
(0.000370451 -2.17096e-06 0.00141666)
(0.000362404 9.84958e-06 0.00139525)
(0.00030291 1.69572e-05 0.00124258)
(0.000238373 1.90958e-05 0.00105878)
(0.000169612 1.78922e-05 0.000854099)
(0.000105833 1.4954e-05 0.000644708)
(5.3285e-05 1.09196e-05 0.00043781)
(2.13685e-05 6.89659e-06 0.00027083)
(1.08244e-06 2.65609e-06 0.00011062)
(-9.91062e-06 3.59716e-06 0.000174705)
(-3.40325e-05 4.62023e-06 0.000271375)
(-6.90237e-05 4.99309e-06 0.000355024)
(-0.00011344 5.1953e-06 0.000430381)
(-0.000168255 5.54853e-06 0.000503658)
(-0.000253089 7.26903e-06 0.000620415)
(-0.000372956 1.14607e-05 0.000759764)
(-0.00046006 1.64982e-05 0.000778623)
(-0.000564691 2.34766e-05 0.00078409)
(-0.000680134 3.0915e-05 0.000758403)
(-0.00081136 3.75054e-05 0.000706404)
(-0.000943346 4.15197e-05 0.000618822)
(-0.00107555 4.30727e-05 0.000504575)
(-0.00120149 4.21849e-05 0.0003749)
(-0.00134101 4.06126e-05 0.000238463)
(-0.00150478 4.26605e-05 9.28764e-05)
(-0.00170226 4.58853e-05 -9.08016e-05)
(-0.00190743 5.5262e-05 -0.000317078)
(-0.00207661 6.27638e-05 -0.000589563)
(-0.00210244 5.23196e-05 -0.000843772)
(-0.00200572 3.97818e-05 -0.0010337)
(-0.00186265 2.8997e-05 -0.0011644)
(-0.00169987 1.91473e-05 -0.00124243)
(-0.00153211 9.69649e-06 -0.00127313)
(-0.00136095 9.4865e-07 -0.00125564)
(-0.00118999 -6.63603e-06 -0.00119259)
(-0.00102577 -1.27187e-05 -0.00109143)
(-0.000869744 -1.70253e-05 -0.000959507)
(-0.000720688 -2.02364e-05 -0.00080811)
(-0.000579229 -2.41157e-05 -0.000648557)
(-0.000434295 -3.02887e-05 -0.000474893)
(-0.000229027 -4.4592e-05 -0.00024385)
(-7.44815e-06 -1.39789e-05 -2.94805e-05)
(0.000209894 -2.95275e-05 -3.85451e-05)
(0.000636956 -1.01717e-05 -4.08205e-06)
(0.00073394 1.44605e-05 -2.76543e-05)
(0.000847362 2.78188e-05 -0.000113821)
(0.000959655 3.58372e-05 -0.000239699)
(0.00102293 3.87259e-05 -0.000377117)
(0.00107106 3.85887e-05 -0.000518443)
(0.00086958 2.87515e-05 -0.000518036)
(0.000712196 2.17848e-05 -0.000498192)
(0.000603017 2.01194e-05 -0.000483102)
(0.000550842 2.32071e-05 -0.000497901)
(0.00054867 2.46502e-05 -0.000545257)
(0.000496823 5.39166e-06 -0.000486548)
(0.000442061 -5.12145e-05 -0.000319132)
(0.000272078 -0.000110134 8.55907e-05)
(0.000235018 -0.000136283 0.000883749)
(0.000276962 -5.17379e-05 0.00109572)
(0.000349997 -2.0064e-05 0.00134146)
(0.000318887 9.08884e-06 0.00132558)
(0.000291187 1.87741e-05 0.00124262)
(0.000229399 2.24082e-05 0.00106262)
(0.000169851 2.17395e-05 0.000870687)
(0.000112026 1.8531e-05 0.000671809)
(6.16415e-05 1.40308e-05 0.00047404)
(2.43099e-05 8.96785e-06 0.0002884)
(5.64151e-06 4.77246e-06 0.000153237)
(-5.66442e-06 3.91225e-06 0.000142651)
(-2.55741e-05 5.24553e-06 0.000232751)
(-5.57966e-05 5.49709e-06 0.00030837)
(-9.46423e-05 5.26466e-06 0.000375475)
(-0.000142639 5.05114e-06 0.000441321)
(-0.000208324 5.39873e-06 0.000525817)
(-0.000334306 7.88979e-06 0.000704712)
(-0.000412709 1.10329e-05 0.000731299)
(-0.000510627 1.65612e-05 0.000755317)
(-0.000623694 2.38535e-05 0.000756686)
(-0.000749389 3.14657e-05 0.000726718)
(-0.000892377 3.80463e-05 0.000669029)
(-0.00102456 4.12713e-05 0.000568026)
(-0.00116032 4.2266e-05 0.000446183)
(-0.00130969 4.16363e-05 0.000312951)
(-0.00146052 4.02469e-05 0.000167159)
(-0.00161913 4.06002e-05 7.18726e-06)
(-0.00184655 4.27693e-05 -0.000190904)
(-0.00188846 4.19937e-05 -0.000378149)
(-0.00195927 4.5863e-05 -0.000594741)
(-0.0019097 3.79021e-05 -0.00078607)
(-0.00181737 2.75502e-05 -0.000937323)
(-0.00171059 1.80512e-05 -0.00105223)
(-0.00180895 1.04929e-05 -0.0012838)
(-0.00162159 1.51595e-06 -0.00129415)
(-0.00143586 -5.63477e-06 -0.001261)
(-0.00125131 -1.13628e-05 -0.00118562)
(-0.00106751 -1.63422e-05 -0.00107016)
(-0.000890441 -2.07942e-05 -0.000924491)
(-0.000749447 -2.64006e-05 -0.000788142)
(-0.000574341 -3.11301e-05 -0.000595381)
(-0.000360486 -3.93936e-05 -0.000357125)
(-9.09972e-05 -3.76634e-05 -0.00010746)
(5.94603e-05 -2.28416e-05 -3.53378e-05)
(0.000463408 -2.31948e-05 -1.06955e-05)
(0.00073545 5.83792e-06 1.4797e-05)
(0.000758742 2.09923e-05 -3.47272e-05)
(0.000881285 3.27763e-05 -0.00013342)
(0.00101655 4.16528e-05 -0.000277276)
(0.00106977 4.3989e-05 -0.000421877)
(0.00105676 4.09703e-05 -0.000540306)
(0.00102725 3.58746e-05 -0.000639232)
(0.000887209 2.96404e-05 -0.000641577)
(0.000769539 2.91015e-05 -0.000629687)
(0.000682864 2.92369e-05 -0.000618687)
(0.000594593 1.84312e-05 -0.000560644)
(0.000571823 -1.87267e-05 -0.000469673)
(0.000450182 -9.91563e-05 -0.000174256)
(0.000292244 -0.000147765 0.000533301)
(0.000245487 -9.60094e-05 0.00105686)
(0.000275467 -2.87394e-05 0.00115883)
(0.000323623 -5.09942e-06 0.00132639)
(0.000226668 1.55863e-05 0.0011301)
(0.000198674 2.18252e-05 0.00102572)
(0.00014295 2.21163e-05 0.000829519)
(9.71919e-05 1.95472e-05 0.000645856)
(5.63281e-05 1.53021e-05 0.000464039)
(2.43691e-05 1.02199e-05 0.000292669)
(4.76697e-06 5.19641e-06 0.000146464)
(-3.48545e-06 4.2166e-06 0.000123824)
(-1.99307e-05 5.96958e-06 0.000205847)
(-4.60859e-05 6.42084e-06 0.000273223)
(-7.93467e-05 5.84303e-06 0.000329735)
(-0.000122421 4.98626e-06 0.000391744)
(-0.000220653 5.43021e-06 0.000574468)
(-0.000279972 5.26664e-06 0.000610868)
(-0.000370165 7.03128e-06 0.00068542)
(-0.000476027 1.12029e-05 0.000747053)
(-0.000598214 1.80294e-05 0.000785375)
(-0.000735169 2.66928e-05 0.000789385)
(-0.00088145 3.53997e-05 0.000750808)
(-0.000948561 3.8959e-05 0.000616396)
(-0.0011754 4.56814e-05 0.000553056)
(-0.00122488 4.289e-05 0.000380444)
(-0.00137842 4.17993e-05 0.000241199)
(-0.00151183 4.0613e-05 8.81513e-05)
(-0.00165865 3.76805e-05 -8.37356e-05)
(-0.00188929 3.43976e-05 -0.000272916)
(-0.00178248 3.31435e-05 -0.000417327)
(-0.00189028 3.45856e-05 -0.000622867)
(-0.00189193 2.78852e-05 -0.000810165)
(-0.00181136 1.79482e-05 -0.00094865)
(-0.00168521 8.37346e-06 -0.00103564)
(-0.00154027 3.79309e-07 -0.00107834)
(-0.00142165 -5.84652e-06 -0.00110663)
(-0.00131713 -1.107e-05 -0.00111676)
(-0.00130497 -1.73972e-05 -0.0011839)
(-0.00110621 -2.21355e-05 -0.00105484)
(-0.000919674 -2.73309e-05 -0.000903134)
(-0.000733402 -3.31553e-05 -0.00072266)
(-0.000504801 -3.75147e-05 -0.000480418)
(-0.00029382 -5.50818e-05 -0.000258815)
(5.96086e-07 -9.94499e-06 -1.9466e-05)
(0.000315993 -3.63217e-05 -3.70277e-05)
(0.000633047 -6.96768e-06 1.96282e-05)
(0.00080166 1.6098e-05 1.71453e-05)
(0.000826779 2.74212e-05 -5.18577e-05)
(0.000952438 3.89082e-05 -0.000165705)
(0.00106782 4.72976e-05 -0.000318796)
(0.00110408 4.8801e-05 -0.000465175)
(0.00108616 4.4773e-05 -0.000584801)
(0.00102551 3.87614e-05 -0.000663245)
(0.000903161 3.36877e-05 -0.000670904)
(0.000859915 3.56861e-05 -0.000713504)
(0.000702186 2.80426e-05 -0.000627744)
(0.000650454 5.88233e-06 -0.000559847)
(0.00063312 -5.70343e-05 -0.000406386)
(0.000391172 -0.000125446 6.36071e-05)
(0.000233861 -0.000131842 0.000837602)
(0.000209957 -4.66568e-05 0.000980005)
(0.000259848 -1.18827e-05 0.00118252)
(0.000246937 5.52089e-06 0.00119099)
(0.000140456 1.66018e-05 0.000899385)
(0.000115177 1.96788e-05 0.000781913)
(7.35321e-05 1.78637e-05 0.000591774)
(4.36056e-05 1.45911e-05 0.000428982)
(1.93381e-05 1.00999e-05 0.000274273)
(4.26501e-06 5.56738e-06 0.000145337)
(-2.91052e-06 4.54633e-06 0.000120599)
(-1.68861e-05 6.72173e-06 0.000190848)
(-4.08429e-05 7.67254e-06 0.000254237)
(-7.08871e-05 7.10556e-06 0.000301835)
(-0.000107947 5.80048e-06 0.000349749)
(-0.000162271 4.56538e-06 0.000425526)
(-0.000248688 3.8535e-06 0.00054773)
(-0.000317386 3.71684e-06 0.000598322)
(-0.000412484 5.6645e-06 0.000668484)
(-0.000527231 1.02725e-05 0.000728488)
(-0.000657709 1.76341e-05 0.000760634)
(-0.000802422 2.66733e-05 0.000755531)
(-0.000964754 3.58926e-05 0.000713084)
(-0.00112089 4.30838e-05 0.000620405)
(-0.00124737 4.65406e-05 0.00048386)
(-0.00132516 4.44381e-05 0.00031834)
(-0.00148488 4.3819e-05 0.00016897)
(-0.00161803 4.17957e-05 7.29269e-06)
(-0.00175973 3.4138e-05 -0.000171426)
(-0.00190038 2.78031e-05 -0.000351387)
(-0.00175698 2.7574e-05 -0.000472388)
(-0.0018432 2.51859e-05 -0.000660449)
(-0.00183857 1.74865e-05 -0.000827506)
(-0.00177298 7.70076e-06 -0.000955897)
(-0.00165251 -9.78138e-07 -0.00103045)
(-0.00151682 -7.35581e-06 -0.00106386)
(-0.00137918 -1.22707e-05 -0.00106313)
(-0.00124464 -1.65571e-05 -0.00103458)
(-0.00110496 -2.09351e-05 -0.000973842)
(-0.000946356 -2.56729e-05 -0.000868938)
(-0.000776321 -3.06753e-05 -0.000726401)
(-0.000623788 -3.7011e-05 -0.000575542)
(-0.000419547 -4.9994e-05 -0.000366995)
(-8.48519e-05 -3.66577e-05 -9.60594e-05)
(9.34282e-05 -2.67843e-05 -4.14704e-05)
(0.000525474 -2.27422e-05 -2.15284e-06)
(0.000737169 6.54434e-06 3.64163e-05)
(0.000849287 2.27252e-05 6.13371e-06)
(0.000885614 3.28132e-05 -7.48945e-05)
(0.00101259 4.47473e-05 -0.000202543)
(0.00112118 5.32191e-05 -0.000365414)
(0.00112854 5.3277e-05 -0.000506853)
(0.00109591 4.76313e-05 -0.000619669)
(0.00102841 4.19278e-05 -0.000688825)
(0.000950023 3.93555e-05 -0.000722091)
(0.000851104 3.61635e-05 -0.000711885)
(0.000735835 2.25251e-05 -0.000633084)
(0.000708663 -1.33151e-05 -0.000536809)
(0.000628392 -0.000104621 -0.000271129)
(0.000315054 -0.000135388 0.000411017)
(0.000168966 -8.11353e-05 0.000825635)
(0.000179334 -2.46554e-05 0.000954883)
(0.0001948 -1.91996e-06 0.00106144)
(0.000167689 9.58528e-06 0.00100644)
(7.51345e-05 1.48684e-05 0.000666303)
(5.18545e-05 1.53213e-05 0.000531479)
(2.51238e-05 1.21681e-05 0.000354665)
(1.00882e-05 8.47382e-06 0.000222901)
(1.38711e-06 4.87295e-06 0.000121446)
(-4.64174e-06 5.77547e-06 0.000140609)
(-1.78709e-05 8.14642e-06 0.000200711)
(-3.9542e-05 9.61641e-06 0.000254328)
(-6.78496e-05 9.54664e-06 0.000296541)
(-0.000124479 1.0093e-05 0.000409712)
(-0.000163528 7.23911e-06 0.000432666)
(-0.000214631 4.72546e-06 0.000476892)
(-0.000273189 2.93343e-06 0.000522889)
(-0.000349602 2.64173e-06 0.000582467)
(-0.000448093 4.63279e-06 0.000647694)
(-0.000566252 9.46911e-06 0.000700183)
(-0.000701617 1.70299e-05 0.000724975)
(-0.000851184 2.60446e-05 0.00071153)
(-0.00102327 3.51366e-05 0.00066312)
(-0.00117568 4.17602e-05 0.00055726)
(-0.00131158 4.52909e-05 0.000416758)
(-0.00141931 4.42584e-05 0.000254469)
(-0.00152322 4.2371e-05 9.14055e-05)
(-0.00165453 3.82052e-05 -7.87204e-05)
(-0.00175765 2.75563e-05 -0.000252284)
(-0.00176144 2.15179e-05 -0.00039859)
(-0.00176378 2.08289e-05 -0.000540703)
(-0.00180738 1.61761e-05 -0.000706667)
(-0.0017863 7.47538e-06 -0.000853156)
(-0.00169782 -1.99472e-06 -0.000954584)
(-0.00157643 -8.81145e-06 -0.00101101)
(-0.00144519 -1.38522e-05 -0.00102932)
(-0.00130775 -1.81407e-05 -0.00101278)
(-0.00116817 -2.232e-05 -0.000966276)
(-0.00102846 -2.70627e-05 -0.000893581)
(-0.000875721 -3.20978e-05 -0.000784503)
(-0.000704822 -3.65881e-05 -0.000634316)
(-0.000541589 -4.52941e-05 -0.000471767)
(-0.000259629 -5.33129e-05 -0.000219813)
(1.0262e-06 -9.52481e-06 -2.03275e-05)
(0.000348417 -3.7471e-05 -4.64975e-05)
(0.000694337 -8.94646e-06 2.61298e-05)
(0.000792262 1.50343e-05 3.80906e-05)
(0.000891981 2.77368e-05 -1.08466e-05)
(0.00093263 3.77096e-05 -0.00010253)
(0.00106112 5.0196e-05 -0.000242001)
(0.00124132 6.30045e-05 -0.000439827)
(0.00112945 5.65265e-05 -0.000539687)
(0.00110369 5.0641e-05 -0.000654248)
(0.00103396 4.52556e-05 -0.000715751)
(0.00100319 4.52229e-05 -0.000780258)
(0.000854784 3.55919e-05 -0.000714599)
(0.000772681 1.33897e-05 -0.000625692)
(0.0007565 -4.16621e-05 -0.000489585)
(0.00055993 -0.000135266 -6.64547e-05)
(0.000222037 -0.00012501 0.000664458)
(0.000120861 -4.5855e-05 0.000754911)
(0.000123192 -1.15073e-05 0.000829846)
(0.000114784 2.77585e-06 0.000839557)
(0.000102286 1.06083e-05 0.000800125)
(2.21205e-05 9.27044e-06 0.000378928)
(1.32002e-05 8.99028e-06 0.000286651)
(2.30055e-06 5.56403e-06 0.000152414)
(-1.9518e-06 5.29046e-06 0.000134685)
(-9.83537e-06 7.85455e-06 0.000189824)
(-2.3582e-05 1.0139e-05 0.00023805)
(-4.33487e-05 1.16525e-05 0.000275064)
(-6.9359e-05 1.21509e-05 0.000306384)
(-0.000118023 1.33834e-05 0.000391628)
(-0.000153154 1.075e-05 0.000405351)
(-0.000194065 7.64858e-06 0.000429476)
(-0.000241415 4.67619e-06 0.000461546)
(-0.000298362 2.62786e-06 0.00050132)
(-0.000378619 2.24523e-06 0.00056114)
(-0.000481112 4.26071e-06 0.000622906)
(-0.000604539 9.23744e-06 0.000670582)
(-0.000745254 1.68604e-05 0.00068846)
(-0.00090121 2.57879e-05 0.00066798)
(-0.00106884 3.42835e-05 0.000605307)
(-0.00121959 4.04284e-05 0.000491168)
(-0.00134259 4.33221e-05 0.000341847)
(-0.00146906 4.30001e-05 0.000180932)
(-0.00159227 4.21554e-05 1.48646e-05)
(-0.00168398 3.44722e-05 -0.000163733)
(-0.00177481 2.33799e-05 -0.000333596)
(-0.0016293 1.64996e-05 -0.000436962)
(-0.0016905 1.40699e-05 -0.000585527)
(-0.00171414 7.55301e-06 -0.000733022)
(-0.00167485 -1.65986e-06 -0.000856438)
(-0.0015789 -9.56061e-06 -0.000936477)
(-0.00146613 -1.48942e-05 -0.000977886)
(-0.00134122 -1.94036e-05 -0.000982389)
(-0.00120822 -2.36692e-05 -0.000953125)
(-0.00107033 -2.81387e-05 -0.00089379)
(-0.000929384 -3.29267e-05 -0.000807704)
(-0.000778367 -3.75328e-05 -0.000689642)
(-0.000614337 -4.27288e-05 -0.000537813)
(-0.000433006 -5.68964e-05 -0.000360326)
(-5.72312e-05 -2.84308e-05 -8.41328e-05)
(7.92656e-05 -2.38657e-05 -4.83704e-05)
(0.000516459 -2.67155e-05 -1.99396e-05)
(0.000847687 2.28704e-06 4.609e-05)
(0.000826534 2.0257e-05 2.7714e-05)
(0.000920402 3.12559e-05 -3.2374e-05)
(0.000964978 4.18631e-05 -0.000132472)
(0.00109956 5.52953e-05 -0.000282888)
(0.00117046 6.32782e-05 -0.000449492)
(0.00112772 5.90047e-05 -0.000572045)
(0.00109603 5.31032e-05 -0.000679537)
(0.00106462 4.9953e-05 -0.000762003)
(0.00102494 4.79756e-05 -0.000815225)
(0.000842314 3.08208e-05 -0.00069352)
(0.00079235 1.04283e-06 -0.000593716)
(0.00076899 -8.01262e-05 -0.00040332)
(0.000422509 -0.000138287 0.000194032)
(0.000121039 -8.28197e-05 0.000643803)
(8.82454e-05 -2.53605e-05 0.000681094)
(7.82296e-05 -5.28505e-06 0.000684418)
(6.30695e-05 3.80854e-06 0.00063789)
(4.17988e-05 8.18306e-06 0.000526085)
(2.55777e-06 4.44166e-06 0.000176116)
(-8.34695e-07 4.40808e-06 0.000139218)
(-9.71717e-06 8.13177e-06 0.000225066)
(-2.16389e-05 1.08362e-05 0.000279093)
(-3.74582e-05 1.29165e-05 0.000314604)
(-5.71005e-05 1.42139e-05 0.00033551)
(-8.68964e-05 1.57658e-05 0.000374669)
(-0.000125257 1.64069e-05 0.000412133)
(-0.000156564 1.42385e-05 0.000410205)
(-0.000191008 1.12464e-05 0.000415788)
(-0.000228423 7.73984e-06 0.000428595)
(-0.000272023 4.48966e-06 0.000451407)
(-0.000330709 2.36176e-06 0.000490817)
(-0.000411622 1.99595e-06 0.000545284)
(-0.000514898 4.1374e-06 0.000599526)
(-0.000641711 9.21855e-06 0.00064069)
(-0.000787158 1.67778e-05 0.000651657)
(-0.000956827 2.56873e-05 0.000629105)
(-0.00110892 3.33192e-05 0.000546833)
(-0.00125515 3.88707e-05 0.000425004)
(-0.00136245 4.11399e-05 0.000269105)
(-0.00149796 4.13609e-05 0.000108203)
(-0.00161531 3.96403e-05 -6.45234e-05)
(-0.00169053 2.98497e-05 -0.000241137)
(-0.00174232 1.96677e-05 -0.000402754)
(-0.00156479 1.28554e-05 -0.000486082)
(-0.00160846 8.41584e-06 -0.000624735)
(-0.00160405 3.75091e-07 -0.000751859)
(-0.0015433 -8.69288e-06 -0.000851729)
(-0.00144949 -1.50185e-05 -0.000914024)
(-0.00134133 -1.99696e-05 -0.000940088)
(-0.00121821 -2.43401e-05 -0.000928794)
(-0.00108513 -2.86829e-05 -0.000883839)
(-0.00094974 -3.31201e-05 -0.000812714)
(-0.000810236 -3.74758e-05 -0.000715751)
(-0.000660736 -4.1575e-05 -0.000588053)
(-0.000498364 -4.90719e-05 -0.00043445)
(-0.000176296 -4.18311e-05 -0.00017753)
(3.19928e-06 -9.30484e-06 -2.65747e-05)
(0.000256415 -3.18937e-05 -6.75006e-05)
(0.000646822 -1.79182e-05 1.97354e-06)
(0.000880244 9.85688e-06 5.03348e-05)
(0.000851626 2.41025e-05 1.32026e-05)
(0.000940655 3.43845e-05 -5.6976e-05)
(0.00100366 4.62029e-05 -0.00016635)
(0.00111259 5.92122e-05 -0.00031981)
(0.00117755 6.72023e-05 -0.000488577)
(0.00112251 6.09612e-05 -0.000603558)
(0.00108429 5.52089e-05 -0.000703084)
(0.00107287 5.37206e-05 -0.000796934)
(0.000952458 4.42543e-05 -0.000772317)
(0.000845567 2.37467e-05 -0.000679608)
(0.000807122 -1.63656e-05 -0.000549523)
(0.00071851 -0.00011758 -0.000266253)
(0.000268126 -0.000118393 0.000414645)
(7.47567e-05 -4.9868e-05 0.000541582)
(5.35842e-05 -1.48491e-05 0.000544251)
(4.24216e-05 -2.63786e-06 0.000550979)
(2.26627e-05 2.96788e-06 0.000401682)
(1.22676e-05 5.08168e-06 0.000306555)
(-6.72204e-06 5.78411e-06 0.000226508)
(-1.55862e-05 8.96742e-06 0.000289201)
(-3.56841e-05 1.311e-05 0.000373834)
(-5.41921e-05 1.52215e-05 0.000404403)
(-7.49897e-05 1.66156e-05 0.000417273)
(-0.000115224 2.0237e-05 0.000490131)
(-0.000140804 1.9295e-05 0.000466817)
(-0.000167782 1.73125e-05 0.000443719)
(-0.000197206 1.45031e-05 0.000428786)
(-0.000228685 1.1008e-05 0.000423161)
(-0.000262702 7.18492e-06 0.000427251)
(-0.000304171 3.81616e-06 0.00044462)
(-0.000368044 1.74545e-06 0.000487257)
(-0.000444751 1.54829e-06 0.000530091)
(-0.000548937 3.96813e-06 0.000577372)
(-0.000677921 9.20961e-06 0.000611151)
(-0.000827785 1.66639e-05 0.000615487)
(-0.000995384 2.50585e-05 0.00058101)
(-0.00114259 3.21486e-05 0.000489045)
(-0.00127704 3.69832e-05 0.000359014)
(-0.00138467 3.90703e-05 0.000201858)
(-0.00151444 3.98024e-05 3.94459e-05)
(-0.00162008 3.58229e-05 -0.000142331)
(-0.00166557 2.47821e-05 -0.000308921)
(-0.00169029 1.64819e-05 -0.00046209)
(-0.00148307 9.59883e-06 -0.000524471)
(-0.00150306 3.8495e-06 -0.000650428)
(-0.00146807 -5.09834e-06 -0.00075559)
(-0.00138944 -1.31812e-05 -0.000832075)
(-0.00129723 -1.90074e-05 -0.000876575)
(-0.00119213 -2.38669e-05 -0.000887139)
(-0.00107511 -2.83298e-05 -0.000864028)
(-0.000948561 -3.26074e-05 -0.000809516)
(-0.000811764 -3.63534e-05 -0.000724163)
(-0.000675645 -4.00627e-05 -0.000618892)
(-0.000526063 -4.41227e-05 -0.000483213)
(-0.00031664 -4.83185e-05 -0.000294919)
(-3.18708e-05 -1.88358e-05 -7.2795e-05)
(6.45173e-05 -2.03725e-05 -6.13828e-05)
(0.000435225 -3.06e-05 -6.59617e-05)
(0.000724933 -1.09562e-05 1.63698e-05)
(0.000888403 1.4411e-05 4.4639e-05)
(0.000864614 2.70427e-05 -3.99977e-06)
(0.000954408 3.718e-05 -8.32188e-05)
(0.00102412 4.96803e-05 -0.000199468)
(0.00113114 6.33793e-05 -0.00036039)
(0.00117812 6.99861e-05 -0.000526164)
(0.0011159 6.26464e-05 -0.000635113)
(0.00108583 5.72536e-05 -0.000736535)
(0.00109156 5.63736e-05 -0.000840534)
(0.000920343 3.95578e-05 -0.000751817)
(0.000831356 1.4387e-05 -0.000644739)
(0.000808507 -4.00526e-05 -0.000489932)
(0.000610655 -0.000135417 -8.15825e-05)
(0.000177535 -0.000105398 0.000554642)
(4.8351e-05 -2.98191e-05 0.000454562)
(2.95808e-05 -9.087e-06 0.000415483)
(1.5863e-05 -1.20048e-06 0.000340274)
(5.36162e-06 1.91087e-06 0.000231705)
(-1.18155e-09 2.5199e-06 0.000142259)
(-2.87375e-05 1.03594e-05 0.000408789)
(-4.84534e-05 1.46905e-05 0.000486285)
(-8.48718e-05 1.99506e-05 0.000585923)
(-0.000111633 2.19247e-05 0.00059619)
(-0.000136735 2.25661e-05 0.000577041)
(-0.000160565 2.20242e-05 0.000541285)
(-0.000183697 2.03548e-05 0.00049969)
(-0.000208506 1.77815e-05 0.000464724)
(-0.000234696 1.4356e-05 0.000439032)
(-0.000262102 1.03564e-05 0.000424152)
(-0.000292368 6.23316e-06 0.000421517)
(-0.000334162 2.8062e-06 0.000437902)
(-0.000394979 7.79589e-07 0.000472845)
(-0.000472008 9.50549e-07 0.000511225)
(-0.000577607 3.74347e-06 0.000552756)
(-0.000710133 9.21554e-06 0.000580965)
(-0.000871003 1.66844e-05 0.000583563)
(-0.00102252 2.42819e-05 0.000530524)
(-0.00116623 3.07969e-05 0.000431705)
(-0.00128104 3.47931e-05 0.000293933)
(-0.00139818 3.70373e-05 0.000138289)
(-0.00151812 3.7548e-05 -2.72353e-05)
(-0.00160354 3.12076e-05 -0.000209567)
(-0.00161865 2.04771e-05 -0.000366638)
(-0.00162545 1.36443e-05 -0.000511544)
(-0.00139255 6.8812e-06 -0.000552892)
(-0.00138784 3.65952e-07 -0.000665317)
(-0.00132199 -8.91404e-06 -0.000747734)
(-0.00123364 -1.59627e-05 -0.000803562)
(-0.00113824 -2.15763e-05 -0.000829875)
(-0.00103248 -2.63064e-05 -0.000824144)
(-0.000917111 -3.0605e-05 -0.000787284)
(-0.000794521 -3.4413e-05 -0.000722559)
(-0.000667941 -3.7664e-05 -0.000634452)
(-0.000528336 -4.03608e-05 -0.000515879)
(-0.000380764 -4.47827e-05 -0.000373732)
(-0.000101339 -2.93852e-05 -0.000150827)
(7.12173e-06 -9.77211e-06 -3.97704e-05)
(0.000159012 -2.29597e-05 -7.90636e-05)
(0.000502856 -2.25892e-05 -5.0455e-05)
(0.000767224 -5.57505e-06 2.1299e-05)
(0.000885637 1.68413e-05 3.10662e-05)
(0.000903899 3.00076e-05 -2.47507e-05)
(0.000963513 3.95467e-05 -0.00011014)
(0.00104161 5.30522e-05 -0.000233614)
(0.00113667 6.6621e-05 -0.000398878)
(0.00116748 7.10717e-05 -0.000559725)
(0.0011153 6.43662e-05 -0.000670756)
(0.0011115 6.09291e-05 -0.000789909)
(0.00106494 5.4616e-05 -0.000848696)
(0.000877828 3.22819e-05 -0.000718652)
(0.000808332 2.84537e-06 -0.000597534)
(0.000790844 -7.05441e-05 -0.000409796)
(0.000461672 -0.000131339 0.000130123)
(0.000100627 -7.43589e-05 0.000520423)
(3.27164e-05 -1.88434e-05 0.000384466)
(1.31387e-05 -5.6514e-06 0.000292234)
(2.82943e-06 -5.80428e-07 0.000186061)
(-2.18515e-06 1.56802e-06 0.000177276)
(-1.04563e-05 5.18961e-06 0.00028234)
(-6.02664e-05 1.35848e-05 0.000549456)
(-8.57538e-05 1.76826e-05 0.000603563)
(-0.000125619 2.17177e-05 0.000658963)
(-0.000157074 2.37636e-05 0.000663577)
(-0.00018325 2.41729e-05 0.000630815)
(-0.000204638 2.30755e-05 0.000577381)
(-0.000225767 2.10078e-05 0.000524549)
(-0.000247126 1.78802e-05 0.000478782)
(-0.00026895 1.39812e-05 0.000443638)
(-0.000291469 9.52716e-06 0.000420972)
(-0.000317267 5.15077e-06 0.000412486)
(-0.000357847 1.63251e-06 0.000426461)
(-0.000414289 -2.90363e-07 0.000454147)
(-0.000493538 2.24285e-07 0.000490239)
(-0.000600995 3.42804e-06 0.000526926)
(-0.000738922 9.20474e-06 0.000551267)
(-0.000901531 1.6597e-05 0.000545961)
(-0.00104257 2.35917e-05 0.000480908)
(-0.00117817 2.93665e-05 0.000375295)
(-0.00127952 3.27365e-05 0.000233808)
(-0.00139828 3.51033e-05 7.88078e-05)
(-0.00150957 3.47934e-05 -9.12078e-05)
(-0.00156812 2.65485e-05 -0.00026655)
(-0.00155685 1.70801e-05 -0.000413985)
(-0.0015488 1.11524e-05 -0.000550341)
(-0.00129285 4.61332e-06 -0.000570167)
(-0.00126574 -2.26608e-06 -0.00066902)
(-0.00117596 -1.10383e-05 -0.000731111)
(-0.00108039 -1.72973e-05 -0.000767834)
(-0.000980911 -2.25366e-05 -0.000776951)
(-0.000872989 -2.69971e-05 -0.000755418)
(-0.000756134 -3.06865e-05 -0.000703796)
(-0.000633828 -3.34925e-05 -0.000627093)
(-0.000511412 -3.59819e-05 -0.000531556)
(-0.000385006 -3.86335e-05 -0.000414359)
(-0.00016995 -3.21592e-05 -0.000219265)
(-1.16856e-05 -1.09018e-05 -5.86696e-05)
(5.95965e-05 -1.73687e-05 -7.95818e-05)
(0.000337042 -2.92305e-05 -0.000116909)
(0.000568912 -1.80812e-05 -4.38204e-05)
(0.000773636 -2.12594e-06 1.83978e-05)
(0.000884268 1.85629e-05 1.64151e-05)
(0.000906472 3.19621e-05 -4.57276e-05)
(0.000970846 4.18646e-05 -0.000138342)
(0.00105771 5.63002e-05 -0.000269606)
(0.00114146 6.93309e-05 -0.000438579)
(0.00114388 7.07898e-05 -0.000587488)
(0.00109949 6.42336e-05 -0.000698948)
(0.00110345 6.16174e-05 -0.000820969)
(0.000964247 4.72015e-05 -0.000790794)
(0.000844412 2.37768e-05 -0.000689674)
(0.000784938 -1.16362e-05 -0.000548434)
(0.000727764 -0.000100442 -0.000301916)
(0.000342232 -0.000122532 0.000338949)
(7.47784e-05 -5.25272e-05 0.000466705)
(2.33982e-05 -1.42773e-05 0.000331759)
(4.72965e-06 -3.77672e-06 0.000200524)
(-1.99514e-06 -6.42573e-07 0.000169243)
(-1.35109e-05 2.60031e-06 0.000308289)
(-3.18952e-05 7.99039e-06 0.000435176)
(-9.80903e-05 1.57027e-05 0.000668006)
(-0.000128648 2.00073e-05 0.000707114)
(-0.000174954 2.3949e-05 0.000750494)
(-0.000209809 2.59221e-05 0.000742399)
(-0.000227758 2.51784e-05 0.000669256)
(-0.000247271 2.38078e-05 0.000605129)
(-0.000264303 2.11859e-05 0.000540907)
(-0.000280919 1.76206e-05 0.00048601)
(-0.000299314 1.33496e-05 0.000444261)
(-0.000316663 8.60753e-06 0.000415238)
(-0.000337726 4.04164e-06 0.000401809)
(-0.00037427 4.73136e-07 0.000410755)
(-0.000428644 -1.30432e-06 0.000434341)
(-0.000508616 -5.74886e-07 0.000467334)
(-0.00061824 2.92568e-06 0.00049998)
(-0.000759808 8.88937e-06 0.000519521)
(-0.000918285 1.61391e-05 0.000504195)
(-0.00105444 2.28169e-05 0.000432448)
(-0.00117579 2.78723e-05 0.000320146)
(-0.0012769 3.08845e-05 0.0001793)
(-0.00138722 3.33979e-05 2.4827e-05)
(-0.0014855 3.14468e-05 -0.000150471)
(-0.0015168 2.22128e-05 -0.000313667)
(-0.00148473 1.44871e-05 -0.000451227)
(-0.00146196 8.81589e-06 -0.000578485)
(-0.00117713 2.61503e-06 -0.000571953)
(-0.00114241 -4.25444e-06 -0.000663665)
(-0.00104241 -1.17111e-05 -0.00071096)
(-0.000947979 -1.76027e-05 -0.000736981)
(-0.000842873 -2.25332e-05 -0.000730207)
(-0.000724983 -2.63323e-05 -0.000687792)
(-0.000607004 -2.92561e-05 -0.000622648)
(-0.000491511 -3.15765e-05 -0.00054053)
(-0.000371009 -3.36613e-05 -0.000435432)
(-0.000230563 -3.3396e-05 -0.000295949)
(-4.24754e-05 -1.59285e-05 -0.000107208)
(1.34325e-05 -9.8191e-06 -5.78006e-05)
(0.000125605 -1.89939e-05 -0.000100842)
(0.000414266 -2.48371e-05 -0.000114839)
(0.000594933 -1.47342e-05 -4.12896e-05)
(0.000827173 -1.64385e-07 1.11519e-05)
(0.000882331 2.05079e-05 5.31689e-07)
(0.000907813 3.42706e-05 -6.78554e-05)
(0.000978677 4.43496e-05 -0.000167569)
(0.00107399 5.95523e-05 -0.000308393)
(0.00114525 7.14793e-05 -0.000478972)
(0.00110061 6.89456e-05 -0.000603853)
(0.00108265 6.44349e-05 -0.000727295)
(0.00109892 6.05875e-05 -0.000855878)
(0.000912541 3.92636e-05 -0.000764595)
(0.000810223 1.3732e-05 -0.000651383)
(0.000769839 -3.10599e-05 -0.000495318)
(0.000644023 -0.000119318 -0.000159478)
(0.000230047 -9.96759e-05 0.000421643)
(6.41763e-05 -3.88459e-05 0.000441267)
(1.73736e-05 -1.12904e-05 0.000290891)
(1.02891e-06 -2.69803e-06 0.000144435)
(-8.43733e-06 -1.16991e-06 0.00024985)
(-2.97171e-05 3.16422e-06 0.00042077)
(-6.03451e-05 9.86696e-06 0.000564101)
(-0.000137302 1.68248e-05 0.000760421)
(-0.00017365 2.1794e-05 0.00079282)
(-0.000222741 2.5269e-05 0.000817541)
(-0.00025624 2.68052e-05 0.000787744)
(-0.000285481 2.72316e-05 0.000738025)
(-0.000289395 2.44122e-05 0.000630102)
(-0.000301121 2.13735e-05 0.000553871)
(-0.000312067 1.73096e-05 0.000489709)
(-0.000322859 1.24986e-05 0.000440368)
(-0.000337786 7.64219e-06 0.000408452)
(-0.000354013 2.98092e-06 0.000390577)
(-0.000384966 -5.81102e-07 0.000393544)
(-0.000438091 -2.20739e-06 0.00041431)
(-0.000517686 -1.29635e-06 0.000443503)
(-0.000629355 2.37135e-06 0.000472469)
(-0.000779648 8.38272e-06 0.000491023)
(-0.00092348 1.5237e-05 0.000461425)
(-0.00105575 2.16481e-05 0.000385003)
(-0.00115818 2.60919e-05 0.000267218)
(-0.00126499 2.91053e-05 0.00012921)
(-0.00136664 3.16019e-05 -2.48395e-05)
(-0.00144397 2.77689e-05 -0.000199122)
(-0.00145063 1.85288e-05 -0.000351021)
(-0.00140337 1.20861e-05 -0.000478463)
(-0.00136719 6.47712e-06 -0.000596225)
(-0.00108351 8.12023e-07 -0.000576486)
(-0.00103492 -5.84818e-06 -0.000659391)
(-0.000917303 -1.19102e-05 -0.000685192)
(-0.000801336 -1.68853e-05 -0.000683436)
(-0.000687081 -2.09937e-05 -0.000655918)
(-0.000572162 -2.41968e-05 -0.000602903)
(-0.000457734 -2.63771e-05 -0.000528341)
(-0.000356085 -2.88824e-05 -0.00044988)
(-0.000248201 -3.06345e-05 -0.000347685)
(-7.5132e-05 -1.87329e-05 -0.000153967)
(-1.35639e-06 -5.67434e-06 -4.16616e-05)
(5.69009e-05 -1.38269e-05 -9.38832e-05)
(0.000195252 -1.86472e-05 -0.000117714)
(0.000435915 -1.98737e-05 -0.000105805)
(0.000613174 -1.29277e-05 -4.43088e-05)
(0.000817204 1.0654e-06 6.06895e-07)
(0.000881613 2.28126e-05 -1.62783e-05)
(0.000908287 3.69339e-05 -9.11373e-05)
(0.000987026 4.71303e-05 -0.000198651)
(0.00108349 6.23867e-05 -0.000348002)
(0.00114268 7.2781e-05 -0.000517348)
(0.00107631 6.78459e-05 -0.000629423)
(0.00108325 6.5018e-05 -0.000768337)
(0.00105846 5.64774e-05 -0.000861164)
(0.000863796 3.02563e-05 -0.000734014)
(0.000785986 2.06678e-06 -0.000614475)
(0.000749326 -5.51025e-05 -0.00042936)
(0.000553213 -0.000126051 1.02231e-05)
(0.000191035 -9.14121e-05 0.000509659)
(6.17492e-05 -3.07048e-05 0.000432459)
(1.37268e-05 -9.41349e-06 0.000261689)
(-9.19226e-07 -2.5394e-06 0.000140613)
(-1.69663e-05 -1.57511e-06 0.000321814)
(-4.79767e-05 3.56102e-06 0.000509402)
(-9.10306e-05 1.07124e-05 0.000664448)
(-0.000166393 1.73201e-05 0.000815204)
(-0.000225025 2.28836e-05 0.000875082)
(-0.000266812 2.5757e-05 0.000867564)
(-0.000300805 2.73133e-05 0.000826293)
(-0.000327591 2.75357e-05 0.000762961)
(-0.000350803 2.63923e-05 0.000693585)
(-0.000370133 2.36144e-05 0.000623075)
(-0.000340795 1.70309e-05 0.000493106)
(-0.000344217 1.18861e-05 0.000435967)
(-0.000350989 6.69593e-06 0.000398006)
(-0.000365309 2.12934e-06 0.000378839)
(-0.000391645 -1.32659e-06 0.000377536)
(-0.000444461 -2.82698e-06 0.00039581)
(-0.00052293 -1.81987e-06 0.000420771)
(-0.000631755 1.89209e-06 0.000442874)
(-0.000785671 7.79465e-06 0.000457817)
(-0.000918216 1.42386e-05 0.000418411)
(-0.00104418 2.01081e-05 0.000338197)
(-0.00113445 2.40241e-05 0.000219053)
(-0.0012411 2.70246e-05 8.36162e-05)
(-0.00133735 2.95694e-05 -7.04597e-05)
(-0.0013888 2.40966e-05 -0.000237849)
(-0.00137111 1.52971e-05 -0.000378509)
(-0.00131344 9.79225e-06 -0.00049557)
(-0.00126517 4.30115e-06 -0.00060322)
(-0.000983512 -7.89512e-07 -0.000570435)
(-0.000900705 -6.65919e-06 -0.000628496)
(-0.000776932 -1.14958e-05 -0.000635643)
(-0.00065737 -1.55461e-05 -0.000617158)
(-0.000541441 -1.88582e-05 -0.000574264)
(-0.000429663 -2.12331e-05 -0.000510381)
(-0.000320884 -2.2559e-05 -0.00042732)
(-0.000214274 -2.26693e-05 -0.000325107)
(-0.000104411 -1.92683e-05 -0.0002004)
(-1.44084e-05 -8.40803e-06 -7.53768e-05)
(2.03218e-05 -8.90468e-06 -7.49765e-05)
(0.000105373 -1.42928e-05 -0.000116233)
(0.000326407 -2.21675e-05 -0.000165951)
(0.000447796 -1.6749e-05 -0.000102458)
(0.000676526 -1.32001e-05 -5.46478e-05)
(0.000807698 1.84604e-06 -1.1554e-05)
(0.000877617 2.5227e-05 -3.36084e-05)
(0.000909309 4.00634e-05 -0.000115562)
(0.000997672 5.02918e-05 -0.000232259)
(0.00109029 6.49041e-05 -0.000388525)
(0.00112106 7.26199e-05 -0.000547781)
(0.00107845 6.84692e-05 -0.000671481)
(0.00108173 6.39616e-05 -0.000809807)
(0.000949461 4.5852e-05 -0.000801484)
(0.000837498 2.10478e-05 -0.000714234)
(0.000718107 -1.11714e-05 -0.000535842)
(0.000704566 -8.01423e-05 -0.000336073)
(0.000456239 -0.000119617 0.000190919)
(0.000175677 -7.67959e-05 0.000519891)
(6.55593e-05 -2.85521e-05 0.000441733)
(1.21287e-05 -8.74774e-06 0.000245509)
(-2.91798e-06 -3.11476e-06 0.000167032)
(-2.7297e-05 -2.31895e-06 0.000385982)
(-7.11084e-05 3.10257e-06 0.000596542)
(-0.000113022 1.07486e-05 0.000717626)
(-0.000205694 1.73346e-05 0.00088018)
(-0.000260725 2.20807e-05 0.00091708)
(-0.000305965 2.57412e-05 0.000903961)
(-0.000340334 2.73704e-05 0.000854695)
(-0.000365347 2.7532e-05 0.000782194)
(-0.000384527 2.61783e-05 0.00070273)
(-0.00040051 2.32601e-05 0.000626899)
(-0.000395942 1.80212e-05 0.000536004)
(-0.00036616 1.14456e-05 0.000436545)
(-0.000363014 6.08482e-06 0.000389573)
(-0.000371945 1.56735e-06 0.000366802)
(-0.000396267 -1.6442e-06 0.000363233)
(-0.000448456 -3.03224e-06 0.000379366)
(-0.00052565 -1.93669e-06 0.000400077)
(-0.000629835 1.67861e-06 0.000414741)
(-0.000779887 7.34758e-06 0.000422331)
(-0.000905001 1.34167e-05 0.000376727)
(-0.0010192 1.86697e-05 0.000292167)
(-0.00110719 2.20569e-05 0.000175135)
(-0.0012058 2.46382e-05 4.25404e-05)
(-0.00129539 2.66297e-05 -0.000111248)
(-0.00132119 2.00494e-05 -0.000267555)
(-0.00128271 1.24425e-05 -0.000396303)
(-0.00121696 7.68088e-06 -0.000502845)
(-0.00115699 2.52748e-06 -0.000599284)
(-0.000875646 -1.86918e-06 -0.000551597)
(-0.000772161 -6.71954e-06 -0.000589149)
(-0.000643994 -1.08033e-05 -0.000577583)
(-0.000524941 -1.39854e-05 -0.000544709)
(-0.000413944 -1.65542e-05 -0.000492325)
(-0.000308112 -1.80377e-05 -0.00042022)
(-0.000208253 -1.83935e-05 -0.000330878)
(-0.00011838 -1.71787e-05 -0.000229376)
(-3.25195e-05 -1.05401e-05 -0.00011366)
(3.27519e-06 -4.84041e-06 -4.96173e-05)
(5.52387e-05 -1.04795e-05 -0.000106382)
(0.000155235 -1.35739e-05 -0.000136036)
(0.000353765 -1.84232e-05 -0.000162415)
(0.000470764 -1.54377e-05 -0.000105778)
(0.000670092 -1.26212e-05 -6.29118e-05)
(0.000799839 2.18682e-06 -2.42003e-05)
(0.000873266 2.78605e-05 -5.12801e-05)
(0.000901027 4.31334e-05 -0.000139393)
(0.00101189 5.39288e-05 -0.000268762)
(0.00109476 6.69643e-05 -0.000429536)
(0.00109434 7.16864e-05 -0.00057523)
(0.00106384 6.87288e-05 -0.000702691)
(0.00108484 6.24305e-05 -0.000855222)
(0.000910524 3.72706e-05 -0.000786783)
(0.000741434 9.70918e-06 -0.000625991)
(0.000668618 -2.55273e-05 -0.000464131)
(0.000649631 -9.75826e-05 -0.000219869)
(0.000407246 -0.000114548 0.00033792)
(0.000179865 -6.45371e-05 0.000522)
(7.36833e-05 -2.86641e-05 0.000458733)
(1.36322e-05 -9.27937e-06 0.000252605)
(-3.17672e-06 -3.38134e-06 0.000167087)
(-3.01282e-05 -2.94192e-06 0.00039439)
(-7.76751e-05 2.31398e-06 0.000607495)
(-0.000140362 1.08675e-05 0.000778504)
(-0.000231031 1.64539e-05 0.000909618)
(-0.000290514 2.13206e-05 0.000944681)
(-0.00033895 2.52782e-05 0.00092923)
(-0.000373716 2.70795e-05 0.000874272)
(-0.00039719 2.72075e-05 0.000795217)
(-0.000412857 2.57256e-05 0.000708357)
(-0.000425206 2.26842e-05 0.000627675)
(-0.000417747 1.74451e-05 0.000536017)
(-0.000393224 1.11739e-05 0.00044667)
(-0.000373203 5.51359e-06 0.000383399)
(-0.000377374 1.1558e-06 0.000357318)
(-0.000400876 -1.77261e-06 0.000352866)
(-0.000450645 -2.84422e-06 0.000364946)
(-0.000526426 -1.58725e-06 0.000381411)
(-0.000628559 1.9341e-06 0.000390806)
(-0.00077015 7.25213e-06 0.000389214)
(-0.000887524 1.28354e-05 0.00033826)
(-0.000982245 1.73915e-05 0.000248402)
(-0.001074 2.04273e-05 0.000135013)
(-0.00116308 2.28188e-05 6.06536e-06)
(-0.00123993 2.30197e-05 -0.000146956)
(-0.00124065 1.55696e-05 -0.000288457)
(-0.00118797 9.81027e-06 -0.000404953)
(-0.00111826 5.88719e-06 -0.000501823)
(-0.00105242 1.34218e-06 -0.000588042)
(-0.000767395 -2.45883e-06 -0.000522679)
(-0.000653091 -6.2744e-06 -0.000542166)
(-0.00052893 -9.8863e-06 -0.00052004)
(-0.000416039 -1.25222e-05 -0.000479349)
(-0.000310908 -1.42638e-05 -0.000419383)
(-0.000213663 -1.48838e-05 -0.00034232)
(-0.000127004 -1.43994e-05 -0.000252049)
(-5.09448e-05 -1.11707e-05 -0.000149387)
(-4.01347e-06 -4.5261e-06 -5.65766e-05)
(2.43312e-05 -7.03295e-06 -8.78087e-05)
(9.00946e-05 -9.77254e-06 -0.000126605)
(0.000257986 -1.59132e-05 -0.000196832)
(0.000362161 -1.54941e-05 -0.000156418)
(0.000571636 -1.69898e-05 -0.000130593)
(0.000663175 -1.27791e-05 -7.28796e-05)
(0.000795398 2.19034e-06 -3.62673e-05)
(0.000871498 3.10364e-05 -6.9118e-05)
(0.000922813 4.80526e-05 -0.00016882)
(0.00103176 5.80734e-05 -0.000308583)
(0.00109831 6.85769e-05 -0.000470258)
(0.00105001 6.94916e-05 -0.000591801)
(0.00105963 6.86414e-05 -0.000741763)
(0.00104523 5.65232e-05 -0.000862978)
(0.000792158 2.5392e-05 -0.000694037)
(0.000706076 -1.278e-06 -0.000580952)
(0.0006253 -4.1192e-05 -0.000388499)
(0.000596796 -0.000106224 -8.51229e-05)
(0.000363804 -0.000100525 0.000415396)
(0.000191019 -5.47925e-05 0.000516107)
(8.66815e-05 -2.97601e-05 0.00048222)
(1.67915e-05 -1.02356e-05 0.000268484)
(-3.33641e-06 -3.6164e-06 0.000165373)
(-3.55458e-05 -3.71833e-06 0.000414439)
(-9.36718e-05 1.67526e-06 0.000647932)
(-0.000157564 9.89535e-06 0.000804215)
(-0.000251583 1.5776e-05 0.00092898)
(-0.00031323 2.02903e-05 0.000960093)
(-0.000364734 2.44447e-05 0.000944347)
(-0.000399959 2.64529e-05 0.000885548)
(-0.000422018 2.65339e-05 0.000801842)
(-0.000434754 2.49843e-05 0.000709944)
(-0.000443766 2.18801e-05 0.000625672)
(-0.000433689 1.67145e-05 0.000533626)
(-0.000405645 1.05369e-05 0.000443669)
(-0.000383159 5.00635e-06 0.000380361)
(-0.00038243 8.0001e-07 0.000350519)
(-0.000403731 -1.82239e-06 0.000343619)
(-0.000453614 -2.58146e-06 0.000353784)
(-0.000527395 -1.12996e-06 0.000365582)
(-0.000629783 2.36273e-06 0.000371321)
(-0.000759585 7.386e-06 0.000359489)
(-0.000868888 1.24589e-05 0.000303907)
(-0.000944196 1.63236e-05 0.000210223)
(-0.00103846 1.92183e-05 0.000100205)
(-0.00111645 2.14856e-05 -2.6253e-05)
(-0.00117596 1.99024e-05 -0.000174851)
(-0.00115188 1.19667e-05 -0.000301862)
(-0.00109135 7.55678e-06 -0.000406447)
(-0.00102413 4.38489e-06 -0.000494913)
(-0.000958345 3.37502e-07 -0.000574007)
(-0.000682523 -2.77555e-06 -0.000500515)
(-0.000548324 -5.74352e-06 -0.000493611)
(-0.000432439 -8.89546e-06 -0.000466148)
(-0.000323884 -1.07953e-05 -0.00041652)
(-0.000227707 -1.17804e-05 -0.000353192)
(-0.000141939 -1.17956e-05 -0.000275042)
(-7.00138e-05 -1.04572e-05 -0.000185126)
(-1.53635e-05 -5.82866e-06 -8.86628e-05)
(6.45664e-06 -4.05077e-06 -6.19452e-05)
(4.91243e-05 -6.89342e-06 -0.000111404)
(0.000124783 -8.63323e-06 -0.00014605)
(0.00028323 -1.31845e-05 -0.00019765)
(0.000473133 -1.72951e-05 -0.000198223)
(0.000565713 -1.59466e-05 -0.000134468)
(0.000657241 -1.40495e-05 -8.33467e-05)
(0.000796781 2.1611e-06 -4.64983e-05)
(0.000874384 3.51586e-05 -8.71883e-05)
(0.00094231 5.33927e-05 -0.000199311)
(0.00106965 6.33474e-05 -0.00035568)
(0.00110564 7.06989e-05 -0.000511962)
(0.00106186 7.13104e-05 -0.000638175)
(0.00109523 6.97987e-05 -0.000809626)
(0.000975384 4.66627e-05 -0.000829846)
(0.000751036 1.59817e-05 -0.000657542)
(0.000669414 -1.35424e-05 -0.000524896)
(0.000708719 -6.87264e-05 -0.000368663)
(0.000552114 -0.000105659 6.1118e-05)
(0.000349797 -8.51291e-05 0.000439056)
(0.000217624 -5.12832e-05 0.000529454)
(0.000108756 -3.24006e-05 0.000516171)
(2.54553e-05 -1.27285e-05 0.000310638)
(-1.46137e-06 -3.38473e-06 0.000136559)
(-3.31708e-05 -4.646e-06 0.000391721)
(-9.67139e-05 -2.29023e-07 0.00064253)
(-0.000171017 8.51119e-06 0.00081898)
(-0.00026442 1.40443e-05 0.00093457)
(-0.00032631 1.85989e-05 0.000961331)
(-0.00038092 2.29147e-05 0.000947311)
(-0.000417316 2.52504e-05 0.000887455)
(-0.000438091 2.53029e-05 0.000800788)
(-0.0004485 2.37353e-05 0.000706095)
(-0.000454642 2.0665e-05 0.000619707)
(-0.000442251 1.56613e-05 0.000527782)
(-0.00041216 9.74071e-06 0.000438544)
(-0.000388142 4.45925e-06 0.000375646)
(-0.000385567 4.68021e-07 0.000344595)
(-0.000406009 -1.89714e-06 0.00033602)
(-0.000455676 -2.38908e-06 0.000343759)
(-0.000527946 -8.19327e-07 0.000351475)
(-0.000629984 2.57279e-06 0.000353491)
(-0.000748498 7.24385e-06 0.000332761)
(-0.000849487 1.19166e-05 0.000273198)
(-0.000915273 1.53885e-05 0.000178978)
(-0.00100579 1.82242e-05 7.09596e-05)
(-0.00107194 2.03292e-05 -5.42253e-05)
(-0.00111137 1.74795e-05 -0.000195212)
(-0.00106468 9.78793e-06 -0.000309603)
(-0.000999722 6.07815e-06 -0.000403317)
(-0.000932184 3.11151e-06 -0.000482587)
(-0.0008548 -7.24662e-07 -0.000547226)
(-0.000780922 -3.896e-06 -0.000613962)
(-0.000468213 -5.393e-06 -0.000455714)
(-0.000356685 -7.92151e-06 -0.000421335)
(-0.000259999 -9.34905e-06 -0.000374593)
(-0.000167911 -9.61406e-06 -0.000302997)
(-8.96353e-05 -8.90637e-06 -0.000216733)
(-3.16753e-05 -6.57634e-06 -0.000125434)
(-1.54258e-06 -2.76479e-06 -5.13921e-05)
(2.19427e-05 -4.55925e-06 -8.94558e-05)
(7.19441e-05 -5.82398e-06 -0.000127391)
(0.000199371 -9.51972e-06 -0.000206697)
(0.000353892 -1.29797e-05 -0.000233052)
(0.000478311 -1.55154e-05 -0.000198548)
(0.00055866 -1.60179e-05 -0.000139894)
(0.000654652 -1.64948e-05 -9.26075e-05)
(0.000805658 2.93008e-06 -5.38765e-05)
(0.00088262 4.0551e-05 -0.000105968)
(0.000963748 5.94284e-05 -0.00023136)
(0.00110891 6.88505e-05 -0.000406076)
(0.00109951 7.23678e-05 -0.00054658)
(0.00107154 7.51522e-05 -0.000680284)
(0.00110753 6.89794e-05 -0.000859803)
(0.000829351 3.31766e-05 -0.000718142)
(0.000725814 5.98315e-06 -0.000625454)
(0.000625972 -2.64447e-05 -0.000453657)
(0.000658741 -8.22251e-05 -0.000252246)
(0.000536902 -0.000100204 0.000193919)
(0.000395093 -7.74846e-05 0.000477528)
(0.000255001 -5.10977e-05 0.000550988)
(0.000138713 -3.52271e-05 0.000547816)
(4.21139e-05 -1.65754e-05 0.000373714)
(1.20588e-06 -3.71291e-06 0.000130297)
(-2.49355e-05 -5.17602e-06 0.000335996)
(-8.96341e-05 -2.24158e-06 0.000605148)
(-0.000173103 5.89881e-06 0.000806439)
(-0.000262618 1.11155e-05 0.000916028)
(-0.000325741 1.60252e-05 0.000943386)
(-0.000383486 2.03187e-05 0.000933367)
(-0.000422745 2.30879e-05 0.00087703)
(-0.000442656 2.32397e-05 0.000789542)
(-0.000451246 2.17203e-05 0.000694222)
(-0.000454934 1.87895e-05 0.000607262)
(-0.000439748 1.40466e-05 0.000515291)
(-0.000409414 8.58094e-06 0.000428648)
(-0.000383766 3.71331e-06 0.000365771)
(-0.00038366 8.97705e-08 0.000337225)
(-0.000404689 -2.00486e-06 0.000327908)
(-0.000451714 -2.25761e-06 0.000331281)
(-0.000525627 -6.02128e-07 0.000337355)
(-0.000624901 2.69555e-06 0.000334715)
(-0.000734963 6.9216e-06 0.000307727)
(-0.000827705 1.11292e-05 0.000244966)
(-0.000888598 1.42722e-05 0.000151822)
(-0.000973917 1.70729e-05 4.59726e-05)
(-0.00103215 1.90834e-05 -7.78581e-05)
(-0.00105247 1.53242e-05 -0.000209703)
(-0.000986352 8.37058e-06 -0.000312915)
(-0.000919107 5.19313e-06 -0.000397546)
(-0.000846175 2.10037e-06 -0.000466603)
(-0.0007601 -1.64316e-06 -0.000518207)
(-0.000651424 -4.17854e-06 -0.000547494)
(-0.000403998 -5.1435e-06 -0.000424057)
(-0.000297009 -7.16428e-06 -0.000384167)
(-0.000200942 -7.86687e-06 -0.000324963)
(-0.000118646 -7.68085e-06 -0.000251079)
(-5.27018e-05 -6.48016e-06 -0.000163515)
(-1.17556e-05 -3.81251e-06 -8.20774e-05)
(4.99485e-06 -2.61736e-06 -5.93665e-05)
(3.62547e-05 -4.00486e-06 -0.000102798)
(0.000127838 -6.81855e-06 -0.000193008)
(0.000243149 -8.46201e-06 -0.000232629)
(0.00037201 -1.14549e-05 -0.000236979)
(0.000472375 -1.4781e-05 -0.000197811)
(0.000551469 -1.76503e-05 -0.0001454)
(0.000657335 -1.95473e-05 -9.86586e-05)
(0.000822293 5.31991e-06 -5.82904e-05)
(0.000890064 4.69101e-05 -0.000125137)
(0.000989869 6.60503e-05 -0.000265872)
(0.00114812 7.45427e-05 -0.000457473)
(0.00109183 7.39961e-05 -0.000579745)
(0.0010727 7.74716e-05 -0.000718447)
(0.00108571 6.44308e-05 -0.000876183)
(0.000779506 2.36456e-05 -0.000678983)
(0.000701537 -5.60905e-06 -0.00058394)
(0.000707784 -4.75321e-05 -0.000452674)
(0.000595463 -8.44657e-05 -0.000123533)
(0.000531457 -8.94189e-05 0.000280518)
(0.000440049 -6.86572e-05 0.000499328)
(0.000302513 -5.12566e-05 0.000575683)
(0.00018264 -3.87478e-05 0.000591135)
(7.05728e-05 -2.16039e-05 0.000448964)
(8.51238e-06 -6.72677e-06 0.000202879)
(-1.27366e-05 -4.93726e-06 0.000246299)
(-7.11859e-05 -4.32055e-06 0.000529483)
(-0.000161092 2.34469e-06 0.000763677)
(-0.000239971 7.36861e-06 0.000864147)
(-0.0003084 1.30709e-05 0.000902165)
(-0.000370157 1.68775e-05 0.000900063)
(-0.000413811 1.99805e-05 0.000851736)
(-0.000433847 2.04275e-05 0.000766333)
(-0.000441152 1.90146e-05 0.000672591)
(-0.000442702 1.63e-05 0.000586567)
(-0.000424228 1.19303e-05 0.000494511)
(-0.000396242 7.11512e-06 0.000413248)
(-0.000374169 2.85793e-06 0.000355168)
(-0.000375351 -2.8705e-07 0.00032773)
(-0.000397554 -2.03619e-06 0.000318031)
(-0.000441917 -2.02186e-06 0.000317126)
(-0.000516884 -3.15122e-07 0.000321297)
(-0.000614838 2.89233e-06 0.000315368)
(-0.000715914 6.81756e-06 0.000282892)
(-0.000801122 1.05379e-05 0.000217986)
(-0.000859102 1.32519e-05 0.000126808)
(-0.000938303 1.58609e-05 2.38349e-05)
(-0.000992139 1.74141e-05 -9.81545e-05)
(-0.000995082 1.27231e-05 -0.000219487)
(-0.000913968 6.42643e-06 -0.000312327)
(-0.000845682 3.76091e-06 -0.000388726)
(-0.000765396 7.72552e-07 -0.000447117)
(-0.000672387 -2.75245e-06 -0.000486888)
(-0.000549181 -4.83677e-06 -0.000493492)
(-0.000347494 -5.16073e-06 -0.000392926)
(-0.000241744 -6.50811e-06 -0.000342492)
(-0.00015446 -6.84841e-06 -0.000281576)
(-7.9141e-05 -6.14735e-06 -0.000199)
(-2.85221e-05 -4.72581e-06 -0.000119107)
(-2.89221e-06 -2.34186e-06 -5.55349e-05)
(1.34711e-05 -2.89207e-06 -7.6033e-05)
(4.99331e-05 -3.67502e-06 -0.000114728)
(0.000154827 -6.18025e-06 -0.000210976)
(0.000258257 -7.45912e-06 -0.000235357)
(0.000374646 -1.12418e-05 -0.000235645)
(0.000464546 -1.60566e-05 -0.000197445)
(0.000548769 -2.07045e-05 -0.000149536)
(0.000667856 -2.23371e-05 -0.00010004)
(0.000846193 9.75945e-06 -6.07704e-05)
(0.000917178 5.49749e-05 -0.000148059)
(0.00102104 7.29407e-05 -0.00030256)
(0.00117187 7.92676e-05 -0.000502178)
(0.0011518 8.04456e-05 -0.000648811)
(0.00112914 8.16424e-05 -0.000793717)
(0.00104912 5.54377e-05 -0.000863529)
(0.000752162 1.38685e-05 -0.000648285)
(0.000674502 -1.87925e-05 -0.000528104)
(0.000668024 -6.16725e-05 -0.000349308)
(0.000574552 -8.28883e-05 -4.75313e-06)
(0.000548043 -7.735e-05 0.000328692)
(0.000492433 -6.23595e-05 0.000520818)
(0.000380639 -5.38586e-05 0.000635626)
(0.000240754 -4.19222e-05 0.000637009)
(0.000115052 -2.73762e-05 0.000533444)
(2.71187e-05 -1.17038e-05 0.000307159)
(-2.28102e-06 -3.62692e-06 0.00014085)
(-4.47232e-05 -5.6841e-06 0.000415613)
(-0.000127709 -1.32716e-06 0.000671553)
(-0.000197059 2.42242e-06 0.000767694)
(-0.000279178 9.52632e-06 0.000842604)
(-0.000341971 1.31127e-05 0.000847416)
(-0.000391045 1.63955e-05 0.00081158)
(-0.000413512 1.73938e-05 0.000732981)
(-0.000420218 1.61307e-05 0.000642846)
(-0.000419739 1.36302e-05 0.000558725)
(-0.000399315 9.70108e-06 0.000468394)
(-0.000376617 5.56396e-06 0.000395567)
(-0.000364362 1.99349e-06 0.000348035)
(-0.000364268 -6.16902e-07 0.000318729)
(-0.000386031 -1.89816e-06 0.000307333)
(-0.00043028 -1.60721e-06 0.000303767)
(-0.000500269 1.44767e-07 0.000302432)
(-0.000598766 3.22034e-06 0.000294947)
(-0.00069137 6.86516e-06 0.000258064)
(-0.000767307 1.01764e-05 0.000191559)
(-0.000824465 1.24648e-05 0.000103292)
(-0.000895486 1.48598e-05 3.8413e-06)
(-0.000947399 1.54304e-05 -0.000116107)
(-0.000932446 9.50807e-06 -0.000225827)
(-0.000840168 3.99113e-06 -0.000308197)
(-0.000770663 1.46052e-06 -0.000375848)
(-0.000685094 -1.21754e-06 -0.000423962)
(-0.000586117 -4.28531e-06 -0.00045142)
(-0.000459181 -5.69416e-06 -0.000443415)
(-0.000282589 -5.2413e-06 -0.000345048)
(-0.000193099 -5.96409e-06 -0.000300722)
(-0.000110859 -5.69206e-06 -0.000229836)
(-5.05387e-05 -4.8606e-06 -0.000154869)
(-1.39606e-05 -3.4131e-06 -8.69908e-05)
(1.35238e-06 -1.87337e-06 -4.88735e-05)
(2.14711e-05 -2.83999e-06 -8.56903e-05)
(8.2475e-05 -4.82248e-06 -0.000165185)
(0.000170277 -6.11811e-06 -0.000217427)
(0.00026818 -8.21643e-06 -0.00023764)
(0.000372971 -1.31354e-05 -0.000233146)
(0.000462744 -1.88971e-05 -0.000197494)
(0.000554581 -2.41961e-05 -0.000151562)
(0.000687814 -2.3925e-05 -9.61278e-05)
(0.000877534 1.62961e-05 -6.34119e-05)
(0.000945518 6.32051e-05 -0.000172449)
(0.00105398 7.95464e-05 -0.000339927)
(0.00118497 8.35511e-05 -0.00054089)
(0.00110725 8.1881e-05 -0.000653821)
(0.00115785 8.31321e-05 -0.000848641)
(0.000845495 3.74546e-05 -0.000701946)
(0.000732497 2.58114e-06 -0.000614014)
(0.000639125 -3.2396e-05 -0.000452888)
(0.000624446 -6.9998e-05 -0.00023333)
(0.000588659 -7.77701e-05 0.000100693)
(0.000579421 -6.53769e-05 0.000351478)
(0.000548857 -5.7893e-05 0.000541917)
(0.000458719 -5.34962e-05 0.000673359)
(0.000312334 -4.3926e-05 0.000679566)
(0.000179712 -3.30813e-05 0.000621289)
(6.45344e-05 -1.82704e-05 0.000429029)
(5.70749e-06 -5.43856e-06 0.000171076)
(-1.8338e-05 -5.38971e-06 0.000269907)
(-8.56888e-05 -4.04338e-06 0.000538205)
(-0.00014323 -2.35558e-06 0.000640208)
(-0.000237155 5.06845e-06 0.000761052)
(-0.0003015 9.5812e-06 0.000777247)
(-0.000356741 1.26119e-05 0.00075798)
(-0.000384599 1.43191e-05 0.000691799)
(-0.000391124 1.33686e-05 0.000606554)
(-0.000388238 1.1058e-05 0.000524304)
(-0.000370824 7.67364e-06 0.000441825)
(-0.000356189 4.15944e-06 0.000380211)
(-0.000350663 1.15568e-06 0.00033959)
(-0.000357261 -9.76562e-07 0.000315051)
(-0.000375685 -1.83573e-06 0.000298595)
(-0.000416691 -1.34426e-06 0.000290406)
(-0.000481393 5.08686e-07 0.000283775)
(-0.000577421 3.46707e-06 0.000273587)
(-0.000662027 6.80445e-06 0.000233575)
(-0.000727362 9.72093e-06 0.000166152)
(-0.000786474 1.17194e-05 8.18369e-05)
(-0.000848582 1.40029e-05 -1.36918e-05)
(-0.000896932 1.31787e-05 -0.000131483)
(-0.0008601 6.57888e-06 -0.000228185)
(-0.000763842 2.1464e-06 -0.000301516)
(-0.000691368 -5.40038e-07 -0.000359624)
(-0.000604272 -3.15341e-06 -0.000398084)
(-0.000500837 -5.97396e-06 -0.000412783)
(-0.00038347 -6.4533e-06 -0.000398801)
(-0.000232294 -5.4382e-06 -0.000307623)
(-0.000145645 -5.27829e-06 -0.000250809)
(-7.842e-05 -4.71515e-06 -0.000187005)
(-3.14144e-05 -3.80194e-06 -0.000121428)
(-5.55242e-06 -2.31533e-06 -6.36337e-05)
(6.00113e-06 -2.0167e-06 -6.04614e-05)
(2.98914e-05 -2.81295e-06 -9.5597e-05)
(9.44515e-05 -4.86659e-06 -0.00017195)
(0.000183203 -6.87544e-06 -0.000223248)
(0.000281312 -1.01527e-05 -0.000243782)
(0.0003828 -1.60493e-05 -0.000236499)
(0.000469551 -2.18096e-05 -0.000198011)
(0.000569495 -2.73525e-05 -0.000151811)
(0.000716392 -2.37274e-05 -8.64172e-05)
(0.000901037 2.41756e-05 -6.75059e-05)
(0.000974567 7.10388e-05 -0.000197904)
(0.00109499 8.61653e-05 -0.000379971)
(0.00119267 8.79947e-05 -0.000574788)
(0.00110461 8.6469e-05 -0.00068212)
(0.00114941 7.93502e-05 -0.000868086)
(0.00080904 2.66918e-05 -0.000667835)
(0.00071642 -1.07191e-05 -0.000570168)
(0.000695441 -5.15164e-05 -0.000419697)
(0.000589204 -7.06833e-05 -0.000117953)
(0.000614567 -6.95606e-05 0.000176144)
(0.000620083 -5.62262e-05 0.000377274)
(0.000593731 -5.17814e-05 0.000549918)
(0.000536751 -5.0833e-05 0.000698924)
(0.000416423 -4.64362e-05 0.000756413)
(0.000263811 -3.72765e-05 0.000699059)
(0.000128608 -2.57582e-05 0.000559569)
(3.21042e-05 -1.19802e-05 0.000316868)
(-1.54277e-06 -3.38846e-06 0.00012402)
(-4.46494e-05 -5.64742e-06 0.000382936)
(-8.10459e-05 -6.06097e-06 0.000471327)
(-0.000176574 -7.26683e-07 0.000642063)
(-0.000254407 5.65004e-06 0.000697057)
(-0.000310271 8.40087e-06 0.000688153)
(-0.000344547 1.06544e-05 0.000637851)
(-0.000351712 1.04484e-05 0.000558727)
(-0.000349377 8.53179e-06 0.000483113)
(-0.00034249 5.89108e-06 0.000417857)
(-0.000335407 2.9547e-06 0.000366324)
(-0.000331724 4.1645e-07 0.000327345)
(-0.000340838 -1.30288e-06 0.000303912)
(-0.000366652 -1.91482e-06 0.000291512)
(-0.000402128 -1.2805e-06 0.000277335)
(-0.000461244 5.85503e-07 0.000265514)
(-0.00055156 3.37054e-06 0.000251553)
(-0.000629485 6.40874e-06 0.000209778)
(-0.000686387 8.93018e-06 0.000142941)
(-0.000747271 1.07099e-05 6.26647e-05)
(-0.000801555 1.28584e-05 -2.95381e-05)
(-0.000838173 1.08604e-05 -0.000141127)
(-0.000785752 4.50392e-06 -0.000227328)
(-0.000690884 9.57354e-07 -0.000293353)
(-0.000618251 -1.49868e-06 -0.000343645)
(-0.000530408 -4.18461e-06 -0.000373372)
(-0.000422726 -6.76738e-06 -0.00037584)
(-0.000315324 -6.69798e-06 -0.000354868)
(-0.000239195 -6.89992e-06 -0.000345999)
(-0.000109612 -4.71879e-06 -0.000210478)
(-5.51256e-05 -3.92678e-06 -0.00015335)
(-1.88376e-05 -2.95194e-06 -9.62878e-05)
(-1.16895e-06 -1.54874e-06 -4.82485e-05)
(1.08989e-05 -1.9106e-06 -6.91103e-05)
(3.80045e-05 -2.64951e-06 -0.000104487)
(0.000105825 -4.79526e-06 -0.000179537)
(0.000196169 -7.5645e-06 -0.000231057)
(0.000297579 -1.20917e-05 -0.000253514)
(0.000394527 -1.87655e-05 -0.000240494)
(0.000482334 -2.44168e-05 -0.000198889)
(0.000590844 -3.0121e-05 -0.000149645)
(0.000751552 -2.11967e-05 -7.0003e-05)
(0.000959479 3.52808e-05 -7.87766e-05)
(0.00100658 7.80465e-05 -0.000224491)
(0.00114206 9.25732e-05 -0.000422582)
(0.00117464 9.06711e-05 -0.000593783)
(0.00102078 8.2357e-05 -0.000655507)
(0.000923448 5.72476e-05 -0.000704544)
(0.000785967 1.48271e-05 -0.00063359)
(0.000698863 -2.56456e-05 -0.000510579)
(0.000662293 -6.2464e-05 -0.000308763)
(0.000601608 -6.86987e-05 -1.49773e-05)
(0.000647069 -5.97644e-05 0.000224032)
(0.000664356 -4.97999e-05 0.000405501)
(0.000647148 -4.63501e-05 0.000566323)
(0.00061557 -4.6697e-05 0.000721013)
(0.000514806 -4.46433e-05 0.00079709)
(0.000376145 -4.02183e-05 0.000790215)
(0.000224267 -3.24851e-05 0.000687607)
(9.23183e-05 -2.05673e-05 0.000484892)
(1.48407e-05 -7.80315e-06 0.000225313)
(-1.03364e-05 -4.68731e-06 0.00019684)
(-2.49974e-05 -6.15363e-06 0.000262215)
(-9.76695e-05 -5.57072e-06 0.000462923)
(-0.000188821 1.48317e-07 0.000583271)
(-0.000245605 4.11558e-06 0.00058902)
(-0.000289503 5.99381e-06 0.000564001)
(-0.000308318 7.09684e-06 0.000508291)
(-0.0003145 5.95743e-06 0.000449721)
(-0.000315167 3.96994e-06 0.000396642)
(-0.000310981 1.6309e-06 0.00034933)
(-0.000309992 -3.68388e-07 0.000312972)
(-0.000322884 -1.63085e-06 0.000291917)
(-0.000350392 -1.97485e-06 0.000279227)
(-0.000386932 -1.20351e-06 0.000264319)
(-0.000441412 5.64852e-07 0.000248355)
(-0.000530636 3.13267e-06 0.000233031)
(-0.000593872 5.77103e-06 0.000186715)
(-0.000645931 7.8895e-06 0.000121954)
(-0.000705084 9.43774e-06 4.53683e-05)
(-0.000756296 1.13752e-05 -4.35869e-05)
(-0.000777139 8.61786e-06 -0.000146981)
(-0.000713658 2.73783e-06 -0.000223351)
(-0.000620553 4.03241e-07 -0.000281555)
(-0.00055526 -1.36302e-06 -0.000328644)
(-0.000465842 -3.97549e-06 -0.000350607)
(-0.000361361 -5.84068e-06 -0.000346643)
(-0.000260998 -6.32929e-06 -0.000321231)
(-0.000188057 -6.56967e-06 -0.00029995)
(-8.32436e-05 -4.24953e-06 -0.000180538)
(-3.90229e-05 -3.37566e-06 -0.000129448)
(-1.01619e-05 -2.21845e-06 -7.44889e-05)
(1.49123e-06 -1.30539e-06 -4.74985e-05)
(1.60297e-05 -1.73812e-06 -7.73035e-05)
(5.97323e-05 -3.19753e-06 -0.000149377)
(0.000127199 -5.52179e-06 -0.00020755)
(0.00020956 -8.92005e-06 -0.000242964)
(0.000315328 -1.48504e-05 -0.000266006)
(0.000406625 -2.17669e-05 -0.000243919)
(0.00049962 -2.68361e-05 -0.000198482)
(0.000615552 -3.22722e-05 -0.0001431)
(0.000791288 -1.60917e-05 -4.65619e-05)
(0.000907937 4.30637e-05 -8.68565e-05)
(0.00104207 8.38681e-05 -0.000251123)
(0.0011883 9.80272e-05 -0.000462077)
(0.0011565 9.3504e-05 -0.000608516)
(0.00101405 8.32488e-05 -0.000673156)
(0.000877797 4.60446e-05 -0.000668923)
(0.000767924 1.24259e-06 -0.000592826)
(0.000673322 -4.04566e-05 -0.000429725)
(0.000634052 -6.71492e-05 -0.000192615)
(0.00063243 -6.33115e-05 7.09009e-05)
(0.000686501 -5.14679e-05 0.000265036)
(0.000710086 -4.46347e-05 0.000435853)
(0.000712919 -4.19337e-05 0.000595182)
(0.000679092 -4.09389e-05 0.000727616)
(0.000611135 -4.05263e-05 0.000826365)
(0.000491639 -3.91572e-05 0.000849816)
(0.000341539 -3.56704e-05 0.000788505)
(0.000192333 -2.82223e-05 0.000646814)
(6.98703e-05 -1.65142e-05 0.000417152)
(5.85113e-06 -5.03046e-06 0.000155282)
(1.11545e-06 -3.44632e-06 0.000103648)
(-2.98715e-05 -6.28423e-06 0.000254986)
(-0.000101851 -5.21632e-06 0.000409876)
(-0.000173319 -6.34628e-07 0.000468751)
(-0.000213976 1.37252e-06 0.000456799)
(-0.000247011 2.58746e-06 0.000433518)
(-0.000261894 2.61823e-06 0.000394651)
(-0.000271492 1.31634e-06 0.000357744)
(-0.000275675 -2.1981e-07 0.000321841)
(-0.000282886 -1.55518e-06 0.000293967)
(-0.00030012 -2.24648e-06 0.000275971)
(-0.000330927 -2.20447e-06 0.000264898)
(-0.00037448 -1.26455e-06 0.000253552)
(-0.000419858 4.71655e-07 0.00023101)
(-0.00049917 2.78472e-06 0.000211007)
(-0.000553428 5.01079e-06 0.000163776)
(-0.000604884 6.75275e-06 0.000102607)
(-0.000659544 7.80779e-06 2.9523e-05)
(-0.000707044 9.64664e-06 -5.51112e-05)
(-0.000716325 6.35807e-06 -0.000149804)
(-0.000693842 1.3775e-06 -0.000232963)
(-0.000558349 3.75826e-07 -0.000268709)
(-0.000502036 -1.03565e-06 -0.000313779)
(-0.000415671 -3.32065e-06 -0.000331876)
(-0.000312453 -4.22062e-06 -0.000319852)
(-0.000217403 -5.043e-06 -0.000291719)
(-0.000149468 -5.47182e-06 -0.000265102)
(-6.47297e-05 -3.65432e-06 -0.000161084)
(-2.60365e-05 -2.67291e-06 -0.000106634)
(-4.64284e-06 -1.53556e-06 -5.79893e-05)
(4.23841e-06 -1.1317e-06 -5.40656e-05)
(2.15309e-05 -1.55778e-06 -8.72554e-05)
(6.73702e-05 -3.44163e-06 -0.000158722)
(0.000142587 -7.1588e-06 -0.000225397)
(0.000229152 -1.20378e-05 -0.000262902)
(0.000333616 -1.87419e-05 -0.000276817)
(0.000425154 -2.49824e-05 -0.000246932)
(0.0005218 -2.86357e-05 -0.000194772)
(0.00064075 -3.33296e-05 -0.000130786)
(0.000832987 -8.73912e-06 -1.71761e-05)
(0.00091255 5.27221e-05 -0.000102898)
(0.00106812 8.80411e-05 -0.000276791)
(0.00122093 0.000101824 -0.000494707)
(0.00113985 9.7648e-05 -0.000617589)
(0.00123093 0.000100025 -0.000836574)
(0.000854722 3.37807e-05 -0.000641049)
(0.000752165 -1.49042e-05 -0.000540585)
(0.000635527 -5.19889e-05 -0.000326863)
(0.00062798 -6.63055e-05 -8.41199e-05)
(0.000669823 -5.61932e-05 0.000135281)
(0.000729153 -4.5604e-05 0.000308609)
(0.000758146 -3.99938e-05 0.000469243)
(0.000771512 -3.7319e-05 0.000620899)
(0.000755441 -3.6014e-05 0.000752872)
(0.000693407 -3.47586e-05 0.000839464)
(0.000595639 -3.46746e-05 0.000878824)
(0.000470574 -3.46867e-05 0.000867137)
(0.000319497 -3.11804e-05 0.000771406)
(0.00017288 -2.40112e-05 0.000601787)
(5.56275e-05 -1.35544e-05 0.000360135)
(4.33614e-05 -1.13408e-05 0.000299163)
(1.19686e-06 -3.36157e-06 9.51721e-05)
(-2.67061e-05 -5.78044e-06 0.000209722)
(-8.85799e-05 -5.18289e-06 0.000320955)
(-0.000142763 -2.28521e-06 0.000354623)
(-0.000178745 -1.41859e-06 0.000351892)
(-0.000205564 -1.07372e-06 0.000337092)
(-0.000219172 -1.60516e-06 0.000310126)
(-0.00022926 -2.5719e-06 0.000283211)
(-0.000243745 -3.31603e-06 0.000264042)
(-0.000268772 -3.50382e-06 0.000253313)
(-0.00030421 -2.94333e-06 0.000245528)
(-0.0003473 -1.7065e-06 0.00023354)
(-0.000395056 7.98494e-08 0.000212632)
(-0.000470444 2.23613e-06 0.000191147)
(-0.000529028 4.10408e-06 0.000146655)
(-0.000562469 5.30864e-06 8.41841e-05)
(-0.000606438 6.1252e-06 1.53446e-05)
(-0.000657627 7.87534e-06 -6.55997e-05)
(-0.000696742 4.08798e-06 -0.000159953)
(-0.000629366 -2.27544e-07 -0.000225924)
(-0.000504162 -4.03887e-07 -0.00025702)
(-0.000455905 -1.70568e-06 -0.000300547)
(-0.000369753 -2.70277e-06 -0.000312381)
(-0.000275026 -3.24348e-06 -0.000300124)
(-0.000184624 -3.87349e-06 -0.000268199)
(-0.000119648 -4.06686e-06 -0.00023571)
(-4.89393e-05 -2.73014e-06 -0.000140738)
(-1.7134e-05 -1.90737e-06 -8.90904e-05)
(-1.57288e-06 -9.66699e-07 -4.80516e-05)
(6.74864e-06 -9.91924e-07 -6.09708e-05)
(2.65868e-05 -1.96943e-06 -9.82995e-05)
(7.81628e-05 -5.31024e-06 -0.000174653)
(0.000163551 -1.09232e-05 -0.000250593)
(0.000262822 -1.71749e-05 -0.000291107)
(0.000363008 -2.29507e-05 -0.000288533)
(0.000451645 -2.72839e-05 -0.000247327)
(0.000546528 -2.90718e-05 -0.000186196)
(0.000663549 -3.30423e-05 -0.000113417)
(0.000874156 -1.39292e-08 1.48839e-05)
(0.000915421 6.18704e-05 -0.000120247)
(0.0010972 9.05806e-05 -0.000303468)
(0.00124626 0.000103672 -0.000520987)
(0.00108008 9.6975e-05 -0.000600294)
(0.000999461 7.54578e-05 -0.000681127)
(0.000840234 1.97484e-05 -0.000607372)
(0.000742104 -3.24552e-05 -0.000474242)
(0.000695877 -6.73059e-05 -0.000252293)
(0.000660981 -6.29474e-05 9.50901e-06)
(0.000714446 -4.93761e-05 0.000189245)
(0.000773116 -4.11696e-05 0.000354477)
(0.000808406 -3.57226e-05 0.000506478)
(0.000829426 -3.28815e-05 0.00065024)
(0.00082021 -3.06996e-05 0.000772082)
(0.000773145 -2.9117e-05 0.000856972)
(0.000691463 -2.90571e-05 0.00090066)
(0.000580195 -2.93207e-05 0.000899014)
(0.000448054 -2.8209e-05 0.00084707)
(0.000305289 -2.56777e-05 0.000738687)
(0.000159057 -2.02333e-05 0.000552328)
(0.000138743 -1.63197e-05 0.000475551)
(4.68504e-05 -1.06989e-05 0.000279025)
(2.90798e-06 -3.73748e-06 9.73449e-05)
(-2.05732e-05 -5.34233e-06 0.00016545)
(-7.07564e-05 -5.227e-06 0.000242856)
(-0.000113021 -3.70433e-06 0.000269715)
(-0.000141593 -3.56221e-06 0.000269069)
(-0.00015942 -3.842e-06 0.000252827)
(-0.000175687 -4.44512e-06 0.000237527)
(-0.000192088 -4.86346e-06 0.000222122)
(-0.000218944 -4.95819e-06 0.000215083)
(-0.000264115 -4.45456e-06 0.000216998)
(-0.000314657 -2.94848e-06 0.000211149)
(-0.000364274 -9.83182e-07 0.000192004)
(-0.000436913 1.03628e-06 0.00017004)
(-0.000486971 2.64892e-06 0.000125529)
(-0.000553861 3.88248e-06 7.11818e-05)
(-0.000596901 4.94024e-06 1.82557e-06)
(-0.000603835 5.70527e-06 -7.51991e-05)
(-0.000634741 1.27165e-06 -0.000160983)
(-0.000564901 -2.17877e-06 -0.000218646)
(-0.000441012 -2.32986e-06 -0.000241043)
(-0.000453217 -3.53211e-06 -0.000319371)
(-0.000385262 -4.01996e-06 -0.000350105)
(-0.000289852 -4.36632e-06 -0.000342519)
(-0.000155456 -3.16391e-06 -0.000246405)
(-9.63738e-05 -2.98624e-06 -0.00021174)
(-3.66271e-05 -1.91165e-06 -0.000122668)
(-1.11378e-05 -1.26355e-06 -7.53933e-05)
(2.70762e-08 -7.3408e-07 -4.50065e-05)
(1.01262e-05 -1.56517e-06 -7.1757e-05)
(3.45649e-05 -3.76107e-06 -0.000113159)
(0.000100357 -9.36275e-06 -0.000204501)
(0.000161775 -1.3126e-05 -0.000228409)
(0.00031165 -2.22499e-05 -0.000319622)
(0.000401148 -2.54663e-05 -0.0002956)
(0.000482553 -2.75105e-05 -0.000243035)
(0.000569815 -2.78385e-05 -0.000173394)
(0.000681268 -3.17104e-05 -9.36653e-05)
(0.000855945 8.37677e-06 4.26955e-05)
(0.000915543 7.00471e-05 -0.000137822)
(0.00112872 9.23216e-05 -0.00033116)
(0.00118622 9.83358e-05 -0.000506511)
(0.00106852 9.87124e-05 -0.000604877)
(0.000954639 6.30214e-05 -0.000642509)
(0.000828328 3.52508e-06 -0.000562877)
(0.000727141 -4.85122e-05 -0.000385366)
(0.000684656 -6.8438e-05 -0.000135141)
(0.000692568 -5.62046e-05 8.28143e-05)
(0.000761718 -4.42574e-05 0.000246298)
(0.000817979 -3.68219e-05 0.000402661)
(0.000858548 -3.15939e-05 0.000547214)
(0.000881349 -2.82817e-05 0.000679942)
(0.000874575 -2.53438e-05 0.000788459)
(0.000833146 -2.33616e-05 0.000861674)
(0.000762492 -2.28564e-05 0.000900853)
(0.000672143 -2.25818e-05 0.00091254)
(0.000558836 -2.15791e-05 0.000882879)
(0.000427538 -2.06261e-05 0.00080371)
(0.000284864 -1.96003e-05 0.000673733)
(0.000249426 -1.33236e-05 0.000579744)
(0.000141706 -1.31922e-05 0.000430375)
(5.48065e-05 -1.00728e-05 0.000259166)
(7.18801e-06 -4.56775e-06 0.000105411)
(-1.16849e-05 -4.48843e-06 0.000112542)
(-5.33593e-05 -5.471e-06 0.000183737)
(-8.17235e-05 -4.29932e-06 0.000195241)
(-9.89911e-05 -4.22755e-06 0.000187392)
(-0.000127543 -5.15874e-06 0.000197026)
(-0.00014137 -5.34412e-06 0.00018017)
(-0.00016566 -5.53176e-06 0.000174188)
(-0.000204218 -5.47759e-06 0.00017485)
(-0.000265568 -4.81778e-06 0.000180288)
(-0.000319533 -2.89546e-06 0.000166046)
(-0.000390572 -9.64957e-07 0.000145812)
(-0.000438467 6.76884e-07 0.000103467)
(-0.000501201 1.66533e-06 5.18165e-05)
(-0.000539757 3.23021e-06 -1.22931e-05)
(-0.000590875 3.47864e-06 -9.16547e-05)
(-0.000566625 -1.95859e-06 -0.00016172)
(-0.000495341 -4.42907e-06 -0.000211262)
(-0.000425425 -4.97177e-06 -0.000257042)
(-0.000376869 -5.09361e-06 -0.000292744)
(-0.00031161 -4.84456e-06 -0.000313681)
(-0.000231036 -4.27284e-06 -0.000303387)
(-0.000126304 -2.69808e-06 -0.000222629)
(-5.98655e-05 -1.80703e-06 -0.000149258)
(-2.63399e-05 -1.53018e-06 -0.000105304)
(-6.73904e-06 -1.26958e-06 -6.50637e-05)
(2.39202e-06 -1.50303e-06 -5.35149e-05)
(2.09162e-05 -4.05103e-06 -9.9822e-05)
(6.13126e-05 -8.04279e-06 -0.000157874)
(0.000146659 -1.47916e-05 -0.000252537)
(0.000213021 -1.72059e-05 -0.000265511)
(0.000372354 -2.46559e-05 -0.000342766)
(0.000442799 -2.51043e-05 -0.000297199)
(0.000511212 -2.55403e-05 -0.000234817)
(0.000587303 -2.54185e-05 -0.00015928)
(0.000692496 -2.99436e-05 -7.53756e-05)
(0.000881914 1.57136e-05 6.58682e-05)
(0.000912604 7.63923e-05 -0.000154986)
(0.00115981 9.28614e-05 -0.000357029)
(0.00119457 9.93318e-05 -0.000516027)
(0.00117847 0.00010967 -0.000675409)
(0.0009319 4.93129e-05 -0.000611396)
(0.000816473 -1.49121e-05 -0.000502968)
(0.000707502 -5.99139e-05 -0.000277325)
(0.000700717 -6.47413e-05 -2.98083e-05)
(0.000742544 -4.98978e-05 0.000146478)
(0.000806212 -3.99926e-05 0.000304951)
(0.000861602 -3.24596e-05 0.00045289)
(0.00090449 -2.73882e-05 0.000589634)
(0.000925032 -2.34572e-05 0.000709028)
(0.000917232 -2.00843e-05 0.000801838)
(0.000878769 -1.80038e-05 0.00086166)
(0.000816706 -1.70774e-05 0.000893774)
(0.000736401 -1.58902e-05 0.000902365)
(0.000634751 -1.42374e-05 0.000876914)
(0.000518254 -1.30098e-05 0.000815104)
(0.000392351 -1.28799e-05 0.000722425)
(0.000338741 -4.83751e-06 0.000624374)
(0.000241153 -6.65569e-06 0.00051433)
(0.000152637 -9.65706e-06 0.000392036)
(7.26738e-05 -1.02634e-05 0.000256496)
(1.62377e-05 -6.21799e-06 0.000121208)
(-4.20563e-06 -3.59642e-06 6.82016e-05)
(-3.41021e-05 -5.25779e-06 0.00012255)
(-5.29424e-05 -4.11889e-06 0.000127408)
(-8.18707e-05 -4.94333e-06 0.000151153)
(-0.00010288 -5.47323e-06 0.000149157)
(-0.000124674 -5.65311e-06 0.000143664)
(-0.000159218 -5.91354e-06 0.000145045)
(-0.000199499 -5.71985e-06 0.000140256)
(-0.000259994 -5.02285e-06 0.000134958)
(-0.000331623 -3.63278e-06 0.000118652)
(-0.000378292 -2.05252e-06 7.98617e-05)
(-0.000435696 -1.10956e-06 3.14516e-05)
(-0.000478767 9.04446e-07 -2.72358e-05)
(-0.000523341 -1.77087e-07 -0.000101522)
(-0.000485821 -5.13412e-06 -0.000162298)
(-0.000417336 -6.22663e-06 -0.000203876)
(-0.000341302 -5.58887e-06 -0.000237331)
(-0.000299389 -5.18931e-06 -0.000266661)
(-0.000238694 -4.56076e-06 -0.000272959)
(-0.000175393 -3.82189e-06 -0.000261066)
(-0.000100465 -2.91993e-06 -0.000201159)
(-4.268e-05 -2.59022e-06 -0.000123721)
(-1.62712e-05 -2.85009e-06 -8.68679e-05)
(-5.40209e-07 -2.20062e-06 -4.89626e-05)
(1.62146e-05 -5.17619e-06 -9.54807e-05)
(5.69887e-05 -9.61883e-06 -0.000163585)
(0.000117535 -1.36051e-05 -0.000225089)
(0.000214495 -1.84022e-05 -0.00030288)
(0.000283427 -1.892e-05 -0.000305334)
(0.000434617 -2.35857e-05 -0.000358698)
(0.0004826 -2.26182e-05 -0.000296479)
(0.000534403 -2.23805e-05 -0.000226589)
(0.000598124 -2.26428e-05 -0.000147861)
(0.000697424 -2.81969e-05 -6.20924e-05)
(0.000906773 2.14015e-05 8.1534e-05)
(0.000909857 8.08344e-05 -0.000171409)
(0.00106265 8.26037e-05 -0.000338394)
(0.00122717 0.000103229 -0.000532652)
(0.0012267 0.000110771 -0.00070657)
(0.000918546 3.25389e-05 -0.000576605)
(0.000802286 -3.45659e-05 -0.00042253)
(0.000766161 -7.09448e-05 -0.000179312)
(0.000740589 -5.93545e-05 5.40234e-05)
(0.000784399 -4.43984e-05 0.000211722)
(0.000842021 -3.53194e-05 0.000362372)
(0.000898937 -2.79928e-05 0.000503485)
(0.000942092 -2.28777e-05 0.000631636)
(0.000958346 -1.84104e-05 0.000736337)
(0.000948631 -1.49843e-05 0.000813386)
(0.000915759 -1.30114e-05 0.000863351)
(0.000865572 -1.17567e-05 0.000892487)
(0.000796097 -1.01745e-05 0.000899195)
(0.000704545 -8.46524e-06 0.000876374)
(0.000597413 -6.70719e-06 0.000823899)
(0.000477593 -5.17994e-06 0.000742499)
(0.000381243 7.96846e-07 0.000616061)
(0.000284113 1.86244e-06 0.00050904)
(0.000219503 -3.16936e-07 0.000418649)
(0.000165254 -5.54931e-06 0.000338851)
(9.55997e-05 -9.85853e-06 0.000238639)
(3.24748e-05 -8.48428e-06 0.00013042)
(6.57509e-07 -3.34306e-06 4.44581e-05)
(-1.80235e-05 -4.59426e-06 7.07077e-05)
(-4.03342e-05 -4.63194e-06 9.67009e-05)
(-5.79626e-05 -4.71761e-06 0.000101281)
(-8.50976e-05 -5.60686e-06 0.000111777)
(-0.000112323 -5.90395e-06 0.000112663)
(-0.000147247 -5.93483e-06 0.000109773)
(-0.000183184 -5.65861e-06 9.69864e-05)
(-0.000245485 -5.53434e-06 8.45088e-05)
(-0.000296111 -4.8081e-06 5.33921e-05)
(-0.00035253 -3.89736e-06 1.05212e-05)
(-0.000401141 -2.05796e-06 -4.33285e-05)
(-0.000437968 -4.44558e-06 -0.000111092)
(-0.000395822 -7.07537e-06 -0.000162175)
(-0.00033092 -5.89989e-06 -0.000192138)
(-0.000256773 -4.41989e-06 -0.000213149)
(-0.000222834 -4.16239e-06 -0.000232023)
(-0.000174519 -4.73032e-06 -0.000232241)
(-8.50607e-05 -4.56163e-06 -0.000146942)
(-5.24905e-05 -5.84569e-06 -0.000126735)
(-1.90208e-05 -5.55603e-06 -9.23732e-05)
(6.98279e-07 -3.53482e-06 -5.17201e-05)
(2.49284e-05 -8.16272e-06 -0.000119545)
(7.46524e-05 -1.26212e-05 -0.000197659)
(0.000136888 -1.51038e-05 -0.00025935)
(0.000243159 -1.91921e-05 -0.000356667)
(0.00029804 -1.79737e-05 -0.000351609)
(0.00044375 -2.13989e-05 -0.0004214)
(0.000483569 -1.98197e-05 -0.000364432)
(0.000513119 -1.88268e-05 -0.000294771)
(0.000549968 -1.87503e-05 -0.000221618)
(0.000602242 -1.9948e-05 -0.000142282)
(0.000695265 -2.68917e-05 -5.63494e-05)
(0.000930945 2.5119e-05 9.02052e-05)
(0.000902614 8.27928e-05 -0.000186014)
(0.00108892 8.15378e-05 -0.000351708)
(0.00127188 0.000108995 -0.000552597)
(0.00119329 9.75363e-05 -0.0006782)
(0.000908303 1.25015e-05 -0.000529334)
(0.000790832 -5.25299e-05 -0.000322885)
(0.000765705 -6.91599e-05 -5.80088e-05)
(0.000793819 -5.35969e-05 0.000127089)
(0.000815209 -3.9988e-05 0.00027585)
(0.000867503 -3.07884e-05 0.00041718)
(0.000927339 -2.36598e-05 0.000553092)
(0.000970387 -1.82185e-05 0.000672817)
(0.000981899 -1.33634e-05 0.000762621)
(0.000973143 -1.01203e-05 0.000827475)
(0.000950807 -8.23893e-06 0.000873359)
(0.000913297 -6.5911e-06 0.000900874)
(0.000852986 -4.92839e-06 0.000903011)
(0.000764875 -3.78198e-06 0.000872466)
(0.000656475 -2.70726e-06 0.000814036)
(0.000530544 -9.32483e-07 0.000730544)
(0.000489069 3.94241e-07 0.000680213)
(0.000360472 2.59909e-06 0.000554662)
(0.000274631 4.17247e-06 0.000447417)
(0.000223625 3.02347e-06 0.000364351)
(0.000189044 -2.45111e-06 0.000298903)
(0.000134728 -9.82285e-06 0.000223911)
(5.50773e-05 -1.0841e-05 0.000123647)
(7.06392e-06 -5.31029e-06 4.83377e-05)
(-9.94059e-06 -4.34882e-06 4.57265e-05)
(-2.87429e-05 -4.58169e-06 6.86367e-05)
(-4.21777e-05 -4.54844e-06 6.89224e-05)
(-5.79335e-05 -4.61648e-06 6.80533e-05)
(-8.28158e-05 -4.94019e-06 6.83721e-05)
(-0.000115902 -5.15785e-06 6.38225e-05)
(-0.000143686 -5.02658e-06 4.71083e-05)
(-0.000177894 -5.16247e-06 2.39589e-05)
(-0.000221751 -4.6815e-06 -7.22247e-06)
(-0.000301399 -4.17952e-06 -5.74414e-05)
(-0.000324361 -5.79301e-06 -0.000113673)
(-0.000292591 -5.86913e-06 -0.000153452)
(-0.00025064 -4.69259e-06 -0.000180328)
(-0.000153104 -6.0398e-06 -0.000154316)
(-0.00011225 -7.65436e-06 -0.000138593)
(-8.04335e-05 -9.79444e-06 -0.00013402)
(-3.82584e-05 -9.47675e-06 -0.000114509)
(-4.20032e-06 -5.40105e-06 -6.22421e-05)
(1.42147e-05 -7.85897e-06 -9.75816e-05)
(5.88007e-05 -1.2713e-05 -0.000185787)
(0.000119434 -1.48297e-05 -0.000262738)
(0.000180559 -1.45992e-05 -0.000314607)
(0.000288201 -1.66836e-05 -0.000416547)
(0.000397808 -1.76654e-05 -0.000487254)
(0.000462122 -1.68761e-05 -0.000478883)
(0.000501809 -1.58173e-05 -0.000435568)
(0.000516166 -1.49712e-05 -0.000366494)
(0.000532185 -1.45793e-05 -0.000295404)
(0.000556758 -1.5133e-05 -0.000222243)
(0.000598845 -1.76961e-05 -0.000144075)
(0.000685389 -2.69901e-05 -5.88531e-05)
(0.000934571 2.62217e-05 9.68375e-05)
(0.000889984 8.27658e-05 -0.000199039)
(0.00110802 7.92328e-05 -0.000353348)
(0.00135015 0.000118466 -0.000587106)
(0.00100522 6.83418e-05 -0.00055363)
(0.000899099 -1.01355e-05 -0.000464164)
(0.000786731 -6.45789e-05 -0.000207794)
(0.000798291 -6.53809e-05 3.796e-05)
(0.000850973 -4.96099e-05 0.000204714)
(0.000827473 -3.57733e-05 0.000332699)
(0.000891747 -2.74266e-05 0.000473051)
(0.000951175 -2.01303e-05 0.000603435)
(0.000993612 -1.41422e-05 0.00071523)
(0.0010011 -9.07019e-06 0.00079181)
(0.000994674 -5.92798e-06 0.000847403)
(0.000979925 -3.79346e-06 0.000888182)
(0.000946596 -1.61355e-06 0.000906467)
(0.000892599 2.73308e-07 0.000899776)
(0.000844199 1.12497e-06 0.000895534)
(0.000805941 9.71639e-07 0.000905447)
(0.00067165 7.43091e-07 0.000816702)
(0.000597127 2.75883e-06 0.000689718)
(0.000468811 1.03956e-06 0.000573635)
(0.000357807 1.51486e-06 0.000458335)
(0.000330187 3.27663e-06 0.000429982)
(0.00026841 3.31866e-06 0.000335038)
(0.000204507 -7.77968e-07 0.000231387)
(0.000173834 -9.44591e-06 0.00018367)
(9.34654e-05 -1.50718e-05 0.000122987)
(1.52637e-05 -7.56324e-06 4.76179e-05)
(-6.17256e-06 -4.33133e-06 3.42554e-05)
(-1.3812e-05 -2.8301e-06 3.58867e-05)
(-2.32991e-05 -2.84763e-06 3.74349e-05)
(-3.69278e-05 -3.06043e-06 3.72273e-05)
(-5.7147e-05 -3.31219e-06 3.38231e-05)
(-7.24263e-05 -3.0548e-06 2.18039e-05)
(-0.000100292 -3.20973e-06 5.67392e-06)
(-0.000127708 -2.51581e-06 -1.95745e-05)
(-0.000183933 -3.9312e-06 -6.00526e-05)
(-0.000218507 -8.42156e-06 -0.000107771)
(-0.000220172 -1.41307e-05 -0.00014859)
(-0.000139987 -1.26388e-05 -0.000126647)
(-6.4032e-05 -1.14684e-05 -0.000110368)
(-2.82237e-05 -1.03952e-05 -9.85094e-05)
(-2.26602e-07 -4.94472e-06 -5.00827e-05)
(2.18083e-05 -1.01162e-05 -0.000117083)
(6.66757e-05 -1.40593e-05 -0.000204299)
(0.000121872 -1.46883e-05 -0.00028012)
(0.000177066 -1.30688e-05 -0.000335614)
(0.000226215 -1.08157e-05 -0.00036907)
(0.000325697 -1.09206e-05 -0.000466233)
(0.000418682 -1.08306e-05 -0.000528484)
(0.000472466 -1.05512e-05 -0.000524598)
(0.000513875 -1.05505e-05 -0.000497949)
(0.00053152 -1.04525e-05 -0.000442848)
(0.0005314 -1.04985e-05 -0.000370759)
(0.000538449 -1.07252e-05 -0.000300988)
(0.000553361 -1.217e-05 -0.000229335)
(0.000587562 -1.64237e-05 -0.000153242)
(0.000671139 -2.86803e-05 -6.91558e-05)
(0.000986009 2.92597e-05 0.000107031)
(0.00087317 7.99188e-05 -0.000208298)
(0.00112235 7.75705e-05 -0.000343165)
(0.00128461 0.000114972 -0.000560704)
(0.00100084 4.97974e-05 -0.000526257)
(0.000891142 -3.41678e-05 -0.000376925)
(0.000798762 -6.98081e-05 -8.44528e-05)
(0.00085308 -6.0251e-05 0.000117458)
(0.000907523 -4.74586e-05 0.000285338)
(0.000890238 -3.46857e-05 0.000409917)
(0.000939959 -2.60055e-05 0.000543201)
(0.000968826 -1.75757e-05 0.000651168)
(0.00102234 -1.14389e-05 0.000764554)
(0.00102245 -6.2485e-06 0.000827419)
(0.0010172 -3.0475e-06 0.000874887)
(0.00100374 -2.7708e-07 0.000907079)
(0.000973067 2.49912e-06 0.000916768)
(0.000950489 5.1443e-06 0.000927782)
(0.00100595 7.65749e-06 0.00101132)
(0.000938917 7.80096e-06 0.000970002)
(0.00083545 6.32127e-06 0.000898686)
(0.000679323 1.13603e-05 0.000687553)
(0.000594843 8.20141e-06 0.000589366)
(0.000507497 4.92366e-06 0.000490402)
(0.000423093 2.82637e-06 0.000395519)
(0.000349806 2.14011e-06 0.000310998)
(0.000289603 2.22923e-06 0.000237762)
(0.000261796 -1.04695e-07 0.000187415)
(0.000235586 -9.94311e-06 0.000148022)
(0.000127761 -1.85482e-05 0.000100025)
(1.88306e-05 -1.01361e-05 3.9055e-05)
(-7.45106e-06 -6.30936e-06 2.78637e-05)
(-1.41086e-05 -5.38883e-06 2.7195e-05)
(-2.27451e-05 -6.16713e-06 2.41859e-05)
(-3.37645e-05 -5.20506e-06 1.76865e-05)
(-4.85136e-05 -6.68487e-06 9.22876e-06)
(-6.41231e-05 -8.26998e-06 -5.44554e-06)
(-0.00010905 -1.4498e-05 -3.43968e-05)
(-0.000135428 -2.13508e-05 -7.08724e-05)
(-0.000100805 -2.0977e-05 -9.37784e-05)
(-4.5708e-05 -1.55144e-05 -9.23684e-05)
(-7.03854e-06 -7.76237e-06 -5.90527e-05)
(1.67492e-05 -9.66472e-06 -9.65846e-05)
(5.37436e-05 -1.38414e-05 -0.000177409)
(0.00010202 -1.43215e-05 -0.000256098)
(0.00015144 -1.2644e-05 -0.000319967)
(0.00019738 -1.00327e-05 -0.000367895)
(0.000238402 -7.62088e-06 -0.000401419)
(0.000274891 -5.5029e-06 -0.000422993)
(0.000365563 -4.95375e-06 -0.000514992)
(0.000443839 -4.73994e-06 -0.000572748)
(0.000484272 -4.80648e-06 -0.000568855)
(0.000520096 -5.28364e-06 -0.000551547)
(0.000543588 -5.8547e-06 -0.000514602)
(0.00054765 -6.3131e-06 -0.000455232)
(0.000539586 -6.87131e-06 -0.00038361)
(0.000538246 -7.75571e-06 -0.000314448)
(0.000545061 -1.04232e-05 -0.000243929)
(0.000574252 -1.65569e-05 -0.000169558)
(0.000666406 -3.24873e-05 -8.68289e-05)
(0.000995694 2.9684e-05 0.000112554)
(0.00086942 7.66829e-05 -0.000217765)
(0.00113913 7.73961e-05 -0.000322421)
(0.00126617 0.000112854 -0.000557252)
(0.000996091 2.58877e-05 -0.000485717)
(0.000896376 -5.55735e-05 -0.000268636)
(0.000828232 -6.98775e-05 2.0023e-05)
(0.000930281 -5.73689e-05 0.000204528)
(0.00092673 -4.38466e-05 0.00035323)
(0.000950844 -3.38938e-05 0.000488227)
(0.000997218 -2.5257e-05 0.000619955)
(0.00101825 -1.64924e-05 0.000720125)
(0.00105774 -1.01204e-05 0.00081977)
(0.0010544 -5.03725e-06 0.000873809)
(0.00113543 -1.55322e-06 0.000990275)
(0.00113791 2.45941e-06 0.00103273)
(0.00110731 6.26456e-06 0.00103714)
(0.00108515 1.00687e-05 0.00104148)
(0.00104456 1.35684e-05 0.00101812)
(0.00100135 1.59085e-05 0.000981322)
(0.000819015 1.36785e-05 0.000810312)
(0.000734439 1.92584e-05 0.000693577)
(0.000666596 1.85713e-05 0.000596133)
(0.000611675 1.64639e-05 0.000502217)
(0.000563745 1.36233e-05 0.000412263)
(0.000512437 1.03005e-05 0.000325667)
(0.000438957 7.38133e-06 0.000241015)
(0.000380848 5.87847e-06 0.000177203)
(0.000336038 3.59007e-06 0.00012939)
(0.000295294 -5.74478e-06 8.77783e-05)
(0.000205935 -1.75098e-05 5.28743e-05)
(9.88325e-05 -1.8928e-05 1.7805e-05)
(3.02908e-05 -1.23201e-05 5.67385e-06)
(2.13309e-05 -1.0627e-05 -5.4705e-06)
(-1.31162e-06 -5.71348e-06 -3.45772e-06)
(1.55525e-06 -5.805e-06 -1.34118e-05)
(5.16831e-06 -7.65798e-06 -2.66583e-05)
(1.22871e-05 -9.82018e-06 -4.72038e-05)
(3.3585e-05 -1.45296e-05 -9.33415e-05)
(7.06383e-05 -1.955e-05 -0.000164014)
(0.000105578 -1.99615e-05 -0.000226539)
(0.000139894 -1.7182e-05 -0.000283418)
(0.000193017 -1.31686e-05 -0.000349697)
(0.000200725 -8.89099e-06 -0.000367096)
(0.000225325 -5.78362e-06 -0.000394538)
(0.000254997 -3.62137e-06 -0.000422786)
(0.000285041 -2.26966e-06 -0.000446468)
(0.000313765 -1.39628e-06 -0.000464344)
(0.000398806 -1.01106e-06 -0.00055726)
(0.000469515 -6.71683e-07 -0.000616896)
(0.000500727 -8.95662e-07 -0.000616433)
(0.000529706 -1.48247e-06 -0.000605238)
(0.000552308 -2.25921e-06 -0.000579781)
(0.00055966 -3.06439e-06 -0.000533389)
(0.00055227 -3.94563e-06 -0.00047032)
(0.000537308 -5.07315e-06 -0.000399378)
(0.000532175 -6.96619e-06 -0.000333365)
(0.000533938 -1.1131e-05 -0.000264462)
(0.000562308 -1.93706e-05 -0.000191869)
(0.000540648 -3.14763e-05 -8.93904e-05)
(0.000701001 1.77657e-05 8.08529e-05)
(0.000863961 7.27102e-05 -0.000222057)
(0.00116767 7.89178e-05 -0.000299468)
(0.00122264 0.000101232 -0.000539517)
(0.000993748 -2.03635e-06 -0.000427218)
(0.000928352 -6.98916e-05 -0.000142533)
(0.00087772 -6.73773e-05 0.00010155)
(0.000885298 -5.0568e-05 0.000260521)
(0.00102186 -4.51437e-05 0.000449857)
(0.00101004 -3.3948e-05 0.000565937)
(0.00110524 -2.67581e-05 0.000728442)
(0.00106652 -1.70843e-05 0.000784759)
(0.00111162 -1.12114e-05 0.000884708)
(0.00115793 -6.49608e-06 0.000976286)
(0.00118818 -1.66534e-06 0.00104705)
(0.00119101 3.72249e-06 0.00108476)
(0.00116346 8.66655e-06 0.00108636)
(0.00111301 1.32569e-05 0.00105786)
(0.00106836 1.80338e-05 0.00102382)
(0.0010281 2.22164e-05 0.000979576)
(0.00087662 2.15909e-05 0.00082875)
(0.000782248 2.46467e-05 0.000712112)
(0.000713191 2.52365e-05 0.000608122)
(0.000666827 2.53937e-05 0.000513965)
(0.000628624 2.51455e-05 0.000422333)
(0.00059115 2.3674e-05 0.000333478)
(0.000536707 2.05246e-05 0.000244391)
(0.000485317 1.76225e-05 0.000169155)
(0.00044016 1.60668e-05 0.000111544)
(0.000374805 1.42436e-05 6.36063e-05)
(0.000302721 7.68951e-06 2.41922e-05)
(0.000262204 -1.22648e-06 -1.24329e-05)
(0.000237473 -9.79742e-06 -5.28813e-05)
(0.000226565 -1.28543e-05 -9.6766e-05)
(0.000259542 -2.04915e-05 -0.000160037)
(0.000288842 -2.00686e-05 -0.000227898)
(0.000276428 -1.66335e-05 -0.000265468)
(0.000260741 -1.26933e-05 -0.000297365)
(0.000257398 -8.2393e-06 -0.000337947)
(0.000258424 -3.96751e-06 -0.000371896)
(0.000209442 -5.1482e-07 -0.000315929)
(0.00024779 2.06947e-06 -0.000383384)
(0.000303058 4.46402e-06 -0.000443215)
(0.000330249 4.01272e-06 -0.000480997)
(0.000355442 3.53394e-06 -0.00051088)
(0.000413745 3.47294e-06 -0.00058346)
(0.000476599 3.31577e-06 -0.00065655)
(0.000494638 2.9612e-06 -0.000663012)
(0.000518711 2.88574e-06 -0.000672609)
(0.000541347 2.94954e-06 -0.000674959)
(0.000561863 2.69373e-06 -0.000668014)
(0.000579759 2.19774e-06 -0.000650492)
(0.000590895 1.4331e-06 -0.000618446)
(0.000591428 5.04886e-07 -0.000569967)
(0.000495179 -8.58305e-07 -0.000432744)
(0.000493086 -2.68047e-06 -0.000383052)
(0.000506277 -5.62551e-06 -0.00033883)
(0.000506159 -1.06702e-05 -0.000274837)
(0.000592372 -2.10492e-05 -0.000229618)
(0.000572495 -3.45058e-05 -0.000116347)
(0.000716712 1.43409e-05 7.3308e-05)
(0.000893526 7.14762e-05 -0.000220606)
(0.00124283 8.52635e-05 -0.000283824)
(0.00126336 8.68165e-05 -0.000518359)
(0.00100525 -2.50143e-05 -0.000337455)
(0.00096362 -7.35621e-05 -1.77483e-05)
(0.000954575 -5.98517e-05 0.0001812)
(0.000996039 -4.85085e-05 0.000349608)
(0.00105957 -4.00545e-05 0.000512054)
(0.00102167 -2.88595e-05 0.000605214)
(0.00107347 -2.16735e-05 0.000731177)
(0.00113725 -1.58768e-05 0.000852986)
(0.00117028 -1.05956e-05 0.000940655)
(0.00119336 -5.59732e-06 0.00100893)
(0.00123274 -2.06085e-07 0.00108232)
(0.00124493 5.47057e-06 0.0011238)
(0.00109112 9.73049e-06 0.00100581)
(0.00104325 1.45724e-05 0.00097754)
(0.00097605 1.95345e-05 0.000922381)
(0.00100717 2.56679e-05 0.000945005)
(0.00093052 2.732e-05 0.000863992)
(0.000820581 2.63476e-05 0.000729186)
(0.000747593 2.66838e-05 0.000621006)
(0.000697991 2.73902e-05 0.000525717)
(0.000654365 2.80712e-05 0.000430676)
(0.000618159 2.81676e-05 0.000340406)
(0.000572325 2.72696e-05 0.000250413)
(0.000523591 2.5751e-05 0.000170653)
(0.000471664 2.39898e-05 0.000107308)
(0.000398697 2.27348e-05 5.32298e-05)
(0.000325302 2.08531e-05 7.26894e-06)
(0.000297551 1.57525e-05 -3.80611e-05)
(0.000268589 1.02305e-05 -7.76374e-05)
(0.00034639 8.28153e-06 -0.000156641)
(0.000348821 8.48555e-06 -0.00021372)
(0.000350107 1.01974e-05 -0.000264327)
(0.000347444 1.04556e-05 -0.000306352)
(0.000366829 1.0417e-05 -0.000366555)
(0.000378714 1.0054e-05 -0.00042121)
(0.000387654 9.6446e-06 -0.000470426)
(0.000395427 9.68245e-06 -0.000510449)
(0.000398267 1.04842e-05 -0.000541499)
(0.000444334 1.23241e-05 -0.000601653)
(0.000486943 1.20646e-05 -0.000665718)
(0.000519656 1.03595e-05 -0.00070547)
(0.000541586 8.48117e-06 -0.000727342)
(0.00055772 7.30463e-06 -0.000739575)
(0.000568301 6.20648e-06 -0.000742525)
(0.000574638 5.42519e-06 -0.000736627)
(0.000579565 4.87041e-06 -0.000724332)
(0.000583817 4.45138e-06 -0.000705283)
(0.000586246 3.97646e-06 -0.000677332)
(0.000582332 3.17267e-06 -0.000636213)
(0.000571391 2.24519e-06 -0.000582912)
(0.00055743 9.56656e-07 -0.0005226)
(0.000537379 -1.59604e-06 -0.000456103)
(0.000524204 -5.57748e-06 -0.000391691)
(0.000529336 -1.15856e-05 -0.00032862)
(0.000561395 -2.12228e-05 -0.000257362)
(0.000493271 -3.25074e-05 -0.000125331)
(0.000623484 9.5459e-06 5.94049e-05)
(0.000848315 6.73796e-05 -0.00020576)
(0.00123509 8.96408e-05 -0.000268037)
(0.00107167 5.73065e-05 -0.000415167)
(0.000997646 -4.41216e-05 -0.000229692)
(0.000981941 -7.07156e-05 8.48913e-05)
(0.00098258 -5.05666e-05 0.000259428)
(0.00108032 -4.30763e-05 0.000447843)
(0.00132564 -4.01661e-05 0.000711615)
(0.00109913 -2.43616e-05 0.00069968)
(0.00111686 -1.72293e-05 0.000800885)
(0.00126518 -1.42716e-05 0.000987687)
(0.00126537 -8.52773e-06 0.00104978)
(0.00132192 -2.71917e-06 0.00114553)
(0.00129275 3.29489e-06 0.0011547)
(0.00129307 8.60866e-06 0.00117967)
(0.00126211 1.33583e-05 0.0011701)
(0.00106615 1.57682e-05 0.00100242)
(0.00099272 2.00233e-05 0.000945601)
(0.000922087 2.38218e-05 0.000871772)
(0.000944978 2.80499e-05 0.000872093)
(0.000945254 2.87387e-05 0.00080387)
(0.000827772 2.745e-05 0.000654278)
(0.000771049 2.79882e-05 0.000550104)
(0.000721545 2.81341e-05 0.000449218)
(0.000677865 2.78664e-05 0.000354538)
(0.000621959 2.71374e-05 0.000261528)
(0.000561406 2.63835e-05 0.000178126)
(0.000510212 2.57692e-05 0.000108897)
(0.000427784 2.6355e-05 5.02222e-05)
(0.000356062 2.6269e-05 -5.69073e-07)
(0.000359213 2.25901e-05 -5.65137e-05)
(0.00044873 2.29122e-05 -0.000124536)
(0.000473961 2.02669e-05 -0.000195823)
(0.000482288 1.94717e-05 -0.000264202)
(0.000460936 1.91894e-05 -0.000312066)
(0.000460312 1.95347e-05 -0.000367992)
(0.000465589 1.96644e-05 -0.000424796)
(0.000471965 1.93265e-05 -0.000480917)
(0.000477654 1.81709e-05 -0.000532823)
(0.000488808 1.66458e-05 -0.000583915)
(0.000477996 1.43811e-05 -0.000607659)
(0.000524444 1.49221e-05 -0.000675348)
(0.000577179 1.37512e-05 -0.000756914)
(0.000600123 1.24644e-05 -0.000791766)
(0.000620818 1.03427e-05 -0.000816726)
(0.000625095 8.83229e-06 -0.000818859)
(0.000624674 7.59543e-06 -0.000812686)
(0.000621218 6.35839e-06 -0.000799632)
(0.000615992 5.24514e-06 -0.00077955)
(0.000610952 4.36566e-06 -0.000753748)
(0.000603944 3.44325e-06 -0.000719418)
(0.00059013 2.1656e-06 -0.000671669)
(0.000488367 5.2981e-07 -0.000524999)
(0.000474559 -9.41614e-07 -0.00047578)
(0.000471904 -3.44386e-06 -0.000434041)
(0.000521779 -8.26809e-06 -0.000427859)
(0.000520817 -1.49027e-05 -0.000361483)
(0.000452417 -2.11573e-05 -0.000236562)
(0.000458631 -3.60181e-05 -0.000133538)
(0.000590887 2.97186e-06 5.0867e-05)
(0.00084941 6.39468e-05 -0.000191026)
(0.00124694 9.34478e-05 -0.000267284)
(0.00107906 3.30858e-05 -0.000375051)
(0.00101615 -6.02309e-05 -0.000103146)
(0.00100734 -6.44307e-05 0.000170895)
(0.00103038 -4.65073e-05 0.000345528)
(0.00115014 -3.98351e-05 0.000546057)
(0.00138917 -3.59652e-05 0.000815135)
(0.00137163 -2.60214e-05 0.000929192)
(0.00135219 -1.96645e-05 0.00101495)
(0.00139492 -1.6056e-05 0.00112865)
(0.00140897 -1.03175e-05 0.00120373)
(0.00141046 -3.34722e-06 0.00125224)
(0.00141071 3.7655e-06 0.00128437)
(0.00134797 9.77904e-06 0.00124528)
(0.00132713 1.47213e-05 0.00123688)
(0.00125893 1.77454e-05 0.00118338)
(0.00105333 1.9053e-05 0.000999639)
(0.00097771 2.34228e-05 0.000916679)
(0.000986504 2.78154e-05 0.000881779)
(0.0010126 2.98699e-05 0.000839693)
(0.000910233 2.96759e-05 0.000696852)
(0.000843379 3.01131e-05 0.000578414)
(0.000794873 3.01346e-05 0.000471949)
(0.000756583 2.95321e-05 0.000373615)
(0.0007129 2.83548e-05 0.000280619)
(0.000640053 2.60732e-05 0.000189566)
(0.000549831 2.39615e-05 0.000111183)
(0.000422059 2.53683e-05 5.19387e-05)
(0.000348513 2.61327e-05 -6.66746e-06)
(0.000375415 2.61988e-05 -6.38029e-05)
(0.000496756 3.03489e-05 -0.000144315)
(0.000543626 2.94147e-05 -0.000224705)
(0.000520698 2.63315e-05 -0.000282305)
(0.000505878 2.52121e-05 -0.000340439)
(0.00049262 2.47077e-05 -0.000394552)
(0.000491048 2.40591e-05 -0.00045212)
(0.000494211 2.29195e-05 -0.000510121)
(0.000510708 2.17803e-05 -0.000574971)
(0.00053273 2.01804e-05 -0.000636695)
(0.000504124 1.64615e-05 -0.00062826)
(0.000514569 1.55503e-05 -0.000661355)
(0.000654029 1.60649e-05 -0.000849435)
(0.000669165 1.47614e-05 -0.000878504)
(0.000680534 1.32113e-05 -0.000897667)
(0.000671652 1.12816e-05 -0.000889951)
(0.000662941 9.709e-06 -0.000878248)
(0.00065139 7.813e-06 -0.000859076)
(0.000638792 5.92028e-06 -0.00083339)
(0.000626213 4.22353e-06 -0.000801708)
(0.000611501 2.52102e-06 -0.000761407)
(0.000593121 6.17677e-07 -0.000711223)
(0.000576748 -1.38711e-06 -0.000658821)
(0.000552333 -3.94183e-06 -0.000593719)
(0.000534036 -7.32627e-06 -0.000531548)
(0.000523739 -1.16525e-05 -0.000470529)
(0.000530455 -1.90054e-05 -0.000408662)
(0.000432632 -2.41728e-05 -0.000254642)
(0.000451009 -4.01665e-05 -0.000150013)
(0.00062271 -2.42204e-06 4.43765e-05)
(0.000830679 6.1596e-05 -0.000169976)
(0.00124488 9.65381e-05 -0.000277333)
(0.00107923 7.30305e-06 -0.000313586)
(0.00103946 -6.98006e-05 1.92889e-05)
(0.00102727 -5.72718e-05 0.000256582)
(0.00106682 -4.22221e-05 0.000433858)
(0.00119705 -3.55847e-05 0.000640932)
(0.00143454 -3.15571e-05 0.00091353)
(0.00143469 -2.38043e-05 0.00103011)
(0.00142714 -1.95037e-05 0.00111863)
(0.00145115 -1.68829e-05 0.00121375)
(0.00147454 -1.17878e-05 0.00129346)
(0.00149519 -5.22608e-06 0.00135702)
(0.00149222 2.27931e-06 0.0013843)
(0.00148024 9.85959e-06 0.00138789)
(0.00139575 1.5576e-05 0.00131082)
(0.0013424 1.94244e-05 0.00125765)
(0.00125748 2.1849e-05 0.00117629)
(0.00113416 2.46918e-05 0.00104344)
(0.00105596 2.82502e-05 0.000927276)
(0.0010525 2.97113e-05 0.000848349)
(0.000983155 3.0641e-05 0.000727236)
(0.000924032 3.16547e-05 0.000609334)
(0.000873768 3.20851e-05 0.000495901)
(0.000837476 3.23066e-05 0.000390512)
(0.000802004 3.15519e-05 0.000292232)
(0.000758316 2.95951e-05 0.000200287)
(0.000663133 2.51134e-05 0.000111624)
(0.000481212 2.41122e-05 4.50225e-05)
(0.000400235 2.42725e-05 -2.40671e-05)
(0.000406674 2.40399e-05 -7.8763e-05)
(0.000517877 3.08541e-05 -0.000163688)
(0.000606411 3.33793e-05 -0.00026616)
(0.000588808 2.93503e-05 -0.00033048)
(0.000570384 2.61408e-05 -0.000391627)
(0.000549118 2.40906e-05 -0.0004467)
(0.000563066 2.35526e-05 -0.000522513)
(0.000582085 2.22261e-05 -0.000600708)
(0.000603736 2.07346e-05 -0.000676679)
(0.0006548 1.99279e-05 -0.000768364)
(0.000697876 2.00551e-05 -0.000853198)
(0.000698197 1.7272e-05 -0.0009001)
(0.000720142 1.54819e-05 -0.000944186)
(0.000716364 1.35824e-05 -0.000954675)
(0.000713161 1.27464e-05 -0.000961386)
(0.000704667 1.11276e-05 -0.000957624)
(0.000692261 9.21626e-06 -0.0009445)
(0.000676793 6.81416e-06 -0.000922271)
(0.000660086 4.20739e-06 -0.000892763)
(0.000642918 1.76003e-06 -0.000856706)
(0.000624733 -5.1594e-07 -0.000813441)
(0.000604955 -2.70964e-06 -0.000762909)
(0.000584429 -4.9378e-06 -0.000706961)
(0.000567641 -7.35824e-06 -0.000650035)
(0.000547997 -1.04094e-05 -0.000586085)
(0.000533451 -1.4433e-05 -0.000519999)
(0.000545848 -2.21112e-05 -0.000461918)
(0.000433968 -2.70767e-05 -0.0002843)
(0.000449401 -4.2559e-05 -0.000170068)
(0.000607512 -8.18017e-06 2.63116e-05)
(0.00080577 5.89754e-05 -0.000143889)
(0.00121206 9.45971e-05 -0.000287375)
(0.00108703 -1.83699e-05 -0.000226553)
(0.00105571 -7.11962e-05 0.000128974)
(0.00104656 -5.11417e-05 0.000344953)
(0.00110255 -3.72183e-05 0.000527123)
(0.00122463 -2.9885e-05 0.000729923)
(0.00148635 -2.67822e-05 0.0010209)
(0.00149113 -2.08692e-05 0.00113111)
(0.00147615 -1.77323e-05 0.00120506)
(0.00150043 -1.55346e-05 0.00129264)
(0.00154719 -1.15191e-05 0.00138626)
(0.00155992 -6.05096e-06 0.00143727)
(0.00156917 5.50147e-07 0.00147221)
(0.00156417 8.09562e-06 0.00147946)
(0.00153599 1.55335e-05 0.00145047)
(0.00145336 2.08529e-05 0.00135898)
(0.0013876 2.47405e-05 0.00127941)
(0.00129635 2.78686e-05 0.00116437)
(0.00118164 3.00614e-05 0.00101423)
(0.0011087 3.1527e-05 0.000872332)
(0.00106267 3.35629e-05 0.000763355)
(0.0010098 3.45219e-05 0.000644044)
(0.000954739 3.48168e-05 0.000521957)
(0.000901951 3.5198e-05 0.000405803)
(0.000862345 3.51214e-05 0.000300354)
(0.000819877 3.3933e-05 0.000201145)
(0.000745099 2.95336e-05 0.000106959)
(0.000540332 2.6396e-05 3.37065e-05)
(0.000456838 2.54381e-05 -4.45635e-05)
(0.000484028 2.31194e-05 -0.000109588)
(0.000650696 3.07164e-05 -0.000228772)
(0.000705788 3.3525e-05 -0.000333879)
(0.000679363 3.10349e-05 -0.000401819)
(0.00067417 2.89498e-05 -0.000476123)
(0.000674677 2.71895e-05 -0.000553493)
(0.000686647 2.61391e-05 -0.00063865)
(0.000702799 2.4983e-05 -0.000723537)
(0.000721742 2.29033e-05 -0.000806091)
(0.000771931 2.26343e-05 -0.000903825)
(0.000790978 2.16155e-05 -0.000971366)
(0.000807401 1.8411e-05 -0.00102524)
(0.000791575 1.57399e-05 -0.00104089)
(0.000776193 1.34223e-05 -0.00104928)
(0.000758577 1.16691e-05 -0.00104685)
(0.000738683 9.86538e-06 -0.00103433)
(0.000718882 7.8009e-06 -0.00101459)
(0.000699324 5.28504e-06 -0.000988164)
(0.000680492 2.3872e-06 -0.00095618)
(0.000660578 -4.01279e-07 -0.000916714)
(0.000641708 -3.1507e-06 -0.000873195)
(0.000623305 -5.36936e-06 -0.000824827)
(0.000609425 -7.52412e-06 -0.000775903)
(0.000587332 -9.61551e-06 -0.00071308)
(0.000561978 -1.17893e-05 -0.0006422)
(0.000541975 -1.55078e-05 -0.000570657)
(0.000544953 -2.3343e-05 -0.000504734)
(0.000435215 -2.88512e-05 -0.000316765)
(0.000446444 -4.32728e-05 -0.000194051)
(0.000579121 -1.45856e-05 -1.63332e-06)
(0.00068606 4.92029e-05 -0.000104062)
(0.00113917 8.52714e-05 -0.00028861)
(0.00109717 -4.20394e-05 -0.000116524)
(0.00105146 -6.63572e-05 0.000223204)
(0.00106399 -4.58053e-05 0.000437786)
(0.00113387 -3.12453e-05 0.000625596)
(0.0012403 -2.3591e-05 0.000817876)
(0.00151702 -2.09413e-05 0.00112317)
(0.0015626 -1.67769e-05 0.00125465)
(0.00156277 -1.42979e-05 0.00133195)
(0.0015797 -1.15904e-05 0.00140414)
(0.00160767 -8.33292e-06 0.00147161)
(0.00164302 -4.08173e-06 0.00153417)
(0.00164733 1.20136e-06 0.00155622)
(0.00164687 7.40624e-06 0.00156188)
(0.00163205 1.43462e-05 0.00154115)
(0.00159697 2.10814e-05 0.00148934)
(0.0015237 2.65572e-05 0.00139217)
(0.00124022 2.63184e-05 0.00109684)
(0.00116452 2.92939e-05 0.000981421)
(0.00120819 3.47056e-05 0.000931808)
(0.00114895 3.79384e-05 0.000806917)
(0.00109898 3.92643e-05 0.00068365)
(0.00104974 3.9659e-05 0.00055847)
(0.000991037 3.91579e-05 0.000431537)
(0.000936399 3.87522e-05 0.000312474)
(0.000891718 3.84199e-05 0.000204402)
(0.000830599 3.54251e-05 0.000101371)
(0.00061358 3.02561e-05 1.72226e-05)
(0.000538708 2.89989e-05 -7.17979e-05)
(0.000566395 2.5601e-05 -0.000146735)
(0.000785443 3.26534e-05 -0.000299879)
(0.000813057 3.44075e-05 -0.000408982)
(0.000793579 3.36164e-05 -0.000491484)
(0.000782117 3.29068e-05 -0.000570913)
(0.000781522 3.25395e-05 -0.000655594)
(0.000795561 3.21112e-05 -0.000750662)
(0.00079917 3.0538e-05 -0.000834991)
(0.000817632 2.75406e-05 -0.000925347)
(0.000851027 2.611e-05 -0.0010161)
(0.000842622 2.4844e-05 -0.0010642)
(0.000839642 2.24879e-05 -0.00110364)
(0.000831859 1.83136e-05 -0.00113109)
(0.000814863 1.41175e-05 -0.00114075)
(0.000643335 8.71556e-06 -0.000922085)
(0.000751225 8.3025e-06 -0.00109339)
(0.000733974 6.10659e-06 -0.00107777)
(0.000714797 3.81905e-06 -0.00105187)
(0.00069726 8.94016e-07 -0.00102179)
(0.000678466 -1.70603e-06 -0.000983849)
(0.000666355 -3.95196e-06 -0.000947522)
(0.000649638 -6.26726e-06 -0.000900822)
(0.000627051 -7.69982e-06 -0.000841071)
(0.000599163 -9.13906e-06 -0.000770827)
(0.000567279 -1.11431e-05 -0.000693362)
(0.00054061 -1.50542e-05 -0.000616042)
(0.00053347 -2.32392e-05 -0.000541674)
(0.000434815 -2.97528e-05 -0.00035291)
(0.000435919 -4.22936e-05 -0.000220218)
(0.000539917 -2.05431e-05 -3.84379e-05)
(0.00066739 4.61508e-05 -8.65788e-05)
(0.00105635 6.99785e-05 -0.000277113)
(0.00109362 -6.15131e-05 -1.39089e-06)
(0.00103843 -6.0828e-05 0.000312998)
(0.00108238 -4.0451e-05 0.000537011)
(0.00116431 -2.52232e-05 0.000732673)
(0.00125856 -1.73374e-05 0.000916563)
(0.00140537 -1.29934e-05 0.00112513)
(0.00161255 -1.04722e-05 0.00137774)
(0.00164636 -7.79999e-06 0.00147319)
(0.00166548 -4.6721e-06 0.00153715)
(0.00169644 -1.8744e-06 0.00159607)
(0.00174343 1.97473e-06 0.00165769)
(0.0017409 6.30978e-06 0.0016608)
(0.00174252 1.1272e-05 0.00165684)
(0.0017348 1.66322e-05 0.00163294)
(0.00169888 2.18324e-05 0.00157246)
(0.00143707 2.33347e-05 0.00129771)
(0.00134745 2.665e-05 0.00117307)
(0.00127054 3.02433e-05 0.00105042)
(0.00129551 3.67708e-05 0.000973889)
(0.00123741 3.99605e-05 0.000848345)
(0.00118818 4.25955e-05 0.000723614)
(0.0011429 4.42257e-05 0.000596367)
(0.00109996 4.51404e-05 0.000467964)
(0.00105301 4.54946e-05 0.000340138)
(0.00100521 4.5548e-05 0.000217985)
(0.000941042 4.42667e-05 0.000100979)
(0.000716327 3.78306e-05 -3.04774e-06)
(0.000588732 3.14721e-05 -9.54202e-05)
(0.000689472 3.17565e-05 -0.000198022)
(0.000893675 3.79035e-05 -0.000362884)
(0.00094065 3.8945e-05 -0.000495302)
(0.00089648 3.74276e-05 -0.000577519)
(0.00087856 3.72001e-05 -0.000665506)
(0.000863032 3.66004e-05 -0.000749736)
(0.000854898 3.54913e-05 -0.000834606)
(0.000711687 2.77163e-05 -0.00076951)
(0.000714756 2.62176e-05 -0.000833401)
(0.000717843 2.29902e-05 -0.000887946)
(0.000692383 2.09518e-05 -0.000911685)
(0.000690401 1.88232e-05 -0.00094421)
(0.000665058 1.55494e-05 -0.000940893)
(0.00063786 1.21527e-05 -0.000927918)
(0.000620701 8.74355e-06 -0.000922116)
(0.000605352 6.07661e-06 -0.00091465)
(0.000747146 5.37281e-06 -0.00113897)
(0.000735162 3.63993e-06 -0.00112482)
(0.000725236 1.8855e-06 -0.00110475)
(0.00070762 -6.40235e-07 -0.00106914)
(0.00068572 -2.6629e-06 -0.0010212)
(0.000659367 -4.33023e-06 -0.000961893)
(0.000625432 -5.87519e-06 -0.000888236)
(0.000588552 -7.5195e-06 -0.00080862)
(0.000553252 -9.90099e-06 -0.000729164)
(0.00052732 -1.41684e-05 -0.00065452)
(0.000517801 -2.26045e-05 -0.00057927)
(0.000423742 -2.93356e-05 -0.000386109)
(0.000411013 -3.94808e-05 -0.000243944)
(0.000477856 -2.37979e-05 -7.77388e-05)
(0.000623105 3.93221e-05 -7.56356e-05)
(0.000945654 4.64173e-05 -0.000232832)
(0.00106044 -7.3306e-05 0.000108785)
(0.0010264 -5.54282e-05 0.000400891)
(0.00110627 -3.56658e-05 0.000645215)
(0.00119845 -1.98553e-05 0.000852978)
(0.00129427 -1.1584e-05 0.00104106)
(0.00139935 -6.20686e-06 0.00121704)
(0.00148314 -2.06509e-06 0.00135837)
(0.00164551 1.39174e-06 0.00155971)
(0.00172052 4.64406e-06 0.00166507)
(0.00176325 7.7067e-06 0.00172334)
(0.00180135 1.1465e-05 0.00176351)
(0.00183804 1.59444e-05 0.00179047)
(0.00164559 1.84255e-05 0.00158463)
(0.0016067 2.1669e-05 0.00151971)
(0.00155177 2.46011e-05 0.00143144)
(0.00148752 2.69353e-05 0.00132679)
(0.00141921 2.89345e-05 0.00121152)
(0.00136271 3.25462e-05 0.00110087)
(0.00137438 4.25741e-05 0.00100506)
(0.00131158 4.3688e-05 0.000870425)
(0.00125363 4.45553e-05 0.000737372)
(0.00119377 4.54316e-05 0.000601467)
(0.00113038 4.63252e-05 0.000465984)
(0.00108208 4.75912e-05 0.000339979)
(0.00104987 4.94297e-05 0.000220451)
(0.000958171 4.84847e-05 9.41364e-05)
(0.000725881 4.08781e-05 -2.16743e-05)
(0.000688133 3.7163e-05 -0.000129143)
(0.00083493 3.96561e-05 -0.000258063)
(0.000980622 4.33896e-05 -0.000416684)
(0.00105837 4.50461e-05 -0.000576733)
(0.00100984 4.32637e-05 -0.000671943)
(0.000767205 3.31596e-05 -0.000600808)
(0.000765485 3.34768e-05 -0.000687033)
(0.000731603 3.16391e-05 -0.000733997)
(0.000759951 3.08409e-05 -0.000837766)
(0.000722072 2.68246e-05 -0.000869263)
(0.000712226 2.39706e-05 -0.000916144)
(0.000682573 2.05194e-05 -0.00093017)
(0.000662918 1.85553e-05 -0.000946959)
(0.000657206 1.67659e-05 -0.000975458)
(0.000645287 1.47025e-05 -0.000985163)
(0.000637376 1.26058e-05 -0.000992055)
(0.000635109 1.0303e-05 -0.00100127)
(0.00078146 1.03196e-05 -0.00124292)
(0.00076334 7.64314e-06 -0.00122064)
(0.000738159 5.13814e-06 -0.00118166)
(0.000708925 2.46879e-06 -0.00112995)
(0.000675631 -3.38721e-07 -0.00106604)
(0.000635318 -2.97312e-06 -0.000986649)
(0.000597123 -5.06372e-06 -0.000907479)
(0.000563491 -7.03092e-06 -0.000833514)
(0.000534184 -9.68826e-06 -0.000763135)
(0.000512819 -1.41921e-05 -0.000695281)
(0.000450513 -1.9947e-05 -0.000556259)
(0.000402289 -2.80353e-05 -0.000412964)
(0.000374059 -3.59564e-05 -0.000262516)
(0.00041239 -2.48806e-05 -0.000110825)
(0.000542071 2.82917e-05 -7.66479e-05)
(0.00088282 2.27754e-05 -0.000179433)
(0.00102617 -7.88983e-05 0.000205234)
(0.00102055 -5.07894e-05 0.00048931)
(0.00123896 -3.45407e-05 0.000831801)
(0.0013145 -1.64539e-05 0.0010495)
(0.00145559 -7.11607e-06 0.00129134)
(0.00153282 -1.38067e-07 0.00145269)
(0.00148852 5.18982e-06 0.00147072)
(0.00153992 9.70478e-06 0.00155989)
(0.00157172 1.32051e-05 0.00161163)
(0.00159675 1.63128e-05 0.00164056)
(0.00162502 1.99005e-05 0.00165997)
(0.00164257 2.4107e-05 0.00165774)
(0.00164276 2.78641e-05 0.00162769)
(0.0016401 3.19052e-05 0.00158279)
(0.00160938 3.52369e-05 0.00149978)
(0.00156099 3.73704e-05 0.00139251)
(0.00149958 3.89498e-05 0.00126766)
(0.00143592 4.08914e-05 0.00113687)
(0.00144277 5.43864e-05 0.00104557)
(0.00139126 5.47866e-05 0.000904318)
(0.00134213 5.43649e-05 0.000762966)
(0.00128575 5.33077e-05 0.000620013)
(0.00120805 5.1605e-05 0.00047425)
(0.00113703 5.1201e-05 0.000339473)
(0.00105378 5.0745e-05 0.000208093)
(0.000966935 5.06428e-05 8.51848e-05)
(0.000775194 4.46109e-05 -3.82329e-05)
(0.00078479 4.27017e-05 -0.000160887)
(0.000969111 4.75104e-05 -0.000313517)
(0.0010687 4.97791e-05 -0.000470527)
(0.00114239 5.1959e-05 -0.000644418)
(0.00088017 4.03692e-05 -0.000608477)
(0.00083338 3.93097e-05 -0.000679165)
(0.000817547 3.88965e-05 -0.00076463)
(0.000798313 3.82482e-05 -0.000836824)
(0.000808136 3.69499e-05 -0.00092182)
(0.00078675 3.37432e-05 -0.000974326)
(0.000771249 3.08895e-05 -0.00102264)
(0.000753568 2.76947e-05 -0.00106197)
(0.000736567 2.45646e-05 -0.00109209)
(0.000716524 2.1249e-05 -0.00110837)
(0.000697134 1.8161e-05 -0.0011146)
(0.000680963 1.53161e-05 -0.00111471)
(0.000651465 1.23604e-05 -0.0010843)
(0.000650579 1.00292e-05 -0.00109764)
(0.000654566 7.40283e-06 -0.00111428)
(0.000719959 4.78215e-06 -0.00122966)
(0.000692224 1.2862e-06 -0.00117895)
(0.000653356 -1.71886e-06 -0.00110269)
(0.000615781 -3.97215e-06 -0.00102411)
(0.000581839 -5.50698e-06 -0.000949454)
(0.000551276 -6.97743e-06 -0.00087918)
(0.000526714 -9.30637e-06 -0.00081528)
(0.000496839 -1.33252e-05 -0.000734484)
(0.000423505 -1.81802e-05 -0.00057652)
(0.000387478 -2.65674e-05 -0.000448767)
(0.000342533 -3.31503e-05 -0.000285091)
(0.000340945 -2.38688e-05 -0.000133679)
(0.000454673 1.72461e-05 -8.95913e-05)
(0.00078748 6.15705e-07 -0.000122964)
(0.00100738 -8.35526e-05 0.000294418)
(0.00103203 -4.73206e-05 0.00058633)
(0.00135837 -3.25716e-05 0.00103287)
(0.00143195 -1.28683e-05 0.00127083)
(0.00151009 -1.98074e-06 0.00147065)
(0.00157577 5.90735e-06 0.00162512)
(0.00163839 1.27227e-05 0.00174918)
(0.00164809 1.83399e-05 0.00179239)
(0.00156849 2.15166e-05 0.00171646)
(0.0015847 2.52626e-05 0.00172772)
(0.00162233 3.00249e-05 0.00174869)
(0.00164666 3.52629e-05 0.00174418)
(0.00165685 4.00991e-05 0.00171074)
(0.00165348 4.47863e-05 0.00164978)
(0.00163451 4.79553e-05 0.00156216)
(0.00159869 5.02239e-05 0.00145033)
(0.00155183 5.17613e-05 0.00132262)
(0.0014973 5.31251e-05 0.00118556)
(0.0014823 6.72399e-05 0.00108634)
(0.0014367 6.79029e-05 0.000935385)
(0.0013939 6.79335e-05 0.000785229)
(0.00134615 6.70734e-05 0.000634917)
(0.00128706 6.51815e-05 0.000485901)
(0.00122569 6.31055e-05 0.000344998)
(0.0011494 6.06214e-05 0.000209361)
(0.00104575 5.91978e-05 7.9539e-05)
(0.000839251 5.17392e-05 -5.70561e-05)
(0.000886736 5.15849e-05 -0.000197798)
(0.0010378 5.41871e-05 -0.000352189)
(0.00118254 5.81637e-05 -0.000539908)
(0.00121456 5.83929e-05 -0.000708419)
(0.00102105 4.86323e-05 -0.000729004)
(0.00096678 4.62241e-05 -0.000811546)
(0.000949141 4.49499e-05 -0.00091009)
(0.000929125 4.26449e-05 -0.000995987)
(0.000903336 3.84873e-05 -0.00104607)
(0.000868424 3.50334e-05 -0.00109125)
(0.000856207 3.12717e-05 -0.0011551)
(0.000819036 2.62043e-05 -0.00117812)
(0.000786268 2.13634e-05 -0.00119456)
(0.000748394 1.67705e-05 -0.00119178)
(0.000711775 1.27794e-05 -0.00117827)
(0.000678027 9.38548e-06 -0.00115809)
(0.000645284 6.37481e-06 -0.0011298)
(0.000618583 3.81841e-06 -0.00110284)
(0.000593414 1.73021e-06 -0.00106998)
(0.000573714 -5.52771e-08 -0.00103931)
(0.00055614 -1.52595e-06 -0.00100613)
(0.000543297 -2.56675e-06 -0.000976399)
(0.000534344 -3.3064e-06 -0.000949953)
(0.000578629 -4.19265e-06 -0.00101428)
(0.000545028 -4.85881e-06 -0.000938563)
(0.000488501 -6.20242e-06 -0.000820745)
(0.000436833 -9.09265e-06 -0.000706011)
(0.000398495 -1.45658e-05 -0.000600781)
(0.000362659 -2.30418e-05 -0.000476687)
(0.000320425 -3.07679e-05 -0.000317535)
(0.000283774 -2.24332e-05 -0.000153793)
(0.000354148 6.73768e-06 -0.000103145)
(0.000685951 -1.80484e-05 -8.0213e-05)
(0.000998928 -8.91574e-05 0.000385087)
(0.00121914 -5.12318e-05 0.000801722)
(0.00136831 -2.71056e-05 0.0011645)
(0.00142439 -7.00401e-06 0.00139401)
(0.00149311 4.29926e-06 0.00158713)
(0.00155911 1.26689e-05 0.00174258)
(0.00162803 2.02676e-05 0.00187347)
(0.00165133 2.66852e-05 0.0019274)
(0.00156616 3.02053e-05 0.00183255)
(0.00157848 3.52132e-05 0.00183387)
(0.00160577 4.09409e-05 0.00183802)
(0.00162716 4.64489e-05 0.00182121)
(0.00164172 5.1862e-05 0.00178093)
(0.00164605 5.65759e-05 0.00171517)
(0.00163708 6.01078e-05 0.00162408)
(0.00161383 6.27746e-05 0.0015104)
(0.00157678 6.46436e-05 0.00137794)
(0.00152888 6.58982e-05 0.00123366)
(0.00149936 8.05484e-05 0.00112626)
(0.00145976 8.13126e-05 0.000968593)
(0.00142066 8.1505e-05 0.000810736)
(0.00137683 8.08191e-05 0.000653029)
(0.00132539 7.92132e-05 0.000497835)
(0.00126647 7.69087e-05 0.000348385)
(0.00120144 7.41264e-05 0.000205839)
(0.00113463 7.34424e-05 6.99407e-05)
(0.000939908 6.27052e-05 -8.44732e-05)
(0.00103265 6.32455e-05 -0.000246431)
(0.00112239 6.20809e-05 -0.000397447)
(0.00135279 7.08891e-05 -0.000638155)
(0.0012876 6.55592e-05 -0.000770059)
(0.00111275 5.59435e-05 -0.000810375)
(0.00104847 5.21608e-05 -0.000894999)
(0.0010221 4.98693e-05 -0.000993787)
(0.00100499 4.72855e-05 -0.00109008)
(0.00096483 4.2945e-05 -0.00113328)
(0.000963015 4.07925e-05 -0.001231)
(0.000917925 3.53364e-05 -0.00126274)
(0.000863998 2.93504e-05 -0.00126976)
(0.000822533 2.41432e-05 -0.00128053)
(0.000785029 1.94444e-05 -0.00128496)
(0.000749344 1.52945e-05 -0.00127918)
(0.00072496 1.18126e-05 -0.00128027)
(0.000720521 8.96711e-06 -0.00130649)
(0.000766104 6.95193e-06 -0.00141801)
(0.000733267 4.76178e-06 -0.00137816)
(0.000688357 3.07881e-06 -0.00130677)
(0.000644621 1.94306e-06 -0.0012299)
(0.000605214 1.457e-06 -0.00115531)
(0.000572349 9.37975e-07 -0.00108877)
(0.000540915 4.24789e-07 -0.00102217)
(0.000521111 -1.73484e-07 -0.000973769)
(0.00045329 -1.52627e-06 -0.000831958)
(0.000399512 -4.23788e-06 -0.000711769)
(0.000379809 -1.00147e-05 -0.000640457)
(0.000331519 -1.84614e-05 -0.000499311)
(0.000287915 -2.69727e-05 -0.000341395)
(0.000287621 -2.50181e-05 -0.000208599)
(0.000302026 -2.36765e-06 -0.000128035)
(0.000588577 -3.28005e-05 -5.32744e-05)
(0.00119357 -0.000114709 0.000574204)
(0.00120964 -4.55264e-05 0.000906961)
(0.00133708 -1.94273e-05 0.0012654)
(0.00139483 6.83622e-07 0.00149949)
(0.00141437 1.25357e-05 0.00163666)
(0.00139955 2.03546e-05 0.00169164)
(0.00143868 2.76044e-05 0.00178143)
(0.00147421 3.39739e-05 0.00184452)
(0.00151035 3.98816e-05 0.00188891)
(0.00154737 4.57876e-05 0.00191672)
(0.00157931 5.16756e-05 0.00192263)
(0.00160349 5.76598e-05 0.00190188)
(0.00161974 6.36342e-05 0.0018553)
(0.0016265 6.89958e-05 0.00178274)
(0.00162191 7.30539e-05 0.00168543)
(0.00160497 7.60941e-05 0.0015664)
(0.00157512 7.81201e-05 0.0014282)
(0.00153836 7.92888e-05 0.0012799)
(0.0014881 9.57945e-05 0.00115874)
(0.00144967 9.60546e-05 0.000993161)
(0.00140917 9.55636e-05 0.000827236)
(0.00136642 9.42486e-05 0.000663882)
(0.00132343 9.24074e-05 0.000506372)
(0.00128042 9.03015e-05 0.000355492)
(0.00124428 8.85217e-05 0.000211096)
(0.00120176 8.89492e-05 6.81195e-05)
(0.00102751 7.57248e-05 -0.00010542)
(0.00112359 7.53206e-05 -0.000280367)
(0.00121809 7.45303e-05 -0.000444497)
(0.00137574 8.24984e-05 -0.000662246)
(0.00144514 8.66489e-05 -0.00087544)
(0.00121895 7.36546e-05 -0.000897005)
(0.00112942 6.86492e-05 -0.000976513)
(0.00107939 6.51889e-05 -0.00106711)
(0.00103771 6.13663e-05 -0.00114916)
(0.00100084 5.72692e-05 -0.00120518)
(0.000997199 5.55569e-05 -0.00131027)
(0.000962082 5.05029e-05 -0.00136339)
(0.000927856 4.49046e-05 -0.00140751)
(0.000920286 4.05058e-05 -0.00148323)
(0.000960427 3.78881e-05 -0.00163289)
(0.000894518 3.1304e-05 -0.00159169)
(0.000835774 2.57255e-05 -0.00154429)
(0.000784282 2.10078e-05 -0.00149412)
(0.00073717 1.69222e-05 -0.00143894)
(0.000692853 1.37023e-05 -0.00137817)
(0.000651494 1.12756e-05 -0.00131481)
(0.000610605 9.50293e-06 -0.00124603)
(0.000571967 8.39285e-06 -0.00117574)
(0.000537151 7.52631e-06 -0.00110808)
(0.00050569 6.65518e-06 -0.001043)
(0.000488706 5.98267e-06 -0.00100306)
(0.000416161 4.038e-06 -0.000845414)
(0.000354967 1.04576e-06 -0.000707349)
(0.000351635 -4.72006e-06 -0.000673142)
(0.000306908 -1.40805e-05 -0.000536372)
(0.000263668 -2.38086e-05 -0.000376303)
(0.000240944 -2.2749e-05 -0.000228356)
(0.000270605 -1.09191e-05 -0.000157287)
(0.000712652 -6.27074e-05 -4.26046e-05)
(0.00116495 -0.000117289 0.000675196)
(0.00119935 -3.80843e-05 0.00101581)
(0.00127829 -1.03957e-05 0.00134401)
(0.00134493 1.03348e-05 0.00158881)
(0.00124671 2.1435e-05 0.00157412)
(0.00129511 3.05928e-05 0.00169788)
(0.00135079 3.86377e-05 0.00180544)
(0.00140683 4.58031e-05 0.00189248)
(0.00145978 5.25661e-05 0.00195649)
(0.00150611 5.90781e-05 0.00199425)
(0.00154466 6.54997e-05 0.00200304)
(0.00157468 7.19397e-05 0.00198292)
(0.0015945 7.82592e-05 0.00193384)
(0.00160225 8.3865e-05 0.00185527)
(0.00159814 8.82278e-05 0.00175048)
(0.00158217 9.1433e-05 0.00162334)
(0.00155543 9.35483e-05 0.00147665)
(0.00152416 9.487e-05 0.00132046)
(0.0014563 0.000115518 0.00118882)
(0.001415 0.000114941 0.00101386)
(0.00137574 0.000113761 0.00084263)
(0.00134094 0.000112158 0.000677966)
(0.00131061 0.000110304 0.00052017)
(0.00128535 0.000108504 0.000368345)
(0.00126031 0.000106343 0.000218476)
(0.00121774 0.000105682 6.77625e-05)
(0.00108026 9.08675e-05 -0.000121503)
(0.00116206 8.90768e-05 -0.000302901)
(0.00124893 9.10403e-05 -0.000472039)
(0.00135101 9.88202e-05 -0.000671364)
(0.00133191 9.94318e-05 -0.000831554)
(0.00122891 9.35881e-05 -0.000933026)
(0.00114969 8.85168e-05 -0.00103006)
(0.00109054 8.3786e-05 -0.00112351)
(0.00103872 7.83425e-05 -0.00120542)
(0.000989757 7.232e-05 -0.00125653)
(0.000996473 7.09149e-05 -0.00138252)
(0.000967125 6.54565e-05 -0.00144942)
(0.000976524 6.18498e-05 -0.00156857)
(0.000980032 5.77385e-05 -0.00167566)
(0.000913611 4.97774e-05 -0.00165175)
(0.000851669 4.25997e-05 -0.00161637)
(0.000794633 3.65684e-05 -0.00157117)
(0.000742711 3.15484e-05 -0.00151947)
(0.000694958 2.7267e-05 -0.00146241)
(0.000650267 2.35567e-05 -0.00140051)
(0.000607518 2.03991e-05 -0.00133379)
(0.000565537 1.77254e-05 -0.00126173)
(0.000526166 1.58811e-05 -0.00118908)
(0.000489872 1.45831e-05 -0.00111815)
(0.000460039 1.36697e-05 -0.00105755)
(0.000442593 1.31099e-05 -0.00102131)
(0.000357839 9.99852e-06 -0.000825771)
(0.000335758 7.19819e-06 -0.000769285)
(0.000306596 1.20912e-06 -0.00068452)
(0.000265952 -8.6099e-06 -0.000552006)
(0.000227013 -1.90354e-05 -0.000396228)
(0.000204342 -2.03142e-05 -0.000252618)
(0.000222956 -1.58411e-05 -0.000175547)
(0.000630157 -7.72644e-05 -3.51076e-05)
(0.00112852 -0.000117173 0.000771062)
(0.00113125 -2.61549e-05 0.00107951)
(0.00122037 1.27391e-06 0.00142405)
(0.00119197 2.20453e-05 0.00155473)
(0.00118725 3.46991e-05 0.00164642)
(0.00123456 4.51274e-05 0.00176948)
(0.0012914 5.42023e-05 0.00187948)
(0.00134876 6.25337e-05 0.00196835)
(0.00140295 7.04263e-05 0.00203297)
(0.00145195 7.7991e-05 0.00206969)
(0.00149508 8.53251e-05 0.00207766)
(0.00153065 9.24342e-05 0.0020573)
(0.00155597 9.9186e-05 0.00200766)
(0.0015682 0.000105008 0.00192715)
(0.00156662 0.000109213 0.00181734)
(0.00155088 0.000111925 0.00168106)
(0.00152537 0.00011382 0.00152577)
(0.00149407 0.000115119 0.00136044)
(0.00140688 0.000146726 0.00121478)
(0.00136462 0.000144855 0.00103286)
(0.00133073 0.000143126 0.000860101)
(0.00130571 0.000141658 0.000696125)
(0.00128557 0.000140121 0.000537688)
(0.00126383 0.000138051 0.000381188)
(0.00123501 0.000134858 0.000224574)
(0.00119189 0.000133631 6.85628e-05)
(0.00106861 0.000116032 -0.000129776)
(0.0011628 0.000115821 -0.00031822)
(0.00123829 0.000119948 -0.000490964)
(0.00127728 0.000124932 -0.000666939)
(0.00128434 0.000128433 -0.000843413)
(0.00121259 0.000124082 -0.000970005)
(0.0011316 0.000117432 -0.00107184)
(0.00105704 0.000109992 -0.00115668)
(0.00098395 0.000101621 -0.00121875)
(0.000993858 0.000100373 -0.00135344)
(0.000927394 9.20962e-05 -0.0013831)
(0.000906154 8.68226e-05 -0.00146089)
(0.000919839 8.39082e-05 -0.00158965)
(0.000922045 7.95598e-05 -0.00169728)
(0.00085511 6.97587e-05 -0.00166738)
(0.000794187 6.1244e-05 -0.00162973)
(0.000736872 5.3814e-05 -0.00158115)
(0.000683925 4.75351e-05 -0.00152524)
(0.000634872 4.22338e-05 -0.00146385)
(0.000588963 3.76689e-05 -0.00139807)
(0.000545371 3.36793e-05 -0.00132853)
(0.000504695 2.99648e-05 -0.0012586)
(0.000463598 2.638e-05 -0.00118241)
(0.000426318 2.37241e-05 -0.00111008)
(0.000397048 2.19861e-05 -0.0010542)
(0.000342985 1.91971e-05 -0.000927266)
(0.000294519 1.63786e-05 -0.000808422)
(0.000269336 1.34512e-05 -0.000744051)
(0.000243384 7.51689e-06 -0.000664518)
(0.000209149 -2.0314e-06 -0.000539571)
(0.000174885 -1.19629e-05 -0.000389381)
(0.0001512 -1.47881e-05 -0.000251292)
(0.00016403 -1.57652e-05 -0.000176651)
(0.000503233 -7.74927e-05 -4.63656e-05)
(0.0010661 -0.000107588 0.000851465)
(0.00104422 -5.66922e-06 0.00112471)
(0.00111818 2.27031e-05 0.00146453)
(0.00111644 4.36206e-05 0.0016299)
(0.00109856 5.59171e-05 0.00169778)
(0.00114652 6.75177e-05 0.00182405)
(0.00120273 7.78473e-05 0.00193591)
(0.00125889 8.76779e-05 0.00202559)
(0.00131334 9.73707e-05 0.00208898)
(0.00136529 0.000106796 0.00212505)
(0.00141284 0.000115844 0.00213303)
(0.00145383 0.000124469 0.00211277)
(0.0014853 0.000132396 0.00206325)
(0.00150467 0.00013892 0.00198302)
(0.00150966 0.000143287 0.00187089)
(0.00150047 0.000145867 0.00173076)
(0.001478 0.000147112 0.00156892)
(0.00144726 0.000147621 0.00139597)
(0.0013224 0.00019912 0.00122677)
(0.00128649 0.000195338 0.00104492)
(0.00126223 0.000192613 0.000874992)
(0.00124363 0.000190168 0.000711137)
(0.00122262 0.000186822 0.000548526)
(0.00119424 0.000182124 0.000386414)
(0.00115635 0.000175985 0.000225725)
(0.00111159 0.000173321 6.91337e-05)
(0.000993825 0.000152653 -0.000131977)
(0.00109287 0.000156825 -0.000320611)
(0.00116864 0.000163605 -0.000496916)
(0.001193 0.000169024 -0.000669396)
(0.00118133 0.000171646 -0.000835591)
(0.00113225 0.000169258 -0.000978524)
(0.00105432 0.000161309 -0.00108342)
(0.000966945 0.000149842 -0.00115374)
(0.000944242 0.000146996 -0.00128218)
(0.000892836 0.00013754 -0.0013408)
(0.000843773 0.000129329 -0.00139566)
(0.000799934 0.000120062 -0.00143556)
(0.0007495 0.000109037 -0.00144589)
(0.000761417 0.000106775 -0.00156865)
(0.0007641 0.000103066 -0.00167258)
(0.000700205 9.08922e-05 -0.00161995)
(0.000642632 8.05217e-05 -0.00156283)
(0.000590406 7.1704e-05 -0.00150124)
(0.000541687 6.38512e-05 -0.00143474)
(0.000495229 5.68881e-05 -0.0013623)
(0.000452286 5.0916e-05 -0.00128862)
(0.000412497 4.56021e-05 -0.00121565)
(0.000376827 4.08492e-05 -0.00114799)
(0.000350056 3.73123e-05 -0.00110271)
(0.000277395 2.93002e-05 -0.000904665)
(0.000237682 2.51355e-05 -0.000803726)
(0.000210591 2.22481e-05 -0.000737959)
(0.000187512 1.87515e-05 -0.000674629)
(0.000168181 1.31533e-05 -0.000605268)
(0.000144275 4.38889e-06 -0.000497169)
(0.000119437 -4.67212e-06 -0.000363091)
(0.00010353 -9.25142e-06 -0.000244048)
(0.000114031 -1.27171e-05 -0.000173507)
(0.000353831 -6.21544e-05 -8.41473e-05)
(0.000968812 -8.13465e-05 0.000893619)
(0.000924879 3.27381e-05 0.00113627)
(0.000974201 6.29168e-05 0.00145563)
(0.000975534 8.31329e-05 0.00162248)
(0.000981793 9.61264e-05 0.00172098)
(0.00103159 0.00010948 0.00185321)
(0.00108679 0.000121917 0.00196708)
(0.0011421 0.000133976 0.00205705)
(0.00119722 0.000146075 0.00212078)
(0.00125073 0.00015789 0.00215788)
(0.00130085 0.000169273 0.00216744)
(0.00134512 0.000179998 0.00214837)
(0.00138053 0.000189502 0.00209922)
(0.00140396 0.000196809 0.00201705)
(0.00141502 0.00020167 0.00190368)
(0.00141096 0.000204122 0.00176053)
(0.00139213 0.000204262 0.00159344)
(0.00136202 0.000202725 0.00141364)
(0.00119434 0.000251032 0.00121974)
(0.00116963 0.000246358 0.00104493)
(0.00115283 0.000242537 0.000878464)
(0.00113299 0.000237419 0.000711812)
(0.00110516 0.000230152 0.000544444)
(0.00106883 0.000220986 0.000379332)
(0.00102523 0.000210686 0.000218837)
(0.000973523 0.000204256 6.52233e-05)
(0.000854243 0.000178969 -0.000131196)
(0.000927024 0.00018454 -0.000304092)
(0.00100628 0.000196896 -0.000476948)
(0.00103477 0.00020617 -0.000648063)
(0.00103447 0.000212938 -0.000819993)
(0.000982151 0.000209844 -0.000956689)
(0.000902175 0.000199228 -0.00105241)
(0.000850386 0.000192756 -0.00116162)
(0.000783071 0.000180591 -0.00122873)
(0.000734992 0.000169556 -0.00128647)
(0.000678288 0.000157271 -0.00132148)
(0.00062963 0.000144478 -0.00134231)
(0.000584082 0.000131434 -0.0013491)
(0.000540105 0.000118455 -0.00134174)
(0.000495843 0.00010568 -0.00131809)
(0.00045234 9.35998e-05 -0.0012806)
(0.000410997 8.26412e-05 -0.0012336)
(0.000372336 7.29696e-05 -0.00118025)
(0.000336285 6.44433e-05 -0.0011224)
(0.000302739 5.6912e-05 -0.00106164)
(0.000271468 5.02639e-05 -0.000999038)
(0.000242216 4.4338e-05 -0.00093524)
(0.000214766 3.90104e-05 -0.000870722)
(0.000188894 3.42006e-05 -0.000805618)
(0.000164441 2.98306e-05 -0.000740094)
(0.000141736 2.58465e-05 -0.000675408)
(0.000121571 2.2099e-05 -0.000613305)
(0.000105516 1.82074e-05 -0.000556261)
(9.53793e-05 1.33439e-05 -0.000504258)
(8.44755e-05 6.26972e-06 -0.000426592)
(7.20062e-05 -1.1893e-06 -0.000319375)
(6.69283e-05 -6.04058e-06 -0.000229749)
(7.93036e-05 -9.63823e-06 -0.000170677)
(0.000217833 -4.50539e-05 -0.000128321)
(0.000861537 -5.4163e-05 0.000894332)
(0.000810283 7.26151e-05 0.0011343)
(0.000844943 0.000106664 0.00144835)
(0.000857059 0.000128396 0.00163796)
(0.000866302 0.000141434 0.00173963)
(0.000912853 0.000156566 0.00187177)
(0.000964254 0.000171277 0.00198505)
(0.00101671 0.000185758 0.00207364)
(0.0010694 0.000200077 0.00213655)
(0.00112092 0.00021401 0.00217343)
(0.00116933 0.000227295 0.00218284)
(0.00121234 0.000239563 0.00216341)
(0.00124656 0.0002499 0.00211176)
(0.00127005 0.000257501 0.00202687)
(0.00128078 0.000261995 0.00190948)
(0.00127718 0.000263466 0.00176209)
(0.00125867 0.000261704 0.00158966)
(0.00122846 0.000257125 0.00140508)
(0.00103502 0.000274172 0.00119074)
(0.00101952 0.000269542 0.00102556)
(0.00100202 0.000263765 0.000859297)
(0.000978135 0.000255752 0.000691037)
(0.00095001 0.000246288 0.000525548)
(0.000914495 0.000234965 0.000363088)
(0.000871191 0.00022227 0.000205451)
(0.00081432 0.000212703 5.5708e-05)
(0.000712164 0.000187006 -0.000136738)
(0.000730403 0.00018414 -0.000281638)
(0.000767283 0.000192453 -0.000425031)
(0.00080989 0.00020869 -0.000593476)
(0.000809181 0.000217777 -0.000755103)
(0.000769577 0.000217258 -0.000889731)
(0.000696403 0.000205375 -0.0009739)
(0.000651569 0.000199537 -0.00107968)
(0.000588995 0.000185703 -0.00113584)
(0.000542731 0.000172846 -0.00118148)
(0.000485657 0.000157376 -0.00119725)
(0.000440566 0.000142442 -0.00120469)
(0.00039918 0.000127572 -0.00119831)
(0.000360627 0.000113033 -0.00117871)
(0.000323898 9.90989e-05 -0.00114631)
(0.000289241 8.61974e-05 -0.00110361)
(0.000256902 7.45726e-05 -0.00105311)
(0.000227001 6.42984e-05 -0.00099715)
(0.000199413 5.52918e-05 -0.000937317)
(0.000173999 4.74147e-05 -0.000874938)
(0.000150623 4.05259e-05 -0.000811073)
(0.000129156 3.45048e-05 -0.000746608)
(0.000109471 2.9248e-05 -0.000682089)
(9.15792e-05 2.46927e-05 -0.00061841)
(7.55548e-05 2.07289e-05 -0.00055639)
(6.17178e-05 1.72654e-05 -0.000497712)
(5.06042e-05 1.41998e-05 -0.000444903)
(4.31199e-05 1.13482e-05 -0.000401664)
(4.04413e-05 8.26506e-06 -0.000370834)
(3.88607e-05 3.78191e-06 -0.000327778)
(3.72384e-05 -1.08952e-06 -0.000262491)
(4.03244e-05 -5.25084e-06 -0.000206571)
(5.13824e-05 -7.08842e-06 -0.000154081)
(0.000143081 -4.03079e-05 -0.000172679)
(0.000753332 -4.06864e-05 0.000845777)
(0.000694737 9.19414e-05 0.00110763)
(0.000720643 0.000132244 0.00142589)
(0.000767777 0.000161943 0.00170255)
(0.000749197 0.000168883 0.00174393)
(0.000787629 0.00018427 0.0018682)
(0.000831371 0.000199802 0.00197614)
(0.000877694 0.000215362 0.00205968)
(0.000924903 0.000230586 0.00211907)
(0.000971057 0.000245245 0.0021528)
(0.00101436 0.000258972 0.00215934)
(0.00105266 0.000271274 0.002137)
(0.00108281 0.000281233 0.00208216)
(0.00110213 0.000287906 0.00199286)
(0.00110895 0.000290929 0.00187037)
(0.00110247 0.00029066 0.00171864)
(0.00108259 0.000286584 0.00154287)
(0.00105711 0.000280257 0.00136297)
(0.000863663 0.000269022 0.00114244)
(0.000848255 0.000262731 0.00098054)
(0.000829491 0.000255047 0.000816746)
(0.00081028 0.000246795 0.000656346)
(0.000785131 0.000236516 0.000496663)
(0.000747928 0.000223051 0.000337198)
(0.000699188 0.000207234 0.000182767)
(0.000645961 0.00019722 4.03934e-05)
(0.000548514 0.000169331 -0.000140598)
(0.000532892 0.000159566 -0.000254316)
(0.000563853 0.000170616 -0.000382993)
(0.000584309 0.000184512 -0.000526958)
(0.000570255 0.000190585 -0.000659599)
(0.000540092 0.000192102 -0.000782535)
(0.000490561 0.000185004 -0.000871534)
(0.000449878 0.000178728 -0.000962124)
(0.000396574 0.000164473 -0.00100437)
(0.000358111 0.000151182 -0.00103702)
(0.000305779 0.000133794 -0.00102979)
(0.000267211 0.000118042 -0.00101986)
(0.000232697 0.000102805 -0.000997289)
(0.000201836 8.83276e-05 -0.000963361)
(0.000173912 7.49005e-05 -0.000919544)
(0.000148765 6.2828e-05 -0.000868304)
(0.000126245 5.22309e-05 -0.000811815)
(0.000106174 4.30941e-05 -0.000751974)
(8.83748e-05 3.53056e-05 -0.000690439)
(7.26589e-05 2.87064e-05 -0.000628454)
(5.88459e-05 2.31408e-05 -0.000566954)
(4.67618e-05 1.84642e-05 -0.000506544)
(3.62763e-05 1.45634e-05 -0.00044777)
(2.73543e-05 1.13449e-05 -0.000391481)
(2.0044e-05 8.74398e-06 -0.000339128)
(1.44568e-05 6.68317e-06 -0.000293045)
(1.06961e-05 5.07638e-06 -0.000256298)
(8.93876e-06 3.79454e-06 -0.000232624)
(9.56088e-06 2.48022e-06 -0.000224286)
(1.14628e-05 3.26743e-07 -0.000214016)
(1.45213e-05 -2.43271e-06 -0.000191923)
(2.09633e-05 -5.412e-06 -0.000170068)
(3.3848e-05 -6.58063e-06 -0.00014276)
(8.72941e-05 -3.2779e-05 -0.000167079)
(0.000584383 -3.38002e-05 0.000678101)
(0.000582044 9.0171e-05 0.00107311)
(0.000588108 0.000137875 0.0013696)
(0.000641788 0.000171365 0.00168609)
(0.000624425 0.000176666 0.00172027)
(0.000652997 0.000190817 0.00183012)
(0.000688609 0.000205724 0.0019272)
(0.000728016 0.000220777 0.00200418)
(0.000768585 0.000235461 0.00205882)
(0.000808084 0.000249384 0.00208831)
(0.000844879 0.000262142 0.00209094)
(0.000876956 0.000273141 0.00206452)
(0.000901787 0.000281662 0.00200669)
(0.000915921 0.000286513 0.00191344)
(0.000918454 0.000287537 0.0017875)
(0.00090917 0.000285146 0.00163394)
(0.000892144 0.000280002 0.0014644)
(0.000877013 0.000274585 0.00130127)
(0.000687038 0.000238942 0.00106767)
(0.00067142 0.000231365 0.000911408)
(0.000657438 0.000224241 0.00075953)
(0.000638228 0.000215136 0.000605333)
(0.000609883 0.000202936 0.000449557)
(0.000569629 0.000187626 0.000295729)
(0.000519456 0.000170672 0.000149663)
(0.000446925 0.000152595 1.64334e-05)
(0.000384189 0.000133097 -0.000138533)
(0.00038027 0.000129252 -0.000235072)
(0.000372168 0.000130804 -0.000325821)
(0.000366615 0.000137422 -0.000429432)
(0.000362848 0.000146781 -0.000551597)
(0.000340071 0.000149241 -0.000657208)
(0.000299103 0.000142338 -0.000723306)
(0.000269561 0.000138219 -0.000804271)
(0.000229476 0.000125583 -0.000833564)
(0.000203302 0.000113987 -0.000856118)
(0.000160932 9.63875e-05 -0.000823167)
(0.000131301 8.15226e-05 -0.000791973)
(0.000105924 6.77914e-05 -0.000750529)
(8.44525e-05 5.52798e-05 -0.000700343)
(6.62475e-05 4.41246e-05 -0.000642985)
(5.09927e-05 3.45009e-05 -0.000581303)
(3.83955e-05 2.6464e-05 -0.000518107)
(2.81262e-05 1.99331e-05 -0.000455458)
(1.98868e-05 1.47236e-05 -0.00039498)
(1.34094e-05 1.06385e-05 -0.000337983)
(8.43682e-06 7.49378e-06 -0.00028548)
(4.7247e-06 5.12685e-06 -0.000238358)
(2.05424e-06 3.40494e-06 -0.000197969)
(2.149e-07 2.22387e-06 -0.000167246)
(-1.20336e-06 1.55339e-06 -0.000161376)
(-2.70611e-06 1.09984e-06 -0.000179311)
(-3.9354e-06 5.26984e-07 -0.000193145)
(-4.13786e-06 -1.60673e-07 -0.000193119)
(-2.58845e-06 -9.62328e-07 -0.000171893)
(-2.59538e-07 -2.00869e-06 -0.000139967)
(2.78286e-06 -3.45392e-06 -0.000124882)
(8.84704e-06 -5.89906e-06 -0.000129986)
(2.08723e-05 -7.45727e-06 -0.000127102)
(5.5985e-05 -2.53292e-05 -0.000143909)
(0.000404041 -3.6277e-05 0.000461627)
(0.000457353 7.04758e-05 0.00100671)
(0.000452841 0.00012573 0.00128145)
(0.000483845 0.00015365 0.00155046)
(0.000498201 0.00016705 0.00166779)
(0.000516722 0.000178406 0.00175317)
(0.000545187 0.000191685 0.00183783)
(0.00057797 0.000205159 0.00190769)
(0.000611656 0.000218136 0.00195683)
(0.000644175 0.000230174 0.00198174)
(0.000673779 0.000240787 0.00197969)
(0.000698912 0.000249497 0.00194887)
(0.000717531 0.000255689 0.00188714)
(0.000727135 0.000258525 0.00179206)
(0.000726454 0.000257672 0.00166587)
(0.000717767 0.000254093 0.00151843)
(0.000707797 0.000249761 0.00136656)
(0.000699244 0.000245279 0.00121968)
(0.000512668 0.000190183 0.00096243)
(0.000500652 0.000183333 0.000820935)
(0.000486245 0.000175663 0.00067803)
(0.000465327 0.000165792 0.000531331)
(0.000434825 0.000152817 0.000383454)
(0.000391583 0.000136427 0.000238746)
(0.000345217 0.000120748 0.000108093)
(0.000316913 0.000116168 -9.56774e-06)
(0.000282724 0.000105459 -0.000148544)
(0.000268846 0.000100194 -0.000227355)
(0.000243044 9.68096e-05 -0.000291214)
(0.0002189 9.63726e-05 -0.000358286)
(0.00021662 0.000106275 -0.000470859)
(0.000179339 9.9133e-05 -0.000512432)
(0.000151969 9.44135e-05 -0.000564662)
(0.000125708 8.83588e-05 -0.000605155)
(9.80848e-05 7.78098e-05 -0.000612155)
(8.01039e-05 6.80769e-05 -0.000611453)
(5.84203e-05 5.5302e-05 -0.000573287)
(4.18464e-05 4.40168e-05 -0.000528271)
(2.83277e-05 3.39091e-05 -0.000473905)
(1.78114e-05 2.50888e-05 -0.000412532)
(1.00242e-05 1.77782e-05 -0.000348633)
(4.59821e-06 1.20543e-05 -0.000286699)
(1.07422e-06 7.8585e-06 -0.000231259)
(-1.16725e-06 4.96205e-06 -0.000187002)
(-3.22965e-06 3.80215e-06 -0.000194068)
(-6.33777e-06 3.11852e-06 -0.000238317)
(-1.0421e-05 1.99647e-06 -0.000287977)
(-1.53685e-05 3.55983e-07 -0.000337766)
(-2.10316e-05 -1.75848e-06 -0.000385449)
(-2.71441e-05 -4.24978e-06 -0.000429034)
(-3.28344e-05 -6.85385e-06 -0.000462828)
(-3.70553e-05 -9.23635e-06 -0.000482135)
(-3.86494e-05 -1.1135e-05 -0.0004826)
(-3.63343e-05 -1.23457e-05 -0.000458691)
(-2.89512e-05 -1.28165e-05 -0.000403261)
(-1.85048e-05 -1.31146e-05 -0.000319875)
(-6.71132e-06 -1.16032e-05 -0.000208625)
(1.91723e-06 -8.54102e-06 -0.000114829)
(1.03845e-05 -9.02156e-06 -0.000102103)
(3.73027e-05 -2.33736e-05 -0.000131273)
(0.000221556 -3.58547e-05 0.000261192)
(0.000320498 4.3941e-05 0.000900146)
(0.000324047 0.000101959 0.00117339)
(0.000347482 0.000126659 0.00141493)
(0.000380241 0.000146138 0.00160167)
(0.000388051 0.000153018 0.0016455)
(0.00040875 0.000163053 0.00170981)
(0.000434583 0.000173744 0.00176895)
(0.000461542 0.000184126 0.00181161)
(0.000487068 0.000193367 0.00183131)
(0.000509319 0.000201004 0.00182384)
(0.000527423 0.000206778 0.00178849)
(0.000540064 0.000210398 0.00172397)
(0.000545456 0.000211299 0.00162899)
(0.000543624 0.000209414 0.0015087)
(0.00053843 0.000206116 0.0013774)
(0.000532438 0.000202038 0.00124251)
(0.000524844 0.000196995 0.00110617)
(0.000348423 0.000131273 0.000825391)
(0.000337258 0.000124801 0.000698414)
(0.000322158 0.000116903 0.000567124)
(0.00030161 0.000107455 0.000433746)
(0.000271521 9.52619e-05 0.000298979)
(0.000230827 8.03341e-05 0.00017101)
(0.00019966 7.04817e-05 6.62258e-05)
(0.000191847 7.19977e-05 -3.7583e-05)
(0.000157534 6.12599e-05 -0.000132694)
(0.000149725 6.08297e-05 -0.000194577)
(0.000135215 6.20493e-05 -0.000252536)
(0.000109701 5.87857e-05 -0.000290171)
(9.50257e-05 6.05896e-05 -0.000351785)
(7.0407e-05 5.44929e-05 -0.000369604)
(5.53895e-05 5.12845e-05 -0.000395702)
(3.22398e-05 4.20536e-05 -0.00037593)
(1.85317e-05 3.409e-05 -0.000354638)
(1.12792e-05 2.78678e-05 -0.00033656)
(2.27463e-06 1.95655e-05 -0.000275302)
(-1.63825e-06 1.34401e-05 -0.00022684)
(-3.97451e-06 8.83127e-06 -0.000183087)
(-7.56995e-06 8.20086e-06 -0.000216839)
(-1.36268e-05 8.11575e-06 -0.0002903)
(-2.15666e-05 6.9291e-06 -0.00037201)
(-3.09528e-05 4.45686e-06 -0.000453725)
(-4.09549e-05 8.93569e-07 -0.000529097)
(-5.10442e-05 -3.48076e-06 -0.000595361)
(-6.09032e-05 -8.38634e-06 -0.000652132)
(-7.02735e-05 -1.35787e-05 -0.000699433)
(-7.89287e-05 -1.88454e-05 -0.000737438)
(-8.6655e-05 -2.39994e-05 -0.00076628)
(-9.31165e-05 -2.88252e-05 -0.000785316)
(-9.76613e-05 -3.29853e-05 -0.00079251)
(-9.90811e-05 -3.60744e-05 -0.000783835)
(-9.57933e-05 -3.77272e-05 -0.000754214)
(-8.60215e-05 -3.77008e-05 -0.000697008)
(-6.90548e-05 -3.62593e-05 -0.000605204)
(-4.54578e-05 -3.30695e-05 -0.000468676)
(-1.95233e-05 -2.64054e-05 -0.000299084)
(-5.82263e-07 -1.76491e-05 -0.000155747)
(8.0021e-06 -1.13372e-05 -8.7316e-05)
(2.52056e-05 -2.21164e-05 -0.000108265)
(0.000101625 -2.96736e-05 0.000168738)
(0.000177707 2.15455e-05 0.000728545)
(0.000204056 7.19313e-05 0.00102789)
(0.000225219 9.27894e-05 0.00124172)
(0.000257076 0.000110908 0.00143729)
(0.000273005 0.000119902 0.00151606)
(0.000285869 0.000125978 0.00154982)
(0.000303423 0.000132925 0.00158887)
(0.000321695 0.000139196 0.0016153)
(0.000340525 0.000145101 0.00162932)
(0.000355687 0.000149507 0.00161587)
(0.000367107 0.000152279 0.00157627)
(0.000374196 0.000153488 0.00151049)
(0.000376437 0.000152944 0.00141987)
(0.00037521 0.000150971 0.00131392)
(0.000372039 0.000147846 0.00120052)
(0.000366392 0.000142965 0.00107822)
(0.000358547 0.000137329 0.000952954)
(0.000200592 7.13231e-05 0.000649063)
(0.000189563 6.54888e-05 0.000538245)
(0.000176728 5.91187e-05 0.000427897)
(0.00015899 5.16787e-05 0.000314604)
(0.00012897 4.12521e-05 0.000194024)
(0.000107973 3.45624e-05 0.000103456)
(8.63792e-05 2.81396e-05 2.39097e-05)
(7.5951e-05 2.66572e-05 -5.25191e-05)
(6.72813e-05 2.62005e-05 -0.000111241)
(6.25224e-05 2.89491e-05 -0.000158022)
(4.67679e-05 2.76601e-05 -0.000181041)
(3.30404e-05 2.62548e-05 -0.000206385)
(1.85608e-05 2.28589e-05 -0.000209101)
(1.1346e-05 2.09696e-05 -0.000219113)
(6.28646e-08 1.47991e-05 -0.000181036)
(-4.4752e-06 1.04062e-05 -0.000155117)
(-9.61391e-06 9.81227e-06 -0.000183247)
(-1.5654e-05 1.04204e-05 -0.000246084)
(-3.06902e-05 1.11855e-05 -0.000365305)
(-4.36897e-05 9.27217e-06 -0.000465498)
(-5.81716e-05 5.91532e-06 -0.000565768)
(-7.3651e-05 1.11788e-06 -0.000664317)
(-8.9229e-05 -4.93278e-06 -0.000755423)
(-0.000104338 -1.19277e-05 -0.000836408)
(-0.000118628 -1.95374e-05 -0.000906114)
(-0.000131801 -2.74153e-05 -0.000963812)
(-0.000143676 -3.53198e-05 -0.00100986)
(-0.000154151 -4.30697e-05 -0.001045)
(-0.000163149 -5.05241e-05 -0.00107002)
(-0.000170655 -5.75915e-05 -0.0010859)
(-0.000176573 -6.41591e-05 -0.00109308)
(-0.000180564 -6.99787e-05 -0.00109077)
(-0.000181809 -7.46114e-05 -0.00107644)
(-0.000178654 -7.74169e-05 -0.0010451)
(-0.000168833 -7.77348e-05 -0.000990136)
(-0.000149543 -7.50176e-05 -0.000901922)
(-0.000119901 -7.00583e-05 -0.000769426)
(-7.84903e-05 -6.048e-05 -0.000575334)
(-3.6638e-05 -4.79914e-05 -0.000371253)
(-3.68511e-06 -3.34815e-05 -0.000202674)
(8.344e-06 -1.43122e-05 -7.86556e-05)
(1.56293e-05 -2.07869e-05 -8.14272e-05)
(5.73707e-05 -2.76506e-05 0.00023095)
(6.87484e-05 1.15171e-05 0.0005227)
(0.000105997 4.17364e-05 0.000837817)
(0.000124678 5.73467e-05 0.00102536)
(0.000145083 6.89808e-05 0.00117251)
(0.000164586 7.86522e-05 0.00129248)
(0.000180729 8.54737e-05 0.00136391)
(0.00018898 8.75987e-05 0.00136168)
(0.000199814 9.03511e-05 0.00136978)
(0.000209853 9.23899e-05 0.00136541)
(0.000218658 9.37106e-05 0.00134597)
(0.000224421 9.41087e-05 0.00130387)
(0.000227114 9.35709e-05 0.00124055)
(0.000227047 9.20865e-05 0.00115977)
(0.000225405 8.96615e-05 0.00106943)
(0.000222109 8.61253e-05 0.000971824)
(0.000215853 8.11334e-05 0.000863044)
(0.000209023 7.62706e-05 0.000756246)
(8.25893e-05 2.34532e-05 0.000431564)
(7.56098e-05 2.02399e-05 0.000350221)
(6.74472e-05 1.68985e-05 0.000269013)
(5.5261e-05 1.30132e-05 0.000180701)
(4.44431e-05 1.0197e-05 0.000109575)
(3.24336e-05 7.93378e-06 4.64771e-05)
(2.54969e-05 5.85657e-06 -6.99783e-06)
(1.70566e-05 3.56857e-06 -5.16938e-05)
(8.79277e-06 2.96543e-06 -6.08734e-05)
(3.7459e-06 3.78599e-06 -7.45509e-05)
(-8.52162e-07 3.71919e-06 -8.49681e-05)
(-3.32798e-06 3.8447e-06 -0.000101698)
(-1.21958e-05 4.35221e-06 -0.00015183)
(-2.30886e-05 4.24143e-06 -0.000218413)
(-3.67885e-05 3.27409e-06 -0.000300063)
(-5.39451e-05 1.61354e-06 -0.000404263)
(-7.45105e-05 -1.5649e-06 -0.000527908)
(-9.11675e-05 -5.79609e-06 -0.000635631)
(-0.000116758 -1.2101e-05 -0.00076762)
(-0.000137527 -1.96284e-05 -0.00087625)
(-0.000158817 -2.80398e-05 -0.000980825)
(-0.000179377 -3.72938e-05 -0.00107592)
(-0.000198545 -4.70708e-05 -0.00115867)
(-0.000215867 -5.70441e-05 -0.00122754)
(-0.000231167 -6.69516e-05 -0.00128236)
(-0.000244331 -7.65889e-05 -0.00132332)
(-0.000255484 -8.58733e-05 -0.00135191)
(-0.000264728 -9.47667e-05 -0.00136958)
(-0.000272119 -0.000103224 -0.00137751)
(-0.000277779 -0.000111213 -0.00137709)
(-0.000281609 -0.000118633 -0.00136864)
(-0.000283039 -0.000125108 -0.00135061)
(-0.00028083 -0.000129928 -0.00131928)
(-0.000272488 -0.000131946 -0.00126757)
(-0.000254538 -0.000129849 -0.00118578)
(-0.000223618 -0.000123444 -0.00106149)
(-0.000175414 -0.000111501 -0.000874306)
(-0.000115529 -9.53623e-05 -0.000644632)
(-5.54948e-05 -7.7003e-05 -0.000416528)
(-4.60101e-06 -4.99678e-05 -0.000204938)
(1.11498e-05 -2.05982e-05 -7.37004e-05)
(9.37623e-06 -3.25077e-05 -8.40324e-05)
(8.30174e-06 -1.48816e-05 0.000159752)
(1.5407e-05 3.11656e-06 0.000318486)
(4.00035e-05 1.70664e-05 0.00061305)
(4.86384e-05 2.48322e-05 0.000724975)
(6.04791e-05 3.12819e-05 0.000842058)
(7.15658e-05 3.63261e-05 0.000932855)
(8.21214e-05 4.02229e-05 0.0010018)
(9.25146e-05 4.33462e-05 0.00105802)
(9.89178e-05 4.41839e-05 0.00106388)
(0.000101285 4.30837e-05 0.00102722)
(0.000103681 4.21646e-05 0.000993306)
(0.000104801 4.09912e-05 0.000948351)
(0.00010466 3.96327e-05 0.000892455)
(0.000103128 3.77544e-05 0.000825631)
(0.000100829 3.53313e-05 0.000753274)
(9.74981e-05 3.2428e-05 0.000675134)
(9.30982e-05 2.93085e-05 0.000592346)
(8.86591e-05 2.65016e-05 0.000513677)
(1.33238e-05 -1.05667e-06 0.000199401)
(1.02882e-05 -2.14004e-06 0.000154042)
(7.25624e-06 -3.02775e-06 0.000112142)
(4.47623e-06 -3.76886e-06 7.76022e-05)
(1.80039e-06 -4.7009e-06 5.11185e-05)
(-1.77255e-06 -5.84798e-06 2.22597e-05)
(-6.98332e-06 -8.45415e-06 -1.74038e-05)
(-2.05729e-05 -1.49323e-05 -6.33756e-05)
(-2.79374e-05 -1.59496e-05 -9.05379e-05)
(-2.5854e-05 -1.17813e-05 -0.000122451)
(-3.65058e-05 -1.27127e-05 -0.000166343)
(-5.39194e-05 -1.65726e-05 -0.000247925)
(-7.64635e-05 -2.12684e-05 -0.000357983)
(-9.69177e-05 -2.50433e-05 -0.000456524)
(-0.000121483 -3.01623e-05 -0.000575306)
(-0.000152646 -3.77284e-05 -0.00072487)
(-0.000186826 -4.73736e-05 -0.000886811)
(-0.000211597 -5.62989e-05 -0.00101853)
(-0.000245972 -6.7843e-05 -0.00116057)
(-0.000272533 -7.91484e-05 -0.00127508)
(-0.00029723 -9.07952e-05 -0.00137637)
(-0.000319451 -0.000102518 -0.0014622)
(-0.000338867 -0.000114017 -0.00153178)
(-0.000355338 -0.000125074 -0.0015851)
(-0.000368891 -0.000135539 -0.00162281)
(-0.000379692 -0.000145351 -0.001646)
(-0.000388155 -0.000154614 -0.0016569)
(-0.000394615 -0.000163452 -0.00165754)
(-0.000399213 -0.000171908 -0.00164925)
(-0.000402063 -0.000180001 -0.00163335)
(-0.000402789 -0.000187552 -0.00160932)
(-0.000400396 -0.000193951 -0.00157447)
(-0.000392932 -0.000198022 -0.00152309)
(-0.000376686 -0.000197724 -0.00144503)
(-0.000346616 -0.000190937 -0.00132607)
(-0.00029819 -0.000177559 -0.00115231)
(-0.000231389 -0.000158499 -0.00092753)
(-0.000153799 -0.000137795 -0.000680401)
(-7.90356e-05 -0.000126447 -0.000477222)
(2.23961e-06 -5.62381e-05 -0.000150933)
(1.5692e-05 -3.2441e-05 -7.40574e-05)
(-1.31835e-05 -4.30184e-05 0.000134694)
(-2.31283e-05 -2.73022e-05 0.000394333)
(-3.55188e-06 -2.44915e-06 0.000261534)
(3.53741e-06 1.97047e-06 0.000295974)
(6.57794e-06 4.82772e-06 0.00038028)
(1.09677e-05 7.22381e-06 0.000461957)
(1.53735e-05 8.95151e-06 0.000526566)
(1.96162e-05 1.01189e-05 0.000575871)
(2.33646e-05 1.07107e-05 0.000608833)
(2.5681e-05 1.04844e-05 0.000609835)
(2.76264e-05 1.0082e-05 0.000609625)
(2.82146e-05 9.29843e-06 0.000587051)
(2.73564e-05 8.2424e-06 0.000542761)
(2.6135e-05 7.11842e-06 0.000497454)
(2.46315e-05 5.74303e-06 0.000449103)
(2.28564e-05 4.20811e-06 0.000398876)
(2.08679e-05 2.75915e-06 0.000348164)
(1.86867e-05 1.40949e-06 0.000297355)
(1.63628e-05 1.60546e-07 0.000249042)
(-2.85999e-05 -3.14321e-05 0.000351172)
(-3.2558e-05 -3.39932e-05 0.000306936)
(-3.50441e-05 -3.45698e-05 0.000241844)
(-3.69162e-05 -3.39599e-05 0.000171998)
(-3.94614e-05 -3.29727e-05 0.000106416)
(-4.91134e-05 -3.56685e-05 5.21739e-05)
(-6.86935e-05 -4.18444e-05 -1.39765e-05)
(-9.73821e-05 -5.30667e-05 -9.81456e-05)
(-8.59751e-05 -4.89917e-05 -0.000143278)
(-0.000104483 -5.2561e-05 -0.000217954)
(-0.0001158 -5.42935e-05 -0.000286696)
(-0.000158745 -7.06322e-05 -0.000441799)
(-0.000199845 -8.39247e-05 -0.00060544)
(-0.000225827 -8.99325e-05 -0.000727113)
(-0.000267303 -0.000102557 -0.000901223)
(-0.000310722 -0.000116851 -0.00108452)
(-0.000355759 -0.000133138 -0.00127401)
(-0.000389604 -0.000146772 -0.0014264)
(-0.000413727 -0.000158172 -0.00154455)
(-0.000452727 -0.000173305 -0.00167826)
(-0.000473491 -0.000185281 -0.00176343)
(-0.000491022 -0.000196447 -0.00182959)
(-0.000505911 -0.000206835 -0.00187886)
(-0.000517604 -0.00021635 -0.00191142)
(-0.000526154 -0.000224957 -0.00192837)
(-0.00053201 -0.000232771 -0.00193173)
(-0.000535661 -0.000240009 -0.00192359)
(-0.000537652 -0.000246983 -0.00190642)
(-0.000537987 -0.000253793 -0.00188102)
(-0.000536401 -0.000260431 -0.00184753)
(-0.000532035 -0.000266533 -0.0018042)
(-0.000523354 -0.000271167 -0.00174713)
(-0.000507197 -0.000272293 -0.00166748)
(-0.000478 -0.000266347 -0.00155046)
(-0.000431782 -0.000252864 -0.00138666)
(-0.000366959 -0.000232788 -0.00117821)
(-0.000287884 -0.000211086 -0.000944154)
(-0.000192247 -0.000187951 -0.000681596)
(-7.09643e-05 -0.000134488 -0.000341687)
(6.99038e-06 -6.40962e-05 -0.000104651)
(-7.15271e-06 -5.2443e-05 8.88687e-06)
(-9.71558e-05 -7.77677e-05 0.000506599)
(-7.45307e-05 -5.16907e-05 0.000665953)
(-4.80445e-05 -3.20502e-05 0.000728763)
(-2.88345e-05 -2.04416e-05 0.000666149)
(-2.28488e-05 -1.5227e-05 0.000631903)
(-1.69325e-05 -1.20221e-05 0.000580828)
(-1.27632e-05 -1.0272e-05 0.0005375)
(-1.00459e-05 -9.54408e-06 0.00050565)
(-8.45822e-06 -9.53758e-06 0.000485185)
(-7.77654e-06 -1.00924e-05 0.000474813)
(-7.85677e-06 -1.10975e-05 0.000472999)
(-8.6085e-06 -1.24117e-05 0.000475727)
(-1.00448e-05 -1.40608e-05 0.000480912)
(-1.20548e-05 -1.62444e-05 0.000485778)
(-1.44021e-05 -1.89147e-05 0.000484175)
(-1.68268e-05 -2.14238e-05 0.000468088)
(-1.90929e-05 -2.34113e-05 0.000437489)
(-2.13476e-05 -2.52461e-05 0.000401129)
(-2.52317e-05 -2.8952e-05 0.000389192)
(-0.000119901 -9.33738e-05 0.000584714)
(-0.000126818 -9.6231e-05 0.000497031)
(-0.00012595 -9.26398e-05 0.000379648)
(-0.00012495 -8.84578e-05 0.000270312)
(-0.000138401 -9.31254e-05 0.000189499)
(-0.00016203 -0.000101717 0.000104946)
(-0.000189306 -0.000108111 -1.03132e-06)
(-0.000198985 -0.000108893 -0.000120769)
(-0.000218605 -0.000118773 -0.00021622)
(-0.000257282 -0.000138446 -0.000358512)
(-0.000261536 -0.000136539 -0.000450834)
(-0.000332989 -0.000169228 -0.000671197)
(-0.000402902 -0.000198098 -0.000914669)
(-0.000447368 -0.000212862 -0.00111074)
(-0.000470141 -0.000217812 -0.0012486)
(-0.000519569 -0.000236889 -0.00145516)
(-0.000565813 -0.000255927 -0.00165075)
(-0.000601304 -0.000271636 -0.00181135)
(-0.000627837 -0.000283747 -0.0019354)
(-0.00064175 -0.000292733 -0.00201763)
(-0.000671601 -0.000305077 -0.00211774)
(-0.000679901 -0.000312654 -0.00215939)
(-0.000686085 -0.000318604 -0.00218357)
(-0.00068969 -0.000323671 -0.00219245)
(-0.00069058 -0.000327831 -0.00218701)
(-0.00068931 -0.000331295 -0.00216941)
(-0.000686352 -0.000334363 -0.00214149)
(-0.000682122 -0.000337413 -0.0021051)
(-0.000676545 -0.000340642 -0.0020608)
(-0.000669218 -0.000344149 -0.00200843)
(-0.000658517 -0.000347273 -0.00194438)
(-0.00064187 -0.000348477 -0.0018624)
(-0.000615012 -0.000344939 -0.00175135)
(-0.000574599 -0.000335089 -0.0016038)
(-0.000517761 -0.000318278 -0.00141805)
(-0.000444715 -0.000297176 -0.00120146)
(-0.000346484 -0.000269783 -0.000936617)
(-0.000222299 -0.000236628 -0.000629155)
(-7.55363e-05 -0.000172524 -0.000282791)
(-9.21338e-06 -8.9919e-05 -7.66541e-05)
(-0.000111449 -9.21037e-05 0.000377203)
(-0.000190169 -0.000112618 0.000751276)
(-0.000122668 -8.51466e-05 0.000849305)
(-9.5294e-05 -6.83208e-05 0.000949353)
(-8.03001e-05 -6.10688e-05 0.00103516)
(-7.42375e-05 -5.62786e-05 0.00107268)
(-6.40426e-05 -5.07869e-05 0.00102839)
(-5.84237e-05 -4.87555e-05 0.00101019)
(-5.52431e-05 -4.84037e-05 0.000995814)
(-5.44478e-05 -4.95599e-05 0.000988933)
(-5.58673e-05 -5.19838e-05 0.000988643)
(-5.92848e-05 -5.53151e-05 0.000991727)
(-6.45604e-05 -5.93609e-05 0.000994846)
(-7.15108e-05 -6.4295e-05 0.000995363)
(-7.96772e-05 -7.01727e-05 0.000985983)
(-8.79432e-05 -7.61232e-05 0.000956783)
(-9.49781e-05 -8.05465e-05 0.000899713)
(-0.00010069 -8.35137e-05 0.000822854)
(-0.000105522 -8.58695e-05 0.000737241)
(-0.00011291 -8.99161e-05 0.000665444)
(-0.000278173 -0.000192824 0.000838227)
(-0.000279192 -0.00019009 0.000687355)
(-0.000273295 -0.000182276 0.000529214)
(-0.000261222 -0.000172342 0.00037795)
(-0.000264337 -0.000168788 0.000251316)
(-0.000314183 -0.000193018 0.00014987)
(-0.000340743 -0.000198377 1.11148e-05)
(-0.000349289 -0.000192003 -0.000134328)
(-0.000441229 -0.000247635 -0.00033016)
(-0.000479749 -0.000270665 -0.000510152)
(-0.000478912 -0.000267345 -0.000647804)
(-0.000589231 -0.000323841 -0.000952085)
(-0.000668553 -0.000359847 -0.00123924)
(-0.000725969 -0.000382676 -0.00149647)
(-0.000766742 -0.000397396 -0.00171723)
(-0.000756972 -0.000387129 -0.00180646)
(-0.000795581 -0.000404003 -0.00199521)
(-0.000824832 -0.000417401 -0.00215133)
(-0.000842174 -0.000425901 -0.00226146)
(-0.000846955 -0.000428819 -0.00233211)
(-0.000862228 -0.000435071 -0.00239818)
(-0.000861348 -0.000436181 -0.0024182)
(-0.000857728 -0.000435659 -0.00242019)
(-0.000851134 -0.00043378 -0.00240472)
(-0.00084234 -0.000431109 -0.00237607)
(-0.000832354 -0.000428137 -0.00233734)
(-0.000821621 -0.000425226 -0.00229007)
(-0.000810272 -0.000422728 -0.00223515)
(-0.000798073 -0.000420877 -0.00217267)
(-0.000784225 -0.000419699 -0.00210116)
(-0.000766603 -0.000418608 -0.00201601)
(-0.000743497 -0.000417071 -0.00191371)
(-0.000710492 -0.000412127 -0.00178414)
(-0.000664234 -0.000401511 -0.00162169)
(-0.000602246 -0.000384627 -0.00142561)
(-0.000516619 -0.00036006 -0.00118431)
(-0.000379334 -0.000311913 -0.00084369)
(-0.000233934 -0.000275313 -0.000516793)
(-7.0341e-05 -0.000196318 -0.000179435)
(-8.33694e-05 -0.000102894 0.000202616)
(-0.000277037 -0.000127482 0.000679533)
(-0.000253527 -0.000150431 0.000876451)
(-0.000183949 -0.000129534 0.00103291)
(-0.000162349 -0.00011748 0.00119406)
(-0.000152439 -0.000115964 0.00135762)
(-0.000146045 -0.000111521 0.00141153)
(-0.0001425 -0.000112342 0.00147769)
(-0.000134105 -0.000108569 0.00144003)
(-0.000134215 -0.000110853 0.00144989)
(-0.000138143 -0.000115255 0.00146085)
(-0.000145796 -0.000121454 0.00147284)
(-0.000156855 -0.000128878 0.00148249)
(-0.000170846 -0.000137326 0.0014859)
(-0.000187277 -0.000147189 0.00147986)
(-0.000204809 -0.000157847 0.00145329)
(-0.000220941 -0.000166941 0.00139283)
(-0.000233402 -0.000172915 0.00129746)
(-0.000243602 -0.000177072 0.00118295)
(-0.000253055 -0.000181012 0.00106299)
(-0.000266857 -0.000187827 0.00095766)
(-0.000492157 -0.000325965 0.00107551)
(-0.000490191 -0.000323145 0.000892092)
(-0.000478544 -0.000310581 0.000692002)
(-0.000454094 -0.000290739 0.000493874)
(-0.000471832 -0.000294479 0.000342762)
(-0.000487663 -0.000295988 0.000184624)
(-0.000526977 -0.000307291 2.19855e-05)
(-0.000576708 -0.000329176 -0.00016899)
(-0.000744049 -0.000431861 -0.000446549)
(-0.000768399 -0.000451147 -0.000668245)
(-0.000795648 -0.000465749 -0.000896194)
(-0.000903742 -0.00052464 -0.00123432)
(-0.000955906 -0.000547355 -0.00151663)
(-0.000996589 -0.000562975 -0.0017778)
(-0.00104705 -0.000585145 -0.00204912)
(-0.00107245 -0.000595172 -0.00225954)
(-0.00103226 -0.000570263 -0.0023063)
(-0.00104653 -0.000575092 -0.00243877)
(-0.00105206 -0.000576806 -0.00253473)
(-0.00104008 -0.000570522 -0.0025804)
(-0.00104267 -0.000568091 -0.00261877)
(-0.00103215 -0.000561537 -0.00261849)
(-0.00101606 -0.000551734 -0.00259512)
(-0.00099523 -0.000540219 -0.00255223)
(-0.000974908 -0.00052903 -0.00250015)
(-0.000955334 -0.000518366 -0.00244142)
(-0.000936444 -0.000508491 -0.0023767)
(-0.000918166 -0.000499886 -0.00230643)
(-0.000899908 -0.000492556 -0.00222934)
(-0.000882018 -0.000487916 -0.00214633)
(-0.000861416 -0.00048495 -0.00205068)
(-0.000835536 -0.000482482 -0.00193695)
(-0.000799712 -0.000477549 -0.00179523)
(-0.000749895 -0.000466978 -0.00161905)
(-0.000677129 -0.000446265 -0.00139512)
(-0.000559515 -0.000404298 -0.00108753)
(-0.000461423 -0.000397108 -0.000823952)
(-0.00025535 -0.000341242 -0.000416309)
(-0.000110929 -0.000214727 5.56731e-05)
(-0.000267894 -0.000144742 0.000645152)
(-0.000413442 -0.000167479 0.000829242)
(-0.000326405 -0.000202612 0.0010024)
(-0.000262545 -0.000186459 0.00121569)
(-0.000225485 -0.000164606 0.00130507)
(-0.000242546 -0.000183137 0.00162354)
(-0.000238651 -0.000185126 0.00173746)
(-0.000242241 -0.00018847 0.00179868)
(-0.000247898 -0.000196015 0.00186973)
(-0.000256417 -0.000204355 0.00191404)
(-0.000264237 -0.000210393 0.00190796)
(-0.000282221 -0.000222446 0.00193332)
(-0.000304574 -0.000235569 0.00194792)
(-0.000330184 -0.000249722 0.00194676)
(-0.000357553 -0.00026525 0.00192538)
(-0.000385921 -0.000281048 0.00187982)
(-0.000409325 -0.00029253 0.00178977)
(-0.000427616 -0.000300068 0.00166381)
(-0.000442592 -0.000305296 0.00151768)
(-0.000456531 -0.000310408 0.00136663)
(-0.000475907 -0.000318866 0.00122634)
(-0.000754733 -0.000493817 0.00129525)
(-0.000772015 -0.000500743 0.00110313)
(-0.000781533 -0.000500384 0.000893315)
(-0.000769355 -0.000487425 0.00066639)
(-0.000753199 -0.00047123 0.000446047)
(-0.000763212 -0.000468762 0.000241263)
(-0.000816357 -0.000488733 3.71834e-05)
(-0.000940855 -0.000553304 -0.000217062)
(-0.00112605 -0.000673542 -0.000560818)
(-0.00114923 -0.000696221 -0.000844788)
(-0.00118148 -0.000717015 -0.00114106)
(-0.00123525 -0.000746658 -0.00146489)
(-0.00126604 -0.000759845 -0.00176131)
(-0.00129919 -0.000774371 -0.00205015)
(-0.00133073 -0.000788511 -0.00232198)
(-0.00137495 -0.000811162 -0.00259913)
(-0.00136227 -0.000801086 -0.002743)
(-0.00128356 -0.000753243 -0.00271621)
(-0.00126161 -0.000737847 -0.00276895)
(-0.00123819 -0.000721849 -0.00279589)
(-0.00121669 -0.000704398 -0.00279225)
(-0.0011861 -0.000683566 -0.00276036)
(-0.00115479 -0.000664186 -0.00271983)
(-0.00112694 -0.000645014 -0.00265782)
(-0.00109677 -0.000625162 -0.00258616)
(-0.00106889 -0.000606533 -0.00251044)
(-0.00104333 -0.000589929 -0.00243211)
(-0.00101909 -0.0005752 -0.00234985)
(-0.00099716 -0.000563768 -0.00226535)
(-0.000976878 -0.000556332 -0.00217566)
(-0.000954397 -0.000551617 -0.00207169)
(-0.000927379 -0.000548721 -0.0019481)
(-0.000890127 -0.000544089 -0.0017935)
(-0.000829178 -0.000528682 -0.00158506)
(-0.000733219 -0.000495596 -0.00130991)
(-0.000661158 -0.000490442 -0.00107285)
(-0.000513375 -0.000458495 -0.000707368)
(-0.000284229 -0.000395805 -0.000277048)
(-0.000223247 -0.00024285 0.000487449)
(-0.000479567 -0.000192561 0.000916579)
(-0.000524605 -0.000226465 0.000896117)
(-0.000427459 -0.000272768 0.00113846)
(-0.000365281 -0.00025848 0.00139032)
(-0.000351205 -0.000257337 0.00163398)
(-0.000350917 -0.000266367 0.00185562)
(-0.000358387 -0.000272174 0.0019884)
(-0.000364586 -0.000282186 0.00209117)
(-0.000383718 -0.000299858 0.00220813)
(-0.000406563 -0.000317833 0.00229186)
(-0.000423756 -0.000329078 0.00229557)
(-0.000455069 -0.000348491 0.00233193)
(-0.000492136 -0.000369359 0.00235344)
(-0.000531659 -0.000390718 0.0023479)
(-0.000571836 -0.000413007 0.00231362)
(-0.00060225 -0.000431798 0.00223998)
(-0.000642368 -0.000449004 0.00213784)
(-0.000666203 -0.000458609 0.00198682)
(-0.000687179 -0.000466262 0.0018193)
(-0.00070587 -0.000472095 0.00164022)
(-0.000730403 -0.000482518 0.00147069)
(-0.00109834 -0.000713037 0.00151833)
(-0.00113519 -0.00073141 0.00131373)
(-0.00118852 -0.000759362 0.00111085)
(-0.00120481 -0.000763788 0.000860804)
(-0.00119882 -0.000753013 0.000592935)
(-0.00119987 -0.000744854 0.000326789)
(-0.00124236 -0.000758191 6.25022e-05)
(-0.00146486 -0.000882491 -0.000267131)
(-0.00158776 -0.00097087 -0.000664121)
(-0.00162344 -0.00100636 -0.00102041)
(-0.00157397 -0.000980712 -0.00131801)
(-0.00160047 -0.000998349 -0.0016633)
(-0.00163711 -0.00102039 -0.00201163)
(-0.00166418 -0.00103523 -0.00233688)
(-0.00168232 -0.00104437 -0.00262976)
(-0.00169974 -0.00105363 -0.00289526)
(-0.00172318 -0.00106701 -0.00314173)
(-0.00165541 -0.00102325 -0.00318147)
(-0.00150838 -0.000929891 -0.00301665)
(-0.00145132 -0.000890479 -0.00298785)
(-0.00141119 -0.000858648 -0.002955)
(-0.00135897 -0.000823929 -0.00289749)
(-0.00131529 -0.000790796 -0.0028163)
(-0.00128278 -0.000765391 -0.0027702)
(-0.0012405 -0.000736339 -0.0026792)
(-0.00120267 -0.000709231 -0.00258873)
(-0.00117051 -0.000686023 -0.00250025)
(-0.00113953 -0.000664776 -0.00240771)
(-0.00111086 -0.000646607 -0.0023113)
(-0.00108667 -0.000634781 -0.00221303)
(-0.00106401 -0.000628663 -0.00210433)
(-0.00103767 -0.000625869 -0.0019724)
(-0.000988117 -0.000614617 -0.00178116)
(-0.000912341 -0.000591876 -0.00153394)
(-0.000886019 -0.000608059 -0.00135276)
(-0.000793799 -0.000597528 -0.00104462)
(-0.000577542 -0.000542358 -0.000585905)
(-0.000354939 -0.000431484 1.50191e-05)
(-0.000450523 -0.000303062 0.000974653)
(-0.000675734 -0.000266738 0.00104357)
(-0.000659631 -0.000322358 0.000992411)
(-0.000556818 -0.000368864 0.00130281)
(-0.000503291 -0.000358259 0.00160688)
(-0.000506019 -0.000372331 0.00192738)
(-0.000497421 -0.000380252 0.002131)
(-0.000510247 -0.000391964 0.00227548)
(-0.000524916 -0.000406479 0.00238291)
(-0.000550923 -0.000427332 0.00248447)
(-0.000591776 -0.000456315 0.00259692)
(-0.000649509 -0.000495854 0.00272721)
(-0.000684211 -0.000514754 0.00271482)
(-0.000734532 -0.000541958 0.0027217)
(-0.00079491 -0.000575247 0.00272553)
(-0.000852818 -0.000606051 0.0026858)
(-0.000902205 -0.000634403 0.00261148)
(-0.000959481 -0.000660256 0.00250379)
(-0.000992885 -0.000673396 0.00233171)
(-0.00101795 -0.000681951 0.00213404)
(-0.00103797 -0.000687141 0.0019205)
(-0.00106682 -0.000698449 0.00171999)
(-0.00159824 -0.00103399 0.00180632)
(-0.00163551 -0.00105057 0.00155417)
(-0.00167584 -0.00106851 0.00129262)
(-0.00171738 -0.001088 0.00101898)
(-0.00175967 -0.00110787 0.000730686)
(-0.00179856 -0.00112387 0.000422127)
(-0.00183733 -0.00113563 9.52134e-05)
(-0.0020208 -0.00123732 -0.000289427)
(-0.00217116 -0.00134644 -0.000768223)
(-0.00214701 -0.00135301 -0.00115488)
(-0.00203564 -0.00129479 -0.00147396)
(-0.00207576 -0.00132813 -0.00188075)
(-0.00210761 -0.00135366 -0.00227441)
(-0.00213007 -0.00137064 -0.0026456)
(-0.00215634 -0.00138936 -0.00300004)
(-0.00217381 -0.00140209 -0.00331282)
(-0.00216322 -0.00139605 -0.00354288)
(-0.00212798 -0.00137229 -0.00368417)
(-0.00215354 -0.00138526 -0.00388608)
(-0.00173947 -0.00111343 -0.00323279)
(-0.00165171 -0.00105015 -0.00313133)
(-0.0015833 -0.000998088 -0.00303621)
(-0.0015151 -0.000948517 -0.00294215)
(-0.00146645 -0.000908918 -0.0028486)
(-0.00143638 -0.000881658 -0.00279803)
(-0.00139504 -0.000850829 -0.00271087)
(-0.00135451 -0.000820644 -0.0026182)
(-0.00131594 -0.000793248 -0.00252162)
(-0.00128125 -0.000769351 -0.00242171)
(-0.00124985 -0.000750167 -0.00231401)
(-0.00122218 -0.000737382 -0.00219189)
(-0.00118539 -0.000726707 -0.00202941)
(-0.00111963 -0.000705562 -0.00179434)
(-0.00110951 -0.000726111 -0.00162234)
(-0.00105254 -0.00072661 -0.00134988)
(-0.000919049 -0.000692981 -0.000945097)
(-0.000717414 -0.000686668 -0.000490901)
(-0.000517613 -0.000518918 0.000480757)
(-0.000736673 -0.000393414 0.00128736)
(-0.000945644 -0.000421959 0.00122464)
(-0.000870023 -0.000472443 0.00116611)
(-0.000729212 -0.000497556 0.00150351)
(-0.000662747 -0.000481206 0.00181276)
(-0.000654139 -0.000489514 0.00208472)
(-0.000694697 -0.000532136 0.00242328)
(-0.000717338 -0.000554799 0.00259516)
(-0.000744041 -0.000577436 0.0027148)
(-0.000780913 -0.000604429 0.00280982)
(-0.000831504 -0.000637998 0.00289717)
(-0.000901211 -0.000680932 0.00299561)
(-0.00100065 -0.000743863 0.00313679)
(-0.00105854 -0.000773429 0.00310328)
(-0.00114126 -0.000818643 0.00310225)
(-0.00122934 -0.000865418 0.003077)
(-0.00130538 -0.000907993 0.003008)
(-0.00139731 -0.000953463 0.00291738)
(-0.00145703 -0.000980551 0.00274803)
(-0.00150124 -0.000998874 0.00253861)
(-0.00153113 -0.00100858 0.00229644)
(-0.00155941 -0.00101728 0.00204675)
(-0.00236061 -0.00151424 0.00216886)
(-0.0023743 -0.00151286 0.00184161)
(-0.00240748 -0.00152461 0.00152402)
(-0.00244981 -0.00154385 0.00120161)
(-0.0024986 -0.00156773 0.00086703)
(-0.00254749 -0.00159071 0.000511095)
(-0.00258861 -0.00160616 0.000131173)
(-0.00270666 -0.00167025 -0.000296353)
(-0.00271768 -0.00169793 -0.000792996)
(-0.00272057 -0.00173126 -0.00122345)
(-0.00274583 -0.00176998 -0.0016784)
(-0.00279733 -0.00182064 -0.00215865)
(-0.00283876 -0.00186131 -0.00263213)
(-0.00286685 -0.00188975 -0.00308209)
(-0.00285562 -0.00189036 -0.00346052)
(-0.00281123 -0.00186729 -0.00374974)
(-0.00274561 -0.001828 -0.00394936)
(-0.00266496 -0.00177553 -0.00406168)
(-0.00257464 -0.0017128 -0.00409562)
(-0.00249585 -0.0016536 -0.0040919)
(-0.00208466 -0.00137189 -0.00348674)
(-0.00193766 -0.00126483 -0.00328164)
(-0.00185271 -0.00119703 -0.00315535)
(-0.00177788 -0.00113988 -0.003052)
(-0.0017236 -0.0010957 -0.00295821)
(-0.00167757 -0.00105803 -0.00287507)
(-0.00165406 -0.00103376 -0.00282503)
(-0.00160604 -0.00100049 -0.00273485)
(-0.00156789 -0.000972532 -0.00264652)
(-0.00154012 -0.000951953 -0.002553)
(-0.00152081 -0.000940673 -0.00244203)
(-0.00145091 -0.000902905 -0.00221209)
(-0.00141108 -0.000893991 -0.00198533)
(-0.00137189 -0.000895079 -0.00171616)
(-0.00128641 -0.000880232 -0.00135347)
(-0.00116164 -0.000863812 -0.00089868)
(-0.000961331 -0.000886367 -0.000383161)
(-0.000825359 -0.000683167 0.00115491)
(-0.00114202 -0.00057311 0.00160582)
(-0.00123117 -0.000614833 0.00135813)
(-0.00111152 -0.000645792 0.00131662)
(-0.000993136 -0.000688713 0.00178501)
(-0.000906796 -0.000661766 0.00209285)
(-0.000887759 -0.000667841 0.00234128)
(-0.000885129 -0.000680013 0.00251094)
(-0.00100995 -0.000780637 0.00294204)
(-0.00106909 -0.000825588 0.00311206)
(-0.00112615 -0.000864016 0.00321048)
(-0.00119676 -0.000907502 0.00328881)
(-0.0012824 -0.00095646 0.00335536)
(-0.0013908 -0.00101972 0.00343066)
(-0.0015665 -0.0011287 0.00361735)
(-0.00164456 -0.0011634 0.00352938)
(-0.00178709 -0.00124089 0.00354172)
(-0.00189421 -0.00129737 0.00346209)
(-0.00201572 -0.00135896 0.0033561)
(-0.00212487 -0.00141404 0.00320796)
(-0.00221385 -0.00145671 0.00300753)
(-0.00228623 -0.00149006 0.00276564)
(-0.00233796 -0.00151097 0.00248503)
(-0.00364189 -0.00228002 0.00266407)
(-0.00373497 -0.00232591 0.00231944)
(-0.00381494 -0.00236501 0.00194733)
(-0.003874 -0.00239384 0.00154675)
(-0.00392308 -0.00241814 0.00112488)
(-0.00396804 -0.00244053 0.000679365)
(-0.00400826 -0.00245952 0.000207)
(-0.00406527 -0.00248931 -0.000307368)
(-0.0040553 -0.00251414 -0.00092414)
(-0.00402749 -0.00254581 -0.00144664)
(-0.00405697 -0.00260422 -0.00200717)
(-0.00406557 -0.00264353 -0.00256765)
(-0.00399011 -0.00262153 -0.00305931)
(-0.00384513 -0.00254847 -0.00344674)
(-0.00375777 -0.00250932 -0.00382156)
(-0.00365393 -0.00245562 -0.00411003)
(-0.00351343 -0.00237279 -0.00427647)
(-0.00348696 -0.00236172 -0.0045068)
(-0.00335543 -0.00227344 -0.00453215)
(-0.00321683 -0.00217377 -0.00448045)
(-0.00309011 -0.00207635 -0.00439131)
(-0.00287479 -0.00191682 -0.00413647)
(-0.00249655 -0.0016506 -0.00361898)
(-0.0023778 -0.00155872 -0.00346056)
(-0.00228166 -0.00148373 -0.00332676)
(-0.00218698 -0.00141467 -0.00320657)
(-0.00213618 -0.00137329 -0.00313627)
(-0.00208831 -0.00133723 -0.0030718)
(-0.002053 -0.00130919 -0.00301713)
(-0.00200619 -0.00127704 -0.00293016)
(-0.00198334 -0.00125595 -0.00281518)
(-0.00193741 -0.00122408 -0.00260795)
(-0.00189973 -0.00120305 -0.00232856)
(-0.00179977 -0.00115943 -0.00190885)
(-0.00167104 -0.00111773 -0.00141842)
(-0.00147228 -0.00107946 -0.000840058)
(-0.00126208 -0.00106872 6.50612e-06)
(-0.00148261 -0.00104836 0.00196629)
(-0.00209359 -0.00111139 0.0024139)
(-0.00181956 -0.000987925 0.00174574)
(-0.00150255 -0.000908521 0.00158078)
(-0.00136675 -0.00095365 0.00212547)
(-0.00129634 -0.000941945 0.00249558)
(-0.00129075 -0.000964272 0.0027716)
(-0.00131523 -0.000995031 0.00297382)
(-0.00135661 -0.00102671 0.00310719)
(-0.00158651 -0.0011945 0.00359691)
(-0.00167816 -0.00125134 0.00370254)
(-0.00178128 -0.0013104 0.00377517)
(-0.001897 -0.00137207 0.00382341)
(-0.00202471 -0.00143991 0.00384827)
(-0.00222251 -0.00155369 0.0039603)
(-0.00259002 -0.00177877 0.00430011)
(-0.00264978 -0.0017876 0.00407501)
(-0.00278723 -0.00185333 0.0039603)
(-0.00293581 -0.00192545 0.00381836)
(-0.0030911 -0.00200297 0.00365822)
(-0.00324432 -0.00207862 0.00346601)
(-0.00339027 -0.00215202 0.00323701)
(-0.00352749 -0.0022222 0.00297167)
(-0.00533363 -0.0031885 0.00303808)
(-0.00550368 -0.0032763 0.00267342)
(-0.00565988 -0.00335879 0.00227316)
(-0.00579284 -0.00343192 0.00183483)
(-0.00590318 -0.00349526 0.00136084)
(-0.00599005 -0.00354776 0.000848323)
(-0.00605638 -0.00359063 0.000296338)
(-0.00611339 -0.00362788 -0.000300049)
(-0.00606014 -0.00364211 -0.00103787)
(-0.00600589 -0.00367985 -0.00166357)
(-0.00594164 -0.00370261 -0.00229637)
(-0.00585667 -0.00370546 -0.00292377)
(-0.00573312 -0.00367631 -0.00350688)
(-0.00560851 -0.00364113 -0.00404204)
(-0.00544564 -0.00357386 -0.00448003)
(-0.00524813 -0.00347651 -0.00479796)
(-0.00502547 -0.00335408 -0.00498854)
(-0.00478671 -0.00321158 -0.00505765)
(-0.00453752 -0.0030519 -0.00501797)
(-0.00428784 -0.00288196 -0.00489519)
(-0.00404704 -0.00270968 -0.00471891)
(-0.00382682 -0.0025462 -0.00452253)
(-0.00379385 -0.00250557 -0.00452268)
(-0.00349221 -0.0022899 -0.00418883)
(-0.00318269 -0.0020744 -0.00383718)
(-0.00300296 -0.00194949 -0.00364934)
(-0.00290785 -0.00187955 -0.00355524)
(-0.00281634 -0.00181557 -0.0034773)
(-0.00275284 -0.00176906 -0.00343165)
(-0.00269604 -0.00172649 -0.0033709)
(-0.00267385 -0.00169942 -0.00328423)
(-0.00265933 -0.00167716 -0.00311868)
(-0.00264987 -0.00165562 -0.00281312)
(-0.00258597 -0.00161678 -0.00231775)
(-0.00233642 -0.00149362 -0.00158702)
(-0.00202491 -0.00141742 -0.000829159)
(-0.00189534 -0.00144385 0.000577058)
(-0.00239993 -0.00150731 0.00270145)
(-0.00275682 -0.00152594 0.0026133)
(-0.00257052 -0.00144794 0.00213407)
(-0.00209795 -0.00126964 0.00193468)
(-0.00191299 -0.00130457 0.00251894)
(-0.00189982 -0.00134684 0.00299732)
(-0.00195915 -0.00141494 0.00335365)
(-0.00203535 -0.00147267 0.0035876)
(-0.00211799 -0.00152382 0.00373016)
(-0.00237901 -0.00169575 0.00411011)
(-0.00254046 -0.00178871 0.00424785)
(-0.00269985 -0.00187341 0.0043248)
(-0.00286885 -0.00195836 0.00436836)
(-0.00304252 -0.00204356 0.00437257)
(-0.00329313 -0.00217711 0.00444458)
(-0.00366513 -0.00238448 0.00462029)
(-0.00398085 -0.00254797 0.00466121)
(-0.0041347 -0.00261063 0.00448306)
(-0.0043055 -0.00268662 0.00428973)
(-0.00451674 -0.00278622 0.00410594)
(-0.00473067 -0.00288692 0.00389266)
(-0.00494202 -0.00299054 0.00364684)
(-0.00514717 -0.00309358 0.0033638)
(-0.00771794 -0.00431375 0.00337582)
(-0.00795161 -0.00443121 0.00297693)
(-0.00816649 -0.00454302 0.00253989)
(-0.0083536 -0.00464534 0.00206229)
(-0.00851222 -0.00473803 0.0015456)
(-0.00864047 -0.0048197 0.00098582)
(-0.00873981 -0.00489134 0.000380557)
(-0.00882655 -0.00495677 -0.000268348)
(-0.00880045 -0.00500554 -0.00110266)
(-0.00875299 -0.00507208 -0.00182103)
(-0.00863285 -0.00509017 -0.00253585)
(-0.00846116 -0.00507286 -0.00324387)
(-0.00841869 -0.00512752 -0.00398887)
(-0.00820317 -0.00507028 -0.00461021)
(-0.00788875 -0.00494111 -0.00509157)
(-0.00755026 -0.00478496 -0.00544026)
(-0.00720111 -0.00460819 -0.00565238)
(-0.00684903 -0.0044148 -0.00573553)
(-0.00648288 -0.00419724 -0.00569245)
(-0.00611748 -0.00396562 -0.00555538)
(-0.00576572 -0.00373057 -0.00535904)
(-0.00543253 -0.00349963 -0.00513028)
(-0.00512902 -0.00328565 -0.00489976)
(-0.00486295 -0.00309817 -0.00469006)
(-0.00463514 -0.00294011 -0.00451269)
(-0.00424946 -0.00269109 -0.00419143)
(-0.00401345 -0.00253331 -0.00400254)
(-0.00383518 -0.00241621 -0.00389034)
(-0.00370658 -0.00232954 -0.00383722)
(-0.00368619 -0.00230637 -0.00387019)
(-0.0036484 -0.00226855 -0.00383579)
(-0.00362067 -0.00222957 -0.00368668)
(-0.00359988 -0.00218429 -0.00333863)
(-0.00357064 -0.00213656 -0.00274837)
(-0.00344991 -0.00208238 -0.00191751)
(-0.00302979 -0.00199445 -0.000898401)
(-0.00292625 -0.00200973 0.00137384)
(-0.00356592 -0.0020334 0.00332616)
(-0.00331358 -0.00181919 0.00261597)
(-0.00344908 -0.0019304 0.00245897)
(-0.00283497 -0.00167618 0.00228212)
(-0.00274104 -0.00178102 0.00301388)
(-0.00290509 -0.00194583 0.00368567)
(-0.00305302 -0.00205622 0.00407914)
(-0.0031923 -0.00213706 0.00430975)
(-0.00333831 -0.00221248 0.00445155)
(-0.00354477 -0.00232102 0.00460396)
(-0.00384721 -0.00248452 0.0048168)
(-0.00410806 -0.0026137 0.00491886)
(-0.00437182 -0.00274011 0.00497476)
(-0.00465401 -0.00287384 0.00500458)
(-0.00500253 -0.00304582 0.00505977)
(-0.00540835 -0.00324845 0.00512085)
(-0.00598232 -0.00354475 0.0052743)
(-0.00613217 -0.00359065 0.00501729)
(-0.00633192 -0.00366973 0.00477419)
(-0.0066206 -0.00379702 0.00456451)
(-0.00690548 -0.00392369 0.00431989)
(-0.00718948 -0.00405756 0.004047)
(-0.0074647 -0.00418994 0.00373411)
(-0.0109602 -0.00555934 0.00364226)
(-0.0112667 -0.0057065 0.00321403)
(-0.0115487 -0.00584792 0.00274703)
(-0.0117956 -0.00597876 0.00223844)
(-0.0120055 -0.00609921 0.00168951)
(-0.0121747 -0.00620719 0.00109631)
(-0.0123032 -0.00630303 0.000455862)
(-0.0124073 -0.00638999 -0.000226479)
(-0.0123941 -0.00646106 -0.00111104)
(-0.0123502 -0.00654724 -0.00189365)
(-0.0121819 -0.00656793 -0.00266475)
(-0.0122801 -0.0067333 -0.00352998)
(-0.0120161 -0.00669713 -0.00429974)
(-0.0116105 -0.00657367 -0.0049597)
(-0.0111502 -0.0064076 -0.0054978)
(-0.0106459 -0.00619984 -0.00588426)
(-0.010112 -0.00595539 -0.00610765)
(-0.00956643 -0.00568347 -0.00617923)
(-0.00902835 -0.00539556 -0.00612847)
(-0.00851509 -0.00510338 -0.00599375)
(-0.00803782 -0.00481679 -0.00581023)
(-0.00760327 -0.00454487 -0.0056062)
(-0.0072157 -0.00429631 -0.00540472)
(-0.00687456 -0.00407613 -0.0052203)
(-0.0065804 -0.00388816 -0.00506526)
(-0.00631534 -0.00372297 -0.00493524)
(-0.00610915 -0.00359124 -0.00485114)
(-0.00525937 -0.00308527 -0.00427617)
(-0.00500736 -0.00293009 -0.00419644)
(-0.00487518 -0.0028443 -0.00421881)
(-0.00507957 -0.00295016 -0.00448486)
(-0.00505994 -0.0029142 -0.00441388)
(-0.00496495 -0.00281902 -0.00400992)
(-0.00485199 -0.00269549 -0.00324313)
(-0.0048143 -0.00267294 -0.00223829)
(-0.00383513 -0.00231612 -0.000829918)
(-0.00393723 -0.00240092 0.00215726)
(-0.00431615 -0.00219926 0.00335156)
(-0.00479314 -0.00247104 0.00316489)
(-0.00469362 -0.00247373 0.00284911)
(-0.00408804 -0.00226198 0.00283959)
(-0.00417471 -0.00246884 0.00374991)
(-0.0044561 -0.00267738 0.00443129)
(-0.00469698 -0.00281542 0.00480041)
(-0.00492613 -0.00292392 0.00501587)
(-0.00516225 -0.00302809 0.00514905)
(-0.00536429 -0.00310654 0.00518753)
(-0.00579625 -0.00331155 0.0053917)
(-0.00620433 -0.00349596 0.00551677)
(-0.00657517 -0.00365512 0.0055575)
(-0.00700546 -0.00384459 0.00560252)
(-0.00749858 -0.00406617 0.00564915)
(-0.00801184 -0.00429645 0.00566093)
(-0.00875964 -0.00464811 0.00577534)
(-0.00888871 -0.00467106 0.00544665)
(-0.00913586 -0.00475936 0.00516821)
(-0.00952419 -0.00491917 0.00493683)
(-0.00990631 -0.00508055 0.00466955)
(-0.0102717 -0.00524329 0.00436909)
(-0.0106286 -0.0054056 0.00402884)
(-0.0149573 -0.00657864 0.00376533)
(-0.0153358 -0.00674589 0.00331915)
(-0.0156842 -0.00690737 0.00283596)
(-0.0159908 -0.00705802 0.00231282)
(-0.0162528 -0.00719781 0.00175091)
(-0.0164639 -0.00732408 0.00114691)
(-0.0166229 -0.00743633 0.000497248)
(-0.0167467 -0.00753745 -0.000192089)
(-0.0167198 -0.00760776 -0.00107937)
(-0.0167221 -0.00771832 -0.00188969)
(-0.016574 -0.00776545 -0.00268766)
(-0.016685 -0.00793452 -0.00356959)
(-0.0162562 -0.00785007 -0.0043464)
(-0.015722 -0.00770852 -0.00503731)
(-0.0151009 -0.00751288 -0.00560413)
(-0.0144098 -0.00726484 -0.00601279)
(-0.0136737 -0.00697209 -0.00625039)
(-0.0129232 -0.00664832 -0.0063313)
(-0.01219 -0.00631009 -0.00629135)
(-0.0114998 -0.00597291 -0.00617429)
(-0.0108665 -0.00564811 -0.00601649)
(-0.0102951 -0.00534327 -0.00584248)
(-0.00978514 -0.0050638 -0.00566928)
(-0.00933353 -0.00481324 -0.005508)
(-0.0089387 -0.00459411 -0.00536861)
(-0.00858921 -0.00440209 -0.00525592)
(-0.00832765 -0.00425286 -0.00520296)
(-0.00817472 -0.00416063 -0.00526146)
(-0.00709993 -0.00360032 -0.00475353)
(-0.00685417 -0.00346248 -0.00480146)
(-0.00674447 -0.00339436 -0.0049125)
(-0.00684664 -0.00343395 -0.00503022)
(-0.00674968 -0.00335601 -0.00468327)
(-0.00599931 -0.00292409 -0.00347064)
(-0.00565834 -0.0027716 -0.00222727)
(-0.00505964 -0.00270195 -0.000684374)
(-0.00508837 -0.00266186 0.00282283)
(-0.00565132 -0.0024831 0.00367078)
(-0.00653312 -0.00294826 0.00364521)
(-0.00636656 -0.00293835 0.0032318)
(-0.00588045 -0.0028349 0.00341833)
(-0.0061218 -0.00308339 0.00438887)
(-0.00654651 -0.00331345 0.00503005)
(-0.00691713 -0.00348018 0.00536964)
(-0.00726728 -0.00361842 0.00556863)
(-0.00761609 -0.00374914 0.00568774)
(-0.00790015 -0.00384358 0.00570618)
(-0.00840781 -0.00404259 0.00583716)
(-0.00887606 -0.00421948 0.00589144)
(-0.0093667 -0.00440275 0.00591421)
(-0.00994776 -0.00462657 0.00594877)
(-0.0105937 -0.00487908 0.00597394)
(-0.0112686 -0.00514455 0.0059664)
(-0.0123704 -0.00560332 0.00611973)
(-0.012419 -0.00558476 0.00571395)
(-0.0127137 -0.00568024 0.00540535)
(-0.0132041 -0.00586372 0.00515187)
(-0.0136754 -0.00604572 0.00486069)
(-0.0141167 -0.00622484 0.00453474)
(-0.0145512 -0.0064055 0.00417201)
(-0.0182214 -0.00656245 0.00355432)
(-0.0186334 -0.00672326 0.00312258)
(-0.019013 -0.00687871 0.00265894)
(-0.0193478 -0.00702418 0.00216083)
(-0.0196364 -0.00715987 0.0016294)
(-0.0198718 -0.00728348 0.00106202)
(-0.0200509 -0.00739392 0.000454758)
(-0.0201921 -0.0074934 -0.000187518)
(-0.0201565 -0.00755188 -0.00100908)
(-0.0202257 -0.00766462 -0.00177279)
(-0.0207992 -0.00797494 -0.0026033)
(-0.0202973 -0.00786698 -0.0033422)
(-0.0197946 -0.00776437 -0.00407129)
(-0.0191682 -0.00761017 -0.0047256)
(-0.0184191 -0.00739853 -0.00526387)
(-0.0175689 -0.00713194 -0.0056518)
(-0.0166538 -0.00682008 -0.00587659)
(-0.0157188 -0.0064792 -0.00595401)
(-0.0148089 -0.00612845 -0.00592221)
(-0.0139588 -0.00578488 -0.00582567)
(-0.0131843 -0.0054596 -0.00569825)
(-0.0124885 -0.00515825 -0.00555943)
(-0.0118683 -0.00488357 -0.00542101)
(-0.0113203 -0.00463757 -0.0052914)
(-0.0108456 -0.0044228 -0.00518061)
(-0.0104357 -0.00423641 -0.00509757)
(-0.010127 -0.00408789 -0.00507589)
(-0.009915 -0.00397982 -0.00515411)
(-0.00981251 -0.00391616 -0.00535672)
(-0.0086676 -0.00344252 -0.00501422)
(-0.00844205 -0.00334475 -0.00515578)
(-0.00826651 -0.00328104 -0.00518107)
(-0.00789178 -0.00313107 -0.00472792)
(-0.0076563 -0.00302503 -0.00386933)
(-0.00701095 -0.00286017 -0.00236563)
(-0.00598806 -0.00268678 -0.000321163)
(-0.00603822 -0.00255467 0.00328405)
(-0.00708049 -0.00246811 0.00402869)
(-0.0079753 -0.00284575 0.00377461)
(-0.00783666 -0.00288399 0.0032661)
(-0.00747186 -0.0028762 0.0035624)
(-0.00787831 -0.00314352 0.00453968)
(-0.008447 -0.00337221 0.00513353)
(-0.00895393 -0.00355052 0.00545173)
(-0.00942465 -0.00370077 0.00563842)
(-0.00958538 -0.00372761 0.00557524)
(-0.010173 -0.00391868 0.00571667)
(-0.0107389 -0.00409906 0.00579742)
(-0.0112939 -0.00427297 0.00582831)
(-0.0118913 -0.00446076 0.00583896)
(-0.0125694 -0.0046777 0.00584584)
(-0.0133243 -0.00492263 0.00584323)
(-0.0141278 -0.0051848 0.00581491)
(-0.0153688 -0.00560912 0.00590874)
(-0.015403 -0.00559353 0.00550154)
(-0.0157591 -0.00569517 0.00519493)
(-0.0163115 -0.00587647 0.00493496)
(-0.0168231 -0.00605036 0.00463781)
(-0.0173065 -0.00622301 0.00431114)
(-0.0177793 -0.00639591 0.00395175)
(-0.0184795 -0.0051772 0.00294324)
(-0.0188865 -0.00531308 0.00257355)
(-0.0192662 -0.00544564 0.00217888)
(-0.0196032 -0.00557027 0.00175667)
(-0.0198935 -0.00568598 0.00130746)
(-0.0201309 -0.0057913 0.0008297)
(-0.0203098 -0.00588472 0.000320166)
(-0.020447 -0.0059671 -0.000216503)
(-0.0203927 -0.00600642 -0.000903562)
(-0.0204801 -0.0060894 -0.00153864)
(-0.0212244 -0.00636266 -0.00223417)
(-0.0206368 -0.00621495 -0.00282699)
(-0.020103 -0.00609559 -0.00342128)
(-0.0194498 -0.00593769 -0.00395346)
(-0.0186663 -0.00573225 -0.00438993)
(-0.0177749 -0.00548272 -0.00470367)
(-0.0168145 -0.00519868 -0.00488488)
(-0.0158339 -0.00489509 -0.0049475)
(-0.0148813 -0.00458937 -0.00492448)
(-0.0139926 -0.00429443 -0.00485312)
(-0.0131859 -0.00401981 -0.00476094)
(-0.012466 -0.00377039 -0.00466283)
(-0.0118321 -0.00354821 -0.00456763)
(-0.0112829 -0.00335413 -0.004482)
(-0.0108204 -0.00318902 -0.00441487)
(-0.0104319 -0.00304842 -0.00437271)
(-0.0101406 -0.00293556 -0.00438646)
(-0.00993353 -0.00285189 -0.0044899)
(-0.00985624 -0.00280872 -0.00472616)
(-0.00891433 -0.00252686 -0.0045879)
(-0.00862515 -0.0024425 -0.0047518)
(-0.00839814 -0.00239183 -0.00480863)
(-0.00820811 -0.00237493 -0.00454508)
(-0.00775473 -0.00230233 -0.0036315)
(-0.0070143 -0.00224437 -0.00212241)
(-0.005823 -0.00207431 0.000204337)
(-0.00614153 -0.00193743 0.00341044)
(-0.00749074 -0.00186396 0.00396121)
(-0.00833076 -0.00211683 0.00346097)
(-0.008043 -0.00218356 0.00279899)
(-0.00791276 -0.00229009 0.00326843)
(-0.00837623 -0.0025066 0.00414965)
(-0.00892858 -0.00267438 0.00462569)
(-0.00944051 -0.00281208 0.00488467)
(-0.0096208 -0.00284021 0.004881)
(-0.0101809 -0.00298041 0.00501368)
(-0.0107211 -0.00311634 0.00509465)
(-0.0112781 -0.00325492 0.00514009)
(-0.011843 -0.00339609 0.00515216)
(-0.012448 -0.00354743 0.00514507)
(-0.0131177 -0.00371658 0.00512654)
(-0.0138894 -0.00391394 0.00510722)
(-0.014751 -0.00413435 0.00507712)
(-0.0156269 -0.00436145 0.00500999)
(-0.0157553 -0.004381 0.00467644)
(-0.0161685 -0.00447954 0.00441036)
(-0.0166875 -0.00462419 0.00416719)
(-0.0171601 -0.00476243 0.0038962)
(-0.0176088 -0.00490016 0.00360363)
(-0.0180521 -0.00503937 0.0032872)
(-0.0158758 -0.00332181 0.00224636)
(-0.016231 -0.00341942 0.00195256)
(-0.0165597 -0.00351364 0.0016399)
(-0.0168494 -0.00360143 0.00130673)
(-0.0170966 -0.00368171 0.000953342)
(-0.0172967 -0.00375363 0.000578975)
(-0.017444 -0.0038161 0.000181718)
(-0.0175572 -0.00386972 -0.000231194)
(-0.0174893 -0.00388724 -0.000757217)
(-0.0175572 -0.00393214 -0.00123836)
(-0.018304 -0.00411686 -0.00176922)
(-0.0176711 -0.00395631 -0.00219546)
(-0.0171531 -0.00383701 -0.0026295)
(-0.0165433 -0.00369471 -0.00301341)
(-0.0158187 -0.00352011 -0.00332446)
(-0.0149995 -0.00331716 -0.00354592)
(-0.0141238 -0.00309401 -0.00367386)
(-0.0132391 -0.00286243 -0.00372138)
(-0.0123909 -0.00263469 -0.00371412)
(-0.0116115 -0.00242111 -0.00367852)
(-0.0109168 -0.0022288 -0.00363295)
(-0.0103077 -0.00206016 -0.00358581)
(-0.0097799 -0.00191489 -0.00354167)
(-0.00932885 -0.00179165 -0.00350475)
(-0.00895737 -0.00168949 -0.00348403)
(-0.00865491 -0.00160504 -0.0034848)
(-0.00844606 -0.00153963 -0.0035387)
(-0.00831208 -0.00149318 -0.00367269)
(-0.00826743 -0.00146879 -0.00391312)
(-0.00828713 -0.00146597 -0.00425124)
(-0.00731399 -0.00130477 -0.00405015)
(-0.00706505 -0.00129275 -0.00408894)
(-0.00681817 -0.00131029 -0.00382247)
(-0.00631393 -0.00130347 -0.00295352)
(-0.00558588 -0.00133936 -0.00159327)
(-0.00534779 -0.00144202 0.000852305)
(-0.00519443 -0.0010939 0.00312166)
(-0.00681743 -0.00104352 0.00356489)
(-0.00748545 -0.00120666 0.00283688)
(-0.00693917 -0.00128717 0.00215079)
(-0.00686878 -0.00142471 0.00267889)
(-0.00731013 -0.00157892 0.00343364)
(-0.00777027 -0.00168162 0.00380181)
(-0.00800702 -0.00172284 0.00391287)
(-0.00847126 -0.00180723 0.00405674)
(-0.00890909 -0.00188564 0.00413513)
(-0.00936557 -0.00197071 0.00418566)
(-0.00983682 -0.0020591 0.00420608)
(-0.010323 -0.00215233 0.00420267)
(-0.0108413 -0.00225174 0.00418259)
(-0.011411 -0.00236087 0.00415063)
(-0.0120975 -0.002493 0.0041257)
(-0.0130356 -0.00267365 0.00414343)
(-0.0133472 -0.00272829 0.00393251)
(-0.0134775 -0.00274028 0.00365443)
(-0.0138685 -0.00281738 0.00343749)
(-0.0142998 -0.00291795 0.00323057)
(-0.0147059 -0.00301779 0.00300796)
(-0.015105 -0.00311966 0.00277303)
(-0.0154994 -0.00322213 0.00252059)
(-0.0114493 -0.0017513 0.00156686)
(-0.0117143 -0.00181007 0.0013542)
(-0.0119542 -0.00186595 0.00112826)
(-0.0121623 -0.0019173 0.000888082)
(-0.0123357 -0.00196331 0.000633809)
(-0.0124736 -0.00200356 0.000365184)
(-0.0125721 -0.00203773 8.16259e-05)
(-0.0126474 -0.00206556 -0.000207863)
(-0.0125842 -0.00207178 -0.000570639)
(-0.012615 -0.00209161 -0.000899692)
(-0.0132019 -0.00218631 -0.00126529)
(-0.0125888 -0.00204295 -0.00153517)
(-0.0121513 -0.00194369 -0.00181774)
(-0.01167 -0.00183506 -0.00206358)
(-0.0111127 -0.00170894 -0.00226133)
(-0.0104938 -0.00156919 -0.00240422)
(-0.00984374 -0.0014218 -0.00249291)
(-0.00919954 -0.00127498 -0.0025378)
(-0.00859611 -0.00113603 -0.00255556)
(-0.00805531 -0.00101084 -0.00256101)
(-0.0075861 -0.000902992 -0.00256331)
(-0.00718294 -0.000812408 -0.00256467)
(-0.00683936 -0.000737572 -0.00256686)
(-0.00654942 -0.000676526 -0.00257296)
(-0.00631494 -0.00062712 -0.00259172)
(-0.00612438 -0.000587416 -0.00262648)
(-0.00600167 -0.00055613 -0.00270617)
(-0.00594163 -0.00053612 -0.00285493)
(-0.00594164 -0.000528626 -0.00308678)
(-0.00601712 -0.000538688 -0.00341141)
(-0.00529709 -0.00049335 -0.00325092)
(-0.00505968 -0.000510374 -0.00323726)
(-0.00480211 -0.000550639 -0.00294599)
(-0.00419029 -0.00057133 -0.00207141)
(-0.0039013 -0.000714354 -0.00105212)
(-0.00372891 -0.000731386 0.00133289)
(-0.0043429 -0.000503702 0.00292039)
(-0.00551782 -0.000361409 0.00300638)
(-0.00591653 -0.000459444 0.00217136)
(-0.00515019 -0.000600864 0.00152865)
(-0.00501597 -0.000723446 0.00202572)
(-0.0051912 -0.000792002 0.00254272)
(-0.00555369 -0.000851186 0.00283337)
(-0.00585165 -0.000891266 0.00298921)
(-0.00615897 -0.000929316 0.0030831)
(-0.00647064 -0.00096827 0.0031341)
(-0.0067985 -0.00101209 0.00316151)
(-0.0071389 -0.0010592 0.00316555)
(-0.0074969 -0.00111101 0.00315398)
(-0.0078765 -0.00116602 0.00312915)
(-0.00828659 -0.00122428 0.00309256)
(-0.00882222 -0.00129936 0.00307326)
(-0.00944249 -0.0013834 0.00304774)
(-0.009376 -0.00136556 0.0027888)
(-0.00954128 -0.00137949 0.00259141)
(-0.00986947 -0.00143128 0.00243269)
(-0.0102159 -0.00149647 0.0022811)
(-0.0105426 -0.00156145 0.00211888)
(-0.0108579 -0.00162655 0.00194816)
(-0.0111628 -0.00169054 0.00176545)
(-0.00716427 -0.000846051 0.000997825)
(-0.0073453 -0.000877913 0.000860011)
(-0.00750074 -0.000907276 0.000712636)
(-0.00763097 -0.00093354 0.000555346)
(-0.00773483 -0.000956234 0.00038836)
(-0.00781462 -0.000975162 0.00021206)
(-0.00786932 -0.000990344 2.73312e-05)
(-0.00791208 -0.00100213 -0.000156488)
(-0.00785644 -0.00100319 -0.000381098)
(-0.0078663 -0.00101389 -0.000585441)
(-0.00828879 -0.00105975 -0.000819979)
(-0.00777799 -0.00095288 -0.000974643)
(-0.007474 -0.000882861 -0.00114463)
(-0.00717314 -0.000811739 -0.00129368)
(-0.0068402 -0.000733257 -0.00141747)
(-0.00648072 -0.000650267 -0.00151477)
(-0.00611201 -0.000566177 -0.00158761)
(-0.00575527 -0.00048565 -0.00164235)
(-0.00542949 -0.000412035 -0.00168737)
(-0.00514445 -0.000347997 -0.00172811)
(-0.00490294 -0.000295086 -0.00176672)
(-0.00469603 -0.000252376 -0.00180154)
(-0.00452008 -0.000218452 -0.0018339)
(-0.00437192 -0.000191896 -0.00186718)
(-0.00425357 -0.000167748 -0.00190939)
(-0.00414493 -0.000145474 -0.00196314)
(-0.00410589 -0.000127788 -0.00206772)
(-0.00410052 -0.000113261 -0.00222741)
(-0.0041295 -0.000109328 -0.00244691)
(-0.00416733 -0.000120723 -0.00271167)
(-0.00367885 -0.000138379 -0.00259341)
(-0.0034693 -0.000177114 -0.00253119)
(-0.00322631 -0.000229517 -0.00220494)
(-0.0026784 -0.000276499 -0.00140546)
(-0.00248056 -0.000394929 -0.000460269)
(-0.00271735 -0.000349918 0.00165039)
(-0.00341835 -0.000129565 0.00254514)
(-0.00382154 1.44094e-05 0.00217734)
(-0.00446307 -4.02651e-05 0.00168808)
(-0.00353766 -0.00025161 0.00105468)
(-0.00324564 -0.000349203 0.00144796)
(-0.00344275 -0.000398209 0.00187457)
(-0.00360328 -0.000421039 0.00205141)
(-0.00375825 -0.000437732 0.0021535)
(-0.00393561 -0.000453051 0.00221168)
(-0.00412698 -0.000471283 0.00223963)
(-0.00433384 -0.000492846 0.00224993)
(-0.00455441 -0.000517307 0.00224528)
(-0.00479801 -0.00054547 0.00223444)
(-0.00506754 -0.000576241 0.00221922)
(-0.00535342 -0.000607353 0.00219366)
(-0.00581775 -0.000656125 0.00221523)
(-0.00561328 -0.000626551 0.00196787)
(-0.00560572 -0.000616662 0.00179318)
(-0.00573534 -0.000628294 0.00165907)
(-0.00599071 -0.000660254 0.00155543)
(-0.00625811 -0.00069939 0.00145908)
(-0.00650883 -0.000737861 0.00135509)
(-0.00674099 -0.000775447 0.00124364)
(-0.00696092 -0.000812188 0.00112552)
)
;
    }
    front
    {
        type            cyclic;
    }
    back
    {
        type            cyclic;
    }
}


// ************************************************************************* //
