/*--------------------------------*- C++ -*----------------------------------*\
  =========                 |
  \\      /  F ield         | OpenFOAM: The Open Source CFD Toolbox
   \\    /   O peration     | Website:  https://openfoam.org
    \\  /    A nd           | Version:  13
     \\/     M anipulation  |
\*---------------------------------------------------------------------------*/
FoamFile
{
    format      ascii;
    class       volScalarField;
    location    "0.5";
    object      classifier_w_couette_mean;
}
// * * * * * * * * * * * * * * * * * * * * * * * * * * * * * * * * * * * * * //

dimensions      [];

internalField   uniform 0;

boundaryField
{
    inlet
    {
        type            cyclic;
    }
    outlet
    {
        type            cyclic;
    }
    top
    {
        type            calculated;
        value           nonuniform List<scalar> 
7200
(
0.193755
0.20923
0.215792
0.219285
0.221191
0.223212
0.223107
0.222764
0.222665
0.222765
0.221681
0.220789
0.21872
0.217604
0.216823
0.215636
0.214008
0.212162
0.211213
0.210098
0.207691
0.204343
0.200175
0.197956
0.19607
0.193845
0.194805
0.195807
0.19346
0.192217
0.199612
0.191628
0.191102
0.210307
0.175479
0.170187
0.169791
0.227725
0.235465
0.246037
0.246145
0.245021
0.242624
0.239462
0.235374
0.232466
0.230686
0.229285
0.228189
0.227071
0.225554
0.22409
0.220937
0.216916
0.205281
0.190598
0.195052
0.199156
0.202342
0.193615
0.19807
0.211042
0.215787
0.218615
0.220119
0.221288
0.220513
0.219434
0.219356
0.219238
0.218141
0.217198
0.215482
0.214681
0.214222
0.213355
0.212032
0.210245
0.209234
0.208163
0.206085
0.202754
0.198667
0.195907
0.192289
0.189306
0.188451
0.189714
0.190289
0.195631
0.220573
0.197465
0.189664
0.183662
0.173034
0.171008
0.237043
0.239026
0.247087
0.251557
0.250405
0.248385
0.245112
0.241242
0.23657
0.233805
0.232343
0.231069
0.229782
0.228123
0.226254
0.223504
0.217566
0.210595
0.188557
0.193607
0.197248
0.200479
0.204665
0.194621
0.209037
0.213414
0.216761
0.219142
0.22063
0.220906
0.219543
0.218802
0.218777
0.219042
0.218572
0.217965
0.216784
0.216199
0.216082
0.215719
0.214792
0.21293
0.211499
0.209976
0.20767
0.20403
0.198809
0.193448
0.214297
0.221154
0.221805
0.196368
0.192948
0.193922
0.206516
0.227788
0.190172
0.177437
0.174906
0.233926
0.242201
0.24794
0.25529
0.255503
0.252845
0.249739
0.245496
0.240788
0.236002
0.233824
0.232541
0.231115
0.2291
0.225982
0.220571
0.211003
0.179554
0.18933
0.193661
0.196488
0.198881
0.20143
0.205953
0.206556
0.2098
0.212854
0.214205
0.213669
0.213247
0.216851
0.219161
0.20061
0.199622
0.202493
0.226597
0.234532
0.223379
0.214075
0.218484
0.220526
0.217339
0.215982
0.214616
0.213393
0.219521
0.235514
0.233528
0.204348
0.216345
0.225459
0.228343
0.228931
0.212904
0.219118
0.228532
0.226054
0.185995
0.183373
0.235201
0.242432
0.251766
0.257157
0.257493
0.253707
0.249765
0.245426
0.23973
0.2344
0.231971
0.230875
0.22958
0.227556
0.224194
0.218603
0.194226
0.188448
0.190986
0.192782
0.196275
0.197901
0.200146
0.201689
0.206115
0.206332
0.209234
0.217267
0.204254
0.202965
0.196529
0.190198
0.192619
0.19236
0.195047
0.196728
0.197481
0.190291
0.198998
0.229583
0.23693
0.244041
0.244298
0.243745
0.239533
0.229171
0.217041
0.200177
0.197989
0.193742
0.199712
0.207386
0.211502
0.214853
0.212895
0.214388
0.20371
0.245357
0.233086
0.23713
0.244918
0.254291
0.258474
0.257492
0.250724
0.242364
0.237497
0.232817
0.227592
0.226638
0.226964
0.22683
0.2256
0.223182
0.21891
0.210056
0.187597
0.191322
0.192151
0.191982
0.191176
0.181428
0.20475
0.217474
0.212819
0.204017
0.201973
0.192583
0.169737
0.165201
0.163245
0.161796
0.162584
0.164106
0.167546
0.174508
0.183518
0.184853
0.186189
0.188489
0.189583
0.220068
0.232938
0.23174
0.22387
0.221744
0.223472
0.225739
0.22553
0.222708
0.223712
0.210809
0.20972
0.215436
0.226808
0.221015
0.211826
0.239092
0.245144
0.246403
0.253044
0.257424
0.255538
0.247438
0.231195
0.207551
0.209243
0.216165
0.221478
0.225445
0.227858
0.228493
0.227744
0.226076
0.222409
0.214953
0.185333
0.211447
0.203206
0.204196
0.207806
0.208484
0.208135
0.205773
0.2041
0.182411
0.177078
0.170526
0.167306
0.166581
0.166025
0.163878
0.163482
0.166092
0.170188
0.184858
0.211148
0.194663
0.229382
0.239258
0.239433
0.240174
0.241663
0.242455
0.242935
0.244118
0.24586
0.247502
0.249449
0.250548
0.25095
0.250349
0.207178
0.20618
0.20635
0.205849
0.206534
0.217313
0.246592
0.249356
0.254178
0.253619
0.243672
0.223247
0.188693
0.185296
0.185087
0.218351
0.230282
0.216096
0.215901
0.21653
0.216249
0.215182
0.213212
0.211991
0.208494
0.210015
0.206481
0.205502
0.202994
0.200022
0.196123
0.181172
0.182809
0.165597
0.174452
0.1726
0.17361
0.180593
0.210267
0.209574
0.210829
0.210115
0.21187
0.205684
0.211608
0.216411
0.219839
0.222338
0.224416
0.226601
0.228328
0.229507
0.229962
0.229513
0.229151
0.22917
0.22658
0.225438
0.221197
0.213767
0.20971
0.210445
0.20886
0.207098
0.206525
0.239016
0.24642
0.248878
0.250272
0.243607
0.218568
0.189715
0.185353
0.183299
0.228253
0.216081
0.218155
0.220025
0.220519
0.220287
0.219559
0.21855
0.217859
0.217991
0.214755
0.203661
0.199019
0.19321
0.182727
0.178402
0.176953
0.175266
0.175609
0.162995
0.216339
0.214613
0.211992
0.211009
0.208439
0.206731
0.21316
0.206533
0.21276
0.212016
0.21198
0.214061
0.216717
0.219141
0.221193
0.223289
0.22507
0.226788
0.226648
0.225526
0.22521
0.224474
0.222273
0.220332
0.216462
0.210806
0.207975
0.210227
0.209978
0.208756
0.209009
0.241871
0.246535
0.246127
0.242067
0.22822
0.189835
0.186296
0.213176
0.231087
0.218351
0.221988
0.222661
0.221339
0.219916
0.218977
0.217792
0.216317
0.214854
0.213456
0.210878
0.195591
0.185913
0.181899
0.178689
0.177369
0.177174
0.176163
0.17897
0.16467
0.219149
0.217636
0.215335
0.210953
0.209913
0.215493
0.208434
0.211939
0.211573
0.210428
0.210209
0.21171
0.213857
0.215914
0.2178
0.219759
0.221422
0.22338
0.223873
0.222825
0.222225
0.221399
0.219753
0.218187
0.214756
0.209461
0.206226
0.207155
0.208661
0.209224
0.209983
0.243267
0.243938
0.241162
0.233165
0.212088
0.186955
0.211939
0.229033
0.234359
0.224975
0.223762
0.222057
0.22039
0.219275
0.218539
0.21736
0.21589
0.214342
0.212916
0.210383
0.197855
0.188333
0.185274
0.182374
0.180686
0.180654
0.179934
0.221294
0.169731
0.221811
0.222279
0.219911
0.215888
0.215337
0.176319
0.208119
0.20957
0.209484
0.208597
0.208336
0.209383
0.211186
0.213028
0.21473
0.216596
0.218315
0.220522
0.221485
0.22074
0.220111
0.219079
0.217353
0.215851
0.212624
0.20766
0.204546
0.20498
0.207026
0.209234
0.209107
0.238255
0.239912
0.234062
0.221067
0.181757
0.188305
0.221678
0.229747
0.233128
0.23695
0.226796
0.224912
0.22337
0.222452
0.221923
0.220842
0.219178
0.217742
0.216527
0.214172
0.207102
0.197117
0.192306
0.188274
0.185603
0.185965
0.185121
0.22375
0.180137
0.19136
0.224718
0.224247
0.221388
0.219589
0.202225
0.206228
0.206926
0.207105
0.206624
0.206363
0.207016
0.20836
0.209839
0.211272
0.212901
0.214531
0.216711
0.217845
0.217408
0.216959
0.215969
0.214464
0.2131
0.210209
0.205832
0.202761
0.202422
0.202667
0.20294
0.203868
0.230099
0.232858
0.22399
0.211093
0.19418
0.195141
0.225005
0.228299
0.232839
0.236185
0.232597
0.2289
0.228137
0.228045
0.228304
0.227583
0.224266
0.22199
0.220859
0.219222
0.212248
0.209497
0.20825
0.206104
0.198238
0.200173
0.196352
0.226344
0.201964
0.203698
0.191241
0.218454
0.216245
0.195819
0.20182
0.203372
0.204243
0.204796
0.204794
0.204608
0.205018
0.205866
0.206862
0.207879
0.209098
0.210397
0.212223
0.213289
0.213162
0.213018
0.212334
0.211249
0.210178
0.207728
0.20404
0.200973
0.200038
0.199695
0.198872
0.198305
0.19435
0.22178
0.21207
0.185986
0.192728
0.21446
0.225864
0.229318
0.233554
0.236564
0.237566
0.237589
0.237321
0.237271
0.237266
0.237137
0.241425
0.226412
0.224116
0.223359
0.219758
0.217184
0.216207
0.211513
0.210695
0.212402
0.212372
0.229221
0.20878
0.203182
0.194714
0.19283
0.191121
0.197221
0.199619
0.201517
0.202421
0.203238
0.203592
0.203541
0.203827
0.20425
0.204774
0.205334
0.206064
0.206895
0.208128
0.208921
0.208977
0.209089
0.20881
0.208224
0.207488
0.205529
0.202389
0.199378
0.197393
0.196363
0.195342
0.194598
0.192224
0.214121
0.215108
0.211747
0.204232
0.219015
0.227303
0.230783
0.234014
0.236774
0.237688
0.238046
0.238004
0.237764
0.237392
0.237245
0.238063
0.239907
0.224849
0.224171
0.224057
0.222929
0.223009
0.22106
0.232286
0.234048
0.234925
0.231317
0.227979
0.199299
0.192419
0.194238
0.194677
0.196527
0.198564
0.200176
0.201705
0.202627
0.203193
0.203303
0.203543
0.203615
0.203782
0.203981
0.204307
0.204729
0.205417
0.205877
0.205919
0.206045
0.206011
0.205797
0.205421
0.204102
0.201594
0.198504
0.195685
0.19374
0.191903
0.190234
0.21369
0.218607
0.216741
0.213554
0.215793
0.223963
0.233008
0.231368
0.236301
0.242457
0.244801
0.246876
0.248678
0.248953
0.248725
0.23963
0.230506
0.226642
0.224853
0.223091
0.2222
0.223897
0.222671
0.221985
0.230809
0.234207
0.231506
0.228869
0.224129
0.19975
0.190653
0.195811
0.196122
0.197186
0.199193
0.200021
0.201571
0.202711
0.203469
0.203752
0.203927
0.203679
0.203568
0.203518
0.203574
0.203749
0.204118
0.204369
0.204333
0.204352
0.204345
0.204242
0.204039
0.20322
0.201478
0.198687
0.195291
0.192883
0.19089
0.189402
0.215548
0.217785
0.215027
0.214327
0.217025
0.221872
0.225261
0.226213
0.23202
0.23695
0.237521
0.238094
0.238161
0.237999
0.237673
0.237748
0.239222
0.241949
0.253578
0.248974
0.236769
0.231086
0.242249
0.23309
0.228499
0.22888
0.223501
0.220628
0.186126
0.229604
0.195617
0.198254
0.195714
0.196803
0.198549
0.200364
0.201956
0.203342
0.204376
0.204804
0.204771
0.204251
0.203891
0.203628
0.203478
0.203483
0.203676
0.203839
0.203795
0.20375
0.203732
0.203602
0.203438
0.20283
0.201493
0.199253
0.196003
0.19339
0.191715
0.191092
0.205982
0.213345
0.214052
0.214948
0.217538
0.221698
0.225987
0.223363
0.229489
0.232764
0.233088
0.233433
0.233317
0.232999
0.232809
0.233095
0.234681
0.237429
0.243666
0.245258
0.248407
0.248857
0.239724
0.246404
0.224967
0.223652
0.212419
0.214211
0.190185
0.229302
0.197727
0.199353
0.197331
0.197976
0.199428
0.201056
0.202858
0.204487
0.205763
0.206242
0.205998
0.205307
0.204749
0.204309
0.203988
0.203825
0.203837
0.203923
0.203903
0.203854
0.203844
0.203688
0.203556
0.203094
0.202024
0.200173
0.197454
0.194921
0.193529
0.195583
0.209455
0.213597
0.214001
0.214221
0.215556
0.220767
0.222508
0.219326
0.223462
0.225527
0.225831
0.226164
0.22607
0.225811
0.225871
0.226353
0.227907
0.230286
0.233069
0.233373
0.236754
0.236998
0.229157
0.235354
0.22056
0.21827
0.190402
0.193098
0.190821
0.229809
0.23209
0.198151
0.198607
0.199526
0.200884
0.202344
0.204147
0.205812
0.207127
0.207612
0.207348
0.206674
0.206073
0.20557
0.205141
0.204827
0.204652
0.204627
0.204606
0.204546
0.204533
0.204379
0.204307
0.204037
0.203323
0.201939
0.199882
0.197491
0.213077
0.204861
0.209397
0.213457
0.213073
0.212814
0.213229
0.216515
0.217494
0.215665
0.2177
0.218637
0.218869
0.21906
0.219067
0.219045
0.219331
0.219913
0.221203
0.222931
0.222495
0.223126
0.225867
0.225516
0.220843
0.226108
0.217014
0.214971
0.196021
0.197759
0.195191
0.229812
0.19817
0.198595
0.199673
0.200816
0.202193
0.20361
0.20521
0.206632
0.207788
0.208338
0.208249
0.207809
0.207386
0.207016
0.206647
0.206305
0.206031
0.205913
0.205874
0.205788
0.205773
0.205644
0.205675
0.205671
0.205414
0.204652
0.203696
0.20793
0.213072
0.209413
0.213436
0.211404
0.21183
0.211924
0.211914
0.213222
0.213835
0.213545
0.214633
0.214999
0.214963
0.214993
0.215013
0.215084
0.215386
0.215882
0.216789
0.217819
0.214326
0.216796
0.218806
0.218725
0.21548
0.217293
0.214387
0.213442
0.207385
0.197014
0.196695
0.226319
0.197883
0.199253
0.200508
0.201523
0.202668
0.204123
0.205563
0.206714
0.207769
0.20845
0.208577
0.208481
0.208431
0.208387
0.208373
0.208313
0.208172
0.208117
0.20816
0.208087
0.208132
0.208051
0.208199
0.20854
0.208732
0.208653
0.209175
0.210711
0.209743
0.210779
0.210664
0.210182
0.211555
0.211941
0.211863
0.21225
0.212869
0.213524
0.214132
0.214187
0.213928
0.213831
0.213808
0.213875
0.214147
0.214564
0.215404
0.206708
0.210578
0.213086
0.215232
0.215766
0.212486
0.213111
0.212181
0.212229
0.210723
0.210498
0.212247
0.21515
0.228185
0.202193
0.201324
0.201765
0.202411
0.203615
0.205294
0.206356
0.207322
0.208086
0.208448
0.208622
0.208866
0.209164
0.209512
0.209791
0.209957
0.210171
0.210433
0.210504
0.210633
0.210671
0.21097
0.211509
0.21204
0.212715
0.210225
0.210333
0.211414
0.211013
0.210999
0.209901
0.21188
0.212318
0.212747
0.213126
0.214088
0.215177
0.215107
0.214833
0.214481
0.214361
0.214375
0.214562
0.215201
0.216199
0.201101
0.204086
0.208198
0.210787
0.213336
0.214677
0.210931
0.211412
0.210839
0.210793
0.211733
0.212461
0.211854
0.215634
0.199174
0.199709
0.200981
0.201654
0.20222
0.202943
0.204202
0.205752
0.207175
0.208038
0.208437
0.208637
0.208957
0.209429
0.210022
0.210632
0.211214
0.211857
0.212509
0.21297
0.213338
0.213667
0.214079
0.2146
0.215269
0.216701
0.210596
0.210262
0.209003
0.211528
0.211688
0.209771
0.212117
0.213083
0.214624
0.216173
0.21854
0.220185
0.220069
0.218615
0.217959
0.218276
0.219038
0.194113
0.194459
0.196186
0.198199
0.200759
0.206002
0.209474
0.212376
0.214529
0.215156
0.215331
0.210446
0.21037
0.21054
0.211062
0.210801
0.21282
0.194915
0.201025
0.202144
0.20283
0.203391
0.203763
0.204207
0.205129
0.206503
0.207917
0.208857
0.209237
0.209507
0.209922
0.210531
0.211284
0.212097
0.213078
0.21414
0.21504
0.215793
0.216465
0.217021
0.217553
0.218251
0.219819
0.217969
0.210041
0.208214
0.211902
0.212026
0.209379
0.21222
0.215326
0.218642
0.220538
0.222815
0.229905
0.228669
0.223265
0.222842
0.188323
0.186666
0.186731
0.188358
0.190855
0.193983
0.198071
0.203974
0.208964
0.212835
0.214889
0.215268
0.215626
0.222127
0.221313
0.22034
0.215894
0.213686
0.215968
0.214334
0.200471
0.203543
0.205738
0.206917
0.206956
0.206494
0.206436
0.206869
0.207456
0.208293
0.209352
0.210386
0.211046
0.211604
0.212309
0.213116
0.214186
0.21548
0.216681
0.217759
0.218731
0.219479
0.220154
0.220936
0.222148
0.224588
0.225808
0.230864
0.210748
0.212185
0.230238
0.250269
0.253483
0.251931
0.249455
0.246494
0.240957
0.233809
0.190458
0.187977
0.187837
0.187166
0.187221
0.187944
0.187168
0.191735
0.195832
0.204017
0.2093
0.213061
0.215124
0.215962
0.217053
0.218547
0.220032
0.219249
0.228321
0.228311
0.222989
0.230486
0.228481
0.201876
0.206462
0.209899
0.211035
0.210944
0.210122
0.209314
0.208605
0.208432
0.208784
0.21
0.211744
0.213078
0.214008
0.214784
0.215775
0.217111
0.218427
0.219695
0.220853
0.221839
0.222823
0.223891
0.225104
0.226913
0.227588
0.228064
0.246885
0.22177
0.243417
0.244577
0.246644
0.248166
0.243953
0.229086
0.232985
0.191972
0.190685
0.190194
0.190468
0.191193
0.191205
0.19252
0.193249
0.19827
0.199532
0.207523
0.212529
0.212404
0.215249
0.215395
0.217277
0.220204
0.223305
0.224307
0.224269
0.230038
0.227912
0.235721
0.23965
0.233392
0.224719
0.207086
0.212312
0.212529
0.213872
0.212597
0.211063
0.209727
0.208995
0.209269
0.210972
0.213119
0.215048
0.216321
0.217365
0.218688
0.220038
0.221382
0.222626
0.223852
0.225241
0.226844
0.228739
0.231702
0.230065
0.230175
0.23677
0.241369
0.240023
0.241576
0.240897
0.238452
0.231426
0.193249
0.192833
0.193103
0.195626
0.198259
0.205338
0.21082
0.218417
0.230206
0.234925
0.238667
0.238179
0.237624
0.238114
0.229934
0.221823
0.216875
0.214858
0.215917
0.221077
0.22559
0.227262
0.230442
0.23127
0.246421
0.246543
0.246043
0.242024
0.236031
0.21652
0.213211
0.213444
0.214307
0.212862
0.211277
0.209728
0.208964
0.20978
0.211945
0.214012
0.216067
0.21753
0.218821
0.220166
0.221562
0.223021
0.224973
0.227247
0.228679
0.229145
0.232278
0.23148
0.232645
0.230408
0.238821
0.233353
0.229364
0.231518
0.191412
0.192438
0.19666
0.207194
0.217536
0.237861
0.242003
0.227895
0.219105
0.217283
0.21791
0.218438
0.218973
0.219701
0.222607
0.224487
0.222972
0.195188
0.230145
0.231074
0.22905
0.225551
0.217391
0.218099
0.230077
0.20863
0.206567
0.231603
0.24534
0.245026
0.242474
0.23776
0.212883
0.213538
0.212165
0.211286
0.209232
0.207397
0.206233
0.206717
0.20884
0.21137
0.213652
0.215836
0.217346
0.218846
0.22068
0.223749
0.226838
0.227148
0.227398
0.227372
0.228366
0.236817
0.224807
0.231283
0.237543
0.231983
0.19072
0.20017
0.21375
0.237693
0.236732
0.220134
0.220773
0.222514
0.223508
0.22374
0.221894
0.219094
0.215827
0.213855
0.212365
0.21201
0.212629
0.216269
0.23023
0.204496
0.241458
0.240932
0.237994
0.235066
0.231535
0.228201
0.215861
0.230948
0.226372
0.21616
0.205991
0.207499
0.21806
0.225518
0.205611
0.214214
0.214523
0.213118
0.211926
0.208832
0.206872
0.206403
0.20718
0.210073
0.211415
0.21379
0.214755
0.215522
0.216993
0.219358
0.21519
0.236647
0.235014
0.229607
0.19282
0.187214
0.193401
0.190899
0.219615
0.242841
0.231851
0.221373
0.222325
0.225186
0.225905
0.221464
0.216713
0.213174
0.203807
0.198802
0.194882
0.192594
0.190312
0.189
0.188158
0.187839
0.188189
0.194708
0.209648
0.228185
0.228786
0.246038
0.2481
0.245908
0.243626
0.240788
0.233434
0.24394
0.238894
0.233851
0.229519
0.224902
0.223309
0.224807
0.227878
0.231061
0.232336
0.233135
0.233221
0.232759
0.232146
0.231465
0.230845
0.230186
0.229712
0.229494
0.228818
0.226782
0.220564
0.186592
0.194413
0.202757
0.214656
0.232057
0.243394
0.244755
0.231819
0.232121
0.227601
0.227916
0.225222
0.219937
0.214477
0.199807
0.193602
0.191025
0.189324
0.188019
0.187122
0.186526
0.185591
0.185247
0.184585
0.184312
0.184042
0.18357
0.183215
0.185244
0.194685
0.207394
0.219367
0.239595
0.234995
0.249555
0.249036
0.247541
0.243705
0.247714
0.245113
0.242692
0.238712
0.234514
0.232589
0.23219
0.232421
0.232828
0.233387
0.234044
0.234617
0.234914
0.234911
0.234749
0.23451
0.233726
0.230865
0.22021
0.198968
0.224568
0.235977
0.246146
0.238425
0.225786
0.226401
0.22804
0.22675
0.227782
0.224685
0.224548
0.21529
0.209912
0.194874
0.189961
0.187023
0.184849
0.183028
0.181898
0.181459
0.181782
0.183055
0.186076
0.190251
0.196648
0.201766
0.20412
0.202764
0.198614
0.197169
0.200478
0.206693
0.208703
0.21284
0.222675
0.234687
0.23851
0.227462
0.246979
0.246518
0.238647
0.244698
0.243896
0.241957
0.239547
0.238032
0.236757
0.235875
0.235515
0.235482
0.235668
0.236004
0.236287
0.236477
0.236532
0.2363
0.235261
0.230869
0.216733
0.207171
0.233905
0.236491
0.235414
0.234105
0.229859
0.224809
0.219026
0.211094
0.215177
0.208705
0.210206
0.194664
0.185779
0.182286
0.180192
0.178603
0.177646
0.177437
0.179579
0.185928
0.199516
0.208884
0.214217
0.222315
0.255032
0.253303
0.252332
0.251584
0.251295
0.251144
0.250891
0.250334
0.249978
0.249332
0.248295
0.247659
0.247068
0.247446
0.24365
0.237111
0.241748
0.237354
0.233492
0.262152
0.238958
0.239146
0.239038
0.238815
0.238711
0.238607
0.238497
0.238591
0.239021
0.23986
0.240454
0.23987
0.237102
0.232813
0.229016
0.226498
0.225061
0.221955
0.206326
0.2446
0.24189
0.233033
0.228045
0.215089
0.211574
0.205687
0.223272
0.214037
0.184931
0.182488
0.182562
0.184695
0.192017
0.211319
0.22163
0.257838
0.255437
0.252707
0.250036
0.248501
0.248279
0.248393
0.248792
0.248828
0.248714
0.248673
0.248292
0.247695
0.247087
0.246156
0.244709
0.243607
0.242675
0.242046
0.242365
0.240607
0.236495
0.236313
0.235801
0.233519
0.231997
0.232175
0.231942
0.232402
0.227405
0.212535
0.172275
0.215608
0.222445
0.227987
0.232609
0.235329
0.235403
0.235425
0.235905
0.236587
0.237942
0.239876
0.239905
0.237365
0.23338
0.230817
0.231946
0.231021
0.23864
0.236021
0.228902
0.233682
0.218191
0.218431
0.223809
0.260109
0.256468
0.232062
0.212246
0.210203
0.207706
0.217023
0.241324
0.245798
0.245965
0.244549
0.244393
0.244828
0.244864
0.244844
0.244422
0.243801
0.242962
0.241707
0.239887
0.238572
0.237568
0.237158
0.236983
0.234936
0.231053
0.231025
0.230619
0.229918
0.229573
0.230247
0.230455
0.231081
0.232077
0.233271
0.235088
0.236646
0.236555
0.229268
0.192078
0.196489
0.20036
0.208698
0.24764
0.248725
0.250331
0.251378
0.252526
0.25348
0.25399
0.254204
0.254267
0.240943
0.213109
0.212053
0.216644
0.21537
0.252225
0.25359
0.244251
0.213346
0.211846
0.21041
0.208247
0.205498
0.202043
0.232115
0.241036
0.24204
0.241181
0.23861
0.236332
0.238678
0.239527
0.23963
0.239242
0.238695
0.237857
0.236546
0.234773
0.233589
0.23269
0.232105
0.231578
0.229906
0.227403
0.227411
0.227163
0.226489
0.226315
0.227107
0.227536
0.228141
0.229019
0.230362
0.232184
0.233793
0.234951
0.236243
0.236553
0.235313
0.232244
0.196799
0.198998
0.202038
0.204888
0.207447
0.21027
0.21199
0.212874
0.21352
0.215693
0.216641
0.209605
0.210403
0.209247
0.211165
0.212226
0.242135
0.218426
0.208273
0.206571
0.207036
0.189853
0.205412
0.198219
0.194589
0.216588
0.230702
0.234247
0.232667
0.226449
0.228183
0.233064
0.233767
0.233684
0.233542
0.233032
0.231971
0.230554
0.229685
0.229044
0.22851
0.22792
0.226661
0.225378
0.225256
0.224988
0.224482
0.224514
0.225247
0.225692
0.226154
0.226737
0.227892
0.229444
0.230603
0.231673
0.232576
0.232252
0.229624
0.221578
0.188841
0.194825
0.198119
0.200858
0.20358
0.206214
0.207688
0.208077
0.207845
0.209751
0.21099
0.205085
0.205527
0.204243
0.206707
0.20533
0.238336
0.234312
0.209343
0.201206
0.200418
0.198613
0.195958
0.193909
0.192978
0.191602
0.189939
0.187467
0.220889
0.222826
0.217838
0.223146
0.227444
0.228577
0.229099
0.229043
0.22844
0.227533
0.226978
0.226587
0.226244
0.225749
0.224813
0.224241
0.223951
0.223654
0.22332
0.223371
0.223954
0.224243
0.22455
0.225141
0.226262
0.227569
0.228715
0.229842
0.230765
0.230988
0.229801
0.225432
0.203297
0.191273
0.194072
0.196148
0.199323
0.202454
0.2036
0.203024
0.202394
0.204694
0.206363
0.200927
0.234152
0.239111
0.201891
0.201014
0.20638
0.19878
0.198177
0.197552
0.197299
0.196606
0.194946
0.193459
0.19267
0.191737
0.190851
0.190048
0.188734
0.184581
0.218176
0.216893
0.21962
0.222964
0.22453
0.225108
0.225545
0.225472
0.225226
0.224997
0.224823
0.224461
0.223753
0.223515
0.223138
0.222743
0.222469
0.222447
0.222805
0.222928
0.223187
0.223888
0.225057
0.22634
0.227454
0.228451
0.229172
0.229243
0.228419
0.225753
0.220355
0.184669
0.190409
0.192849
0.194912
0.19792
0.19853
0.197312
0.19774
0.200722
0.202755
0.197877
0.217706
0.235445
0.226696
0.19671
0.195661
0.195901
0.195786
0.195689
0.196026
0.195726
0.194575
0.19351
0.193022
0.192532
0.192168
0.191667
0.190533
0.188816
0.18683
0.216125
0.217372
0.217094
0.22004
0.222058
0.223321
0.223559
0.223785
0.223901
0.223839
0.223581
0.223077
0.222798
0.222384
0.221879
0.221626
0.221486
0.221621
0.221613
0.221872
0.222713
0.223985
0.225299
0.226415
0.227321
0.227897
0.227881
0.227275
0.225979
0.223526
0.217627
0.185869
0.188793
0.190025
0.191686
0.192859
0.193222
0.194786
0.197758
0.200083
0.195932
0.192992
0.228244
0.227512
0.192356
0.192864
0.193891
0.194498
0.194752
0.195374
0.195578
0.195026
0.194507
0.194364
0.194252
0.194329
0.194209
0.193375
0.191886
0.190416
0.187914
0.181577
0.182023
0.215586
0.220242
0.221728
0.222137
0.222695
0.222845
0.222909
0.222787
0.222433
0.221916
0.221451
0.2209
0.220651
0.220411
0.220394
0.220341
0.22066
0.221629
0.222989
0.224335
0.225461
0.226327
0.226851
0.226855
0.226425
0.225774
0.224936
0.222883
0.217971
0.195803
0.183498
0.188753
0.189676
0.190503
0.191815
0.195155
0.197652
0.194185
0.191313
0.228852
0.233509
0.190314
0.190717
0.192711
0.193539
0.194275
0.195304
0.195923
0.195986
0.196036
0.196313
0.19651
0.196835
0.196944
0.196416
0.195312
0.194459
0.192946
0.190771
0.189215
0.183774
0.216465
0.220666
0.221503
0.221439
0.221684
0.221942
0.221925
0.221636
0.220755
0.220249
0.219774
0.21953
0.219272
0.219211
0.219205
0.219665
0.220746
0.222102
0.223419
0.224531
0.225384
0.225915
0.226013
0.225783
0.225464
0.225206
0.224706
0.223246
0.221077
0.218245
0.191895
0.188024
0.188775
0.18964
0.192454
0.195347
0.192449
0.187903
0.233146
0.234583
0.190399
0.189576
0.192055
0.193803
0.195128
0.196291
0.197272
0.197896
0.198284
0.198645
0.198947
0.199338
0.199628
0.199359
0.198851
0.198535
0.199537
0.198072
0.19433
0.191742
0.184798
0.217211
0.219864
0.22064
0.220724
0.220727
0.220869
0.220557
0.219296
0.218677
0.21845
0.218313
0.218137
0.218164
0.218549
0.219786
0.22087
0.221627
0.222577
0.223579
0.224422
0.224998
0.225228
0.22521
0.225141
0.225159
0.225145
0.224819
0.224321
0.223226
0.219701
0.185639
0.187499
0.18812
0.189134
0.193211
0.192557
0.187621
0.232476
0.232882
0.183982
0.189201
0.191944
0.19411
0.195935
0.197055
0.198119
0.199127
0.199686
0.200047
0.20042
0.200832
0.20116
0.200995
0.200496
0.200003
0.200141
0.200303
0.199723
0.197887
0.193857
0.208932
0.217116
0.219298
0.21949
0.21941
0.219188
0.219222
0.216918
0.211071
0.215862
0.216944
0.217125
0.218211
0.220991
0.22333
0.223801
0.222696
0.22204
0.222597
0.223383
0.224015
0.224406
0.224607
0.224765
0.225
0.225093
0.224942
0.224887
0.22472
0.223564
0.218979
0.185629
0.186557
0.18742
0.191339
0.195114
0.189007
0.229089
0.229306
0.183912
0.188845
0.192268
0.194565
0.196285
0.197712
0.198662
0.199616
0.200472
0.201022
0.201551
0.202123
0.202673
0.202732
0.20233
0.201467
0.199249
0.198634
0.19989
0.199842
0.197327
0.193479
0.212707
0.216858
0.217801
0.217761
0.216416
0.217284
0.216185
0.214314
0.212748
0.215034
0.218657
0.221663
0.223936
0.225369
0.225543
0.224228
0.221921
0.221583
0.22229
0.222994
0.223557
0.22394
0.224228
0.224494
0.22466
0.224834
0.224911
0.225021
0.224978
0.2238
0.219097
0.210528
0.186087
0.190916
0.192321
0.190279
0.225593
0.226527
0.185627
0.188952
0.192096
0.194555
0.196149
0.197568
0.198753
0.199917
0.20095
0.201845
0.202702
0.203585
0.20448
0.204856
0.204786
0.204413
0.203788
0.203029
0.19994
0.198485
0.199588
0.19838
0.187918
0.214052
0.215887
0.216666
0.214024
0.215754
0.214595
0.215985
0.221408
0.221333
0.222649
0.224236
0.225734
0.226719
0.226541
0.225295
0.222918
0.220328
0.220529
0.221321
0.221947
0.222402
0.222962
0.223361
0.223721
0.224151
0.224347
0.224441
0.224475
0.224005
0.222581
0.219332
0.215342
0.191698
0.19094
0.189692
0.184425
0.222427
0.187217
0.189092
0.191624
0.193932
0.195825
0.197308
0.198827
0.200281
0.201764
0.203004
0.204235
0.205451
0.20666
0.207334
0.207578
0.207579
0.207385
0.207205
0.206435
0.205834
0.205196
0.204224
0.202891
0.207344
0.211507
0.213985
0.210381
0.2121
0.212434
0.213859
0.221642
0.224967
0.224954
0.226049
0.227071
0.227504
0.226766
0.224981
0.222347
0.219326
0.219426
0.220251
0.22094
0.221605
0.222257
0.222813
0.223303
0.223729
0.223949
0.224104
0.224145
0.223909
0.223564
0.2231
0.224394
0.222339
0.191848
0.193454
0.190091
0.218593
0.18165
0.188434
0.190317
0.193589
0.195645
0.197502
0.199388
0.201286
0.203225
0.204862
0.206444
0.207898
0.209235
0.210073
0.210456
0.210586
0.210543
0.210533
0.210046
0.209695
0.20931
0.208751
0.207912
0.206508
0.209422
0.209221
0.209346
0.208195
0.210484
0.21064
0.217882
0.222993
0.225332
0.227016
0.227986
0.228035
0.226784
0.224389
0.221544
0.217778
0.217254
0.218091
0.218886
0.219691
0.220442
0.221149
0.221772
0.222259
0.222607
0.222884
0.223018
0.222894
0.222784
0.22298
0.224141
0.223998
0.22045
0.191882
0.189523
0.219653
0.217671
0.214584
0.190381
0.193144
0.196159
0.198855
0.200982
0.203331
0.205695
0.207696
0.20947
0.210903
0.212089
0.212851
0.213165
0.213248
0.213174
0.213186
0.21274
0.212349
0.211946
0.211433
0.210904
0.209981
0.210795
0.206787
0.204853
0.206137
0.207759
0.207912
0.216483
0.223106
0.226555
0.228559
0.229461
0.22922
0.227641
0.224691
0.221373
0.217196
0.215298
0.215955
0.216793
0.217647
0.218441
0.219243
0.219952
0.220521
0.220987
0.221385
0.221616
0.221595
0.221665
0.222018
0.22269
0.222721
0.221568
0.215263
0.214753
0.219495
0.219117
0.21861
0.21647
0.181624
0.199627
0.199459
0.204096
0.206772
0.209322
0.211451
0.213081
0.214196
0.215011
0.215484
0.215586
0.215501
0.215279
0.215202
0.214711
0.214227
0.213714
0.212956
0.212327
0.211556
0.211441
0.215942
0.209945
0.194454
0.20622
0.209211
0.217615
0.224908
0.228598
0.230565
0.231192
0.230536
0.228816
0.225761
0.222056
0.217942
0.214182
0.214239
0.214938
0.215644
0.216365
0.217148
0.217882
0.218506
0.219062
0.219562
0.219883
0.219975
0.22017
0.220532
0.220893
0.220929
0.220514
0.219259
0.21768
0.218559
0.218392
0.217887
0.217282
0.215435
0.2122
0.204995
0.205545
0.211276
0.213753
0.215668
0.216802
0.217358
0.217728
0.21792
0.217858
0.217624
0.21728
0.217111
0.216509
0.215922
0.215317
0.214453
0.213662
0.213025
0.212663
0.216022
0.218885
0.211679
0.203952
0.213365
0.219516
0.22802
0.231616
0.233382
0.233407
0.231858
0.229791
0.226995
0.223315
0.219441
0.214653
0.213413
0.213762
0.214177
0.214603
0.215153
0.215753
0.216317
0.216882
0.217434
0.217819
0.218025
0.218312
0.218652
0.21892
0.218958
0.21884
0.218293
0.216792
0.217026
0.216915
0.216326
0.215888
0.214955
0.213399
0.211464
0.20742
0.216121
0.21851
0.219776
0.22029
0.220251
0.22037
0.220556
0.220604
0.220449
0.220171
0.220032
0.219359
0.218676
0.217991
0.217182
0.216444
0.215864
0.215316
0.216871
0.221744
0.217833
0.222251
0.214654
0.225317
0.230405
0.233965
0.235871
0.235858
0.233325
0.230358
0.227744
0.224483
0.220796
0.216619
0.213379
0.213412
0.213569
0.213699
0.213876
0.214122
0.214427
0.21482
0.215265
0.21562
0.215882
0.216238
0.216541
0.216851
0.216876
0.216736
0.216609
0.215191
0.21526
0.215199
0.214583
0.214207
0.213481
0.212369
0.210949
0.209667
0.220129
0.221172
0.223697
0.22367
0.223351
0.223607
0.22412
0.224488
0.224569
0.224519
0.224533
0.223891
0.222964
0.221915
0.220817
0.219905
0.219072
0.218199
0.217862
0.222948
0.2231
0.224288
0.213264
0.226679
0.230309
0.233472
0.235364
0.236248
0.234344
0.230374
0.227517
0.224882
0.221528
0.218243
0.213847
0.213162
0.213417
0.213474
0.213489
0.213446
0.213412
0.213501
0.213671
0.213853
0.214079
0.214368
0.214574
0.214831
0.214882
0.214607
0.214691
0.213609
0.213612
0.213616
0.213118
0.212871
0.212398
0.211703
0.210748
0.209207
0.211847
0.223758
0.224286
0.226526
0.227271
0.227814
0.228566
0.229108
0.229304
0.229365
0.229492
0.22897
0.22773
0.225912
0.224058
0.22283
0.222076
0.221249
0.219555
0.223073
0.225047
0.224664
0.209367
0.222303
0.227843
0.229543
0.23189
0.233446
0.233127
0.228955
0.225414
0.223622
0.221303
0.218463
0.214595
0.212297
0.212839
0.213128
0.213235
0.213194
0.213085
0.213022
0.212982
0.213035
0.213161
0.213314
0.213368
0.213429
0.213389
0.213014
0.213135
0.212574
0.212532
0.212583
0.21231
0.212211
0.21203
0.211743
0.211211
0.21014
0.20754
0.229499
0.227092
0.228837
0.231442
0.232179
0.232875
0.233344
0.233487
0.233532
0.233667
0.233371
0.232471
0.230394
0.227833
0.226199
0.225469
0.224538
0.222223
0.224145
0.226564
0.225128
0.226259
0.21793
0.224073
0.226689
0.22823
0.229785
0.230232
0.226476
0.221771
0.220569
0.219826
0.217807
0.214549
0.210995
0.211446
0.212053
0.212412
0.212543
0.212543
0.212548
0.21258
0.212663
0.21278
0.21288
0.212878
0.212832
0.212725
0.212351
0.212374
0.212153
0.212074
0.212111
0.211971
0.211912
0.21181
0.211616
0.211233
0.2106
0.208929
0.219858
0.231666
0.231383
0.234322
0.235329
0.235925
0.236298
0.236399
0.23642
0.236497
0.236399
0.236364
0.234767
0.23145
0.228905
0.227933
0.226903
0.224417
0.225208
0.227524
0.224973
0.228301
0.217425
0.222693
0.224752
0.22584
0.226666
0.226336
0.222486
0.219207
0.218309
0.217898
0.217054
0.214137
0.210268
0.210241
0.210708
0.211091
0.211313
0.211425
0.211557
0.211724
0.211896
0.212068
0.212199
0.212278
0.212346
0.212292
0.212045
0.212062
0.211868
0.211833
0.211882
0.211805
0.211745
0.211596
0.211365
0.211037
0.210521
0.209489
0.207255
0.237538
0.233866
0.235364
0.236481
0.237407
0.237818
0.237956
0.237987
0.238107
0.237219
0.23763
0.237521
0.233913
0.230303
0.229074
0.227984
0.225559
0.225822
0.227844
0.224471
0.226076
0.218028
0.221973
0.22376
0.224662
0.224848
0.223889
0.220277
0.218154
0.217371
0.216578
0.216183
0.213438
0.210539
0.210159
0.210204
0.21043
0.210426
0.210359
0.210443
0.210617
0.210828
0.211015
0.21119
0.211378
0.211545
0.211586
0.211665
0.211823
0.211681
0.211793
0.21193
0.21196
0.211959
0.21185
0.211702
0.211534
0.211178
0.210378
0.208891
0.242122
0.232903
0.236801
0.234252
0.235354
0.235891
0.236317
0.236497
0.236947
0.236366
0.236675
0.237059
0.23401
0.229448
0.227769
0.226745
0.225444
0.226044
0.227629
0.222354
0.22422
0.207672
0.222507
0.22374
0.224387
0.224283
0.223063
0.219515
0.21636
0.215591
0.214965
0.214047
0.211393
0.211269
0.210955
0.210487
0.210461
0.210218
0.20998
0.209961
0.210114
0.210451
0.210474
0.210491
0.210794
0.210798
0.210854
0.211488
0.211856
0.211915
0.21217
0.212381
0.212547
0.21267
0.21263
0.212601
0.212649
0.212466
0.211873
0.210594
0.21021
0.231607
0.235129
0.227721
0.229867
0.231166
0.232641
0.232971
0.234036
0.233395
0.233995
0.234975
0.232537
0.227449
0.225316
0.223971
0.222717
0.224541
0.226991
0.219867
0.221096
0.224953
0.221125
0.223677
0.22334
0.221133
0.22119
0.21649
0.209451
0.210421
0.217488
0.20936
0.209628
0.210637
0.211404
0.210626
0.209943
0.20981
0.210209
0.210736
0.210824
0.211296
0.210595
0.210473
0.21078
0.210537
0.210642
0.212059
0.212458
0.212709
0.213141
0.213379
0.213625
0.213973
0.214205
0.215165
0.215644
0.21633
0.216358
0.216918
0.185586
0.200808
0.217851
0.23785
0.240527
0.241972
0.249663
0.217692
0.223325
0.222394
0.225142
0.227805
0.227675
0.222451
0.220163
0.219773
0.219598
0.222108
0.223421
0.216112
0.216445
0.217657
0.21773
0.220437
0.222901
0.217528
0.215479
0.213277
0.212769
0.212071
0.211361
0.211943
0.211474
0.21051
0.221262
0.212968
0.198482
0.206356
0.209247
0.207028
0.194212
0.21496
0.210336
0.211067
0.211757
0.212859
0.212018
0.213765
0.213694
0.214832
0.214496
0.214399
0.214726
0.196432
0.195726
0.194172
0.192359
0.1909
0.189589
0.188799
0.216983
0.188153
0.215349
0.202871
0.226758
0.230958
0.220857
0.240403
0.220641
0.213319
0.218776
0.222112
0.247792
0.249516
0.201235
0.210059
0.212608
0.217361
0.218866
0.215855
0.217727
0.217746
0.217526
0.218212
0.216849
0.203994
0.238402
0.237522
0.235822
0.234246
0.232087
0.229608
0.227303
0.225739
0.224176
0.203775
0.203282
0.208056
0.206517
0.204027
0.201833
0.200489
0.198353
0.198011
0.199233
0.199834
0.198113
0.201622
0.20366
0.205031
0.204322
0.20537
0.20574
0.206489
0.205668
0.204968
0.204197
0.203464
0.20291
0.201585
0.200526
0.199591
0.196846
0.194237
0.190352
0.22485
0.228754
0.23677
0.243719
0.249257
0.220861
0.222656
0.216008
0.21246
0.209787
0.21055
0.212813
0.216785
0.217167
0.23647
0.23723
0.236904
0.234656
0.232502
0.230032
0.227664
0.228176
0.228291
0.227067
0.223529
0.202104
0.2061
0.20781
0.208701
0.209689
0.211576
0.212868
0.214267
0.21683
0.220051
0.223201
0.225239
0.227151
0.231956
0.234909
0.237219
0.236215
0.237332
0.236319
0.242205
0.237446
0.239484
0.23921
0.239264
0.238238
0.239008
0.23959
0.23958
0.238676
0.236129
0.23164
0.225523
0.214187
0.200443
0.212034
0.230374
0.233258
0.233783
0.233358
0.233629
0.234288
0.234924
0.235368
0.235515
0.235357
0.236129
0.236734
0.234481
0.234837
0.23058
0.226663
0.223147
0.22083
0.220133
0.22036
0.222666
0.22499
0.225706
0.22055
0.20761
0.22476
0.232959
0.238194
0.240588
0.24139
0.241819
0.240372
0.234272
0.227473
0.224655
0.224326
0.224712
0.225439
0.226719
0.227246
0.227423
0.227239
0.227709
0.227964
0.228258
0.227804
0.22811
0.227992
0.227916
0.227582
0.22733
0.226913
0.226215
0.225208
0.224044
0.223743
0.228117
0.222691
0.176896
0.229537
0.236845
0.238135
0.238879
0.23895
0.238601
0.239419
0.239393
0.238873
0.237825
0.235771
0.233843
0.233433
0.233328
0.232871
0.228561
0.227251
0.227141
0.227256
0.227501
0.227534
0.227708
0.227724
0.227816
0.227458
0.22404
0.211425
0.209267
0.22992
0.235642
0.237322
0.237192
0.236108
0.234807
0.233686
0.233027
0.232163
0.230519
0.228362
0.225674
0.223766
0.222336
0.221551
0.219518
0.219467
0.218725
0.221683
0.22186
0.223091
0.224479
0.226492
0.228417
0.230087
0.231052
0.231013
0.230388
0.229952
0.230212
0.210186
0.213117
0.229166
0.237056
0.238492
0.2386
0.238555
0.238422
0.237858
0.236812
0.236049
0.235408
0.234631
0.233969
0.233448
0.232729
0.230805
0.235267
0.236472
0.237795
0.238249
0.238221
0.237801
0.237284
0.236376
0.23556
0.234811
0.233054
0.229593
0.22367
0.213496
0.21333
0.232634
0.239391
0.23988
0.239948
0.238811
0.237267
0.235086
0.231941
0.228694
0.225178
0.221616
0.219623
0.217728
0.213461
0.212579
0.212915
0.215934
0.216212
0.218254
0.220471
0.223711
0.227178
0.229968
0.231116
0.230691
0.230219
0.230482
0.212455
0.213567
0.227499
0.235486
0.238113
0.238227
0.238282
0.238366
0.238042
0.237217
0.236583
0.236256
0.2361
0.235808
0.235517
0.235316
0.234834
0.234443
0.238787
0.240461
0.241716
0.241879
0.241469
0.240624
0.23974
0.238495
0.237118
0.235805
0.233955
0.231283
0.226941
0.218033
0.21407
0.222085
0.234791
0.238002
0.237731
0.237704
0.237631
0.235728
0.234262
0.232432
0.230399
0.227498
0.226491
0.224548
0.219016
0.217383
0.218275
0.222121
0.222616
0.225187
0.227509
0.229406
0.230254
0.256185
0.237373
0.234804
0.230924
0.22449
0.18605
0.194762
0.198993
0.201293
0.20267
0.241388
0.237164
0.237146
0.242268
0.206918
0.210018
0.237387
0.235456
0.235436
0.235855
0.236171
0.236395
0.23705
0.197597
0.198507
0.198799
0.197667
0.194669
0.193255
0.19264
0.191967
0.191272
0.190821
0.190853
0.190861
0.188943
0.224797
0.231651
0.234902
0.236826
0.237931
0.239714
0.239248
0.239235
0.241552
0.24306
0.243996
0.244768
0.245222
0.244806
0.244325
0.247137
0.248157
0.247398
0.245685
0.246012
0.244563
0.242849
0.240815
0.238645
0.235685
0.23287
0.230013
0.226222
0.22342
0.186412
0.196809
0.239416
0.238759
0.240712
0.237151
0.236744
0.236696
0.236843
0.237916
0.214311
0.202983
0.20035
0.197469
0.195783
0.195425
0.195818
0.19659
0.192818
0.19064
0.191702
0.192288
0.19223
0.191783
0.191305
0.190775
0.190326
0.190101
0.190079
0.190082
0.189974
0.18861
0.190259
0.214393
0.223001
0.226729
0.232109
0.233669
0.236266
0.237968
0.238797
0.23983
0.240949
0.241714
0.241265
0.240664
0.243446
0.244102
0.243168
0.241093
0.241365
0.239744
0.238057
0.236052
0.233716
0.231004
0.22806
0.225498
0.222787
0.175757
0.195783
0.198276
0.237836
0.23796
0.239421
0.238028
0.237375
0.23701
0.236957
0.237769
0.243107
0.204168
0.201292
0.198148
0.196781
0.195705
0.195165
0.194632
0.189652
0.19081
0.191676
0.191832
0.19165
0.191379
0.19095
0.190477
0.190074
0.189728
0.189448
0.189206
0.188863
0.188637
0.188609
0.187951
0.181526
0.211403
0.220018
0.227444
0.233013
0.234516
0.235056
0.235375
0.236379
0.237158
0.236761
0.23628
0.238527
0.239009
0.237803
0.235583
0.236193
0.234678
0.233194
0.23137
0.229075
0.226735
0.224454
0.222355
0.219641
0.187224
0.19408
0.202416
0.238376
0.238929
0.239572
0.238453
0.237663
0.237101
0.236683
0.236583
0.236917
0.243019
0.200905
0.197767
0.196276
0.194607
0.194187
0.192697
0.189679
0.190686
0.191147
0.191044
0.19091
0.190504
0.189965
0.189762
0.189612
0.189511
0.189335
0.18904
0.188479
0.188184
0.188577
0.189827
0.18827
0.180474
0.214923
0.224169
0.227799
0.22947
0.231291
0.232362
0.233311
0.233311
0.233047
0.23304
0.233833
0.233457
0.232818
0.230605
0.231323
0.230074
0.229077
0.22718
0.224824
0.222804
0.220927
0.218882
0.183147
0.191924
0.243311
0.237522
0.237275
0.239303
0.239745
0.238494
0.237097
0.236723
0.236058
0.235388
0.234671
0.234378
0.232673
0.232516
0.231268
0.238501
0.190367
0.188571
0.189616
0.190195
0.19059
0.190598
0.190541
0.189776
0.188445
0.188886
0.189121
0.189262
0.189205
0.188956
0.188291
0.187756
0.188786
0.191437
0.19146
0.185917
0.178661
0.218269
0.223959
0.22468
0.226481
0.228478
0.228949
0.229017
0.229952
0.230201
0.230228
0.228586
0.227942
0.226312
0.227021
0.226172
0.225522
0.223657
0.221261
0.219373
0.217442
0.213141
0.195906
0.178321
0.219857
0.229971
0.233898
0.238413
0.23929
0.235002
0.234752
0.236363
0.235292
0.234147
0.232867
0.231191
0.229653
0.228591
0.227193
0.226006
0.187543
0.188722
0.188412
0.189972
0.188793
0.189342
0.188862
0.18815
0.188634
0.188313
0.189025
0.189097
0.189091
0.1889
0.188124
0.187861
0.189549
0.19156
0.19137
0.189924
0.179149
0.211817
0.218879
0.222868
0.224574
0.225494
0.225717
0.225903
0.22649
0.226759
0.227008
0.225255
0.223898
0.222618
0.224414
0.22493
0.225423
0.221883
0.218553
0.217514
0.210543
0.212605
0.182462
0.178709
0.21221
0.223892
0.229054
0.235004
0.233883
0.231388
0.236735
0.235243
0.23432
0.232761
0.230809
0.228579
0.22686
0.225799
0.224639
0.222885
0.188472
0.189045
0.1894
0.188832
0.189101
0.190072
0.189755
0.189638
0.189505
0.188238
0.188938
0.188911
0.18875
0.188555
0.187767
0.188958
0.19167
0.191975
0.191507
0.190264
0.186679
0.190379
0.215611
0.220224
0.222497
0.223794
0.224308
0.223738
0.223437
0.223333
0.223688
0.22244
0.221399
0.220089
0.222722
0.229688
0.22706
0.217705
0.217739
0.216979
0.21502
0.213747
0.179953
0.204851
0.217626
0.224203
0.227373
0.232669
0.231929
0.23459
0.235816
0.233958
0.23257
0.230991
0.228537
0.226107
0.224439
0.223252
0.221528
0.219294
0.188994
0.189509
0.188416
0.188031
0.187697
0.187756
0.188405
0.189438
0.188576
0.188433
0.188748
0.188567
0.188465
0.188013
0.187372
0.190453
0.191914
0.192075
0.19162
0.190364
0.187761
0.180987
0.21683
0.219668
0.22146
0.221902
0.222419
0.221929
0.222127
0.223867
0.225423
0.220014
0.218988
0.217093
0.188204
0.216602
0.217707
0.216925
0.216524
0.216367
0.180128
0.1818
0.207154
0.222533
0.227129
0.229084
0.227902
0.229455
0.22874
0.231807
0.232541
0.232005
0.231319
0.229042
0.226346
0.22403
0.221918
0.219889
0.218436
0.215359
0.188776
0.188522
0.187763
0.186445
0.186838
0.186827
0.187165
0.188579
0.189444
0.187501
0.18806
0.187921
0.187902
0.187468
0.187038
0.190635
0.191821
0.191996
0.191632
0.190692
0.186176
0.211973
0.218199
0.219838
0.220149
0.22022
0.221933
0.222741
0.237674
0.227523
0.219973
0.218685
0.218528
0.19437
0.200149
0.241962
0.200018
0.197429
0.197081
0.197757
0.198584
0.240257
0.237902
0.237697
0.235688
0.231903
0.226572
0.227402
0.226241
0.227234
0.229141
0.229862
0.229584
0.227362
0.224734
0.221955
0.218631
0.216852
0.215718
0.188615
0.188637
0.187994
0.18645
0.186824
0.186917
0.187281
0.187701
0.188617
0.188448
0.186047
0.187423
0.187313
0.187088
0.186067
0.188406
0.190696
0.191461
0.191648
0.191523
0.191805
0.202629
0.1942
0.214418
0.218446
0.219357
0.224187
0.222399
0.223486
0.222893
0.218133
0.218139
0.218152
0.218217
0.214212
0.180851
0.244125
0.243235
0.215921
0.235599
0.237138
0.238198
0.238159
0.236641
0.235172
0.232465
0.224933
0.21609
0.220098
0.223339
0.227235
0.224628
0.225874
0.228072
0.226314
0.223697
0.219226
0.215759
0.214823
0.212332
0.207086
0.188527
0.187531
0.226817
0.224618
0.224768
0.222031
0.215078
0.186185
0.186901
0.187141
0.197561
0.187098
0.185363
0.184935
0.18468
0.183874
0.192495
0.207649
0.211783
0.21373
0.187938
0.23416
0.193906
0.217816
0.21902
0.22383
0.223301
0.225649
0.21747
0.217941
0.218148
0.218022
0.217685
0.220057
0.198522
0.199126
0.196756
0.200283
0.202578
0.203258
0.203599
0.203557
0.203924
0.208097
0.240536
0.240814
0.237762
0.234843
0.233738
0.23006
0.224336
0.225496
0.226808
0.224824
0.221768
0.216407
0.214137
0.208947
0.188277
0.188872
0.188755
0.185962
0.194986
0.217022
0.219177
0.218555
0.216908
0.185464
0.18604
0.185357
0.186279
0.186055
0.184762
0.185023
0.185245
0.184478
0.180156
0.208316
0.214473
0.218073
0.220218
0.219411
0.203914
0.214971
0.223107
0.228677
0.226717
0.211016
0.200382
0.194411
0.217796
0.22023
0.220153
0.206413
0.189856
0.19175
0.221131
0.209316
0.205163
0.205553
0.206211
0.206645
0.240491
0.239703
0.239493
0.240316
0.239003
0.23603
0.233782
0.229864
0.226483
0.227553
0.226943
0.224875
0.219875
0.214304
0.213347
0.207195
0.204127
0.188549
0.20418
0.187634
0.185395
0.218124
0.223879
0.227656
0.231627
0.227743
0.225116
0.208738
0.217333
0.213953
0.20919
0.205346
0.205523
0.206792
0.20955
0.212887
0.215174
0.216984
0.218304
0.21885
0.218265
0.217228
0.217249
0.221009
0.217379
0.2009
0.201925
0.200965
0.200628
0.198534
0.199349
0.203219
0.203856
0.233031
0.245041
0.208051
0.207701
0.207776
0.207727
0.207344
0.207158
0.206385
0.205023
0.206396
0.237766
0.237119
0.232873
0.229927
0.227288
0.227676
0.226977
0.224411
0.217622
0.212315
0.207292
0.204782
0.20179
0.188197
0.203647
0.187573
0.184384
0.222406
0.22835
0.233796
0.238851
0.237172
0.235769
0.233109
0.229472
0.226478
0.209357
0.213122
0.212278
0.212325
0.213192
0.214202
0.214772
0.215301
0.215776
0.216164
0.215942
0.215467
0.215984
0.221077
0.220185
0.206476
0.203331
0.204204
0.205343
0.205751
0.206334
0.207379
0.207992
0.246623
0.245768
0.210131
0.210188
0.210154
0.209942
0.209525
0.208779
0.207931
0.207136
0.206376
0.206378
0.208084
0.205335
0.229824
0.227104
0.227208
0.226686
0.223411
0.215793
0.210593
0.204607
0.202403
0.189695
0.187874
0.203057
0.187218
0.217016
0.22735
0.232843
0.237884
0.241807
0.24135
0.239775
0.237774
0.235923
0.232938
0.227455
0.218447
0.212457
0.214213
0.214297
0.214513
0.214413
0.214073
0.213873
0.213959
0.213951
0.213687
0.213946
0.217936
0.21804
0.219545
0.206168
0.207634
0.209028
0.209614
0.210327
0.210951
0.211416
0.212226
0.213849
0.212796
0.212843
0.212633
0.212272
0.211768
0.211017
0.210281
0.209678
0.209323
0.210148
0.211305
0.208005
0.202384
0.227569
0.225986
0.2257
0.221938
0.214507
0.204384
0.202714
0.200154
0.189108
0.187797
0.203345
0.186874
0.224563
0.230864
0.235094
0.239006
0.243177
0.243684
0.242499
0.239974
0.238649
0.236693
0.233063
0.226249
0.21628
0.214306
0.213366
0.214557
0.214054
0.213076
0.212192
0.212018
0.211998
0.211969
0.212536
0.215041
0.215426
0.218981
0.209972
0.211337
0.212825
0.213294
0.214008
0.214536
0.214918
0.215443
0.216158
0.215837
0.215748
0.215399
0.214885
0.214289
0.213549
0.212865
0.212339
0.2121
0.213072
0.214298
0.208446
0.204611
0.197044
0.223396
0.224444
0.2206
0.211819
0.199715
0.201052
0.19934
0.188903
0.191346
0.202537
0.185073
0.231222
0.235593
0.238754
0.241655
0.244468
0.245224
0.244109
0.240687
0.238791
0.237366
0.235433
0.23114
0.222195
0.21436
0.214096
0.213763
0.212252
0.212326
0.211016
0.210324
0.210334
0.210558
0.211534
0.213273
0.217358
0.220017
0.214309
0.215649
0.217075
0.217521
0.217993
0.218533
0.218946
0.21928
0.21973
0.219574
0.219242
0.218565
0.21786
0.217114
0.2163
0.215665
0.215246
0.215034
0.215805
0.217482
0.209753
0.205335
0.199852
0.196428
0.223341
0.2199
0.20854
0.196516
0.201317
0.19242
0.186633
0.227372
0.196787
0.225419
0.2366
0.239523
0.241645
0.243559
0.245119
0.246024
0.246098
0.243211
0.239595
0.238028
0.236772
0.234606
0.228521
0.2162
0.213561
0.213723
0.213096
0.210249
0.209736
0.208567
0.208797
0.210029
0.215346
0.21935
0.218702
0.220963
0.218658
0.220048
0.22156
0.222194
0.222933
0.22354
0.223775
0.2242
0.224388
0.224166
0.223653
0.222901
0.221795
0.220693
0.219688
0.218952
0.218483
0.218099
0.21819
0.219931
0.210947
0.202467
0.20146
0.200529
0.222423
0.219582
0.1969
0.194808
0.20629
0.196683
0.228195
0.234513
0.235621
0.234
0.240936
0.242449
0.243694
0.244867
0.245843
0.246626
0.247269
0.246572
0.242557
0.239156
0.237747
0.236479
0.233547
0.22412
0.212732
0.213177
0.213404
0.211911
0.209293
0.207231
0.210277
0.200393
0.222722
0.222427
0.2256
0.224157
0.22244
0.224214
0.226164
0.227365
0.228712
0.229612
0.229707
0.229738
0.22972
0.229844
0.22965
0.228946
0.227333
0.225343
0.223577
0.222387
0.221656
0.220942
0.220292
0.221616
0.212445
0.232073
0.199939
0.201463
0.222587
0.220985
0.194374
0.229274
0.231115
0.238613
0.238191
0.240065
0.241208
0.239848
0.2432
0.243928
0.244677
0.245488
0.246269
0.246996
0.247685
0.248111
0.246843
0.241981
0.238669
0.237464
0.235884
0.230945
0.216687
0.212287
0.2132
0.212887
0.207642
0.216148
0.221716
0.222008
0.219496
0.220444
0.224738
0.225354
0.225134
0.227758
0.23082
0.232976
0.234491
0.23529
0.234837
0.234293
0.234161
0.234823
0.235251
0.235157
0.233861
0.231575
0.228495
0.22589
0.224451
0.223234
0.221841
0.221872
0.213792
0.233522
0.229041
0.202352
0.225486
0.214267
0.229096
0.24267
0.235839
0.243977
0.24318
0.243022
0.243016
0.242611
0.243785
0.244226
0.244765
0.245428
0.246175
0.246921
0.247661
0.248316
0.248619
0.246364
0.240183
0.237894
0.236711
0.234323
0.224795
0.211954
0.212891
0.213024
0.209817
0.215927
0.217248
0.21726
0.216745
0.218445
0.222556
0.224465
0.226042
0.230303
0.234548
0.23682
0.237571
0.238007
0.236716
0.23536
0.244572
0.236335
0.23767
0.238726
0.238362
0.236858
0.234012
0.230018
0.226731
0.224699
0.222572
0.221013
0.238201
0.235015
0.231892
0.228254
0.226151
0.225997
0.230674
0.236029
0.238124
0.244678
0.244484
0.244017
0.243466
0.243337
0.243663
0.243974
0.244394
0.244977
0.245715
0.246473
0.247288
0.248044
0.248712
0.248545
0.243579
0.238036
0.236842
0.23536
0.230352
0.213164
0.212659
0.21288
0.211239
0.214634
0.213557
0.21337
0.214362
0.216233
0.219155
0.220258
0.224043
0.229385
0.232317
0.234166
0.239289
0.238108
0.237232
0.237041
0.237038
0.237243
0.237977
0.23999
0.24498
0.237691
0.236474
0.233967
0.22932
0.225336
0.222109
0.218279
0.238264
0.236204
0.233502
0.230984
0.226713
0.22705
0.232093
0.234166
0.240448
0.241932
0.244738
0.244239
0.243516
0.243348
0.243358
0.243573
0.2439
0.244414
0.245118
0.245859
0.246705
0.247515
0.248307
0.248729
0.246204
0.238004
0.23657
0.23547
0.232514
0.218198
0.212482
0.212673
0.211205
0.214242
0.211969
0.211201
0.212608
0.233318
0.234313
0.232861
0.233005
0.232977
0.234329
0.236037
0.23684
0.237254
0.237383
0.237429
0.237393
0.237286
0.237259
0.23749
0.237963
0.238676
0.239536
0.24414
0.231996
0.226995
0.246874
0.237759
0.238384
0.237137
0.234458
0.231963
0.228335
0.227504
0.233157
0.237256
0.242523
0.246961
0.243244
0.24424
0.2434
0.243178
0.242936
0.243093
0.243356
0.243812
0.244478
0.245182
0.246011
0.246808
0.247593
0.247999
0.245675
0.236675
0.235088
0.23442
0.232861
0.220855
0.211977
0.212535
0.210121
0.211553
0.234051
0.234805
0.23283
0.235586
0.236198
0.233396
0.227172
0.215481
0.231844
0.234894
0.236258
0.237523
0.237946
0.237972
0.237856
0.237622
0.23733
0.237112
0.237003
0.237031
0.237155
0.23772
0.240366
0.238563
0.237148
0.234874
0.237707
0.237491
0.234029
0.232237
0.22936
0.227717
0.234034
0.239112
0.244237
0.248791
0.252876
0.244018
0.243052
0.242865
0.242238
0.242441
0.242697
0.243091
0.243744
0.244383
0.245125
0.24572
0.246006
0.244478
0.234725
0.236852
0.232852
0.2298
0.225624
0.220822
0.211452
0.212052
0.204236
0.186974
0.226623
0.240256
0.2394
0.241892
0.227127
0.193845
0.199632
0.201285
0.203338
0.216569
0.23462
0.237482
0.238014
0.238573
0.23836
0.237986
0.237483
0.236956
0.236434
0.235989
0.235662
0.235541
0.236421
0.236176
0.233735
0.233187
0.235622
0.236837
0.233565
0.231556
0.229354
0.227832
0.23493
0.240499
0.24572
0.25025
0.253469
0.24318
0.242016
0.242232
0.239996
0.241137
0.241533
0.241714
0.242422
0.242683
0.242586
0.235907
0.247557
0.242888
0.238923
0.235252
0.231965
0.225734
0.220007
0.218317
0.218209
0.217077
0.219114
0.207496
0.201349
0.197345
0.190589
0.188544
0.20722
0.209385
0.216838
0.215616
0.209375
0.207779
0.218844
0.237994
0.239231
0.239282
0.238865
0.238806
0.237825
0.23705
0.236195
0.235393
0.23469
0.234114
0.233953
0.234368
0.232119
0.231546
0.232835
0.235937
0.233336
0.23037
0.227753
0.228196
0.23597
0.241509
0.246844
0.251494
0.254168
0.260678
0.262835
0.239847
0.263414
0.263795
0.263427
0.261761
0.260435
0.257771
0.254429
0.25035
0.246125
0.241947
0.237862
0.234302
0.229472
0.223481
0.220664
0.221553
0.224883
0.227016
0.236839
0.239105
0.233654
0.232098
0.226101
0.220454
0.219688
0.221243
0.224434
0.227124
0.225237
0.219356
0.214817
0.236916
0.24102
0.240737
0.239993
0.23919
0.238037
0.237288
0.236168
0.235409
0.234482
0.233642
0.233209
0.23365
0.231347
0.230482
0.230939
0.235048
0.23309
0.229654
0.225481
0.229111
0.236917
0.242108
0.247036
0.251303
0.254504
0.259264
0.26192
0.26372
0.262892
0.262581
0.261613
0.259901
0.258123
0.255723
0.252638
0.24908
0.244134
0.240286
0.236906
0.233493
0.229647
0.227736
0.229389
0.233083
0.237997
0.2428
0.252059
0.24683
0.22124
0.21259
0.210511
0.206427
0.201804
0.199524
0.201689
0.205237
0.217147
0.225084
0.223264
0.231831
0.241894
0.241413
0.240602
0.239697
0.238694
0.237973
0.236773
0.235945
0.235018
0.23427
0.233667
0.233868
0.231415
0.230656
0.230928
0.235163
0.23296
0.230276
0.225509
0.226732
0.236826
0.242589
0.247911
0.25201
0.254655
0.257911
0.261233
0.261772
0.260094
0.259927
0.258662
0.25678
0.25485
0.252615
0.250193
0.247423
0.243992
0.240897
0.239048
0.236496
0.236391
0.23889
0.242877
0.24687
0.2498
0.246534
0.229931
0.225236
0.222263
0.215455
0.214452
0.213053
0.205312
0.192918
0.199576
0.19561
0.198516
0.200482
0.211424
0.231505
0.240202
0.239919
0.239339
0.23882
0.238448
0.237968
0.237441
0.237023
0.23664
0.236999
0.237778
0.235683
0.233684
0.233436
0.234634
0.238211
0.233962
0.229893
0.225624
0.213788
0.223857
0.234956
0.240549
0.245453
0.249654
0.253603
0.257651
0.259684
0.253119
0.254744
0.254501
0.253301
0.251926
0.250199
0.248583
0.246875
0.244762
0.243905
0.244421
0.242042
0.24199
0.244234
0.24724
0.248147
0.235526
0.224828
0.224371
0.226314
0.225205
0.217659
0.214268
0.21209
0.207821
0.198814
0.200192
0.18089
0.178555
0.234503
0.232982
0.236213
0.237622
0.237289
0.236758
0.236222
0.236049
0.235938
0.236207
0.237289
0.24091
0.239437
0.236597
0.235389
0.235149
0.236693
0.240152
0.237576
0.233604
0.230787
0.225927
0.220583
0.215814
0.195451
0.228071
0.235507
0.239156
0.243172
0.248065
0.251121
0.243826
0.245908
0.247016
0.247184
0.247014
0.246582
0.24645
0.246801
0.247473
0.2459
0.245536
0.252211
0.250951
0.245666
0.230518
0.22338
0.223704
0.226488
0.225808
0.224558
0.220843
0.21445
0.208501
0.205127
0.208041
0.20509
0.199447
0.246474
0.246906
0.244145
0.237475
0.236928
0.236224
0.235935
0.235123
0.234394
0.234937
0.237671
0.240964
0.237549
0.233719
0.23277
0.232655
0.23312
0.236753
0.238478
0.23624
0.2334
0.231188
0.229924
0.226909
0.220812
0.217057
0.213566
0.215588
0.227671
0.22686
0.232598
0.239978
0.242385
0.239263
0.242003
0.244034
0.245255
0.246
0.24659
0.247281
0.248199
0.252285
0.255278
0.251153
0.24915
0.242762
0.233571
0.223745
0.223258
0.22551
0.226113
0.224176
0.221486
0.21619
0.211598
0.206705
0.202234
0.203775
0.200577
0.199143
0.235279
0.24825
0.247106
0.239526
0.239696
0.238275
0.237403
0.241188
0.241295
0.237273
0.233949
0.232229
0.231072
0.230458
0.230755
0.232795
0.235893
0.236873
0.23536
0.233227
0.231056
0.229928
0.2294
0.226507
0.223291
0.238534
0.239315
0.239338
0.239278
0.235826
0.231744
0.235912
0.237789
0.243015
0.244828
0.246388
0.247638
0.248654
0.250133
0.247178
0.247749
0.250572
0.241298
0.240375
0.23544
0.229481
0.224807
0.223689
0.225265
0.226202
0.224839
0.221539
0.217395
0.212325
0.209263
0.205659
0.200469
0.202823
0.198404
0.198494
0.234832
0.25006
0.248751
0.246722
0.244468
0.241387
0.238476
0.235044
0.23283
0.231324
0.230366
0.229966
0.230093
0.231073
0.233092
0.235089
0.23621
0.237254
0.214069
0.209119
0.205749
0.199911
0.193664
0.181769
0.245472
0.225693
0.222056
0.221848
0.221943
0.222486
0.227215
0.234656
0.240356
0.222322
0.221693
0.221842
0.222003
0.223187
0.224368
0.225592
0.22506
0.224861
0.225357
0.225463
0.225453
0.224177
0.223872
0.225629
0.226545
0.225999
0.223384
0.218888
0.214178
0.210116
0.208324
0.20549
0.201266
0.20664
0.203405
0.230062
0.249065
0.246671
0.238477
0.239876
0.238584
0.235382
0.231685
0.228427
0.226465
0.225267
0.224765
0.224854
0.225483
0.225389
0.214778
0.212507
0.210708
0.208596
0.205921
0.202814
0.198899
0.193595
0.191506
0.22481
0.234809
0.239366
0.255487
0.229524
0.228236
0.227209
0.226208
0.225197
0.223965
0.225249
0.225357
0.225289
0.225347
0.225826
0.225684
0.226981
0.226559
0.222637
0.22447
0.224482
0.224326
0.224822
0.225975
0.226828
0.226691
0.225726
0.222379
0.217898
0.213704
0.210352
0.208834
0.206954
0.209664
0.194275
0.225195
0.244858
0.243649
0.239345
0.236881
0.235222
0.228618
0.225793
0.224391
0.222907
0.221864
0.221206
0.220916
0.220821
0.219982
0.213259
0.211713
0.210241
0.208585
0.206412
0.203594
0.20021
0.195852
0.1929
0.214831
0.230568
0.23607
0.238789
0.240689
0.241638
0.242095
0.244335
0.227317
0.225968
0.225397
0.222081
0.220457
0.223931
0.224086
0.22409
0.22414
0.224597
0.225325
0.224986
0.225401
0.225822
0.225965
0.226295
0.226702
0.226663
0.225969
0.22471
0.220591
0.21604
0.212163
0.20912
0.208236
0.207625
0.21147
0.221866
0.241274
0.244121
0.243163
0.238814
0.237036
0.222201
0.224173
0.224896
0.223893
0.222466
0.221494
0.221098
0.22164
0.222658
0.214357
0.211537
0.21012
0.208535
0.206692
0.204436
0.201705
0.197974
0.194813
0.193276
0.220471
0.233723
0.236695
0.238282
0.238685
0.238019
0.236913
0.23546
0.234055
0.231963
0.223762
0.213306
0.219361
0.218883
0.218428
0.22009
0.222703
0.223393
0.22465
0.225031
0.224876
0.22495
0.225368
0.225683
0.225791
0.225383
0.224062
0.221981
0.217275
0.212789
0.209301
0.206581
0.206157
0.206842
0.209815
0.229547
0.242533
0.243134
0.242504
0.237449
0.232412
0.222245
0.224499
0.225278
0.22343
0.221999
0.221836
0.222213
0.224386
0.224975
0.211707
0.209614
0.208086
0.206346
0.204471
0.202496
0.199746
0.196614
0.193988
0.19391
0.225845
0.235152
0.236733
0.237158
0.23594
0.234523
0.23243
0.230482
0.228842
0.227231
0.225508
0.223815
0.222373
0.213891
0.212749
0.214374
0.217568
0.218823
0.220759
0.223648
0.224275
0.224563
0.2245
0.224205
0.223566
0.222391
0.220236
0.217445
0.212719
0.208765
0.205951
0.202644
0.204368
0.206931
0.214192
0.238605
0.241779
0.242607
0.242435
0.236974
0.231056
0.221756
0.224247
0.225353
0.223177
0.222618
0.224489
0.226313
0.228882
0.227286
0.209311
0.207333
0.205687
0.204
0.202509
0.201226
0.198287
0.195605
0.194155
0.195156
0.229369
0.235428
0.234921
0.234798
0.23417
0.232909
0.231001
0.229305
0.227399
0.22613
0.224582
0.218943
0.219368
0.190464
0.186971
0.187569
0.198953
0.206492
0.208368
0.214103
0.218346
0.22043
0.220698
0.220087
0.218662
0.216907
0.214531
0.211875
0.207817
0.202551
0.193463
0.199542
0.201183
0.205491
0.23013
0.239957
0.241286
0.242599
0.242876
0.237593
0.231742
0.222245
0.224672
0.225987
0.224286
0.226184
0.230157
0.230306
0.232096
0.211549
0.2065
0.204379
0.203074
0.202168
0.201323
0.199275
0.196515
0.195023
0.195077
0.198537
0.231503
0.235159
0.231904
0.230175
0.229547
0.227665
0.224878
0.222724
0.220638
0.219871
0.218324
0.215479
0.215403
0.180001
0.180307
0.180835
0.183683
0.186562
0.188439
0.19718
0.205019
0.209218
0.213508
0.213773
0.212315
0.210158
0.203468
0.197067
0.19046
0.187058
0.186528
0.199292
0.199969
0.193492
0.237257
0.239666
0.241312
0.243107
0.243724
0.239602
0.234885
0.224225
0.22713
0.229249
0.229829
0.234277
0.235685
0.23495
0.233813
0.207662
0.204139
0.204664
0.202696
0.203125
0.200756
0.197994
0.195617
0.195329
0.195245
0.19557
0.227829
0.233655
0.233579
0.228553
0.226898
0.224568
0.221718
0.219745
0.217897
0.217104
0.215846
0.211557
0.212414
0.177968
0.182391
0.183641
0.183887
0.182866
0.183576
0.185038
0.185632
0.185864
0.186109
0.190001
0.191046
0.189743
0.187967
0.18599
0.183492
0.182675
0.184295
0.197192
0.200586
0.231497
0.237582
0.239898
0.241731
0.243943
0.244771
0.242472
0.240221
0.229491
0.23452
0.236729
0.237825
0.238146
0.23697
0.235406
0.233276
0.203693
0.201941
0.201134
0.201865
0.200304
0.197277
0.195335
0.195722
0.19647
0.196287
0.193156
0.234096
0.234915
0.233573
0.226807
0.223709
0.220723
0.217884
0.216067
0.214445
0.213694
0.212512
0.207996
0.209171
0.182249
0.184532
0.184468
0.182009
0.178557
0.178588
0.179276
0.181205
0.181969
0.18239
0.181159
0.181349
0.183547
0.183365
0.182207
0.181116
0.180851
0.1786
0.193039
0.186183
0.235664
0.239064
0.241009
0.243165
0.244946
0.245761
0.245194
0.244409
0.238374
0.242123
0.242788
0.241454
0.239747
0.23828
0.236765
0.235304
0.234837
0.235152
0.201913
0.201366
0.198519
0.195882
0.195484
0.196669
0.196712
0.196336
0.230735
0.234662
0.232085
0.22857
0.222958
0.219395
0.216151
0.2138
0.212313
0.210974
0.210243
0.209037
0.204611
0.204355
0.19049
0.184103
0.18153
0.177109
0.172112
0.170008
0.171918
0.174232
0.17602
0.178165
0.179255
0.179289
0.178645
0.17878
0.178985
0.177846
0.172872
0.17062
0.198842
0.2312
0.237021
0.24183
0.243124
0.244873
0.245931
0.246922
0.2466
0.245776
0.242714
0.244163
0.226365
0.242163
0.239831
0.236642
0.234595
0.233022
0.201532
0.232975
0.20097
0.198966
0.196126
0.195459
0.196741
0.197268
0.19664
0.190282
0.23459
0.230592
0.226042
0.222352
0.217788
0.213796
0.211475
0.209756
0.208683
0.207649
0.206916
0.2056
0.201005
0.198269
0.195522
0.180837
0.17585
0.168043
0.16136
0.159506
0.160501
0.163902
0.167423
0.169975
0.171967
0.173594
0.174879
0.175515
0.176767
0.170971
0.160045
0.179769
0.220613
0.235036
0.240002
0.244478
0.244787
0.246839
0.246189
0.247971
0.247195
0.246779
0.244902
0.244081
0.240302
0.242825
0.238661
0.235653
0.234263
0.233112
0.233161
0.233828
0.199332
0.196326
0.195442
0.19674
0.197665
0.197089
0.194785
0.229785
0.231316
0.224536
0.21954
0.215725
0.211978
0.208672
0.20711
0.205888
0.20518
0.204412
0.203698
0.202191
0.197019
0.193058
0.194263
0.174698
0.164614
0.162199
0.157781
0.155299
0.156481
0.158014
0.15602
0.159629
0.162677
0.162669
0.164624
0.167271
0.169314
0.171683
0.158102
0.185741
0.225633
0.237008
0.243725
0.245579
0.247406
0.247355
0.245172
0.249125
0.247361
0.24733
0.245857
0.245251
0.242034
0.242268
0.237565
0.235343
0.234675
0.234293
0.234201
0.234608
0.198346
0.195259
0.196752
0.198006
0.197489
0.195988
0.189341
0.23235
0.224885
0.218124
0.213173
0.209562
0.206603
0.204012
0.202978
0.202187
0.20181
0.201248
0.200594
0.198761
0.192792
0.189781
0.189764
0.162335
0.159567
0.154382
0.150923
0.149661
0.149996
0.15064
0.151782
0.154887
0.150535
0.149828
0.153322
0.154148
0.158948
0.163155
0.155702
0.178445
0.180613
0.237831
0.242762
0.236486
0.248655
0.244396
0.242691
0.24966
0.247969
0.247567
0.246477
0.245961
0.242909
0.239384
0.236108
0.234971
0.234478
0.234414
0.234641
0.234945
0.199544
0.196377
0.198088
0.19745
0.195394
0.189254
0.226885
0.226277
0.218018
0.212069
0.207555
0.204591
0.202252
0.200285
0.199292
0.198845
0.198752
0.198349
0.197733
0.195462
0.188579
0.187018
0.17407
0.1536
0.149387
0.148487
0.146834
0.146422
0.146876
0.147076
0.146853
0.146857
0.148396
0.145579
0.146479
0.145248
0.152104
0.173806
0.198255
0.198432
0.16107
0.21585
0.21769
0.231841
0.23923
0.234283
0.221531
0.24868
0.247422
0.24611
0.24457
0.244843
0.240481
0.195969
0.196281
0.233958
0.233645
0.233956
0.234415
0.234931
0.194526
0.197405
0.196149
0.190189
0.18774
0.192944
0.228521
0.219016
0.212627
0.207563
0.203672
0.201404
0.199593
0.198007
0.197017
0.196996
0.19697
0.196524
0.1959
0.192497
0.187073
0.186663
0.160541
0.142802
0.142828
0.144024
0.145132
0.145392
0.14648
0.146989
0.147651
0.147868
0.147926
0.146455
0.147467
0.147248
0.153121
0.157613
0.160515
0.199294
0.202049
0.207934
0.210063
0.220308
0.228945
0.231592
0.237923
0.251356
0.249541
0.245237
0.246089
0.243403
0.197897
0.190231
0.193073
0.233309
0.233497
0.233997
0.23417
0.237081
0.236876
0.197271
0.189792
0.187129
0.188971
0.22727
0.224545
0.21505
0.208276
0.204303
0.202196
0.201321
0.197938
0.196107
0.194966
0.195016
0.19524
0.194924
0.194081
0.195195
0.182647
0.180032
0.180265
0.191936
0.14719
0.148219
0.145288
0.145138
0.147045
0.145821
0.14547
0.144887
0.145463
0.146187
0.143843
0.146928
0.146409
0.192598
0.207794
0.205858
0.205247
0.204115
0.204666
0.209763
0.213488
0.214443
0.217274
0.250682
0.249724
0.248255
0.213233
0.200501
0.191684
0.190208
0.192078
0.232336
0.232904
0.235169
0.240236
0.215481
0.230992
0.232325
0.187465
0.191237
0.231877
0.230573
0.219782
0.210844
0.206106
0.202693
0.19795
0.196228
0.195768
0.195515
0.195379
0.194985
0.19458
0.193457
0.192014
0.187391
0.203163
0.207165
0.212429
0.214577
0.216433
0.218463
0.213837
0.210776
0.175414
0.174341
0.171921
0.170709
0.167824
0.16522
0.170616
0.239807
0.214499
0.206927
0.205395
0.20358
0.202898
0.202091
0.201644
0.203879
0.204824
0.204699
0.209116
0.216286
0.215689
0.210123
0.199684
0.193435
0.190176
0.190769
0.192646
0.233
0.236456
0.197451
0.176208
0.191745
0.230982
0.231787
0.230955
0.231613
0.227599
0.22188
0.215643
0.209934
0.205811
0.202667
0.200473
0.199562
0.200408
0.200925
0.201117
0.200182
0.198752
0.196606
0.197448
0.199291
0.202109
0.207548
0.210901
0.213885
0.216331
0.217915
0.217969
0.218966
0.219059
0.220062
0.220193
0.219875
0.217817
0.217107
0.216827
0.215735
0.212487
0.207674
0.205488
0.204112
0.202937
0.201809
0.200413
0.200726
0.200439
0.199284
0.201711
0.20469
0.204503
0.200463
0.195176
0.191683
0.190196
0.191838
0.194882
0.236842
0.208368
0.175145
0.181648
0.221424
0.227673
0.230294
0.229853
0.228178
0.225442
0.221752
0.217733
0.214325
0.21181
0.210468
0.209207
0.209709
0.212091
0.212222
0.21117
0.208636
0.208013
0.209711
0.183315
0.191554
0.202715
0.206919
0.209962
0.212949
0.215328
0.217027
0.217133
0.219171
0.220175
0.221877
0.221064
0.220133
0.217333
0.216382
0.215736
0.214847
0.212661
0.208952
0.206933
0.205691
0.203933
0.202201
0.199898
0.198851
0.197852
0.196199
0.197628
0.199061
0.198507
0.195597
0.192712
0.1909
0.190758
0.192025
0.236055
0.20833
0.176297
0.173357
0.218126
0.229706
0.230927
0.232406
0.231805
0.230172
0.227778
0.225169
0.222548
0.220586
0.219405
0.218809
0.219325
0.219708
0.220235
0.218666
0.21585
0.213029
0.209951
0.190155
0.193309
0.192678
0.204299
0.209132
0.212963
0.216095
0.218321
0.219726
0.219486
0.220484
0.220883
0.221403
0.221161
0.220491
0.218417
0.217325
0.216569
0.215681
0.21407
0.211377
0.209856
0.208357
0.205995
0.203508
0.200211
0.198585
0.197072
0.195542
0.19702
0.197929
0.196324
0.193261
0.192212
0.192599
0.191239
0.193503
0.208266
0.174855
0.171278
0.184456
0.229625
0.236644
0.239394
0.239673
0.238374
0.236114
0.232818
0.229973
0.227753
0.226085
0.224986
0.224017
0.22363
0.223086
0.22202
0.21928
0.215279
0.206519
0.189622
0.196071
0.198962
0.169222
)
;
    }
    hills
    {
        type            calculated;
        value           nonuniform List<scalar> 
7200
(
0.253397
0.249114
0.24407
0.240911
0.239068
0.238741
0.240502
0.251412
0.262107
0.227471
0.2337
0.243481
0.240452
0.238952
0.238091
0.237417
0.236844
0.236256
0.235509
0.234622
0.23289
0.230802
0.228057
0.224997
0.222964
0.224401
0.230631
0.233817
0.244405
0.235861
0.195732
0.195243
0.198293
0.235791
0.284129
0.289075
0.237307
0.208559
0.247425
0.205663
0.227855
0.237007
0.239938
0.236713
0.207291
0.206188
0.203796
0.179002
0.188485
0.195072
0.20212
0.203526
0.214814
0.223217
0.231676
0.239219
0.243073
0.247177
0.252953
0.255583
0.244447
0.245449
0.246888
0.248224
0.272087
0.256191
0.246741
0.241321
0.243625
0.249769
0.253145
0.232122
0.231656
0.232369
0.233958
0.23556
0.236316
0.23658
0.236472
0.237871
0.238527
0.237652
0.235869
0.232612
0.225669
0.234275
0.238245
0.239695
0.240856
0.209913
0.192843
0.197247
0.207058
0.245078
0.273709
0.294692
0.225473
0.202141
0.252824
0.204607
0.228276
0.19036
0.193587
0.191947
0.185999
0.218414
0.22996
0.227049
0.203257
0.182198
0.187366
0.187485
0.209405
0.203675
0.213743
0.224243
0.250284
0.25173
0.25539
0.241743
0.237633
0.238551
0.239078
0.238633
0.238145
0.237838
0.237801
0.234724
0.225553
0.219181
0.222106
0.21518
0.215373
0.217044
0.219824
0.223222
0.226344
0.227772
0.228865
0.231196
0.232826
0.232811
0.231493
0.228961
0.227744
0.228832
0.227807
0.226613
0.224083
0.189299
0.191917
0.194352
0.209237
0.277758
0.262387
0.270791
0.226037
0.208034
0.254437
0.203733
0.230587
0.191401
0.193793
0.198657
0.196952
0.19307
0.187638
0.220768
0.229829
0.229897
0.22735
0.224549
0.198376
0.205415
0.201296
0.240271
0.244984
0.244711
0.24486
0.237166
0.263067
0.260676
0.261299
0.263691
0.265743
0.263567
0.253623
0.236547
0.267363
0.281336
0.292705
0.311295
0.293111
0.298661
0.285444
0.240889
0.218066
0.212911
0.215068
0.215458
0.215161
0.21459
0.213833
0.212913
0.211728
0.211638
0.211046
0.208962
0.205562
0.197635
0.198148
0.20061
0.228029
0.333724
0.303147
0.223845
0.201466
0.184753
0.208184
0.251359
0.242718
0.28853
0.320954
0.299061
0.297702
0.296944
0.295469
0.292245
0.286838
0.272277
0.256199
0.247672
0.230967
0.269795
0.267929
0.271078
0.271743
0.272872
0.273193
0.269436
0.220399
0.221447
0.221588
0.221765
0.222543
0.224357
0.227076
0.230794
0.234143
0.235929
0.237336
0.23749
0.237703
0.239863
0.252467
0.249761
0.259206
0.257709
0.256812
0.25871
0.259111
0.249228
0.25662
0.256419
0.266904
0.289929
0.33395
0.274457
0.282399
0.265763
0.340283
0.382786
0.348081
0.350453
0.250924
0.220641
0.210599
0.191278
0.286552
0.353151
0.347035
0.314719
0.278033
0.279805
0.278616
0.274184
0.266045
0.245779
0.232315
0.223386
0.224432
0.234675
0.218661
0.218152
0.212538
0.225064
0.24121
0.226621
0.220279
0.218966
0.211358
0.210923
0.210322
0.210013
0.210006
0.210245
0.210985
0.212162
0.21412
0.215944
0.220536
0.229498
0.231896
0.244679
0.246121
0.22128
0.264439
0.258901
0.249056
0.241612
0.233881
0.229614
0.225234
0.221743
0.22404
0.231161
0.243904
0.25989
0.286112
0.300025
0.301995
0.300306
0.304441
0.328446
0.354155
0.301386
0.293348
0.363897
0.325008
0.256266
0.187157
0.226938
0.227382
0.226611
0.225573
0.224007
0.222658
0.221986
0.222224
0.221774
0.221002
0.220365
0.219048
0.217688
0.216318
0.214803
0.213669
0.212796
0.212314
0.21183
0.215023
0.214319
0.213328
0.212363
0.211725
0.21188
0.213474
0.215825
0.197416
0.188597
0.194452
0.202913
0.230471
0.278409
0.272368
0.225944
0.266484
0.261217
0.248214
0.243309
0.239173
0.238099
0.231146
0.220181
0.215013
0.21159
0.209137
0.207387
0.206753
0.206421
0.206401
0.21581
0.240409
0.242752
0.269078
0.296879
0.305923
0.276589
0.247511
0.252862
0.188671
0.192733
0.199256
0.231328
0.231
0.229612
0.22837
0.229693
0.233611
0.228055
0.220559
0.220035
0.219875
0.21978
0.219141
0.217764
0.21786
0.217039
0.215842
0.215177
0.21914
0.217983
0.217075
0.216244
0.215822
0.2179
0.195549
0.193514
0.191133
0.19175
0.198743
0.206421
0.279089
0.302308
0.245973
0.230043
0.257712
0.24186
0.243189
0.241619
0.242197
0.255755
0.226243
0.246915
0.229702
0.21721
0.212535
0.209821
0.20397
0.19948
0.196995
0.196997
0.232134
0.228121
0.227198
0.227986
0.234008
0.2488
0.260843
0.210839
0.200895
0.203373
0.204972
0.231642
0.231901
0.231603
0.230723
0.231334
0.234358
0.224683
0.220647
0.219571
0.21975
0.220103
0.219832
0.218814
0.220103
0.22077
0.220549
0.219339
0.220933
0.219518
0.218969
0.218832
0.218653
0.190827
0.18863
0.188281
0.191315
0.193254
0.193661
0.220924
0.267923
0.293032
0.229874
0.248373
0.244159
0.234439
0.241567
0.241765
0.244183
0.245387
0.224527
0.24858
0.229736
0.220772
0.212743
0.205513
0.200377
0.196967
0.195909
0.196096
0.233895
0.228632
0.227314
0.229638
0.23971
0.258839
0.259465
0.211641
0.209898
0.211375
0.230932
0.231162
0.231271
0.231638
0.231816
0.231812
0.231861
0.226405
0.222014
0.219836
0.219914
0.22005
0.219622
0.222846
0.221124
0.220957
0.221386
0.221387
0.221524
0.220884
0.220019
0.219206
0.219492
0.193938
0.190281
0.190299
0.18947
0.189269
0.199109
0.260746
0.28202
0.218276
0.237286
0.23556
0.230406
0.226962
0.244075
0.241915
0.24424
0.234557
0.226494
0.25105
0.233431
0.22232
0.210748
0.203949
0.199716
0.197373
0.196617
0.19657
0.207266
0.2294
0.227452
0.232235
0.249882
0.260571
0.257176
0.218681
0.216187
0.215094
0.230906
0.231107
0.230695
0.230588
0.230954
0.230586
0.2292
0.227079
0.221591
0.220137
0.220105
0.22352
0.232287
0.193374
0.233294
0.232818
0.230712
0.224049
0.23417
0.233946
0.234022
0.234184
0.233589
0.184794
0.18407
0.185876
0.188642
0.195016
0.264753
0.264839
0.275191
0.234553
0.233572
0.228076
0.225409
0.223274
0.221683
0.24677
0.245872
0.234954
0.249184
0.240623
0.230331
0.220558
0.209189
0.203655
0.200158
0.198246
0.197641
0.197342
0.197666
0.23173
0.22878
0.237134
0.258413
0.259712
0.243573
0.223492
0.219409
0.230952
0.23188
0.232306
0.232009
0.231486
0.231714
0.231441
0.229181
0.226179
0.22834
0.21897
0.221174
0.231176
0.234197
0.191501
0.234356
0.234137
0.234239
0.234417
0.23529
0.234916
0.233166
0.225509
0.224003
0.223573
0.227904
0.226699
0.217485
0.271006
0.258222
0.288676
0.23637
0.234978
0.22671
0.223215
0.222041
0.221511
0.221796
0.222728
0.22574
0.232373
0.238729
0.231631
0.225641
0.216566
0.207839
0.20345
0.20065
0.19915
0.19858
0.198084
0.197502
0.198057
0.232543
0.247121
0.262025
0.257608
0.230673
0.223472
0.231377
0.231438
0.232416
0.232363
0.232259
0.232374
0.232177
0.230678
0.227498
0.222504
0.221317
0.215201
0.22382
0.23248
0.234575
0.188725
0.233682
0.233297
0.233239
0.234784
0.234205
0.233631
0.22919
0.227999
0.22666
0.227661
0.229543
0.225171
0.265391
0.268391
0.278591
0.234106
0.219571
0.225962
0.222021
0.220382
0.219692
0.21986
0.220725
0.222145
0.224308
0.227649
0.229951
0.226633
0.221945
0.211062
0.20593
0.202938
0.200804
0.199761
0.199154
0.19853
0.197163
0.195572
0.248138
0.260113
0.26151
0.257444
0.226655
0.219779
0.230452
0.232271
0.232478
0.231892
0.231405
0.230737
0.229467
0.227058
0.221358
0.217252
0.216796
0.233052
0.224857
0.231394
0.234421
0.187067
0.234206
0.234423
0.2337
0.23392
0.231902
0.227146
0.230952
0.226922
0.227361
0.229475
0.227207
0.22681
0.280033
0.278896
0.229264
0.220574
0.226076
0.22173
0.219951
0.219205
0.218867
0.218999
0.219682
0.220774
0.222176
0.223982
0.225399
0.22333
0.215089
0.207056
0.203661
0.201752
0.200636
0.200041
0.199455
0.198748
0.196984
0.198227
0.208936
0.233601
0.260766
0.258847
0.221803
0.229847
0.231824
0.232823
0.232145
0.230472
0.228457
0.226429
0.224533
0.221277
0.223907
0.215519
0.212581
0.228347
0.227461
0.230143
0.233968
0.228967
0.234488
0.234925
0.234974
0.234294
0.226241
0.231163
0.227915
0.225933
0.227424
0.231348
0.232448
0.282186
0.27292
0.233012
0.220862
0.225932
0.221194
0.219159
0.218426
0.218319
0.218593
0.218717
0.218976
0.219505
0.220095
0.220806
0.222013
0.218538
0.209952
0.203387
0.200835
0.200234
0.200314
0.199966
0.199477
0.198801
0.198096
0.203296
0.219858
0.241449
0.252802
0.247382
0.227387
0.231003
0.232711
0.23257
0.230118
0.226649
0.223455
0.221097
0.219058
0.236206
0.213104
0.212181
0.208595
0.224318
0.246841
0.229998
0.234293
0.191527
0.233656
0.234448
0.234743
0.234752
0.232023
0.225458
0.224252
0.225366
0.228636
0.216395
0.265166
0.259371
0.229563
0.221121
0.226215
0.220996
0.218536
0.217459
0.217056
0.217317
0.217915
0.218325
0.218426
0.218501
0.218532
0.218707
0.219661
0.213945
0.207031
0.204621
0.198291
0.198906
0.199937
0.199721
0.199524
0.199044
0.201015
0.209812
0.228736
0.247429
0.257645
0.251297
0.226673
0.231493
0.232681
0.230946
0.226653
0.221938
0.217255
0.212972
0.218061
0.213552
0.208933
0.205682
0.204202
0.220641
0.234294
0.230248
0.235143
0.228914
0.190541
0.233994
0.234411
0.234177
0.230288
0.224905
0.224751
0.228689
0.229433
0.22034
0.278831
0.26935
0.221263
0.227375
0.220893
0.217902
0.21655
0.215698
0.216321
0.21675
0.217553
0.218403
0.21891
0.219131
0.219306
0.219628
0.216081
0.210109
0.206985
0.198575
0.19885
0.200876
0.199872
0.199952
0.200423
0.201465
0.206662
0.21875
0.238718
0.255978
0.262327
0.257134
0.259219
0.230881
0.231637
0.228709
0.222449
0.214116
0.212653
0.21147
0.212786
0.210911
0.205814
0.202746
0.204018
0.217837
0.23786
0.233086
0.235886
0.235173
0.230716
0.223713
0.232249
0.23003
0.226268
0.223871
0.229526
0.224351
0.213367
0.280135
0.260115
0.229755
0.233577
0.221994
0.217407
0.21506
0.215413
0.215582
0.215844
0.216414
0.217245
0.218161
0.218871
0.219295
0.219504
0.218885
0.212647
0.20706
0.201582
0.200919
0.201482
0.2007
0.201262
0.20212
0.203648
0.206803
0.213957
0.22867
0.249251
0.265055
0.265484
0.264792
0.265219
0.230124
0.230234
0.225588
0.210488
0.213577
0.211989
0.211205
0.209541
0.208366
0.203222
0.19984
0.202176
0.242628
0.219226
0.233974
0.235453
0.23622
0.23503
0.233352
0.247527
0.229198
0.223785
0.226468
0.218497
0.240777
0.250769
0.214771
0.329306
0.237338
0.227857
0.218245
0.215152
0.214458
0.214372
0.214822
0.215447
0.216081
0.21688
0.217816
0.218651
0.219276
0.219647
0.218822
0.212113
0.205946
0.200473
0.201011
0.203014
0.204186
0.205194
0.20666
0.20895
0.213588
0.223139
0.240948
0.265162
0.268555
0.276118
0.282343
0.288046
0.229983
0.226645
0.227544
0.226152
0.221211
0.219314
0.216622
0.212721
0.21006
0.207153
0.203508
0.208059
0.223342
0.233703
0.234586
0.235151
0.235057
0.23499
0.232086
0.229477
0.228219
0.225358
0.21721
0.265738
0.276758
0.198379
0.187563
0.249354
0.219838
0.21975
0.214985
0.213504
0.213254
0.213559
0.214095
0.214758
0.21542
0.216156
0.217083
0.218015
0.218783
0.219328
0.219333
0.213868
0.206698
0.200339
0.202235
0.205753
0.207201
0.208878
0.21083
0.213829
0.2193
0.231339
0.253382
0.272697
0.275523
0.287026
0.29444
0.29682
0.274602
0.221573
0.238447
0.23017
0.223628
0.220947
0.218109
0.215806
0.211982
0.207842
0.203976
0.209862
0.22184
0.233462
0.234106
0.233397
0.233162
0.233189
0.224191
0.225194
0.223292
0.223483
0.276301
0.262581
0.261881
0.187257
0.221063
0.221822
0.218769
0.214762
0.212989
0.212457
0.21258
0.213001
0.213526
0.214077
0.214672
0.215353
0.216268
0.217266
0.218087
0.218672
0.218989
0.217797
0.209633
0.202157
0.200923
0.207087
0.212093
0.215216
0.218534
0.221819
0.225678
0.238494
0.265108
0.270462
0.288822
0.307191
0.309692
0.290247
0.237542
0.225027
0.228968
0.235123
0.227901
0.223984
0.220037
0.217652
0.215021
0.209981
0.206791
0.213957
0.226466
0.266195
0.231441
0.227432
0.232125
0.226474
0.229845
0.223465
0.22513
0.254004
0.266703
0.272011
0.183582
0.217664
0.224294
0.216997
0.214057
0.212497
0.211893
0.211909
0.212328
0.212925
0.213488
0.213953
0.214406
0.214952
0.215768
0.216763
0.217585
0.218131
0.218389
0.218498
0.216652
0.207931
0.200733
0.205768
0.216487
0.220221
0.224815
0.229231
0.236271
0.249309
0.271686
0.278151
0.301232
0.317295
0.317708
0.305775
0.286325
0.274513
0.252891
0.240382
0.231853
0.225072
0.2201
0.218444
0.217534
0.213139
0.210449
0.218999
0.235214
0.228836
0.228685
0.230755
0.226885
0.22925
0.226387
0.224345
0.223842
0.281292
0.261435
0.182186
0.218869
0.222755
0.218274
0.213732
0.212237
0.211546
0.211459
0.211858
0.212552
0.213331
0.213977
0.214405
0.214765
0.215139
0.215737
0.21663
0.21747
0.218019
0.218293
0.218338
0.218395
0.218386
0.209505
0.203763
0.214108
0.222881
0.22681
0.235747
0.254446
0.270365
0.276067
0.295136
0.288404
0.28118
0.315998
0.307916
0.302606
0.270137
0.262111
0.249623
0.237419
0.227506
0.220578
0.217902
0.218348
0.217441
0.214512
0.223425
0.24473
0.227139
0.232424
0.230735
0.227231
0.228798
0.223958
0.230036
0.22822
0.269798
0.208853
0.184814
0.223796
0.215984
0.213854
0.211976
0.211265
0.211131
0.211454
0.212154
0.213035
0.213931
0.214664
0.215112
0.215439
0.215699
0.216102
0.216823
0.217673
0.218333
0.218729
0.218963
0.219215
0.219753
0.221477
0.218764
0.217015
0.233694
0.238101
0.25436
0.26781
0.276794
0.296716
0.297575
0.301047
0.29442
0.294701
0.29589
0.27685
0.266784
0.266643
0.259003
0.246416
0.232488
0.223431
0.218008
0.217829
0.220237
0.217921
0.225611
0.25119
0.248551
0.234218
0.231954
0.227605
0.225375
0.225701
0.223166
0.283639
0.259815
0.183707
0.230577
0.216006
0.212751
0.21106
0.21094
0.210827
0.211122
0.211737
0.212593
0.213522
0.214421
0.215111
0.215623
0.215968
0.216187
0.216495
0.217099
0.217929
0.218729
0.219342
0.219871
0.220566
0.221805
0.224189
0.228976
0.244723
0.258006
0.262354
0.266413
0.27196
0.289094
0.296135
0.295478
0.298149
0.29381
0.287932
0.29926
0.285785
0.271012
0.270397
0.268076
0.262946
0.247246
0.230745
0.219761
0.218589
0.22126
0.218836
0.227136
0.25603
0.254174
0.237674
0.231758
0.229694
0.230349
0.230338
0.246607
0.269479
0.194573
0.217531
0.217369
0.213196
0.211666
0.209928
0.210849
0.211036
0.211479
0.212123
0.212919
0.213766
0.214527
0.215139
0.215669
0.216048
0.21631
0.216617
0.217192
0.218034
0.218978
0.219903
0.220893
0.222267
0.224508
0.228275
0.234931
0.25147
0.278434
0.278461
0.265922
0.288438
0.287147
0.289448
0.291864
0.292508
0.293092
0.296545
0.291626
0.293974
0.273338
0.274255
0.274594
0.270952
0.262947
0.245152
0.228856
0.223427
0.223821
0.22659
0.229868
0.257996
0.259864
0.234033
0.229708
0.229213
0.223263
0.224784
0.280574
0.274601
0.184785
0.218254
0.214189
0.212962
0.212188
0.210396
0.21157
0.211685
0.212012
0.212473
0.21305
0.213685
0.214264
0.214819
0.215284
0.215653
0.215949
0.216308
0.216904
0.217815
0.218949
0.220275
0.221976
0.224622
0.228829
0.235992
0.246791
0.263049
0.278679
0.298427
0.307762
0.313517
0.295869
0.293281
0.255844
0.280286
0.295348
0.307014
0.275206
0.291886
0.296755
0.292792
0.289087
0.284012
0.272544
0.256247
0.233713
0.223142
0.22933
0.232829
0.231334
0.243296
0.263059
0.261639
0.225535
0.2279
0.231496
0.229133
0.263327
0.268422
0.184363
0.216453
0.213664
0.213454
0.21307
0.211641
0.212607
0.212539
0.212659
0.212909
0.21326
0.21366
0.214057
0.214457
0.214758
0.215014
0.215306
0.21574
0.216463
0.217563
0.219032
0.221156
0.224449
0.2297
0.239074
0.252658
0.267584
0.278478
0.278621
0.285636
0.243526
0.234454
0.22435
0.216228
0.222376
0.22994
0.232228
0.244987
0.284645
0.29921
0.301404
0.291361
0.28991
0.269037
0.28311
0.271428
0.245734
0.225136
0.224136
0.236198
0.235195
0.237128
0.261921
0.249935
0.227829
0.227505
0.240589
0.258879
0.274361
0.257665
0.228247
0.214956
0.213846
0.214036
0.213774
0.21269
0.213646
0.2136
0.213705
0.213929
0.21424
0.214583
0.214905
0.215146
0.21524
0.215248
0.215315
0.215612
0.216286
0.217478
0.219283
0.222276
0.228077
0.239573
0.258912
0.274631
0.280945
0.277481
0.294323
0.24727
0.239839
0.231739
0.227777
0.215611
0.216466
0.217982
0.216643
0.216361
0.226068
0.232481
0.288519
0.259637
0.241941
0.247313
0.269347
0.28288
0.262592
0.227086
0.21422
0.227089
0.22798
0.230073
0.251451
0.250137
0.278925
0.228532
0.247814
0.280544
0.274551
0.185777
0.219396
0.214129
0.214404
0.214528
0.214124
0.213127
0.214066
0.214032
0.214153
0.214403
0.214747
0.215119
0.215474
0.21567
0.215663
0.215478
0.215387
0.215577
0.216185
0.217427
0.21953
0.223271
0.232077
0.252414
0.271343
0.282165
0.283332
0.300654
0.304014
0.261403
0.259223
0.238848
0.227611
0.222426
0.218761
0.21503
0.216645
0.217742
0.216668
0.216105
0.223943
0.21352
0.258526
0.289711
0.285576
0.300045
0.267494
0.229237
0.212447
0.215343
0.220935
0.225154
0.243477
0.250864
0.279416
0.232883
0.259395
0.275657
0.274719
0.175137
0.217701
0.214144
0.214952
0.214767
0.214196
0.213042
0.213965
0.213909
0.214035
0.214318
0.214691
0.215126
0.215475
0.215611
0.215451
0.215156
0.214994
0.215161
0.215786
0.217048
0.219267
0.223718
0.233932
0.253528
0.273607
0.279029
0.298503
0.356932
0.353857
0.288567
0.259897
0.240207
0.235631
0.219785
0.218062
0.217163
0.215389
0.217959
0.219107
0.218074
0.216254
0.217087
0.212958
0.2665
0.258175
0.276439
0.250584
0.238178
0.215531
0.21451
0.219731
0.225065
0.242464
0.249869
0.28165
0.232582
0.261085
0.275763
0.274339
0.230419
0.216402
0.214422
0.215404
0.21493
0.214028
0.21266
0.213602
0.213506
0.213648
0.213951
0.214373
0.214816
0.215107
0.215086
0.214822
0.214542
0.214513
0.214831
0.215627
0.217178
0.219771
0.225301
0.236789
0.254851
0.273108
0.277257
0.299992
0.348793
0.308589
0.290167
0.238666
0.236418
0.226768
0.219139
0.217156
0.216819
0.214216
0.216647
0.218737
0.220308
0.219675
0.217804
0.216278
0.212718
0.243575
0.249275
0.250753
0.248916
0.221978
0.215381
0.220152
0.226938
0.24482
0.282307
0.279013
0.228405
0.247679
0.265587
0.27442
0.228949
0.215206
0.214574
0.215498
0.214665
0.213524
0.211791
0.212871
0.212738
0.212938
0.213313
0.213819
0.214253
0.214431
0.214292
0.214024
0.213906
0.214079
0.214661
0.21582
0.21777
0.220913
0.227894
0.240686
0.256763
0.272012
0.274301
0.296524
0.265119
0.284156
0.283885
0.227737
0.22657
0.220129
0.218682
0.216708
0.216367
0.215878
0.214268
0.217225
0.219906
0.22138
0.220778
0.218821
0.216847
0.21558
0.246178
0.254949
0.260269
0.223525
0.219436
0.216755
0.228627
0.252631
0.280722
0.244348
0.226174
0.242521
0.261825
0.276001
0.229822
0.213327
0.214361
0.214982
0.213834
0.212515
0.210334
0.2117
0.21164
0.211919
0.212436
0.212958
0.213365
0.213424
0.213264
0.213089
0.213149
0.213588
0.214519
0.21607
0.218429
0.222346
0.23071
0.243939
0.257869
0.270683
0.27488
0.286729
0.281984
0.275467
0.250502
0.225448
0.225492
0.218246
0.216864
0.215765
0.216021
0.216156
0.215752
0.214288
0.216294
0.22017
0.220833
0.219746
0.217414
0.214651
0.243249
0.265067
0.253637
0.226215
0.221451
0.215822
0.232987
0.269777
0.274963
0.221641
0.235946
0.232242
0.262111
0.278596
0.230034
0.211004
0.213563
0.213625
0.212314
0.210917
0.208207
0.210218
0.210256
0.210718
0.211334
0.211935
0.212319
0.212334
0.212142
0.212047
0.212325
0.213106
0.214413
0.216335
0.219075
0.22396
0.233048
0.245353
0.257569
0.268692
0.274461
0.267352
0.221682
0.238222
0.23196
0.219526
0.220665
0.217308
0.215785
0.215655
0.21582
0.215969
0.216034
0.215681
0.214652
0.213746
0.216569
0.218278
0.216638
0.213235
0.247064
0.259591
0.261311
0.225797
0.220074
0.217562
0.25118
0.271646
0.277972
0.220995
0.222837
0.240822
0.260995
0.280378
0.224192
0.209386
0.21226
0.211772
0.210497
0.209187
0.205871
0.208722
0.208869
0.209401
0.210132
0.210831
0.211178
0.211136
0.210937
0.211039
0.211693
0.21286
0.214508
0.216726
0.219841
0.225733
0.234705
0.244998
0.255332
0.264139
0.268367
0.23834
0.222015
0.23061
0.227528
0.215133
0.217097
0.216174
0.215675
0.215629
0.215731
0.215805
0.215911
0.216002
0.215754
0.215103
0.214199
0.213232
0.213186
0.210669
0.255167
0.259259
0.259004
0.26217
0.225796
0.238175
0.255967
0.272294
0.275729
0.220659
0.224658
0.240125
0.258284
0.280745
0.219396
0.208489
0.210807
0.210083
0.20909
0.208067
0.204478
0.207674
0.207792
0.20834
0.209076
0.209748
0.209938
0.209766
0.209806
0.210385
0.211512
0.213036
0.214943
0.21738
0.220971
0.227549
0.235542
0.243352
0.250957
0.256591
0.258455
0.221789
0.214831
0.224596
0.216668
0.215027
0.214827
0.215875
0.215726
0.215678
0.215708
0.215714
0.215801
0.215921
0.215992
0.215822
0.215304
0.214444
0.213366
0.213626
0.260833
0.258119
0.260926
0.228551
0.241742
0.245536
0.260488
0.271162
0.271383
0.236252
0.224216
0.238646
0.25509
0.276174
0.215474
0.20871
0.210071
0.209319
0.208683
0.208024
0.205034
0.207453
0.207524
0.207969
0.208536
0.208915
0.208713
0.20862
0.209252
0.210459
0.211998
0.213775
0.215792
0.218462
0.222685
0.229414
0.23587
0.241083
0.245566
0.248636
0.237361
0.215898
0.212607
0.22
0.215469
0.217212
0.213755
0.215827
0.215888
0.215768
0.215724
0.215675
0.21575
0.215859
0.21598
0.216035
0.215962
0.215765
0.215414
0.252567
0.257667
0.253476
0.25744
0.229355
0.240719
0.250504
0.262151
0.270727
0.271797
0.229446
0.233987
0.239948
0.262021
0.259375
0.214242
0.209318
0.210025
0.209772
0.209268
0.2086
0.20642
0.207903
0.208043
0.208526
0.208862
0.208428
0.207779
0.208441
0.209853
0.211558
0.213344
0.215256
0.217522
0.220665
0.22575
0.232012
0.236759
0.239633
0.241536
0.243968
0.225343
0.216018
0.214293
0.217901
0.218979
0.220135
0.214361
0.215434
0.215845
0.215793
0.215763
0.215681
0.215751
0.215846
0.215979
0.216207
0.216617
0.217249
0.219929
0.255603
0.26684
0.23575
0.255237
0.230124
0.239344
0.251519
0.262772
0.269272
0.274062
0.28095
0.238305
0.233134
0.279676
0.266484
0.20518
0.20913
0.209315
0.209293
0.209229
0.209081
0.207891
0.208482
0.208878
0.209732
0.209915
0.208121
0.208039
0.209582
0.211455
0.213318
0.215137
0.217107
0.219639
0.223618
0.229713
0.235924
0.239574
0.240656
0.241364
0.22864
0.233908
0.213122
0.217845
0.221775
0.223019
0.223323
0.219157
0.214688
0.215378
0.21563
0.215781
0.215725
0.215771
0.215859
0.21606
0.216562
0.217554
0.219358
0.25785
0.25604
0.261759
0.240438
0.213495
0.233292
0.238871
0.252325
0.26302
0.28414
0.298499
0.253056
0.23081
0.272901
0.280554
0.244789
0.20392
0.209317
0.209594
0.209733
0.209486
0.20889
0.207545
0.209306
0.209615
0.210902
0.210761
0.208334
0.209618
0.211703
0.213647
0.215429
0.217214
0.219384
0.222679
0.228612
0.237864
0.2328
0.233232
0.227827
0.242625
0.226445
0.211559
0.210416
0.221096
0.225354
0.226542
0.226554
0.222896
0.213912
0.214565
0.215152
0.215692
0.215811
0.215838
0.215901
0.216223
0.21714
0.218945
0.181882
0.267043
0.28477
0.245199
0.224456
0.208411
0.233616
0.241204
0.254735
0.269807
0.237735
0.266767
0.258391
0.261837
0.268049
0.280468
0.224534
0.206122
0.209256
0.2091
0.208835
0.208196
0.207841
0.207885
0.208992
0.209942
0.211562
0.210517
0.209666
0.211908
0.214076
0.215931
0.217742
0.21969
0.222597
0.22835
0.224313
0.233642
0.233312
0.223555
0.214963
0.212625
0.210888
0.209661
0.213069
0.224666
0.22933
0.230279
0.229737
0.226307
0.21419
0.213592
0.214272
0.215232
0.215773
0.215868
0.215911
0.216452
0.217886
0.221486
0.261511
0.298923
0.295963
0.226138
0.214503
0.205969
0.228894
0.238401
0.254305
0.26749
0.287526
0.29649
0.281484
0.278787
0.286841
0.271676
0.211399
0.209066
0.209705
0.20932
0.20872
0.20768
0.206962
0.207642
0.20787
0.209969
0.211617
0.210386
0.211911
0.214507
0.216602
0.218433
0.220488
0.223064
0.228652
0.227751
0.233709
0.23424
0.228134
0.217801
0.214211
0.2132
0.210546
0.208345
0.218374
0.22863
0.23334
0.233313
0.232031
0.228913
0.219865
0.212996
0.21353
0.214584
0.215371
0.215624
0.215809
0.21672
0.217477
0.255818
0.265684
0.236088
0.249926
0.231586
0.212439
0.214283
0.23551
0.242806
0.257328
0.271883
0.285304
0.306825
0.279327
0.277031
0.292072
0.26544
0.216088
0.21198
0.210027
0.209392
0.208595
0.207129
0.206309
0.206657
0.207645
0.208646
0.211856
0.211634
0.214601
0.217514
0.219649
0.221475
0.223987
0.228843
0.227223
0.233357
0.234526
0.232272
0.219646
0.216246
0.214871
0.213269
0.21001
0.208833
0.222339
0.230976
0.234859
0.235096
0.234108
0.231419
0.224842
0.21522
0.212882
0.213704
0.214553
0.215062
0.215606
0.217063
0.181369
0.261494
0.256659
0.277503
0.22949
0.219323
0.210702
0.213769
0.236347
0.241992
0.254969
0.269728
0.286807
0.278588
0.267442
0.284047
0.281254
0.186098
0.209936
0.210555
0.210586
0.209604
0.208436
0.206768
0.205963
0.206168
0.206574
0.208099
0.212399
0.214058
0.218296
0.221707
0.223697
0.225681
0.229957
0.223351
0.231512
0.233847
0.233272
0.224733
0.218694
0.215506
0.215015
0.213058
0.209395
0.216955
0.2113
0.219053
0.225064
0.227102
0.231937
0.233267
0.230578
0.225729
0.220493
0.214934
0.213473
0.213694
0.213327
0.188597
0.261321
0.286127
0.310376
0.24876
0.240471
0.216164
0.210708
0.213466
0.224004
0.248743
0.253609
0.26857
0.306814
0.276947
0.278424
0.291909
0.261252
0.21836
0.212246
0.210962
0.211147
0.20978
0.208623
0.207063
0.206122
0.205939
0.206418
0.20864
0.21354
0.217628
0.222792
0.225799
0.22733
0.230144
0.221505
0.226984
0.231335
0.232365
0.229808
0.219613
0.216825
0.215829
0.214903
0.21211
0.214274
0.189967
0.188983
0.188965
0.190068
0.190869
0.190109
0.213114
0.231999
0.230588
0.227428
0.223826
0.21943
0.205187
0.203562
0.245727
0.257675
0.252519
0.275986
0.240162
0.213382
0.209389
0.212525
0.214526
0.230212
0.22612
0.228493
0.268888
0.285449
0.274801
0.288757
0.28792
0.190597
0.221037
0.21273
0.211651
0.211401
0.210282
0.209314
0.208031
0.207026
0.205892
0.206459
0.210907
0.216585
0.223023
0.227966
0.231602
0.221856
0.221847
0.188041
0.186502
0.185545
0.184531
0.183333
0.21793
0.184749
0.216202
0.213672
0.215081
0.219405
0.218129
0.191271
0.192297
0.19239
0.192466
0.192456
0.192492
0.210865
0.206952
0.20882
0.20807
0.207338
0.206911
0.197488
0.2641
0.293303
0.30508
0.246409
0.234012
0.213689
0.211786
0.213607
0.217286
0.222638
0.228117
0.218381
0.256396
0.290476
0.290005
0.291444
0.264792
0.211188
0.211663
0.213011
0.211913
0.213246
0.212183
0.211542
0.210175
0.208601
0.207187
0.20899
0.216525
0.222225
0.228731
0.233954
0.242774
0.227721
0.218824
0.188057
0.186274
0.185118
0.183992
0.181179
0.184088
0.188776
0.21504
0.212265
0.219734
0.224231
0.217969
0.192421
0.192573
0.20367
0.203303
0.204145
0.205019
0.207591
0.215044
0.217228
0.221274
0.229372
0.207827
0.254628
0.258279
0.235435
0.280652
0.233152
0.227734
0.214276
0.211297
0.212925
0.219644
0.228841
0.227445
0.225296
0.282228
0.289469
0.299428
0.288865
0.197301
0.230448
0.213171
0.213775
0.213675
0.2145
0.213612
0.213357
0.211787
0.209825
0.209148
0.212725
0.221006
0.230082
0.226064
0.228757
0.222716
0.219976
0.188692
0.187311
0.186008
0.18478
0.183401
0.181695
0.183686
0.187898
0.205227
0.21672
0.221932
0.225351
0.183838
0.19835
0.201831
0.202599
0.202745
0.202855
0.203388
0.204489
0.207326
0.217797
0.224181
0.23435
0.244153
0.265863
0.268395
0.296439
0.247227
0.22632
0.219346
0.213588
0.210289
0.185102
0.229301
0.227891
0.224267
0.24357
0.306203
0.29883
0.30315
0.285329
0.188816
0.230633
0.212342
0.213308
0.214624
0.213987
0.214433
0.214866
0.213348
0.211172
0.211548
0.218871
0.22793
0.233341
0.233285
0.231285
0.228212
0.224804
0.188356
0.18731
0.185847
0.184452
0.184217
0.182646
0.18412
0.197674
0.205946
0.210117
0.214584
0.214014
0.187454
0.20128
0.201412
0.201306
0.201186
0.200802
0.200979
0.202065
0.204845
0.213368
0.227354
0.238588
0.25448
0.272446
0.238311
0.285819
0.239048
0.221415
0.217207
0.211988
0.208662
0.216039
0.234508
0.22867
0.216422
0.262789
0.301345
0.307966
0.300829
0.263424
0.222847
0.225954
0.209946
0.212443
0.213717
0.214195
0.213655
0.214572
0.213362
0.212819
0.217272
0.236685
0.228711
0.232299
0.232274
0.23173
0.230252
0.223982
0.187829
0.187168
0.18567
0.184038
0.181002
0.183235
0.186716
0.20418
0.208038
0.212357
0.213617
0.216329
0.209468
0.203306
0.202073
0.201126
0.20063
0.200562
0.200853
0.199831
0.202891
0.210044
0.229481
0.242764
0.256679
0.258824
0.263227
0.254898
0.235299
0.21887
0.216186
0.215054
0.211494
0.216063
0.23606
0.230276
0.228148
0.293667
0.305904
0.308128
0.292096
0.20114
0.230826
0.238108
0.220115
0.205434
0.213698
0.207517
0.206546
0.210702
0.212151
0.217796
0.217522
0.223479
0.229767
0.231756
0.231697
0.231505
0.230323
0.1861
0.187203
0.186903
0.185472
0.18527
0.181731
0.183531
0.192968
0.205653
0.210079
0.21423
0.215348
0.217982
0.209838
0.202153
0.200018
0.198639
0.198136
0.198167
0.198613
0.200231
0.203606
0.209774
0.230205
0.25583
0.269002
0.239622
0.28613
0.246264
0.233046
0.217215
0.215715
0.215307
0.213903
0.218475
0.233276
0.229164
0.252958
0.31218
0.305694
0.306463
0.290003
0.190908
0.23461
0.246809
0.2428
0.226592
0.207018
0.202014
0.194065
0.211181
0.211857
0.217298
0.223172
0.228934
0.231025
0.231389
0.231428
0.2315
0.229711
0.185014
0.186452
0.186625
0.185285
0.180548
0.18242
0.184859
0.202798
0.207391
0.212471
0.215522
0.217076
0.219573
0.210732
0.200676
0.197729
0.196303
0.195755
0.195898
0.196753
0.199432
0.205426
0.215139
0.228355
0.2609
0.259273
0.246498
0.284657
0.238839
0.231119
0.220524
0.215616
0.215065
0.216078
0.221051
0.231408
0.221197
0.263318
0.304844
0.307652
0.302605
0.264933
0.203056
0.237376
0.249517
0.242905
0.241049
0.216715
0.214766
0.199632
0.222061
0.219025
0.221503
0.228718
0.231447
0.231357
0.230955
0.231168
0.231514
0.182352
0.183786
0.185636
0.186312
0.186595
0.180495
0.182603
0.187916
0.20543
0.209575
0.214525
0.216772
0.218937
0.221206
0.213193
0.199978
0.194628
0.192575
0.191828
0.191946
0.193697
0.199523
0.210016
0.22611
0.264937
0.251087
0.243317
0.280364
0.259913
0.232593
0.229318
0.217331
0.215774
0.214447
0.216543
0.224141
0.2304
0.231334
0.297982
0.304863
0.303457
0.293348
0.222054
0.204808
0.239204
0.247595
0.236145
0.236017
0.232109
0.21822
0.205241
0.191465
0.186254
0.225108
0.230387
0.232422
0.231614
0.230448
0.230785
0.231394
0.180854
0.182637
0.184789
0.186004
0.186565
0.181125
0.182812
0.193983
0.206706
0.21167
0.216112
0.218097
0.220998
0.222943
0.215439
0.197893
0.191121
0.18751
0.186814
0.188873
0.191473
0.19771
0.21189
0.242105
0.266877
0.254185
0.248949
0.284219
0.251891
0.23542
0.226617
0.21624
0.215971
0.211843
0.216272
0.234555
0.232532
0.256213
0.311212
0.297423
0.300435
0.292242
0.205506
0.203335
0.236584
0.243778
0.232078
0.231846
0.233553
0.223108
0.2086
0.194553
0.188196
0.186964
0.22784
0.23152
0.231008
0.230598
0.230331
0.231097
0.179996
0.181618
0.183959
0.186337
0.181319
0.181412
0.183779
0.202733
0.208511
0.21377
0.217502
0.219718
0.223314
0.224852
0.213114
0.189467
0.188155
0.188636
0.189927
0.191839
0.19372
0.196544
0.207045
0.25601
0.259105
0.25122
0.234446
0.286386
0.244232
0.233774
0.221287
0.215691
0.215836
0.213685
0.216145
0.234969
0.225757
0.267742
0.302738
0.29294
0.294574
0.281748
0.199085
0.20039
0.22923
0.240382
0.229087
0.226408
0.23306
0.226787
0.209384
0.196852
0.189587
0.187725
0.186995
0.18584
0.229324
0.230294
0.230725
0.231059
0.231005
0.180803
0.183208
0.18837
0.179935
0.181326
0.185624
0.205926
0.210723
0.215404
0.218811
0.221685
0.225957
0.227287
0.213039
0.192388
0.192173
0.193786
0.196346
0.199513
0.203009
0.207816
0.231037
0.259519
0.25628
0.256411
0.284807
0.284561
0.243486
0.232407
0.218562
0.215458
0.215355
0.21538
0.220083
0.230861
0.22796
0.294033
0.288376
0.34365
0.289287
0.265177
0.199348
0.202488
0.227761
0.235159
0.22537
0.223437
0.235546
0.226863
0.211714
0.198521
0.190778
0.188477
0.187519
0.186058
0.185956
0.228299
0.23087
0.231603
0.231714
0.180175
0.182576
0.189219
0.180234
0.181287
0.189202
0.207564
0.212811
0.21685
0.220183
0.223967
0.229003
0.230598
0.213206
0.195556
0.196615
0.199915
0.204861
0.211794
0.220348
0.236348
0.242676
0.259621
0.255483
0.241335
0.283443
0.265661
0.240795
0.231247
0.217552
0.213114
0.214883
0.216472
0.222734
0.231871
0.250941
0.305664
0.341343
0.345313
0.290532
0.243265
0.204557
0.203473
0.225987
0.238858
0.23171
0.230963
0.236098
0.228017
0.212953
0.199805
0.191868
0.189209
0.188096
0.186462
0.186087
0.184987
0.231081
0.232206
0.231976
0.179655
0.18202
0.188925
0.180604
0.18176
0.195816
0.20972
0.214586
0.218494
0.22167
0.226571
0.232475
0.233309
0.21083
0.198651
0.201288
0.20467
0.201313
0.20406
0.212442
0.231363
0.256749
0.256717
0.254998
0.278841
0.286741
0.24723
0.238952
0.230292
0.216951
0.21361
0.21206
0.21668
0.234593
0.22828
0.268209
0.31983
0.348024
0.347135
0.289073
0.22319
0.213764
0.204856
0.222587
0.238374
0.235642
0.233165
0.237372
0.228513
0.213942
0.200856
0.192837
0.189912
0.188669
0.186934
0.186323
0.185336
0.230674
0.232699
0.232711
0.17942
0.181641
0.18607
0.180879
0.182684
0.202664
0.212088
0.216089
0.220085
0.223516
0.229733
0.235894
0.237073
0.202739
0.19933
0.197316
0.19951
0.205385
0.210991
0.21978
0.247624
0.255203
0.252361
0.240271
0.280721
0.245435
0.245887
0.237371
0.229497
0.216479
0.213623
0.207429
0.216651
0.225529
0.222823
0.283254
0.328446
0.352896
0.316016
0.271953
0.218907
0.219068
0.209758
0.218738
0.23556
0.238862
0.236515
0.237953
0.228879
0.214585
0.201741
0.193765
0.190638
0.189304
0.187493
0.186691
0.185613
0.230747
0.233109
0.233241
0.179137
0.181269
0.183059
0.181102
0.183815
0.205693
0.213854
0.217361
0.221423
0.225716
0.233365
0.238947
0.241186
0.247058
0.195551
0.199193
0.204255
0.209606
0.21499
0.23396
0.245554
0.252007
0.250654
0.275484
0.233878
0.244257
0.245441
0.235894
0.228879
0.216281
0.213224
0.203717
0.218948
0.230523
0.244077
0.304168
0.335017
0.356403
0.315358
0.268669
0.235498
0.222263
0.221959
0.218237
0.231005
0.239481
0.239157
0.23803
0.228376
0.214404
0.202264
0.194543
0.191482
0.190126
0.188235
0.187297
0.18568
0.231988
0.23351
0.233655
0.232099
0.180798
0.18352
0.18134
0.185144
0.207496
0.214883
0.218486
0.222474
0.22794
0.236752
0.241261
0.244708
0.248625
0.19703
0.203382
0.207918
0.211223
0.222437
0.24084
0.248659
0.249525
0.268352
0.221683
0.229049
0.247039
0.244374
0.234467
0.22844
0.215879
0.211522
0.19528
0.219876
0.232168
0.266829
0.317326
0.341516
0.326482
0.283669
0.270262
0.243802
0.226721
0.224312
0.226155
0.228311
0.23662
0.238847
0.236955
0.226899
0.213457
0.202497
0.195337
0.192595
0.19128
0.189297
0.188208
0.18552
0.231782
0.233661
0.233973
0.233409
0.180007
0.183467
0.181647
0.186828
0.209409
0.215657
0.219571
0.223328
0.230194
0.239441
0.244408
0.247845
0.252273
0.203854
0.206242
0.210097
0.215292
0.232315
0.245012
0.249237
0.244265
0.222846
0.217862
0.232144
0.247611
0.242684
0.23313
0.22802
0.216143
0.209435
0.190547
0.189831
0.219207
0.269008
0.323355
0.347782
0.326231
0.273625
0.278881
0.250795
0.232981
0.228114
0.228113
0.233851
0.234037
0.236492
0.234774
0.223013
0.212288
0.202737
0.196522
0.194186
0.192911
0.190803
0.189272
0.185534
0.226175
0.231454
0.233451
0.233943
0.178947
0.183071
0.182026
0.189109
0.211422
0.216421
0.220766
0.224325
0.232952
0.241464
0.247009
0.250913
0.256552
0.201507
0.206511
0.21079
0.224057
0.238497
0.246553
0.246765
0.270305
0.219927
0.219002
0.235673
0.247045
0.240885
0.232086
0.227308
0.216194
0.2081
0.189288
0.227847
0.242414
0.307812
0.328563
0.3536
0.328343
0.268814
0.273452
0.255851
0.241583
0.234912
0.230546
0.232143
0.237574
0.232455
0.230034
0.220265
0.211512
0.203919
0.19874
0.196706
0.195552
0.193391
0.190453
0.186147
0.224695
0.223728
0.230175
0.23417
0.232413
0.182848
0.182367
0.191663
0.212941
0.21716
0.222065
0.225741
0.236335
0.24375
0.249337
0.254201
0.260824
0.208968
0.208106
0.219412
0.233791
0.243926
0.246819
0.24703
0.274544
0.2193
0.221877
0.240478
0.246455
0.238929
0.231513
0.219034
0.215947
0.207429
0.186991
0.197403
0.268898
0.316193
0.334294
0.328728
0.331359
0.26948
0.273817
0.277927
0.248589
0.240269
0.236241
0.233776
0.233777
0.236067
0.226434
0.22127
0.213121
0.206976
0.203209
0.201205
0.199489
0.195908
0.190318
0.186605
0.224309
0.225351
0.227771
0.233778
0.233869
0.182443
0.182288
0.192154
0.213463
0.217856
0.223104
0.227524
0.23925
0.246126
0.251666
0.257845
0.267611
0.271649
0.218808
0.230733
0.240305
0.243979
0.244712
0.241015
0.275265
0.218221
0.224704
0.24496
0.245885
0.237076
0.231393
0.222234
0.215215
0.201934
0.185596
0.21205
0.298832
0.322099
0.340655
0.327722
0.266009
0.269545
0.274696
0.282335
0.256095
0.248134
0.24278
0.236237
0.235869
0.233288
0.232335
0.227998
0.224093
0.212349
0.207951
0.203564
0.199215
0.193731
0.189274
0.187048
0.226256
0.225989
0.226555
0.232562
0.234793
0.220569
0.181413
0.190959
0.212472
0.218413
0.224028
0.229088
0.240447
0.247813
0.254376
0.262111
0.273523
0.274594
0.229077
0.23718
0.241571
0.241874
0.244998
0.269812
0.221145
0.217842
0.228059
0.247631
0.244574
0.235431
0.231466
0.220021
0.213783
0.197265
0.188976
0.217322
0.309667
0.327448
0.346896
0.328248
0.267209
0.270355
0.275313
0.285348
0.276539
0.263337
0.250926
0.247067
0.241854
0.237211
0.231934
0.232216
0.226133
0.221978
0.216789
0.211701
0.204846
0.196355
0.190042
0.186335
0.228343
0.227872
0.226567
0.226932
0.235548
0.223539
0.182572
0.190425
0.209892
0.218269
0.224907
0.238238
0.242656
0.24946
0.256719
0.268937
0.27648
0.276788
0.234194
0.238525
0.239884
0.241854
0.23262
0.273788
0.218875
0.219208
0.232283
0.247082
0.242368
0.234114
0.231554
0.21591
0.212282
0.190483
0.199002
0.266522
0.316632
0.333062
0.35087
0.327375
0.268373
0.271304
0.275269
0.275744
0.286219
0.280889
0.279657
0.256254
0.251364
0.24549
0.236676
0.240435
0.235833
0.227698
0.219551
0.212611
0.204812
0.196686
0.192013
0.191665
0.225058
0.230281
0.227957
0.231089
0.236038
0.224361
0.223458
0.191671
0.206436
0.217453
0.233339
0.236713
0.244227
0.249162
0.25968
0.275399
0.277846
0.276757
0.23394
0.238097
0.236018
0.240096
0.221348
0.273769
0.221373
0.224407
0.238398
0.245725
0.240423
0.233135
0.230757
0.216496
0.210869
0.183667
0.211869
0.299658
0.322602
0.338338
0.326281
0.312509
0.268815
0.272072
0.27453
0.275059
0.279733
0.28663
0.29623
0.290175
0.283583
0.259778
0.249375
0.273329
0.25091
0.244814
0.235441
0.214181
0.204116
0.197337
0.194304
0.197175
0.220093
0.22403
0.230425
0.229824
0.236256
0.225378
0.225701
0.216281
0.223572
0.216835
0.23485
0.238946
0.247222
0.242308
0.240469
0.236228
0.278167
0.276805
0.234457
0.236977
0.237732
0.240813
0.23737
0.272535
0.276336
0.230411
0.243105
0.244553
0.2388
0.232349
0.234992
0.217385
0.209606
0.231189
0.217433
0.310265
0.328061
0.342305
0.32377
0.26439
0.26918
0.272197
0.273946
0.277642
0.283941
0.288934
0.29171
0.293239
0.293875
0.294336
0.286045
0.286459
0.279169
0.278833
0.281093
0.245907
0.21976
0.214664
0.220507
0.231609
0.232505
0.229566
0.22837
0.232433
0.237999
0.226875
0.228223
0.218338
0.222708
0.234401
0.23753
0.241291
0.245623
0.244663
0.240538
0.234673
0.27835
0.22899
0.238218
0.241651
0.242509
0.23967
0.234237
0.268621
0.272755
0.233368
0.242692
0.243233
0.237449
0.231647
0.239992
0.225746
0.205561
0.232117
0.222761
0.31725
0.33311
0.342681
0.31823
0.2655
0.269126
0.271734
0.274863
0.281507
0.287648
0.291436
0.293662
0.294295
0.294297
0.293801
0.291817
0.300865
0.298068
0.292796
0.282758
0.270321
0.272765
0.241374
0.248469
0.255654
0.254718
0.238492
0.234308
0.227771
0.241365
0.226648
0.230292
0.224716
0.230653
0.237562
0.24007
0.241955
0.244866
0.242887
0.237351
0.231022
0.282375
0.238401
0.241386
0.241284
0.234064
0.226236
0.220175
0.267106
0.271232
0.234123
0.241399
0.241724
0.236337
0.230967
0.24055
0.226119
0.227751
0.234578
0.269597
0.322977
0.336613
0.326324
0.30674
0.26478
0.269034
0.271416
0.277321
0.285641
0.291714
0.296134
0.299424
0.301434
0.302887
0.303845
0.303604
0.309052
0.310582
0.312333
0.302769
0.288781
0.264089
0.261165
0.267013
0.269077
0.267304
0.234716
0.23581
0.230476
0.234681
0.223064
0.229028
0.229531
0.235946
0.240165
0.240949
0.241344
0.24527
0.240691
0.234443
0.238047
0.245809
0.240719
0.236557
0.225412
0.214877
0.208615
0.260254
0.2686
0.227862
0.233635
0.24084
0.240418
0.235219
0.230207
0.240626
0.225953
0.229604
0.237746
0.288304
0.32796
0.336126
0.313059
0.292524
0.264138
0.269678
0.271124
0.279556
0.288966
0.295527
0.300477
0.304258
0.306951
0.308638
0.307239
0.308331
0.310236
0.309928
0.306529
0.302026
0.291553
0.285631
0.273414
0.263188
0.274166
0.249857
0.249359
0.237297
0.253933
0.246406
0.240214
0.234506
0.250438
0.243277
0.246349
0.245664
0.242424
0.308377
0.24075
0.255875
0.245858
0.239087
0.226446
0.212982
0.204743
0.201091
0.255315
0.22901
0.224716
0.227581
0.233661
0.240719
0.239213
0.233917
0.229223
0.241302
0.225491
0.231674
0.238681
0.315937
0.331883
0.329743
0.297536
0.281254
0.275162
0.277416
0.269689
0.279583
0.289924
0.296966
0.301899
0.305217
0.304716
0.309628
0.306233
0.30909
0.346356
0.34894
0.348125
0.318551
0.316424
0.353163
0.353538
0.345584
0.372382
0.265656
0.363534
0.3333
0.339859
0.272557
0.264317
0.269071
0.278135
0.260107
0.261036
0.250969
0.236869
0.262458
0.253732
0.243419
0.227901
0.212384
0.205667
0.202909
0.199338
0.250781
0.230653
0.22589
0.22521
0.228286
0.234385
0.240463
0.238219
0.232613
0.227763
0.228875
0.224628
0.232118
0.240707
0.320513
0.333146
0.319593
0.289137
0.243224
0.248516
0.261211
0.273839
0.276546
0.28813
0.29352
0.298403
0.301547
0.302392
0.323029
0.31056
0.297371
0.350302
0.353564
0.352726
0.350712
0.350887
0.354616
0.35772
0.352216
0.343796
0.414269
0.39067
0.338146
0.367742
0.288748
0.268322
0.298351
0.278707
0.253156
0.247948
0.259488
0.26115
0.24869
0.226371
0.209286
0.204841
0.203366
0.201462
0.196751
0.249218
0.230491
0.22799
0.226793
0.225856
0.228531
0.234494
0.239905
0.237178
0.231069
0.222802
0.226656
0.222101
0.23428
0.277712
0.324522
0.329797
0.312708
0.281241
0.240149
0.236507
0.240354
0.24999
0.279681
0.28474
0.317942
0.326003
0.33164
0.329227
0.322282
0.300464
0.341458
0.34868
0.352474
0.352532
0.351652
0.352789
0.358136
0.363255
0.358612
0.353369
0.341421
0.385678
0.43019
0.424496
0.287732
0.293512
0.273528
0.273434
0.271513
0.252227
0.237922
0.221491
0.203264
0.199579
0.202217
0.202628
0.201107
0.195813
0.248532
0.232174
0.230205
0.228898
0.226495
0.226018
0.228731
0.235804
0.238819
0.23528
0.229119
0.202907
0.211244
0.218135
0.240688
0.302468
0.327357
0.323033
0.307399
0.300341
0.226364
0.226361
0.264773
0.240016
0.2532
0.320779
0.316712
0.316362
0.325338
0.334044
0.325173
0.304581
0.339126
0.344349
0.349635
0.350734
0.350895
0.352526
0.357264
0.364347
0.365086
0.359882
0.354547
0.383906
0.391745
0.25214
0.270151
0.28935
0.290083
0.272344
0.261983
0.286302
0.266791
0.211304
0.19745
0.196314
0.192389
0.19493
0.242503
0.238302
0.235169
0.233393
0.232204
0.230748
0.227884
0.229199
0.263928
0.253217
0.242209
0.23511
0.229931
0.235108
0.205377
0.207189
0.239884
0.295935
0.326983
0.31381
0.302056
0.295595
0.220872
0.223443
0.226381
0.232403
0.241045
0.26587
0.322126
0.315262
0.296973
0.304119
0.304512
0.302427
0.300497
0.33867
0.346919
0.348746
0.349443
0.351199
0.355666
0.362205
0.363603
0.358244
0.354537
0.386487
0.390521
0.272788
0.290755
0.295304
0.271288
0.260036
0.256434
0.253319
0.250298
0.247638
0.250057
0.245076
0.242876
0.240051
0.237868
0.236234
0.234931
0.233621
0.232139
0.229546
0.227492
0.227748
0.228254
0.233444
0.23784
0.234827
0.222488
0.212717
0.219095
0.204436
0.245513
0.321543
0.323983
0.306686
0.294654
0.286605
0.24376
0.218094
0.219358
0.270909
0.277872
0.291068
0.318845
0.316577
0.313801
0.300856
0.305298
0.305762
0.298158
0.307869
0.343557
0.346924
0.347884
0.34932
0.353307
0.35943
0.360968
0.355396
0.353215
0.383621
0.287123
0.299369
0.297369
0.274633
0.263586
0.259392
0.256673
0.253254
0.250063
0.250531
0.254254
0.243397
0.241416
0.239928
0.238504
0.237218
0.235994
0.234441
0.232214
0.228892
0.229624
0.264825
0.257905
0.248287
0.237413
0.236054
0.203772
0.215185
0.215891
0.21101
0.249758
0.321956
0.316671
0.298415
0.286086
0.278612
0.23227
0.227192
0.232247
0.252902
0.272055
0.286814
0.291937
0.317405
0.316973
0.31211
0.29864
0.30416
0.303912
0.302774
0.343325
0.346663
0.347223
0.347358
0.348586
0.352864
0.358302
0.351402
0.352897
0.384184
0.301188
0.258269
0.264836
0.261602
0.258805
0.255922
0.253845
0.245529
0.250145
0.198288
0.190498
0.243996
0.241298
0.240022
0.238749
0.237649
0.236377
0.234561
0.231999
0.230012
0.228892
0.226665
0.227805
0.233717
0.23756
0.232626
0.19884
0.215521
0.195877
0.213547
0.259954
0.320724
0.308014
0.289136
0.278728
0.271749
0.222577
0.222275
0.224563
0.228611
0.239024
0.262726
0.281926
0.290763
0.311243
0.317137
0.309356
0.316628
0.319217
0.337857
0.343961
0.347176
0.347659
0.346984
0.346539
0.346929
0.349958
0.351393
0.348946
0.369088
0.228407
0.241189
0.250938
0.252637
0.253261
0.252569
0.251295
0.250625
0.250571
0.24961
0.248276
0.245711
0.241822
0.239827
0.238871
0.237746
0.236008
0.233235
0.229907
0.225898
0.222061
0.222019
0.224725
0.229873
0.233884
0.23506
0.195436
0.208385
0.199609
0.209363
0.275841
0.316333
0.298341
0.281588
0.272819
0.266131
0.219676
0.223427
0.225967
0.226414
0.227435
0.232241
0.255974
0.271671
0.288683
0.300605
0.314044
0.305812
0.296633
0.328322
0.339242
0.345554
0.34885
0.347963
0.346086
0.344952
0.344673
0.350229
0.349493
0.334851
0.234138
0.226593
0.241375
0.24696
0.248995
0.249689
0.250503
0.250812
0.250203
0.249014
0.24788
0.245213
0.242409
0.240194
0.238872
0.237447
0.235184
0.23213
0.22877
0.223606
0.219287
0.218071
0.221127
0.226386
0.2311
0.233119
0.195265
0.205681
0.204448
0.20776
0.291761
0.308536
0.287719
0.275234
0.268138
0.261281
0.219524
0.223987
0.224467
0.225319
0.225515
0.227607
0.233645
0.250669
0.263387
0.281067
0.278009
0.297978
0.313944
0.306778
0.317456
0.330551
0.34063
0.345606
0.346718
0.345469
0.343678
0.343359
0.335215
0.300038
0.233508
0.219739
0.233339
0.241234
0.24453
0.246298
0.247344
0.248427
0.248128
0.247556
0.247513
0.246952
0.255112
0.233108
0.238049
0.236819
0.23467
0.231498
0.228098
0.222534
0.217986
0.216972
0.220247
0.225731
0.230733
0.231134
0.195685
0.207271
0.211461
0.207768
0.3056
0.298352
0.278742
0.269529
0.263748
0.256985
0.249113
0.222028
0.224218
0.223667
0.223934
0.223566
0.22957
0.236831
0.252163
0.258766
0.267812
0.275541
0.290341
0.28471
0.293333
0.303699
0.310598
0.31957
0.329266
0.331951
0.331105
0.326136
0.309797
0.250934
0.231995
0.21825
0.22579
0.234417
0.238703
0.240694
0.187732
0.195074
0.200097
0.200449
0.200388
0.201582
0.204171
0.200951
0.193284
0.236769
0.234658
0.23219
0.228487
0.221481
0.216746
0.217986
0.222882
0.228419
0.231813
0.230128
0.195774
0.211662
0.222057
0.214409
0.311296
0.28489
0.27312
0.265019
0.259321
0.252127
0.244435
0.238838
0.225612
0.223507
0.220321
0.223671
0.23095
0.250637
0.253203
0.257234
0.262809
0.269692
0.276815
0.280818
0.284521
0.284515
0.281309
0.278234
0.280849
0.293136
0.29292
0.295122
0.272507
0.222485
0.232612
0.221363
0.220922
0.242023
0.188778
0.239928
0.197744
0.202202
0.202358
0.20565
0.205414
0.215902
0.214636
0.211508
0.225158
0.236017
0.233692
0.228665
0.220779
0.21751
0.219961
0.224091
0.228368
0.23124
0.230287
0.190383
0.197972
0.221797
0.236135
0.236571
0.310479
0.277563
0.269888
0.266105
0.253365
0.228298
0.231669
0.233519
0.233289
0.236589
0.240658
0.243603
0.246132
0.248806
0.251664
0.255233
0.260747
0.267701
0.274948
0.277688
0.281793
0.282667
0.27948
0.273412
0.264776
0.260208
0.254895
0.257361
0.251432
0.206502
0.231406
0.221643
0.211191
0.222935
0.190049
0.195979
0.204257
0.207121
0.209999
0.214053
0.220162
0.226982
0.227238
0.221911
0.211284
0.208785
0.205446
0.230815
0.22403
0.223428
0.224854
0.226833
0.228552
0.227895
0.191927
0.189792
0.200224
0.229229
0.252635
0.251139
0.311758
0.277308
0.267017
0.219043
0.229164
0.228012
0.226897
0.2292
0.228447
0.231958
0.237777
0.241083
0.243531
0.246034
0.248893
0.252658
0.257438
0.263994
0.271428
0.26921
0.272895
0.274086
0.272989
0.270302
0.26543
0.26128
0.256471
0.25021
0.220835
0.204422
0.227295
0.225284
0.197023
0.199904
0.20285
0.204473
0.190342
0.177498
0.18743
0.18562
0.184689
0.184246
0.183983
0.183896
0.183956
0.184406
0.186283
0.18745
0.188838
0.188673
0.193151
0.219436
0.220949
0.188692
0.187579
0.190303
0.199108
0.224436
0.254617
0.244029
0.310738
0.277295
0.239964
0.223148
0.22801
0.226452
0.225627
0.227984
0.230789
0.227343
0.232748
0.237299
0.240617
0.243445
0.246253
0.249415
0.253319
0.258409
0.263991
0.259999
0.262025
0.26224
0.260713
0.258452
0.256976
0.253545
0.240964
0.236877
0.205568
0.192198
0.204072
0.196971
0.196341
0.198631
0.201388
0.203543
0.204406
0.206261
0.206274
0.20551
0.205414
0.20382
0.20278
0.201714
0.200863
0.19726
0.224322
0.22335
0.22489
0.226596
0.228133
0.22748
0.221848
0.187574
0.18672
0.215749
0.240392
0.242343
0.240281
0.25122
0.309236
0.248692
0.217097
0.225741
0.22855
0.231454
0.226616
0.22501
0.225606
0.227276
0.22952
0.232621
0.23646
0.239879
0.243014
0.246175
0.249427
0.252897
0.256687
0.252012
0.253391
0.253569
0.252906
0.252208
0.249043
0.238263
0.230203
0.219378
0.203139
0.1929
0.19235
0.225228
0.196562
0.198503
0.200439
0.201626
0.201154
0.202955
0.202975
0.202794
0.202513
0.227529
0.224522
0.225508
0.227535
0.229529
0.231094
0.232202
0.23292
0.233114
0.232513
0.230038
0.22178
0.186844
0.184894
0.222396
0.237111
0.241332
0.251471
0.254137
0.271563
0.22187
0.221058
0.222171
0.229403
0.231285
0.229209
0.227409
0.226413
0.226207
0.226819
0.228486
0.231288
0.234838
0.238369
0.241602
0.244445
0.247174
0.249778
0.244335
0.24583
0.246471
0.246789
0.245103
0.238725
0.232704
0.228595
0.21459
0.201774
0.196834
0.18926
0.191137
0.193695
0.19553
0.196987
0.198077
0.190253
0.199459
0.19974
0.200644
0.225277
0.225784
0.22716
0.229184
0.231263
0.232986
0.234222
0.234933
0.234946
0.234265
0.232593
0.228839
0.187402
0.18316
0.214281
0.222854
0.235851
0.237883
0.248864
0.24944
0.269706
0.220757
0.226207
0.222514
0.233575
0.230023
0.227667
0.225544
0.224212
0.223586
0.223813
0.224949
0.226892
0.229561
0.232743
0.235814
0.238326
0.240289
0.242278
0.236618
0.238009
0.239087
0.238816
0.236701
0.235033
0.23254
0.231904
0.217131
0.201569
0.198734
0.188971
0.188478
0.19051
0.194028
0.195497
0.19452
0.19053
0.19718
0.197129
0.197244
0.22639
0.228455
0.230266
0.232001
0.233578
0.234815
0.235595
0.23583
0.235472
0.233896
0.230987
0.22483
0.185648
0.212328
0.217204
0.223451
0.234682
0.229374
0.244942
0.276563
0.266158
0.225783
0.22323
0.226682
0.232914
0.228016
0.22523
0.223051
0.221479
0.220783
0.220937
0.221847
0.223359
0.225313
0.227534
0.229842
0.231761
0.233184
0.234789
0.232536
0.234377
0.235775
0.236478
0.237799
0.239642
0.23988
0.238949
0.225078
0.204035
0.20068
0.192564
0.188322
0.18815
0.189668
0.190829
0.196735
0.197112
0.194752
0.193301
0.194965
0.194291
0.223626
0.226216
0.227933
0.229597
0.230452
0.230536
0.230248
0.228802
0.225452
0.212682
0.18444
0.21492
0.217583
0.219955
0.223894
0.232364
0.228897
0.244779
0.257231
0.253286
0.222503
0.224079
0.227168
0.230573
0.225293
0.222567
0.220586
0.219243
0.218739
0.218954
0.219782
0.221105
0.222732
0.224498
0.226085
0.227331
0.228597
0.230535
0.230688
0.233485
0.236737
0.24109
0.246535
0.251034
0.251982
0.245384
0.238198
0.216233
0.207128
0.197
0.19214
0.18812
0.188016
0.202615
0.202153
0.202072
0.199265
0.198576
0.198813
0.199679
0.20129
0.203416
0.205418
0.206885
0.20799
0.20906
0.210199
0.21141
0.212697
0.213996
0.215386
0.216734
0.21821
0.220094
0.223268
0.230218
0.231633
0.237879
0.252589
0.249032
0.22582
0.221965
0.230448
0.229943
0.223183
0.22093
0.219337
0.218309
0.218004
0.218284
0.219073
0.220226
0.221629
0.222986
0.224001
0.224823
0.22624
0.228415
0.230255
0.235084
0.242321
0.250221
0.255515
0.258089
0.258392
0.238516
0.237199
0.225587
0.216643
0.210577
0.200693
0.191751
0.188354
0.20794
0.20691
0.207501
0.20456
0.203723
0.203174
0.202934
0.20295
0.203058
0.203351
0.203787
0.204415
0.205299
0.20649
0.207878
0.209455
0.2111
0.212842
0.214618
0.216514
0.21876
0.222063
0.227629
0.237713
0.2293
0.255919
0.250498
0.222669
0.229613
0.23017
0.237256
0.221956
0.219995
0.218655
0.217931
0.217789
0.218142
0.218893
0.219874
0.220917
0.221776
0.222382
0.223386
0.225215
0.227238
0.231943
0.240912
0.250898
0.256104
0.256818
0.259018
0.263252
0.24827
0.250878
0.241757
0.230415
0.220955
0.211229
0.198044
0.218853
0.211498
0.210569
0.212187
0.209435
0.207446
0.205443
0.204036
0.20319
0.202796
0.202769
0.203022
0.203515
0.204307
0.205398
0.206792
0.208405
0.210124
0.211955
0.213959
0.216218
0.218878
0.222368
0.227184
0.237205
0.229981
0.258784
0.287064
0.225669
0.229493
0.228833
0.222772
0.221337
0.218891
0.217773
0.217302
0.217299
0.217699
0.218383
0.219197
0.219832
0.220359
0.221178
0.222773
0.224366
0.22683
0.236388
0.248111
0.254898
0.25574
0.260766
0.271369
0.276236
0.279019
0.278985
0.270777
0.257949
0.23833
0.220124
0.200667
0.227629
0.215212
0.213126
0.214167
0.212524
0.210205
0.207695
0.206096
0.205002
0.204241
0.203793
0.203732
0.204002
0.204586
0.205479
0.206707
0.208122
0.209701
0.211384
0.213259
0.215355
0.217738
0.221429
0.225924
0.23431
0.227908
0.257419
0.346601
0.218743
0.22731
0.226735
0.226424
0.222904
0.217729
0.216604
0.2163
0.216402
0.216796
0.217366
0.217968
0.218475
0.219147
0.22059
0.222023
0.223593
0.227608
0.242188
0.251487
0.254233
0.261899
0.276321
0.290014
0.272224
0.275458
0.279275
0.27543
0.27162
0.258053
0.228751
0.236851
0.232539
0.219652
0.217403
0.219966
0.216712
0.213585
0.211109
0.209187
0.207266
0.205914
0.205116
0.204792
0.204836
0.205058
0.205225
0.205108
0.204545
0.204792
0.206194
0.20816
0.210596
0.213537
0.216819
0.221241
0.229595
0.228621
0.25507
0.296443
0.234723
0.22023
0.221697
0.22575
0.229449
0.21732
0.21529
0.214967
0.215131
0.215508
0.215969
0.216467
0.217167
0.218404
0.219905
0.22095
0.223417
0.230171
0.245514
0.250733
0.258667
0.275771
0.282792
0.277214
0.276849
0.274783
0.294237
0.27604
0.267032
0.263196
0.238272
0.234611
0.230306
0.227434
0.225953
0.223762
0.219371
0.216649
0.213358
0.210302
0.207793
0.205278
0.20242
0.201432
0.201725
0.202391
0.203336
0.204546
0.205953
0.20755
0.209306
0.211335
0.21365
0.216283
0.219229
0.224884
0.228318
0.228592
0.257392
0.255677
0.254067
0.211145
0.214154
0.222879
0.219398
0.220981
0.214733
0.21359
0.213571
0.213966
0.214381
0.214942
0.216008
0.217647
0.218658
0.219837
0.223788
0.233679
0.245058
0.252198
0.269668
0.277499
0.281691
0.344364
0.310856
0.280184
0.269873
0.249125
0.264267
0.239078
0.239396
0.229522
0.232012
0.235245
0.228928
0.22473
0.221994
0.217888
0.211307
0.207239
0.205707
0.204958
0.204658
0.204826
0.205322
0.206093
0.207137
0.2084
0.209811
0.211334
0.212945
0.214724
0.216718
0.218961
0.222681
0.228643
0.225074
0.221757
0.267355
0.260944
0.213495
0.204034
0.211186
0.216674
0.219044
0.218367
0.219876
0.212994
0.211971
0.211996
0.212378
0.213113
0.214509
0.216094
0.217096
0.218697
0.224513
0.236155
0.243837
0.258564
0.273931
0.275594
0.344946
0.327333
0.389707
0.244762
0.270788
0.270355
0.271504
0.241495
0.23717
0.235089
0.236576
0.235974
0.229429
0.22633
0.222255
0.214696
0.212002
0.210318
0.209219
0.208599
0.208371
0.208616
0.209191
0.210026
0.211101
0.212308
0.21358
0.214911
0.216281
0.217791
0.2196
0.222562
0.227952
0.226645
0.204539
0.238065
0.276948
0.26517
0.191469
0.219251
0.182594
0.215026
0.215139
0.216856
0.21906
0.217836
0.215824
0.211264
0.210893
0.21156
0.213099
0.214491
0.215492
0.218059
0.225299
0.235503
0.245075
0.260115
0.273441
0.297144
0.283763
0.334975
0.258617
0.262054
0.276191
0.271175
0.265075
0.255423
0.237232
0.235335
0.236873
0.235006
0.230082
0.225186
0.218008
0.215642
0.214045
0.212955
0.212281
0.211951
0.211946
0.212317
0.212948
0.213751
0.214717
0.215731
0.216785
0.217885
0.219079
0.220629
0.223407
0.227667
0.22804
0.225221
0.233157
0.275185
0.275733
0.287701
0.202421
0.205997
0.182534
0.182003
0.181075
0.180581
0.180629
0.18104
0.213563
0.215611
0.211547
0.209099
0.21
0.211447
0.21261
0.215468
0.221728
0.229922
0.218087
0.228546
0.236231
0.266652
0.291081
0.307507
0.252765
0.26106
0.273034
0.281859
0.262925
0.245415
0.235464
0.234811
0.23503
0.235057
0.229237
0.22021
0.218207
0.216637
0.215701
0.21509
0.214802
0.214746
0.214959
0.215477
0.216473
0.218245
0.221048
0.22394
0.226195
0.228066
0.230032
0.23274
0.236373
0.237234
0.235161
0.212863
0.267491
0.271955
0.276235
0.256527
0.201873
0.230244
0.18155
0.181239
0.180645
0.180416
0.180751
0.180912
0.18048
0.182321
0.182998
0.183773
0.185174
0.187395
0.190117
0.191024
0.189959
0.216914
0.203911
0.222108
0.227302
0.241146
0.256534
0.255952
0.249115
0.258611
0.28823
0.282387
0.252539
0.236925
0.22926
0.221815
0.235077
0.235086
0.223163
0.219905
0.218552
0.217674
0.216838
0.216654
0.217072
0.221394
0.225734
0.22663
0.226919
0.22731
0.227771
0.228338
0.229198
0.230626
0.232841
0.235005
0.235572
0.234565
0.235547
0.240979
0.257756
0.305748
0.250721
0.206692
0.202442
0.2505
0.191457
0.194619
0.187184
0.184413
0.183358
0.183659
0.18436
0.184676
0.184727
0.184831
0.185161
0.186487
0.188184
0.187541
0.183629
0.190663
0.201722
0.215016
0.222181
0.229261
0.252956
0.252906
0.250716
0.254912
0.278152
0.264443
0.240169
0.228166
0.218724
0.215801
0.232264
0.234125
0.222247
0.219606
0.218597
0.218042
0.21783
0.222325
0.22708
0.22718
0.227445
0.227861
0.228399
0.229107
0.230133
0.23172
0.234272
0.237959
0.241922
0.24418
0.24348
0.242135
0.256257
0.268763
0.284922
0.304626
0.251414
0.208906
0.201522
0.250178
0.211405
0.215214
0.195479
0.190285
0.186499
0.185105
0.184756
0.184782
0.185125
0.185468
0.186098
0.186535
0.187401
0.184881
0.181812
0.18895
0.198112
0.210614
0.218584
0.223251
0.234672
0.241249
0.234825
0.236084
0.241538
0.23667
0.227853
0.214323
0.209335
0.21035
0.211396
0.23945
0.222203
0.219134
0.21839
0.218164
0.219993
0.227539
0.227631
0.228084
0.228686
0.229466
0.230536
0.232118
0.234562
0.238196
0.242715
0.246395
0.247329
0.245732
0.243908
0.252579
0.234165
0.257864
0.345116
0.24684
0.25243
0.207615
0.200506
0.205081
0.230033
0.213542
0.222239
0.209013
0.194907
0.19134
0.187916
0.186229
0.185886
0.186549
0.187404
0.188177
0.186953
0.183399
0.180475
0.18619
0.191917
0.203718
0.211428
0.221575
0.229312
0.228675
0.224024
0.224853
0.219451
0.222514
0.211004
0.20433
0.205696
0.208056
0.210731
0.213039
0.226672
0.218409
0.217854
0.217924
0.223759
0.227741
0.227879
0.228709
0.229803
0.231296
0.233306
0.235904
0.239336
0.243037
0.246068
0.247022
0.245816
0.244544
0.249665
0.250685
0.260265
0.268777
0.333199
0.244116
0.256612
0.204187
0.248588
0.249067
0.239555
0.237045
0.231049
0.222916
0.206113
0.19471
0.189204
0.185903
0.185281
0.186021
0.187311
0.189034
0.189215
0.183764
0.179441
0.182521
0.187531
0.19691
0.20629
0.212683
0.217848
0.219881
0.216175
0.209911
0.215711
0.216731
0.200804
0.20135
0.203571
0.205982
0.210286
0.21521
0.216839
0.220615
0.217014
0.217213
0.22206
0.227476
0.22828
0.229426
0.231164
0.233265
0.2356
0.238186
0.241204
0.24415
0.24596
0.245845
0.245383
0.248275
0.246732
0.248676
0.279645
0.295404
0.29435
0.243087
0.255445
0.201586
0.24796
0.248949
0.244286
0.243795
0.23934
0.235236
0.23091
0.217789
0.196935
0.19105
0.187143
0.186445
0.186037
0.188289
0.189786
0.188699
0.183721
0.182968
0.178207
0.182854
0.189207
0.195758
0.200745
0.201741
0.198582
0.192737
0.217657
0.221524
0.198784
0.201213
0.202917
0.20735
0.21215
0.21374
0.215374
0.216568
0.191946
0.216378
0.220253
0.227025
0.228343
0.230683
0.232442
0.233836
0.235177
0.23712
0.239879
0.242617
0.244378
0.244855
0.247914
0.246898
0.245952
0.248288
0.275734
0.334153
0.285679
0.24598
0.204926
0.20138
0.19705
0.244662
0.251652
0.248991
0.244466
0.24098
0.237592
0.233691
0.22265
0.197251
0.18959
0.185073
0.181956
0.181881
0.181855
0.181855
0.1798
0.177474
0.177522
0.175291
0.175655
0.177246
0.179366
0.182026
0.184016
0.185306
0.195301
0.198107
0.200158
0.204098
0.207411
0.20816
0.208794
0.20992
0.21131
0.213066
0.215223
0.2146
0.217606
0.226693
0.228843
0.23025
0.231386
0.231888
0.231915
0.233425
0.235599
0.238082
0.240131
0.243898
0.248519
0.249271
0.249182
0.243869
0.27363
0.308409
0.274484
0.248375
0.205241
0.196685
0.19536
0.198801
0.202393
0.252501
0.245261
0.242406
0.239941
0.23688
0.2321
0.215776
0.191867
0.183444
0.180519
0.17967
0.179195
0.178949
0.178962
0.179035
0.179558
0.179493
0.179669
0.180097
0.180804
0.182033
0.185231
0.196206
0.203952
0.204733
0.205098
0.20528
0.205279
0.212663
0.213437
0.2134
0.206749
0.206814
0.208254
0.210111
0.211918
0.201515
0.226002
0.225914
0.226439
0.227556
0.228417
0.229242
0.230223
0.231608
0.233929
0.240973
0.250228
0.253632
0.254366
0.254098
0.293172
0.309235
0.217592
0.246428
0.196417
0.193092
0.193761
0.197884
0.2004
0.203031
0.242859
0.239529
0.237752
0.235923
0.232694
0.223996
0.196537
0.182893
0.181329
0.18073
0.18046
0.180233
0.179992
0.179765
0.185433
0.185663
0.18619
0.187007
0.188345
0.190735
0.195126
0.200486
0.202619
0.204112
0.205728
0.207077
0.218411
0.221547
0.223183
0.223915
0.223856
0.222873
0.22084
0.217714
0.213498
0.207692
0.204554
0.210858
0.220776
0.22357
0.224101
0.224751
0.225844
0.227455
0.230812
0.238408
0.248761
0.250839
0.262305
0.280638
0.303893
0.307897
0.249255
0.230768
0.192734
0.191825
0.192671
0.196027
0.19874
0.200806
0.242416
0.23474
0.232139
0.230193
0.227962
0.221311
0.212809
0.185124
0.18444
0.18442
0.184766
0.185053
0.185164
0.185313
0.193521
0.193931
0.19439
0.194876
0.195424
0.196199
0.197538
0.200211
0.203767
0.204396
0.206264
0.207682
0.227874
0.225611
0.226606
0.225983
0.222934
0.218272
0.215918
0.214358
0.212668
0.210691
0.208245
0.204854
0.198859
0.21737
0.225173
0.22964
0.230729
0.227856
0.228907
0.233708
0.24158
0.246958
0.265271
0.283307
0.313584
0.29957
0.20934
0.192748
0.194432
0.194212
0.194679
0.197681
0.199999
0.20195
0.244307
0.233562
0.230175
0.227817
0.224939
0.220714
0.21652
0.188105
0.190097
0.190718
0.191634
0.192332
0.192702
0.19312
0.207531
0.208931
0.210328
0.211677
0.21287
0.214011
0.21512
0.216257
0.220756
0.220428
0.222966
0.226883
0.226731
0.226079
0.225373
0.224471
0.223434
0.222309
0.221163
0.220043
0.21882
0.217248
0.21523
0.212788
0.209807
0.206534
0.204761
0.20534
0.204712
0.204351
0.232345
0.233008
0.23835
0.242263
0.254119
0.250874
0.321681
0.30448
0.200443
0.193515
0.195234
0.193909
0.198379
0.201513
0.203759
0.205927
0.245851
0.241384
0.238913
0.236943
0.233792
0.229019
0.221219
0.188578
0.195306
0.197437
0.200019
0.202329
0.204145
0.205987
0.234295
0.236986
0.239403
0.241572
0.243328
0.244747
0.245841
0.246598
0.249054
0.250661
0.258012
0.24386
0.23946
0.235964
0.233154
0.230677
0.228488
0.226518
0.224735
0.223124
0.221619
0.220156
0.21871
0.21727
0.215937
0.214729
0.213776
0.212893
0.203604
0.205738
0.207786
0.24919
0.246475
0.22694
0.237492
0.261607
0.316161
0.294135
0.202074
0.19225
0.192751
0.195297
0.202831
0.206182
0.20854
0.212139
0.250596
0.246892
0.245273
0.243711
0.240242
0.234449
0.22503
0.181235
0.207931
0.214394
0.219651
0.224036
0.227822
0.23131
0.234313
0.232857
0.233328
0.234751
0.236401
0.238025
0.239581
0.240869
0.244425
0.246182
0.263556
0.256027
0.250983
0.246494
0.242341
0.238369
0.234622
0.231109
0.227925
0.225174
0.222871
0.22101
0.21957
0.218481
0.217801
0.217623
0.218281
0.219134
0.218204
0.196804
0.201152
0.204958
0.259879
0.227405
0.240052
0.266625
0.300477
0.265842
0.205224
0.192167
0.193724
0.194315
0.203749
0.206826
0.210202
0.252495
0.24771
0.245081
0.243811
0.242375
0.239694
0.234608
0.226093
0.187074
0.22158
0.229853
0.235582
0.240312
0.241985
0.23838
0.243937
0.245193
0.24597
0.24624
0.24594
0.245237
0.244455
0.244374
0.244572
0.249823
0.26488
0.259692
0.255684
0.251638
0.247379
0.242856
0.238246
0.233737
0.22966
0.226241
0.223539
0.221544
0.220084
0.218931
0.218093
0.217924
0.219086
0.221053
0.221578
0.191485
0.196469
0.200908
0.210191
0.226693
0.240683
0.274488
0.288961
0.250701
0.239004
0.193545
0.196181
0.196739
0.204087
0.207746
0.248538
0.244827
0.243523
0.242531
0.242115
0.241494
0.239365
0.233611
0.221647
0.215678
0.233965
0.241131
0.244593
0.242385
0.241158
0.242426
0.246248
0.246602
0.246187
0.245017
0.243343
0.241675
0.240357
0.240196
0.240427
0.244628
0.26433
0.259192
0.255783
0.252109
0.247987
0.243457
0.238799
0.234344
0.230439
0.227233
0.224589
0.222451
0.220714
0.219337
0.21837
0.218052
0.218962
0.220967
0.222227
0.172148
0.193513
0.199289
0.206645
0.238985
0.240997
0.283512
0.287405
0.249814
0.222514
0.19436
0.196256
0.196538
0.209326
0.243683
0.241993
0.241438
0.241104
0.240984
0.241128
0.240626
0.238076
0.230762
0.207639
0.230373
0.241034
0.245696
0.244234
0.242496
0.243688
0.245239
0.240803
0.241657
0.241928
0.24169
0.241108
0.240539
0.240195
0.240827
0.241105
0.241994
0.262427
0.256055
0.252895
0.249518
0.245753
0.241763
0.237874
0.23436
0.231294
0.228618
0.226018
0.223647
0.221571
0.220025
0.219303
0.219499
0.220499
0.222189
0.223418
0.21943
0.188616
0.194686
0.205486
0.246661
0.249123
0.292826
0.278073
0.230777
0.218831
0.193145
0.19448
0.23899
0.24004
0.239281
0.2387
0.238497
0.238336
0.238119
0.237792
0.236781
0.233812
0.223076
0.219425
0.235476
0.243078
0.245276
0.23957
0.236083
0.237332
0.23934
0.2311
0.232394
0.233777
0.234996
0.236244
0.237479
0.238955
0.240623
0.243581
0.236864
0.261672
0.250524
0.247303
0.244522
0.241777
0.239164
0.236815
0.234732
0.232721
0.230777
0.228469
0.226236
0.224079
0.222418
0.22181
0.222278
0.22305
0.224299
0.225131
0.22395
0.187791
0.189561
0.199613
0.241518
0.247733
0.293301
0.262063
0.226688
0.23222
0.190595
0.224358
0.236338
0.237033
0.237401
0.237403
0.237197
0.236922
0.236441
0.234944
0.22973
0.217703
0.187461
0.224602
0.234825
0.241872
0.246219
0.24678
0.239186
0.231831
0.230271
)
;
    }
    front
    {
        type            cyclic;
    }
    back
    {
        type            cyclic;
    }
}


// ************************************************************************* //
