/*--------------------------------*- C++ -*----------------------------------*\
  =========                 |
  \\      /  F ield         | OpenFOAM: The Open Source CFD Toolbox
   \\    /   O peration     | Website:  https://openfoam.org
    \\  /    A nd           | Version:  13
     \\/     M anipulation  |
\*---------------------------------------------------------------------------*/
FoamFile
{
    format      ascii;
    class       volScalarField;
    location    "0.5";
    object      classifier_w_freestream_mean;
}
// * * * * * * * * * * * * * * * * * * * * * * * * * * * * * * * * * * * * * //

dimensions      [];

internalField   uniform 0;

boundaryField
{
    inlet
    {
        type            cyclic;
    }
    outlet
    {
        type            cyclic;
    }
    top
    {
        type            calculated;
        value           nonuniform List<scalar> 
7200
(
0.252042
0.165257
0.166745
0.167245
0.167479
0.167449
0.167338
0.167236
0.167177
0.166968
0.166901
0.166899
0.166985
0.167379
0.168002
0.168534
0.168822
0.168954
0.169383
0.169543
0.170302
0.171099
0.173777
0.177938
0.180505
0.1859
0.196465
0.202438
0.201648
0.190019
0.174604
0.183165
0.182569
0.199121
0.194909
0.207872
0.222758
0.251037
0.229556
0.203312
0.196622
0.193454
0.191849
0.190483
0.189627
0.191063
0.193368
0.19485
0.19471
0.193365
0.19105
0.187681
0.180434
0.17514
0.162544
0.161246
0.165191
0.166915
0.163991
0.241473
0.225242
0.165268
0.166033
0.166503
0.166852
0.167034
0.166982
0.166885
0.166668
0.166427
0.166175
0.166035
0.165943
0.166192
0.166618
0.166987
0.167098
0.166742
0.166748
0.166898
0.167212
0.167659
0.169279
0.16877
0.166018
0.164488
0.174333
0.18852
0.188056
0.171645
0.168278
0.16367
0.172472
0.202835
0.203742
0.217891
0.224749
0.208438
0.204229
0.190065
0.185168
0.182935
0.181972
0.181006
0.179769
0.180373
0.181893
0.182991
0.182942
0.181982
0.18075
0.178918
0.171246
0.164632
0.156961
0.164171
0.165891
0.165246
0.164271
0.239547
0.164529
0.165255
0.165934
0.166494
0.166957
0.167288
0.167205
0.166859
0.166368
0.16588
0.165468
0.165248
0.165202
0.165425
0.165767
0.1661
0.16626
0.165934
0.165854
0.165896
0.166067
0.166602
0.168074
0.162407
0.166264
0.168843
0.170487
0.164058
0.171343
0.169469
0.159479
0.168893
0.200276
0.19711
0.211008
0.245305
0.21181
0.20719
0.186111
0.176402
0.173936
0.172506
0.171606
0.170394
0.168759
0.169084
0.170045
0.170702
0.170686
0.170221
0.167495
0.162034
0.150585
0.157984
0.163112
0.16534
0.164745
0.163384
0.163682
0.163554
0.164113
0.164968
0.16609
0.167644
0.208889
0.213147
0.208023
0.262551
0.252413
0.209238
0.162521
0.158441
0.157234
0.156348
0.157303
0.157837
0.157415
0.165324
0.165228
0.165172
0.157577
0.163949
0.161147
0.243127
0.238908
0.170907
0.169065
0.169352
0.160903
0.162996
0.177287
0.217574
0.18918
0.201831
0.241626
0.222875
0.201463
0.184804
0.172259
0.167471
0.166164
0.165161
0.163779
0.161638
0.161094
0.161714
0.162444
0.163023
0.163224
0.162435
0.157793
0.15757
0.159339
0.159119
0.162746
0.163213
0.162576
0.161971
0.162682
0.162883
0.201406
0.202661
0.249718
0.243152
0.248544
0.245309
0.251291
0.250589
0.245289
0.241691
0.237541
0.235519
0.184198
0.168797
0.166637
0.167553
0.171476
0.172399
0.169349
0.168749
0.167443
0.236465
0.243286
0.252076
0.247087
0.243256
0.242594
0.24456
0.239109
0.244324
0.239591
0.233048
0.250269
0.234087
0.213368
0.193626
0.180136
0.170923
0.165049
0.162443
0.161133
0.159644
0.157294
0.157315
0.157926
0.158608
0.159207
0.159718
0.159805
0.157752
0.154906
0.158231
0.158568
0.157758
0.157314
0.15051
0.164877
0.171901
0.170866
0.231781
0.235849
0.239483
0.187083
0.18401
0.187729
0.191632
0.193137
0.195736
0.201728
0.223044
0.251717
0.246655
0.244002
0.242207
0.238149
0.170001
0.173319
0.172995
0.168974
0.169351
0.16874
0.169635
0.16962
0.168012
0.168563
0.228783
0.218395
0.163073
0.167838
0.166773
0.254244
0.219061
0.202653
0.20331
0.189733
0.177699
0.170209
0.164839
0.16046
0.153871
0.153553
0.155125
0.156606
0.157713
0.158334
0.158875
0.159296
0.159728
0.160045
0.159113
0.152509
0.157832
0.238771
0.240165
0.237124
0.231183
0.227411
0.22714
0.227465
0.214924
0.186231
0.181446
0.185334
0.18758
0.189796
0.193803
0.196133
0.195346
0.199079
0.244804
0.217998
0.254852
0.168322
0.180007
0.187558
0.189963
0.188232
0.188497
0.189563
0.187471
0.184173
0.180733
0.17558
0.171689
0.169228
0.167215
0.176836
0.18089
0.184153
0.187463
0.185169
0.16775
0.19287
0.186405
0.178428
0.170787
0.165172
0.1588
0.155269
0.152232
0.153123
0.156669
0.158309
0.224828
0.230786
0.233904
0.235222
0.235948
0.235929
0.235819
0.234775
0.227881
0.224164
0.223678
0.224989
0.229044
0.227012
0.186005
0.196133
0.189578
0.179199
0.180159
0.18091
0.185938
0.238485
0.242894
0.238037
0.237248
0.217871
0.14759
0.162253
0.165194
0.167941
0.170374
0.172517
0.174426
0.176475
0.177829
0.178407
0.179306
0.180901
0.182265
0.184523
0.186747
0.187784
0.186407
0.183908
0.183592
0.185898
0.188011
0.186187
0.177713
0.183331
0.179079
0.172548
0.166184
0.157589
0.155696
0.152003
0.151406
0.157817
0.224653
0.232775
0.234904
0.235641
0.2362
0.236863
0.237614
0.237498
0.234798
0.226568
0.227445
0.232118
0.22084
0.191695
0.180962
0.177378
0.176065
0.178864
0.194359
0.219485
0.22483
0.235001
0.241434
0.249808
0.246969
0.208896
0.160492
0.164869
0.167483
0.168751
0.170213
0.171921
0.173941
0.176192
0.178242
0.180495
0.182155
0.182847
0.184065
0.186328
0.188567
0.190598
0.192279
0.192526
0.189904
0.184622
0.182156
0.181891
0.180742
0.177225
0.179774
0.181281
0.174233
0.167255
0.16064
0.155615
0.153068
0.156049
0.159052
0.234071
0.235181
0.23391
0.232781
0.232664
0.233209
0.23404
0.234714
0.234079
0.23085
0.226769
0.212337
0.190145
0.184369
0.182055
0.180443
0.179276
0.178561
0.178819
0.194261
0.213351
0.218759
0.226205
0.238174
0.231352
0.199659
0.16204
0.165492
0.167444
0.169157
0.170193
0.171299
0.172916
0.175045
0.177535
0.179642
0.181628
0.183448
0.18506
0.186491
0.188412
0.190571
0.192573
0.193846
0.193853
0.191124
0.185011
0.180732
0.178303
0.17579
0.172371
0.179846
0.175936
0.16986
0.163906
0.157125
0.15291
0.156169
0.159356
0.161116
0.234713
0.230229
0.228426
0.228422
0.229123
0.229972
0.230988
0.231918
0.232457
0.232081
0.230991
0.218765
0.192086
0.186054
0.182928
0.182357
0.182348
0.181594
0.203623
0.1912
0.191321
0.205816
0.213411
0.221394
0.208972
0.150657
0.163379
0.165796
0.167692
0.168908
0.169809
0.171084
0.173236
0.175369
0.177312
0.179179
0.181024
0.182877
0.184694
0.186178
0.187782
0.189487
0.190974
0.192187
0.192363
0.189735
0.183282
0.177838
0.174534
0.170686
0.168081
0.172383
0.171343
0.166073
0.159866
0.150222
0.152336
0.158752
0.158882
0.161194
0.168884
0.229391
0.227744
0.227672
0.228206
0.229024
0.229917
0.230244
0.230358
0.229729
0.229321
0.239228
0.21545
0.202087
0.192802
0.189107
0.19109
0.190287
0.19654
0.204605
0.156651
0.1827
0.190627
0.190462
0.173086
0.161896
0.164985
0.166439
0.167662
0.168149
0.168768
0.170035
0.172372
0.174489
0.176287
0.1781
0.17991
0.181778
0.183544
0.184878
0.186178
0.187503
0.188605
0.189575
0.189589
0.187123
0.181134
0.174787
0.17237
0.168331
0.16584
0.165488
0.166365
0.161492
0.157067
0.155613
0.152943
0.157352
0.157567
0.1594
0.162418
0.176209
0.231613
0.230131
0.230594
0.231843
0.23217
0.230419
0.229013
0.227272
0.226134
0.232083
0.236018
0.237403
0.240216
0.222139
0.231018
0.220597
0.188857
0.237844
0.169824
0.156858
0.164478
0.1635
0.159825
0.16425
0.16523
0.166128
0.166631
0.166503
0.166815
0.167929
0.170072
0.17211
0.173897
0.175751
0.177551
0.179463
0.181102
0.182211
0.183224
0.184186
0.184972
0.185651
0.185283
0.182858
0.178158
0.171508
0.168915
0.16726
0.163933
0.156236
0.16047
0.157196
0.148485
0.155013
0.156339
0.155483
0.155314
0.156458
0.157923
0.160359
0.16212
0.163238
0.16313
0.162453
0.162447
0.248579
0.232364
0.228088
0.225242
0.225659
0.226776
0.228269
0.231164
0.233213
0.231316
0.232105
0.178243
0.158079
0.168908
0.159747
0.158373
0.15665
0.161856
0.163038
0.163969
0.164418
0.164374
0.16394
0.164033
0.16482
0.166427
0.16821
0.169875
0.171692
0.17349
0.175464
0.177006
0.17793
0.178743
0.179374
0.179872
0.180163
0.179294
0.17659
0.172664
0.167624
0.164075
0.16138
0.160112
0.15434
0.157117
0.156829
0.154901
0.153122
0.155163
0.153841
0.153221
0.153996
0.154624
0.155541
0.156053
0.156335
0.156396
0.156342
0.156333
0.156225
0.1562
0.234326
0.229449
0.226381
0.224284
0.224032
0.223442
0.165609
0.16448
0.164079
0.164384
0.162458
0.16107
0.156294
0.158177
0.158442
0.159606
0.160355
0.160854
0.161488
0.161342
0.161001
0.161045
0.16152
0.162447
0.163688
0.164932
0.1664
0.167963
0.169796
0.171161
0.171929
0.172595
0.173005
0.173282
0.173281
0.172109
0.169346
0.165876
0.162301
0.159166
0.156055
0.153478
0.155905
0.156431
0.154815
0.152731
0.152401
0.152685
0.1518
0.151454
0.15193
0.151765
0.151981
0.152052
0.152096
0.152791
0.179961
0.196755
0.209636
0.21568
0.219272
0.222633
0.228747
0.228296
0.232898
0.231864
0.157578
0.156595
0.156516
0.157156
0.157869
0.157355
0.153489
0.156632
0.15666
0.157271
0.15801
0.158059
0.15858
0.158712
0.158643
0.158751
0.159001
0.159386
0.160016
0.160713
0.161594
0.16264
0.163943
0.164938
0.165494
0.166007
0.166264
0.16641
0.166261
0.165213
0.163061
0.160419
0.157658
0.155297
0.152959
0.150702
0.154296
0.153943
0.152156
0.150267
0.14997
0.151273
0.151075
0.149761
0.150591
0.151032
0.151482
0.151679
0.151773
0.151817
0.151827
0.151813
0.1516
0.151167
0.151975
0.161278
0.191044
0.202263
0.178935
0.194612
0.154689
0.154415
0.153788
0.153821
0.149988
0.153807
0.154895
0.155909
0.154485
0.154902
0.155485
0.156095
0.156653
0.157003
0.157167
0.15734
0.157442
0.157532
0.157773
0.158071
0.158488
0.15903
0.159745
0.160326
0.16066
0.160972
0.161118
0.161167
0.160994
0.160286
0.158941
0.157251
0.155178
0.153296
0.15161
0.150378
0.150545
0.150184
0.148846
0.147163
0.14706
0.148734
0.148713
0.147217
0.148389
0.149334
0.149929
0.15019
0.150299
0.150316
0.150283
0.150277
0.150231
0.150052
0.149952
0.146965
0.146506
0.146502
0.151308
0.146581
0.152085
0.151508
0.149631
0.149858
0.151153
0.152885
0.154653
0.155136
0.153999
0.15403
0.154343
0.154817
0.155448
0.155915
0.156205
0.156411
0.156442
0.156427
0.156507
0.156624
0.156821
0.157091
0.157444
0.157768
0.157961
0.158136
0.158218
0.158202
0.158074
0.157661
0.156859
0.155732
0.154155
0.152381
0.150604
0.151502
0.149205
0.147342
0.145904
0.144423
0.144313
0.146277
0.146376
0.144578
0.145496
0.146489
0.147063
0.147357
0.147455
0.147444
0.147443
0.14754
0.147792
0.14807
0.153261
0.148779
0.147908
0.147253
0.149556
0.148817
0.148512
0.147504
0.148624
0.149465
0.149256
0.152878
0.155305
0.153795
0.153504
0.153638
0.15377
0.154063
0.154641
0.155129
0.15547
0.155676
0.155692
0.155657
0.155692
0.15576
0.155888
0.156058
0.156266
0.156482
0.156632
0.156753
0.15681
0.156774
0.156696
0.156461
0.155956
0.155119
0.153804
0.151614
0.148314
0.155003
0.155259
0.144602
0.143476
0.142533
0.14231
0.143544
0.143791
0.142658
0.142929
0.143412
0.143727
0.143932
0.144024
0.144078
0.144194
0.144415
0.144872
0.145457
0.150945
0.149363
0.149015
0.14832
0.146056
0.146996
0.145213
0.144565
0.151175
0.151457
0.151174
0.153786
0.153444
0.15323
0.153056
0.153298
0.153529
0.153711
0.154123
0.154546
0.154879
0.155087
0.155116
0.155086
0.155109
0.155169
0.15528
0.155428
0.155603
0.155793
0.15596
0.156082
0.156145
0.156114
0.156073
0.155955
0.155613
0.154959
0.153893
0.147918
0.145165
0.149016
0.156206
0.143604
0.14253
0.142096
0.141771
0.141977
0.142367
0.142306
0.142138
0.142095
0.142036
0.142079
0.142132
0.142209
0.142358
0.142582
0.143091
0.143923
0.14859
0.148927
0.149089
0.148776
0.143167
0.143726
0.142891
0.142675
0.147912
0.151171
0.15175
0.155189
0.152696
0.152829
0.152926
0.153126
0.153452
0.153779
0.154021
0.154345
0.154659
0.15486
0.154887
0.15485
0.154848
0.15487
0.15496
0.155105
0.155257
0.155434
0.155628
0.155762
0.155861
0.155837
0.155817
0.155811
0.155596
0.155097
0.15447
0.14634
0.149299
0.145605
0.145429
0.146114
0.143597
0.143092
0.142653
0.142404
0.142943
0.143504
0.142998
0.142582
0.142298
0.14223
0.142236
0.142267
0.142352
0.142507
0.143417
0.146942
0.147665
0.148242
0.148675
0.148837
0.141593
0.14178
0.141586
0.141642
0.142668
0.14306
0.142667
0.14775
0.157984
0.15355
0.153087
0.153088
0.153171
0.153529
0.154073
0.154302
0.1545
0.154644
0.154687
0.154672
0.154683
0.154713
0.154798
0.154944
0.155118
0.155324
0.155564
0.155735
0.15586
0.155877
0.15591
0.155972
0.155893
0.155671
0.154013
0.145455
0.150504
0.144035
0.144301
0.147401
0.14561
0.144949
0.144506
0.144444
0.145423
0.146375
0.145241
0.144287
0.143863
0.143767
0.143765
0.143785
0.144039
0.14568
0.145542
0.145774
0.146887
0.14763
0.148206
0.148768
0.140991
0.141623
0.141142
0.14132
0.141837
0.1418
0.141606
0.149496
0.154571
0.153098
0.153592
0.153624
0.153615
0.153557
0.153788
0.154341
0.154797
0.154981
0.154999
0.154945
0.154913
0.154918
0.154964
0.155058
0.155205
0.155399
0.155633
0.155823
0.155955
0.156042
0.156136
0.156238
0.156342
0.156694
0.149372
0.144852
0.147488
0.14462
0.144875
0.148721
0.148531
0.147964
0.148463
0.148935
0.151012
0.152676
0.151589
0.149624
0.148937
0.149196
0.150009
0.146192
0.145607
0.145545
0.144983
0.144652
0.14605
0.147173
0.147895
0.148773
0.150752
0.150547
0.141
0.141225
0.141614
0.141656
0.141379
0.147299
0.154932
0.155969
0.155589
0.15532
0.155131
0.154705
0.154192
0.153981
0.154117
0.154613
0.155079
0.155299
0.155328
0.155316
0.155333
0.155408
0.15554
0.155748
0.156023
0.156275
0.156494
0.156695
0.156868
0.157034
0.157283
0.158031
0.157376
0.151188
0.149436
0.146239
0.146427
0.151125
0.154303
0.154134
0.15489
0.155333
0.157598
0.164126
0.162947
0.156273
0.156143
0.147815
0.145119
0.144227
0.144503
0.14419
0.144443
0.144041
0.145282
0.146953
0.147945
0.149016
0.149849
0.150116
0.145708
0.145438
0.145479
0.144159
0.143245
0.149356
0.145782
0.158802
0.157405
0.157573
0.157566
0.156866
0.155707
0.154655
0.153975
0.153729
0.153919
0.154542
0.155258
0.155643
0.155803
0.155927
0.156075
0.156302
0.156629
0.15696
0.157279
0.157577
0.157782
0.157932
0.158149
0.158698
0.159899
0.160254
0.161458
0.150047
0.150092
0.165849
0.163944
0.165519
0.166123
0.166243
0.163663
0.161152
0.159333
0.149567
0.148895
0.147664
0.147218
0.146552
0.146477
0.143966
0.143971
0.143796
0.145083
0.14695
0.147843
0.148993
0.149951
0.150638
0.152055
0.153117
0.154482
0.148113
0.148484
0.152534
0.150495
0.150629
0.146231
0.160432
0.15917
0.158879
0.157699
0.156062
0.154541
0.153475
0.153034
0.15312
0.153728
0.154762
0.155663
0.156204
0.156528
0.15682
0.157185
0.157556
0.157909
0.158208
0.158365
0.158432
0.158494
0.158735
0.158959
0.157981
0.158032
0.16639
0.162881
0.160182
0.160156
0.160254
0.160847
0.161174
0.157948
0.160967
0.150591
0.149404
0.148481
0.147283
0.146311
0.145532
0.145032
0.14284
0.143339
0.143136
0.144318
0.146739
0.147013
0.147841
0.148646
0.150074
0.152071
0.153479
0.153614
0.153845
0.149125
0.152975
0.152134
0.153227
0.151597
0.149875
0.163017
0.162499
0.158928
0.15758
0.155571
0.154057
0.152905
0.152311
0.152301
0.152971
0.154081
0.155297
0.156155
0.156682
0.157117
0.157513
0.157841
0.158058
0.158104
0.158037
0.157949
0.158129
0.158727
0.157675
0.157324
0.159014
0.15978
0.158588
0.159184
0.159707
0.160437
0.160108
0.15123
0.149744
0.147941
0.146398
0.14503
0.143233
0.141103
0.14186
0.143761
0.144687
0.1465
0.144055
0.14237
0.144332
0.145294
0.145649
0.145488
0.146011
0.147483
0.150852
0.152728
0.153145
0.151004
0.152466
0.156205
0.156002
0.155012
0.153397
0.152102
0.150766
0.162973
0.15785
0.156655
0.154872
0.153605
0.15249
0.151784
0.151852
0.152522
0.153363
0.154534
0.155396
0.155894
0.156305
0.156607
0.156786
0.156892
0.157012
0.157135
0.157378
0.158472
0.157939
0.157813
0.158002
0.158132
0.158708
0.15884
0.161128
0.149575
0.147975
0.146574
0.144623
0.141299
0.146448
0.159328
0.200427
0.217119
0.217009
0.213059
0.211045
0.20996
0.211021
0.214423
0.218864
0.198546
0.141591
0.15439
0.150855
0.150169
0.152657
0.155553
0.14684
0.153134
0.151046
0.152968
0.151282
0.156381
0.155129
0.153469
0.152014
0.151472
0.161905
0.157477
0.155272
0.15353
0.152182
0.1512
0.150995
0.151445
0.151914
0.152691
0.153727
0.154208
0.154606
0.15495
0.155426
0.156165
0.156592
0.1568
0.157059
0.158439
0.158967
0.157543
0.15868
0.162959
0.158017
0.14566
0.144442
0.14135
0.145976
0.179975
0.217356
0.211792
0.208377
0.207797
0.208696
0.21078
0.21391
0.218064
0.220982
0.222802
0.222051
0.219614
0.214591
0.212993
0.146062
0.159164
0.156073
0.153887
0.15119
0.147539
0.145835
0.152723
0.147311
0.146213
0.151327
0.149763
0.151873
0.157177
0.153334
0.164515
0.163231
0.160361
0.156566
0.154584
0.152792
0.151574
0.151101
0.151032
0.151264
0.151457
0.152636
0.153235
0.153761
0.154248
0.154909
0.154842
0.16377
0.162524
0.158076
0.143651
0.143977
0.143398
0.143828
0.142549
0.146665
0.192682
0.216373
0.209607
0.20791
0.209476
0.213733
0.219493
0.223756
0.201599
0.191676
0.185973
0.184749
0.185094
0.187036
0.188837
0.190458
0.194106
0.210179
0.226068
0.21577
0.162376
0.163863
0.162269
0.160976
0.159122
0.156695
0.150156
0.159036
0.154712
0.150204
0.146734
0.147888
0.152183
0.153621
0.155115
0.156798
0.157768
0.158124
0.157775
0.157332
0.156982
0.156795
0.156638
0.156482
0.156107
0.155906
0.155599
0.154893
0.153708
0.139821
0.141145
0.141422
0.141584
0.14177
0.165026
0.142481
0.202229
0.20158
0.212169
0.210057
0.210905
0.214884
0.222053
0.191232
0.179317
0.178015
0.179453
0.181946
0.184869
0.187625
0.190445
0.193005
0.195255
0.197147
0.198549
0.199326
0.201291
0.206014
0.222422
0.235927
0.2266
0.197592
0.164095
0.164938
0.164872
0.163761
0.159621
0.162366
0.160269
0.15815
0.15518
0.151683
0.149585
0.148573
0.148525
0.14896
0.149556
0.150098
0.150341
0.150542
0.150659
0.150907
0.151352
0.152081
0.152829
0.151788
0.141253
0.14483
0.144724
0.145962
0.177279
0.212254
0.218615
0.214712
0.210652
0.21161
0.211132
0.211237
0.219419
0.224515
0.190114
0.183595
0.183294
0.185683
0.188991
0.191743
0.193902
0.19602
0.199432
0.205298
0.214122
0.227313
0.239021
0.244636
0.243208
0.233706
0.230777
0.238054
0.248836
0.244386
0.238511
0.231608
0.213696
0.188463
0.161393
0.163627
0.1615
0.160404
0.159986
0.158734
0.157378
0.155513
0.154141
0.152944
0.152037
0.15164
0.151598
0.151834
0.152323
0.152797
0.153116
0.15343
0.153938
0.154907
0.156418
0.155658
0.146211
0.154753
0.186903
0.209468
0.215485
0.213895
0.213318
0.216052
0.22473
0.219737
0.22928
0.227502
0.209215
0.194743
0.195589
0.197149
0.199245
0.201203
0.203519
0.206901
0.215195
0.237845
0.247714
0.246797
0.251074
0.167782
0.167483
0.167672
0.168276
0.169067
0.169669
0.169747
0.169216
0.168564
0.167413
0.165757
0.164633
0.163863
0.163656
0.161587
0.157122
0.159071
0.157313
0.155859
0.157439
0.15614
0.156045
0.155557
0.155316
0.15569
0.156317
0.156954
0.157586
0.158135
0.158585
0.159012
0.159384
0.159845
0.160352
0.160528
0.16049
0.160389
0.159548
0.150428
0.181951
0.203329
0.21599
0.22073
0.231491
0.231228
0.238121
0.228942
0.241261
0.212142
0.211885
0.214172
0.218686
0.229534
0.251324
0.242622
0.166908
0.165864
0.164441
0.16306
0.16235
0.16226
0.162472
0.163076
0.163849
0.164638
0.165316
0.165379
0.164989
0.164515
0.163671
0.162427
0.161522
0.160894
0.160554
0.160712
0.159283
0.156318
0.15613
0.155342
0.154401
0.153622
0.15339
0.152922
0.151604
0.148222
0.14746
0.137978
0.155643
0.157552
0.158789
0.159742
0.160398
0.160885
0.161492
0.162142
0.162835
0.163511
0.164376
0.165076
0.16503
0.164296
0.163518
0.164136
0.163821
0.20826
0.21484
0.162705
0.165027
0.249885
0.249428
0.2454
0.16749
0.165891
0.160989
0.157635
0.157163
0.156366
0.156762
0.159754
0.160672
0.160571
0.160109
0.160203
0.160737
0.161135
0.161417
0.161404
0.161214
0.160808
0.160116
0.159086
0.158296
0.157684
0.157395
0.157176
0.15596
0.153468
0.153422
0.15266
0.152161
0.151798
0.151897
0.151911
0.152111
0.152573
0.153282
0.154205
0.155003
0.155617
0.155525
0.148437
0.150952
0.153165
0.155739
0.160488
0.161723
0.162705
0.163336
0.163942
0.164225
0.16456
0.165125
0.166079
0.160179
0.157343
0.156752
0.159998
0.159406
0.163751
0.164581
0.161348
0.15754
0.157904
0.157345
0.156551
0.155473
0.154085
0.157655
0.158973
0.158874
0.158377
0.15772
0.157303
0.157774
0.158101
0.158288
0.158248
0.158095
0.157732
0.15714
0.156251
0.155495
0.15485
0.154453
0.154176
0.153176
0.151238
0.151263
0.150503
0.150101
0.149825
0.149945
0.150018
0.150216
0.150733
0.151588
0.152644
0.153633
0.154501
0.155339
0.155993
0.156349
0.156335
0.151834
0.151878
0.153879
0.155669
0.157039
0.158321
0.15904
0.159364
0.159545
0.160245
0.160015
0.1572
0.157633
0.157137
0.157948
0.155158
0.160235
0.157849
0.156488
0.155787
0.154218
0.148549
0.153461
0.151438
0.150917
0.154084
0.156149
0.15616
0.155717
0.154813
0.155036
0.155647
0.155815
0.155785
0.155648
0.155295
0.154757
0.153954
0.153192
0.152519
0.152104
0.151857
0.150994
0.149375
0.149432
0.148668
0.148339
0.148134
0.148275
0.148387
0.148618
0.149151
0.150001
0.151005
0.15195
0.152825
0.153644
0.154328
0.154732
0.154077
0.147494
0.149537
0.151578
0.153434
0.155124
0.156567
0.157274
0.15736
0.157082
0.157908
0.158008
0.155071
0.154261
0.153979
0.156034
0.15546
0.158939
0.158295
0.154822
0.15367
0.152984
0.152056
0.151025
0.149673
0.148748
0.147967
0.14717
0.146626
0.153039
0.153221
0.152347
0.153222
0.15382
0.153857
0.153719
0.153353
0.152837
0.152083
0.151311
0.150599
0.150187
0.149944
0.149171
0.147812
0.147868
0.147109
0.146833
0.146677
0.146834
0.146968
0.147231
0.147824
0.148703
0.149676
0.150589
0.151433
0.1522
0.152826
0.153353
0.15366
0.150245
0.148236
0.149125
0.150464
0.15267
0.154688
0.155271
0.154765
0.154198
0.155505
0.156085
0.152934
0.157748
0.158344
0.151485
0.153304
0.150529
0.152579
0.152454
0.151339
0.150872
0.150536
0.14969
0.149007
0.148778
0.148324
0.147836
0.147336
0.146216
0.144624
0.15138
0.151134
0.151651
0.152114
0.152119
0.151833
0.151322
0.150532
0.14974
0.14902
0.148614
0.148357
0.147641
0.146548
0.146579
0.145853
0.145627
0.145516
0.145674
0.145824
0.146128
0.146773
0.147674
0.148618
0.149488
0.15027
0.15096
0.151505
0.151966
0.152495
0.152468
0.146063
0.147117
0.148482
0.14987
0.152022
0.152358
0.151363
0.151518
0.153501
0.154548
0.151406
0.154654
0.157195
0.15607
0.151395
0.151309
0.150477
0.150111
0.150078
0.150465
0.150547
0.150082
0.149661
0.149501
0.149227
0.148994
0.148615
0.147755
0.146452
0.144743
0.150022
0.150319
0.15023
0.15062
0.150563
0.150042
0.149294
0.148455
0.147697
0.147321
0.147058
0.146402
0.145553
0.145542
0.144893
0.144728
0.144663
0.144821
0.144982
0.145314
0.145998
0.146902
0.147801
0.148614
0.149323
0.149933
0.150407
0.150806
0.151275
0.151868
0.151658
0.14706
0.146721
0.147187
0.147858
0.148676
0.148825
0.149915
0.151996
0.153445
0.15055
0.150264
0.155589
0.155657
0.149908
0.148972
0.1491
0.149571
0.150015
0.150638
0.150898
0.150659
0.150408
0.150318
0.150189
0.15015
0.149964
0.149369
0.14842
0.147344
0.145137
0.144021
0.139429
0.14893
0.149458
0.148975
0.148236
0.147295
0.146592
0.146261
0.146012
0.145421
0.144761
0.14471
0.14418
0.144086
0.144064
0.144216
0.144394
0.144756
0.14546
0.146347
0.147192
0.147934
0.148569
0.149102
0.149516
0.14987
0.150281
0.150828
0.15145
0.151366
0.147386
0.144662
0.148542
0.147178
0.14731
0.1481
0.150582
0.15231
0.149783
0.147948
0.155012
0.155785
0.148312
0.147426
0.148658
0.149451
0.150102
0.150784
0.151158
0.151186
0.151174
0.151253
0.151252
0.151311
0.15122
0.150803
0.150128
0.149562
0.148477
0.146512
0.145255
0.143901
0.148113
0.14789
0.147095
0.146383
0.145664
0.14536
0.145141
0.144632
0.144097
0.144015
0.143632
0.143621
0.143642
0.14379
0.143992
0.144413
0.145135
0.145958
0.146724
0.14739
0.147954
0.148419
0.148782
0.149104
0.149479
0.149962
0.150518
0.151097
0.151544
0.15151
0.14626
0.14645
0.146277
0.146746
0.14892
0.151109
0.148961
0.14657
0.154399
0.155002
0.147473
0.146746
0.148785
0.149972
0.15076
0.151392
0.151899
0.152188
0.152311
0.152384
0.152394
0.152437
0.152402
0.15211
0.151764
0.151489
0.15191
0.150971
0.148493
0.146312
0.144648
0.147236
0.146199
0.145373
0.144717
0.144558
0.14436
0.143959
0.143521
0.143394
0.143146
0.143256
0.143334
0.14351
0.143933
0.14479
0.145467
0.14588
0.146367
0.146913
0.147412
0.147828
0.148151
0.148446
0.148796
0.149237
0.149722
0.150222
0.150758
0.151352
0.151465
0.147121
0.145549
0.145841
0.146566
0.149872
0.149355
0.145635
0.15368
0.15408
0.145144
0.146614
0.148795
0.150132
0.151149
0.151739
0.152277
0.152732
0.152887
0.152911
0.152915
0.152928
0.152867
0.152603
0.152213
0.151813
0.151762
0.1517
0.151301
0.150089
0.146967
0.145451
0.145729
0.144594
0.143944
0.143803
0.143675
0.143373
0.14285
0.143032
0.14283
0.142945
0.143206
0.143969
0.145528
0.146616
0.147032
0.146679
0.146254
0.146481
0.146893
0.147269
0.147575
0.147857
0.148188
0.148596
0.149024
0.149451
0.149908
0.15046
0.150996
0.150935
0.146876
0.145464
0.145359
0.1486
0.150914
0.146621
0.152299
0.152693
0.144004
0.146687
0.149089
0.150402
0.151331
0.152087
0.152539
0.152924
0.153185
0.153265
0.153311
0.153361
0.153357
0.153152
0.152773
0.152122
0.150438
0.149717
0.150687
0.150539
0.148525
0.147072
0.145053
0.14389
0.142946
0.142891
0.142846
0.142626
0.142585
0.142795
0.142739
0.143094
0.144663
0.145883
0.146689
0.147265
0.147573
0.147416
0.146376
0.146039
0.146348
0.146698
0.146996
0.14727
0.147586
0.147959
0.148364
0.148745
0.149141
0.149602
0.15001
0.150361
0.150466
0.149217
0.144888
0.148188
0.149038
0.147843
0.151323
0.151592
0.144195
0.14675
0.148909
0.150334
0.151193
0.151948
0.152494
0.152958
0.153279
0.153483
0.153629
0.153771
0.153854
0.153734
0.153476
0.153076
0.152494
0.151681
0.149393
0.148481
0.149159
0.148584
0.147146
0.143746
0.142604
0.142407
0.142514
0.142342
0.142065
0.142937
0.145827
0.146176
0.14653
0.146984
0.1475
0.14783
0.147835
0.147638
0.147018
0.145636
0.145557
0.145882
0.146181
0.146491
0.146821
0.147183
0.147559
0.14791
0.148261
0.148663
0.148987
0.149219
0.149585
0.149936
0.149404
0.148542
0.147893
0.147175
0.143574
0.150744
0.144805
0.146532
0.148379
0.149793
0.150837
0.151637
0.152348
0.152943
0.15345
0.153769
0.154021
0.154263
0.154438
0.154411
0.15427
0.154065
0.153788
0.153415
0.152807
0.152322
0.151885
0.151357
0.150824
0.146386
0.142653
0.14186
0.142391
0.142099
0.142018
0.142732
0.145946
0.147189
0.147542
0.147949
0.148286
0.148334
0.148003
0.147469
0.146722
0.145126
0.144924
0.145212
0.145512
0.145815
0.146107
0.14644
0.146786
0.147095
0.147383
0.147744
0.148011
0.14815
0.14831
0.148672
0.14887
0.149483
0.148285
0.149388
0.146392
0.149571
0.142677
0.145094
0.146777
0.149077
0.150245
0.151285
0.152209
0.153022
0.153717
0.154163
0.15453
0.154854
0.155093
0.15515
0.155088
0.154984
0.154825
0.154624
0.154284
0.153993
0.153709
0.153473
0.15334
0.153282
0.146322
0.142859
0.142583
0.142893
0.142605
0.143135
0.145923
0.147604
0.148524
0.149037
0.149264
0.149045
0.148329
0.147319
0.14635
0.144523
0.143896
0.144142
0.144453
0.144774
0.145076
0.145421
0.145762
0.146064
0.146345
0.146671
0.14689
0.146988
0.147107
0.14735
0.147648
0.147838
0.148468
0.14756
0.145166
0.148576
0.148433
0.147707
0.145458
0.147392
0.149351
0.151026
0.152126
0.153232
0.154128
0.154716
0.155185
0.155546
0.155798
0.155905
0.155885
0.155823
0.155714
0.155601
0.155366
0.15515
0.15495
0.154835
0.154947
0.155327
0.156587
0.146919
0.145014
0.143925
0.14361
0.144367
0.146811
0.148636
0.149701
0.150216
0.150366
0.150018
0.149095
0.14768
0.146293
0.144412
0.142982
0.143048
0.143306
0.143579
0.143856
0.144186
0.144512
0.144815
0.145092
0.145388
0.145571
0.145652
0.145741
0.145938
0.146205
0.14637
0.146545
0.147385
0.147069
0.147075
0.147051
0.146878
0.147139
0.141656
0.149939
0.149072
0.152217
0.153672
0.154784
0.155492
0.155992
0.156312
0.156516
0.15661
0.156594
0.156541
0.156456
0.156398
0.156245
0.156098
0.155955
0.155819
0.155908
0.15625
0.157091
0.159778
0.159742
0.154882
0.14458
0.145586
0.148124
0.149779
0.15076
0.151197
0.151278
0.150887
0.14999
0.148494
0.146785
0.144983
0.142645
0.142253
0.142322
0.142441
0.142627
0.142889
0.143165
0.143438
0.143704
0.143982
0.144139
0.144211
0.144278
0.14441
0.144614
0.144738
0.144872
0.145605
0.145699
0.145331
0.145228
0.144998
0.145249
0.145893
0.146086
0.151236
0.151177
0.154364
0.155828
0.156552
0.156932
0.157083
0.157148
0.157153
0.157102
0.157037
0.156975
0.156972
0.156898
0.156833
0.156751
0.156611
0.156551
0.156675
0.156857
0.15911
0.161101
0.161236
0.148226
0.14753
0.149319
0.15078
0.151564
0.151885
0.151859
0.15138
0.150579
0.14932
0.147626
0.1459
0.143351
0.14213
0.141904
0.141764
0.141724
0.141797
0.141937
0.142112
0.142313
0.142546
0.142678
0.14275
0.142787
0.142847
0.14301
0.143085
0.143134
0.14366
0.143794
0.143603
0.143458
0.14323
0.143356
0.143844
0.144502
0.14597
0.152012
0.156391
0.157397
0.157855
0.157925
0.157752
0.157604
0.157488
0.157396
0.157325
0.157305
0.157353
0.157368
0.157392
0.157367
0.157244
0.157052
0.156801
0.156248
0.157717
0.160482
0.160622
0.163796
0.148676
0.150502
0.151358
0.15186
0.152087
0.152038
0.151437
0.150601
0.149674
0.148299
0.146682
0.144792
0.142593
0.142179
0.14189
0.141618
0.141419
0.141312
0.14129
0.141321
0.141406
0.141461
0.141496
0.141457
0.141449
0.14154
0.141589
0.141505
0.141943
0.142197
0.142073
0.141913
0.141752
0.141833
0.142252
0.14291
0.144195
0.146955
0.158641
0.158581
0.159348
0.158842
0.158277
0.157942
0.157759
0.157653
0.157572
0.157547
0.157574
0.157562
0.15751
0.157368
0.157019
0.156495
0.155655
0.154504
0.154835
0.158107
0.160022
0.16081
0.148856
0.150865
0.151384
0.151474
0.151547
0.151581
0.15111
0.150086
0.149334
0.148409
0.147017
0.145656
0.143336
0.142567
0.142467
0.142233
0.14193
0.141655
0.141452
0.141272
0.141127
0.141019
0.140907
0.14072
0.140602
0.140578
0.140502
0.140315
0.140651
0.141123
0.141029
0.140881
0.140908
0.141036
0.141509
0.142298
0.143539
0.14579
0.151662
0.160002
0.159184
0.159185
0.158724
0.158266
0.158012
0.157838
0.157666
0.157459
0.157284
0.156973
0.156457
0.155858
0.155062
0.154313
0.153435
0.15255
0.152251
0.155094
0.15792
0.158765
0.149809
0.150816
0.150743
0.150903
0.150854
0.150784
0.150408
0.149087
0.148255
0.147851
0.146926
0.145719
0.144052
0.142514
0.142713
0.1428
0.142705
0.142543
0.142361
0.142144
0.141913
0.141647
0.141351
0.140998
0.140728
0.140547
0.140337
0.140028
0.140185
0.140919
0.140832
0.140712
0.14099
0.141203
0.141746
0.142615
0.143746
0.145463
0.149127
0.163652
0.159611
0.158878
0.15888
0.158276
0.157822
0.157441
0.157086
0.156609
0.156178
0.155577
0.154704
0.153811
0.152986
0.152463
0.152035
0.151672
0.151422
0.153699
0.156778
0.158059
0.155599
0.151463
0.15195
0.15244
0.152427
0.151756
0.150755
0.148521
0.146933
0.146769
0.146515
0.145603
0.144285
0.142255
0.14244
0.142855
0.143085
0.143183
0.143209
0.143152
0.142989
0.14273
0.142411
0.142021
0.141693
0.14143
0.141171
0.140776
0.140696
0.141525
0.141429
0.141302
0.141694
0.141925
0.142432
0.143218
0.144199
0.145578
0.148287
0.158741
0.160522
0.158254
0.158114
0.157437
0.156779
0.156207
0.155722
0.155135
0.154607
0.154003
0.153199
0.152349
0.151713
0.151532
0.151531
0.151547
0.151483
0.153326
0.156466
0.157842
0.156353
0.152361
0.153641
0.154327
0.154285
0.153437
0.151877
0.148746
0.146944
0.146441
0.146149
0.145693
0.144508
0.142377
0.142396
0.142893
0.14326
0.143533
0.14374
0.143845
0.143786
0.143594
0.143338
0.143006
0.142722
0.142573
0.142384
0.141858
0.141596
0.14231
0.142194
0.142005
0.142351
0.142529
0.142967
0.14366
0.144582
0.145868
0.148283
0.152915
0.162236
0.15642
0.15628
0.155905
0.155342
0.154777
0.154315
0.153772
0.15334
0.152671
0.152053
0.151504
0.151059
0.151178
0.151503
0.151716
0.151802
0.153385
0.156432
0.157862
0.156825
0.153183
0.154406
0.155076
0.155338
0.154696
0.152966
0.149919
0.148533
0.147545
0.146797
0.146235
0.144674
0.142956
0.143441
0.143924
0.144028
0.144301
0.144576
0.144593
0.144465
0.144223
0.144038
0.1438
0.143508
0.143499
0.143444
0.14272
0.142283
0.142853
0.142712
0.142449
0.142734
0.142871
0.143281
0.143966
0.144925
0.146232
0.148532
0.152551
0.163456
0.154531
0.153827
0.15394
0.153699
0.15325
0.152914
0.152508
0.152254
0.151762
0.151254
0.150817
0.150531
0.150913
0.151504
0.151866
0.152089
0.15372
0.15651
0.157999
0.157186
0.148316
0.15556
0.155627
0.156115
0.155672
0.154182
0.151669
0.14996
0.149293
0.148398
0.146999
0.144788
0.144578
0.145141
0.145999
0.145908
0.14607
0.146155
0.145789
0.145331
0.144776
0.144789
0.144804
0.1443
0.144369
0.144439
0.143405
0.142727
0.143161
0.142977
0.142687
0.142982
0.143126
0.143573
0.14429
0.145226
0.146511
0.148561
0.151658
0.156511
0.154097
0.152709
0.151443
0.151872
0.15176
0.151684
0.151401
0.151325
0.150893
0.150578
0.150312
0.150069
0.150657
0.151444
0.151928
0.152307
0.15405
0.156685
0.158183
0.158177
0.159376
0.155801
0.156445
0.156671
0.155967
0.155428
0.153279
0.149671
0.150837
0.15513
0.151111
0.150543
0.148948
0.148005
0.148721
0.149364
0.149201
0.148741
0.14718
0.146375
0.145633
0.145841
0.145783
0.145218
0.145136
0.145071
0.143884
0.143085
0.143288
0.14301
0.142838
0.143283
0.1435
0.143844
0.144823
0.145799
0.147198
0.148719
0.151072
0.14246
0.154447
0.148715
0.162017
0.162235
0.162517
0.162729
0.148064
0.149008
0.148616
0.148866
0.149025
0.148965
0.149983
0.15098
0.151807
0.152395
0.154286
0.156805
0.158467
0.158821
0.160132
0.16213
0.162446
0.161837
0.161875
0.159966
0.158754
0.158631
0.157223
0.156125
0.15559
0.155349
0.155399
0.158914
0.155285
0.149107
0.149384
0.148437
0.146795
0.143924
0.148957
0.147433
0.146773
0.145913
0.145365
0.145214
0.144401
0.143608
0.143871
0.14328
0.143189
0.14352
0.143898
0.143548
0.14299
0.142527
0.142211
0.142064
0.141904
0.151398
0.141709
0.154371
0.156061
0.160975
0.161467
0.148369
0.161999
0.148122
0.147087
0.147499
0.147644
0.162539
0.162883
0.146451
0.150502
0.151913
0.154363
0.156579
0.15774
0.159262
0.159719
0.161123
0.162497
0.162248
0.158043
0.160769
0.160488
0.16018
0.159486
0.158856
0.158338
0.157961
0.157801
0.157642
0.154168
0.145944
0.146201
0.14536
0.14454
0.143932
0.143575
0.143032
0.142976
0.143395
0.143614
0.143111
0.144113
0.144827
0.145292
0.145204
0.145545
0.145687
0.145913
0.145612
0.145336
0.145042
0.14477
0.144549
0.144088
0.143725
0.143407
0.14263
0.141937
0.141274
0.158404
0.158561
0.161095
0.162347
0.162834
0.147526
0.14862
0.148909
0.149446
0.150182
0.151353
0.153295
0.155387
0.156771
0.16203
0.161302
0.160539
0.160106
0.159639
0.158904
0.157904
0.157632
0.157501
0.157195
0.156674
0.144196
0.144515
0.14492
0.145027
0.145167
0.1454
0.145354
0.145413
0.145506
0.14562
0.145572
0.145417
0.145309
0.145064
0.144968
0.144797
0.144717
0.14482
0.145074
0.144662
0.145107
0.145021
0.145085
0.145087
0.145177
0.1451
0.145009
0.14495
0.144923
0.14496
0.145047
0.144963
0.144223
0.142173
0.150873
0.154494
0.155454
0.156791
0.157479
0.157817
0.158
0.158013
0.157881
0.157562
0.157369
0.158837
0.160898
0.1625
0.161753
0.155924
0.155119
0.154648
0.154579
0.154667
0.154761
0.15425
0.15357
0.153185
0.152504
0.142135
0.145255
0.145839
0.145764
0.145771
0.146156
0.147554
0.154672
0.174262
0.196089
0.208442
0.21272
0.215701
0.217712
0.218799
0.218848
0.218692
0.218733
0.218194
0.218187
0.217416
0.21854
0.218247
0.218403
0.218579
0.218795
0.218798
0.218575
0.2178
0.215934
0.211754
0.200793
0.172196
0.147145
0.137373
0.15696
0.156487
0.15584
0.155928
0.156195
0.155985
0.155177
0.154499
0.15431
0.154486
0.155038
0.155692
0.155553
0.155668
0.156259
0.146841
0.146496
0.146364
0.146387
0.146507
0.146731
0.147214
0.14818
0.149727
0.15173
0.154356
0.153759
0.147804
0.149707
0.153858
0.16194
0.175851
0.188047
0.200267
0.212032
0.216041
0.217096
0.21732
0.216862
0.216238
0.216085
0.215967
0.215952
0.216432
0.216485
0.217051
0.21602
0.215949
0.215581
0.215472
0.215862
0.216825
0.217946
0.218393
0.217239
0.212812
0.201187
0.173808
0.146831
0.155819
0.158458
0.157958
0.157121
0.15699
0.157277
0.157104
0.155982
0.155134
0.154616
0.154087
0.153217
0.15201
0.150706
0.149318
0.147929
0.150981
0.151464
0.152264
0.15255
0.152624
0.152569
0.152673
0.152846
0.153434
0.154281
0.155319
0.15675
0.157812
0.155699
0.151526
0.154739
0.163414
0.169625
0.18265
0.198847
0.208819
0.214459
0.218214
0.220163
0.221383
0.222358
0.22264
0.223291
0.225561
0.226345
0.226014
0.224069
0.224012
0.222792
0.22182
0.221133
0.221249
0.221207
0.219397
0.214345
0.203049
0.176601
0.148228
0.155771
0.157859
0.157948
0.157057
0.15656
0.156585
0.156686
0.15635
0.155769
0.15544
0.155223
0.15498
0.15452
0.153838
0.153085
0.151976
0.150951
0.153832
0.154591
0.155223
0.15521
0.154947
0.154589
0.154388
0.154222
0.154388
0.15486
0.15549
0.156278
0.156789
0.156035
0.154107
0.152776
0.157734
0.169581
0.171234
0.17224
0.185068
0.204757
0.21519
0.221083
0.224716
0.228245
0.228706
0.231445
0.232482
0.23246
0.231775
0.232771
0.231942
0.231372
0.231377
0.231606
0.232704
0.156479
0.157635
0.155746
0.154241
0.153402
0.146534
0.151553
0.153589
0.154497
0.15503
0.155866
0.155559
0.155584
0.156059
0.156078
0.15672
0.155058
0.154519
0.154122
0.153794
0.153515
0.153116
0.153053
0.154871
0.15575
0.156178
0.15559
0.153761
0.152804
0.152252
0.151577
0.150858
0.150394
0.150548
0.150349
0.147433
0.155555
0.156128
0.156629
0.157098
0.15742
0.158095
0.158167
0.158481
0.159526
0.160571
0.161513
0.162366
0.16314
0.163204
0.163334
0.164825
0.165534
0.165137
0.163853
0.1637
0.16264
0.161562
0.160244
0.158783
0.157093
0.155289
0.153772
0.152052
0.151105
0.146647
0.152526
0.155474
0.155544
0.155729
0.155447
0.15531
0.155211
0.155103
0.155027
0.157309
0.154517
0.153851
0.15311
0.152657
0.152694
0.153032
0.153835
0.151019
0.150101
0.151001
0.151457
0.151425
0.151207
0.150988
0.150754
0.150593
0.150578
0.150524
0.150351
0.150166
0.14911
0.143636
0.153671
0.15504
0.15548
0.156048
0.156333
0.157084
0.157822
0.158381
0.159112
0.159901
0.160687
0.160855
0.160973
0.162097
0.16257
0.162223
0.161142
0.16103
0.160094
0.159108
0.157905
0.156495
0.154904
0.153139
0.15169
0.150239
0.139901
0.151784
0.153074
0.155851
0.155923
0.155995
0.155645
0.155233
0.154882
0.1547
0.154689
0.155157
0.154364
0.15412
0.153466
0.153375
0.153292
0.152701
0.151979
0.149796
0.150783
0.15144
0.151571
0.151466
0.151334
0.151102
0.150838
0.150574
0.150288
0.149977
0.14958
0.149102
0.148778
0.148741
0.148592
0.144123
0.152512
0.15404
0.154789
0.155602
0.156216
0.156585
0.156924
0.157434
0.158052
0.15826
0.1584
0.159059
0.159582
0.159216
0.15837
0.158496
0.157737
0.156912
0.155819
0.154473
0.152989
0.151459
0.150324
0.149983
0.146647
0.151015
0.15386
0.156485
0.156362
0.156212
0.155676
0.155044
0.154522
0.15428
0.154268
0.154162
0.155302
0.154225
0.15353
0.153568
0.153317
0.152376
0.151293
0.150626
0.151279
0.151611
0.151608
0.151434
0.151257
0.151031
0.150866
0.150654
0.150406
0.1501
0.149669
0.148996
0.148497
0.148478
0.148887
0.148336
0.142591
0.152419
0.153494
0.153919
0.154282
0.154899
0.155403
0.155881
0.156207
0.156391
0.156573
0.156748
0.156886
0.156884
0.156053
0.15639
0.155785
0.155106
0.153981
0.152484
0.15102
0.149896
0.149751
0.14276
0.149645
0.15705
0.156098
0.156508
0.156688
0.156362
0.155598
0.154814
0.154118
0.153955
0.154054
0.153732
0.153347
0.15126
0.1507
0.149992
0.154413
0.150907
0.149852
0.15102
0.151472
0.15181
0.151887
0.151824
0.151457
0.150863
0.150929
0.150755
0.150537
0.15026
0.149853
0.149094
0.14839
0.148661
0.149701
0.149257
0.147105
0.142388
0.152142
0.152659
0.152821
0.15297
0.153482
0.153852
0.154235
0.154666
0.154899
0.154964
0.154676
0.15477
0.154267
0.154653
0.154214
0.153641
0.152439
0.150881
0.14973
0.149833
0.148862
0.148331
0.137708
0.151546
0.154284
0.155772
0.156687
0.156452
0.155245
0.154555
0.154498
0.154293
0.153255
0.152073
0.151478
0.150868
0.150237
0.150157
0.150557
0.150725
0.150788
0.15096
0.151435
0.15124
0.151764
0.151395
0.15089
0.150707
0.150854
0.150946
0.150702
0.150446
0.150063
0.149186
0.148582
0.149141
0.14987
0.149281
0.14813
0.143903
0.150257
0.151493
0.151602
0.151741
0.152075
0.152352
0.152478
0.15288
0.153336
0.153402
0.153217
0.153071
0.152771
0.153766
0.153584
0.153206
0.151913
0.149956
0.150343
0.149054
0.150256
0.138044
0.137256
0.151079
0.153246
0.154688
0.155945
0.155348
0.154727
0.155128
0.155978
0.153013
0.152435
0.15192
0.151503
0.151078
0.150715
0.150991
0.151805
0.151632
0.151528
0.152044
0.152062
0.152071
0.152184
0.151974
0.151708
0.151301
0.150933
0.151123
0.150878
0.150441
0.15009
0.149132
0.149372
0.150541
0.150413
0.149774
0.148626
0.146389
0.145096
0.150301
0.150514
0.150496
0.15079
0.151149
0.151349
0.151526
0.151766
0.151946
0.152016
0.152196
0.152089
0.153534
0.154283
0.153884
0.151085
0.151145
0.151362
0.151184
0.152107
0.138125
0.15121
0.1525
0.15362
0.15442
0.155441
0.15499
0.15511
0.155744
0.153849
0.153073
0.152514
0.152036
0.151766
0.151557
0.151403
0.151915
0.152651
0.151896
0.151996
0.152471
0.152345
0.152114
0.152137
0.152168
0.151877
0.150933
0.151319
0.15136
0.151024
0.150647
0.150026
0.149061
0.150413
0.150913
0.150738
0.150153
0.14907
0.147218
0.142334
0.149423
0.14934
0.149221
0.149379
0.150043
0.150237
0.150804
0.15221
0.152301
0.150851
0.151166
0.151706
0.140045
0.152774
0.153616
0.152987
0.154157
0.153157
0.141613
0.139052
0.151569
0.153222
0.154075
0.154628
0.154499
0.154733
0.154403
0.154788
0.1549
0.15408
0.15333
0.152857
0.152495
0.152347
0.152273
0.152277
0.152531
0.154102
0.152574
0.152478
0.152575
0.151516
0.151719
0.151861
0.152074
0.151999
0.151654
0.150923
0.151199
0.150845
0.150432
0.14974
0.148843
0.150476
0.150804
0.150589
0.150032
0.14919
0.145993
0.147839
0.148258
0.14802
0.147976
0.148767
0.149984
0.150715
0.146375
0.152357
0.151474
0.151626
0.152318
0.152356
0.154631
0.157317
0.154096
0.153917
0.154101
0.154373
0.154145
0.156536
0.155801
0.156132
0.155898
0.155172
0.154183
0.154295
0.153919
0.154103
0.154855
0.15453
0.153809
0.153307
0.153036
0.153093
0.153247
0.153178
0.153408
0.153646
0.15298
0.15285
0.152896
0.152796
0.152746
0.152706
0.152902
0.152305
0.152016
0.150704
0.151904
0.151621
0.151051
0.149787
0.150458
0.151386
0.151484
0.151244
0.150779
0.15063
0.155127
0.151423
0.147694
0.146781
0.147715
0.1497
0.149978
0.151132
0.15215
0.15136
0.151883
0.152461
0.153491
0.154985
0.14097
0.159013
0.158474
0.154163
0.153821
0.1548
0.155698
0.155977
0.155661
0.15551
0.155208
0.153917
0.152337
0.153135
0.153708
0.154444
0.154389
0.154624
0.15442
0.15398
0.153735
0.15357
0.153587
0.153765
0.153092
0.152889
0.153854
0.153374
0.15296
0.152752
0.152793
0.152323
0.15107
0.150883
0.151241
0.15065
0.146395
0.149895
0.149732
0.149136
0.148553
0.14773
0.143941
0.147012
0.147423
0.14749
0.147119
0.152761
0.150727
0.146698
0.147519
0.149742
0.150508
0.152135
0.151829
0.152671
0.153254
0.153854
0.154682
0.158203
0.144276
0.141747
0.141539
0.15593
0.156479
0.156493
0.156363
0.156223
0.15567
0.1559
0.15885
0.159002
0.157575
0.157004
0.157182
0.155971
0.154565
0.154961
0.155148
0.155167
0.154859
0.154402
0.154269
0.152871
0.153659
0.153692
0.153512
0.152634
0.155446
0.151928
0.151981
0.151744
0.151255
0.150995
0.151601
0.15111
0.150878
0.150186
0.149817
0.149256
0.148651
0.147856
0.144618
0.146497
0.146693
0.146418
0.146385
0.146341
0.142554
0.143108
0.144479
0.145449
0.147341
0.153008
0.155446
0.15272
0.157019
0.158065
0.158603
0.154768
0.143991
0.141505
0.156175
0.156489
0.156931
0.15686
0.156669
0.156517
0.158209
0.158556
0.159156
0.159704
0.158966
0.158578
0.158473
0.156741
0.155406
0.155664
0.15566
0.15555
0.154891
0.154358
0.154605
0.152447
0.15364
0.153968
0.154121
0.153689
0.153165
0.152084
0.152396
0.152787
0.15325
0.152704
0.152275
0.149005
0.150223
0.148823
0.146321
0.145699
0.145827
0.145862
0.14599
0.145994
0.145818
0.14548
0.14522
0.145318
0.145368
0.145517
0.146355
0.148849
0.149709
0.155799
0.156053
0.156263
0.156572
0.155261
0.155999
0.15786
0.158097
0.156856
0.157831
0.157525
0.157905
0.157841
0.157684
0.157507
0.157024
0.156625
0.156144
0.155811
0.162339
0.163778
0.162684
0.158817
0.156549
0.156354
0.156437
0.155888
0.154452
0.153935
0.152051
0.152378
0.153953
0.15436
0.154018
0.153903
0.153428
0.152331
0.152815
0.153514
0.15408
0.153841
0.153514
0.15293
0.152026
0.150895
0.146072
0.145701
0.145424
0.145363
0.145255
0.145082
0.144881
0.144597
0.144356
0.144189
0.144201
0.144537
0.145819
0.14926
0.151143
0.154029
0.156877
0.157692
0.158439
0.158802
0.15925
0.159075
0.159046
0.157521
0.157903
0.158634
0.158791
0.15864
0.158465
0.158253
0.157813
0.157406
0.156946
0.156301
0.155586
0.155226
0.15443
0.16144
0.157916
0.157022
0.157069
0.155792
0.153997
0.153714
0.151196
0.152164
0.155377
0.154797
0.154836
0.154171
0.153166
0.152753
0.153306
0.153831
0.154141
0.154032
0.153724
0.153366
0.152978
0.152211
0.15042
0.147284
0.144708
0.144614
0.144356
0.144095
0.143869
0.143706
0.143692
0.143658
0.143626
0.143889
0.145243
0.149525
0.151362
0.157417
0.158273
0.158976
0.159644
0.159842
0.160091
0.160064
0.159961
0.15935
0.159216
0.159507
0.159512
0.159304
0.159066
0.15878
0.158358
0.157902
0.157377
0.156755
0.156174
0.15589
0.155172
0.15333
0.162431
0.157911
0.157611
0.155573
0.154058
0.151633
0.150962
0.152003
0.15574
0.155589
0.154439
0.154587
0.153067
0.153314
0.153618
0.153858
0.154067
0.154049
0.153607
0.153154
0.152894
0.152657
0.151782
0.149422
0.145137
0.143884
0.143503
0.143153
0.142896
0.142921
0.143294
0.143564
0.143791
0.144202
0.14588
0.149999
0.151633
0.158129
0.159719
0.160267
0.160785
0.160727
0.160838
0.160825
0.160679
0.160271
0.160109
0.160175
0.160081
0.159822
0.159512
0.159155
0.158701
0.158186
0.157609
0.156993
0.156501
0.156317
0.154516
0.153774
0.151299
0.159585
0.15813
0.155586
0.154678
0.151188
0.151057
0.153393
0.156566
0.156991
0.154248
0.155758
0.15409
0.154185
0.15418
0.154141
0.154136
0.154161
0.153753
0.153088
0.152653
0.15247
0.152119
0.150736
0.147555
0.143501
0.142862
0.142428
0.142539
0.142373
0.143134
0.144001
0.14464
0.14565
0.148155
0.150988
0.155546
0.160165
0.161007
0.161487
0.161787
0.161688
0.161632
0.1615
0.161272
0.160849
0.160562
0.1605
0.160345
0.160048
0.159706
0.159319
0.158841
0.158315
0.157751
0.157186
0.156759
0.156477
0.153774
0.152473
0.151884
0.152699
0.158484
0.156199
0.155318
0.159991
0.15175
0.15871
0.157861
0.154779
0.160892
0.15417
0.155338
0.15513
0.154929
0.154721
0.15459
0.154613
0.154436
0.153791
0.152977
0.152618
0.152312
0.151654
0.149553
0.144909
0.142645
0.142033
0.141818
0.143235
0.143749
0.145465
0.146898
0.149245
0.155492
0.159339
0.158679
0.163664
0.161945
0.162367
0.162542
0.162399
0.162242
0.161926
0.161449
0.160903
0.160516
0.160343
0.160151
0.159901
0.1596
0.159287
0.158873
0.158395
0.157869
0.157339
0.156886
0.156243
0.152533
0.149306
0.151566
0.15455
0.158701
0.157328
0.158264
0.160784
0.153975
0.161286
0.155959
0.156069
0.156229
0.155533
0.156329
0.156016
0.155786
0.155555
0.15539
0.15533
0.155247
0.154965
0.154076
0.153219
0.152738
0.152216
0.151256
0.147936
0.14274
0.142076
0.14168
0.142383
0.144187
0.147892
0.150896
0.150227
0.161025
0.161952
0.164302
0.163429
0.16249
0.1629
0.162943
0.162643
0.162333
0.161932
0.161337
0.160722
0.160313
0.1601
0.159856
0.159559
0.159229
0.158987
0.158716
0.158369
0.157902
0.157363
0.156834
0.15589
0.150912
0.163138
0.149025
0.154538
0.159233
0.158568
0.158733
0.155579
0.150607
0.158089
0.157459
0.157198
0.156979
0.156651
0.156935
0.156673
0.156489
0.156312
0.156187
0.156104
0.155985
0.155895
0.155518
0.154389
0.153361
0.152762
0.152105
0.150445
0.14529
0.142284
0.141894
0.142051
0.146051
0.158771
0.159822
0.159096
0.159019
0.159988
0.162133
0.16276
0.162655
0.163014
0.162908
0.16253
0.162186
0.161806
0.161205
0.160603
0.160193
0.159985
0.159735
0.159388
0.158925
0.15851
0.15819
0.15803
0.157694
0.157127
0.1565
0.155524
0.148333
0.161714
0.162573
0.154421
0.159473
0.154117
0.152098
0.155878
0.152638
0.158014
0.158062
0.157726
0.157361
0.157189
0.157271
0.157081
0.156953
0.156835
0.156763
0.156702
0.156595
0.156493
0.156389
0.155824
0.154166
0.153219
0.152574
0.151661
0.148298
0.142569
0.142239
0.142141
0.144811
0.158238
0.157382
0.15733
0.157875
0.158956
0.160708
0.16185
0.162304
0.162602
0.162498
0.162188
0.161808
0.161446
0.160765
0.159992
0.163705
0.159152
0.159163
0.158955
0.1585
0.157949
0.157355
0.157104
0.157035
0.156554
0.155844
0.154834
0.163803
0.162196
0.159724
0.161397
0.158352
0.153882
0.152367
0.155658
0.153556
0.158372
0.158166
0.157934
0.157635
0.157465
0.157492
0.157339
0.157243
0.157164
0.157129
0.1571
0.157027
0.156936
0.156838
0.15666
0.155436
0.153545
0.152815
0.152063
0.150313
0.143558
0.14253
0.142287
0.143965
0.157646
0.156188
0.156636
0.157407
0.158369
0.159488
0.160096
0.160499
0.160743
0.160715
0.160703
0.162881
0.16254
0.162193
0.162169
0.162394
0.162833
0.163429
0.164208
0.164799
0.156422
0.156096
0.155804
0.155748
0.155602
0.154826
0.153208
0.163245
0.162458
0.15899
0.160398
0.157667
0.153414
0.152502
0.154161
0.153795
0.158781
0.158488
0.158082
0.157873
0.15766
0.157653
0.157509
0.157422
0.157368
0.157351
0.157347
0.157309
0.157251
0.157165
0.157049
0.156415
0.153801
0.15287
0.152112
0.151024
0.145918
0.142693
0.142375
0.144091
0.157077
0.155947
0.156601
0.157462
0.162201
0.162207
0.160637
0.160514
0.160224
0.160645
0.16114
0.161339
0.161561
0.161684
0.161813
0.162052
0.162371
0.162767
0.163247
0.163662
0.1639
0.163822
0.164064
0.153594
0.153295
0.162632
0.161904
0.162869
0.1625
0.158603
0.159749
0.157871
0.153265
0.152566
0.153484
0.15381
0.156297
0.159061
0.158233
0.158073
0.15781
0.157749
0.15759
0.157504
0.157467
0.157456
0.157471
0.157467
0.157451
0.157401
0.157307
0.15677
0.153697
0.152522
0.151609
0.150882
0.146803
0.142702
0.142585
0.145112
0.15622
0.162896
0.161533
0.160359
0.159856
0.159766
0.159028
0.157102
0.153808
0.159439
0.160549
0.160943
0.161254
0.16135
0.161461
0.16166
0.161887
0.162189
0.16256
0.162919
0.163192
0.163261
0.163141
0.163255
0.162939
0.162185
0.161124
0.162188
0.16239
0.15863
0.159047
0.158483
0.153112
0.152616
0.153307
0.15389
0.155047
0.15646
0.158363
0.158224
0.157898
0.157731
0.157525
0.157434
0.157412
0.157402
0.157442
0.157474
0.157522
0.15755
0.157475
0.154713
0.157344
0.155443
0.155048
0.154328
0.152579
0.142321
0.142184
0.145259
0.14123
0.155648
0.158889
0.158742
0.15906
0.157691
0.146456
0.146612
0.148504
0.154434
0.162738
0.160097
0.161096
0.16126
0.161
0.161093
0.161251
0.161463
0.161716
0.162006
0.162264
0.162433
0.162452
0.162323
0.162284
0.16146
0.160824
0.16127
0.161858
0.158464
0.158001
0.159382
0.152679
0.152698
0.153405
0.154187
0.155086
0.155836
0.158489
0.158383
0.157872
0.157968
0.157392
0.157249
0.157273
0.157224
0.157327
0.157469
0.15754
0.157915
0.156628
0.155738
0.154991
0.154697
0.152361
0.149719
0.148987
0.148725
0.148418
0.147328
0.143393
0.142209
0.141517
0.142171
0.143181
0.142234
0.14366
0.145634
0.146532
0.147917
0.151465
0.162502
0.160917
0.160893
0.160623
0.16053
0.160364
0.160527
0.160678
0.160867
0.161046
0.161218
0.161317
0.161198
0.160839
0.160838
0.160361
0.160212
0.161538
0.160331
0.157426
0.15906
0.15194
0.15296
0.153776
0.154761
0.155754
0.156418
0.158476
0.158931
0.158161
0.158934
0.159273
0.159448
0.159379
0.159508
0.159265
0.158863
0.158162
0.157285
0.156409
0.15555
0.155069
0.15365
0.15056
0.148809
0.148248
0.147781
0.147725
0.146976
0.145107
0.14482
0.148604
0.149286
0.164989
0.16554
0.150982
0.170615
0.162369
0.150231
0.148216
0.152328
0.161534
0.161293
0.160663
0.16019
0.159883
0.15974
0.159706
0.159795
0.159856
0.159937
0.160016
0.15989
0.1596
0.159981
0.159779
0.159423
0.161073
0.159008
0.156469
0.158331
0.152003
0.153607
0.154496
0.155587
0.156594
0.157176
0.158145
0.158565
0.158955
0.159011
0.159117
0.159169
0.159137
0.159123
0.158946
0.158598
0.15807
0.15711
0.15628
0.15562
0.154866
0.152621
0.150372
0.149056
0.147727
0.146579
0.146139
0.14623
0.170609
0.206668
0.220486
0.222393
0.222854
0.224054
0.208532
0.221855
0.217052
0.19772
0.168299
0.150147
0.162108
0.162419
0.161293
0.160467
0.159818
0.15941
0.159206
0.159044
0.158957
0.158833
0.158641
0.158573
0.15841
0.158866
0.158659
0.158327
0.160146
0.158821
0.155598
0.157482
0.151132
0.154324
0.155351
0.156551
0.157477
0.158019
0.158501
0.158765
0.158802
0.158866
0.158936
0.158965
0.158933
0.158877
0.158726
0.158495
0.158092
0.157363
0.156544
0.156064
0.153911
0.151535
0.149478
0.147626
0.146003
0.147094
0.162845
0.206005
0.22233
0.218572
0.214199
0.21415
0.214078
0.217513
0.222488
0.221118
0.221936
0.22296
0.218549
0.185131
0.163197
0.163417
0.161995
0.161048
0.160302
0.159813
0.159472
0.159167
0.158963
0.158588
0.157913
0.157287
0.157604
0.157622
0.157125
0.156946
0.158412
0.156615
0.15449
0.154968
0.156214
0.149999
0.154608
0.155751
0.156967
0.157828
0.158415
0.158679
0.158793
0.158508
0.158746
0.158835
0.158831
0.158778
0.158597
0.158333
0.157897
0.157071
0.156225
0.155455
0.15298
0.150236
0.148185
0.146561
0.148909
0.181383
0.211461
0.221977
0.219238
0.214859
0.211875
0.21112
0.212482
0.216906
0.220853
0.22054
0.217964
0.21847
0.165391
0.164641
0.165664
0.164364
0.163014
0.162045
0.161136
0.160536
0.160069
0.159687
0.159222
0.157889
0.157966
0.158422
0.158119
0.15737
0.157034
0.158056
0.156983
0.154384
0.152282
0.151899
0.15337
0.154986
0.13855
0.149305
0.153135
0.154592
0.15606
0.157639
0.158235
0.155869
0.156783
0.157244
0.157337
0.15731
0.15715
0.15697
0.156863
0.156353
0.155085
0.152642
0.150194
0.15175
0.16499
0.199886
0.216946
0.222494
0.22208
0.21624
0.213975
0.215615
0.217418
0.214785
0.216798
0.218086
0.219422
0.221441
0.162953
0.160123
0.161116
0.165279
0.165761
0.16491
0.164353
0.163199
0.161728
0.160621
0.159239
0.158156
0.158613
0.158836
0.158532
0.15799
0.157356
0.158014
0.158651
0.157767
0.156021
0.153971
0.152123
0.151302
0.15248
0.15321
0.153895
0.142314
0.145639
0.145715
0.148855
0.153696
0.155107
0.150383
0.152298
0.153695
0.154382
0.154716
0.15446
0.153962
0.154069
0.152589
0.153176
0.150969
0.155281
0.170843
0.192729
0.216919
0.222877
0.22358
0.218504
0.214657
0.21503
0.219585
0.222838
0.218994
0.219687
0.219019
0.226133
0.223608
0.166801
0.161854
0.162602
0.165416
0.162895
0.162255
0.162233
0.159764
0.158695
0.158974
0.159173
0.159066
0.158685
0.158242
0.157917
0.158301
0.1594
0.159734
0.158988
0.157658
0.155881
0.15424
0.152697
0.152862
0.147134
0.146755
0.146803
0.146956
0.1471
0.14715
0.146579
0.147865
0.149028
0.149064
0.148768
0.14921
0.14957
0.149889
0.151434
0.165338
0.165536
0.15131
0.186891
0.182309
0.192963
0.205422
0.215887
0.224294
0.224947
0.222147
0.216024
0.215481
0.218462
0.224503
0.227701
0.222574
0.222297
0.22066
0.229841
0.225739
0.167162
0.164611
0.163415
0.162525
0.161256
0.160125
0.159891
0.159796
0.159582
0.159364
0.159214
0.159179
0.159356
0.15981
0.16065
0.161496
0.161943
0.162023
0.161347
0.160536
0.159405
0.157526
0.155121
0.147761
0.161977
0.206953
0.21589
0.217018
0.216913
0.21116
0.191402
0.170271
0.155739
0.223547
0.222587
0.222673
0.22088
0.218087
0.224852
0.220001
0.215173
0.219044
0.218817
0.218782
0.219066
0.222627
0.225301
0.226033
0.223967
0.219662
0.215833
0.217923
0.222627
0.228435
0.22998
0.22379
0.22268
0.224096
0.227782
0.165788
0.167811
0.166901
0.16296
0.163333
0.162135
0.160187
0.158961
0.158159
0.157874
0.157819
0.157989
0.158471
0.15931
0.159707
0.164259
0.164914
0.164148
0.163131
0.161441
0.159845
0.158057
0.15517
0.151704
0.156686
0.157525
0.159806
0.16392
0.227919
0.226064
0.225474
0.226042
0.226244
0.22554
0.218822
0.218987
0.217329
0.217553
0.217556
0.221468
0.217997
0.222682
0.225662
0.226513
0.22668
0.226575
0.226871
0.226437
0.224807
0.2215
0.218396
0.217098
0.220243
0.225157
0.230127
0.230504
0.225167
0.228362
0.188427
0.16357
0.166712
0.169389
0.164741
0.16229
0.159972
0.156587
0.156417
0.156738
0.156937
0.15704
0.157155
0.157391
0.157822
0.164526
0.166999
0.16749
0.166899
0.165572
0.164181
0.161971
0.159939
0.157773
0.154322
0.155024
0.158004
0.158613
0.161137
0.164454
0.167505
0.170601
0.231609
0.220441
0.218941
0.218418
0.220171
0.21976
0.216643
0.216178
0.215604
0.216921
0.217768
0.217507
0.222099
0.22338
0.224661
0.22535
0.224842
0.223221
0.221291
0.219111
0.218034
0.219154
0.223322
0.228638
0.233316
0.231221
0.229331
0.227141
0.163478
0.163373
0.168019
0.169824
0.164322
0.162765
0.156367
0.156501
0.156559
0.156872
0.157098
0.157279
0.157705
0.158492
0.159685
0.167269
0.170002
0.169731
0.168771
0.167134
0.165442
0.162977
0.160713
0.158313
0.154914
0.157375
0.159033
0.160272
0.163501
0.167217
0.169975
0.172907
0.177305
0.181916
0.186118
0.224293
0.216292
0.224681
0.235396
0.231528
0.225698
0.220183
0.21845
0.217653
0.217534
0.218124
0.218814
0.219393
0.219536
0.218947
0.218326
0.217894
0.218795
0.222077
0.227096
0.232681
0.237683
0.232004
0.232789
0.226446
0.164052
0.16621
0.170028
0.169825
0.16278
0.159261
0.156643
0.156655
0.156779
0.157072
0.157355
0.157874
0.159081
0.160964
0.162142
0.171921
0.172995
0.172292
0.17106
0.169183
0.167313
0.164718
0.162095
0.158437
0.155644
0.159282
0.160571
0.162478
0.166999
0.171779
0.175061
0.18026
0.184201
0.187685
0.190971
0.19519
0.188509
0.194087
0.238459
0.236877
0.234861
0.22721
0.224083
0.222398
0.219196
0.218314
0.217667
0.217244
0.217264
0.217665
0.218346
0.219588
0.222507
0.227609
0.233141
0.238956
0.237339
0.233282
0.235684
0.163108
0.163348
0.170279
0.171697
0.169824
0.16229
0.158807
0.156967
0.157023
0.157112
0.157421
0.157999
0.159757
0.162339
0.164472
0.164549
0.176022
0.176073
0.17514
0.173758
0.171891
0.169934
0.16724
0.163832
0.1593
0.15629
0.160853
0.162881
0.165885
0.165722
0.16993
0.173048
0.177048
0.179749
0.184794
0.186512
0.189837
0.201656
0.198618
0.188426
0.184055
0.184689
0.215189
0.232985
0.230684
0.225853
0.224568
0.222842
0.221631
0.221175
0.222129
0.223722
0.226154
0.230198
0.236169
0.23421
0.21218
0.229752
0.236093
0.236564
0.165295
0.166857
0.173947
0.172564
0.169841
0.162642
0.159532
0.157411
0.157715
0.157882
0.15836
0.160311
0.163735
0.165613
0.166852
0.174569
0.1805
0.180919
0.180188
0.179028
0.177016
0.174763
0.171093
0.166662
0.161491
0.157483
0.163409
0.16668
0.170964
0.177851
0.182874
0.18714
0.192773
0.196939
0.201781
0.201772
0.205629
0.207132
0.20598
0.177062
0.174609
0.173473
0.174745
0.177363
0.183029
0.210048
0.232592
0.232776
0.23261
0.232149
0.233384
0.233303
0.219065
0.206349
0.197042
0.195579
0.197051
0.236732
0.243671
0.156879
0.171521
0.172786
0.176433
0.172637
0.169997
0.163852
0.161625
0.158524
0.159555
0.160276
0.161873
0.165635
0.167836
0.168413
0.168134
0.179749
0.184067
0.175532
0.176399
0.175027
0.174223
0.172209
0.168968
0.165415
0.161885
0.15731
0.162003
0.16379
0.166596
0.182724
0.18753
0.191766
0.197171
0.20081
0.204879
0.205197
0.208103
0.216832
0.212804
0.176956
0.1673
0.164981
0.164354
0.166289
0.166791
0.170043
0.172406
0.178179
0.182308
0.184986
0.184326
0.183747
0.184348
0.186147
0.188836
0.190959
0.191645
0.244104
0.24591
0.166976
0.179143
0.177846
0.178001
0.172317
0.170394
0.165534
0.164918
0.16156
0.164598
0.165872
0.167323
0.168972
0.169487
0.169282
0.168888
0.188044
0.189415
0.189664
0.190003
0.188032
0.185868
0.182485
0.175538
0.169153
0.165434
0.154963
0.169731
0.17202
0.179259
0.189009
0.195138
0.199992
0.205192
0.208583
0.212174
0.212739
0.215599
0.227571
0.220956
0.171514
0.165427
0.165501
0.166643
0.16987
0.169878
0.16974
0.167855
0.167654
0.167966
0.171502
0.176766
0.180918
0.183755
0.186746
0.189053
0.187909
0.192497
0.251655
0.173575
0.177214
0.180037
0.18058
0.176139
0.171426
0.170837
0.167223
0.167399
0.16649
0.168656
0.168824
0.169379
0.169653
0.169561
0.169091
0.168312
0.167549
0.167192
0.193431
0.190373
0.189382
0.187928
0.183489
0.176395
0.170191
0.163559
0.167648
0.175818
0.181157
0.187743
0.197593
0.205251
0.210764
0.215055
0.21792
0.221122
0.222223
0.225608
0.238614
0.232462
0.165164
0.170142
0.172468
0.175174
0.180371
0.182294
0.180415
0.177197
0.175003
0.172543
0.171154
0.171649
0.17514
0.180546
0.185425
0.185269
0.186802
0.20344
0.25207
0.170205
0.182669
0.176104
0.179651
0.175783
0.169786
0.172905
0.168236
0.168496
0.168721
0.169087
0.162981
0.170412
0.170267
0.169613
0.168582
0.168439
0.190075
0.165331
0.194968
0.192863
0.193167
0.190916
0.183816
0.177486
0.170808
0.159948
0.176399
0.186372
0.193529
0.201019
0.209936
0.218539
0.222467
0.225621
0.227854
0.23077
0.232606
0.236829
0.250442
0.247202
0.167021
0.178463
0.183161
0.186246
0.191626
0.195333
0.192715
0.19105
0.189577
0.185872
0.183293
0.18118
0.17977
0.18004
0.181814
0.185079
0.201016
0.266637
0.167537
0.182043
0.179869
0.171342
0.179157
0.173747
0.168084
0.173032
0.168812
0.169238
0.169452
0.169706
0.170171
0.169811
0.169613
0.169026
0.16808
0.166687
0.165451
0.164843
0.194818
0.195826
0.196611
0.191669
0.184957
0.179503
0.169123
0.170638
0.18859
0.19965
0.20874
0.217638
0.225105
0.232046
0.234153
0.236455
0.238226
0.241057
0.243603
0.248737
0.263254
0.261442
0.173737
0.188108
0.1931
0.200856
0.208089
0.210101
0.209278
0.20746
0.202578
0.200694
0.20017
0.19799
0.195277
0.192359
0.189517
0.183354
0.204117
0.273124
0.170822
0.184516
0.172205
0.168658
0.175195
0.169524
0.167738
0.171466
0.169339
0.169774
0.169567
0.169688
0.169765
0.168715
0.168989
0.16991
0.170008
0.168747
0.1669
0.166355
0.193315
0.199208
0.19744
0.190954
0.186928
0.179726
0.164153
0.186851
0.203265
0.214696
0.225355
0.234605
0.240219
0.245356
0.24589
0.2475
0.248871
0.251807
0.254801
0.260926
0.276784
0.272985
0.182073
0.19765
0.208001
0.212503
0.216949
0.219848
0.219279
0.217991
0.217103
0.214689
0.213381
0.217068
0.21613
0.211742
0.202809
0.195622
0.208194
0.286866
0.240099
0.183853
0.167561
0.164281
0.169582
0.168051
0.167663
0.170477
0.169958
0.170633
0.169649
0.169381
0.168493
0.16694
0.172482
0.176278
0.176729
0.175287
0.171329
0.168508
0.192366
0.201512
0.194948
0.191684
0.18642
0.1741
0.172685
0.204845
0.218626
0.230273
0.240862
0.249046
0.253109
0.256537
0.256859
0.257897
0.258868
0.261906
0.265171
0.272196
0.288869
0.279224
0.186672
0.21498
0.219524
0.2218
0.227271
0.230673
0.229888
0.228623
0.228398
0.227484
0.223533
0.232111
0.232235
0.227126
0.21846
0.183408
0.258907
0.249778
0.224829
0.169208
0.177593
0.161657
0.164026
0.163891
0.156
0.170601
0.170202
0.173064
0.172419
0.171891
0.165728
0.218856
0.215191
0.176563
0.180842
0.178115
0.172438
0.168714
0.203389
0.196149
0.192617
0.184938
0.176546
0.168591
0.201317
0.220577
0.231303
0.241541
0.250778
0.25788
0.260331
0.262703
0.263319
0.262851
0.263938
0.267509
0.271037
0.281416
0.298771
0.297261
0.199148
0.234187
0.237257
0.239153
0.241054
0.244676
0.245657
0.241471
0.239068
0.237643
0.230795
0.229159
0.22991
0.223584
0.220413
0.208128
0.202544
0.26099
0.168271
0.181157
0.187328
0.183229
0.160642
0.162176
0.166085
0.170629
0.171446
0.177594
0.170155
0.166017
0.224735
0.220544
0.212689
0.171515
0.173963
0.173459
0.166805
0.164582
0.167982
0.191221
0.186713
0.180483
0.171861
0.174695
0.213001
0.235837
0.250815
0.260407
0.265594
0.26821
0.272017
0.273167
0.272227
0.271207
0.271118
0.273997
0.278166
0.271165
0.310648
0.320026
0.316801
0.291574
0.256235
0.256498
0.252264
0.254301
0.255691
0.250524
0.245891
0.241118
0.230019
0.22981
0.227908
0.231681
0.23457
0.279079
0.177119
0.189909
0.194824
0.195287
0.192867
0.190207
0.189432
0.193178
0.199468
0.169369
0.168431
0.16713
0.149515
0.22729
0.225374
0.21241
0.20457
0.165763
0.165892
0.164827
0.164774
0.166419
0.164945
0.160342
0.179688
0.17355
0.1853
0.203546
0.230427
0.249167
0.265545
0.27288
0.2806
0.282689
0.278338
0.274773
0.272147
0.273003
0.275002
0.279944
0.285073
0.298682
0.196248
0.16665
0.167915
0.168121
0.168552
0.169149
0.167999
0.167967
0.264785
0.269193
0.27806
0.280341
0.289742
0.288061
0.27616
0.18015
0.179091
0.18905
0.193255
0.194558
0.194755
0.192295
0.189297
0.190623
0.189566
0.194778
0.199137
0.204246
0.209376
0.217821
0.225862
0.224723
0.213326
0.198571
0.192043
0.165198
0.165667
0.18566
0.206822
0.225256
0.21741
0.190196
0.189277
0.204651
0.222812
0.237729
0.25059
0.260443
0.265428
0.27087
0.273253
0.272189
0.264332
0.259892
0.258256
0.260114
0.261511
0.261486
0.249839
0.238135
0.165184
0.166046
0.166902
0.167729
0.168268
0.16837
0.168306
0.168522
0.168588
0.168683
0.168711
0.168785
0.168671
0.169102
0.170635
0.174328
0.180347
0.184435
0.187021
0.186065
0.186373
0.184311
0.183592
0.18659
0.186422
0.190715
0.196592
0.203813
0.211633
0.217953
0.219853
0.213656
0.19926
0.186515
0.180009
0.165401
0.244309
0.194834
0.195744
0.24653
0.234284
0.224425
0.222876
0.224867
0.229689
0.237086
0.245076
0.250938
0.254117
0.254423
0.250305
0.244094
0.23086
0.226567
0.225286
0.225944
0.213535
0.179331
0.154557
0.162112
0.163631
0.164995
0.16591
0.166634
0.167028
0.167025
0.167023
0.167157
0.167253
0.166997
0.167074
0.167133
0.167285
0.167818
0.168912
0.170577
0.172711
0.174276
0.176268
0.175457
0.17649
0.175917
0.176934
0.180563
0.181579
0.186967
0.195476
0.201895
0.206874
0.210534
0.209491
0.200491
0.188225
0.180336
0.165078
0.237318
0.192319
0.202664
0.26783
0.234883
0.228974
0.221158
0.217678
0.215995
0.21706
0.220764
0.225588
0.228509
0.229016
0.227187
0.21955
0.212864
0.202729
0.200976
0.200298
0.193901
0.172112
0.160457
0.162033
0.160782
0.163878
0.165431
0.166519
0.167125
0.167426
0.167439
0.167408
0.167463
0.167499
0.167361
0.16738
0.167436
0.167533
0.16798
0.168754
0.1697
0.170591
0.171099
0.172108
0.171893
0.172981
0.173689
0.17606
0.18036
0.182758
0.188594
0.197987
0.203068
0.20463
0.203755
0.197191
0.187395
0.182068
0.176942
0.232236
0.195349
0.205445
0.204145
0.23864
0.22238
0.211145
0.205706
0.202821
0.200548
0.200526
0.203215
0.206822
0.209006
0.209151
0.20794
0.202424
0.197294
0.189757
0.187565
0.179023
0.164809
0.15921
0.164754
0.163395
0.140502
)
;
    }
    hills
    {
        type            calculated;
        value           nonuniform List<scalar> 
7200
(
0.162313
0.174358
0.18829
0.197693
0.20469
0.209572
0.212069
0.201322
0.155298
0.220925
0.221843
0.154143
0.153928
0.153522
0.153069
0.15258
0.152131
0.151781
0.151527
0.151402
0.151111
0.150764
0.150136
0.149245
0.14819
0.14929
0.152713
0.1541
0.157197
0.157625
0.155453
0.154857
0.155607
0.156582
0.150897
0.140259
0.162314
0.216208
0.149955
0.153293
0.152882
0.154846
0.157431
0.156577
0.152469
0.152307
0.150999
0.13706
0.139377
0.139798
0.141325
0.142309
0.14442
0.145748
0.146498
0.147757
0.147979
0.148055
0.148968
0.15376
0.15632
0.155701
0.155477
0.156313
0.158518
0.157541
0.155572
0.153769
0.153111
0.147394
0.148273
0.151183
0.150879
0.150875
0.151028
0.15101
0.150918
0.150916
0.150971
0.151316
0.151922
0.152543
0.153126
0.153707
0.15348
0.154901
0.156895
0.158225
0.157898
0.15376
0.154662
0.156765
0.156034
0.155287
0.14456
0.139986
0.242175
0.238016
0.15222
0.153588
0.153937
0.141285
0.143372
0.144614
0.143774
0.153413
0.154729
0.15454
0.1499
0.140675
0.14104
0.140197
0.151008
0.142208
0.141991
0.154247
0.153813
0.154542
0.15557
0.155287
0.151786
0.151431
0.15122
0.151202
0.151167
0.151194
0.15124
0.150626
0.148021
0.149994
0.150173
0.142597
0.142489
0.143298
0.144618
0.145754
0.146695
0.147241
0.147949
0.148976
0.149888
0.150657
0.151316
0.151801
0.152423
0.15248
0.153409
0.153303
0.153521
0.149178
0.15209
0.152641
0.157153
0.162693
0.143963
0.145631
0.229707
0.224925
0.157203
0.152983
0.15716
0.144702
0.14533
0.146422
0.146207
0.145526
0.144017
0.155985
0.157757
0.158048
0.156919
0.156903
0.149617
0.155819
0.163104
0.155538
0.157061
0.156884
0.156208
0.15254
0.15995
0.159071
0.159096
0.159824
0.160638
0.15978
0.157758
0.156951
0.160004
0.157318
0.153944
0.152031
0.144762
0.145877
0.161081
0.160517
0.152011
0.147326
0.146419
0.145477
0.144469
0.143876
0.143463
0.142998
0.142194
0.141279
0.141258
0.142499
0.145983
0.156165
0.156942
0.153133
0.151461
0.155623
0.154644
0.160602
0.155806
0.141848
0.144154
0.152767
0.152023
0.153116
0.155121
0.165466
0.165464
0.165079
0.164587
0.164243
0.163827
0.163403
0.162184
0.16017
0.145609
0.160022
0.159905
0.160247
0.1622
0.163891
0.163767
0.162331
0.158494
0.159454
0.159419
0.159228
0.159441
0.160473
0.162226
0.164766
0.167742
0.169656
0.170726
0.170773
0.17003
0.16828
0.166399
0.166034
0.164366
0.16432
0.163392
0.162129
0.158409
0.151071
0.148687
0.146363
0.155323
0.156207
0.145943
0.15063
0.160749
0.149594
0.139676
0.14093
0.149287
0.153966
0.163909
0.163262
0.161552
0.152418
0.147268
0.149092
0.150907
0.155522
0.167501
0.166725
0.166126
0.166472
0.164599
0.158961
0.157686
0.165562
0.166547
0.167193
0.155012
0.147483
0.142251
0.147485
0.15732
0.156683
0.155342
0.156062
0.141402
0.141192
0.140953
0.140826
0.140777
0.140734
0.140768
0.141138
0.142255
0.143335
0.149516
0.158364
0.165492
0.161008
0.161871
0.169401
0.165035
0.168092
0.166226
0.165719
0.16474
0.164331
0.163128
0.161767
0.161754
0.162581
0.16536
0.168243
0.168343
0.166778
0.166464
0.166739
0.165783
0.159973
0.153565
0.160427
0.158909
0.147282
0.155005
0.158454
0.139819
0.158807
0.159249
0.160169
0.161324
0.161323
0.160118
0.15922
0.159397
0.158201
0.155924
0.153387
0.150939
0.149014
0.147511
0.145926
0.144165
0.142997
0.142109
0.141615
0.145007
0.144281
0.143552
0.143072
0.142758
0.142705
0.143397
0.145031
0.148222
0.145971
0.152711
0.157861
0.160617
0.170875
0.163539
0.170301
0.16068
0.167379
0.163887
0.163969
0.164417
0.166988
0.164561
0.160198
0.158921
0.158011
0.157416
0.156903
0.156489
0.156296
0.156437
0.157987
0.159104
0.159696
0.158968
0.157147
0.158081
0.161024
0.16018
0.159022
0.138982
0.139962
0.142644
0.158418
0.158829
0.160469
0.162499
0.165034
0.168098
0.165703
0.158828
0.15582
0.153924
0.153299
0.153275
0.152569
0.151125
0.14932
0.146951
0.145526
0.150075
0.147735
0.1465
0.145898
0.145802
0.148162
0.145714
0.146374
0.149483
0.15131
0.154642
0.15869
0.16685
0.160985
0.173008
0.164879
0.157361
0.154992
0.164269
0.163791
0.16346
0.163315
0.167125
0.16445
0.159618
0.156375
0.15569
0.15517
0.153983
0.152903
0.152029
0.152105
0.162275
0.160596
0.159665
0.159652
0.161795
0.160598
0.157404
0.150852
0.142817
0.143358
0.144302
0.158833
0.158557
0.158746
0.160057
0.162312
0.166482
0.162781
0.159299
0.15646
0.155114
0.155221
0.15655
0.15775
0.156756
0.155595
0.153314
0.151073
0.153998
0.152331
0.151506
0.151238
0.15177
0.146063
0.144992
0.146818
0.151514
0.152627
0.153497
0.158319
0.169712
0.164206
0.164391
0.156104
0.156175
0.153126
0.163164
0.162604
0.162437
0.161962
0.167709
0.162828
0.156973
0.155129
0.153201
0.153165
0.152738
0.152043
0.151881
0.151786
0.16403
0.161401
0.160157
0.160423
0.16194
0.156562
0.157914
0.148353
0.14594
0.146316
0.160283
0.159533
0.159269
0.15898
0.158929
0.159375
0.160737
0.160937
0.160497
0.159331
0.158486
0.158607
0.160723
0.166041
0.161365
0.158701
0.156634
0.154992
0.157345
0.157809
0.158707
0.159772
0.160069
0.150659
0.149682
0.150118
0.149696
0.150383
0.15632
0.169693
0.164322
0.163658
0.16492
0.154351
0.154145
0.153026
0.163388
0.162507
0.161777
0.151113
0.166766
0.164548
0.158012
0.154014
0.153143
0.153004
0.152612
0.152224
0.152072
0.151927
0.153724
0.162085
0.16065
0.161703
0.159666
0.156961
0.157013
0.149986
0.148381
0.14758
0.160634
0.16013
0.159752
0.159426
0.159116
0.158956
0.158709
0.158431
0.159769
0.161292
0.161236
0.164203
0.169184
0.151766
0.169024
0.168022
0.16598
0.160066
0.167243
0.167887
0.168809
0.168965
0.169038
0.145578
0.144991
0.146962
0.149143
0.155263
0.16967
0.1678
0.16609
0.161549
0.152342
0.153051
0.153549
0.153238
0.151497
0.162548
0.162352
0.153673
0.15964
0.158254
0.156866
0.153244
0.153554
0.15365
0.153062
0.152499
0.152341
0.152204
0.151787
0.163747
0.161927
0.161646
0.156014
0.157032
0.15501
0.150789
0.149248
0.161654
0.160651
0.16007
0.159595
0.15907
0.158361
0.157758
0.157513
0.157337
0.151998
0.161489
0.163349
0.168603
0.168896
0.150387
0.168887
0.168726
0.168228
0.167512
0.168496
0.16863
0.168472
0.166812
0.166402
0.165765
0.166423
0.168523
0.162057
0.167255
0.168435
0.1627
0.162005
0.15229
0.152401
0.153069
0.153588
0.153279
0.152393
0.151321
0.151397
0.153591
0.156625
0.155548
0.15534
0.153226
0.154275
0.154159
0.153366
0.152742
0.152596
0.152489
0.151683
0.147444
0.162852
0.158886
0.157203
0.155471
0.154788
0.150494
0.162481
0.160595
0.159648
0.158838
0.158168
0.157479
0.156902
0.156732
0.156737
0.156659
0.15307
0.161254
0.166246
0.168779
0.168698
0.147938
0.16866
0.168723
0.168714
0.168587
0.168522
0.168491
0.167229
0.166791
0.166547
0.16629
0.165442
0.164776
0.167583
0.167307
0.163132
0.164748
0.158596
0.152113
0.153308
0.154021
0.154218
0.153781
0.152939
0.152054
0.151789
0.152828
0.154818
0.154804
0.154169
0.153704
0.154606
0.154277
0.15339
0.152917
0.152813
0.152686
0.150871
0.146397
0.162857
0.156923
0.157413
0.155326
0.152575
0.149089
0.160573
0.159238
0.15802
0.157005
0.15632
0.156087
0.156295
0.156724
0.156818
0.15617
0.151786
0.152035
0.167534
0.168458
0.168714
0.146265
0.168631
0.168578
0.168598
0.168553
0.168168
0.167456
0.167125
0.166748
0.166454
0.165716
0.15924
0.159982
0.166019
0.163084
0.16621
0.154651
0.151633
0.153736
0.154534
0.154949
0.154917
0.154518
0.153751
0.152828
0.152319
0.152734
0.154464
0.154272
0.153572
0.154228
0.154469
0.153892
0.153255
0.153048
0.153024
0.152684
0.149516
0.147301
0.152365
0.154093
0.156872
0.156242
0.149843
0.160832
0.159151
0.157624
0.156313
0.155679
0.155699
0.15622
0.156784
0.157402
0.153259
0.152241
0.150007
0.151125
0.166979
0.16779
0.168306
0.168169
0.16851
0.168267
0.168428
0.168462
0.166853
0.166981
0.166933
0.166661
0.166182
0.164012
0.157066
0.16529
0.163637
0.168959
0.153548
0.152315
0.154674
0.155477
0.155769
0.155775
0.155584
0.155261
0.154648
0.153769
0.153062
0.153
0.153991
0.15372
0.153823
0.153826
0.153599
0.153328
0.153214
0.153197
0.153193
0.152214
0.148604
0.149403
0.154282
0.153112
0.151573
0.152687
0.160414
0.159533
0.157838
0.156221
0.155516
0.155557
0.155886
0.156097
0.156439
0.15622
0.152992
0.151774
0.148612
0.149726
0.157207
0.166992
0.167526
0.151414
0.168548
0.167906
0.16798
0.168388
0.168365
0.166668
0.166788
0.167226
0.166014
0.157495
0.161186
0.165231
0.163543
0.152844
0.153247
0.155763
0.156362
0.15659
0.15667
0.156575
0.156348
0.155986
0.155438
0.154651
0.153824
0.153306
0.153079
0.153816
0.153985
0.154553
0.153199
0.15331
0.153393
0.153412
0.153271
0.151188
0.148895
0.151867
0.154245
0.152303
0.151114
0.152554
0.160155
0.15877
0.156666
0.155344
0.155127
0.155382
0.155757
0.156409
0.156105
0.154965
0.15209
0.149831
0.147447
0.148966
0.155074
0.166026
0.166454
0.168836
0.150834
0.168264
0.168048
0.168348
0.167096
0.166811
0.167788
0.168077
0.162332
0.15129
0.166196
0.167174
0.15201
0.153725
0.156267
0.156821
0.156994
0.15699
0.157027
0.15698
0.156797
0.156371
0.155765
0.154979
0.15403
0.152967
0.152004
0.153417
0.154625
0.153249
0.153714
0.153841
0.153801
0.153858
0.153281
0.150864
0.151022
0.154352
0.153584
0.151353
0.150736
0.151601
0.155834
0.158419
0.15588
0.154542
0.154441
0.157069
0.157025
0.156588
0.156291
0.154698
0.151628
0.149026
0.147491
0.149067
0.156768
0.166561
0.165899
0.167578
0.16885
0.16708
0.168537
0.168507
0.166911
0.167292
0.169024
0.164234
0.155037
0.154233
0.162076
0.166715
0.153963
0.156372
0.157003
0.15712
0.157198
0.157165
0.157147
0.157171
0.157104
0.156779
0.156129
0.155165
0.153833
0.152083
0.151113
0.152192
0.152645
0.153996
0.154454
0.154872
0.154991
0.154967
0.153793
0.15236
0.153857
0.15533
0.152753
0.150207
0.150388
0.14943
0.153422
0.158719
0.155219
0.153098
0.155545
0.157239
0.157847
0.158283
0.156423
0.154711
0.151463
0.148322
0.146743
0.162885
0.151348
0.16839
0.166888
0.166698
0.167634
0.168328
0.154337
0.167244
0.166095
0.168748
0.161743
0.165174
0.168684
0.144718
0.142606
0.156944
0.153522
0.156868
0.157217
0.157348
0.157354
0.157301
0.157267
0.157304
0.157322
0.157133
0.156594
0.155688
0.15433
0.15231
0.150995
0.151509
0.151977
0.154648
0.156533
0.156993
0.157039
0.156472
0.154891
0.154659
0.156126
0.15485
0.152683
0.149908
0.147272
0.146891
0.153371
0.160875
0.156165
0.157546
0.157622
0.160437
0.161441
0.16098
0.15963
0.156075
0.153185
0.149525
0.148164
0.151142
0.167944
0.167861
0.16748
0.167547
0.167569
0.168265
0.1672
0.166992
0.168378
0.16227
0.170235
0.166605
0.149357
0.14449
0.16184
0.149996
0.156312
0.157015
0.157314
0.157464
0.157535
0.15752
0.157489
0.157505
0.157527
0.157429
0.157048
0.156339
0.155228
0.153406
0.151245
0.150992
0.151042
0.154673
0.157709
0.158706
0.158682
0.157619
0.156537
0.156993
0.156963
0.153614
0.152876
0.147391
0.144929
0.147657
0.152751
0.158111
0.155939
0.162722
0.161836
0.164016
0.163951
0.163042
0.161769
0.159961
0.154076
0.149987
0.148433
0.150065
0.167757
0.168116
0.168163
0.168148
0.16791
0.166824
0.166825
0.166534
0.167583
0.168061
0.16876
0.164692
0.144155
0.161543
0.153303
0.156072
0.156684
0.157095
0.157385
0.157545
0.157656
0.157711
0.157729
0.15775
0.15775
0.15766
0.157381
0.156857
0.156065
0.154863
0.152589
0.150852
0.150259
0.152426
0.157681
0.163614
0.163679
0.162573
0.161477
0.159656
0.156565
0.152503
0.150339
0.144526
0.146043
0.147764
0.147882
0.163718
0.155218
0.15516
0.163119
0.165411
0.16543
0.164719
0.163419
0.161315
0.155804
0.151428
0.149586
0.151005
0.157426
0.168297
0.166895
0.16669
0.167495
0.166814
0.166692
0.168395
0.169186
0.167634
0.163933
0.142439
0.156969
0.156397
0.156128
0.156451
0.156849
0.157198
0.157418
0.157529
0.157635
0.157739
0.157837
0.15793
0.157962
0.157874
0.157649
0.157244
0.156666
0.155922
0.154805
0.152199
0.150252
0.149659
0.15459
0.162695
0.163052
0.163505
0.164159
0.162183
0.152743
0.152376
0.146594
0.146097
0.14555
0.145225
0.146281
0.147369
0.153797
0.159081
0.163212
0.165195
0.165698
0.165427
0.164766
0.163334
0.159705
0.153281
0.151128
0.152765
0.165313
0.167291
0.166136
0.166404
0.166862
0.16634
0.167423
0.168145
0.16696
0.165728
0.140566
0.151048
0.155603
0.15631
0.156335
0.156739
0.157043
0.157206
0.157283
0.157345
0.157448
0.157593
0.157775
0.157984
0.158123
0.158096
0.157904
0.157574
0.157121
0.156599
0.155984
0.154973
0.152119
0.149054
0.149798
0.159793
0.165031
0.165042
0.164287
0.160766
0.157484
0.156833
0.155592
0.146717
0.145245
0.149101
0.146285
0.150109
0.148743
0.156166
0.161542
0.163964
0.165257
0.165496
0.165219
0.164795
0.161812
0.15523
0.1526
0.153442
0.162927
0.166492
0.165491
0.16637
0.166598
0.166016
0.168671
0.162804
0.168152
0.150324
0.142802
0.155223
0.155916
0.156121
0.156666
0.156893
0.156982
0.15699
0.156979
0.157023
0.157137
0.15732
0.157574
0.157897
0.158191
0.158298
0.15817
0.157892
0.15752
0.157116
0.156698
0.15611
0.154914
0.151849
0.148753
0.153842
0.163762
0.162758
0.159968
0.156386
0.156799
0.153505
0.150586
0.151818
0.154471
0.152022
0.151484
0.147406
0.148495
0.156319
0.158349
0.161378
0.163654
0.164741
0.165107
0.165173
0.164385
0.157033
0.153577
0.15312
0.150904
0.165277
0.164648
0.166038
0.166519
0.167514
0.164823
0.166643
0.165428
0.142464
0.15653
0.155885
0.156178
0.15624
0.156746
0.156725
0.156659
0.156598
0.156583
0.156635
0.156763
0.156966
0.157262
0.157653
0.158072
0.158369
0.158397
0.158194
0.15789
0.157561
0.157224
0.156777
0.15582
0.153345
0.150397
0.15295
0.152856
0.157291
0.15651
0.157061
0.154703
0.152631
0.150114
0.151038
0.152756
0.150827
0.150536
0.155004
0.151593
0.157194
0.157848
0.159772
0.162627
0.164707
0.165202
0.164827
0.165271
0.158879
0.153816
0.152585
0.152322
0.163313
0.163575
0.16557
0.167578
0.168264
0.165085
0.168961
0.148887
0.148256
0.155804
0.156037
0.156341
0.156161
0.156493
0.15639
0.156295
0.156242
0.156244
0.156308
0.156437
0.156638
0.156939
0.157336
0.157799
0.158228
0.158447
0.158388
0.158173
0.157911
0.157619
0.157178
0.156074
0.153477
0.151344
0.152286
0.148883
0.157116
0.156132
0.154533
0.153228
0.152285
0.153729
0.154301
0.154091
0.154074
0.152563
0.1542
0.157182
0.157493
0.158189
0.159615
0.161008
0.164765
0.167071
0.165928
0.164582
0.16366
0.154311
0.152254
0.152006
0.162157
0.162769
0.16191
0.161206
0.164103
0.167267
0.166807
0.142602
0.153866
0.15591
0.156056
0.156163
0.155959
0.156199
0.156119
0.156058
0.156033
0.156056
0.156127
0.156246
0.156431
0.156692
0.157041
0.15747
0.157921
0.158257
0.158349
0.158244
0.158063
0.15783
0.157231
0.155322
0.152701
0.152028
0.15054
0.147074
0.145042
0.154397
0.153066
0.147323
0.156642
0.140478
0.153687
0.143571
0.141421
0.14392
0.15488
0.153704
0.153879
0.154206
0.156684
0.159492
0.160907
0.164377
0.166348
0.166087
0.164073
0.157108
0.152295
0.15126
0.146085
0.159698
0.158125
0.154952
0.155589
0.169084
0.16764
0.141939
0.15539
0.155786
0.155828
0.155846
0.155715
0.155915
0.155879
0.155863
0.155875
0.155925
0.156013
0.156138
0.156316
0.156542
0.156836
0.157198
0.157588
0.157899
0.15803
0.158005
0.157929
0.15757
0.155777
0.15315
0.15167
0.149451
0.147411
0.145669
0.145
0.15957
0.163274
0.154002
0.14466
0.147458
0.153463
0.157743
0.161566
0.149712
0.141137
0.149206
0.149512
0.148619
0.148137
0.156366
0.15945
0.161409
0.163674
0.16504
0.162692
0.161452
0.152926
0.151326
0.152222
0.158071
0.157474
0.155878
0.160858
0.167371
0.157735
0.156424
0.155737
0.155786
0.155731
0.155666
0.155525
0.155676
0.155657
0.155664
0.155698
0.155765
0.155868
0.155998
0.156178
0.156402
0.156671
0.157005
0.157394
0.157773
0.158032
0.158137
0.158195
0.157502
0.154376
0.151198
0.148187
0.14644
0.145044
0.142664
0.156539
0.159045
0.162894
0.157416
0.145963
0.144297
0.144241
0.145225
0.146731
0.155006
0.158059
0.152385
0.151149
0.148546
0.149011
0.146443
0.156991
0.160049
0.163933
0.164293
0.16422
0.163982
0.15626
0.151701
0.152805
0.146235
0.158417
0.1569
0.166702
0.16614
0.141036
0.153861
0.155815
0.155784
0.155646
0.155552
0.15537
0.155509
0.155493
0.155496
0.155525
0.155587
0.155686
0.155819
0.156007
0.156245
0.156532
0.156864
0.15726
0.157698
0.15809
0.158342
0.158507
0.157288
0.152933
0.149023
0.14666
0.145676
0.143959
0.141866
0.161953
0.168824
0.161977
0.161715
0.150113
0.144422
0.141947
0.143745
0.144324
0.144941
0.147193
0.151284
0.145061
0.152496
0.153212
0.153534
0.15637
0.159677
0.16549
0.165158
0.164257
0.164329
0.157376
0.152252
0.152598
0.144178
0.157265
0.159078
0.167785
0.165043
0.138745
0.155027
0.15589
0.155684
0.155518
0.155435
0.155195
0.15534
0.155314
0.15531
0.155329
0.155386
0.155484
0.155634
0.155832
0.156098
0.156401
0.156732
0.157127
0.157576
0.157954
0.15813
0.158168
0.15535
0.151845
0.148289
0.145909
0.142584
0.147143
0.15003
0.15148
0.167316
0.16214
0.166945
0.152538
0.14603
0.143161
0.142029
0.143181
0.143937
0.144214
0.144639
0.147623
0.151149
0.155416
0.155252
0.160366
0.160272
0.165171
0.166097
0.163703
0.164099
0.157505
0.15209
0.149882
0.143311
0.157606
0.159837
0.16669
0.164362
0.157961
0.155511
0.155817
0.155413
0.155271
0.155209
0.154954
0.155134
0.155106
0.155103
0.155135
0.155202
0.155333
0.155509
0.155751
0.156041
0.156347
0.156694
0.157112
0.157559
0.157899
0.158055
0.157982
0.154295
0.15151
0.148494
0.145947
0.143043
0.136769
0.154637
0.154197
0.166579
0.163842
0.161836
0.151765
0.147288
0.143213
0.140989
0.141922
0.142855
0.143755
0.143931
0.144082
0.144865
0.151923
0.161207
0.147913
0.156407
0.163112
0.166109
0.163829
0.16331
0.156739
0.151558
0.144661
0.143083
0.158492
0.157651
0.16697
0.164188
0.157395
0.155753
0.155534
0.15501
0.154903
0.154858
0.154576
0.154855
0.154807
0.15483
0.154889
0.155011
0.155208
0.155451
0.15574
0.156035
0.15635
0.156727
0.157175
0.157612
0.157916
0.158103
0.157589
0.153511
0.15122
0.148862
0.146969
0.141782
0.144372
0.154204
0.161955
0.159571
0.158208
0.153564
0.150119
0.146421
0.142803
0.141542
0.140546
0.141809
0.142895
0.143705
0.143858
0.144064
0.144661
0.151549
0.16107
0.155232
0.158178
0.163919
0.16395
0.159453
0.154688
0.150572
0.145654
0.163607
0.158833
0.155103
0.168043
0.16426
0.158298
0.155943
0.155061
0.154518
0.154427
0.154359
0.154055
0.154414
0.154416
0.154468
0.154593
0.154783
0.15503
0.155344
0.155671
0.155979
0.156321
0.156739
0.157195
0.15761
0.157895
0.158148
0.156696
0.152971
0.15113
0.149249
0.147569
0.141616
0.145385
0.163016
0.163326
0.152764
0.155308
0.14807
0.14673
0.144067
0.142193
0.141287
0.141111
0.140275
0.141145
0.142619
0.143209
0.143392
0.143745
0.147386
0.161029
0.155982
0.154512
0.163569
0.161304
0.155435
0.153815
0.149793
0.147083
0.159281
0.162225
0.161443
0.168379
0.164439
0.158686
0.155895
0.154467
0.153995
0.153896
0.153764
0.153267
0.15383
0.153851
0.153972
0.154183
0.154459
0.154793
0.155173
0.15554
0.155875
0.156253
0.156681
0.157115
0.157492
0.157789
0.158089
0.155567
0.152642
0.151303
0.149716
0.148308
0.144509
0.158788
0.159914
0.156049
0.152301
0.148981
0.144291
0.1432
0.142327
0.141631
0.141075
0.14097
0.140848
0.14035
0.13975
0.141387
0.142422
0.142848
0.145057
0.159209
0.15395
0.156357
0.157763
0.155382
0.153353
0.152614
0.149277
0.148323
0.157897
0.158831
0.162284
0.168552
0.164643
0.154984
0.155452
0.153792
0.153471
0.153375
0.153176
0.152326
0.153199
0.153243
0.153428
0.153728
0.154098
0.154535
0.154993
0.155387
0.155751
0.15615
0.156568
0.156968
0.157316
0.157665
0.157855
0.154536
0.1525
0.15173
0.15061
0.149807
0.149017
0.15478
0.158118
0.156856
0.148509
0.144042
0.141927
0.141468
0.141217
0.14118
0.141027
0.140909
0.140848
0.140839
0.140724
0.140471
0.140314
0.141622
0.145097
0.154716
0.155121
0.155243
0.15633
0.1535
0.152353
0.151878
0.149159
0.148878
0.157953
0.158183
0.163343
0.168826
0.16469
0.149683
0.154657
0.153143
0.15306
0.153016
0.152813
0.151666
0.15271
0.152724
0.152938
0.15331
0.153785
0.154351
0.154862
0.155254
0.155634
0.156036
0.156442
0.15682
0.15717
0.157604
0.157426
0.153856
0.152457
0.152269
0.151879
0.151417
0.150857
0.151246
0.155561
0.149049
0.144632
0.141245
0.140811
0.140533
0.140537
0.140809
0.140985
0.140975
0.140923
0.141021
0.141238
0.141476
0.141888
0.143601
0.150513
0.155981
0.154151
0.156877
0.154255
0.152691
0.152571
0.151121
0.149224
0.148778
0.162627
0.158165
0.163704
0.169192
0.164136
0.142841
0.153976
0.152946
0.15302
0.153028
0.152857
0.151807
0.152526
0.152463
0.152632
0.153039
0.153629
0.154297
0.154765
0.15516
0.155568
0.155975
0.15636
0.156742
0.157146
0.157678
0.156922
0.153553
0.152444
0.152561
0.152661
0.151871
0.157029
0.148721
0.149145
0.145224
0.143168
0.139762
0.140378
0.14013
0.14015
0.140496
0.14085
0.141016
0.141111
0.141304
0.141702
0.142408
0.14392
0.148398
0.153372
0.155456
0.155541
0.154544
0.153775
0.152566
0.152316
0.150578
0.148616
0.147436
0.160946
0.163216
0.163605
0.168531
0.161051
0.139476
0.153891
0.153665
0.153758
0.153575
0.153236
0.152358
0.152603
0.152469
0.152627
0.153065
0.153746
0.154355
0.154786
0.15523
0.155668
0.156086
0.156484
0.156903
0.15744
0.157994
0.156554
0.153613
0.152518
0.152528
0.152248
0.151192
0.154286
0.144758
0.144664
0.14391
0.143093
0.139776
0.140104
0.139957
0.139932
0.14024
0.140635
0.14099
0.141285
0.141656
0.142344
0.143753
0.147199
0.153927
0.155421
0.159419
0.145611
0.154131
0.152594
0.152343
0.152193
0.149889
0.147366
0.146804
0.147003
0.164013
0.163692
0.164715
0.155693
0.156245
0.153896
0.154414
0.154746
0.154674
0.154294
0.153252
0.152761
0.152606
0.152882
0.153415
0.154095
0.154544
0.155006
0.155484
0.15594
0.156372
0.156808
0.157337
0.158106
0.158741
0.157322
0.154384
0.15279
0.152413
0.151642
0.152304
0.147941
0.143426
0.144129
0.144152
0.143924
0.141923
0.139789
0.139792
0.139801
0.140047
0.140399
0.140876
0.141403
0.142096
0.143329
0.145875
0.152384
0.155749
0.162381
0.161634
0.151642
0.154765
0.151494
0.152329
0.152151
0.149123
0.153739
0.150016
0.155101
0.164756
0.169006
0.165246
0.162565
0.154444
0.154712
0.155683
0.156012
0.155792
0.155124
0.153826
0.153235
0.15275
0.153268
0.15396
0.154534
0.154948
0.155477
0.155974
0.156447
0.156905
0.157428
0.158232
0.159744
0.161888
0.16408
0.165842
0.164713
0.153359
0.151114
0.153253
0.142333
0.143953
0.145166
0.145356
0.145063
0.143184
0.139392
0.139508
0.139634
0.139948
0.140265
0.140813
0.141549
0.14269
0.144788
0.149623
0.1344
0.153609
0.153653
0.153915
0.156661
0.152596
0.151752
0.152749
0.151716
0.153224
0.157056
0.163865
0.159464
0.163313
0.168705
0.165213
0.151314
0.154326
0.1559
0.156875
0.157085
0.156685
0.155724
0.154464
0.153556
0.15291
0.153767
0.154519
0.154923
0.155464
0.1561
0.156667
0.157185
0.157721
0.158538
0.160448
0.161194
0.165542
0.165829
0.162852
0.156415
0.154296
0.153871
0.148408
0.142463
0.145353
0.146796
0.146807
0.146133
0.14434
0.13957
0.139113
0.139355
0.139829
0.140214
0.140794
0.141728
0.143444
0.146914
0.154335
0.157213
0.149359
0.160499
0.148516
0.152268
0.150791
0.151471
0.153141
0.15258
0.152119
0.153114
0.153171
0.167961
0.16905
0.165495
0.161407
0.139823
0.154557
0.157416
0.158165
0.15816
0.157439
0.156105
0.154688
0.153383
0.153232
0.154414
0.154981
0.155366
0.156138
0.156907
0.157535
0.158158
0.158992
0.161177
0.163
0.165334
0.16521
0.163164
0.155193
0.150884
0.149605
0.148509
0.14417
0.144404
0.146956
0.148448
0.148
0.146888
0.145185
0.141882
0.138783
0.139094
0.139655
0.140246
0.140955
0.142287
0.145021
0.151793
0.156001
0.156584
0.145575
0.159638
0.15853
0.14906
0.15538
0.153054
0.154077
0.153387
0.15469
0.153401
0.15996
0.167865
0.165523
0.164496
0.161765
0.139469
0.155535
0.158472
0.158885
0.158597
0.157555
0.156122
0.154547
0.153563
0.153601
0.155113
0.155142
0.155916
0.157
0.157824
0.158433
0.159343
0.161519
0.16415
0.165455
0.165109
0.164005
0.154951
0.15082
0.147339
0.145773
0.144302
0.141812
0.146142
0.148136
0.149058
0.14866
0.147599
0.14597
0.143328
0.139949
0.138759
0.1394
0.140093
0.140991
0.142939
0.147155
0.136816
0.156757
0.142783
0.163794
0.156289
0.151099
0.145909
0.153933
0.154335
0.155087
0.154028
0.152874
0.154761
0.169365
0.164907
0.162788
0.165257
0.147741
0.154675
0.157007
0.159132
0.159116
0.158413
0.157133
0.155655
0.154272
0.153665
0.154462
0.155294
0.155406
0.156744
0.157827
0.158365
0.159162
0.161537
0.164118
0.165782
0.165265
0.164251
0.158949
0.152647
0.146989
0.144844
0.143264
0.141851
0.145255
0.146712
0.14748
0.148178
0.148243
0.147912
0.147072
0.145401
0.143475
0.141899
0.140117
0.139698
0.141174
0.144895
0.145231
0.155714
0.155733
0.15893
0.167095
0.159993
0.148982
0.14518
0.152908
0.162996
0.162417
0.155901
0.153341
0.163557
0.165272
0.162234
0.16296
0.166557
0.151495
0.155672
0.158034
0.159266
0.15872
0.157804
0.156417
0.154966
0.154095
0.154276
0.155324
0.155158
0.155909
0.1571
0.157498
0.157866
0.159776
0.163495
0.165449
0.165325
0.164352
0.162242
0.153344
0.149188
0.145158
0.143255
0.141374
0.143383
0.157505
0.156871
0.155576
0.155491
0.155461
0.155084
0.146322
0.147057
0.145519
0.144296
0.143463
0.14385
0.148121
0.149181
0.157819
0.152883
0.144542
0.163693
0.161701
0.149923
0.151326
0.146221
0.153739
0.166918
0.167875
0.16341
0.16983
0.165413
0.165701
0.160159
0.163163
0.150646
0.141784
0.156571
0.158677
0.158194
0.157546
0.156386
0.155099
0.154278
0.154012
0.15486
0.155675
0.155133
0.155978
0.156274
0.157115
0.162048
0.164365
0.151311
0.14988
0.148822
0.147871
0.146573
0.151522
0.143019
0.145022
0.142886
0.142481
0.14453
0.148166
0.157763
0.156683
0.155826
0.15542
0.155279
0.155384
0.156871
0.151858
0.143839
0.145032
0.145541
0.146697
0.148568
0.155689
0.147049
0.163228
0.158234
0.157057
0.151525
0.152526
0.147029
0.155089
0.164236
0.169048
0.1642
0.172237
0.166171
0.161838
0.158724
0.170375
0.146241
0.154843
0.15761
0.15812
0.15704
0.156219
0.155172
0.154223
0.15418
0.154686
0.155835
0.155046
0.15507
0.154929
0.155255
0.158604
0.165813
0.162895
0.151145
0.14979
0.148582
0.147393
0.142935
0.142856
0.14442
0.14392
0.140931
0.143563
0.145686
0.148653
0.157875
0.156225
0.153644
0.152624
0.152217
0.151853
0.152198
0.154478
0.154327
0.15569
0.159065
0.150639
0.158698
0.15486
0.146632
0.163541
0.157032
0.15286
0.152919
0.152374
0.148185
0.155865
0.165021
0.169937
0.167983
0.167753
0.166223
0.159006
0.158609
0.155364
0.144455
0.155411
0.15734
0.157398
0.156119
0.154836
0.153967
0.15378
0.154579
0.155759
0.155466
0.155044
0.155703
0.164202
0.167653
0.166006
0.163915
0.151043
0.150512
0.149469
0.148243
0.146623
0.141408
0.141141
0.141171
0.149486
0.144991
0.144511
0.145717
0.156726
0.151783
0.151893
0.152192
0.152102
0.151877
0.151409
0.150807
0.150808
0.15424
0.155688
0.15931
0.160731
0.156358
0.148616
0.164224
0.157151
0.156213
0.148657
0.153169
0.15213
0.140748
0.162328
0.164154
0.170721
0.17058
0.164795
0.162711
0.15786
0.168406
0.145619
0.144107
0.154586
0.15581
0.156688
0.15488
0.154468
0.154328
0.154708
0.155607
0.156125
0.155302
0.155989
0.165602
0.16755
0.167672
0.167398
0.166095
0.15044
0.150212
0.149234
0.147905
0.146173
0.141422
0.140125
0.144198
0.148428
0.150364
0.145093
0.148217
0.15716
0.151754
0.152033
0.152353
0.152618
0.151911
0.151129
0.150407
0.150085
0.152344
0.156893
0.160724
0.159486
0.157832
0.146915
0.16517
0.159687
0.155113
0.147473
0.153398
0.151678
0.147881
0.163931
0.164556
0.165934
0.171566
0.164533
0.158946
0.157617
0.171599
0.145728
0.14358
0.153971
0.154982
0.155278
0.154784
0.154316
0.154581
0.155211
0.155767
0.155809
0.161259
0.164517
0.166015
0.166605
0.166982
0.16696
0.164206
0.149766
0.149807
0.148942
0.147338
0.141494
0.141067
0.140609
0.146629
0.14905
0.150357
0.149934
0.14765
0.15489
0.152589
0.152629
0.15258
0.15246
0.152097
0.152001
0.150598
0.150257
0.151382
0.15897
0.162134
0.155287
0.145237
0.164747
0.158237
0.157278
0.154818
0.146682
0.146793
0.146328
0.146773
0.164271
0.166502
0.167529
0.167241
0.163852
0.157419
0.157494
0.156363
0.144253
0.142148
0.144058
0.152749
0.155091
0.153606
0.153671
0.154873
0.155341
0.156133
0.157148
0.15757
0.163312
0.164804
0.165613
0.166166
0.165977
0.14801
0.149105
0.149367
0.148605
0.147339
0.14115
0.140173
0.142789
0.147454
0.14969
0.150332
0.149481
0.147597
0.155134
0.152932
0.152822
0.152703
0.152477
0.152138
0.151654
0.151409
0.152907
0.152776
0.161107
0.160787
0.160874
0.145848
0.164548
0.154898
0.15573
0.154877
0.146161
0.145954
0.144893
0.149488
0.16367
0.169152
0.171077
0.163912
0.162489
0.157145
0.167749
0.148982
0.143974
0.143695
0.14362
0.142283
0.1534
0.142287
0.143161
0.146736
0.147499
0.150114
0.154409
0.160701
0.163001
0.163974
0.164906
0.165588
0.164884
0.147083
0.148393
0.14895
0.14818
0.142026
0.141095
0.140107
0.145777
0.148268
0.150333
0.150205
0.149361
0.147763
0.156059
0.153244
0.152924
0.152489
0.15217
0.152057
0.151917
0.152178
0.15367
0.157765
0.15781
0.158947
0.143833
0.147235
0.165191
0.155358
0.154529
0.150096
0.145848
0.145025
0.144393
0.151976
0.162262
0.168725
0.17173
0.164019
0.159522
0.157499
0.17136
0.146131
0.144041
0.149989
0.161781
0.151184
0.141794
0.141543
0.140931
0.151088
0.150034
0.152394
0.158996
0.161728
0.16246
0.163154
0.164204
0.165086
0.144639
0.146052
0.147669
0.148528
0.148405
0.14092
0.14058
0.141173
0.14725
0.149373
0.150645
0.150163
0.149424
0.148088
0.158193
0.153542
0.150725
0.14984
0.149426
0.149248
0.14993
0.152819
0.157101
0.16164
0.160575
0.155898
0.150048
0.165523
0.160717
0.158213
0.153372
0.147929
0.145644
0.144276
0.143915
0.154941
0.162944
0.167406
0.166594
0.164268
0.158252
0.157723
0.157699
0.145369
0.143944
0.157294
0.179437
0.170067
0.142992
0.140343
0.143138
0.144386
0.145787
0.156517
0.160341
0.16199
0.162181
0.162333
0.163523
0.164625
0.143294
0.145069
0.146932
0.148059
0.146854
0.140999
0.140022
0.143549
0.147978
0.150284
0.150807
0.150277
0.149606
0.148496
0.159409
0.152513
0.149875
0.147744
0.14738
0.148912
0.150138
0.153001
0.159412
0.166117
0.162384
0.152776
0.150174
0.164602
0.157614
0.15718
0.151527
0.147153
0.145426
0.142975
0.144106
0.162274
0.16644
0.170909
0.164156
0.163798
0.158401
0.16768
0.15809
0.144446
0.143702
0.160827
0.185917
0.179976
0.144823
0.142812
0.143735
0.145026
0.146148
0.147151
0.159738
0.161493
0.161514
0.162113
0.162867
0.164208
0.142284
0.144164
0.146201
0.147728
0.142435
0.140925
0.140147
0.14635
0.148957
0.150869
0.150994
0.150506
0.149854
0.148909
0.156658
0.147973
0.147576
0.147549
0.148373
0.149774
0.151718
0.152008
0.157547
0.162697
0.158183
0.153548
0.152616
0.165382
0.157507
0.155955
0.148366
0.146764
0.145077
0.143789
0.145423
0.163036
0.169255
0.171411
0.16499
0.160803
0.15898
0.168467
0.153451
0.144349
0.142013
0.160342
0.186542
0.182693
0.147855
0.143952
0.144497
0.145535
0.146447
0.147347
0.147751
0.148468
0.160562
0.161569
0.162997
0.16402
0.164496
0.143412
0.145526
0.148001
0.140927
0.140608
0.140942
0.147711
0.150171
0.151125
0.151167
0.150766
0.150116
0.149366
0.157535
0.14879
0.147861
0.148676
0.150203
0.151991
0.153744
0.155579
0.162383
0.164128
0.160299
0.153627
0.164707
0.163745
0.162126
0.155035
0.147291
0.146957
0.144672
0.144156
0.150106
0.161478
0.166887
0.166872
0.166757
0.155493
0.159352
0.171801
0.153312
0.146399
0.143577
0.155617
0.184946
0.187133
0.151019
0.144994
0.145115
0.145808
0.146688
0.147646
0.147917
0.148248
0.148905
0.161098
0.162867
0.164256
0.164757
0.14282
0.144946
0.147757
0.140989
0.140267
0.142725
0.148564
0.151113
0.15136
0.151361
0.150991
0.1504
0.149868
0.157282
0.14961
0.150539
0.152192
0.153955
0.155485
0.156947
0.159744
0.165697
0.161182
0.156449
0.154428
0.164906
0.161287
0.160636
0.154299
0.14701
0.153559
0.14458
0.144131
0.153259
0.164256
0.169919
0.165223
0.155661
0.154448
0.168254
0.157664
0.155
0.14819
0.146136
0.153496
0.176003
0.175854
0.154926
0.145649
0.145463
0.146066
0.146917
0.147938
0.148194
0.148345
0.148934
0.147048
0.162813
0.16449
0.164831
0.142322
0.144436
0.147381
0.141126
0.140295
0.14598
0.149704
0.151509
0.151669
0.151573
0.151153
0.150672
0.149879
0.157461
0.152432
0.153912
0.156098
0.158389
0.16118
0.163551
0.165232
0.163479
0.161339
0.155591
0.165197
0.165455
0.166531
0.159371
0.153713
0.146919
0.152621
0.144228
0.143979
0.162321
0.169191
0.172248
0.158859
0.154699
0.152549
0.168087
0.156597
0.160718
0.150552
0.147446
0.150566
0.169162
0.174251
0.155419
0.146098
0.145824
0.146352
0.147158
0.148227
0.148509
0.148541
0.149051
0.147284
0.162711
0.164682
0.165171
0.142107
0.144085
0.14587
0.14124
0.140718
0.148358
0.150931
0.151697
0.151916
0.151707
0.151174
0.150816
0.150242
0.159397
0.155465
0.156552
0.158635
0.162656
0.16467
0.165238
0.16868
0.162616
0.157652
0.153531
0.165087
0.168491
0.165361
0.158244
0.153252
0.146993
0.152336
0.150218
0.146709
0.158346
0.167043
0.167991
0.157871
0.153935
0.155935
0.168616
0.157234
0.161236
0.153997
0.149579
0.149498
0.160193
0.166525
0.15444
0.146566
0.146264
0.146703
0.14745
0.148562
0.148901
0.148861
0.149263
0.147462
0.162843
0.164925
0.165484
0.141805
0.14374
0.143915
0.141342
0.141364
0.149053
0.151706
0.151891
0.152076
0.15177
0.151173
0.150816
0.150843
0.154408
0.156827
0.159572
0.161469
0.163437
0.165736
0.170312
0.163877
0.161787
0.155328
0.165561
0.16783
0.168831
0.164436
0.157177
0.152954
0.147613
0.151987
0.146585
0.15015
0.162141
0.168197
0.160501
0.156905
0.152264
0.157139
0.172483
0.160577
0.161685
0.161789
0.153158
0.150685
0.153822
0.158203
0.152276
0.147132
0.146861
0.147186
0.14788
0.149036
0.149454
0.149384
0.149606
0.147444
0.163502
0.165383
0.165894
0.164843
0.143305
0.14432
0.141471
0.142207
0.149657
0.151995
0.152103
0.152218
0.151835
0.151192
0.150684
0.151479
0.155382
0.159512
0.161299
0.162956
0.165513
0.169987
0.16479
0.162384
0.156166
0.166615
0.168198
0.168325
0.168321
0.163485
0.156168
0.152876
0.153317
0.150702
0.143085
0.152954
0.167303
0.171415
0.16004
0.155773
0.152446
0.1696
0.171784
0.160813
0.161733
0.161937
0.160747
0.153932
0.152661
0.153225
0.150728
0.148016
0.147716
0.147912
0.148543
0.149749
0.150252
0.150171
0.150037
0.14721
0.164236
0.166064
0.166475
0.165786
0.142549
0.144247
0.141672
0.143404
0.15052
0.152104
0.152327
0.152439
0.151939
0.151226
0.151158
0.152307
0.156135
0.163792
0.16352
0.166459
0.169136
0.165675
0.163017
0.161609
0.154364
0.169079
0.167663
0.168344
0.16776
0.1623
0.155234
0.152982
0.152555
0.14898
0.141154
0.150764
0.16536
0.168382
0.159503
0.154728
0.152472
0.169095
0.169239
0.160402
0.158631
0.16304
0.161891
0.161425
0.155221
0.153303
0.150915
0.149366
0.148777
0.148993
0.149541
0.150772
0.151339
0.151187
0.150388
0.147175
0.163262
0.166527
0.167064
0.166506
0.141302
0.143827
0.141913
0.145257
0.151528
0.15227
0.152558
0.152779
0.152083
0.151188
0.151696
0.153557
0.157509
0.166155
0.167056
0.168223
0.16564
0.163279
0.161789
0.156485
0.166312
0.168551
0.16776
0.168587
0.16694
0.160852
0.154535
0.153177
0.152026
0.147752
0.141968
0.159337
0.167738
0.161117
0.158668
0.153502
0.152249
0.172415
0.171128
0.160816
0.159728
0.163057
0.162955
0.162306
0.162086
0.155757
0.152421
0.15206
0.150496
0.150787
0.151126
0.152306
0.152872
0.152387
0.150481
0.14763
0.162971
0.163717
0.167075
0.167102
0.165138
0.143363
0.142045
0.147439
0.152171
0.152467
0.152833
0.153277
0.152211
0.151532
0.152601
0.155456
0.159508
0.164893
0.166974
0.165272
0.16353
0.162387
0.161541
0.15537
0.165679
0.168164
0.168022
0.16919
0.165818
0.159244
0.154208
0.154511
0.151641
0.146519
0.142436
0.154591
0.171286
0.160544
0.157554
0.152405
0.153166
0.173062
0.171676
0.165933
0.159373
0.159867
0.163534
0.163176
0.162646
0.162173
0.155781
0.157438
0.153374
0.153026
0.153571
0.154457
0.154319
0.152637
0.149818
0.147545
0.164861
0.165432
0.165753
0.167514
0.166238
0.142332
0.141596
0.147461
0.152062
0.152654
0.15328
0.153968
0.152299
0.152276
0.154206
0.157733
0.162576
0.16483
0.16449
0.163222
0.162101
0.161362
0.157514
0.153647
0.165721
0.167801
0.168215
0.168499
0.164548
0.157801
0.154269
0.152028
0.15087
0.144622
0.14593
0.161474
0.161754
0.159602
0.156228
0.152744
0.169833
0.173194
0.171867
0.16564
0.16005
0.159474
0.160503
0.162263
0.163436
0.162831
0.162027
0.161625
0.161526
0.157917
0.157093
0.155584
0.154132
0.152127
0.150002
0.148109
0.167525
0.166901
0.165994
0.167584
0.167006
0.156844
0.139967
0.145187
0.150848
0.152687
0.15398
0.155064
0.153118
0.153414
0.156094
0.160189
0.164252
0.164913
0.162512
0.161625
0.160956
0.158581
0.155042
0.166533
0.168779
0.167527
0.168407
0.167447
0.163057
0.156652
0.154536
0.158877
0.150118
0.142759
0.148884
0.162869
0.161377
0.158679
0.154905
0.152866
0.173004
0.173117
0.171688
0.16544
0.16153
0.160874
0.160003
0.161044
0.161529
0.16375
0.162811
0.162995
0.162382
0.161681
0.161474
0.160437
0.158621
0.155617
0.15242
0.148392
0.168397
0.167964
0.166617
0.165678
0.167471
0.158426
0.138333
0.14233
0.148217
0.152247
0.154935
0.159116
0.154016
0.154892
0.157747
0.163131
0.16505
0.165144
0.161015
0.160446
0.159429
0.154619
0.150767
0.166001
0.167912
0.167631
0.168634
0.165936
0.161472
0.155874
0.154956
0.15566
0.1488
0.140339
0.15479
0.17219
0.160448
0.157688
0.152425
0.153591
0.173409
0.1728
0.170966
0.166872
0.160516
0.160178
0.160741
0.160496
0.161087
0.161239
0.162575
0.159743
0.162435
0.161949
0.160703
0.159323
0.157856
0.156001
0.153677
0.152051
0.165874
0.166946
0.167043
0.166239
0.167487
0.159217
0.155994
0.139984
0.144769
0.151167
0.156707
0.159274
0.155257
0.158034
0.159785
0.164427
0.165486
0.16516
0.159817
0.160134
0.152171
0.153443
0.145193
0.165981
0.167935
0.168352
0.168552
0.16434
0.160133
0.155441
0.155605
0.155335
0.14731
0.139284
0.161378
0.161475
0.159569
0.15669
0.153546
0.156645
0.173485
0.172158
0.169526
0.165817
0.163041
0.16131
0.15915
0.159816
0.160899
0.160729
0.160122
0.160797
0.158741
0.159197
0.160494
0.157642
0.156677
0.156022
0.154837
0.154768
0.158034
0.161195
0.165633
0.165623
0.166831
0.159508
0.156834
0.150208
0.153033
0.150435
0.158154
0.161409
0.157456
0.164624
0.166062
0.168551
0.165918
0.165431
0.159601
0.1583
0.15543
0.158121
0.154618
0.165875
0.166055
0.168696
0.166295
0.162946
0.159142
0.155253
0.153482
0.155048
0.145876
0.160552
0.162559
0.161422
0.158681
0.155842
0.154565
0.173263
0.173183
0.171026
0.167495
0.164262
0.162343
0.161323
0.160847
0.160745
0.160616
0.159998
0.159758
0.161877
0.164632
0.168814
0.165418
0.15709
0.157615
0.15792
0.158839
0.164739
0.156593
0.153553
0.158037
0.164281
0.164996
0.158954
0.156875
0.151093
0.153746
0.157465
0.160804
0.164332
0.167069
0.167338
0.168323
0.168675
0.165897
0.157189
0.160284
0.160827
0.160865
0.160715
0.160706
0.165601
0.164854
0.168577
0.163996
0.161866
0.158503
0.155246
0.151402
0.158865
0.144522
0.160233
0.160484
0.160607
0.157746
0.155382
0.155981
0.173785
0.172411
0.169377
0.165595
0.162966
0.161521
0.160758
0.160285
0.160144
0.160124
0.1602
0.160586
0.160187
0.162458
0.167181
0.171719
0.172461
0.169433
0.164271
0.165678
0.169614
0.16246
0.156092
0.155426
0.158198
0.162086
0.158149
0.155724
0.152904
0.157201
0.160988
0.164508
0.167367
0.169383
0.169184
0.169136
0.168578
0.165245
0.162068
0.162703
0.162644
0.161347
0.161601
0.161712
0.16443
0.162746
0.167457
0.162567
0.161114
0.158145
0.155391
0.150617
0.158979
0.159252
0.16014
0.15698
0.159799
0.15697
0.153729
0.157901
0.173359
0.171423
0.167771
0.164334
0.16221
0.160914
0.159967
0.159296
0.158944
0.158763
0.158757
0.159015
0.159911
0.162418
0.164375
0.166267
0.167548
0.168901
0.167738
0.167269
0.165327
0.164281
0.163349
0.159142
0.157967
0.163494
0.159493
0.157449
0.154449
0.158768
0.165349
0.167944
0.169573
0.169688
0.169456
0.168444
0.164064
0.165738
0.164048
0.163113
0.161837
0.160842
0.160031
0.16471
0.16248
0.168213
0.16552
0.16173
0.160639
0.157932
0.155736
0.151025
0.158868
0.1583
0.159187
0.155031
0.158974
0.156846
0.156939
0.159955
0.172371
0.170765
0.166814
0.163615
0.161695
0.160335
0.159321
0.158676
0.15845
0.158326
0.158791
0.159212
0.161762
0.163676
0.165272
0.166357
0.167954
0.16908
0.1679
0.16622
0.165339
0.161389
0.164928
0.165201
0.161899
0.158682
0.167535
0.161896
0.163367
0.160931
0.168469
0.171784
0.169602
0.162395
0.166294
0.167194
0.164557
0.16313
0.161939
0.159508
0.157286
0.155685
0.164647
0.168272
0.168251
0.167369
0.163663
0.161199
0.160318
0.157771
0.156384
0.151828
0.158785
0.158142
0.154868
0.160655
0.158159
0.157639
0.159849
0.160702
0.168563
0.166741
0.166256
0.16342
0.161599
0.160225
0.159212
0.158737
0.158556
0.158417
0.159265
0.160172
0.152904
0.15344
0.15354
0.154484
0.157997
0.150518
0.150042
0.151014
0.144266
0.163141
0.142296
0.148159
0.151565
0.163696
0.164977
0.16348
0.162402
0.164969
0.17109
0.17027
0.163033
0.16081
0.16263
0.161124
0.158847
0.156087
0.154755
0.154473
0.153161
0.16395
0.167854
0.168449
0.167854
0.166683
0.162387
0.160999
0.160268
0.157769
0.157663
0.160546
0.158798
0.158223
0.164998
0.160184
0.15767
0.15867
0.160837
0.1694
0.162286
0.164762
0.162355
0.163892
0.161963
0.161142
0.160014
0.15947
0.15862
0.156827
0.153518
0.154746
0.152285
0.152283
0.152601
0.152509
0.151934
0.150541
0.149552
0.150549
0.151706
0.134931
0.13903
0.150167
0.143374
0.152978
0.159115
0.155434
0.163205
0.155077
0.16023
0.159653
0.154277
0.159741
0.157917
0.1548
0.153866
0.153656
0.153566
0.151405
0.1636
0.167468
0.168365
0.168755
0.167309
0.165832
0.161819
0.160905
0.160231
0.157855
0.159636
0.162182
0.158459
0.161268
0.156863
0.15956
0.15797
0.159363
0.160663
0.163055
0.16128
0.160792
0.160257
0.160855
0.162903
0.159962
0.160695
0.160012
0.158108
0.156252
0.153791
0.152778
0.152429
0.152275
0.152182
0.151723
0.150907
0.149422
0.14798
0.148879
0.15018
0.153886
0.138889
0.134677
0.136354
0.154926
0.152747
0.137799
0.135398
0.15366
0.15645
0.15579
0.155358
0.151986
0.151497
0.153
0.15337
0.153412
0.151354
0.163222
0.167652
0.168616
0.169121
0.168084
0.166088
0.163913
0.160733
0.160558
0.159826
0.158249
0.162691
0.157284
0.15788
0.163196
0.154542
0.158943
0.158886
0.160399
0.161199
0.162428
0.161076
0.171964
0.160703
0.162523
0.159704
0.158985
0.160079
0.161461
0.158524
0.156175
0.153844
0.152721
0.152317
0.152483
0.152274
0.15169
0.150926
0.149428
0.146714
0.145905
0.146849
0.149404
0.14356
0.138915
0.150295
0.159286
0.159469
0.16192
0.165096
0.165664
0.163917
0.159639
0.153506
0.150332
0.150117
0.148776
0.150563
0.165571
0.166335
0.167703
0.16878
0.169448
0.169344
0.167711
0.166138
0.16015
0.156316
0.154193
0.154368
0.160848
0.163027
0.156876
0.153075
0.162696
0.154969
0.157985
0.159299
0.160394
0.161495
0.161983
0.16288
0.163272
0.160955
0.161123
0.163573
0.158862
0.159548
0.160532
0.159006
0.158698
0.159468
0.161508
0.152719
0.152802
0.152709
0.15212
0.15139
0.150248
0.147758
0.146734
0.147363
0.149196
0.142243
0.138459
0.156479
0.157686
0.161036
0.165172
0.163325
0.163584
0.164271
0.164653
0.16528
0.161012
0.166208
0.167213
0.168119
0.168872
0.169451
0.169735
0.169799
0.169549
0.168565
0.166763
0.165164
0.162657
0.160406
0.16079
0.161538
0.161587
0.16457
0.156232
0.154132
0.163735
0.159248
0.158451
0.160625
0.161794
0.163484
0.168739
0.163097
0.163321
0.170052
0.168761
0.161672
0.159374
0.158133
0.159949
0.159664
0.158982
0.159188
0.161136
0.155957
0.152926
0.153138
0.152608
0.151887
0.151094
0.148892
0.14768
0.148205
0.149692
0.143247
0.14821
0.154939
0.161726
0.1656
0.164907
0.163955
0.164492
0.165029
0.165399
0.163661
0.162162
0.167642
0.168688
0.169616
0.169968
0.170102
0.17011
0.169808
0.169089
0.167677
0.166364
0.159715
0.157028
0.156075
0.160711
0.163365
0.162036
0.166047
0.15811
0.157862
0.164134
0.159158
0.15929
0.161288
0.162849
0.164293
0.164153
0.16613
0.167937
0.166408
0.167558
0.169426
0.165211
0.160314
0.158048
0.160081
0.16009
0.159197
0.159884
0.156518
0.153706
0.153954
0.153676
0.152972
0.152221
0.1512
0.149196
0.150309
0.1507
0.143617
0.165671
0.165632
0.165455
0.165289
0.165099
0.164619
0.164935
0.165869
0.161208
0.151405
0.148776
0.168564
0.169558
0.170217
0.170286
0.170208
0.169925
0.169377
0.168483
0.167074
0.165388
0.163546
0.161352
0.160474
0.160792
0.162862
0.160331
0.166158
0.151792
0.159788
0.162659
0.159067
0.160574
0.161929
0.163443
0.164831
0.162306
0.163842
0.164752
0.165312
0.167146
0.165826
0.167694
0.167754
0.162709
0.159042
0.161024
0.161334
0.157055
0.154201
0.153944
0.154365
0.154531
0.15417
0.15364
0.153067
0.152057
0.150599
0.151371
0.148151
0.166257
0.166219
0.164077
0.163872
0.164173
0.164452
0.165016
0.165538
0.166377
0.167227
0.168036
0.168964
0.16957
0.170128
0.170238
0.16996
0.1693
0.168196
0.166729
0.164667
0.162528
0.16114
0.160606
0.160973
0.160672
0.160611
0.158169
0.163636
0.153659
0.162041
0.159643
0.159386
0.161386
0.162123
0.163951
0.165129
0.161063
0.164886
0.165448
0.16584
0.165734
0.167468
0.165062
0.165721
0.168578
0.165415
0.161486
0.162829
0.160989
0.156298
0.154372
0.154082
0.15471
0.154659
0.154216
0.153764
0.153214
0.151201
0.150918
0.154586
0.164424
0.166032
0.164454
0.163946
0.164181
0.164796
0.165793
0.16673
0.167837
0.168827
0.169383
0.169593
0.16994
0.170206
0.170118
0.169602
0.168556
0.167034
0.165235
0.162846
0.160616
0.158835
0.159168
0.160286
0.160462
0.160138
0.157563
0.162337
0.15675
0.163115
0.159167
0.160166
0.161473
0.162245
0.164641
0.165891
0.159926
0.163579
0.163723
0.164615
0.165393
0.165919
0.166311
0.164511
0.164654
0.169659
0.16733
0.159471
0.158534
0.160425
0.159106
0.15668
0.155293
0.155478
0.155
0.154421
0.153976
0.152002
0.154455
0.152514
0.162132
0.165505
0.165045
0.16429
0.164613
0.165513
0.166372
0.167515
0.16822
0.168919
0.169125
0.169495
0.171293
0.162559
0.169497
0.169646
0.168626
0.166968
0.164872
0.161615
0.159011
0.157434
0.157949
0.159428
0.1599
0.159418
0.157467
0.162515
0.159466
0.164072
0.157684
0.160578
0.160374
0.162694
0.165442
0.166372
0.164698
0.16432
0.162719
0.163004
0.164188
0.16356
0.164543
0.164187
0.163026
0.168031
0.16415
0.163875
0.16245
0.163558
0.162379
0.160874
0.160428
0.159944
0.158843
0.158848
0.159293
0.159235
0.156746
0.150156
0.160601
0.166322
0.165436
0.165178
0.165037
0.165372
0.14729
0.14944
0.153378
0.153456
0.153775
0.154858
0.156485
0.156053
0.153623
0.169264
0.168641
0.166267
0.163617
0.159976
0.156656
0.155996
0.157535
0.158948
0.158905
0.158367
0.157659
0.163956
0.162916
0.165742
0.156916
0.158829
0.159093
0.163799
0.165798
0.166091
0.165439
0.164547
0.159821
0.162974
0.159138
0.158511
0.162982
0.165552
0.166516
0.16667
0.166242
0.165446
0.164548
0.163813
0.162969
0.162397
0.161677
0.159893
0.158661
0.15986
0.157975
0.150098
0.147458
0.154628
0.158576
0.16564
0.166153
0.158988
0.147651
0.158967
0.154261
0.15602
0.155835
0.156817
0.15673
0.162729
0.161851
0.16071
0.159416
0.169097
0.166431
0.162686
0.157856
0.154449
0.154891
0.156493
0.157682
0.157675
0.156958
0.15682
0.159118
0.166367
0.164355
0.164956
0.159016
0.155067
0.159021
0.164606
0.164212
0.162477
0.165927
0.164025
0.164301
0.165175
0.166113
0.166686
0.167006
0.167243
0.167396
0.167282
0.166742
0.16584
0.164782
0.16376
0.162889
0.162196
0.161313
0.158509
0.154921
0.15296
0.151905
0.151123
0.150561
0.153231
0.156641
0.16284
0.158098
0.156196
0.157596
0.158538
0.160217
0.160405
0.16068
0.16031
0.158552
0.156462
0.153334
0.150965
0.161474
0.160292
0.158995
0.164152
0.157106
0.155894
0.15634
0.156696
0.156336
0.15532
0.160915
0.154775
0.15978
0.165841
0.164
0.160197
0.157859
0.153841
0.160966
0.165722
0.166136
0.160873
0.158926
0.160641
0.163465
0.164928
0.16628
0.166648
0.166803
0.166908
0.166975
0.166924
0.166676
0.165871
0.164786
0.164157
0.16315
0.162105
0.160521
0.157613
0.154461
0.152644
0.151605
0.152423
0.151798
0.158641
0.153278
0.156629
0.158837
0.159394
0.158133
0.158077
0.147199
0.143036
0.144685
0.143447
0.142994
0.143076
0.143693
0.144329
0.145049
0.146183
0.146944
0.147609
0.148934
0.150341
0.160191
0.152237
0.153122
0.158306
0.154408
0.154747
0.159588
0.163348
0.163476
0.159823
0.155553
0.154607
0.162333
0.165282
0.163143
0.15876
0.158111
0.158514
0.16191
0.164139
0.165742
0.165974
0.166012
0.166056
0.166131
0.166195
0.166152
0.165856
0.165174
0.164431
0.163478
0.162024
0.159647
0.156448
0.153962
0.15274
0.152643
0.152754
0.155394
0.158379
0.166117
0.163022
0.159027
0.159527
0.160343
0.158162
0.160765
0.157877
0.157848
0.158259
0.160372
0.161618
0.161518
0.161377
0.160747
0.156031
0.155286
0.154139
0.154394
0.154687
0.154662
0.153944
0.152445
0.155791
0.153862
0.160185
0.160616
0.157217
0.159528
0.157029
0.154968
0.159047
0.164156
0.162824
0.163449
0.165738
0.161944
0.162366
0.163417
0.164354
0.16483
0.164933
0.164917
0.164986
0.165146
0.165332
0.165436
0.165367
0.165057
0.163641
0.162374
0.160046
0.156889
0.15439
0.152947
0.152606
0.151494
0.152227
0.155738
0.158527
0.160055
0.153837
0.159332
0.159585
0.160252
0.160758
0.161043
0.161086
0.161082
0.160951
0.157747
0.155293
0.152533
0.152178
0.152446
0.152879
0.153311
0.153692
0.153963
0.154002
0.153698
0.152928
0.151582
0.154769
0.15311
0.160203
0.158074
0.152522
0.159181
0.141913
0.168983
0.164397
0.167332
0.161657
0.156282
0.163113
0.162979
0.162757
0.162755
0.162886
0.163061
0.163278
0.163469
0.163643
0.163904
0.164206
0.164427
0.164489
0.164272
0.162043
0.160047
0.156949
0.15434
0.152803
0.152435
0.151938
0.151416
0.153383
0.15543
0.158527
0.155937
0.157646
0.15865
0.159092
0.159699
0.160257
0.15078
0.160757
0.16069
0.158288
0.152955
0.152276
0.1522
0.152395
0.15267
0.152928
0.153139
0.153302
0.153341
0.15316
0.152684
0.151981
0.15835
0.154115
0.159856
0.159608
0.157491
0.150939
0.153891
0.150659
0.168385
0.166349
0.166821
0.161241
0.162212
0.162217
0.161639
0.161124
0.160899
0.160858
0.161012
0.161348
0.161757
0.162146
0.162493
0.162801
0.163036
0.16307
0.162842
0.15964
0.156784
0.154052
0.152568
0.152253
0.152223
0.152063
0.151877
0.15405
0.154929
0.158275
0.156608
0.154815
0.156028
0.157854
0.158667
0.158386
0.150655
0.160529
0.160546
0.160136
0.152535
0.152345
0.152375
0.15248
0.152566
0.152613
0.152616
0.15255
0.152374
0.151948
0.151344
0.150641
0.154837
0.159775
0.159469
0.159339
0.157122
0.147234
0.152266
0.1405
0.164383
0.166934
0.165001
0.162332
0.161026
0.160793
0.159907
0.159329
0.158957
0.158881
0.159076
0.159476
0.159996
0.160539
0.161017
0.161394
0.161557
0.161465
0.161023
0.157191
0.154144
0.152413
0.152036
0.152278
0.152525
0.152936
0.152574
0.154062
0.154677
0.158444
0.157259
0.154672
0.153981
0.154981
0.155587
0.156185
0.153741
0.153328
0.152791
0.159402
0.159732
0.152206
0.152072
0.152092
0.152114
0.152074
0.151911
0.151632
0.151147
0.15042
0.147624
0.15367
0.159724
0.15942
0.159466
0.159282
0.157355
0.147729
0.153036
0.142234
0.16032
0.16455
0.164335
0.164005
0.160057
0.158974
0.158115
0.157603
0.157325
0.15734
0.157583
0.158009
0.158566
0.159178
0.159777
0.160247
0.160461
0.160335
0.159549
0.154377
0.152288
0.151778
0.151938
0.151996
0.151948
0.151998
0.151189
0.153472
0.15834
0.160485
0.158666
0.155218
0.153288
0.153453
0.15937
0.157602
0.155767
0.15457
0.153879
0.153852
0.15432
0.155012
0.155803
0.156579
0.157142
0.157513
0.157826
0.158111
0.158348
0.158526
0.158686
0.158857
0.159015
0.159206
0.159446
0.159579
0.158228
0.151706
0.149855
0.15118
0.160988
0.164384
0.164514
0.164618
0.15923
0.157599
0.156963
0.156585
0.156422
0.156504
0.156773
0.157199
0.157736
0.158342
0.15893
0.159381
0.15958
0.159277
0.157551
0.152138
0.151587
0.151571
0.151158
0.150494
0.149774
0.148984
0.148086
0.153995
0.159006
0.159727
0.160485
0.158862
0.155163
0.153724
0.160153
0.158993
0.158004
0.156615
0.155779
0.155242
0.15499
0.154861
0.154742
0.154676
0.154674
0.154781
0.155033
0.155446
0.15596
0.156554
0.157138
0.157699
0.158201
0.158672
0.159159
0.159635
0.159151
0.154153
0.147073
0.157154
0.161218
0.163633
0.16614
0.164911
0.16012
0.156694
0.156225
0.155898
0.155819
0.155949
0.156241
0.156665
0.157176
0.157726
0.158233
0.158589
0.158623
0.15744
0.154449
0.151387
0.151367
0.150596
0.149435
0.148359
0.14653
0.143241
0.14168
0.148855
0.159347
0.160767
0.162923
0.162861
0.158686
0.158566
0.160484
0.159925
0.159571
0.15843
0.157206
0.155961
0.155037
0.154401
0.153992
0.153777
0.153723
0.153803
0.154031
0.154402
0.154911
0.155507
0.156126
0.15675
0.157383
0.158032
0.158705
0.159364
0.159135
0.155043
0.149259
0.157651
0.16556
0.163174
0.165626
0.164998
0.158709
0.155954
0.155417
0.155179
0.155176
0.155349
0.155658
0.156075
0.156561
0.157037
0.15746
0.15771
0.157098
0.154473
0.152022
0.15123
0.150606
0.149143
0.14798
0.14565
0.140637
0.138128
0.143817
0.154166
0.153033
0.15908
0.16365
0.163862
0.157616
0.15787
0.160361
0.160378
0.160138
0.159443
0.158164
0.156553
0.155262
0.15438
0.153818
0.153453
0.153271
0.153238
0.153351
0.153612
0.154035
0.154551
0.155143
0.155756
0.156433
0.157207
0.158075
0.158989
0.159142
0.155901
0.146756
0.157981
0.152552
0.160673
0.164718
0.164731
0.160725
0.156005
0.15458
0.154392
0.154457
0.154666
0.154983
0.155381
0.155827
0.156272
0.156651
0.156549
0.154642
0.151985
0.151048
0.150855
0.14956
0.148238
0.145384
0.13904
0.137203
0.139495
0.1415
0.143095
0.14593
0.151771
0.160604
0.15864
0.159343
0.157677
0.159774
0.160769
0.161226
0.160363
0.158957
0.157355
0.15608
0.154968
0.154126
0.153544
0.15316
0.152954
0.152905
0.153029
0.15343
0.153156
0.152545
0.152883
0.153599
0.15448
0.155366
0.156035
0.155621
0.151731
0.147155
0.158189
0.156464
0.161109
0.161701
0.162917
0.161473
0.158123
0.154025
0.153556
0.153651
0.153897
0.154226
0.154607
0.155038
0.15551
0.15578
0.154791
0.152276
0.150681
0.150755
0.150267
0.148996
0.146434
0.139282
0.140157
0.144728
0.143549
0.144507
0.147452
0.146348
0.146124
0.152418
0.159124
0.156912
0.157209
0.159292
0.161443
0.161051
0.159503
0.158483
0.157036
0.155454
0.154105
0.153212
0.15206
0.150789
0.150627
0.150762
0.151094
0.151595
0.152219
0.152938
0.153704
0.15451
0.155265
0.155818
0.155846
0.154241
0.149606
0.148633
0.155165
0.152937
0.165048
0.156375
0.157687
0.161308
0.157401
0.155291
0.152999
0.152822
0.153042
0.153419
0.153816
0.154273
0.154754
0.154644
0.152817
0.150667
0.149952
0.150589
0.149802
0.148202
0.141739
0.140405
0.15123
0.137985
0.141558
0.154233
0.152519
0.150887
0.145875
0.159555
0.159543
0.15767
0.156891
0.159342
0.159876
0.159686
0.159123
0.158045
0.156436
0.153554
0.152497
0.151901
0.151566
0.151504
0.151645
0.151957
0.152431
0.153017
0.153655
0.154296
0.154893
0.155419
0.155781
0.155768
0.154829
0.151922
0.148409
0.157066
0.167673
0.153117
0.158057
0.155746
0.155057
0.158642
0.158385
0.156774
0.155284
0.152197
0.152054
0.152353
0.152796
0.153338
0.153803
0.153239
0.151212
0.149536
0.149424
0.150328
0.149581
0.145867
0.139211
0.148077
0.138353
0.147251
0.137676
0.143597
0.147936
0.157976
0.16286
0.160691
0.157627
0.158658
0.156518
0.156732
0.158293
0.159165
0.159031
0.156443
0.155108
0.154285
0.153633
0.153183
0.152933
0.152939
0.153131
0.153466
0.153911
0.15439
0.154845
0.155243
0.155543
0.155689
0.155516
0.154742
0.152751
0.149163
0.154268
0.161718
0.162811
0.140992
0.139489
0.156743
0.144818
0.157877
0.156587
0.156886
0.157526
0.156297
0.153672
0.15176
0.152071
0.1527
0.153155
0.152222
0.150119
0.148725
0.149007
0.149838
0.148691
0.143094
0.14206
0.143082
0.143929
0.148847
0.153025
0.157367
0.154065
0.158536
0.154485
0.15031
0.160592
0.157263
0.155656
0.156102
0.158019
0.158938
0.156655
0.155863
0.155345
0.154853
0.154455
0.154183
0.154062
0.154122
0.154308
0.154564
0.154859
0.155123
0.155325
0.155425
0.155368
0.155053
0.154296
0.152786
0.150114
0.147909
0.161434
0.163968
0.160835
0.155142
0.144811
0.147891
0.142391
0.142024
0.141263
0.141059
0.141538
0.142569
0.157582
0.156752
0.151892
0.151277
0.151865
0.151155
0.149038
0.147669
0.147865
0.14867
0.1626
0.164008
0.162346
0.167002
0.152471
0.142734
0.150286
0.158198
0.15707
0.159663
0.153031
0.148043
0.146077
0.156771
0.15423
0.156177
0.157865
0.155868
0.15588
0.155658
0.155388
0.155116
0.154904
0.154761
0.154716
0.154789
0.155055
0.155698
0.156811
0.157764
0.158189
0.158211
0.157834
0.15691
0.155582
0.153479
0.151164
0.155602
0.169714
0.155909
0.15149
0.157551
0.146504
0.157938
0.137552
0.137016
0.136815
0.136804
0.137361
0.137786
0.138174
0.140451
0.141895
0.143675
0.145683
0.147935
0.150029
0.150129
0.143649
0.161819
0.145983
0.154041
0.155951
0.156249
0.158848
0.156788
0.15857
0.153757
0.158905
0.161739
0.150999
0.147413
0.146939
0.145265
0.155267
0.156529
0.155153
0.155356
0.155568
0.155532
0.155271
0.155112
0.155143
0.157151
0.158748
0.15923
0.159413
0.159513
0.159524
0.159416
0.159153
0.158706
0.158023
0.157046
0.155675
0.153805
0.153452
0.148947
0.150095
0.144257
0.14919
0.148092
0.147094
0.160508
0.140662
0.142757
0.138368
0.137661
0.13785
0.138973
0.140488
0.141821
0.143102
0.14462
0.146106
0.147738
0.148952
0.147404
0.140285
0.140701
0.143744
0.148229
0.151773
0.152809
0.15542
0.162038
0.159552
0.150255
0.162415
0.162512
0.149864
0.146713
0.145432
0.144509
0.163408
0.157582
0.154809
0.155139
0.155325
0.155312
0.155164
0.157164
0.159071
0.159358
0.159443
0.159475
0.159453
0.159354
0.159151
0.158829
0.158367
0.157825
0.157278
0.156487
0.154989
0.153817
0.158103
0.14646
0.142947
0.155454
0.151707
0.148941
0.147085
0.160084
0.152529
0.154242
0.143893
0.140814
0.139641
0.139928
0.140914
0.142214
0.143719
0.145246
0.14689
0.147727
0.148285
0.144887
0.138514
0.139104
0.141652
0.146103
0.149864
0.151349
0.152671
0.151489
0.147999
0.148584
0.15809
0.15971
0.147628
0.14402
0.142102
0.14197
0.142443
0.162172
0.155643
0.155074
0.155167
0.155117
0.155745
0.159003
0.159322
0.159352
0.159322
0.159244
0.159112
0.158912
0.158649
0.158401
0.158272
0.158056
0.157161
0.15575
0.154578
0.157266
0.144792
0.139661
0.147728
0.151858
0.153866
0.148828
0.146986
0.146147
0.158401
0.153552
0.156589
0.152357
0.143964
0.143116
0.142623
0.143015
0.144184
0.145824
0.147398
0.148569
0.1477
0.143516
0.13769
0.137596
0.138887
0.143049
0.145969
0.150073
0.153555
0.150735
0.147143
0.145823
0.154347
0.156445
0.143521
0.14116
0.140778
0.141071
0.142573
0.144213
0.161387
0.155513
0.155142
0.154988
0.157292
0.159132
0.159207
0.159186
0.15909
0.158954
0.158802
0.158693
0.158726
0.158858
0.158637
0.157769
0.156509
0.155432
0.157077
0.154461
0.139093
0.144519
0.149123
0.153861
0.158213
0.148009
0.156144
0.15828
0.161125
0.161283
0.159678
0.156711
0.151888
0.144795
0.143398
0.14278
0.143635
0.145243
0.147057
0.14863
0.148761
0.143742
0.137508
0.136238
0.13832
0.141645
0.144763
0.146528
0.14817
0.149085
0.14646
0.142553
0.153868
0.153371
0.140848
0.140418
0.140421
0.141766
0.144742
0.14788
0.148087
0.160291
0.15551
0.155045
0.156616
0.159057
0.159043
0.159064
0.158948
0.158863
0.158921
0.159142
0.159345
0.159252
0.158608
0.157524
0.156353
0.156907
0.153912
0.151396
0.137756
0.15546
0.148199
0.154363
0.156863
0.148914
0.156754
0.159509
0.161809
0.162429
0.162153
0.16121
0.159528
0.154486
0.146716
0.145313
0.144376
0.144927
0.145609
0.147559
0.148605
0.147082
0.141126
0.137944
0.134591
0.13583
0.138005
0.140351
0.14204
0.141988
0.140285
0.137644
0.151559
0.153567
0.140611
0.140677
0.142108
0.145858
0.149388
0.149002
0.148309
0.147565
0.151046
0.155658
0.156215
0.159047
0.15906
0.158968
0.15917
0.159471
0.159848
0.160114
0.160139
0.159791
0.158964
0.157706
0.157215
0.155427
0.153326
0.151572
0.139223
0.15032
0.159408
0.153616
0.151009
0.150492
0.147288
0.157363
0.161325
0.162583
0.162897
0.162666
0.161997
0.160693
0.156141
0.147231
0.144878
0.143011
0.141828
0.142205
0.142445
0.142482
0.140218
0.136421
0.13775
0.134191
0.132978
0.133172
0.133976
0.13526
0.136479
0.136954
0.140863
0.141361
0.142277
0.14596
0.149848
0.149769
0.148995
0.148151
0.147379
0.14679
0.146452
0.145221
0.156641
0.159563
0.159542
0.159811
0.160438
0.16081
0.160999
0.161066
0.161063
0.160767
0.159883
0.15869
0.158058
0.156102
0.15473
0.153592
0.14413
0.154936
0.158244
0.156935
0.156476
0.151394
0.147294
0.146792
0.146761
0.162164
0.163115
0.163149
0.162926
0.16235
0.160898
0.154953
0.1441
0.140924
0.139857
0.139878
0.139936
0.14004
0.14016
0.139969
0.139366
0.139467
0.139655
0.13997
0.140391
0.141088
0.143145
0.148476
0.15033
0.150267
0.150072
0.149555
0.149612
0.146504
0.145102
0.144543
0.150375
0.146825
0.14611
0.145579
0.144469
0.15351
0.161735
0.162068
0.162104
0.161651
0.161442
0.1614
0.161361
0.160937
0.160372
0.160082
0.159829
0.157435
0.155376
0.154274
0.146295
0.158092
0.160927
0.156481
0.156469
0.151341
0.147325
0.147529
0.148021
0.148419
0.163618
0.163479
0.163259
0.162937
0.16225
0.159632
0.1454
0.138346
0.138511
0.138845
0.139003
0.139121
0.139242
0.139307
0.138651
0.138847
0.139129
0.139528
0.140105
0.140983
0.142244
0.143946
0.146388
0.147531
0.148325
0.148857
0.143005
0.142239
0.141976
0.141909
0.141852
0.14167
0.1413
0.140794
0.140428
0.140114
0.142847
0.15495
0.16093
0.16105
0.160531
0.160346
0.160161
0.160182
0.160875
0.161962
0.161724
0.158177
0.156469
0.156535
0.154493
0.155432
0.15711
0.158129
0.155895
0.151577
0.148899
0.150204
0.151263
0.151563
0.165445
0.164067
0.163136
0.162291
0.161435
0.157926
0.154333
0.136582
0.137557
0.137945
0.138117
0.138234
0.138368
0.138502
0.13988
0.140103
0.14033
0.140552
0.140771
0.141029
0.141386
0.142016
0.143769
0.144236
0.145426
0.146129
0.14631
0.142473
0.142774
0.142636
0.141711
0.139842
0.138976
0.138762
0.138697
0.138866
0.139466
0.140728
0.14378
0.156923
0.161624
0.163189
0.163371
0.16171
0.161456
0.162604
0.163192
0.160407
0.158983
0.157834
0.159141
0.155616
0.150921
0.157182
0.158107
0.155571
0.153307
0.153431
0.153605
0.153885
0.167434
0.164065
0.161935
0.160041
0.157809
0.154586
0.153011
0.135654
0.137699
0.138339
0.138822
0.139182
0.139415
0.139653
0.143065
0.143334
0.143577
0.143798
0.143994
0.144189
0.144399
0.144643
0.145866
0.146285
0.148229
0.143735
0.143212
0.143327
0.143296
0.143085
0.142729
0.142259
0.141742
0.141278
0.140924
0.140731
0.140758
0.141027
0.141683
0.142909
0.14596
0.153265
0.152885
0.152643
0.162011
0.161733
0.16296
0.161413
0.161623
0.154869
0.157971
0.15896
0.153414
0.158148
0.158791
0.154371
0.153735
0.153262
0.153269
0.153695
0.163645
0.160739
0.158644
0.157145
0.154811
0.151816
0.148855
0.135791
0.139259
0.140346
0.141211
0.141857
0.142334
0.142747
0.144659
0.144651
0.144728
0.145004
0.14559
0.146631
0.148115
0.149294
0.154483
0.149588
0.152414
0.147956
0.147976
0.147764
0.147358
0.146799
0.146138
0.145384
0.144573
0.143795
0.143127
0.14264
0.14241
0.142451
0.142794
0.143544
0.144736
0.146145
0.149828
0.151075
0.151666
0.160252
0.159296
0.158298
0.163834
0.162786
0.160311
0.161523
0.153263
0.154988
0.155034
0.15313
0.153714
0.153788
0.154184
0.155431
0.155411
0.153782
0.152921
0.152086
0.150539
0.148395
0.14574
0.133963
0.141599
0.143253
0.14404
0.144454
0.144644
0.144682
0.189629
0.201492
0.208309
0.212593
0.215489
0.217728
0.219609
0.22089
0.224033
0.224135
0.153291
0.153206
0.153108
0.15264
0.151889
0.150968
0.149976
0.148941
0.147911
0.146952
0.146103
0.145424
0.145016
0.144915
0.145102
0.145628
0.146361
0.147385
0.148694
0.147504
0.149712
0.151352
0.156041
0.15739
0.16475
0.164111
0.164194
0.16549
0.153975
0.153542
0.154161
0.153238
0.155162
0.155596
0.156531
0.152658
0.150057
0.149073
0.148612
0.148222
0.147725
0.146715
0.145378
0.136186
0.144327
0.145379
0.145616
0.146479
0.152608
0.171016
0.210269
0.214516
0.217647
0.220172
0.22221
0.223947
0.22566
0.227301
0.230339
0.232977
0.158641
0.158258
0.158007
0.157289
0.156204
0.154915
0.153595
0.152316
0.151164
0.150212
0.149465
0.148936
0.148601
0.148388
0.148231
0.148286
0.148629
0.1493
0.149389
0.145684
0.14862
0.150721
0.152703
0.156455
0.164408
0.164049
0.166441
0.166017
0.152134
0.154129
0.154973
0.155318
0.156973
0.157957
0.151742
0.148475
0.147588
0.147187
0.147304
0.147673
0.147797
0.146911
0.146126
0.143392
0.146213
0.147
0.152616
0.174955
0.194045
0.204192
0.217416
0.220787
0.223217
0.225038
0.226544
0.228125
0.230122
0.232213
0.235944
0.238186
0.16181
0.161068
0.160609
0.159681
0.158366
0.156834
0.155272
0.153785
0.152456
0.151325
0.150306
0.149422
0.148682
0.148129
0.147739
0.147604
0.147594
0.147762
0.147922
0.134308
0.14711
0.150214
0.153166
0.157819
0.164707
0.151122
0.167293
0.155172
0.148884
0.154871
0.155356
0.155004
0.15886
0.149632
0.147908
0.147441
0.147289
0.147482
0.148082
0.148721
0.148844
0.147753
0.146796
0.146087
0.14727
0.151211
0.171555
0.193952
0.205855
0.212785
0.222957
0.225074
0.226447
0.22734
0.228084
0.229013
0.230441
0.232377
0.234953
0.235504
0.161416
0.160409
0.159793
0.158791
0.15749
0.156033
0.154556
0.153124
0.151748
0.150438
0.149055
0.147724
0.146481
0.145472
0.144811
0.144546
0.144582
0.144904
0.145624
0.1466
0.146294
0.149778
0.152804
0.155896
0.159212
0.148678
0.150428
0.156059
0.144342
0.154954
0.155055
0.15254
0.149438
0.149132
0.148992
0.148893
0.148812
0.148803
0.149082
0.149611
0.14993
0.148578
0.144765
0.146609
0.147638
0.154521
0.181505
0.20448
0.214674
0.219779
0.223975
0.226166
0.227586
0.22855
0.229381
0.230168
0.231133
0.232799
0.234245
0.22936
0.158097
0.157143
0.156687
0.155954
0.155042
0.154039
0.153027
0.152054
0.151101
0.150225
0.149213
0.148243
0.147228
0.146334
0.145751
0.145735
0.146324
0.147303
0.148378
0.150461
0.150353
0.151566
0.154368
0.156619
0.159798
0.144847
0.152079
0.149894
0.14896
0.154588
0.15534
0.152033
0.152755
0.153356
0.153546
0.153456
0.153274
0.153115
0.15317
0.152653
0.150113
0.138404
0.145388
0.145998
0.146222
0.147438
0.15458
0.182045
0.208363
0.219666
)
;
    }
    front
    {
        type            cyclic;
    }
    back
    {
        type            cyclic;
    }
}


// ************************************************************************* //
