/*--------------------------------*- C++ -*----------------------------------*\
  =========                 |
  \\      /  F ield         | OpenFOAM: The Open Source CFD Toolbox
   \\    /   O peration     | Website:  https://openfoam.org
    \\  /    A nd           | Version:  13
     \\/     M anipulation  |
\*---------------------------------------------------------------------------*/
FoamFile
{
    format      ascii;
    class       volVectorField;
    location    "0.5";
    object      t1_basis;
}
// * * * * * * * * * * * * * * * * * * * * * * * * * * * * * * * * * * * * * //

dimensions      [];

internalField   uniform (0 0 0);

boundaryField
{
    inlet
    {
        type            cyclic;
    }
    outlet
    {
        type            cyclic;
    }
    top
    {
        type            calculated;
        value           uniform (1 0 0);
    }
    hills
    {
        type            calculated;
        value           nonuniform List<vector> 
7200
(
(1 0 0)
(1 0 0)
(1 0 0)
(1 0 0)
(1 0 0)
(1 0 0)
(1 0 0)
(1 0 0)
(1 0 0)
(1 0 0)
(1 0 0)
(1 0 0)
(1 0 0)
(1 0 0)
(1 0 0)
(1 0 0)
(1 0 0)
(1 0 0)
(1 0 0)
(1 0 0)
(1 0 0)
(1 0 0)
(1 0 0)
(1 0 0)
(1 0 0)
(1 0 0)
(1 0 0)
(1 0 0)
(1 0 0)
(1 0 0)
(1 0 0)
(1 0 0)
(1 0 0)
(1 0 0)
(1 0 0)
(1 0 0)
(1 0 0)
(1 0 0)
(1 0 0)
(1 0 0)
(1 0 0)
(1 0 0)
(1 0 0)
(1 0 0)
(1 0 0)
(1 0 0)
(1 0 0)
(1 0 0)
(1 0 0)
(1 0 0)
(1 0 0)
(1 0 0)
(1 0 0)
(1 0 0)
(1 0 0)
(1 0 0)
(1 0 0)
(1 0 0)
(1 0 0)
(1 0 0)
(0.999837 -0.0180375 0)
(0.999837 -0.0180375 0)
(0.999837 -0.0180375 0)
(0.999837 -0.0180375 0)
(0.999837 -0.0180375 0)
(0.999837 -0.0180375 0)
(0.999837 -0.0180375 0)
(0.999837 -0.0180375 0)
(0.999837 -0.0180375 0)
(0.999837 -0.0180375 0)
(0.999837 -0.0180375 0)
(0.999837 -0.0180375 0)
(0.999837 -0.0180375 0)
(0.999837 -0.0180375 0)
(0.999837 -0.0180375 0)
(0.999837 -0.0180375 0)
(0.999837 -0.0180375 0)
(0.999837 -0.0180375 0)
(0.999837 -0.0180375 0)
(0.999837 -0.0180375 0)
(0.999837 -0.0180375 0)
(0.999837 -0.0180375 0)
(0.999837 -0.0180375 0)
(0.999837 -0.0180375 0)
(0.999837 -0.0180375 0)
(0.999837 -0.0180375 0)
(0.999837 -0.0180375 0)
(0.999837 -0.0180375 0)
(0.999837 -0.0180375 0)
(0.999837 -0.0180375 0)
(0.999837 -0.0180375 0)
(0.999837 -0.0180375 0)
(0.999837 -0.0180375 0)
(0.999837 -0.0180375 0)
(0.999837 -0.0180375 0)
(0.999837 -0.0180375 0)
(0.999837 -0.0180375 0)
(0.999837 -0.0180375 0)
(0.999837 -0.0180375 0)
(0.999837 -0.0180375 0)
(0.999837 -0.0180375 0)
(0.999837 -0.0180375 0)
(0.999837 -0.0180375 0)
(0.999837 -0.0180375 0)
(0.999837 -0.0180375 0)
(0.999837 -0.0180375 0)
(0.999837 -0.0180375 0)
(0.999837 -0.0180375 0)
(0.999837 -0.0180375 0)
(0.999837 -0.0180375 0)
(0.999837 -0.0180375 0)
(0.999837 -0.0180375 0)
(0.999837 -0.0180375 0)
(0.999837 -0.0180375 0)
(0.999837 -0.0180375 0)
(0.999837 -0.0180375 0)
(0.999837 -0.0180375 0)
(0.999837 -0.0180375 0)
(0.999837 -0.0180375 0)
(0.999837 -0.0180375 0)
(0.994353 -0.10612 0)
(0.994353 -0.10612 0)
(0.994353 -0.10612 0)
(0.994353 -0.10612 0)
(0.994353 -0.10612 0)
(0.994353 -0.10612 0)
(0.994353 -0.10612 0)
(0.994353 -0.10612 0)
(0.994353 -0.10612 0)
(0.994353 -0.10612 0)
(0.994353 -0.10612 0)
(0.994353 -0.10612 0)
(0.994353 -0.10612 0)
(0.994353 -0.10612 0)
(0.994353 -0.10612 0)
(0.994353 -0.10612 0)
(0.994353 -0.10612 0)
(0.994353 -0.10612 0)
(0.994353 -0.10612 0)
(0.994353 -0.10612 0)
(0.994353 -0.10612 0)
(0.994353 -0.10612 0)
(0.994353 -0.10612 0)
(0.994353 -0.10612 0)
(0.994353 -0.10612 0)
(0.994353 -0.10612 0)
(0.994353 -0.10612 0)
(0.994353 -0.10612 0)
(0.994353 -0.10612 0)
(0.994353 -0.10612 0)
(0.994353 -0.10612 0)
(0.994353 -0.10612 0)
(0.994353 -0.10612 0)
(0.994353 -0.10612 0)
(0.994353 -0.10612 0)
(0.994353 -0.10612 0)
(0.994353 -0.10612 0)
(0.994353 -0.10612 0)
(0.994353 -0.10612 0)
(0.994353 -0.10612 0)
(0.994353 -0.10612 0)
(0.994353 -0.10612 0)
(0.994353 -0.10612 0)
(0.994353 -0.10612 0)
(0.994353 -0.10612 0)
(0.994353 -0.10612 0)
(0.994353 -0.10612 0)
(0.994353 -0.10612 0)
(0.994353 -0.10612 0)
(0.994353 -0.10612 0)
(0.994353 -0.10612 0)
(0.994353 -0.10612 0)
(0.994353 -0.10612 0)
(0.994353 -0.10612 0)
(0.994353 -0.10612 0)
(0.994353 -0.10612 0)
(0.994353 -0.10612 0)
(0.994353 -0.10612 0)
(0.994353 -0.10612 0)
(0.994353 -0.10612 0)
(0.971178 -0.238357 0)
(0.971178 -0.238357 0)
(0.971178 -0.238357 0)
(0.971178 -0.238357 0)
(0.971178 -0.238357 0)
(0.971178 -0.238357 0)
(0.971178 -0.238357 0)
(0.971178 -0.238357 0)
(0.971178 -0.238357 0)
(0.971178 -0.238357 0)
(0.971178 -0.238357 0)
(0.971178 -0.238357 0)
(0.971178 -0.238357 0)
(0.971178 -0.238357 0)
(0.971178 -0.238357 0)
(0.971178 -0.238357 0)
(0.971178 -0.238357 0)
(0.971178 -0.238357 0)
(0.971178 -0.238357 0)
(0.971178 -0.238357 0)
(0.971178 -0.238357 0)
(0.971178 -0.238357 0)
(0.971178 -0.238357 0)
(0.971178 -0.238357 0)
(0.971178 -0.238357 0)
(0.971178 -0.238357 0)
(0.971178 -0.238357 0)
(0.971178 -0.238357 0)
(0.971178 -0.238357 0)
(0.971178 -0.238357 0)
(0.971178 -0.238357 0)
(0.971178 -0.238357 0)
(0.971178 -0.238357 0)
(0.971178 -0.238357 0)
(0.971178 -0.238357 0)
(0.971178 -0.238357 0)
(0.971178 -0.238357 0)
(0.971178 -0.238357 0)
(0.971178 -0.238357 0)
(0.971178 -0.238357 0)
(0.971178 -0.238357 0)
(0.971178 -0.238357 0)
(0.971178 -0.238357 0)
(0.971178 -0.238357 0)
(0.971178 -0.238357 0)
(0.971178 -0.238357 0)
(0.971178 -0.238357 0)
(0.971178 -0.238357 0)
(0.971178 -0.238357 0)
(0.971178 -0.238357 0)
(0.971178 -0.238357 0)
(0.971178 -0.238357 0)
(0.971178 -0.238357 0)
(0.971178 -0.238357 0)
(0.971178 -0.238357 0)
(0.971178 -0.238357 0)
(0.971178 -0.238357 0)
(0.971178 -0.238357 0)
(0.971178 -0.238357 0)
(0.971178 -0.238357 0)
(0.91876 -0.394816 0)
(0.91876 -0.394816 0)
(0.91876 -0.394816 0)
(0.91876 -0.394816 0)
(0.91876 -0.394816 0)
(0.91876 -0.394816 0)
(0.91876 -0.394816 0)
(0.91876 -0.394816 0)
(0.91876 -0.394816 0)
(0.91876 -0.394816 0)
(0.91876 -0.394816 0)
(0.91876 -0.394816 0)
(0.91876 -0.394816 0)
(0.91876 -0.394816 0)
(0.91876 -0.394816 0)
(0.91876 -0.394816 0)
(0.91876 -0.394816 0)
(0.91876 -0.394816 0)
(0.91876 -0.394816 0)
(0.91876 -0.394816 0)
(0.91876 -0.394816 0)
(0.91876 -0.394816 0)
(0.91876 -0.394816 0)
(0.91876 -0.394816 0)
(0.91876 -0.394816 0)
(0.91876 -0.394816 0)
(0.91876 -0.394816 0)
(0.91876 -0.394816 0)
(0.91876 -0.394816 0)
(0.91876 -0.394816 0)
(0.91876 -0.394816 0)
(0.91876 -0.394816 0)
(0.91876 -0.394816 0)
(0.91876 -0.394816 0)
(0.91876 -0.394816 0)
(0.91876 -0.394816 0)
(0.91876 -0.394816 0)
(0.91876 -0.394816 0)
(0.91876 -0.394816 0)
(0.91876 -0.394816 0)
(0.91876 -0.394816 0)
(0.91876 -0.394816 0)
(0.91876 -0.394816 0)
(0.91876 -0.394816 0)
(0.91876 -0.394816 0)
(0.91876 -0.394816 0)
(0.91876 -0.394816 0)
(0.91876 -0.394816 0)
(0.91876 -0.394816 0)
(0.91876 -0.394816 0)
(0.91876 -0.394816 0)
(0.91876 -0.394816 0)
(0.91876 -0.394816 0)
(0.91876 -0.394816 0)
(0.91876 -0.394816 0)
(0.91876 -0.394816 0)
(0.91876 -0.394816 0)
(0.91876 -0.394816 0)
(0.91876 -0.394816 0)
(0.91876 -0.394816 0)
(0.858115 -0.513458 -1.07853e-17)
(0.858115 -0.513458 -1.07853e-17)
(0.858115 -0.513458 -1.07853e-17)
(0.858115 -0.513458 -1.07853e-17)
(0.858115 -0.513458 -1.07853e-17)
(0.858115 -0.513458 -1.07853e-17)
(0.858115 -0.513458 -1.07853e-17)
(0.858115 -0.513458 -1.07853e-17)
(0.858115 -0.513458 -1.07853e-17)
(0.858115 -0.513458 -1.07853e-17)
(0.858115 -0.513458 -1.07853e-17)
(0.858115 -0.513458 -1.07853e-17)
(0.858115 -0.513458 -1.07853e-17)
(0.858115 -0.513458 -1.07853e-17)
(0.858115 -0.513458 -1.07853e-17)
(0.858115 -0.513458 -1.07853e-17)
(0.858115 -0.513458 -1.07853e-17)
(0.858115 -0.513458 -1.07853e-17)
(0.858115 -0.513458 -1.07853e-17)
(0.858115 -0.513458 -1.07853e-17)
(0.858115 -0.513458 -1.07853e-17)
(0.858115 -0.513458 -1.07853e-17)
(0.858115 -0.513458 -1.07853e-17)
(0.858115 -0.513458 -1.07853e-17)
(0.858115 -0.513458 -1.07853e-17)
(0.858115 -0.513458 -1.07853e-17)
(0.858115 -0.513458 -1.07853e-17)
(0.858115 -0.513458 -1.07853e-17)
(0.858115 -0.513458 -1.07853e-17)
(0.858115 -0.513458 -1.07853e-17)
(0.858115 -0.513458 -1.07853e-17)
(0.858115 -0.513458 -1.07853e-17)
(0.858115 -0.513458 -1.07853e-17)
(0.858115 -0.513458 -1.07853e-17)
(0.858115 -0.513458 -1.07853e-17)
(0.858115 -0.513458 -1.07853e-17)
(0.858115 -0.513458 -1.07853e-17)
(0.858115 -0.513458 -1.07853e-17)
(0.858115 -0.513458 -1.07853e-17)
(0.858115 -0.513458 -1.07853e-17)
(0.858115 -0.513458 -1.07853e-17)
(0.858115 -0.513458 -1.07853e-17)
(0.858115 -0.513458 -1.07853e-17)
(0.858115 -0.513458 -1.07853e-17)
(0.858115 -0.513458 -1.07853e-17)
(0.858115 -0.513458 -1.07853e-17)
(0.858115 -0.513458 -1.07853e-17)
(0.858115 -0.513458 -1.07853e-17)
(0.858115 -0.513458 -1.07853e-17)
(0.858115 -0.513458 -1.07853e-17)
(0.858115 -0.513458 -1.07853e-17)
(0.858115 -0.513458 -1.07853e-17)
(0.858115 -0.513458 -1.07853e-17)
(0.858115 -0.513458 -1.07853e-17)
(0.858115 -0.513458 -1.07853e-17)
(0.858115 -0.513458 -1.07853e-17)
(0.858115 -0.513458 -1.07853e-17)
(0.858115 -0.513458 -1.07853e-17)
(0.858115 -0.513458 -1.07853e-17)
(0.858115 -0.513458 -1.07853e-17)
(0.811893 -0.583807 0)
(0.811893 -0.583807 0)
(0.811893 -0.583807 0)
(0.811893 -0.583807 0)
(0.811893 -0.583807 0)
(0.811893 -0.583807 0)
(0.811893 -0.583807 0)
(0.811893 -0.583807 0)
(0.811893 -0.583807 0)
(0.811893 -0.583807 0)
(0.811893 -0.583807 0)
(0.811893 -0.583807 0)
(0.811893 -0.583807 0)
(0.811893 -0.583807 0)
(0.811893 -0.583807 0)
(0.811893 -0.583807 0)
(0.811893 -0.583807 0)
(0.811893 -0.583807 0)
(0.811893 -0.583807 0)
(0.811893 -0.583807 0)
(0.811893 -0.583807 0)
(0.811893 -0.583807 0)
(0.811893 -0.583807 0)
(0.811893 -0.583807 0)
(0.811893 -0.583807 0)
(0.811893 -0.583807 0)
(0.811893 -0.583807 0)
(0.811893 -0.583807 0)
(0.811893 -0.583807 0)
(0.811893 -0.583807 0)
(0.811893 -0.583807 0)
(0.811893 -0.583807 0)
(0.811893 -0.583807 0)
(0.811893 -0.583807 0)
(0.811893 -0.583807 0)
(0.811893 -0.583807 0)
(0.811893 -0.583807 0)
(0.811893 -0.583807 0)
(0.811893 -0.583807 0)
(0.811893 -0.583807 0)
(0.811893 -0.583807 0)
(0.811893 -0.583807 0)
(0.811893 -0.583807 0)
(0.811893 -0.583807 0)
(0.811893 -0.583807 0)
(0.811893 -0.583807 0)
(0.811893 -0.583807 0)
(0.811893 -0.583807 0)
(0.811893 -0.583807 0)
(0.811893 -0.583807 0)
(0.811893 -0.583807 0)
(0.811893 -0.583807 0)
(0.811893 -0.583807 0)
(0.811893 -0.583807 0)
(0.811893 -0.583807 0)
(0.811893 -0.583807 0)
(0.811893 -0.583807 0)
(0.811893 -0.583807 0)
(0.811893 -0.583807 0)
(0.811893 -0.583807 0)
(0.781564 -0.623825 1.41714e-17)
(0.781564 -0.623825 1.41714e-17)
(0.781564 -0.623825 1.41714e-17)
(0.781564 -0.623825 1.41714e-17)
(0.781564 -0.623825 1.41714e-17)
(0.781564 -0.623825 1.41714e-17)
(0.781564 -0.623825 1.41714e-17)
(0.781564 -0.623825 1.41714e-17)
(0.781564 -0.623825 1.41714e-17)
(0.781564 -0.623825 1.41714e-17)
(0.781564 -0.623825 1.41714e-17)
(0.781564 -0.623825 1.41714e-17)
(0.781564 -0.623825 1.41714e-17)
(0.781564 -0.623825 1.41714e-17)
(0.781564 -0.623825 1.41714e-17)
(0.781564 -0.623825 1.41714e-17)
(0.781564 -0.623825 1.41714e-17)
(0.781564 -0.623825 1.41714e-17)
(0.781564 -0.623825 1.41714e-17)
(0.781564 -0.623825 1.41714e-17)
(0.781564 -0.623825 1.41714e-17)
(0.781564 -0.623825 1.41714e-17)
(0.781564 -0.623825 1.41714e-17)
(0.781564 -0.623825 1.41714e-17)
(0.781564 -0.623825 1.41714e-17)
(0.781564 -0.623825 1.41714e-17)
(0.781564 -0.623825 1.41714e-17)
(0.781564 -0.623825 1.41714e-17)
(0.781564 -0.623825 1.41714e-17)
(0.781564 -0.623825 1.41714e-17)
(0.781564 -0.623825 1.41714e-17)
(0.781564 -0.623825 1.41714e-17)
(0.781564 -0.623825 1.41714e-17)
(0.781564 -0.623825 1.41714e-17)
(0.781564 -0.623825 1.41714e-17)
(0.781564 -0.623825 1.41714e-17)
(0.781564 -0.623825 1.41714e-17)
(0.781564 -0.623825 1.41714e-17)
(0.781564 -0.623825 1.41714e-17)
(0.781564 -0.623825 1.41714e-17)
(0.781564 -0.623825 1.41714e-17)
(0.781564 -0.623825 1.41714e-17)
(0.781564 -0.623825 1.41714e-17)
(0.781564 -0.623825 1.41714e-17)
(0.781564 -0.623825 1.41714e-17)
(0.781564 -0.623825 1.41714e-17)
(0.781564 -0.623825 1.41714e-17)
(0.781564 -0.623825 1.41714e-17)
(0.781564 -0.623825 1.41714e-17)
(0.781564 -0.623825 1.41714e-17)
(0.781564 -0.623825 1.41714e-17)
(0.781564 -0.623825 1.41714e-17)
(0.781564 -0.623825 1.41714e-17)
(0.781564 -0.623825 1.41714e-17)
(0.781564 -0.623825 1.41714e-17)
(0.781564 -0.623825 1.41714e-17)
(0.781564 -0.623825 1.41714e-17)
(0.781564 -0.623825 1.41714e-17)
(0.781564 -0.623825 1.41714e-17)
(0.781564 -0.623825 1.41714e-17)
(0.764374 -0.644773 0)
(0.764374 -0.644773 0)
(0.764374 -0.644773 0)
(0.764374 -0.644773 0)
(0.764374 -0.644773 0)
(0.764374 -0.644773 0)
(0.764374 -0.644773 0)
(0.764374 -0.644773 0)
(0.764374 -0.644773 0)
(0.764374 -0.644773 0)
(0.764374 -0.644773 0)
(0.764374 -0.644773 0)
(0.764374 -0.644773 0)
(0.764374 -0.644773 0)
(0.764374 -0.644773 0)
(0.764374 -0.644773 0)
(0.764374 -0.644773 0)
(0.764374 -0.644773 0)
(0.764374 -0.644773 0)
(0.764374 -0.644773 0)
(0.764374 -0.644773 0)
(0.764374 -0.644773 0)
(0.764374 -0.644773 0)
(0.764374 -0.644773 0)
(0.764374 -0.644773 0)
(0.764374 -0.644773 0)
(0.764374 -0.644773 0)
(0.764374 -0.644773 0)
(0.764374 -0.644773 0)
(0.764374 -0.644773 0)
(0.764374 -0.644773 0)
(0.764374 -0.644773 0)
(0.764374 -0.644773 0)
(0.764374 -0.644773 0)
(0.764374 -0.644773 0)
(0.764374 -0.644773 0)
(0.764374 -0.644773 0)
(0.764374 -0.644773 0)
(0.764374 -0.644773 0)
(0.764374 -0.644773 0)
(0.764374 -0.644773 0)
(0.764374 -0.644773 0)
(0.764374 -0.644773 0)
(0.764374 -0.644773 0)
(0.764374 -0.644773 0)
(0.764374 -0.644773 0)
(0.764374 -0.644773 0)
(0.764374 -0.644773 0)
(0.764374 -0.644773 0)
(0.764374 -0.644773 0)
(0.764374 -0.644773 0)
(0.764374 -0.644773 0)
(0.764374 -0.644773 0)
(0.764374 -0.644773 0)
(0.764374 -0.644773 0)
(0.764374 -0.644773 0)
(0.764374 -0.644773 0)
(0.764374 -0.644773 0)
(0.764374 -0.644773 0)
(0.764374 -0.644773 0)
(0.758701 -0.651438 -1.53558e-17)
(0.758701 -0.651438 -1.53558e-17)
(0.758701 -0.651438 -1.53558e-17)
(0.758701 -0.651438 -1.53558e-17)
(0.758701 -0.651438 -1.53558e-17)
(0.758701 -0.651438 -1.53558e-17)
(0.758701 -0.651438 -1.53558e-17)
(0.758701 -0.651438 -1.53558e-17)
(0.758701 -0.651438 -1.53558e-17)
(0.758701 -0.651438 -1.53558e-17)
(0.758701 -0.651438 -1.53558e-17)
(0.758701 -0.651438 -1.53558e-17)
(0.758701 -0.651438 -1.53558e-17)
(0.758701 -0.651438 -1.53558e-17)
(0.758701 -0.651438 -1.53558e-17)
(0.758701 -0.651438 -1.53558e-17)
(0.758701 -0.651438 -1.53558e-17)
(0.758701 -0.651438 -1.53558e-17)
(0.758701 -0.651438 -1.53558e-17)
(0.758701 -0.651438 -1.53558e-17)
(0.758701 -0.651438 -1.53558e-17)
(0.758701 -0.651438 -1.53558e-17)
(0.758701 -0.651438 -1.53558e-17)
(0.758701 -0.651438 -1.53558e-17)
(0.758701 -0.651438 -1.53558e-17)
(0.758701 -0.651438 -1.53558e-17)
(0.758701 -0.651438 -1.53558e-17)
(0.758701 -0.651438 -1.53558e-17)
(0.758701 -0.651438 -1.53558e-17)
(0.758701 -0.651438 -1.53558e-17)
(0.758701 -0.651438 -1.53558e-17)
(0.758701 -0.651438 -1.53558e-17)
(0.758701 -0.651438 -1.53558e-17)
(0.758701 -0.651438 -1.53558e-17)
(0.758701 -0.651438 -1.53558e-17)
(0.758701 -0.651438 -1.53558e-17)
(0.758701 -0.651438 -1.53558e-17)
(0.758701 -0.651438 -1.53558e-17)
(0.758701 -0.651438 -1.53558e-17)
(0.758701 -0.651438 -1.53558e-17)
(0.758701 -0.651438 -1.53558e-17)
(0.758701 -0.651438 -1.53558e-17)
(0.758701 -0.651438 -1.53558e-17)
(0.758701 -0.651438 -1.53558e-17)
(0.758701 -0.651438 -1.53558e-17)
(0.758701 -0.651438 -1.53558e-17)
(0.758701 -0.651438 -1.53558e-17)
(0.758701 -0.651438 -1.53558e-17)
(0.758701 -0.651438 -1.53558e-17)
(0.758701 -0.651438 -1.53558e-17)
(0.758701 -0.651438 -1.53558e-17)
(0.758701 -0.651438 -1.53558e-17)
(0.758701 -0.651438 -1.53558e-17)
(0.758701 -0.651438 -1.53558e-17)
(0.758701 -0.651438 -1.53558e-17)
(0.758701 -0.651438 -1.53558e-17)
(0.758701 -0.651438 -1.53558e-17)
(0.758701 -0.651438 -1.53558e-17)
(0.758701 -0.651438 -1.53558e-17)
(0.758701 -0.651438 -1.53558e-17)
(0.763387 -0.645941 0)
(0.763387 -0.645941 0)
(0.763387 -0.645941 0)
(0.763387 -0.645941 0)
(0.763387 -0.645941 0)
(0.763387 -0.645941 0)
(0.763387 -0.645941 0)
(0.763387 -0.645941 0)
(0.763387 -0.645941 0)
(0.763387 -0.645941 0)
(0.763387 -0.645941 0)
(0.763387 -0.645941 0)
(0.763387 -0.645941 0)
(0.763387 -0.645941 0)
(0.763387 -0.645941 0)
(0.763387 -0.645941 0)
(0.763387 -0.645941 0)
(0.763387 -0.645941 0)
(0.763387 -0.645941 0)
(0.763387 -0.645941 0)
(0.763387 -0.645941 0)
(0.763387 -0.645941 0)
(0.763387 -0.645941 0)
(0.763387 -0.645941 0)
(0.763387 -0.645941 0)
(0.763387 -0.645941 0)
(0.763387 -0.645941 0)
(0.763387 -0.645941 0)
(0.763387 -0.645941 0)
(0.763387 -0.645941 0)
(0.763387 -0.645941 0)
(0.763387 -0.645941 0)
(0.763387 -0.645941 0)
(0.763387 -0.645941 0)
(0.763387 -0.645941 0)
(0.763387 -0.645941 0)
(0.763387 -0.645941 0)
(0.763387 -0.645941 0)
(0.763387 -0.645941 0)
(0.763387 -0.645941 0)
(0.763387 -0.645941 0)
(0.763387 -0.645941 0)
(0.763387 -0.645941 0)
(0.763387 -0.645941 0)
(0.763387 -0.645941 0)
(0.763387 -0.645941 0)
(0.763387 -0.645941 0)
(0.763387 -0.645941 0)
(0.763387 -0.645941 0)
(0.763387 -0.645941 0)
(0.763387 -0.645941 0)
(0.763387 -0.645941 0)
(0.763387 -0.645941 0)
(0.763387 -0.645941 0)
(0.763387 -0.645941 0)
(0.763387 -0.645941 0)
(0.763387 -0.645941 0)
(0.763387 -0.645941 0)
(0.763387 -0.645941 0)
(0.763387 -0.645941 0)
(0.771543 -0.636177 0)
(0.771543 -0.636177 0)
(0.771543 -0.636177 0)
(0.771543 -0.636177 0)
(0.771543 -0.636177 0)
(0.771543 -0.636177 0)
(0.771543 -0.636177 0)
(0.771543 -0.636177 0)
(0.771543 -0.636177 0)
(0.771543 -0.636177 0)
(0.771543 -0.636177 0)
(0.771543 -0.636177 0)
(0.771543 -0.636177 0)
(0.771543 -0.636177 0)
(0.771543 -0.636177 0)
(0.771543 -0.636177 0)
(0.771543 -0.636177 0)
(0.771543 -0.636177 0)
(0.771543 -0.636177 0)
(0.771543 -0.636177 0)
(0.771543 -0.636177 0)
(0.771543 -0.636177 0)
(0.771543 -0.636177 0)
(0.771543 -0.636177 0)
(0.771543 -0.636177 0)
(0.771543 -0.636177 0)
(0.771543 -0.636177 0)
(0.771543 -0.636177 0)
(0.771543 -0.636177 0)
(0.771543 -0.636177 0)
(0.771543 -0.636177 0)
(0.771543 -0.636177 0)
(0.771543 -0.636177 0)
(0.771543 -0.636177 0)
(0.771543 -0.636177 0)
(0.771543 -0.636177 0)
(0.771543 -0.636177 0)
(0.771543 -0.636177 0)
(0.771543 -0.636177 0)
(0.771543 -0.636177 0)
(0.771543 -0.636177 0)
(0.771543 -0.636177 0)
(0.771543 -0.636177 0)
(0.771543 -0.636177 0)
(0.771543 -0.636177 0)
(0.771543 -0.636177 0)
(0.771543 -0.636177 0)
(0.771543 -0.636177 0)
(0.771543 -0.636177 0)
(0.771543 -0.636177 0)
(0.771543 -0.636177 0)
(0.771543 -0.636177 0)
(0.771543 -0.636177 0)
(0.771543 -0.636177 0)
(0.771543 -0.636177 0)
(0.771543 -0.636177 0)
(0.771543 -0.636177 0)
(0.771543 -0.636177 0)
(0.771543 -0.636177 0)
(0.771543 -0.636177 0)
(0.778475 -0.627676 1.46398e-17)
(0.778475 -0.627676 1.46398e-17)
(0.778475 -0.627676 1.46398e-17)
(0.778475 -0.627676 1.46398e-17)
(0.778475 -0.627676 1.46398e-17)
(0.778475 -0.627676 1.46398e-17)
(0.778475 -0.627676 1.46398e-17)
(0.778475 -0.627676 1.46398e-17)
(0.778475 -0.627676 1.46398e-17)
(0.778475 -0.627676 1.46398e-17)
(0.778475 -0.627676 1.46398e-17)
(0.778475 -0.627676 1.46398e-17)
(0.778475 -0.627676 1.46398e-17)
(0.778475 -0.627676 1.46398e-17)
(0.778475 -0.627676 1.46398e-17)
(0.778475 -0.627676 1.46398e-17)
(0.778475 -0.627676 1.46398e-17)
(0.778475 -0.627676 1.46398e-17)
(0.778475 -0.627676 1.46398e-17)
(0.778475 -0.627676 1.46398e-17)
(0.778475 -0.627676 1.46398e-17)
(0.778475 -0.627676 1.46398e-17)
(0.778475 -0.627676 1.46398e-17)
(0.778475 -0.627676 1.46398e-17)
(0.778475 -0.627676 1.46398e-17)
(0.778475 -0.627676 1.46398e-17)
(0.778475 -0.627676 1.46398e-17)
(0.778475 -0.627676 1.46398e-17)
(0.778475 -0.627676 1.46398e-17)
(0.778475 -0.627676 1.46398e-17)
(0.778475 -0.627676 1.46398e-17)
(0.778475 -0.627676 1.46398e-17)
(0.778475 -0.627676 1.46398e-17)
(0.778475 -0.627676 1.46398e-17)
(0.778475 -0.627676 1.46398e-17)
(0.778475 -0.627676 1.46398e-17)
(0.778475 -0.627676 1.46398e-17)
(0.778475 -0.627676 1.46398e-17)
(0.778475 -0.627676 1.46398e-17)
(0.778475 -0.627676 1.46398e-17)
(0.778475 -0.627676 1.46398e-17)
(0.778475 -0.627676 1.46398e-17)
(0.778475 -0.627676 1.46398e-17)
(0.778475 -0.627676 1.46398e-17)
(0.778475 -0.627676 1.46398e-17)
(0.778475 -0.627676 1.46398e-17)
(0.778475 -0.627676 1.46398e-17)
(0.778475 -0.627676 1.46398e-17)
(0.778475 -0.627676 1.46398e-17)
(0.778475 -0.627676 1.46398e-17)
(0.778475 -0.627676 1.46398e-17)
(0.778475 -0.627676 1.46398e-17)
(0.778475 -0.627676 1.46398e-17)
(0.778475 -0.627676 1.46398e-17)
(0.778475 -0.627676 1.46398e-17)
(0.778475 -0.627676 1.46398e-17)
(0.778475 -0.627676 1.46398e-17)
(0.778475 -0.627676 1.46398e-17)
(0.778475 -0.627676 1.46398e-17)
(0.778475 -0.627676 1.46398e-17)
(0.784046 -0.620703 0)
(0.784046 -0.620703 0)
(0.784046 -0.620703 0)
(0.784046 -0.620703 0)
(0.784046 -0.620703 0)
(0.784046 -0.620703 0)
(0.784046 -0.620703 0)
(0.784046 -0.620703 0)
(0.784046 -0.620703 0)
(0.784046 -0.620703 0)
(0.784046 -0.620703 0)
(0.784046 -0.620703 0)
(0.784046 -0.620703 0)
(0.784046 -0.620703 0)
(0.784046 -0.620703 0)
(0.784046 -0.620703 0)
(0.784046 -0.620703 0)
(0.784046 -0.620703 0)
(0.784046 -0.620703 0)
(0.784046 -0.620703 0)
(0.784046 -0.620703 0)
(0.784046 -0.620703 0)
(0.784046 -0.620703 0)
(0.784046 -0.620703 0)
(0.784046 -0.620703 0)
(0.784046 -0.620703 0)
(0.784046 -0.620703 0)
(0.784046 -0.620703 0)
(0.784046 -0.620703 0)
(0.784046 -0.620703 0)
(0.784046 -0.620703 0)
(0.784046 -0.620703 0)
(0.784046 -0.620703 0)
(0.784046 -0.620703 0)
(0.784046 -0.620703 0)
(0.784046 -0.620703 0)
(0.784046 -0.620703 0)
(0.784046 -0.620703 0)
(0.784046 -0.620703 0)
(0.784046 -0.620703 0)
(0.784046 -0.620703 0)
(0.784046 -0.620703 0)
(0.784046 -0.620703 0)
(0.784046 -0.620703 0)
(0.784046 -0.620703 0)
(0.784046 -0.620703 0)
(0.784046 -0.620703 0)
(0.784046 -0.620703 0)
(0.784046 -0.620703 0)
(0.784046 -0.620703 0)
(0.784046 -0.620703 0)
(0.784046 -0.620703 0)
(0.784046 -0.620703 0)
(0.784046 -0.620703 0)
(0.784046 -0.620703 0)
(0.784046 -0.620703 0)
(0.784046 -0.620703 0)
(0.784046 -0.620703 0)
(0.784046 -0.620703 0)
(0.784046 -0.620703 0)
(0.788218 -0.615396 -1.41695e-17)
(0.788218 -0.615396 -1.41695e-17)
(0.788218 -0.615396 -1.41695e-17)
(0.788218 -0.615396 -1.41695e-17)
(0.788218 -0.615396 -1.41695e-17)
(0.788218 -0.615396 -1.41695e-17)
(0.788218 -0.615396 -1.41695e-17)
(0.788218 -0.615396 -1.41695e-17)
(0.788218 -0.615396 -1.41695e-17)
(0.788218 -0.615396 -1.41695e-17)
(0.788218 -0.615396 -1.41695e-17)
(0.788218 -0.615396 -1.41695e-17)
(0.788218 -0.615396 -1.41695e-17)
(0.788218 -0.615396 -1.41695e-17)
(0.788218 -0.615396 -1.41695e-17)
(0.788218 -0.615396 -1.41695e-17)
(0.788218 -0.615396 -1.41695e-17)
(0.788218 -0.615396 -1.41695e-17)
(0.788218 -0.615396 -1.41695e-17)
(0.788218 -0.615396 -1.41695e-17)
(0.788218 -0.615396 -1.41695e-17)
(0.788218 -0.615396 -1.41695e-17)
(0.788218 -0.615396 -1.41695e-17)
(0.788218 -0.615396 -1.41695e-17)
(0.788218 -0.615396 -1.41695e-17)
(0.788218 -0.615396 -1.41695e-17)
(0.788218 -0.615396 -1.41695e-17)
(0.788218 -0.615396 -1.41695e-17)
(0.788218 -0.615396 -1.41695e-17)
(0.788218 -0.615396 -1.41695e-17)
(0.788218 -0.615396 -1.41695e-17)
(0.788218 -0.615396 -1.41695e-17)
(0.788218 -0.615396 -1.41695e-17)
(0.788218 -0.615396 -1.41695e-17)
(0.788218 -0.615396 -1.41695e-17)
(0.788218 -0.615396 -1.41695e-17)
(0.788218 -0.615396 -1.41695e-17)
(0.788218 -0.615396 -1.41695e-17)
(0.788218 -0.615396 -1.41695e-17)
(0.788218 -0.615396 -1.41695e-17)
(0.788218 -0.615396 -1.41695e-17)
(0.788218 -0.615396 -1.41695e-17)
(0.788218 -0.615396 -1.41695e-17)
(0.788218 -0.615396 -1.41695e-17)
(0.788218 -0.615396 -1.41695e-17)
(0.788218 -0.615396 -1.41695e-17)
(0.788218 -0.615396 -1.41695e-17)
(0.788218 -0.615396 -1.41695e-17)
(0.788218 -0.615396 -1.41695e-17)
(0.788218 -0.615396 -1.41695e-17)
(0.788218 -0.615396 -1.41695e-17)
(0.788218 -0.615396 -1.41695e-17)
(0.788218 -0.615396 -1.41695e-17)
(0.788218 -0.615396 -1.41695e-17)
(0.788218 -0.615396 -1.41695e-17)
(0.788218 -0.615396 -1.41695e-17)
(0.788218 -0.615396 -1.41695e-17)
(0.788218 -0.615396 -1.41695e-17)
(0.788218 -0.615396 -1.41695e-17)
(0.788218 -0.615396 -1.41695e-17)
(0.790934 -0.611901 0)
(0.790934 -0.611901 0)
(0.790934 -0.611901 0)
(0.790934 -0.611901 0)
(0.790934 -0.611901 0)
(0.790934 -0.611901 0)
(0.790934 -0.611901 0)
(0.790934 -0.611901 0)
(0.790934 -0.611901 0)
(0.790934 -0.611901 0)
(0.790934 -0.611901 0)
(0.790934 -0.611901 0)
(0.790934 -0.611901 0)
(0.790934 -0.611901 0)
(0.790934 -0.611901 0)
(0.790934 -0.611901 0)
(0.790934 -0.611901 0)
(0.790934 -0.611901 0)
(0.790934 -0.611901 0)
(0.790934 -0.611901 0)
(0.790934 -0.611901 0)
(0.790934 -0.611901 0)
(0.790934 -0.611901 0)
(0.790934 -0.611901 0)
(0.790934 -0.611901 0)
(0.790934 -0.611901 0)
(0.790934 -0.611901 0)
(0.790934 -0.611901 0)
(0.790934 -0.611901 0)
(0.790934 -0.611901 0)
(0.790934 -0.611901 0)
(0.790934 -0.611901 0)
(0.790934 -0.611901 0)
(0.790934 -0.611901 0)
(0.790934 -0.611901 0)
(0.790934 -0.611901 0)
(0.790934 -0.611901 0)
(0.790934 -0.611901 0)
(0.790934 -0.611901 0)
(0.790934 -0.611901 0)
(0.790934 -0.611901 0)
(0.790934 -0.611901 0)
(0.790934 -0.611901 0)
(0.790934 -0.611901 0)
(0.790934 -0.611901 0)
(0.790934 -0.611901 0)
(0.790934 -0.611901 0)
(0.790934 -0.611901 0)
(0.790934 -0.611901 0)
(0.790934 -0.611901 0)
(0.790934 -0.611901 0)
(0.790934 -0.611901 0)
(0.790934 -0.611901 0)
(0.790934 -0.611901 0)
(0.790934 -0.611901 0)
(0.790934 -0.611901 0)
(0.790934 -0.611901 0)
(0.790934 -0.611901 0)
(0.790934 -0.611901 0)
(0.790934 -0.611901 0)
(0.792993 -0.60923 0)
(0.792993 -0.60923 0)
(0.792993 -0.60923 0)
(0.792993 -0.60923 0)
(0.792993 -0.60923 0)
(0.792993 -0.60923 0)
(0.792993 -0.60923 0)
(0.792993 -0.60923 0)
(0.792993 -0.60923 0)
(0.792993 -0.60923 0)
(0.792993 -0.60923 0)
(0.792993 -0.60923 0)
(0.792993 -0.60923 0)
(0.792993 -0.60923 0)
(0.792993 -0.60923 0)
(0.792993 -0.60923 0)
(0.792993 -0.60923 0)
(0.792993 -0.60923 0)
(0.792993 -0.60923 0)
(0.792993 -0.60923 0)
(0.792993 -0.60923 0)
(0.792993 -0.60923 0)
(0.792993 -0.60923 0)
(0.792993 -0.60923 0)
(0.792993 -0.60923 0)
(0.792993 -0.60923 0)
(0.792993 -0.60923 0)
(0.792993 -0.60923 0)
(0.792993 -0.60923 0)
(0.792993 -0.60923 0)
(0.792993 -0.60923 0)
(0.792993 -0.60923 0)
(0.792993 -0.60923 0)
(0.792993 -0.60923 0)
(0.792993 -0.60923 0)
(0.792993 -0.60923 0)
(0.792993 -0.60923 0)
(0.792993 -0.60923 0)
(0.792993 -0.60923 0)
(0.792993 -0.60923 0)
(0.792993 -0.60923 0)
(0.792993 -0.60923 0)
(0.792993 -0.60923 0)
(0.792993 -0.60923 0)
(0.792993 -0.60923 0)
(0.792993 -0.60923 0)
(0.792993 -0.60923 0)
(0.792993 -0.60923 0)
(0.792993 -0.60923 0)
(0.792993 -0.60923 0)
(0.792993 -0.60923 0)
(0.792993 -0.60923 0)
(0.792993 -0.60923 0)
(0.792993 -0.60923 0)
(0.792993 -0.60923 0)
(0.792993 -0.60923 0)
(0.792993 -0.60923 0)
(0.792993 -0.60923 0)
(0.792993 -0.60923 0)
(0.792993 -0.60923 0)
(0.798254 -0.602321 -1.3592e-17)
(0.798254 -0.602321 -1.3592e-17)
(0.798254 -0.602321 -1.3592e-17)
(0.798254 -0.602321 -1.3592e-17)
(0.798254 -0.602321 -1.3592e-17)
(0.798254 -0.602321 -1.3592e-17)
(0.798254 -0.602321 -1.3592e-17)
(0.798254 -0.602321 -1.3592e-17)
(0.798254 -0.602321 -1.3592e-17)
(0.798254 -0.602321 -1.3592e-17)
(0.798254 -0.602321 -1.3592e-17)
(0.798254 -0.602321 -1.3592e-17)
(0.798254 -0.602321 -1.3592e-17)
(0.798254 -0.602321 -1.3592e-17)
(0.798254 -0.602321 -1.3592e-17)
(0.798254 -0.602321 -1.3592e-17)
(0.798254 -0.602321 -1.3592e-17)
(0.798254 -0.602321 -1.3592e-17)
(0.798254 -0.602321 -1.3592e-17)
(0.798254 -0.602321 -1.3592e-17)
(0.798254 -0.602321 -1.3592e-17)
(0.798254 -0.602321 -1.3592e-17)
(0.798254 -0.602321 -1.3592e-17)
(0.798254 -0.602321 -1.3592e-17)
(0.798254 -0.602321 -1.3592e-17)
(0.798254 -0.602321 -1.3592e-17)
(0.798254 -0.602321 -1.3592e-17)
(0.798254 -0.602321 -1.3592e-17)
(0.798254 -0.602321 -1.3592e-17)
(0.798254 -0.602321 -1.3592e-17)
(0.798254 -0.602321 -1.3592e-17)
(0.798254 -0.602321 -1.3592e-17)
(0.798254 -0.602321 -1.3592e-17)
(0.798254 -0.602321 -1.3592e-17)
(0.798254 -0.602321 -1.3592e-17)
(0.798254 -0.602321 -1.3592e-17)
(0.798254 -0.602321 -1.3592e-17)
(0.798254 -0.602321 -1.3592e-17)
(0.798254 -0.602321 -1.3592e-17)
(0.798254 -0.602321 -1.3592e-17)
(0.798254 -0.602321 -1.3592e-17)
(0.798254 -0.602321 -1.3592e-17)
(0.798254 -0.602321 -1.3592e-17)
(0.798254 -0.602321 -1.3592e-17)
(0.798254 -0.602321 -1.3592e-17)
(0.798254 -0.602321 -1.3592e-17)
(0.798254 -0.602321 -1.3592e-17)
(0.798254 -0.602321 -1.3592e-17)
(0.798254 -0.602321 -1.3592e-17)
(0.798254 -0.602321 -1.3592e-17)
(0.798254 -0.602321 -1.3592e-17)
(0.798254 -0.602321 -1.3592e-17)
(0.798254 -0.602321 -1.3592e-17)
(0.798254 -0.602321 -1.3592e-17)
(0.798254 -0.602321 -1.3592e-17)
(0.798254 -0.602321 -1.3592e-17)
(0.798254 -0.602321 -1.3592e-17)
(0.798254 -0.602321 -1.3592e-17)
(0.798254 -0.602321 -1.3592e-17)
(0.798254 -0.602321 -1.3592e-17)
(0.808333 -0.588726 0)
(0.808333 -0.588726 0)
(0.808333 -0.588726 0)
(0.808333 -0.588726 0)
(0.808333 -0.588726 0)
(0.808333 -0.588726 0)
(0.808333 -0.588726 0)
(0.808333 -0.588726 0)
(0.808333 -0.588726 0)
(0.808333 -0.588726 0)
(0.808333 -0.588726 0)
(0.808333 -0.588726 0)
(0.808333 -0.588726 0)
(0.808333 -0.588726 0)
(0.808333 -0.588726 0)
(0.808333 -0.588726 0)
(0.808333 -0.588726 0)
(0.808333 -0.588726 0)
(0.808333 -0.588726 0)
(0.808333 -0.588726 0)
(0.808333 -0.588726 0)
(0.808333 -0.588726 0)
(0.808333 -0.588726 0)
(0.808333 -0.588726 0)
(0.808333 -0.588726 0)
(0.808333 -0.588726 0)
(0.808333 -0.588726 0)
(0.808333 -0.588726 0)
(0.808333 -0.588726 0)
(0.808333 -0.588726 0)
(0.808333 -0.588726 0)
(0.808333 -0.588726 0)
(0.808333 -0.588726 0)
(0.808333 -0.588726 0)
(0.808333 -0.588726 0)
(0.808333 -0.588726 0)
(0.808333 -0.588726 0)
(0.808333 -0.588726 0)
(0.808333 -0.588726 0)
(0.808333 -0.588726 0)
(0.808333 -0.588726 0)
(0.808333 -0.588726 0)
(0.808333 -0.588726 0)
(0.808333 -0.588726 0)
(0.808333 -0.588726 0)
(0.808333 -0.588726 0)
(0.808333 -0.588726 0)
(0.808333 -0.588726 0)
(0.808333 -0.588726 0)
(0.808333 -0.588726 0)
(0.808333 -0.588726 0)
(0.808333 -0.588726 0)
(0.808333 -0.588726 0)
(0.808333 -0.588726 0)
(0.808333 -0.588726 0)
(0.808333 -0.588726 0)
(0.808333 -0.588726 0)
(0.808333 -0.588726 0)
(0.808333 -0.588726 0)
(0.808333 -0.588726 0)
(0.823437 -0.567407 1.24009e-17)
(0.823437 -0.567407 1.24009e-17)
(0.823437 -0.567407 1.24009e-17)
(0.823437 -0.567407 1.24009e-17)
(0.823437 -0.567407 1.24009e-17)
(0.823437 -0.567407 1.24009e-17)
(0.823437 -0.567407 1.24009e-17)
(0.823437 -0.567407 1.24009e-17)
(0.823437 -0.567407 1.24009e-17)
(0.823437 -0.567407 1.24009e-17)
(0.823437 -0.567407 1.24009e-17)
(0.823437 -0.567407 1.24009e-17)
(0.823437 -0.567407 1.24009e-17)
(0.823437 -0.567407 1.24009e-17)
(0.823437 -0.567407 1.24009e-17)
(0.823437 -0.567407 1.24009e-17)
(0.823437 -0.567407 1.24009e-17)
(0.823437 -0.567407 1.24009e-17)
(0.823437 -0.567407 1.24009e-17)
(0.823437 -0.567407 1.24009e-17)
(0.823437 -0.567407 1.24009e-17)
(0.823437 -0.567407 1.24009e-17)
(0.823437 -0.567407 1.24009e-17)
(0.823437 -0.567407 1.24009e-17)
(0.823437 -0.567407 1.24009e-17)
(0.823437 -0.567407 1.24009e-17)
(0.823437 -0.567407 1.24009e-17)
(0.823437 -0.567407 1.24009e-17)
(0.823437 -0.567407 1.24009e-17)
(0.823437 -0.567407 1.24009e-17)
(0.823437 -0.567407 1.24009e-17)
(0.823437 -0.567407 1.24009e-17)
(0.823437 -0.567407 1.24009e-17)
(0.823437 -0.567407 1.24009e-17)
(0.823437 -0.567407 1.24009e-17)
(0.823437 -0.567407 1.24009e-17)
(0.823437 -0.567407 1.24009e-17)
(0.823437 -0.567407 1.24009e-17)
(0.823437 -0.567407 1.24009e-17)
(0.823437 -0.567407 1.24009e-17)
(0.823437 -0.567407 1.24009e-17)
(0.823437 -0.567407 1.24009e-17)
(0.823437 -0.567407 1.24009e-17)
(0.823437 -0.567407 1.24009e-17)
(0.823437 -0.567407 1.24009e-17)
(0.823437 -0.567407 1.24009e-17)
(0.823437 -0.567407 1.24009e-17)
(0.823437 -0.567407 1.24009e-17)
(0.823437 -0.567407 1.24009e-17)
(0.823437 -0.567407 1.24009e-17)
(0.823437 -0.567407 1.24009e-17)
(0.823437 -0.567407 1.24009e-17)
(0.823437 -0.567407 1.24009e-17)
(0.823437 -0.567407 1.24009e-17)
(0.823437 -0.567407 1.24009e-17)
(0.823437 -0.567407 1.24009e-17)
(0.823437 -0.567407 1.24009e-17)
(0.823437 -0.567407 1.24009e-17)
(0.823437 -0.567407 1.24009e-17)
(0.823437 -0.567407 1.24009e-17)
(0.84387 -0.536548 0)
(0.84387 -0.536548 0)
(0.84387 -0.536548 0)
(0.84387 -0.536548 0)
(0.84387 -0.536548 0)
(0.84387 -0.536548 0)
(0.84387 -0.536548 0)
(0.84387 -0.536548 0)
(0.84387 -0.536548 0)
(0.84387 -0.536548 0)
(0.84387 -0.536548 0)
(0.84387 -0.536548 0)
(0.84387 -0.536548 0)
(0.84387 -0.536548 0)
(0.84387 -0.536548 0)
(0.84387 -0.536548 0)
(0.84387 -0.536548 0)
(0.84387 -0.536548 0)
(0.84387 -0.536548 0)
(0.84387 -0.536548 0)
(0.84387 -0.536548 0)
(0.84387 -0.536548 0)
(0.84387 -0.536548 0)
(0.84387 -0.536548 0)
(0.84387 -0.536548 0)
(0.84387 -0.536548 0)
(0.84387 -0.536548 0)
(0.84387 -0.536548 0)
(0.84387 -0.536548 0)
(0.84387 -0.536548 0)
(0.84387 -0.536548 0)
(0.84387 -0.536548 0)
(0.84387 -0.536548 0)
(0.84387 -0.536548 0)
(0.84387 -0.536548 0)
(0.84387 -0.536548 0)
(0.84387 -0.536548 0)
(0.84387 -0.536548 0)
(0.84387 -0.536548 0)
(0.84387 -0.536548 0)
(0.84387 -0.536548 0)
(0.84387 -0.536548 0)
(0.84387 -0.536548 0)
(0.84387 -0.536548 0)
(0.84387 -0.536548 0)
(0.84387 -0.536548 0)
(0.84387 -0.536548 0)
(0.84387 -0.536548 0)
(0.84387 -0.536548 0)
(0.84387 -0.536548 0)
(0.84387 -0.536548 0)
(0.84387 -0.536548 0)
(0.84387 -0.536548 0)
(0.84387 -0.536548 0)
(0.84387 -0.536548 0)
(0.84387 -0.536548 0)
(0.84387 -0.536548 0)
(0.84387 -0.536548 0)
(0.84387 -0.536548 0)
(0.84387 -0.536548 0)
(0.869596 -0.493764 -1.02423e-17)
(0.869596 -0.493764 -1.02423e-17)
(0.869596 -0.493764 -1.02423e-17)
(0.869596 -0.493764 -1.02423e-17)
(0.869596 -0.493764 -1.02423e-17)
(0.869596 -0.493764 -1.02423e-17)
(0.869596 -0.493764 -1.02423e-17)
(0.869596 -0.493764 -1.02423e-17)
(0.869596 -0.493764 -1.02423e-17)
(0.869596 -0.493764 -1.02423e-17)
(0.869596 -0.493764 -1.02423e-17)
(0.869596 -0.493764 -1.02423e-17)
(0.869596 -0.493764 -1.02423e-17)
(0.869596 -0.493764 -1.02423e-17)
(0.869596 -0.493764 -1.02423e-17)
(0.869596 -0.493764 -1.02423e-17)
(0.869596 -0.493764 -1.02423e-17)
(0.869596 -0.493764 -1.02423e-17)
(0.869596 -0.493764 -1.02423e-17)
(0.869596 -0.493764 -1.02423e-17)
(0.869596 -0.493764 -1.02423e-17)
(0.869596 -0.493764 -1.02423e-17)
(0.869596 -0.493764 -1.02423e-17)
(0.869596 -0.493764 -1.02423e-17)
(0.869596 -0.493764 -1.02423e-17)
(0.869596 -0.493764 -1.02423e-17)
(0.869596 -0.493764 -1.02423e-17)
(0.869596 -0.493764 -1.02423e-17)
(0.869596 -0.493764 -1.02423e-17)
(0.869596 -0.493764 -1.02423e-17)
(0.869596 -0.493764 -1.02423e-17)
(0.869596 -0.493764 -1.02423e-17)
(0.869596 -0.493764 -1.02423e-17)
(0.869596 -0.493764 -1.02423e-17)
(0.869596 -0.493764 -1.02423e-17)
(0.869596 -0.493764 -1.02423e-17)
(0.869596 -0.493764 -1.02423e-17)
(0.869596 -0.493764 -1.02423e-17)
(0.869596 -0.493764 -1.02423e-17)
(0.869596 -0.493764 -1.02423e-17)
(0.869596 -0.493764 -1.02423e-17)
(0.869596 -0.493764 -1.02423e-17)
(0.869596 -0.493764 -1.02423e-17)
(0.869596 -0.493764 -1.02423e-17)
(0.869596 -0.493764 -1.02423e-17)
(0.869596 -0.493764 -1.02423e-17)
(0.869596 -0.493764 -1.02423e-17)
(0.869596 -0.493764 -1.02423e-17)
(0.869596 -0.493764 -1.02423e-17)
(0.869596 -0.493764 -1.02423e-17)
(0.869596 -0.493764 -1.02423e-17)
(0.869596 -0.493764 -1.02423e-17)
(0.869596 -0.493764 -1.02423e-17)
(0.869596 -0.493764 -1.02423e-17)
(0.869596 -0.493764 -1.02423e-17)
(0.869596 -0.493764 -1.02423e-17)
(0.869596 -0.493764 -1.02423e-17)
(0.869596 -0.493764 -1.02423e-17)
(0.869596 -0.493764 -1.02423e-17)
(0.869596 -0.493764 -1.02423e-17)
(0.898033 -0.439927 -8.83908e-18)
(0.898033 -0.439927 -8.83908e-18)
(0.898033 -0.439927 -8.83908e-18)
(0.898033 -0.439927 -8.83908e-18)
(0.898033 -0.439927 -8.83908e-18)
(0.898033 -0.439927 -8.83908e-18)
(0.898033 -0.439927 -8.83908e-18)
(0.898033 -0.439927 -8.83908e-18)
(0.898033 -0.439927 -8.83908e-18)
(0.898033 -0.439927 -8.83908e-18)
(0.898033 -0.439927 -8.83908e-18)
(0.898033 -0.439927 -8.83908e-18)
(0.898033 -0.439927 -8.83908e-18)
(0.898033 -0.439927 -8.83908e-18)
(0.898033 -0.439927 -8.83908e-18)
(0.898033 -0.439927 -8.83908e-18)
(0.898033 -0.439927 -8.83908e-18)
(0.898033 -0.439927 -8.83908e-18)
(0.898033 -0.439927 -8.83908e-18)
(0.898033 -0.439927 -8.83908e-18)
(0.898033 -0.439927 -8.83908e-18)
(0.898033 -0.439927 -8.83908e-18)
(0.898033 -0.439927 -8.83908e-18)
(0.898033 -0.439927 -8.83908e-18)
(0.898033 -0.439927 -8.83908e-18)
(0.898033 -0.439927 -8.83908e-18)
(0.898033 -0.439927 -8.83908e-18)
(0.898033 -0.439927 -8.83908e-18)
(0.898033 -0.439927 -8.83908e-18)
(0.898033 -0.439927 -8.83908e-18)
(0.898033 -0.439927 -8.83908e-18)
(0.898033 -0.439927 -8.83908e-18)
(0.898033 -0.439927 -8.83908e-18)
(0.898033 -0.439927 -8.83908e-18)
(0.898033 -0.439927 -8.83908e-18)
(0.898033 -0.439927 -8.83908e-18)
(0.898033 -0.439927 -8.83908e-18)
(0.898033 -0.439927 -8.83908e-18)
(0.898033 -0.439927 -8.83908e-18)
(0.898033 -0.439927 -8.83908e-18)
(0.898033 -0.439927 -8.83908e-18)
(0.898033 -0.439927 -8.83908e-18)
(0.898033 -0.439927 -8.83908e-18)
(0.898033 -0.439927 -8.83908e-18)
(0.898033 -0.439927 -8.83908e-18)
(0.898033 -0.439927 -8.83908e-18)
(0.898033 -0.439927 -8.83908e-18)
(0.898033 -0.439927 -8.83908e-18)
(0.898033 -0.439927 -8.83908e-18)
(0.898033 -0.439927 -8.83908e-18)
(0.898033 -0.439927 -8.83908e-18)
(0.898033 -0.439927 -8.83908e-18)
(0.898033 -0.439927 -8.83908e-18)
(0.898033 -0.439927 -8.83908e-18)
(0.898033 -0.439927 -8.83908e-18)
(0.898033 -0.439927 -8.83908e-18)
(0.898033 -0.439927 -8.83908e-18)
(0.898033 -0.439927 -8.83908e-18)
(0.898033 -0.439927 -8.83908e-18)
(0.898033 -0.439927 -8.83908e-18)
(0.925777 -0.37807 7.35442e-18)
(0.925777 -0.37807 7.35442e-18)
(0.925777 -0.37807 7.35442e-18)
(0.925777 -0.37807 7.35442e-18)
(0.925777 -0.37807 7.35442e-18)
(0.925777 -0.37807 7.35442e-18)
(0.925777 -0.37807 7.35442e-18)
(0.925777 -0.37807 7.35442e-18)
(0.925777 -0.37807 7.35442e-18)
(0.925777 -0.37807 7.35442e-18)
(0.925777 -0.37807 7.35442e-18)
(0.925777 -0.37807 7.35442e-18)
(0.925777 -0.37807 7.35442e-18)
(0.925777 -0.37807 7.35442e-18)
(0.925777 -0.37807 7.35442e-18)
(0.925777 -0.37807 7.35442e-18)
(0.925777 -0.37807 7.35442e-18)
(0.925777 -0.37807 7.35442e-18)
(0.925777 -0.37807 7.35442e-18)
(0.925777 -0.37807 7.35442e-18)
(0.925777 -0.37807 7.35442e-18)
(0.925777 -0.37807 7.35442e-18)
(0.925777 -0.37807 7.35442e-18)
(0.925777 -0.37807 7.35442e-18)
(0.925777 -0.37807 7.35442e-18)
(0.925777 -0.37807 7.35442e-18)
(0.925777 -0.37807 7.35442e-18)
(0.925777 -0.37807 7.35442e-18)
(0.925777 -0.37807 7.35442e-18)
(0.925777 -0.37807 7.35442e-18)
(0.925777 -0.37807 7.35442e-18)
(0.925777 -0.37807 7.35442e-18)
(0.925777 -0.37807 7.35442e-18)
(0.925777 -0.37807 7.35442e-18)
(0.925777 -0.37807 7.35442e-18)
(0.925777 -0.37807 7.35442e-18)
(0.925777 -0.37807 7.35442e-18)
(0.925777 -0.37807 7.35442e-18)
(0.925777 -0.37807 7.35442e-18)
(0.925777 -0.37807 7.35442e-18)
(0.925777 -0.37807 7.35442e-18)
(0.925777 -0.37807 7.35442e-18)
(0.925777 -0.37807 7.35442e-18)
(0.925777 -0.37807 7.35442e-18)
(0.925777 -0.37807 7.35442e-18)
(0.925777 -0.37807 7.35442e-18)
(0.925777 -0.37807 7.35442e-18)
(0.925777 -0.37807 7.35442e-18)
(0.925777 -0.37807 7.35442e-18)
(0.925777 -0.37807 7.35442e-18)
(0.925777 -0.37807 7.35442e-18)
(0.925777 -0.37807 7.35442e-18)
(0.925777 -0.37807 7.35442e-18)
(0.925777 -0.37807 7.35442e-18)
(0.925777 -0.37807 7.35442e-18)
(0.925777 -0.37807 7.35442e-18)
(0.925777 -0.37807 7.35442e-18)
(0.925777 -0.37807 7.35442e-18)
(0.925777 -0.37807 7.35442e-18)
(0.925777 -0.37807 7.35442e-18)
(0.95145 -0.307802 0)
(0.95145 -0.307802 0)
(0.95145 -0.307802 0)
(0.95145 -0.307802 0)
(0.95145 -0.307802 0)
(0.95145 -0.307802 0)
(0.95145 -0.307802 0)
(0.95145 -0.307802 0)
(0.95145 -0.307802 0)
(0.95145 -0.307802 0)
(0.95145 -0.307802 0)
(0.95145 -0.307802 0)
(0.95145 -0.307802 0)
(0.95145 -0.307802 0)
(0.95145 -0.307802 0)
(0.95145 -0.307802 0)
(0.95145 -0.307802 0)
(0.95145 -0.307802 0)
(0.95145 -0.307802 0)
(0.95145 -0.307802 0)
(0.95145 -0.307802 0)
(0.95145 -0.307802 0)
(0.95145 -0.307802 0)
(0.95145 -0.307802 0)
(0.95145 -0.307802 0)
(0.95145 -0.307802 0)
(0.95145 -0.307802 0)
(0.95145 -0.307802 0)
(0.95145 -0.307802 0)
(0.95145 -0.307802 0)
(0.95145 -0.307802 0)
(0.95145 -0.307802 0)
(0.95145 -0.307802 0)
(0.95145 -0.307802 0)
(0.95145 -0.307802 0)
(0.95145 -0.307802 0)
(0.95145 -0.307802 0)
(0.95145 -0.307802 0)
(0.95145 -0.307802 0)
(0.95145 -0.307802 0)
(0.95145 -0.307802 0)
(0.95145 -0.307802 0)
(0.95145 -0.307802 0)
(0.95145 -0.307802 0)
(0.95145 -0.307802 0)
(0.95145 -0.307802 0)
(0.95145 -0.307802 0)
(0.95145 -0.307802 0)
(0.95145 -0.307802 0)
(0.95145 -0.307802 0)
(0.95145 -0.307802 0)
(0.95145 -0.307802 0)
(0.95145 -0.307802 0)
(0.95145 -0.307802 0)
(0.95145 -0.307802 0)
(0.95145 -0.307802 0)
(0.95145 -0.307802 0)
(0.95145 -0.307802 0)
(0.95145 -0.307802 0)
(0.95145 -0.307802 0)
(0.973458 -0.228866 0)
(0.973458 -0.228866 0)
(0.973458 -0.228866 0)
(0.973458 -0.228866 0)
(0.973458 -0.228866 0)
(0.973458 -0.228866 0)
(0.973458 -0.228866 0)
(0.973458 -0.228866 0)
(0.973458 -0.228866 0)
(0.973458 -0.228866 0)
(0.973458 -0.228866 0)
(0.973458 -0.228866 0)
(0.973458 -0.228866 0)
(0.973458 -0.228866 0)
(0.973458 -0.228866 0)
(0.973458 -0.228866 0)
(0.973458 -0.228866 0)
(0.973458 -0.228866 0)
(0.973458 -0.228866 0)
(0.973458 -0.228866 0)
(0.973458 -0.228866 0)
(0.973458 -0.228866 0)
(0.973458 -0.228866 0)
(0.973458 -0.228866 0)
(0.973458 -0.228866 0)
(0.973458 -0.228866 0)
(0.973458 -0.228866 0)
(0.973458 -0.228866 0)
(0.973458 -0.228866 0)
(0.973458 -0.228866 0)
(0.973458 -0.228866 0)
(0.973458 -0.228866 0)
(0.973458 -0.228866 0)
(0.973458 -0.228866 0)
(0.973458 -0.228866 0)
(0.973458 -0.228866 0)
(0.973458 -0.228866 0)
(0.973458 -0.228866 0)
(0.973458 -0.228866 0)
(0.973458 -0.228866 0)
(0.973458 -0.228866 0)
(0.973458 -0.228866 0)
(0.973458 -0.228866 0)
(0.973458 -0.228866 0)
(0.973458 -0.228866 0)
(0.973458 -0.228866 0)
(0.973458 -0.228866 0)
(0.973458 -0.228866 0)
(0.973458 -0.228866 0)
(0.973458 -0.228866 0)
(0.973458 -0.228866 0)
(0.973458 -0.228866 0)
(0.973458 -0.228866 0)
(0.973458 -0.228866 0)
(0.973458 -0.228866 0)
(0.973458 -0.228866 0)
(0.973458 -0.228866 0)
(0.973458 -0.228866 0)
(0.973458 -0.228866 0)
(0.973458 -0.228866 0)
(0.989905 -0.141733 0)
(0.989905 -0.141733 0)
(0.989905 -0.141733 0)
(0.989905 -0.141733 0)
(0.989905 -0.141733 0)
(0.989905 -0.141733 0)
(0.989905 -0.141733 0)
(0.989905 -0.141733 0)
(0.989905 -0.141733 0)
(0.989905 -0.141733 0)
(0.989905 -0.141733 0)
(0.989905 -0.141733 0)
(0.989905 -0.141733 0)
(0.989905 -0.141733 0)
(0.989905 -0.141733 0)
(0.989905 -0.141733 0)
(0.989905 -0.141733 0)
(0.989905 -0.141733 0)
(0.989905 -0.141733 0)
(0.989905 -0.141733 0)
(0.989905 -0.141733 0)
(0.989905 -0.141733 0)
(0.989905 -0.141733 0)
(0.989905 -0.141733 0)
(0.989905 -0.141733 0)
(0.989905 -0.141733 0)
(0.989905 -0.141733 0)
(0.989905 -0.141733 0)
(0.989905 -0.141733 0)
(0.989905 -0.141733 0)
(0.989905 -0.141733 0)
(0.989905 -0.141733 0)
(0.989905 -0.141733 0)
(0.989905 -0.141733 0)
(0.989905 -0.141733 0)
(0.989905 -0.141733 0)
(0.989905 -0.141733 0)
(0.989905 -0.141733 0)
(0.989905 -0.141733 0)
(0.989905 -0.141733 0)
(0.989905 -0.141733 0)
(0.989905 -0.141733 0)
(0.989905 -0.141733 0)
(0.989905 -0.141733 0)
(0.989905 -0.141733 0)
(0.989905 -0.141733 0)
(0.989905 -0.141733 0)
(0.989905 -0.141733 0)
(0.989905 -0.141733 0)
(0.989905 -0.141733 0)
(0.989905 -0.141733 0)
(0.989905 -0.141733 0)
(0.989905 -0.141733 0)
(0.989905 -0.141733 0)
(0.989905 -0.141733 0)
(0.989905 -0.141733 0)
(0.989905 -0.141733 0)
(0.989905 -0.141733 0)
(0.989905 -0.141733 0)
(0.989905 -0.141733 0)
(0.998866 -0.047602 1.02365e-19)
(0.998866 -0.047602 1.02365e-19)
(0.998866 -0.047602 1.02365e-19)
(0.998866 -0.047602 1.02365e-19)
(0.998866 -0.047602 1.02365e-19)
(0.998866 -0.047602 1.02365e-19)
(0.998866 -0.047602 1.02365e-19)
(0.998866 -0.047602 1.02365e-19)
(0.998866 -0.047602 1.02365e-19)
(0.998866 -0.047602 1.02365e-19)
(0.998866 -0.047602 1.02365e-19)
(0.998866 -0.047602 1.02365e-19)
(0.998866 -0.047602 1.02365e-19)
(0.998866 -0.047602 1.02365e-19)
(0.998866 -0.047602 1.02365e-19)
(0.998866 -0.047602 1.02365e-19)
(0.998866 -0.047602 3.17442e-16)
(0.998866 -0.047602 -3.17237e-16)
(0.998866 -0.047602 1.02365e-19)
(0.998866 -0.047602 1.02365e-19)
(0.998866 -0.047602 1.02365e-19)
(0.998866 -0.047602 1.02365e-19)
(0.998866 -0.047602 1.02365e-19)
(0.998866 -0.047602 1.02365e-19)
(0.998866 -0.047602 1.02365e-19)
(0.998866 -0.047602 3.17442e-16)
(0.998866 -0.047602 -3.17237e-16)
(0.998866 -0.047602 1.02365e-19)
(0.998866 -0.047602 1.02365e-19)
(0.998866 -0.047602 1.02365e-19)
(0.998866 -0.047602 1.02365e-19)
(0.998866 -0.047602 1.02365e-19)
(0.998866 -0.047602 1.02365e-19)
(0.998866 -0.047602 3.17442e-16)
(0.998866 -0.047602 -3.17237e-16)
(0.998866 -0.047602 1.02365e-19)
(0.998866 -0.047602 1.02365e-19)
(0.998866 -0.047602 1.02365e-19)
(0.998866 -0.047602 1.02365e-19)
(0.998866 -0.047602 1.02365e-19)
(0.998866 -0.047602 1.02365e-19)
(0.998866 -0.047602 1.02365e-19)
(0.998866 -0.047602 1.02365e-19)
(0.998866 -0.047602 1.02365e-19)
(0.998866 -0.047602 1.02365e-19)
(0.998866 -0.047602 1.02365e-19)
(0.998866 -0.047602 1.02365e-19)
(0.998866 -0.047602 1.02365e-19)
(0.998866 -0.047602 1.02365e-19)
(0.998866 -0.047602 1.02365e-19)
(0.998866 -0.047602 1.02365e-19)
(0.998866 -0.047602 1.02365e-19)
(0.998866 -0.047602 1.02365e-19)
(0.998866 -0.047602 1.02365e-19)
(0.998866 -0.047602 1.02365e-19)
(0.998866 -0.047602 1.02365e-19)
(0.998866 -0.047602 1.02365e-19)
(0.998866 -0.047602 1.02365e-19)
(0.998866 -0.047602 1.02365e-19)
(0.998866 -0.047602 1.02365e-19)
(1 3.61052e-05 0)
(1 3.61052e-05 0)
(1 3.61052e-05 2.67232e-20)
(1 3.61052e-05 -2.67232e-20)
(1 3.61052e-05 0)
(1 3.61052e-05 0)
(1 3.61052e-05 0)
(1 3.61052e-05 0)
(1 3.61052e-05 2.67232e-20)
(1 3.61052e-05 -8.01696e-20)
(1 3.61052e-05 5.34465e-20)
(1 3.61052e-05 0)
(1 3.61052e-05 0)
(1 3.61052e-05 2.67232e-20)
(1 3.61052e-05 -2.67232e-20)
(1 3.61052e-05 0)
(1 3.61052e-05 -2.40701e-19)
(1 3.61052e-05 2.40701e-19)
(1 3.61052e-05 0)
(1 3.61052e-05 0)
(1 3.61052e-05 2.67232e-20)
(1 3.61052e-05 -2.67232e-20)
(1 3.61052e-05 0)
(1 3.61052e-05 0)
(1 3.61052e-05 0)
(1 3.61052e-05 -2.40701e-19)
(1 3.61052e-05 2.67424e-19)
(1 3.61052e-05 -2.67232e-20)
(1 3.61052e-05 0)
(1 3.61052e-05 0)
(1 3.61052e-05 0)
(1 3.61052e-05 0)
(1 3.61052e-05 0)
(1 3.61052e-05 -2.40701e-19)
(1 3.61052e-05 2.40701e-19)
(1 3.61052e-05 0)
(1 3.61052e-05 0)
(1 3.61052e-05 0)
(1 3.61052e-05 2.67232e-20)
(1 3.61052e-05 -2.67232e-20)
(1 3.61052e-05 0)
(1 3.61052e-05 0)
(1 3.61052e-05 0)
(1 3.61052e-05 0)
(1 3.61052e-05 2.67232e-20)
(1 3.61052e-05 -2.67232e-20)
(1 3.61052e-05 0)
(1 3.61052e-05 0)
(1 3.61052e-05 0)
(1 3.61052e-05 0)
(1 3.61052e-05 2.67232e-20)
(1 3.61052e-05 -2.67232e-20)
(1 3.61052e-05 0)
(1 3.61052e-05 0)
(1 3.61052e-05 0)
(1 3.61052e-05 0)
(1 3.61052e-05 0)
(1 3.61052e-05 0)
(1 3.61052e-05 0)
(1 3.61052e-05 0)
(1 0 0)
(1 0 0)
(1 6.59925e-16 4.88443e-31)
(1 6.59925e-16 -4.88443e-31)
(1 0 0)
(1 0 0)
(1 0 0)
(1 0 0)
(1 6.59925e-16 4.88443e-31)
(1 -6.59925e-16 1.46533e-30)
(1 0 0)
(1 1.31985e-15 1.95377e-30)
(1 0 0)
(1 6.59925e-16 4.88443e-31)
(1 6.59925e-16 -4.88443e-31)
(1 0 0)
(1 0 0)
(1 0 0)
(1 0 0)
(1 0 0)
(1 6.59925e-16 4.88443e-31)
(1 6.59925e-16 -4.88443e-31)
(1 0 0)
(1 0 0)
(1 0 0)
(1 0 0)
(1 6.59925e-16 4.88443e-31)
(1 6.59925e-16 -4.88443e-31)
(1 0 0)
(1 0 0)
(1 0 0)
(1 0 0)
(1 0 0)
(1 0 0)
(1 0 0)
(1 0 0)
(1 0 0)
(1 0 0)
(1 6.59925e-16 4.88443e-31)
(1 6.59925e-16 -4.88443e-31)
(1 0 0)
(1 0 0)
(1 0 0)
(1 0 0)
(1 6.59925e-16 4.88443e-31)
(1 6.59925e-16 -4.88443e-31)
(1 0 0)
(1 0 0)
(1 0 0)
(1 0 0)
(1 6.59925e-16 4.88443e-31)
(1 6.59925e-16 -4.88443e-31)
(1 0 0)
(1 0 0)
(1 0 0)
(1 0 0)
(1 0 0)
(1 0 0)
(1 0 0)
(1 0 0)
(1 -6.6451e-16 -4.91836e-31)
(1 -6.6451e-16 4.91836e-31)
(1 0 0)
(1 0 0)
(1 0 0)
(1 6.6451e-16 -4.91836e-31)
(1 0 0)
(1 -6.6451e-16 4.91836e-31)
(1 0 0)
(1 0 0)
(1 0 0)
(1 0 0)
(1 0 0)
(1 1.32902e-15 -1.96735e-30)
(1 1.32902e-15 1.96735e-30)
(1 0 0)
(1 0 0)
(1 -6.6451e-16 -4.91836e-31)
(1 -1.32902e-15 0)
(1 -6.6451e-16 4.91836e-31)
(1 0 0)
(1 0 0)
(1 0 0)
(1 0 0)
(1 0 0)
(1 0 0)
(1 0 0)
(1 0 0)
(1 0 0)
(1 0 0)
(1 0 0)
(1 0 0)
(1 0 0)
(1 0 0)
(1 0 0)
(1 0 0)
(1 0 0)
(1 0 0)
(1 0 0)
(1 0 0)
(1 0 0)
(1 1.32902e-15 -1.96735e-30)
(1 1.32902e-15 1.96735e-30)
(1 0 0)
(1 1.32902e-15 -1.96735e-30)
(1 1.32902e-15 1.96735e-30)
(1 0 0)
(1 1.32902e-15 -1.96735e-30)
(1 1.32902e-15 1.96735e-30)
(1 0 0)
(1 0 0)
(1 0 0)
(1 0 0)
(1 6.6451e-16 -4.91836e-31)
(1 6.6451e-16 4.91836e-31)
(1 0 0)
(1 0 0)
(1 0 0)
(1 0 0)
(1 0 0)
(1 6.6863e-16 4.94886e-31)
(1 6.6863e-16 -4.94886e-31)
(1 1.33726e-15 -1.97954e-30)
(1 1.33726e-15 1.97954e-30)
(1 0 0)
(1 -6.6863e-16 4.94886e-31)
(1 0 0)
(1 1.33726e-15 -1.97954e-30)
(1 6.6863e-16 4.94886e-31)
(1 0 0)
(1 -1.33726e-15 1.97954e-30)
(1 -6.6863e-16 -4.94886e-31)
(1 1.33726e-15 0)
(1 -6.6863e-16 4.94886e-31)
(1 -1.33726e-15 -1.97954e-30)
(1 0 0)
(1 0 0)
(1 2.00589e-15 -1.48466e-30)
(1 2.67452e-15 3.95909e-30)
(1 6.6863e-16 -4.94886e-31)
(1 0 0)
(1 0 0)
(1 0 0)
(1 0 0)
(1 0 0)
(1 1.33726e-15 -1.97954e-30)
(1 1.33726e-15 1.97954e-30)
(1 0 0)
(1 0 0)
(1 0 0)
(1 0 0)
(1 0 0)
(1 0 0)
(1 0 0)
(1 0 0)
(1 0 0)
(1 0 0)
(1 0 0)
(1 0 0)
(1 0 0)
(1 0 0)
(1 -1.33726e-15 1.97954e-30)
(1 -1.33726e-15 -1.97954e-30)
(1 0 0)
(1 -1.33726e-15 1.97954e-30)
(1 -1.33726e-15 -1.97954e-30)
(1 6.6863e-16 -4.94886e-31)
(1 -6.6863e-16 4.94886e-31)
(1 0 0)
(1 1.33726e-15 1.97954e-30)
(1 0 0)
(1 0 0)
(1 0 0)
(1 -6.6863e-16 4.94886e-31)
(1 -6.6863e-16 -4.94886e-31)
(1 0 0)
(1 0 0)
(1 0 0)
(1 0 0)
(1 0 0)
(1 0 0)
(1 0 0)
(1 -2.01703e-15 1.4929e-30)
(1 -2.01703e-15 -1.4929e-30)
(1 -6.72343e-16 -4.97634e-31)
(1 -6.72343e-16 4.97634e-31)
(1 -6.72343e-16 -4.97634e-31)
(1 -1.34469e-15 1.99054e-30)
(1 -6.72343e-16 -4.97634e-31)
(1 0 0)
(1 0 0)
(1 -6.72343e-16 4.97634e-31)
(1 -2.01703e-15 -1.4929e-30)
(1 -1.34469e-15 0)
(1 0 0)
(1 0 0)
(1 -6.72343e-16 -4.97634e-31)
(1 -2.68937e-15 3.98107e-30)
(1 -2.01703e-15 -1.4929e-30)
(1 0 0)
(1 -6.72343e-16 -4.97634e-31)
(1 -1.34469e-15 0)
(1 -6.72343e-16 4.97634e-31)
(1 0 0)
(1 -6.72343e-16 -4.97634e-31)
(1 -2.01703e-15 4.47871e-30)
(1 -1.34469e-15 -1.99054e-30)
(1 0 0)
(1 -6.72343e-16 -4.97634e-31)
(1 -6.72343e-16 4.97634e-31)
(1 0 0)
(1 0 0)
(1 0 0)
(1 0 0)
(1 -6.72343e-16 -4.97634e-31)
(1 -6.72343e-16 4.97634e-31)
(1 0 0)
(1 0 0)
(1 -6.72343e-16 -4.97634e-31)
(1 -6.72343e-16 4.97634e-31)
(1 0 0)
(1 0 0)
(1 -6.72343e-16 -4.97634e-31)
(1 -6.72343e-16 4.97634e-31)
(1 0 0)
(1 0 0)
(1 -1.34469e-15 0)
(1 -1.34469e-15 0)
(1 -1.34469e-15 1.99054e-30)
(1 -1.34469e-15 -1.99054e-30)
(1 0 0)
(1 0 0)
(1 0 0)
(1 0 0)
(1 0 0)
(1 0 0)
(1 0 0)
(1 0 0)
(1 0 0)
(1 0 0)
(1 0 0)
(1 0 0)
(1 0 0)
(1 0 0)
(1 6.75698e-16 5.00117e-31)
(1 6.75698e-16 -5.00117e-31)
(1 2.02709e-15 -1.50035e-30)
(1 2.02709e-15 1.50035e-30)
(1 -6.75698e-16 -5.00117e-31)
(1 -6.75698e-16 5.00117e-31)
(1 0 0)
(1 -6.75698e-16 -5.00117e-31)
(1 0 0)
(1 0 0)
(1 -6.75698e-16 5.00117e-31)
(1 0 0)
(1 0 0)
(1 6.75698e-16 -5.00117e-31)
(1 6.75698e-16 -5.00117e-31)
(1 0 0)
(1 0 0)
(1 6.75698e-16 -5.00117e-31)
(1 6.75698e-16 -5.00117e-31)
(1 -6.75698e-16 -5.00117e-31)
(1 0 0)
(1 6.75698e-16 -5.00117e-31)
(1 0 0)
(1 0 0)
(1 6.75698e-16 5.00117e-31)
(1 6.75698e-16 -5.00117e-31)
(1 0 0)
(1 0 0)
(1 0 0)
(1 0 0)
(1 6.75698e-16 5.00117e-31)
(1 0 0)
(1 -6.75698e-16 5.00117e-31)
(1 0 0)
(1 0 0)
(1 0 0)
(1 0 0)
(1 0 0)
(1 6.75698e-16 5.00117e-31)
(1 6.75698e-16 -5.00117e-31)
(1 0 0)
(1 0 0)
(1 6.75698e-16 5.00117e-31)
(1 6.75698e-16 -5.00117e-31)
(1 0 0)
(1 0 0)
(1 -6.75698e-16 -5.00117e-31)
(1 -6.75698e-16 5.00117e-31)
(1 0 0)
(1 0 0)
(1 0 0)
(1 0 0)
(1 0 0)
(1 0 0)
(1 0 0)
(1 0 0)
(1 -1.35747e-15 0)
(1 -1.35747e-15 0)
(1 -6.78735e-16 -5.02365e-31)
(1 -6.78735e-16 5.02365e-31)
(1 -1.35747e-15 0)
(1 6.78735e-16 -1.50709e-30)
(1 -6.78735e-16 -5.02365e-31)
(1 -2.0362e-15 -1.50709e-30)
(1 0 0)
(1 0 0)
(1 -6.78735e-16 -5.02365e-31)
(1 -6.78735e-16 -5.02365e-31)
(1 -6.78735e-16 5.02365e-31)
(1 0 0)
(1 0 0)
(1 -6.78735e-16 5.02365e-31)
(1 0 0)
(1 -6.78735e-16 5.02365e-31)
(1 -1.35747e-15 0)
(1 -1.35747e-15 0)
(1 -6.78735e-16 -5.02365e-31)
(1 -6.78735e-16 5.02365e-31)
(1 -6.78735e-16 5.02365e-31)
(1 0 0)
(1 0 0)
(1 -6.78735e-16 -5.02365e-31)
(1 -1.35747e-15 0)
(1 -1.35747e-15 0)
(1 -6.78735e-16 5.02365e-31)
(1 -6.78735e-16 -5.02365e-31)
(1 -1.35747e-15 0)
(1 -1.35747e-15 0)
(1 -1.35747e-15 0)
(1 -1.35747e-15 0)
(1 -1.35747e-15 0)
(1 -6.78735e-16 -5.02365e-31)
(1 -6.78735e-16 5.02365e-31)
(1 -1.35747e-15 0)
(1 -6.78735e-16 -5.02365e-31)
(1 -6.78735e-16 5.02365e-31)
(1 -1.35747e-15 0)
(1 -1.35747e-15 0)
(1 -1.35747e-15 0)
(1 -1.35747e-15 0)
(1 -1.35747e-15 0)
(1 -1.35747e-15 0)
(1 -1.35747e-15 0)
(1 -1.35747e-15 0)
(1 -1.35747e-15 0)
(1 -1.35747e-15 0)
(1 -6.78735e-16 -5.02365e-31)
(1 -6.78735e-16 5.02365e-31)
(1 -1.35747e-15 0)
(1 -1.35747e-15 0)
(1 -1.35747e-15 0)
(1 -1.35747e-15 0)
(1 -1.35747e-15 0)
(1 -1.35747e-15 0)
(1 -1.35747e-15 0)
(1 -1.35747e-15 0)
(1 1.36298e-15 0)
(1 1.36298e-15 0)
(1 6.8149e-16 5.04404e-31)
(1 6.8149e-16 -5.04404e-31)
(1 6.8149e-16 5.04404e-31)
(1 -1.36298e-15 4.03523e-30)
(1 -1.36298e-15 -4.03523e-30)
(1 0 0)
(1 6.8149e-16 5.04404e-31)
(1 6.8149e-16 -5.04404e-31)
(1 6.8149e-16 5.04404e-31)
(1 1.36298e-15 0)
(1 6.8149e-16 5.04404e-31)
(1 0 0)
(1 6.8149e-16 5.04404e-31)
(1 6.8149e-16 -5.04404e-31)
(1 6.8149e-16 5.04404e-31)
(1 1.36298e-15 0)
(1 1.36298e-15 0)
(1 1.36298e-15 0)
(1 1.36298e-15 0)
(1 6.8149e-16 5.04404e-31)
(1 0 0)
(1 0 0)
(1 0 0)
(1 -1.36298e-15 -4.03523e-30)
(1 -6.8149e-16 1.51321e-30)
(1 6.8149e-16 5.04404e-31)
(1 0 0)
(1 6.8149e-16 5.04404e-31)
(1 1.36298e-15 0)
(1 6.8149e-16 5.04404e-31)
(1 6.8149e-16 -5.04404e-31)
(1 1.36298e-15 0)
(1 1.36298e-15 0)
(1 6.8149e-16 5.04404e-31)
(1 6.8149e-16 -5.04404e-31)
(1 1.36298e-15 0)
(1 1.36298e-15 0)
(1 1.36298e-15 0)
(1 1.36298e-15 0)
(1 1.36298e-15 0)
(1 1.36298e-15 0)
(1 1.36298e-15 0)
(1 1.36298e-15 0)
(1 1.36298e-15 0)
(1 1.36298e-15 0)
(1 1.36298e-15 0)
(1 1.36298e-15 0)
(1 1.36298e-15 0)
(1 6.8149e-16 5.04404e-31)
(1 6.8149e-16 -5.04404e-31)
(1 1.36298e-15 0)
(1 1.36298e-15 0)
(1 6.8149e-16 5.04404e-31)
(1 6.8149e-16 -5.04404e-31)
(1 1.36298e-15 0)
(1 1.36298e-15 0)
(1 1.36298e-15 0)
(1 1.36298e-15 0)
(1 0 0)
(1 6.83994e-16 -5.06257e-31)
(1 1.36799e-15 2.02503e-30)
(1 2.05198e-15 -4.55632e-30)
(1 2.05198e-15 4.55632e-30)
(1 1.36799e-15 -2.02503e-30)
(1 1.36799e-15 2.02503e-30)
(1 6.83994e-16 -5.06257e-31)
(1 0 0)
(1 6.83994e-16 -5.06257e-31)
(1 6.83994e-16 5.06257e-31)
(1 0 0)
(1 6.83994e-16 5.06257e-31)
(1 6.83994e-16 -5.06257e-31)
(1 0 0)
(1 0 0)
(1 0 0)
(1 0 0)
(1 0 0)
(1 0 0)
(1 0 0)
(1 6.83994e-16 5.06257e-31)
(1 6.83994e-16 -5.06257e-31)
(1 6.83994e-16 5.06257e-31)
(1 6.83994e-16 -5.06257e-31)
(1 2.05198e-15 4.55632e-30)
(1 2.05198e-15 -4.55632e-30)
(1 6.83994e-16 5.06257e-31)
(1 6.83994e-16 -5.06257e-31)
(1 0 0)
(1 0 0)
(1 6.83994e-16 5.06257e-31)
(1 6.83994e-16 -5.06257e-31)
(1 0 0)
(1 0 0)
(1 6.83994e-16 5.06257e-31)
(1 6.83994e-16 -5.06257e-31)
(1 0 0)
(1 0 0)
(1 0 0)
(1 0 0)
(1 0 0)
(1 0 0)
(1 0 0)
(1 0 0)
(1 0 0)
(1 0 0)
(1 0 0)
(1 0 0)
(1 0 0)
(1 6.83994e-16 5.06257e-31)
(1 6.83994e-16 -5.06257e-31)
(1 0 0)
(1 0 0)
(1 6.83994e-16 5.06257e-31)
(1 2.05198e-15 -4.55632e-30)
(1 1.36799e-15 2.02503e-30)
(1 0 0)
(1 0 0)
(1 0 0)
(1 0 0)
(1 -6.86273e-16 5.07944e-31)
(1 -6.86273e-16 -5.07944e-31)
(1 -1.37255e-15 2.03178e-30)
(1 -1.37255e-15 -2.03178e-30)
(1 -6.86273e-16 5.07944e-31)
(1 -6.86273e-16 -5.07944e-31)
(1 0 0)
(1 0 0)
(1 0 0)
(1 0 0)
(1 0 0)
(1 0 0)
(1 0 0)
(1 0 0)
(1 0 0)
(1 0 0)
(1 0 0)
(1 0 0)
(1 0 0)
(1 0 0)
(1 0 0)
(1 0 0)
(1 0 0)
(1 0 0)
(1 0 0)
(1 0 0)
(1 0 0)
(1 0 0)
(1 0 0)
(1 0 0)
(1 0 0)
(1 0 0)
(1 0 0)
(1 0 0)
(1 0 0)
(1 0 0)
(1 0 0)
(1 0 0)
(1 0 0)
(1 0 0)
(1 0 0)
(1 0 0)
(1 0 0)
(1 0 0)
(1 0 0)
(1 0 0)
(1 0 0)
(1 0 0)
(1 0 0)
(1 0 0)
(1 0 0)
(1 0 0)
(1 0 0)
(1 0 0)
(1 -1.37255e-15 2.03178e-30)
(1 -1.37255e-15 -2.03178e-30)
(1 0 0)
(1 0 0)
(1 0 0)
(1 0 0)
(1 6.88348e-16 -5.0948e-31)
(1 6.88348e-16 5.0948e-31)
(1 0 0)
(1 0 0)
(1 6.88348e-16 -5.0948e-31)
(1 6.88348e-16 5.0948e-31)
(1 0 0)
(1 0 0)
(1 0 0)
(1 0 0)
(1 0 0)
(1 0 0)
(1 1.3767e-15 -2.03792e-30)
(1 1.3767e-15 2.03792e-30)
(1 0 0)
(1 0 0)
(1 0 0)
(1 1.3767e-15 -2.03792e-30)
(1 1.3767e-15 2.03792e-30)
(1 0 0)
(1 0 0)
(1 0 0)
(1 0 0)
(1 1.3767e-15 -2.03792e-30)
(1 1.3767e-15 2.03792e-30)
(1 0 0)
(1 0 0)
(1 0 0)
(1 0 0)
(1 0 0)
(1 0 0)
(1 0 0)
(1 0 0)
(1 0 0)
(1 0 0)
(1 0 0)
(1 0 0)
(1 0 0)
(1 1.3767e-15 -2.03792e-30)
(1 2.75339e-15 0)
(1 1.3767e-15 2.03792e-30)
(1 0 0)
(1 0 0)
(1 0 0)
(1 0 0)
(1 0 0)
(1 0 0)
(1 0 0)
(1 0 0)
(1 0 0)
(1 0 0)
(1 0 0)
(1 0 0)
(1 0 0)
(1 0 0)
(1 0 0)
(1 0 0)
(1 0 0)
(1 0 0)
(1 2.76096e-15 0)
(1 6.9024e-16 5.1088e-31)
(1 6.9024e-16 -5.1088e-31)
(1 3.4512e-15 -2.5544e-30)
(1 3.4512e-15 2.5544e-30)
(1 1.38048e-15 -9.2032e-40)
(1 0 0)
(1 1.38048e-15 -2.04352e-30)
(1 2.76096e-15 0)
(1 1.38048e-15 -9.2032e-40)
(1 1.38048e-15 9.2032e-40)
(1 2.76096e-15 0)
(1 1.38048e-15 2.04352e-30)
(1 0 0)
(1 1.38048e-15 2.04352e-30)
(1 2.76096e-15 0)
(1 2.76096e-15 0)
(1 2.76096e-15 0)
(1 1.38048e-15 -2.04352e-30)
(1 0 0)
(1 1.38048e-15 -2.04352e-30)
(1 1.38048e-15 2.04352e-30)
(1 1.38048e-15 -2.04352e-30)
(1 2.76096e-15 0)
(1 1.38048e-15 -2.04352e-30)
(1 1.38048e-15 2.04352e-30)
(1 2.76096e-15 0)
(1 2.76096e-15 0)
(1 1.38048e-15 2.04352e-30)
(1 1.38048e-15 -2.04352e-30)
(1 2.76096e-15 0)
(1 2.76096e-15 0)
(1 2.76096e-15 0)
(1 2.76096e-15 0)
(1 2.76096e-15 0)
(1 2.76096e-15 0)
(1 2.76096e-15 0)
(1 2.76096e-15 0)
(1 2.76096e-15 0)
(1 1.38048e-15 -2.04352e-30)
(1 0 0)
(1 1.38048e-15 2.04352e-30)
(1 2.76096e-15 0)
(1 2.76096e-15 0)
(1 2.76096e-15 0)
(1 1.38048e-15 2.04352e-30)
(1 0 0)
(1 1.38048e-15 -2.04352e-30)
(1 2.76096e-15 0)
(1 2.76096e-15 0)
(1 2.76096e-15 0)
(1 2.76096e-15 0)
(1 2.76096e-15 0)
(1 3.4512e-15 -2.5544e-30)
(1 3.4512e-15 2.5544e-30)
(1 2.76096e-15 0)
(1 2.76096e-15 0)
(1 2.76096e-15 0)
(1 2.76096e-15 0)
(1 2.76096e-15 0)
(1 -2.76786e-15 0)
(1 -1.38393e-15 -2.04863e-30)
(1 -1.38393e-15 2.04863e-30)
(1 -2.0759e-15 4.60942e-30)
(1 -2.0759e-15 -4.60942e-30)
(1 -2.0759e-15 -1.53647e-30)
(1 -6.91966e-16 -5.12158e-31)
(1 -1.38393e-15 2.04863e-30)
(1 -2.76786e-15 0)
(1 -1.38393e-15 9.22621e-40)
(1 -1.38393e-15 -9.22621e-40)
(1 -1.38393e-15 2.04863e-30)
(1 0 0)
(1 -1.38393e-15 2.04863e-30)
(1 -2.76786e-15 0)
(1 -2.76786e-15 0)
(1 -2.76786e-15 0)
(1 -2.76786e-15 0)
(1 -2.76786e-15 0)
(1 -1.38393e-15 -2.04863e-30)
(1 -1.38393e-15 2.04863e-30)
(1 -1.38393e-15 -2.04863e-30)
(1 -1.38393e-15 2.04863e-30)
(1 -2.76786e-15 0)
(1 -2.76786e-15 0)
(1 -2.76786e-15 0)
(1 -2.76786e-15 0)
(1 -2.76786e-15 0)
(1 -1.38393e-15 -2.04863e-30)
(1 -1.38393e-15 2.04863e-30)
(1 -2.76786e-15 0)
(1 -2.76786e-15 0)
(1 -2.76786e-15 0)
(1 -2.76786e-15 0)
(1 -2.76786e-15 0)
(1 -2.76786e-15 0)
(1 -2.76786e-15 0)
(1 -2.76786e-15 0)
(1 -2.76786e-15 0)
(1 -2.76786e-15 0)
(1 -2.76786e-15 0)
(1 -2.76786e-15 0)
(1 -2.76786e-15 0)
(1 -2.76786e-15 0)
(1 -2.76786e-15 0)
(1 -1.38393e-15 -2.04863e-30)
(1 0 0)
(1 -1.38393e-15 2.04863e-30)
(1 -2.76786e-15 0)
(1 -2.76786e-15 0)
(1 -2.76786e-15 0)
(1 -2.76786e-15 0)
(1 -2.76786e-15 0)
(1 -3.45983e-15 2.56079e-30)
(1 -3.45983e-15 -2.56079e-30)
(1 -2.76786e-15 0)
(1 -2.76786e-15 0)
(1 -2.76786e-15 0)
(1 -2.76786e-15 0)
(1 -2.76786e-15 0)
(1 0 0)
(1 6.9354e-16 -5.13323e-31)
(1 2.08062e-15 -1.53997e-30)
(1 0 0)
(1 -1.38708e-15 -2.05329e-30)
(1 6.9354e-16 -5.13323e-31)
(1 6.9354e-16 5.13323e-31)
(1 0 0)
(1 0 0)
(1 0 0)
(1 0 0)
(1 -1.38708e-15 2.05329e-30)
(1 -1.38708e-15 -2.05329e-30)
(1 0 0)
(1 0 0)
(1 1.38708e-15 -2.05329e-30)
(1 1.38708e-15 2.05329e-30)
(1 0 0)
(1 1.38708e-15 -2.05329e-30)
(1 2.77416e-15 0)
(1 1.38708e-15 2.05329e-30)
(1 0 0)
(1 1.38708e-15 -2.05329e-30)
(1 1.38708e-15 2.05329e-30)
(1 0 0)
(1 0 0)
(1 0 0)
(1 0 0)
(1 0 0)
(1 0 0)
(1 0 0)
(1 0 0)
(1 0 0)
(1 0 0)
(1 0 0)
(1 0 0)
(1 0 0)
(1 0 0)
(1 0 0)
(1 0 0)
(1 0 0)
(1 0 0)
(1 0 0)
(1 0 0)
(1 0 0)
(1 0 0)
(1 0 0)
(1 0 0)
(1 0 0)
(1 0 0)
(1 0 0)
(1 0 0)
(1 0 0)
(1 0 0)
(1 0 0)
(1 0 0)
(1 0 0)
(1 0 0)
(1 0 0)
(1 0 0)
(1 0 0)
(1 -6.94975e-16 5.14385e-31)
(1 -2.7799e-15 -1.85327e-39)
(1 -2.08493e-15 -1.54316e-30)
(1 0 0)
(1 -6.94975e-16 5.14385e-31)
(1 -6.94975e-16 -5.14385e-31)
(1 0 0)
(1 0 0)
(1 -6.94975e-16 5.14385e-31)
(1 -6.94975e-16 -5.14385e-31)
(1 0 0)
(1 0 0)
(1 0 0)
(1 0 0)
(1 -1.38995e-15 2.05754e-30)
(1 -1.38995e-15 -2.05754e-30)
(1 0 0)
(1 -1.38995e-15 2.05754e-30)
(1 -2.7799e-15 0)
(1 -1.38995e-15 -2.05754e-30)
(1 0 0)
(1 -1.38995e-15 2.05754e-30)
(1 -1.38995e-15 -2.05754e-30)
(1 0 0)
(1 0 0)
(1 0 0)
(1 0 0)
(1 0 0)
(1 0 0)
(1 0 0)
(1 0 0)
(1 -6.94975e-16 -5.14385e-31)
(1 -6.94975e-16 5.14385e-31)
(1 0 0)
(1 0 0)
(1 0 0)
(1 0 0)
(1 0 0)
(1 0 0)
(1 0 0)
(1 0 0)
(1 0 0)
(1 0 0)
(1 0 0)
(1 0 0)
(1 0 0)
(1 0 0)
(1 0 0)
(1 0 0)
(1 0 0)
(1 0 0)
(1 0 0)
(1 0 0)
(1 0 0)
(1 0 0)
(1 0 0)
(1 0 0)
(1 0 0)
(1 0 0)
(1 0 0)
(1 0 0)
(1 6.96283e-16 5.15353e-31)
(1 6.96283e-16 -5.15353e-31)
(1 0 0)
(1 0 0)
(1 0 0)
(1 0 0)
(1 0 0)
(1 0 0)
(1 0 0)
(1 0 0)
(1 0 0)
(1 0 0)
(1 0 0)
(1 0 0)
(1 0 0)
(1 1.39257e-15 -2.06141e-30)
(1 6.96283e-16 1.54606e-30)
(1 -6.96283e-16 5.15353e-31)
(1 0 0)
(1 0 0)
(1 0 0)
(1 0 0)
(1 0 0)
(1 0 0)
(1 0 0)
(1 0 0)
(1 0 0)
(1 0 0)
(1 0 0)
(1 0 0)
(1 6.96283e-16 5.15353e-31)
(1 6.96283e-16 -5.15353e-31)
(1 -6.96283e-16 -5.15353e-31)
(1 -6.96283e-16 5.15353e-31)
(1 0 0)
(1 -6.96283e-16 -5.15353e-31)
(1 -6.96283e-16 5.15353e-31)
(1 0 0)
(1 -6.96283e-16 -5.15353e-31)
(1 -6.96283e-16 5.15353e-31)
(1 0 0)
(1 -6.96283e-16 -5.15353e-31)
(1 -6.96283e-16 5.15353e-31)
(1 0 0)
(1 0 0)
(1 0 0)
(1 0 0)
(1 0 0)
(1 -6.96283e-16 -5.15353e-31)
(1 -6.96283e-16 5.15353e-31)
(1 0 0)
(1 0 0)
(1 0 0)
(1 0 0)
(1 0 0)
(1 -6.96283e-16 -5.15353e-31)
(1 -6.96283e-16 5.15353e-31)
(1 0 0)
(1 0 0)
(1 0 0)
(1 0 0)
(1 0 0)
(1 0 0)
(1 0 0)
(1 0 0)
(1 0 0)
(1 0 0)
(1 0 0)
(1 0 0)
(1 0 0)
(1 0 0)
(1 0 0)
(1 0 0)
(1 0 0)
(1 0 0)
(1 -1.39495e-15 2.06494e-30)
(1 -6.97474e-16 -1.5487e-30)
(1 6.97474e-16 -5.16235e-31)
(1 0 0)
(1 0 0)
(1 0 0)
(1 0 0)
(1 0 0)
(1 0 0)
(1 0 0)
(1 0 0)
(1 0 0)
(1 0 0)
(1 0 0)
(1 0 0)
(1 0 0)
(1 0 0)
(1 6.97474e-16 5.16235e-31)
(1 6.97474e-16 -5.16235e-31)
(1 0 0)
(1 6.97474e-16 5.16235e-31)
(1 6.97474e-16 -5.16235e-31)
(1 0 0)
(1 6.97474e-16 5.16235e-31)
(1 6.97474e-16 -5.16235e-31)
(1 0 0)
(1 6.97474e-16 5.16235e-31)
(1 6.97474e-16 -5.16235e-31)
(1 0 0)
(1 0 0)
(1 0 0)
(1 0 0)
(1 0 0)
(1 6.97474e-16 5.16235e-31)
(1 6.97474e-16 -5.16235e-31)
(1 0 0)
(1 0 0)
(1 0 0)
(1 0 0)
(1 0 0)
(1 6.97474e-16 5.16235e-31)
(1 6.97474e-16 -5.16235e-31)
(1 0 0)
(1 0 0)
(1 6.98557e-16 -5.17036e-31)
(1 2.09567e-15 -1.55111e-30)
(1 1.39711e-15 2.06814e-30)
(1 0 0)
(1 0 0)
(1 0 0)
(1 0 0)
(1 0 0)
(1 6.98557e-16 -5.17036e-31)
(1 6.98557e-16 5.17036e-31)
(1 0 0)
(1 0 0)
(1 0 0)
(1 0 0)
(1 0 0)
(1 0 0)
(1 0 0)
(1 1.39711e-15 -2.06814e-30)
(1 1.39711e-15 2.06814e-30)
(1 0 0)
(1 0 0)
(1 0 0)
(1 0 0)
(1 1.39711e-15 -2.06814e-30)
(1 1.39711e-15 2.06814e-30)
(1 1.39711e-15 -2.06814e-30)
(1 1.39711e-15 2.06814e-30)
(1 0 0)
(1 0 0)
(1 0 0)
(1 0 0)
(1 0 0)
(1 0 0)
(1 0 0)
(1 0 0)
(1 0 0)
(1 0 0)
(1 0 0)
(1 0 0)
(1 0 0)
(1 0 0)
(1 0 0)
(1 0 0)
(1 1.39711e-15 -2.06814e-30)
(1 2.09567e-15 1.55111e-30)
(1 6.98557e-16 5.17036e-31)
(1 0 0)
(1 0 0)
(1 0 0)
(1 0 0)
(1 0 0)
(1 0 0)
(1 0 0)
(1 0 0)
(1 0 0)
(1 0 0)
(1 0 0)
(1 0 0)
(1 0 0)
(1 0 0)
(1 0 0)
(1 -1.39908e-15 -9.32718e-40)
(1 -1.39908e-15 -2.07105e-30)
(1 0 0)
(1 6.99538e-16 -5.17762e-31)
(1 6.99538e-16 5.17762e-31)
(1 0 0)
(1 0 0)
(1 -6.99538e-16 5.17762e-31)
(1 -6.99538e-16 -5.17762e-31)
(1 1.39908e-15 -2.07105e-30)
(1 1.39908e-15 2.07105e-30)
(1 1.39908e-15 -2.07105e-30)
(1 1.39908e-15 2.07105e-30)
(1 0 0)
(1 0 0)
(1 0 0)
(1 0 0)
(1 0 0)
(1 0 0)
(1 0 0)
(1 0 0)
(1 0 0)
(1 -1.39908e-15 2.07105e-30)
(1 -1.39908e-15 -2.07105e-30)
(1 -1.39908e-15 2.07105e-30)
(1 -1.39908e-15 -2.07105e-30)
(1 0 0)
(1 0 0)
(1 0 0)
(1 0 0)
(1 0 0)
(1 0 0)
(1 0 0)
(1 1.39908e-15 -2.07105e-30)
(1 1.39908e-15 2.07105e-30)
(1 0 0)
(1 0 0)
(1 0 0)
(1 0 0)
(1 0 0)
(1 1.39908e-15 -2.07105e-30)
(1 1.39908e-15 2.07105e-30)
(1 -1.39908e-15 2.07105e-30)
(1 -2.09862e-15 -1.55329e-30)
(1 -6.99538e-16 -5.17762e-31)
(1 0 0)
(1 1.39908e-15 -2.07105e-30)
(1 1.39908e-15 2.07105e-30)
(1 0 0)
(1 0 0)
(1 0 0)
(1 0 0)
(1 0 0)
(1 0 0)
(1 0 0)
(1 0 0)
(1 0 0)
(1 0 0)
(1 -7.00426e-16 -5.18419e-31)
(1 -1.40085e-15 2.07368e-30)
(1 -1.40085e-15 -2.07368e-30)
(1 -7.00426e-16 5.18419e-31)
(1 0 0)
(1 0 0)
(1 0 0)
(1 0 0)
(1 -7.00426e-16 -5.18419e-31)
(1 -7.00426e-16 5.18419e-31)
(1 0 0)
(1 -1.40085e-15 2.07368e-30)
(1 -1.40085e-15 -2.07368e-30)
(1 -2.10128e-15 1.55526e-30)
(1 -2.10128e-15 -1.55526e-30)
(1 0 0)
(1 -7.00426e-16 -5.18419e-31)
(1 -1.40085e-15 0)
(1 -2.10128e-15 4.66577e-30)
(1 -2.10128e-15 -4.66577e-30)
(1 -7.00426e-16 5.18419e-31)
(1 0 0)
(1 0 0)
(1 -7.00426e-16 -5.18419e-31)
(1 -7.00426e-16 5.18419e-31)
(1 -7.00426e-16 -5.18419e-31)
(1 -7.00426e-16 5.18419e-31)
(1 0 0)
(1 0 0)
(1 0 0)
(1 0 0)
(1 0 0)
(1 0 0)
(1 0 0)
(1 0 0)
(1 -1.40085e-15 2.07368e-30)
(1 -1.40085e-15 -2.07368e-30)
(1 0 0)
(1 0 0)
(1 -7.00426e-16 -5.18419e-31)
(1 -7.00426e-16 5.18419e-31)
(1 0 0)
(1 -2.10128e-15 1.55526e-30)
(1 -2.10128e-15 -1.55526e-30)
(1 0 0)
(1 -7.00426e-16 -5.18419e-31)
(1 -1.40085e-15 0)
(1 -7.00426e-16 5.18419e-31)
(1 -1.40085e-15 2.07368e-30)
(1 -1.40085e-15 -2.07368e-30)
(1 0 0)
(1 0 0)
(1 0 0)
(1 0 0)
(1 0 0)
(1 0 0)
(1 0 0)
(1 0 0)
(1 0 0)
(1 0 0)
(1 0 0)
(1 0 0)
(1 7.01226e-16 5.19011e-31)
(1 2.10368e-15 -4.6711e-30)
(1 7.01226e-16 1.55703e-30)
(1 -6.31608e-25 1.86993e-39)
(1 -6.31608e-25 -1.86993e-39)
(1 -7.01226e-16 5.19011e-31)
(1 7.01226e-16 5.19011e-31)
(1 7.01226e-16 -5.19011e-31)
(1 0 0)
(1 0 0)
(1 0 0)
(1 7.01226e-16 5.19011e-31)
(1 7.01226e-16 -5.19011e-31)
(1 0 0)
(1 7.01226e-16 5.19011e-31)
(1 1.40245e-15 0)
(1 2.10368e-15 -4.6711e-30)
(1 1.40245e-15 4.15209e-30)
(1 -7.01226e-16 5.19011e-31)
(1 -1.40245e-15 0)
(1 -7.01226e-16 5.19011e-31)
(1 7.01226e-16 5.19011e-31)
(1 7.01226e-16 -5.19011e-31)
(1 7.01226e-16 5.19011e-31)
(1 7.01226e-16 -5.19011e-31)
(1 0 0)
(1 0 0)
(1 0 0)
(1 -7.01226e-16 -5.19011e-31)
(1 -7.01226e-16 5.19011e-31)
(1 -7.01226e-16 -5.19011e-31)
(1 -7.01226e-16 5.19011e-31)
(1 -7.01226e-16 -5.19011e-31)
(1 -7.01226e-16 5.19011e-31)
(1 0 0)
(1 0 0)
(1 -7.01226e-16 -5.19011e-31)
(1 -7.01226e-16 -5.19011e-31)
(1 0 0)
(1 0 0)
(1 7.01226e-16 5.19011e-31)
(1 7.01226e-16 -5.19011e-31)
(1 0 0)
(1 7.01226e-16 5.19011e-31)
(1 1.40245e-15 0)
(1 7.01226e-16 -5.19011e-31)
(1 0 0)
(1 -7.01226e-16 -5.19011e-31)
(1 -7.01226e-16 5.19011e-31)
(1 0 0)
(1 0 0)
(1 -7.01226e-16 -5.19011e-31)
(1 -7.01226e-16 5.19011e-31)
(1 0 0)
(1 0 0)
(1 0 0)
(1 0 0)
(1 0 0)
(1 0 0)
(1 0 0)
(1 -1.40388e-15 0)
(1 -2.80777e-15 4.15633e-30)
(1 0 0)
(1 0 0)
(1 -2.10583e-15 -4.67587e-30)
(1 0 0)
(1 -7.01942e-16 -5.19542e-31)
(1 -7.01942e-16 5.19542e-31)
(1 -7.01942e-16 -5.19542e-31)
(1 -7.01942e-16 5.19542e-31)
(1 -7.01942e-16 -5.19542e-31)
(1 -7.01942e-16 5.19542e-31)
(1 -7.01942e-16 -5.19542e-31)
(1 -1.40388e-15 0)
(1 -7.01942e-16 5.19542e-31)
(1 -7.01942e-16 -5.19542e-31)
(1 -2.10583e-15 4.67587e-30)
(1 -7.01942e-16 -1.55862e-30)
(1 1.40388e-15 0)
(1 7.01942e-16 5.19542e-31)
(1 0 0)
(1 -7.01942e-16 -5.19542e-31)
(1 -7.01942e-16 5.19542e-31)
(1 -7.01942e-16 -5.19542e-31)
(1 -1.40388e-15 0)
(1 -1.40388e-15 0)
(1 7.01942e-16 -1.55862e-30)
(1 7.01942e-16 1.55862e-30)
(1 -7.01942e-16 -5.19542e-31)
(1 -7.01942e-16 5.19542e-31)
(1 -7.01942e-16 -5.19542e-31)
(1 -7.01942e-16 5.19542e-31)
(1 -7.01942e-16 -5.19542e-31)
(1 -7.01942e-16 5.19542e-31)
(1 -1.40388e-15 0)
(1 7.01942e-16 -1.55862e-30)
(1 2.10583e-15 4.67587e-30)
(1 1.40388e-15 0)
(1 7.01942e-16 -5.19542e-31)
(1 0 0)
(1 0 0)
(1 0 0)
(1 -7.01942e-16 -5.19542e-31)
(1 -1.40388e-15 0)
(1 -1.40388e-15 0)
(1 -1.40388e-15 0)
(1 -1.40388e-15 0)
(1 -7.01942e-16 -5.19542e-31)
(1 -7.01942e-16 5.19542e-31)
(1 -1.40388e-15 0)
(1 -1.40388e-15 0)
(1 0 0)
(1 7.01942e-16 -5.19542e-31)
(1 -7.01942e-16 -5.19542e-31)
(1 -1.40388e-15 0)
(1 -1.40388e-15 0)
(1 -1.40388e-15 0)
(1 -1.40388e-15 0)
(1 7.02581e-16 -5.20014e-31)
(1 7.02581e-16 5.20014e-31)
(1 1.40516e-15 0)
(1 1.40516e-15 0)
(1 -7.02581e-16 1.56004e-30)
(1 -7.02581e-16 -1.56004e-30)
(1 1.40516e-15 0)
(1 7.02581e-16 -5.20014e-31)
(1 7.02581e-16 5.20014e-31)
(1 7.02581e-16 -5.20014e-31)
(1 7.02581e-16 5.20014e-31)
(1 7.02581e-16 -5.20014e-31)
(1 7.02581e-16 5.20014e-31)
(1 7.02581e-16 -5.20014e-31)
(1 7.02581e-16 5.20014e-31)
(1 1.40516e-15 0)
(1 7.02581e-16 -5.20014e-31)
(1 7.02581e-16 5.20014e-31)
(1 0 0)
(1 -7.02581e-16 5.20014e-31)
(1 0 0)
(1 7.02581e-16 5.20014e-31)
(1 7.02581e-16 -5.20014e-31)
(1 7.02581e-16 5.20014e-31)
(1 0 0)
(1 -2.10774e-15 -4.68013e-30)
(1 -7.02581e-16 1.56004e-30)
(1 7.02581e-16 5.20014e-31)
(1 -2.10774e-15 4.68013e-30)
(1 -1.40516e-15 -2.08006e-30)
(1 7.02581e-16 5.20014e-31)
(1 0 0)
(1 0 0)
(1 -1.40516e-15 -2.08006e-30)
(1 -7.02581e-16 1.56004e-30)
(1 1.40516e-15 0)
(1 1.40516e-15 0)
(1 -7.02581e-16 1.56004e-30)
(1 -2.10774e-15 -4.68013e-30)
(1 -7.02581e-16 5.20014e-31)
(1 -7.02581e-16 -5.20014e-31)
(1 -7.02581e-16 5.20014e-31)
(1 0 0)
(1 -7.02581e-16 -5.20014e-31)
(1 0 0)
(1 1.40516e-15 0)
(1 7.02581e-16 5.20014e-31)
(1 7.02581e-16 -5.20014e-31)
(1 7.02581e-16 5.20014e-31)
(1 7.02581e-16 -5.20014e-31)
(1 1.40516e-15 0)
(1 1.40516e-15 0)
(1 1.40516e-15 0)
(1 7.02581e-16 -5.20014e-31)
(1 0 0)
(1 7.02581e-16 5.20014e-31)
(1 1.40516e-15 0)
(1 1.40516e-15 0)
(1 1.40516e-15 0)
(1 1.40516e-15 0)
(1 0 0)
(1 7.03145e-16 -5.20432e-31)
(1 7.03145e-16 5.20432e-31)
(1 0 0)
(1 -7.03145e-16 -5.20432e-31)
(1 -7.03145e-16 5.20432e-31)
(1 0 0)
(1 0 0)
(1 0 0)
(1 0 0)
(1 0 0)
(1 0 0)
(1 0 0)
(1 -7.03145e-16 -5.20432e-31)
(1 -7.03145e-16 5.20432e-31)
(1 0 0)
(1 0 0)
(1 0 0)
(1 7.03145e-16 5.20432e-31)
(1 7.03145e-16 -5.20432e-31)
(1 0 0)
(1 0 0)
(1 0 0)
(1 0 0)
(1 7.03145e-16 5.20432e-31)
(1 2.81258e-15 4.16346e-30)
(1 2.10944e-15 -4.68389e-30)
(1 7.03145e-16 5.20432e-31)
(1 1.40629e-15 0)
(1 7.03145e-16 -5.20432e-31)
(1 7.03145e-16 5.20432e-31)
(1 1.40629e-15 0)
(1 1.40629e-15 0)
(1 2.81258e-15 4.16346e-30)
(1 2.10944e-15 -4.68389e-30)
(1 0 0)
(1 0 0)
(1 0 0)
(1 7.03145e-16 5.20432e-31)
(1 7.03145e-16 -5.20432e-31)
(1 7.03145e-16 5.20432e-31)
(1 7.03145e-16 -5.20432e-31)
(1 0 0)
(1 7.03145e-16 5.20432e-31)
(1 7.03145e-16 -5.20432e-31)
(1 0 0)
(1 7.03145e-16 5.20432e-31)
(1 7.03145e-16 -5.20432e-31)
(1 7.03145e-16 5.20432e-31)
(1 7.03145e-16 -5.20432e-31)
(1 0 0)
(1 0 0)
(1 0 0)
(1 0 0)
(1 0 0)
(1 0 0)
(1 0 0)
(1 0 0)
(1 0 0)
(1 0 0)
(1 0 0)
(1 7.03639e-16 -1.56239e-30)
(1 -1.40728e-15 -6.24957e-30)
(1 -2.11092e-15 4.68718e-30)
(1 7.03639e-16 5.20797e-31)
(1 2.81455e-15 -8.33276e-30)
(1 2.11092e-15 4.68718e-30)
(1 0 0)
(1 0 0)
(1 0 0)
(1 0 0)
(1 0 0)
(1 0 0)
(1 7.03639e-16 5.20797e-31)
(1 7.03639e-16 -5.20797e-31)
(1 0 0)
(1 0 0)
(1 0 0)
(1 0 0)
(1 0 0)
(1 0 0)
(1 0 0)
(1 0 0)
(1 0 0)
(1 -2.11092e-15 -4.68718e-30)
(1 -2.11092e-15 4.68718e-30)
(1 0 0)
(1 0 0)
(1 0 0)
(1 0 0)
(1 0 0)
(1 0 0)
(1 0 0)
(1 0 0)
(1 0 0)
(1 0 0)
(1 0 0)
(1 0 0)
(1 0 0)
(1 0 0)
(1 0 0)
(1 0 0)
(1 0 0)
(1 0 0)
(1 0 0)
(1 0 0)
(1 0 0)
(1 0 0)
(1 0 0)
(1 0 0)
(1 0 0)
(1 0 0)
(1 0 0)
(1 0 0)
(1 0 0)
(1 0 0)
(1 0 0)
(1 0 0)
(1 0 0)
(1 0 0)
(1 0 0)
(1 -7.04064e-16 1.56334e-30)
(1 1.40813e-15 6.25335e-30)
(1 2.81626e-15 -8.3378e-30)
(1 7.04064e-16 5.21112e-31)
(1 -1.40813e-15 4.1689e-30)
(1 -1.40813e-15 -4.1689e-30)
(1 0 0)
(1 0 0)
(1 0 0)
(1 0 0)
(1 0 0)
(1 0 0)
(1 0 0)
(1 0 0)
(1 0 0)
(1 0 0)
(1 0 0)
(1 1.40813e-15 -2.08445e-30)
(1 1.40813e-15 2.08445e-30)
(1 0 0)
(1 0 0)
(1 1.40813e-15 -2.08445e-30)
(1 1.40813e-15 2.08445e-30)
(1 2.11219e-15 4.69001e-30)
(1 3.52032e-15 -1.30278e-29)
(1 1.40813e-15 2.08445e-30)
(1 0 0)
(1 0 0)
(1 0 0)
(1 0 0)
(1 0 0)
(1 0 0)
(1 0 0)
(1 0 0)
(1 0 0)
(1 0 0)
(1 0 0)
(1 0 0)
(1 0 0)
(1 0 0)
(1 0 0)
(1 0 0)
(1 0 0)
(1 0 0)
(1 7.04064e-16 -5.21112e-31)
(1 7.04064e-16 5.21112e-31)
(1 0 0)
(1 0 0)
(1 0 0)
(1 0 0)
(1 0 0)
(1 0 0)
(1 0 0)
(1 0 0)
(1 0 0)
(1 0 0)
(1 0 0)
(1 1.40813e-15 -2.08445e-30)
(1 1.40813e-15 2.08445e-30)
(1 2.8177e-15 0)
(1 2.11327e-15 -1.56414e-30)
(1 7.04425e-16 1.56414e-30)
(1 7.04425e-16 -1.56414e-30)
(1 7.04425e-16 1.56414e-30)
(1 0 0)
(1 0 0)
(1 1.40885e-15 -2.08552e-30)
(1 1.40885e-15 2.08552e-30)
(1 1.40885e-15 -2.08552e-30)
(1 2.8177e-15 0)
(1 2.8177e-15 0)
(1 2.8177e-15 0)
(1 2.8177e-15 0)
(1 2.8177e-15 0)
(1 2.8177e-15 0)
(1 2.8177e-15 0)
(1 1.40885e-15 2.08552e-30)
(1 0 0)
(1 1.40885e-15 2.08552e-30)
(1 1.40885e-15 2.08552e-30)
(1 0 0)
(1 0 0)
(1 1.40885e-15 2.08552e-30)
(1 1.40885e-15 2.08552e-30)
(1 -1.40885e-15 2.08552e-30)
(1 -2.11327e-15 -4.69241e-30)
(1 7.04425e-16 -1.56414e-30)
(1 1.40885e-15 2.08552e-30)
(1 1.40885e-15 -2.08552e-30)
(1 2.8177e-15 0)
(1 2.8177e-15 0)
(1 1.40885e-15 2.08552e-30)
(1 0 0)
(1 1.40885e-15 -2.08552e-30)
(1 2.8177e-15 0)
(1 2.8177e-15 0)
(1 2.8177e-15 0)
(1 2.8177e-15 0)
(1 2.8177e-15 0)
(1 2.8177e-15 0)
(1 2.8177e-15 0)
(1 2.8177e-15 0)
(1 2.8177e-15 0)
(1 2.8177e-15 0)
(1 2.11327e-15 -1.56414e-30)
(1 2.11327e-15 1.56414e-30)
(1 2.8177e-15 0)
(1 2.8177e-15 0)
(1 1.40885e-15 2.08552e-30)
(1 0 0)
(1 1.40885e-15 -2.08552e-30)
(1 2.8177e-15 0)
(1 2.8177e-15 0)
(1 2.8177e-15 0)
(1 2.8177e-15 0)
(1 2.8177e-15 0)
(1 2.8177e-15 0)
(1 1.40885e-15 -2.08552e-30)
(1 1.40885e-15 2.08552e-30)
(1 -2.81889e-15 0)
(1 -2.81889e-15 0)
(1 0 0)
(1 0 0)
(1 -1.40944e-15 -2.0864e-30)
(1 -7.04722e-16 5.21599e-31)
(1 -7.04722e-16 -5.21599e-31)
(1 -1.40944e-15 2.0864e-30)
(1 -1.40944e-15 -2.0864e-30)
(1 -1.40944e-15 2.0864e-30)
(1 -2.81889e-15 0)
(1 -2.81889e-15 0)
(1 -2.81889e-15 0)
(1 -2.81889e-15 0)
(1 -2.81889e-15 0)
(1 -2.81889e-15 0)
(1 -2.81889e-15 0)
(1 -1.40944e-15 -2.0864e-30)
(1 -1.40944e-15 2.0864e-30)
(1 -2.81889e-15 0)
(1 -1.40944e-15 -2.0864e-30)
(1 0 0)
(1 -1.40944e-15 2.0864e-30)
(1 -2.81889e-15 0)
(1 -1.40944e-15 -2.0864e-30)
(1 0 0)
(1 7.04722e-16 5.21599e-31)
(1 -7.04722e-16 1.5648e-30)
(1 -1.40944e-15 -2.0864e-30)
(1 -1.40944e-15 2.0864e-30)
(1 -2.81889e-15 0)
(1 -2.81889e-15 0)
(1 -1.40944e-15 -2.0864e-30)
(1 0 0)
(1 -1.40944e-15 2.0864e-30)
(1 -2.81889e-15 0)
(1 -2.81889e-15 0)
(1 -2.81889e-15 0)
(1 -2.81889e-15 0)
(1 -2.81889e-15 0)
(1 -2.81889e-15 0)
(1 -2.81889e-15 0)
(1 -2.81889e-15 0)
(1 -2.81889e-15 0)
(1 -2.81889e-15 0)
(1 -2.81889e-15 0)
(1 -2.81889e-15 0)
(1 -2.81889e-15 0)
(1 -2.81889e-15 0)
(1 -1.40944e-15 -2.0864e-30)
(1 0 0)
(1 -1.40944e-15 2.0864e-30)
(1 -2.81889e-15 0)
(1 -2.81889e-15 0)
(1 -2.81889e-15 0)
(1 -2.81889e-15 0)
(1 -2.81889e-15 0)
(1 -2.81889e-15 0)
(1 -2.81889e-15 0)
(1 -2.81889e-15 0)
(1 0 0)
(1 7.04958e-16 -5.21774e-31)
(1 -7.04958e-16 5.21774e-31)
(1 -1.40992e-15 -2.0871e-30)
(1 1.40992e-15 -2.0871e-30)
(1 2.81983e-15 0)
(1 1.40992e-15 2.0871e-30)
(1 0 0)
(1 0 0)
(1 0 0)
(1 0 0)
(1 0 0)
(1 0 0)
(1 0 0)
(1 0 0)
(1 1.40992e-15 -2.0871e-30)
(1 1.40992e-15 2.0871e-30)
(1 1.40992e-15 -2.0871e-30)
(1 1.40992e-15 2.0871e-30)
(1 0 0)
(1 0 0)
(1 0 0)
(1 0 0)
(1 0 0)
(1 0 0)
(1 0 0)
(1 1.40992e-15 -2.0871e-30)
(1 1.40992e-15 2.0871e-30)
(1 0 0)
(1 0 0)
(1 0 0)
(1 0 0)
(1 0 0)
(1 0 0)
(1 0 0)
(1 0 0)
(1 0 0)
(1 0 0)
(1 0 0)
(1 0 0)
(1 0 0)
(1 0 0)
(1 0 0)
(1 0 0)
(1 0 0)
(1 0 0)
(1 0 0)
(1 0 0)
(1 0 0)
(1 0 0)
(1 0 0)
(1 0 0)
(1 0 0)
(1 0 0)
(1 0 0)
(1 0 0)
(1 0 0)
(1 0 0)
(1 0 0)
(1 0 0)
(1 0 0)
(1 -7.05134e-16 5.21904e-31)
(1 -7.05134e-16 -5.21904e-31)
(1 0 0)
(1 0 0)
(1 -1.41027e-15 -2.08762e-30)
(1 -1.41027e-15 -2.08762e-30)
(1 0 0)
(1 0 0)
(1 0 0)
(1 0 0)
(1 0 0)
(1 0 0)
(1 0 0)
(1 0 0)
(1 -1.41027e-15 2.08762e-30)
(1 -1.41027e-15 -2.08762e-30)
(1 -1.41027e-15 2.08762e-30)
(1 -1.41027e-15 -2.08762e-30)
(1 0 0)
(1 0 0)
(1 0 0)
(1 0 0)
(1 0 0)
(1 0 0)
(1 0 0)
(1 -1.41027e-15 2.08762e-30)
(1 -1.41027e-15 -2.08762e-30)
(1 0 0)
(1 0 0)
(1 0 0)
(1 0 0)
(1 0 0)
(1 0 0)
(1 0 0)
(1 0 0)
(1 0 0)
(1 0 0)
(1 0 0)
(1 0 0)
(1 0 0)
(1 0 0)
(1 0 0)
(1 0 0)
(1 0 0)
(1 0 0)
(1 0 0)
(1 0 0)
(1 0 0)
(1 0 0)
(1 0 0)
(1 0 0)
(1 0 0)
(1 0 0)
(1 0 0)
(1 0 0)
(1 0 0)
(1 0 0)
(1 0 0)
(1 0 0)
(1 0 0)
(1 0 0)
(1 0 0)
(1 0 0)
(1 -1.4105e-15 2.08796e-30)
(1 -1.4105e-15 -2.08796e-30)
(1 0 0)
(1 0 0)
(1 0 0)
(1 0 0)
(1 0 0)
(1 0 0)
(1 0 0)
(1 0 0)
(1 0 0)
(1 0 0)
(1 0 0)
(1 0 0)
(1 0 0)
(1 0 0)
(1 0 0)
(1 0 0)
(1 0 0)
(1 -7.0525e-16 -5.2199e-31)
(1 -7.0525e-16 5.2199e-31)
(1 0 0)
(1 0 0)
(1 0 0)
(1 0 0)
(1 0 0)
(1 0 0)
(1 0 0)
(1 0 0)
(1 0 0)
(1 0 0)
(1 -7.0525e-16 -5.2199e-31)
(1 -1.4105e-15 0)
(1 -7.0525e-16 5.2199e-31)
(1 0 0)
(1 0 0)
(1 0 0)
(1 -7.0525e-16 -5.2199e-31)
(1 -7.0525e-16 5.2199e-31)
(1 0 0)
(1 0 0)
(1 0 0)
(1 0 0)
(1 0 0)
(1 0 0)
(1 0 0)
(1 0 0)
(1 0 0)
(1 0 0)
(1 0 0)
(1 0 0)
(1 0 0)
(1 0 0)
(1 -7.0525e-16 -5.2199e-31)
(1 -7.0525e-16 5.2199e-31)
(1 0 0)
(1 0 0)
(1 0 0)
(1 0 0)
(1 1.41062e-15 -2.08813e-30)
(1 2.82123e-15 0)
(1 1.41062e-15 2.08813e-30)
(1 0 0)
(1 0 0)
(1 0 0)
(1 0 0)
(1 -7.05308e-16 -5.22033e-31)
(1 -7.05308e-16 5.22033e-31)
(1 0 0)
(1 0 0)
(1 0 0)
(1 0 0)
(1 0 0)
(1 0 0)
(1 0 0)
(1 1.41062e-15 -2.08813e-30)
(1 1.41062e-15 2.08813e-30)
(1 0 0)
(1 0 0)
(1 7.05308e-16 5.22033e-31)
(1 0 0)
(1 -7.05308e-16 5.22033e-31)
(1 0 0)
(1 0 0)
(1 0 0)
(1 0 0)
(1 0 0)
(1 0 0)
(1 0 0)
(1 0 0)
(1 0 0)
(1 7.05308e-16 5.22033e-31)
(1 1.41062e-15 0)
(1 7.05308e-16 -5.22033e-31)
(1 0 0)
(1 0 0)
(1 0 0)
(1 7.05308e-16 5.22033e-31)
(1 7.05308e-16 -5.22033e-31)
(1 0 0)
(1 0 0)
(1 0 0)
(1 0 0)
(1 0 0)
(1 0 0)
(1 0 0)
(1 0 0)
(1 0 0)
(1 0 0)
(1 0 0)
(1 0 0)
(1 0 0)
(1 0 0)
(1 7.05308e-16 5.22033e-31)
(1 7.05308e-16 -5.22033e-31)
(1 0 0)
(1 0 0)
(1 0 0)
(1 0 0)
(1 -1.41062e-15 2.08813e-30)
(1 -2.82123e-15 0)
(1 -1.41062e-15 -2.08813e-30)
(1 0 0)
(1 0 0)
(1 0 0)
(1 0 0)
(1 7.05308e-16 5.22033e-31)
(1 7.05308e-16 -5.22033e-31)
(1 -7.05308e-16 -5.22033e-31)
(1 -1.41062e-15 0)
(1 -7.05308e-16 5.22033e-31)
(1 0 0)
(1 0 0)
(1 1.41062e-15 -2.08813e-30)
(1 2.82123e-15 0)
(1 1.41062e-15 -2.08813e-30)
(1 0 0)
(1 0 0)
(1 0 0)
(1 0 0)
(1 7.05308e-16 5.22033e-31)
(1 7.05308e-16 -5.22033e-31)
(1 0 0)
(1 0 0)
(1 0 0)
(1 0 0)
(1 0 0)
(1 0 0)
(1 0 0)
(1 0 0)
(1 0 0)
(1 0 0)
(1 0 0)
(1 0 0)
(1 0 0)
(1 0 0)
(1 0 0)
(1 0 0)
(1 0 0)
(1 0 0)
(1 0 0)
(1 0 0)
(1 -7.05308e-16 -5.22033e-31)
(1 -7.05308e-16 5.22033e-31)
(1 0 0)
(1 0 0)
(1 0 0)
(1 0 0)
(1 0 0)
(1 0 0)
(1 0 0)
(1 0 0)
(1 0 0)
(1 0 0)
(1 0 0)
(1 0 0)
(1 0 0)
(1 0 0)
(1 -7.0525e-16 -5.2199e-31)
(1 -7.0525e-16 5.2199e-31)
(1 0 0)
(1 0 0)
(1 0 0)
(1 0 0)
(1 -7.0525e-16 -5.2199e-31)
(1 -1.4105e-15 0)
(1 -7.0525e-16 5.2199e-31)
(1 0 0)
(1 0 0)
(1 7.0525e-16 -5.2199e-31)
(1 7.0525e-16 -5.2199e-31)
(1 0 0)
(1 0 0)
(1 -1.4105e-15 2.08796e-30)
(1 -2.821e-15 0)
(1 -2.821e-15 0)
(1 -1.4105e-15 -2.08796e-30)
(1 0 0)
(1 0 0)
(1 0 0)
(1 1.4105e-15 -2.08796e-30)
(1 1.4105e-15 2.08796e-30)
(1 0 0)
(1 -7.0525e-16 -5.2199e-31)
(1 -1.4105e-15 0)
(1 -7.0525e-16 5.2199e-31)
(1 -7.0525e-16 -5.2199e-31)
(1 -7.0525e-16 5.2199e-31)
(1 0 0)
(1 -7.0525e-16 -5.2199e-31)
(1 -7.0525e-16 5.2199e-31)
(1 0 0)
(1 0 0)
(1 0 0)
(1 0 0)
(1 0 0)
(1 0 0)
(1 0 0)
(1 0 0)
(1 -7.0525e-16 -5.2199e-31)
(1 -7.0525e-16 5.2199e-31)
(1 -7.0525e-16 -5.2199e-31)
(1 -7.0525e-16 -5.2199e-31)
(1 0 0)
(1 0 0)
(1 -7.0525e-16 -5.2199e-31)
(1 -7.0525e-16 5.2199e-31)
(1 0 0)
(1 0 0)
(1 0 0)
(1 0 0)
(1 0 0)
(1 0 0)
(1 0 0)
(1 -7.0525e-16 -5.2199e-31)
(1 -7.0525e-16 5.2199e-31)
(1 0 0)
(1 7.05134e-16 -5.21904e-31)
(1 1.41027e-15 2.08762e-30)
(1 7.05134e-16 -5.21904e-31)
(1 1.41027e-15 -2.08762e-30)
(1 1.41027e-15 2.08762e-30)
(1 0 0)
(1 0 0)
(1 7.05134e-16 5.21904e-31)
(1 7.05134e-16 5.21904e-31)
(1 0 0)
(1 -7.05134e-16 -5.21904e-31)
(1 0 0)
(1 7.05134e-16 -5.21904e-31)
(1 0 0)
(1 0 0)
(1 -7.05134e-16 -5.21904e-31)
(1 -7.05134e-16 5.21904e-31)
(1 0 0)
(1 0 0)
(1 0 0)
(1 -7.05134e-16 -5.21904e-31)
(1 -7.05134e-16 5.21904e-31)
(1 -7.05134e-16 -5.21904e-31)
(1 -2.1154e-15 4.69713e-30)
(1 -2.1154e-15 -4.69713e-30)
(1 -7.05134e-16 5.21904e-31)
(1 7.05134e-16 5.21904e-31)
(1 1.41027e-15 0)
(1 7.05134e-16 -5.21904e-31)
(1 0 0)
(1 0 0)
(1 0 0)
(1 7.05134e-16 5.21904e-31)
(1 0 0)
(1 -1.41027e-15 0)
(1 -7.05134e-16 5.21904e-31)
(1 0 0)
(1 0 0)
(1 0 0)
(1 0 0)
(1 0 0)
(1 -7.05134e-16 -5.21904e-31)
(1 0 0)
(1 7.05134e-16 -5.21904e-31)
(1 7.05134e-16 5.21904e-31)
(1 1.41027e-15 0)
(1 7.05134e-16 -5.21904e-31)
(1 0 0)
(1 0 0)
(1 0 0)
(1 0 0)
(1 0 0)
(1 -7.05134e-16 -5.21904e-31)
(1 -1.41027e-15 0)
(1 -7.05134e-16 5.21904e-31)
(1 0 0)
(1 0 0)
(1 7.05134e-16 5.21904e-31)
(1 7.05134e-16 -5.21904e-31)
(1 0 0)
(1 -1.40992e-15 0)
(1 -1.40992e-15 0)
(1 1.40992e-15 -2.0871e-30)
(1 0 0)
(1 -2.11487e-15 -4.69596e-30)
(1 -7.04958e-16 5.21774e-31)
(1 0 0)
(1 0 0)
(1 0 0)
(1 0 0)
(1 7.04958e-16 5.21774e-31)
(1 7.04958e-16 -5.21774e-31)
(1 -7.04958e-16 -5.21774e-31)
(1 -7.04958e-16 5.21774e-31)
(1 0 0)
(1 7.04958e-16 5.21774e-31)
(1 0 0)
(1 -7.04958e-16 5.21774e-31)
(1 0 0)
(1 -7.04958e-16 -5.21774e-31)
(1 0 0)
(1 7.04958e-16 -5.21774e-31)
(1 7.04958e-16 5.21774e-31)
(1 7.04958e-16 -5.21774e-31)
(1 7.04958e-16 5.21774e-31)
(1 2.11487e-15 -4.69596e-30)
(1 1.40992e-15 2.0871e-30)
(1 -7.04958e-16 -5.21774e-31)
(1 -7.04958e-16 5.21774e-31)
(1 7.04958e-16 5.21774e-31)
(1 7.04958e-16 -5.21774e-31)
(1 0 0)
(1 0 0)
(1 7.04958e-16 5.21774e-31)
(1 1.40992e-15 0)
(1 7.04958e-16 -5.21774e-31)
(1 0 0)
(1 0 0)
(1 0 0)
(1 0 0)
(1 0 0)
(1 7.04958e-16 5.21774e-31)
(1 0 0)
(1 -7.04958e-16 5.21774e-31)
(1 -7.04958e-16 -5.21774e-31)
(1 -7.04958e-16 5.21774e-31)
(1 0 0)
(1 0 0)
(1 0 0)
(1 0 0)
(1 0 0)
(1 0 0)
(1 7.04958e-16 5.21774e-31)
(1 1.40992e-15 0)
(1 7.04958e-16 -5.21774e-31)
(1 0 0)
(1 0 0)
(1 0 0)
(1 0 0)
(1 0 0)
(1 0 0)
(1 0 0)
(1 -1.40944e-15 2.0864e-30)
(1 -2.11417e-15 -4.69439e-30)
(1 0 0)
(1 7.04722e-16 -5.21599e-31)
(1 0 0)
(1 0 0)
(1 0 0)
(1 -7.04722e-16 5.21599e-31)
(1 -7.04722e-16 5.21599e-31)
(1 -7.04722e-16 -5.21599e-31)
(1 0 0)
(1 7.04722e-16 -5.21599e-31)
(1 0 0)
(1 0 0)
(1 0 0)
(1 0 0)
(1 0 0)
(1 0 0)
(1 0 0)
(1 0 0)
(1 -7.04722e-16 -5.21599e-31)
(1 -7.04722e-16 5.21599e-31)
(1 0 0)
(1 -1.40944e-15 2.0864e-30)
(1 -1.40944e-15 -2.0864e-30)
(1 7.04722e-16 5.21599e-31)
(1 7.04722e-16 -5.21599e-31)
(1 0 0)
(1 0 0)
(1 0 0)
(1 0 0)
(1 0 0)
(1 0 0)
(1 0 0)
(1 0 0)
(1 0 0)
(1 0 0)
(1 0 0)
(1 0 0)
(1 0 0)
(1 7.04722e-16 5.21599e-31)
(1 7.04722e-16 -5.21599e-31)
(1 7.04722e-16 5.21599e-31)
(1 0 0)
(1 -7.04722e-16 5.21599e-31)
(1 0 0)
(1 0 0)
(1 0 0)
(1 0 0)
(1 0 0)
(1 0 0)
(1 -7.04722e-16 -5.21599e-31)
(1 -7.04722e-16 5.21599e-31)
(1 0 0)
(1 -7.04722e-16 -5.21599e-31)
(1 -7.04722e-16 5.21599e-31)
(1 0 0)
(1 0 0)
(1 7.04425e-16 5.21379e-31)
(1 2.11327e-15 -4.69241e-30)
(1 1.40885e-15 2.08552e-30)
(1 7.04425e-16 5.21379e-31)
(1 7.04425e-16 -5.21379e-31)
(1 0 0)
(1 0 0)
(1 0 0)
(1 7.04425e-16 5.21379e-31)
(1 1.40885e-15 0)
(1 7.04425e-16 -5.21379e-31)
(1 7.04425e-16 5.21379e-31)
(1 7.04425e-16 -5.21379e-31)
(1 0 0)
(1 0 0)
(1 0 0)
(1 7.04425e-16 5.21379e-31)
(1 7.04425e-16 -5.21379e-31)
(1 0 0)
(1 7.04425e-16 5.21379e-31)
(1 7.04425e-16 -5.21379e-31)
(1 0 0)
(1 7.04425e-16 5.21379e-31)
(1 7.04425e-16 -5.21379e-31)
(1 0 0)
(1 0 0)
(1 0 0)
(1 0 0)
(1 0 0)
(1 0 0)
(1 0 0)
(1 0 0)
(1 0 0)
(1 0 0)
(1 0 0)
(1 0 0)
(1 0 0)
(1 0 0)
(1 0 0)
(1 0 0)
(1 0 0)
(1 0 0)
(1 0 0)
(1 0 0)
(1 0 0)
(1 7.04425e-16 5.21379e-31)
(1 -1.40885e-15 -2.08552e-30)
(1 -2.11327e-15 4.69241e-30)
(1 7.04425e-16 5.21379e-31)
(1 7.04425e-16 -5.21379e-31)
(1 0 0)
(1 0 0)
(1 0 0)
(1 7.04425e-16 5.21379e-31)
(1 7.04425e-16 -5.21379e-31)
(1 0 0)
(1 7.04425e-16 5.21379e-31)
(1 7.04425e-16 -5.21379e-31)
(1 0 0)
(1 0 0)
(1 0 0)
(1 -1.40813e-15 2.08445e-30)
(1 -1.40813e-15 -2.08445e-30)
(1 0 0)
(1 7.04064e-16 -5.21112e-31)
(1 7.04064e-16 5.21112e-31)
(1 0 0)
(1 0 0)
(1 0 0)
(1 0 0)
(1 0 0)
(1 0 0)
(1 0 0)
(1 0 0)
(1 0 0)
(1 0 0)
(1 0 0)
(1 1.40813e-15 -2.08445e-30)
(1 1.40813e-15 2.08445e-30)
(1 0 0)
(1 0 0)
(1 0 0)
(1 0 0)
(1 0 0)
(1 0 0)
(1 0 0)
(1 0 0)
(1 0 0)
(1 0 0)
(1 0 0)
(1 0 0)
(1 0 0)
(1 0 0)
(1 0 0)
(1 0 0)
(1 0 0)
(1 0 0)
(1 0 0)
(1 0 0)
(1 1.40813e-15 -2.08445e-30)
(1 1.40813e-15 2.08445e-30)
(1 0 0)
(1 0 0)
(1 0 0)
(1 0 0)
(1 0 0)
(1 2.11219e-15 4.69001e-30)
(1 2.11219e-15 -4.69001e-30)
(1 0 0)
(1 0 0)
(1 0 0)
(1 0 0)
(1 0 0)
(1 0 0)
(1 0 0)
(1 0 0)
(1 0 0)
(1 0 0)
(1 0 0)
(1 0 0)
(1 7.03639e-16 -5.20797e-31)
(1 7.03639e-16 5.20797e-31)
(1 0 0)
(1 0 0)
(1 -7.03639e-16 5.20797e-31)
(1 -7.03639e-16 -5.20797e-31)
(1 0 0)
(1 0 0)
(1 0 0)
(1 0 0)
(1 0 0)
(1 0 0)
(1 0 0)
(1 0 0)
(1 0 0)
(1 0 0)
(1 0 0)
(1 -1.40728e-15 2.08319e-30)
(1 -1.40728e-15 -2.08319e-30)
(1 0 0)
(1 0 0)
(1 0 0)
(1 0 0)
(1 0 0)
(1 0 0)
(1 0 0)
(1 0 0)
(1 0 0)
(1 0 0)
(1 0 0)
(1 0 0)
(1 0 0)
(1 0 0)
(1 0 0)
(1 0 0)
(1 0 0)
(1 0 0)
(1 0 0)
(1 0 0)
(1 -1.40728e-15 2.08319e-30)
(1 -1.40728e-15 -2.08319e-30)
(1 0 0)
(1 0 0)
(1 0 0)
(1 0 0)
(1 0 0)
(1 0 0)
(1 0 0)
(1 0 0)
(1 0 0)
(1 0 0)
(1 0 0)
(1 0 0)
(1 0 0)
(1 0 0)
(1 0 0)
(1 0 0)
(1 0 0)
(1 0 0)
(1 0 0)
(1 -7.03145e-16 5.20432e-31)
(1 -7.03145e-16 -5.20432e-31)
(1 0 0)
(1 0 0)
(1 0 0)
(1 0 0)
(1 0 0)
(1 0 0)
(1 0 0)
(1 1.40629e-15 -2.08173e-30)
(1 1.40629e-15 2.08173e-30)
(1 0 0)
(1 0 0)
(1 0 0)
(1 0 0)
(1 0 0)
(1 -2.10944e-15 -4.68389e-30)
(1 -2.10944e-15 4.68389e-30)
(1 0 0)
(1 0 0)
(1 0 0)
(1 0 0)
(1 0 0)
(1 0 0)
(1 0 0)
(1 0 0)
(1 0 0)
(1 1.40629e-15 -2.08173e-30)
(1 1.40629e-15 2.08173e-30)
(1 0 0)
(1 0 0)
(1 1.40629e-15 -2.08173e-30)
(1 1.40629e-15 2.08173e-30)
(1 0 0)
(1 0 0)
(1 0 0)
(1 0 0)
(1 0 0)
(1 0 0)
(1 0 0)
(1 0 0)
(1 0 0)
(1 0 0)
(1 0 0)
(1 0 0)
(1 0 0)
(1 0 0)
(1 0 0)
(1 0 0)
(1 0 0)
(1 0 0)
(1 0 0)
(1 0 0)
(1 0 0)
(1 0 0)
(1 0 0)
(1 0 0)
(1 0 0)
(1 0 0)
(1 0 0)
(1 0 0)
(1 0 0)
(1 0 0)
(1 0 0)
(1 0 0)
(1 0 0)
(1 0 0)
(1 0 0)
(1 1.40516e-15 -2.08006e-30)
(1 0 0)
(1 -1.40516e-15 -2.08006e-30)
(1 0 0)
(1 0 0)
(1 0 0)
(1 0 0)
(1 0 0)
(1 2.10774e-15 4.68013e-30)
(1 2.10774e-15 -4.68013e-30)
(1 0 0)
(1 0 0)
(1 0 0)
(1 0 0)
(1 0 0)
(1 0 0)
(1 0 0)
(1 0 0)
(1 0 0)
(1 -1.40516e-15 2.08006e-30)
(1 -1.40516e-15 -2.08006e-30)
(1 0 0)
(1 0 0)
(1 -1.40516e-15 2.08006e-30)
(1 0 0)
(1 1.40516e-15 2.08006e-30)
(1 0 0)
(1 0 0)
(1 0 0)
(1 0 0)
(1 0 0)
(1 0 0)
(1 0 0)
(1 0 0)
(1 0 0)
(1 0 0)
(1 0 0)
(1 0 0)
(1 0 0)
(1 0 0)
(1 0 0)
(1 0 0)
(1 0 0)
(1 0 0)
(1 0 0)
(1 0 0)
(1 0 0)
(1 0 0)
(1 0 0)
(1 0 0)
(1 0 0)
(1 0 0)
(1 0 0)
(1 0 0)
(1 0 0)
(1 0 0)
(1 0 0)
(1 0 0)
(1 0 0)
(1 0 0)
(1 -1.40388e-15 2.07817e-30)
(1 -1.40388e-15 -2.07817e-30)
(1 0 0)
(1 0 0)
(1 0 0)
(1 0 0)
(1 0 0)
(1 0 0)
(1 0 0)
(1 0 0)
(1 0 0)
(1 0 0)
(1 0 0)
(1 0 0)
(1 0 0)
(1 0 0)
(1 0 0)
(1 0 0)
(1 0 0)
(1 0 0)
(1 0 0)
(1 0 0)
(1 0 0)
(1 0 0)
(1 -1.40388e-15 2.07817e-30)
(1 -1.40388e-15 -2.07817e-30)
(1 0 0)
(1 0 0)
(1 0 0)
(1 0 0)
(1 0 0)
(1 0 0)
(1 0 0)
(1 0 0)
(1 0 0)
(1 0 0)
(1 0 0)
(1 0 0)
(1 0 0)
(1 0 0)
(1 0 0)
(1 0 0)
(1 0 0)
(1 0 0)
(1 0 0)
(1 0 0)
(1 0 0)
(1 0 0)
(1 0 0)
(1 0 0)
(1 0 0)
(1 0 0)
(1 0 0)
(1 0 0)
(1 0 0)
(1 0 0)
(1 7.01226e-16 -5.19011e-31)
(1 2.10368e-15 -1.55703e-30)
(1 1.40245e-15 2.07604e-30)
(1 0 0)
(1 1.40245e-15 -2.07604e-30)
(1 1.40245e-15 2.07604e-30)
(1 0 0)
(1 0 0)
(1 0 0)
(1 0 0)
(1 0 0)
(1 0 0)
(1 0 0)
(1 0 0)
(1 0 0)
(1 0 0)
(1 0 0)
(1 0 0)
(1 0 0)
(1 0 0)
(1 0 0)
(1 0 0)
(1 0 0)
(1 0 0)
(1 0 0)
(1 0 0)
(1 0 0)
(1 0 0)
(1 0 0)
(1 0 0)
(1 0 0)
(1 0 0)
(1 0 0)
(1 0 0)
(1 0 0)
(1 0 0)
(1 0 0)
(1 0 0)
(1 0 0)
(1 0 0)
(1 0 0)
(1 0 0)
(1 0 0)
(1 0 0)
(1 0 0)
(1 0 0)
(1 0 0)
(1 0 0)
(1 0 0)
(1 0 0)
(1 0 0)
(1 0 0)
(1 0 0)
(1 0 0)
(1 0 0)
(1 0 0)
(1 7.00426e-16 -5.18419e-31)
(1 2.10128e-15 -1.55526e-30)
(1 1.40085e-15 2.07368e-30)
(1 0 0)
(1 -7.00426e-16 5.18419e-31)
(1 -2.10128e-15 1.55526e-30)
(1 -1.40085e-15 -2.07368e-30)
(1 0 0)
(1 -1.40085e-15 2.07368e-30)
(1 -1.40085e-15 -2.07368e-30)
(1 0 0)
(1 0 0)
(1 0 0)
(1 0 0)
(1 0 0)
(1 0 0)
(1 0 0)
(1 0 0)
(1 0 0)
(1 0 0)
(1 0 0)
(1 0 0)
(1 0 0)
(1 0 0)
(1 0 0)
(1 0 0)
(1 0 0)
(1 0 0)
(1 0 0)
(1 0 0)
(1 0 0)
(1 0 0)
(1 0 0)
(1 0 0)
(1 0 0)
(1 0 0)
(1 0 0)
(1 0 0)
(1 0 0)
(1 0 0)
(1 0 0)
(1 0 0)
(1 0 0)
(1 0 0)
(1 0 0)
(1 0 0)
(1 0 0)
(1 0 0)
(1 0 0)
(1 0 0)
(1 0 0)
(1 0 0)
(1 0 0)
(1 0 0)
(1 0 0)
(1 0 0)
(1 0 0)
(1 0 0)
(1 0 0)
(1 0 0)
(1 -6.99538e-16 5.17762e-31)
(1 -2.09862e-15 1.55329e-30)
(1 -1.39908e-15 -2.07105e-30)
(1 0 0)
(1 0 0)
(1 0 0)
(1 0 0)
(1 0 0)
(1 0 0)
(1 0 0)
(1 0 0)
(1 0 0)
(1 0 0)
(1 0 0)
(1 0 0)
(1 0 0)
(1 0 0)
(1 0 0)
(1 0 0)
(1 0 0)
(1 0 0)
(1 0 0)
(1 0 0)
(1 0 0)
(1 0 0)
(1 1.39908e-15 -2.07105e-30)
(1 1.39908e-15 2.07105e-30)
(1 0 0)
(1 0 0)
(1 0 0)
(1 0 0)
(1 0 0)
(1 0 0)
(1 0 0)
(1 0 0)
(1 0 0)
(1 0 0)
(1 0 0)
(1 0 0)
(1 0 0)
(1 0 0)
(1 0 0)
(1 0 0)
(1 0 0)
(1 0 0)
(1 0 0)
(1 0 0)
(1 0 0)
(1 0 0)
(1 0 0)
(1 0 0)
(1 0 0)
(1 0 0)
(1 0 0)
(1 0 0)
(1 0 0)
(1 0 0)
(1 0 0)
(1 0 0)
(1 0 0)
(1 0 0)
(1 0 0)
(1 1.39711e-15 -2.06814e-30)
(1 1.39711e-15 2.06814e-30)
(1 0 0)
(1 0 0)
(1 0 0)
(1 0 0)
(1 0 0)
(1 0 0)
(1 0 0)
(1 0 0)
(1 0 0)
(1 0 0)
(1 0 0)
(1 0 0)
(1 0 0)
(1 1.39711e-15 -2.06814e-30)
(1 1.39711e-15 2.06814e-30)
(1 0 0)
(1 0 0)
(1 0 0)
(1 0 0)
(1 0 0)
(1 0 0)
(1 -1.39711e-15 2.06814e-30)
(1 -1.39711e-15 -2.06814e-30)
(1 0 0)
(1 0 0)
(1 0 0)
(1 0 0)
(1 0 0)
(1 0 0)
(1 0 0)
(1 0 0)
(1 0 0)
(1 0 0)
(1 0 0)
(1 0 0)
(1 0 0)
(1 0 0)
(1 0 0)
(1 0 0)
(1 0 0)
(1 0 0)
(1 0 0)
(1 0 0)
(1 0 0)
(1 0 0)
(1 0 0)
(1 0 0)
(1 0 0)
(1 0 0)
(1 0 0)
(1 0 0)
(1 0 0)
(1 0 0)
(1 0 0)
(1 0 0)
(1 0 0)
(1 -6.97474e-16 -5.16235e-31)
(1 6.97474e-16 -1.5487e-30)
(1 0 0)
(1 -1.39495e-15 -2.06494e-30)
(1 0 0)
(1 0 0)
(1 0 0)
(1 0 0)
(1 0 0)
(1 0 0)
(1 1.39495e-15 -2.06494e-30)
(1 6.97474e-16 1.5487e-30)
(1 -6.97474e-16 5.16235e-31)
(1 0 0)
(1 0 0)
(1 0 0)
(1 0 0)
(1 -1.39495e-15 2.06494e-30)
(1 -1.39495e-15 -2.06494e-30)
(1 0 0)
(1 -6.97474e-16 -5.16235e-31)
(1 -6.97474e-16 5.16235e-31)
(1 0 0)
(1 0 0)
(1 0 0)
(1 0 0)
(1 0 0)
(1 -6.97474e-16 -5.16235e-31)
(1 -6.97474e-16 5.16235e-31)
(1 0 0)
(1 0 0)
(1 0 0)
(1 0 0)
(1 0 0)
(1 0 0)
(1 0 0)
(1 0 0)
(1 0 0)
(1 0 0)
(1 0 0)
(1 0 0)
(1 0 0)
(1 0 0)
(1 0 0)
(1 0 0)
(1 0 0)
(1 0 0)
(1 -6.97474e-16 -5.16235e-31)
(1 -6.97474e-16 5.16235e-31)
(1 0 0)
(1 0 0)
(1 0 0)
(1 0 0)
(1 0 0)
(1 0 0)
(1 0 0)
(1 0 0)
(1 0 0)
(1 0 0)
(1 0 0)
(1 6.96283e-16 5.15353e-31)
(1 -1.39257e-15 2.06141e-30)
(1 -2.78513e-15 -4.12283e-30)
(1 -1.39257e-15 0)
(1 -6.96283e-16 5.15353e-31)
(1 0 0)
(1 0 0)
(1 0 0)
(1 0 0)
(1 0 0)
(1 -1.39257e-15 2.06141e-30)
(1 -6.96283e-16 -1.54606e-30)
(1 6.96283e-16 -5.15353e-31)
(1 0 0)
(1 0 0)
(1 0 0)
(1 0 0)
(1 0 0)
(1 0 0)
(1 0 0)
(1 0 0)
(1 0 0)
(1 -6.96283e-16 -5.15353e-31)
(1 -6.96283e-16 5.15353e-31)
(1 0 0)
(1 0 0)
(1 -6.96283e-16 -5.15353e-31)
(1 0 0)
(1 6.96283e-16 -5.15353e-31)
(1 0 0)
(1 -6.96283e-16 -5.15353e-31)
(1 -6.96283e-16 5.15353e-31)
(1 0 0)
(1 0 0)
(1 0 0)
(1 0 0)
(1 0 0)
(1 0 0)
(1 0 0)
(1 0 0)
(1 0 0)
(1 -6.96283e-16 -5.15353e-31)
(1 -6.96283e-16 5.15353e-31)
(1 0 0)
(1 0 0)
(1 0 0)
(1 0 0)
(1 6.96283e-16 5.15353e-31)
(1 6.96283e-16 -5.15353e-31)
(1 -6.96283e-16 -5.15353e-31)
(1 -6.96283e-16 5.15353e-31)
(1 0 0)
(1 0 0)
(1 0 0)
(1 0 0)
(1 0 0)
(1 0 0)
(1 0 0)
(1 0 0)
(1 0 0)
(1 6.94975e-16 -5.14385e-31)
(1 1.38995e-15 2.05754e-30)
(1 1.38995e-15 0)
(1 6.94975e-16 5.14385e-31)
(1 6.94975e-16 -1.54316e-30)
(1 6.94975e-16 5.14385e-31)
(1 0 0)
(1 -6.94975e-16 -5.14385e-31)
(1 -6.94975e-16 5.14385e-31)
(1 0 0)
(1 0 0)
(1 0 0)
(1 0 0)
(1 0 0)
(1 0 0)
(1 -6.94975e-16 -5.14385e-31)
(1 -1.38995e-15 0)
(1 -6.94975e-16 5.14385e-31)
(1 0 0)
(1 0 0)
(1 6.94975e-16 5.14385e-31)
(1 6.94975e-16 -5.14385e-31)
(1 6.94975e-16 5.14385e-31)
(1 0 0)
(1 -6.94975e-16 5.14385e-31)
(1 0 0)
(1 0 0)
(1 0 0)
(1 0 0)
(1 0 0)
(1 6.94975e-16 5.14385e-31)
(1 6.94975e-16 -5.14385e-31)
(1 0 0)
(1 -6.94975e-16 -5.14385e-31)
(1 -6.94975e-16 5.14385e-31)
(1 0 0)
(1 0 0)
(1 0 0)
(1 0 0)
(1 0 0)
(1 -6.94975e-16 -5.14385e-31)
(1 -6.94975e-16 -5.14385e-31)
(1 -6.94975e-16 5.14385e-31)
(1 -6.94975e-16 5.14385e-31)
(1 -6.94975e-16 -5.14385e-31)
(1 -6.94975e-16 5.14385e-31)
(1 0 0)
(1 0 0)
(1 0 0)
(1 6.94975e-16 5.14385e-31)
(1 6.94975e-16 -5.14385e-31)
(1 0 0)
(1 0 0)
(1 0 0)
(1 0 0)
(1 0 0)
(1 0 0)
(1 0 0)
(1 0 0)
(1 0 0)
(1 -6.9354e-16 5.13323e-31)
(1 -6.9354e-16 -5.13323e-31)
(1 0 0)
(1 6.9354e-16 5.13323e-31)
(1 0 0)
(1 -6.9354e-16 -5.13323e-31)
(1 0 0)
(1 6.9354e-16 5.13323e-31)
(1 6.9354e-16 -5.13323e-31)
(1 0 0)
(1 0 0)
(1 0 0)
(1 0 0)
(1 0 0)
(1 0 0)
(1 6.9354e-16 5.13323e-31)
(1 1.38708e-15 0)
(1 6.9354e-16 -5.13323e-31)
(1 0 0)
(1 0 0)
(1 0 0)
(1 0 0)
(1 0 0)
(1 6.9354e-16 5.13323e-31)
(1 6.9354e-16 -5.13323e-31)
(1 0 0)
(1 6.9354e-16 5.13323e-31)
(1 6.9354e-16 -5.13323e-31)
(1 0 0)
(1 0 0)
(1 0 0)
(1 0 0)
(1 0 0)
(1 6.9354e-16 5.13323e-31)
(1 6.9354e-16 -5.13323e-31)
(1 0 0)
(1 0 0)
(1 0 0)
(1 0 0)
(1 0 0)
(1 6.9354e-16 5.13323e-31)
(1 1.38708e-15 0)
(1 1.38708e-15 0)
(1 6.9354e-16 -5.13323e-31)
(1 6.9354e-16 5.13323e-31)
(1 6.9354e-16 -5.13323e-31)
(1 0 0)
(1 0 0)
(1 0 0)
(1 0 0)
(1 0 0)
(1 0 0)
(1 0 0)
(1 0 0)
(1 0 0)
(1 0 0)
(1 0 0)
(1 0 0)
(1 0 0)
(1 0 0)
(1 0 0)
(1 0 0)
(1 0 0)
(1 -6.91966e-16 -5.12158e-31)
(1 -6.91966e-16 5.12158e-31)
(1 0 0)
(1 0 0)
(1 0 0)
(1 0 0)
(1 -6.91966e-16 -5.12158e-31)
(1 -1.38393e-15 0)
(1 -1.38393e-15 0)
(1 -1.38393e-15 0)
(1 -6.91966e-16 5.12158e-31)
(1 0 0)
(1 0 0)
(1 0 0)
(1 0 0)
(1 0 0)
(1 0 0)
(1 0 0)
(1 0 0)
(1 -6.91966e-16 -5.12158e-31)
(1 -6.91966e-16 5.12158e-31)
(1 0 0)
(1 0 0)
(1 0 0)
(1 0 0)
(1 0 0)
(1 0 0)
(1 0 0)
(1 -6.91966e-16 -5.12158e-31)
(1 -1.38393e-15 0)
(1 -1.38393e-15 0)
(1 -1.38393e-15 0)
(1 -1.38393e-15 0)
(1 -6.91966e-16 5.12158e-31)
(1 0 0)
(1 0 0)
(1 0 0)
(1 0 0)
(1 0 0)
(1 0 0)
(1 0 0)
(1 -6.91966e-16 -5.12158e-31)
(1 -1.38393e-15 0)
(1 -6.91966e-16 5.12158e-31)
(1 0 0)
(1 0 0)
(1 0 0)
(1 0 0)
(1 0 0)
(1 0 0)
(1 0 0)
(1 0 0)
(1 0 0)
(1 -6.91966e-16 -5.12158e-31)
(1 -1.38393e-15 0)
(1 -6.91966e-16 5.12158e-31)
(1 0 0)
(1 6.9024e-16 -5.1088e-31)
(1 6.9024e-16 5.1088e-31)
(1 0 0)
(1 6.9024e-16 5.1088e-31)
(1 6.9024e-16 -5.1088e-31)
(1 0 0)
(1 0 0)
(1 0 0)
(1 6.9024e-16 -5.1088e-31)
(1 1.38048e-15 2.04352e-30)
(1 1.38048e-15 0)
(1 1.38048e-15 0)
(1 1.38048e-15 0)
(1 6.9024e-16 -5.1088e-31)
(1 0 0)
(1 0 0)
(1 0 0)
(1 0 0)
(1 0 0)
(1 0 0)
(1 0 0)
(1 0 0)
(1 6.9024e-16 5.1088e-31)
(1 6.9024e-16 -5.1088e-31)
(1 0 0)
(1 0 0)
(1 0 0)
(1 0 0)
(1 0 0)
(1 0 0)
(1 0 0)
(1 6.9024e-16 5.1088e-31)
(1 1.38048e-15 0)
(1 1.38048e-15 0)
(1 1.38048e-15 0)
(1 1.38048e-15 0)
(1 6.9024e-16 -5.1088e-31)
(1 0 0)
(1 0 0)
(1 0 0)
(1 0 0)
(1 0 0)
(1 0 0)
(1 0 0)
(1 6.9024e-16 5.1088e-31)
(1 1.38048e-15 0)
(1 6.9024e-16 -5.1088e-31)
(1 0 0)
(1 0 0)
(1 0 0)
(1 0 0)
(1 0 0)
(1 0 0)
(1 0 0)
(1 0 0)
(1 0 0)
(1 6.9024e-16 5.1088e-31)
(1 1.38048e-15 0)
(1 6.9024e-16 -5.1088e-31)
(1 0 0)
(1 -6.88348e-16 5.0948e-31)
(1 -6.88348e-16 -5.0948e-31)
(1 0 0)
(1 0 0)
(1 1.3767e-15 -2.03792e-30)
(1 1.3767e-15 2.03792e-30)
(1 0 0)
(1 0 0)
(1 0 0)
(1 0 0)
(1 1.3767e-15 -2.03792e-30)
(1 1.3767e-15 2.03792e-30)
(1 0 0)
(1 0 0)
(1 0 0)
(1 0 0)
(1 1.3767e-15 -2.03792e-30)
(1 1.3767e-15 2.03792e-30)
(1 1.3767e-15 -2.03792e-30)
(1 1.3767e-15 2.03792e-30)
(1 0 0)
(1 0 0)
(1 0 0)
(1 0 0)
(1 1.3767e-15 -2.03792e-30)
(1 1.3767e-15 2.03792e-30)
(1 0 0)
(1 0 0)
(1 0 0)
(1 0 0)
(1 0 0)
(1 1.3767e-15 -2.03792e-30)
(1 1.3767e-15 2.03792e-30)
(1 0 0)
(1 0 0)
(1 0 0)
(1 0 0)
(1 1.3767e-15 -2.03792e-30)
(1 1.3767e-15 2.03792e-30)
(1 0 0)
(1 0 0)
(1 0 0)
(1 0 0)
(1 0 0)
(1 1.3767e-15 -2.03792e-30)
(1 1.3767e-15 2.03792e-30)
(1 0 0)
(1 0 0)
(1 0 0)
(1 0 0)
(1 0 0)
(1 0 0)
(1 0 0)
(1 0 0)
(1 0 0)
(1 0 0)
(1 0 0)
(1 0 0)
(1 0 0)
(1 0 0)
(1 2.05882e-15 -4.57149e-30)
(1 3.43136e-15 2.53972e-30)
(1 1.37255e-15 2.03178e-30)
(1 0 0)
(1 -6.86273e-16 1.52383e-30)
(1 -6.86273e-16 -1.52383e-30)
(1 0 0)
(1 0 0)
(1 0 0)
(1 1.37255e-15 9.1503e-40)
(1 0 0)
(1 -1.37255e-15 -2.03178e-30)
(1 0 0)
(1 0 0)
(1 0 0)
(1 0 0)
(1 -1.37255e-15 2.03178e-30)
(1 -1.37255e-15 -2.03178e-30)
(1 -1.37255e-15 2.03178e-30)
(1 -1.37255e-15 -2.03178e-30)
(1 0 0)
(1 0 0)
(1 0 0)
(1 0 0)
(1 -1.37255e-15 2.03178e-30)
(1 -1.37255e-15 -2.03178e-30)
(1 0 0)
(1 0 0)
(1 0 0)
(1 0 0)
(1 0 0)
(1 -1.37255e-15 2.03178e-30)
(1 -1.37255e-15 -2.03178e-30)
(1 0 0)
(1 0 0)
(1 0 0)
(1 0 0)
(1 -1.37255e-15 2.03178e-30)
(1 -1.37255e-15 -2.03178e-30)
(1 0 0)
(1 0 0)
(1 0 0)
(1 0 0)
(1 0 0)
(1 -1.37255e-15 2.03178e-30)
(1 -1.37255e-15 -2.03178e-30)
(1 0 0)
(1 0 0)
(1 0 0)
(1 0 0)
(1 0 0)
(1 0 0)
(1 0 0)
(1 0 0)
(1 0 0)
(1 0 0)
(1 0 0)
(1 0 0)
(1 0 0)
(1 0 0)
(1 -2.05198e-15 4.55632e-30)
(1 -3.41997e-15 -2.53129e-30)
(1 -1.36799e-15 -2.02503e-30)
(1 0 0)
(1 0 0)
(1 0 0)
(1 0 0)
(1 0 0)
(1 0 0)
(1 0 0)
(1 0 0)
(1 0 0)
(1 0 0)
(1 0 0)
(1 0 0)
(1 0 0)
(1 0 0)
(1 0 0)
(1 0 0)
(1 0 0)
(1 0 0)
(1 0 0)
(1 0 0)
(1 0 0)
(1 0 0)
(1 0 0)
(1 0 0)
(1 0 0)
(1 0 0)
(1 0 0)
(1 0 0)
(1 0 0)
(1 0 0)
(1 0 0)
(1 0 0)
(1 0 0)
(1 0 0)
(1 0 0)
(1 0 0)
(1 0 0)
(1 0 0)
(1 0 0)
(1 1.36799e-15 -2.02503e-30)
(1 1.36799e-15 2.02503e-30)
(1 0 0)
(1 0 0)
(1 0 0)
(1 0 0)
(1 0 0)
(1 0 0)
(1 0 0)
(1 0 0)
(1 0 0)
(1 0 0)
(1 0 0)
(1 1.36799e-15 -2.02503e-30)
(1 1.36799e-15 2.02503e-30)
(1 0 0)
(1 0 0)
(1 0 0)
(1 0 0)
(1 0 0)
(1 0 0)
(1 0 0)
(1 -6.8149e-16 5.04404e-31)
(1 -6.8149e-16 -5.04404e-31)
(1 0 0)
(1 0 0)
(1 -6.8149e-16 5.04404e-31)
(1 -2.04447e-15 1.51321e-30)
(1 -1.36298e-15 -2.01762e-30)
(1 0 0)
(1 0 0)
(1 0 0)
(1 0 0)
(1 -6.8149e-16 -5.04404e-31)
(1 -6.8149e-16 5.04404e-31)
(1 0 0)
(1 0 0)
(1 0 0)
(1 0 0)
(1 0 0)
(1 0 0)
(1 0 0)
(1 0 0)
(1 0 0)
(1 0 0)
(1 0 0)
(1 0 0)
(1 0 0)
(1 0 0)
(1 0 0)
(1 0 0)
(1 0 0)
(1 0 0)
(1 0 0)
(1 0 0)
(1 0 0)
(1 0 0)
(1 0 0)
(1 0 0)
(1 0 0)
(1 -1.36298e-15 2.01762e-30)
(1 -1.36298e-15 -2.01762e-30)
(1 0 0)
(1 0 0)
(1 0 0)
(1 0 0)
(1 0 0)
(1 0 0)
(1 0 0)
(1 0 0)
(1 0 0)
(1 0 0)
(1 0 0)
(1 -1.36298e-15 2.01762e-30)
(1 -1.36298e-15 -2.01762e-30)
(1 0 0)
(1 0 0)
(1 0 0)
(1 6.78735e-16 -5.02365e-31)
(1 6.78735e-16 5.02365e-31)
(1 0 0)
(1 0 0)
(1 0 0)
(1 0 0)
(1 0 0)
(1 0 0)
(1 0 0)
(1 0 0)
(1 0 0)
(1 0 0)
(1 0 0)
(1 0 0)
(1 0 0)
(1 6.78735e-16 5.02365e-31)
(1 6.78735e-16 -5.02365e-31)
(1 0 0)
(1 0 0)
(1 0 0)
(1 0 0)
(1 0 0)
(1 0 0)
(1 0 0)
(1 0 0)
(1 0 0)
(1 0 0)
(1 0 0)
(1 0 0)
(1 0 0)
(1 0 0)
(1 0 0)
(1 0 0)
(1 0 0)
(1 0 0)
(1 0 0)
(1 0 0)
(1 0 0)
(1 0 0)
(1 0 0)
(1 0 0)
(1 0 0)
(1 0 0)
(1 0 0)
(1 0 0)
(1 0 0)
(1 0 0)
(1 0 0)
(1 0 0)
(1 0 0)
(1 0 0)
(1 0 0)
(1 0 0)
(1 0 0)
(1 0 0)
(1 0 0)
(1 0 0)
(1 0 0)
(1 0 0)
(1 0 0)
(1 -6.75698e-16 5.00117e-31)
(1 -6.75698e-16 -5.00117e-31)
(1 1.3514e-15 -2.00047e-30)
(1 1.3514e-15 2.00047e-30)
(1 0 0)
(1 0 0)
(1 0 0)
(1 0 0)
(1 0 0)
(1 0 0)
(1 0 0)
(1 0 0)
(1 0 0)
(1 0 0)
(1 0 0)
(1 0 0)
(1 0 0)
(1 0 0)
(1 0 0)
(1 0 0)
(1 0 0)
(1 0 0)
(1 0 0)
(1 0 0)
(1 0 0)
(1 0 0)
(1 0 0)
(1 0 0)
(1 0 0)
(1 0 0)
(1 0 0)
(1 1.3514e-15 -2.00047e-30)
(1 1.3514e-15 2.00047e-30)
(1 0 0)
(1 0 0)
(1 0 0)
(1 0 0)
(1 0 0)
(1 0 0)
(1 0 0)
(1 0 0)
(1 0 0)
(1 0 0)
(1 0 0)
(1 0 0)
(1 0 0)
(1 0 0)
(1 0 0)
(1 0 0)
(1 0 0)
(1 0 0)
(1 0 0)
(1 0 0)
(1 0 0)
(1 0 0)
(1 0 0)
(1 0 0)
(1 0 0)
(1 0 0)
(1 0 0)
(1 0 0)
(1 0 0)
(1 -1.34469e-15 1.99054e-30)
(1 -1.34469e-15 -1.99054e-30)
(1 0 0)
(1 0 0)
(1 0 0)
(1 0 0)
(1 0 0)
(1 0 0)
(1 0 0)
(1 0 0)
(1 0 0)
(1 0 0)
(1 0 0)
(1 0 0)
(1 0 0)
(1 0 0)
(1 0 0)
(1 0 0)
(1 0 0)
(1 0 0)
(1 0 0)
(1 0 0)
(1 0 0)
(1 0 0)
(1 0 0)
(1 0 0)
(1 0 0)
(1 0 0)
(1 0 0)
(1 -1.34469e-15 1.99054e-30)
(1 -1.34469e-15 -1.99054e-30)
(1 0 0)
(1 0 0)
(1 0 0)
(1 0 0)
(1 0 0)
(1 0 0)
(1 0 0)
(1 0 0)
(1 0 0)
(1 0 0)
(1 0 0)
(1 0 0)
(1 0 0)
(1 0 0)
(1 0 0)
(1 0 0)
(1 0 0)
(1 0 0)
(1 0 0)
(1 0 0)
(1 0 0)
(1 0 0)
(1 0 0)
(1 0 0)
(1 0 0)
(1 0 0)
(1 0 0)
(1 0 0)
(1 0 0)
(1 0 0)
(1 -6.6863e-16 -4.94886e-31)
(1 0 0)
(1 6.6863e-16 4.94886e-31)
(1 0 0)
(1 0 0)
(1 0 0)
(1 0 0)
(1 0 0)
(1 0 0)
(1 0 0)
(1 0 0)
(1 0 0)
(1 0 0)
(1 -6.6863e-16 -4.94886e-31)
(1 6.6863e-16 -1.48466e-30)
(1 1.33726e-15 1.97954e-30)
(1 0 0)
(1 -6.6863e-16 -4.94886e-31)
(1 -6.6863e-16 4.94886e-31)
(1 0 0)
(1 1.33726e-15 -1.97954e-30)
(1 1.33726e-15 1.97954e-30)
(1 0 0)
(1 -6.6863e-16 -4.94886e-31)
(1 -6.6863e-16 4.94886e-31)
(1 0 0)
(1 0 0)
(1 0 0)
(1 0 0)
(1 0 0)
(1 0 0)
(1 0 0)
(1 0 0)
(1 0 0)
(1 0 0)
(1 0 0)
(1 0 0)
(1 -6.6863e-16 -4.94886e-31)
(1 -6.6863e-16 4.94886e-31)
(1 0 0)
(1 0 0)
(1 0 0)
(1 0 0)
(1 0 0)
(1 -6.6863e-16 -4.94886e-31)
(1 -6.6863e-16 4.94886e-31)
(1 0 0)
(1 0 0)
(1 0 0)
(1 0 0)
(1 1.33726e-15 -1.97954e-30)
(1 1.33726e-15 1.97954e-30)
(1 0 0)
(1 0 0)
(1 -6.6863e-16 -4.94886e-31)
(1 -6.6863e-16 4.94886e-31)
(1 0 0)
(1 0 0)
(1 1.32902e-15 -1.96735e-30)
(1 1.32902e-15 1.96735e-30)
(1 6.6451e-16 4.91836e-31)
(1 0 0)
(1 -6.6451e-16 -4.91836e-31)
(1 0 0)
(1 0 0)
(1 0 0)
(1 0 0)
(1 0 0)
(1 0 0)
(1 0 0)
(1 0 0)
(1 0 0)
(1 0 0)
(1 1.99353e-15 -1.47551e-30)
(1 6.6451e-16 -4.91836e-31)
(1 -1.32902e-15 -1.96735e-30)
(1 0 0)
(1 1.99353e-15 -1.47551e-30)
(1 1.32902e-15 1.96735e-30)
(1 -6.6451e-16 4.91836e-31)
(1 -1.32902e-15 1.96735e-30)
(1 -1.32902e-15 -1.96735e-30)
(1 0 0)
(1 6.6451e-16 4.91836e-31)
(1 6.6451e-16 -4.91836e-31)
(1 0 0)
(1 1.32902e-15 -1.96735e-30)
(1 1.32902e-15 1.96735e-30)
(1 0 0)
(1 0 0)
(1 0 0)
(1 0 0)
(1 0 0)
(1 0 0)
(1 0 0)
(1 0 0)
(1 0 0)
(1 6.6451e-16 4.91836e-31)
(1 6.6451e-16 -4.91836e-31)
(1 0 0)
(1 0 0)
(1 1.32902e-15 -1.96735e-30)
(1 1.32902e-15 1.96735e-30)
(1 0 0)
(1 6.6451e-16 4.91836e-31)
(1 6.6451e-16 -4.91836e-31)
(1 0 0)
(1 0 0)
(1 0 0)
(1 0 0)
(1 -1.32902e-15 1.96735e-30)
(1 -1.32902e-15 -1.96735e-30)
(1 0 0)
(1 0 0)
(1 6.6451e-16 4.91836e-31)
(1 6.6451e-16 -4.91836e-31)
(1 0 0)
(1 0 0)
(1 -1.97977e-15 1.46533e-30)
(1 -2.6397e-15 -3.90754e-30)
(1 -6.59925e-16 4.88443e-31)
(1 0 0)
(1 0 0)
(1 0 0)
(1 0 0)
(1 0 0)
(1 0 0)
(1 0 0)
(1 -6.59925e-16 -4.88443e-31)
(1 -1.31985e-15 0)
(1 -6.59925e-16 4.88443e-31)
(1 0 0)
(1 0 0)
(1 -1.31985e-15 1.95377e-30)
(1 -1.31985e-15 -1.95377e-30)
(1 1.31985e-15 -1.95377e-30)
(1 1.31985e-15 1.95377e-30)
(1 -1.31985e-15 1.95377e-30)
(1 -6.59925e-16 -1.46533e-30)
(1 6.59925e-16 -4.88443e-31)
(1 1.31985e-15 -1.95377e-30)
(1 1.31985e-15 1.95377e-30)
(1 0 0)
(1 1.31985e-15 -1.95377e-30)
(1 1.31985e-15 1.95377e-30)
(1 0 0)
(1 -1.31985e-15 1.95377e-30)
(1 -1.31985e-15 -1.95377e-30)
(1 -6.59925e-16 -4.88443e-31)
(1 -6.59925e-16 4.88443e-31)
(1 0 0)
(1 0 0)
(1 0 0)
(1 0 0)
(1 0 0)
(1 0 0)
(1 0 0)
(1 0 0)
(1 0 0)
(1 0 0)
(1 0 0)
(1 -1.31985e-15 1.95377e-30)
(1 -1.97977e-15 -4.39598e-30)
(1 -6.59925e-16 4.88443e-31)
(1 0 0)
(1 0 0)
(1 0 0)
(1 0 0)
(1 0 0)
(1 0 0)
(1 0 0)
(1 -6.59925e-16 -4.88443e-31)
(1 -6.59925e-16 4.88443e-31)
(1 0 0)
(1 -6.59925e-16 -4.88443e-31)
(1 -6.59925e-16 4.88443e-31)
(1 -3.61052e-05 0)
(1 -3.61052e-05 0)
(1 -3.61052e-05 -2.67232e-20)
(1 -3.61052e-05 0)
(1 -3.61052e-05 2.67232e-20)
(1 -3.61052e-05 0)
(1 -3.61052e-05 0)
(1 -3.61052e-05 0)
(1 -3.61052e-05 0)
(1 -3.61052e-05 0)
(1 -3.61052e-05 0)
(1 -3.61052e-05 0)
(1 -3.61052e-05 -2.67232e-20)
(1 -3.61052e-05 0)
(1 -3.61052e-05 2.67232e-20)
(1 -3.61052e-05 0)
(1 -3.61052e-05 0)
(1 -3.61052e-05 0)
(1 -3.61052e-05 0)
(1 -3.61052e-05 5.34465e-20)
(1 -3.61052e-05 -5.34463e-20)
(1 -3.61052e-05 0)
(1 -3.61052e-05 0)
(1 -3.61052e-05 0)
(1 -3.61052e-05 5.34465e-20)
(1 -3.61052e-05 -5.34463e-20)
(1 -3.61052e-05 0)
(1 -3.61052e-05 5.34465e-20)
(1 -3.61052e-05 -5.34463e-20)
(1 -3.61052e-05 0)
(1 -3.61052e-05 0)
(1 -3.61052e-05 0)
(1 -3.61052e-05 -2.67232e-20)
(1 -3.61052e-05 2.67232e-20)
(1 -3.61052e-05 0)
(1 -3.61052e-05 0)
(1 -3.61052e-05 0)
(1 -3.61052e-05 0)
(1 -3.61052e-05 0)
(1 -3.61052e-05 0)
(1 -3.61052e-05 0)
(1 -3.61052e-05 0)
(1 -3.61052e-05 0)
(1 -3.61052e-05 0)
(1 -3.61052e-05 0)
(1 -3.61052e-05 0)
(1 -3.61052e-05 -2.67232e-20)
(1 -3.61052e-05 2.67232e-20)
(1 -3.61052e-05 0)
(1 -3.61052e-05 0)
(1 -3.61052e-05 0)
(1 -3.61052e-05 0)
(1 -3.61052e-05 0)
(1 -3.61052e-05 0)
(1 -3.61052e-05 0)
(1 -3.61052e-05 -2.67232e-20)
(1 -3.61052e-05 2.67232e-20)
(1 -3.61052e-05 0)
(1 -3.61052e-05 -2.67232e-20)
(1 -3.61052e-05 2.67232e-20)
(0.998866 0.047602 1.02365e-19)
(0.998866 0.047602 1.02365e-19)
(0.998866 0.047602 1.02365e-19)
(0.998866 0.047602 1.02365e-19)
(0.998866 0.047602 1.02365e-19)
(0.998866 0.047602 1.02365e-19)
(0.998866 0.047602 1.02365e-19)
(0.998866 0.047602 1.02365e-19)
(0.998866 0.047602 1.02365e-19)
(0.998866 0.047602 1.02365e-19)
(0.998866 0.047602 1.02365e-19)
(0.998866 0.047602 1.02365e-19)
(0.998866 0.047602 1.02365e-19)
(0.998866 0.047602 1.02365e-19)
(0.998866 0.047602 1.02365e-19)
(0.998866 0.047602 1.02365e-19)
(0.998866 0.047602 1.02365e-19)
(0.998866 0.047602 1.02365e-19)
(0.998866 0.047602 1.02365e-19)
(0.998866 0.047602 1.02365e-19)
(0.998866 0.047602 1.02365e-19)
(0.998866 0.047602 1.02365e-19)
(0.998866 0.047602 1.02365e-19)
(0.998866 0.047602 1.02365e-19)
(0.998866 0.047602 1.02365e-19)
(0.998866 0.047602 1.02365e-19)
(0.998866 0.047602 1.02365e-19)
(0.998866 0.047602 1.02365e-19)
(0.998866 0.047602 1.02365e-19)
(0.998866 0.047602 1.02365e-19)
(0.998866 0.047602 1.02365e-19)
(0.998866 0.047602 1.02365e-19)
(0.998866 0.047602 1.02365e-19)
(0.998866 0.047602 1.02365e-19)
(0.998866 0.047602 1.02365e-19)
(0.998866 0.047602 1.02365e-19)
(0.998866 0.047602 1.02365e-19)
(0.998866 0.047602 1.02365e-19)
(0.998866 0.047602 1.02365e-19)
(0.998866 0.047602 1.02365e-19)
(0.998866 0.047602 1.02365e-19)
(0.998866 0.047602 1.02365e-19)
(0.998866 0.047602 1.02365e-19)
(0.998866 0.047602 1.02365e-19)
(0.998866 0.047602 1.02365e-19)
(0.998866 0.047602 1.02365e-19)
(0.998866 0.047602 1.02365e-19)
(0.998866 0.047602 1.02365e-19)
(0.998866 0.047602 1.02365e-19)
(0.998866 0.047602 1.02365e-19)
(0.998866 0.047602 1.02365e-19)
(0.998866 0.047602 1.02365e-19)
(0.998866 0.047602 1.02365e-19)
(0.998866 0.047602 1.02365e-19)
(0.998866 0.047602 1.02365e-19)
(0.998866 0.047602 1.02365e-19)
(0.998866 0.047602 1.02365e-19)
(0.998866 0.047602 1.02365e-19)
(0.998866 0.047602 1.02365e-19)
(0.998866 0.047602 1.02365e-19)
(0.989905 0.141733 0)
(0.989905 0.141733 0)
(0.989905 0.141733 0)
(0.989905 0.141733 0)
(0.989905 0.141733 0)
(0.989905 0.141733 0)
(0.989905 0.141733 0)
(0.989905 0.141733 0)
(0.989905 0.141733 0)
(0.989905 0.141733 0)
(0.989905 0.141733 0)
(0.989905 0.141733 0)
(0.989905 0.141733 0)
(0.989905 0.141733 0)
(0.989905 0.141733 0)
(0.989905 0.141733 0)
(0.989905 0.141733 0)
(0.989905 0.141733 0)
(0.989905 0.141733 0)
(0.989905 0.141733 0)
(0.989905 0.141733 0)
(0.989905 0.141733 0)
(0.989905 0.141733 0)
(0.989905 0.141733 0)
(0.989905 0.141733 0)
(0.989905 0.141733 0)
(0.989905 0.141733 0)
(0.989905 0.141733 0)
(0.989905 0.141733 0)
(0.989905 0.141733 0)
(0.989905 0.141733 0)
(0.989905 0.141733 0)
(0.989905 0.141733 0)
(0.989905 0.141733 0)
(0.989905 0.141733 0)
(0.989905 0.141733 0)
(0.989905 0.141733 0)
(0.989905 0.141733 0)
(0.989905 0.141733 0)
(0.989905 0.141733 0)
(0.989905 0.141733 0)
(0.989905 0.141733 0)
(0.989905 0.141733 0)
(0.989905 0.141733 0)
(0.989905 0.141733 0)
(0.989905 0.141733 0)
(0.989905 0.141733 0)
(0.989905 0.141733 0)
(0.989905 0.141733 0)
(0.989905 0.141733 0)
(0.989905 0.141733 0)
(0.989905 0.141733 0)
(0.989905 0.141733 0)
(0.989905 0.141733 0)
(0.989905 0.141733 0)
(0.989905 0.141733 0)
(0.989905 0.141733 0)
(0.989905 0.141733 0)
(0.989905 0.141733 0)
(0.989905 0.141733 0)
(0.973458 0.228866 0)
(0.973458 0.228866 0)
(0.973458 0.228866 0)
(0.973458 0.228866 0)
(0.973458 0.228866 0)
(0.973458 0.228866 0)
(0.973458 0.228866 0)
(0.973458 0.228866 0)
(0.973458 0.228866 0)
(0.973458 0.228866 0)
(0.973458 0.228866 0)
(0.973458 0.228866 0)
(0.973458 0.228866 0)
(0.973458 0.228866 0)
(0.973458 0.228866 0)
(0.973458 0.228866 0)
(0.973458 0.228866 0)
(0.973458 0.228866 0)
(0.973458 0.228866 0)
(0.973458 0.228866 0)
(0.973458 0.228866 0)
(0.973458 0.228866 0)
(0.973458 0.228866 0)
(0.973458 0.228866 0)
(0.973458 0.228866 0)
(0.973458 0.228866 0)
(0.973458 0.228866 0)
(0.973458 0.228866 0)
(0.973458 0.228866 0)
(0.973458 0.228866 0)
(0.973458 0.228866 0)
(0.973458 0.228866 0)
(0.973458 0.228866 0)
(0.973458 0.228866 0)
(0.973458 0.228866 0)
(0.973458 0.228866 0)
(0.973458 0.228866 0)
(0.973458 0.228866 0)
(0.973458 0.228866 0)
(0.973458 0.228866 0)
(0.973458 0.228866 0)
(0.973458 0.228866 0)
(0.973458 0.228866 0)
(0.973458 0.228866 0)
(0.973458 0.228866 0)
(0.973458 0.228866 0)
(0.973458 0.228866 0)
(0.973458 0.228866 0)
(0.973458 0.228866 0)
(0.973458 0.228866 0)
(0.973458 0.228866 0)
(0.973458 0.228866 0)
(0.973458 0.228866 0)
(0.973458 0.228866 0)
(0.973458 0.228866 0)
(0.973458 0.228866 0)
(0.973458 0.228866 0)
(0.973458 0.228866 0)
(0.973458 0.228866 0)
(0.973458 0.228866 0)
(0.95145 0.307802 2.89877e-18)
(0.95145 0.307802 2.89877e-18)
(0.95145 0.307802 2.89877e-18)
(0.95145 0.307802 2.89877e-18)
(0.95145 0.307802 2.89877e-18)
(0.95145 0.307802 2.89877e-18)
(0.95145 0.307802 2.89877e-18)
(0.95145 0.307802 2.89877e-18)
(0.95145 0.307802 2.89877e-18)
(0.95145 0.307802 2.89877e-18)
(0.95145 0.307802 2.89877e-18)
(0.95145 0.307802 2.89877e-18)
(0.95145 0.307802 2.89877e-18)
(0.95145 0.307802 2.89877e-18)
(0.95145 0.307802 2.89877e-18)
(0.95145 0.307802 2.89877e-18)
(0.95145 0.307802 2.89877e-18)
(0.95145 0.307802 2.89877e-18)
(0.95145 0.307802 2.89877e-18)
(0.95145 0.307802 2.89877e-18)
(0.95145 0.307802 2.89877e-18)
(0.95145 0.307802 2.89877e-18)
(0.95145 0.307802 2.89877e-18)
(0.95145 0.307802 2.89877e-18)
(0.95145 0.307802 2.89877e-18)
(0.95145 0.307802 2.89877e-18)
(0.95145 0.307802 2.89877e-18)
(0.95145 0.307802 2.89877e-18)
(0.95145 0.307802 2.89877e-18)
(0.95145 0.307802 2.89877e-18)
(0.95145 0.307802 2.89877e-18)
(0.95145 0.307802 2.89877e-18)
(0.95145 0.307802 2.89877e-18)
(0.95145 0.307802 2.89877e-18)
(0.95145 0.307802 2.89877e-18)
(0.95145 0.307802 2.89877e-18)
(0.95145 0.307802 2.89877e-18)
(0.95145 0.307802 2.89877e-18)
(0.95145 0.307802 2.89877e-18)
(0.95145 0.307802 2.89877e-18)
(0.95145 0.307802 2.89877e-18)
(0.95145 0.307802 2.89877e-18)
(0.95145 0.307802 2.89877e-18)
(0.95145 0.307802 2.89877e-18)
(0.95145 0.307802 2.89877e-18)
(0.95145 0.307802 2.89877e-18)
(0.95145 0.307802 2.89877e-18)
(0.95145 0.307802 2.89877e-18)
(0.95145 0.307802 2.89877e-18)
(0.95145 0.307802 2.89877e-18)
(0.95145 0.307802 2.89877e-18)
(0.95145 0.307802 2.89877e-18)
(0.95145 0.307802 2.89877e-18)
(0.95145 0.307802 2.89877e-18)
(0.95145 0.307802 2.89877e-18)
(0.95145 0.307802 2.89877e-18)
(0.95145 0.307802 2.89877e-18)
(0.95145 0.307802 2.89877e-18)
(0.95145 0.307802 2.89877e-18)
(0.95145 0.307802 2.89877e-18)
(0.925777 0.37807 0)
(0.925777 0.37807 0)
(0.925777 0.37807 0)
(0.925777 0.37807 0)
(0.925777 0.37807 0)
(0.925777 0.37807 0)
(0.925777 0.37807 0)
(0.925777 0.37807 0)
(0.925777 0.37807 0)
(0.925777 0.37807 0)
(0.925777 0.37807 0)
(0.925777 0.37807 0)
(0.925777 0.37807 0)
(0.925777 0.37807 0)
(0.925777 0.37807 0)
(0.925777 0.37807 0)
(0.925777 0.37807 0)
(0.925777 0.37807 0)
(0.925777 0.37807 0)
(0.925777 0.37807 0)
(0.925777 0.37807 0)
(0.925777 0.37807 0)
(0.925777 0.37807 0)
(0.925777 0.37807 0)
(0.925777 0.37807 0)
(0.925777 0.37807 0)
(0.925777 0.37807 0)
(0.925777 0.37807 0)
(0.925777 0.37807 0)
(0.925777 0.37807 0)
(0.925777 0.37807 0)
(0.925777 0.37807 0)
(0.925777 0.37807 0)
(0.925777 0.37807 0)
(0.925777 0.37807 0)
(0.925777 0.37807 0)
(0.925777 0.37807 0)
(0.925777 0.37807 0)
(0.925777 0.37807 0)
(0.925777 0.37807 0)
(0.925777 0.37807 0)
(0.925777 0.37807 0)
(0.925777 0.37807 0)
(0.925777 0.37807 0)
(0.925777 0.37807 0)
(0.925777 0.37807 0)
(0.925777 0.37807 0)
(0.925777 0.37807 0)
(0.925777 0.37807 0)
(0.925777 0.37807 0)
(0.925777 0.37807 0)
(0.925777 0.37807 0)
(0.925777 0.37807 0)
(0.925777 0.37807 0)
(0.925777 0.37807 0)
(0.925777 0.37807 0)
(0.925777 0.37807 0)
(0.925777 0.37807 0)
(0.925777 0.37807 0)
(0.925777 0.37807 0)
(0.898033 0.439927 0)
(0.898033 0.439927 0)
(0.898033 0.439927 0)
(0.898033 0.439927 0)
(0.898033 0.439927 0)
(0.898033 0.439927 0)
(0.898033 0.439927 0)
(0.898033 0.439927 0)
(0.898033 0.439927 0)
(0.898033 0.439927 0)
(0.898033 0.439927 0)
(0.898033 0.439927 0)
(0.898033 0.439927 0)
(0.898033 0.439927 0)
(0.898033 0.439927 0)
(0.898033 0.439927 0)
(0.898033 0.439927 0)
(0.898033 0.439927 0)
(0.898033 0.439927 0)
(0.898033 0.439927 0)
(0.898033 0.439927 0)
(0.898033 0.439927 0)
(0.898033 0.439927 0)
(0.898033 0.439927 0)
(0.898033 0.439927 0)
(0.898033 0.439927 0)
(0.898033 0.439927 0)
(0.898033 0.439927 0)
(0.898033 0.439927 0)
(0.898033 0.439927 0)
(0.898033 0.439927 0)
(0.898033 0.439927 0)
(0.898033 0.439927 0)
(0.898033 0.439927 0)
(0.898033 0.439927 0)
(0.898033 0.439927 0)
(0.898033 0.439927 0)
(0.898033 0.439927 0)
(0.898033 0.439927 0)
(0.898033 0.439927 0)
(0.898033 0.439927 0)
(0.898033 0.439927 0)
(0.898033 0.439927 0)
(0.898033 0.439927 0)
(0.898033 0.439927 0)
(0.898033 0.439927 0)
(0.898033 0.439927 0)
(0.898033 0.439927 0)
(0.898033 0.439927 0)
(0.898033 0.439927 0)
(0.898033 0.439927 0)
(0.898033 0.439927 0)
(0.898033 0.439927 0)
(0.898033 0.439927 0)
(0.898033 0.439927 0)
(0.898033 0.439927 0)
(0.898033 0.439927 0)
(0.898033 0.439927 0)
(0.898033 0.439927 0)
(0.898033 0.439927 0)
(0.869596 0.493764 1.02423e-17)
(0.869596 0.493764 1.02423e-17)
(0.869596 0.493764 1.02423e-17)
(0.869596 0.493764 1.02423e-17)
(0.869596 0.493764 1.02423e-17)
(0.869596 0.493764 1.02423e-17)
(0.869596 0.493764 1.02423e-17)
(0.869596 0.493764 1.02423e-17)
(0.869596 0.493764 1.02423e-17)
(0.869596 0.493764 1.02423e-17)
(0.869596 0.493764 1.02423e-17)
(0.869596 0.493764 1.02423e-17)
(0.869596 0.493764 1.02423e-17)
(0.869596 0.493764 1.02423e-17)
(0.869596 0.493764 1.02423e-17)
(0.869596 0.493764 1.02423e-17)
(0.869596 0.493764 1.02423e-17)
(0.869596 0.493764 1.02423e-17)
(0.869596 0.493764 1.02423e-17)
(0.869596 0.493764 1.02423e-17)
(0.869596 0.493764 1.02423e-17)
(0.869596 0.493764 1.02423e-17)
(0.869596 0.493764 1.02423e-17)
(0.869596 0.493764 1.02423e-17)
(0.869596 0.493764 1.02423e-17)
(0.869596 0.493764 1.02423e-17)
(0.869596 0.493764 1.02423e-17)
(0.869596 0.493764 1.02423e-17)
(0.869596 0.493764 1.02423e-17)
(0.869596 0.493764 1.02423e-17)
(0.869596 0.493764 1.02423e-17)
(0.869596 0.493764 1.02423e-17)
(0.869596 0.493764 1.02423e-17)
(0.869596 0.493764 1.02423e-17)
(0.869596 0.493764 1.02423e-17)
(0.869596 0.493764 1.02423e-17)
(0.869596 0.493764 1.02423e-17)
(0.869596 0.493764 1.02423e-17)
(0.869596 0.493764 1.02423e-17)
(0.869596 0.493764 1.02423e-17)
(0.869596 0.493764 1.02423e-17)
(0.869596 0.493764 1.02423e-17)
(0.869596 0.493764 1.02423e-17)
(0.869596 0.493764 1.02423e-17)
(0.869596 0.493764 1.02423e-17)
(0.869596 0.493764 1.02423e-17)
(0.869596 0.493764 1.02423e-17)
(0.869596 0.493764 1.02423e-17)
(0.869596 0.493764 1.02423e-17)
(0.869596 0.493764 1.02423e-17)
(0.869596 0.493764 1.02423e-17)
(0.869596 0.493764 1.02423e-17)
(0.869596 0.493764 1.02423e-17)
(0.869596 0.493764 1.02423e-17)
(0.869596 0.493764 1.02423e-17)
(0.869596 0.493764 1.02423e-17)
(0.869596 0.493764 1.02423e-17)
(0.869596 0.493764 1.02423e-17)
(0.869596 0.493764 1.02423e-17)
(0.869596 0.493764 1.02423e-17)
(0.84387 0.536548 1.1454e-17)
(0.84387 0.536548 1.1454e-17)
(0.84387 0.536548 1.1454e-17)
(0.84387 0.536548 1.1454e-17)
(0.84387 0.536548 1.1454e-17)
(0.84387 0.536548 1.1454e-17)
(0.84387 0.536548 1.1454e-17)
(0.84387 0.536548 1.1454e-17)
(0.84387 0.536548 1.1454e-17)
(0.84387 0.536548 1.1454e-17)
(0.84387 0.536548 1.1454e-17)
(0.84387 0.536548 1.1454e-17)
(0.84387 0.536548 1.1454e-17)
(0.84387 0.536548 1.1454e-17)
(0.84387 0.536548 1.1454e-17)
(0.84387 0.536548 1.1454e-17)
(0.84387 0.536548 1.1454e-17)
(0.84387 0.536548 1.1454e-17)
(0.84387 0.536548 1.1454e-17)
(0.84387 0.536548 1.1454e-17)
(0.84387 0.536548 1.1454e-17)
(0.84387 0.536548 1.1454e-17)
(0.84387 0.536548 1.1454e-17)
(0.84387 0.536548 1.1454e-17)
(0.84387 0.536548 1.1454e-17)
(0.84387 0.536548 1.1454e-17)
(0.84387 0.536548 1.1454e-17)
(0.84387 0.536548 1.1454e-17)
(0.84387 0.536548 1.1454e-17)
(0.84387 0.536548 1.1454e-17)
(0.84387 0.536548 1.1454e-17)
(0.84387 0.536548 1.1454e-17)
(0.84387 0.536548 1.1454e-17)
(0.84387 0.536548 1.1454e-17)
(0.84387 0.536548 1.1454e-17)
(0.84387 0.536548 1.1454e-17)
(0.84387 0.536548 1.1454e-17)
(0.84387 0.536548 1.1454e-17)
(0.84387 0.536548 1.1454e-17)
(0.84387 0.536548 1.1454e-17)
(0.84387 0.536548 1.1454e-17)
(0.84387 0.536548 1.1454e-17)
(0.84387 0.536548 1.1454e-17)
(0.84387 0.536548 1.1454e-17)
(0.84387 0.536548 1.1454e-17)
(0.84387 0.536548 1.1454e-17)
(0.84387 0.536548 1.1454e-17)
(0.84387 0.536548 1.1454e-17)
(0.84387 0.536548 1.1454e-17)
(0.84387 0.536548 1.1454e-17)
(0.84387 0.536548 1.1454e-17)
(0.84387 0.536548 1.1454e-17)
(0.84387 0.536548 1.1454e-17)
(0.84387 0.536548 1.1454e-17)
(0.84387 0.536548 1.1454e-17)
(0.84387 0.536548 1.1454e-17)
(0.84387 0.536548 1.1454e-17)
(0.84387 0.536548 1.1454e-17)
(0.84387 0.536548 1.1454e-17)
(0.84387 0.536548 1.1454e-17)
(0.823437 0.567407 0)
(0.823437 0.567407 0)
(0.823437 0.567407 0)
(0.823437 0.567407 0)
(0.823437 0.567407 0)
(0.823437 0.567407 0)
(0.823437 0.567407 0)
(0.823437 0.567407 0)
(0.823437 0.567407 0)
(0.823437 0.567407 0)
(0.823437 0.567407 0)
(0.823437 0.567407 0)
(0.823437 0.567407 0)
(0.823437 0.567407 0)
(0.823437 0.567407 0)
(0.823437 0.567407 0)
(0.823437 0.567407 0)
(0.823437 0.567407 0)
(0.823437 0.567407 0)
(0.823437 0.567407 0)
(0.823437 0.567407 0)
(0.823437 0.567407 0)
(0.823437 0.567407 0)
(0.823437 0.567407 0)
(0.823437 0.567407 0)
(0.823437 0.567407 0)
(0.823437 0.567407 0)
(0.823437 0.567407 0)
(0.823437 0.567407 0)
(0.823437 0.567407 0)
(0.823437 0.567407 0)
(0.823437 0.567407 0)
(0.823437 0.567407 0)
(0.823437 0.567407 0)
(0.823437 0.567407 0)
(0.823437 0.567407 0)
(0.823437 0.567407 0)
(0.823437 0.567407 0)
(0.823437 0.567407 0)
(0.823437 0.567407 0)
(0.823437 0.567407 0)
(0.823437 0.567407 0)
(0.823437 0.567407 0)
(0.823437 0.567407 0)
(0.823437 0.567407 0)
(0.823437 0.567407 0)
(0.823437 0.567407 0)
(0.823437 0.567407 0)
(0.823437 0.567407 0)
(0.823437 0.567407 0)
(0.823437 0.567407 0)
(0.823437 0.567407 0)
(0.823437 0.567407 0)
(0.823437 0.567407 0)
(0.823437 0.567407 0)
(0.823437 0.567407 0)
(0.823437 0.567407 0)
(0.823437 0.567407 0)
(0.823437 0.567407 0)
(0.823437 0.567407 0)
(0.808333 0.588726 0)
(0.808333 0.588726 0)
(0.808333 0.588726 0)
(0.808333 0.588726 0)
(0.808333 0.588726 0)
(0.808333 0.588726 0)
(0.808333 0.588726 0)
(0.808333 0.588726 0)
(0.808333 0.588726 0)
(0.808333 0.588726 0)
(0.808333 0.588726 0)
(0.808333 0.588726 0)
(0.808333 0.588726 0)
(0.808333 0.588726 0)
(0.808333 0.588726 0)
(0.808333 0.588726 0)
(0.808333 0.588726 0)
(0.808333 0.588726 0)
(0.808333 0.588726 0)
(0.808333 0.588726 0)
(0.808333 0.588726 0)
(0.808333 0.588726 0)
(0.808333 0.588726 0)
(0.808333 0.588726 0)
(0.808333 0.588726 0)
(0.808333 0.588726 0)
(0.808333 0.588726 0)
(0.808333 0.588726 0)
(0.808333 0.588726 0)
(0.808333 0.588726 0)
(0.808333 0.588726 0)
(0.808333 0.588726 0)
(0.808333 0.588726 0)
(0.808333 0.588726 0)
(0.808333 0.588726 0)
(0.808333 0.588726 0)
(0.808333 0.588726 0)
(0.808333 0.588726 0)
(0.808333 0.588726 0)
(0.808333 0.588726 0)
(0.808333 0.588726 0)
(0.808333 0.588726 0)
(0.808333 0.588726 0)
(0.808333 0.588726 0)
(0.808333 0.588726 0)
(0.808333 0.588726 0)
(0.808333 0.588726 0)
(0.808333 0.588726 0)
(0.808333 0.588726 0)
(0.808333 0.588726 0)
(0.808333 0.588726 0)
(0.808333 0.588726 0)
(0.808333 0.588726 0)
(0.808333 0.588726 0)
(0.808333 0.588726 0)
(0.808333 0.588726 0)
(0.808333 0.588726 0)
(0.808333 0.588726 0)
(0.808333 0.588726 0)
(0.808333 0.588726 0)
(0.798254 0.602321 0)
(0.798254 0.602321 0)
(0.798254 0.602321 0)
(0.798254 0.602321 0)
(0.798254 0.602321 0)
(0.798254 0.602321 0)
(0.798254 0.602321 0)
(0.798254 0.602321 0)
(0.798254 0.602321 0)
(0.798254 0.602321 0)
(0.798254 0.602321 0)
(0.798254 0.602321 0)
(0.798254 0.602321 0)
(0.798254 0.602321 0)
(0.798254 0.602321 0)
(0.798254 0.602321 0)
(0.798254 0.602321 0)
(0.798254 0.602321 0)
(0.798254 0.602321 0)
(0.798254 0.602321 0)
(0.798254 0.602321 0)
(0.798254 0.602321 0)
(0.798254 0.602321 0)
(0.798254 0.602321 0)
(0.798254 0.602321 0)
(0.798254 0.602321 0)
(0.798254 0.602321 0)
(0.798254 0.602321 0)
(0.798254 0.602321 0)
(0.798254 0.602321 0)
(0.798254 0.602321 0)
(0.798254 0.602321 0)
(0.798254 0.602321 0)
(0.798254 0.602321 0)
(0.798254 0.602321 0)
(0.798254 0.602321 0)
(0.798254 0.602321 0)
(0.798254 0.602321 0)
(0.798254 0.602321 0)
(0.798254 0.602321 0)
(0.798254 0.602321 0)
(0.798254 0.602321 0)
(0.798254 0.602321 0)
(0.798254 0.602321 0)
(0.798254 0.602321 0)
(0.798254 0.602321 0)
(0.798254 0.602321 0)
(0.798254 0.602321 0)
(0.798254 0.602321 0)
(0.798254 0.602321 0)
(0.798254 0.602321 0)
(0.798254 0.602321 0)
(0.798254 0.602321 0)
(0.798254 0.602321 0)
(0.798254 0.602321 0)
(0.798254 0.602321 0)
(0.798254 0.602321 0)
(0.798254 0.602321 0)
(0.798254 0.602321 0)
(0.798254 0.602321 0)
(0.792993 0.60923 0)
(0.792993 0.60923 0)
(0.792993 0.60923 0)
(0.792993 0.60923 0)
(0.792993 0.60923 0)
(0.792993 0.60923 0)
(0.792993 0.60923 0)
(0.792993 0.60923 0)
(0.792993 0.60923 0)
(0.792993 0.60923 0)
(0.792993 0.60923 0)
(0.792993 0.60923 0)
(0.792993 0.60923 0)
(0.792993 0.60923 0)
(0.792993 0.60923 0)
(0.792993 0.60923 0)
(0.792993 0.60923 0)
(0.792993 0.60923 0)
(0.792993 0.60923 0)
(0.792993 0.60923 0)
(0.792993 0.60923 0)
(0.792993 0.60923 0)
(0.792993 0.60923 0)
(0.792993 0.60923 0)
(0.792993 0.60923 0)
(0.792993 0.60923 0)
(0.792993 0.60923 0)
(0.792993 0.60923 0)
(0.792993 0.60923 0)
(0.792993 0.60923 0)
(0.792993 0.60923 0)
(0.792993 0.60923 0)
(0.792993 0.60923 0)
(0.792993 0.60923 0)
(0.792993 0.60923 0)
(0.792993 0.60923 0)
(0.792993 0.60923 0)
(0.792993 0.60923 0)
(0.792993 0.60923 0)
(0.792993 0.60923 0)
(0.792993 0.60923 0)
(0.792993 0.60923 0)
(0.792993 0.60923 0)
(0.792993 0.60923 0)
(0.792993 0.60923 0)
(0.792993 0.60923 0)
(0.792993 0.60923 0)
(0.792993 0.60923 0)
(0.792993 0.60923 0)
(0.792993 0.60923 0)
(0.792993 0.60923 0)
(0.792993 0.60923 0)
(0.792993 0.60923 0)
(0.792993 0.60923 0)
(0.792993 0.60923 0)
(0.792993 0.60923 0)
(0.792993 0.60923 0)
(0.792993 0.60923 0)
(0.792993 0.60923 0)
(0.792993 0.60923 0)
(0.790934 0.611901 0)
(0.790934 0.611901 0)
(0.790934 0.611901 0)
(0.790934 0.611901 0)
(0.790934 0.611901 0)
(0.790934 0.611901 0)
(0.790934 0.611901 0)
(0.790934 0.611901 0)
(0.790934 0.611901 0)
(0.790934 0.611901 0)
(0.790934 0.611901 0)
(0.790934 0.611901 0)
(0.790934 0.611901 0)
(0.790934 0.611901 0)
(0.790934 0.611901 0)
(0.790934 0.611901 0)
(0.790934 0.611901 0)
(0.790934 0.611901 0)
(0.790934 0.611901 0)
(0.790934 0.611901 0)
(0.790934 0.611901 0)
(0.790934 0.611901 0)
(0.790934 0.611901 0)
(0.790934 0.611901 0)
(0.790934 0.611901 0)
(0.790934 0.611901 0)
(0.790934 0.611901 0)
(0.790934 0.611901 0)
(0.790934 0.611901 0)
(0.790934 0.611901 0)
(0.790934 0.611901 0)
(0.790934 0.611901 0)
(0.790934 0.611901 0)
(0.790934 0.611901 0)
(0.790934 0.611901 0)
(0.790934 0.611901 0)
(0.790934 0.611901 0)
(0.790934 0.611901 0)
(0.790934 0.611901 0)
(0.790934 0.611901 0)
(0.790934 0.611901 0)
(0.790934 0.611901 0)
(0.790934 0.611901 0)
(0.790934 0.611901 0)
(0.790934 0.611901 0)
(0.790934 0.611901 0)
(0.790934 0.611901 0)
(0.790934 0.611901 0)
(0.790934 0.611901 0)
(0.790934 0.611901 0)
(0.790934 0.611901 0)
(0.790934 0.611901 0)
(0.790934 0.611901 0)
(0.790934 0.611901 0)
(0.790934 0.611901 0)
(0.790934 0.611901 0)
(0.790934 0.611901 0)
(0.790934 0.611901 0)
(0.790934 0.611901 0)
(0.790934 0.611901 0)
(0.788201 0.615418 1.41702e-17)
(0.788201 0.615418 1.41702e-17)
(0.788201 0.615418 1.41702e-17)
(0.788201 0.615418 1.41702e-17)
(0.788201 0.615418 1.41702e-17)
(0.788201 0.615418 1.41702e-17)
(0.788201 0.615418 1.41702e-17)
(0.788201 0.615418 1.41702e-17)
(0.788201 0.615418 1.41702e-17)
(0.788201 0.615418 1.41702e-17)
(0.788201 0.615418 1.41702e-17)
(0.788201 0.615418 1.41702e-17)
(0.788201 0.615418 1.41702e-17)
(0.788201 0.615418 1.41702e-17)
(0.788201 0.615418 1.41702e-17)
(0.788201 0.615418 1.41702e-17)
(0.788201 0.615418 1.41702e-17)
(0.788201 0.615418 1.41702e-17)
(0.788201 0.615418 1.41702e-17)
(0.788201 0.615418 1.41702e-17)
(0.788201 0.615418 1.41702e-17)
(0.788201 0.615418 1.41702e-17)
(0.788201 0.615418 1.41702e-17)
(0.788201 0.615418 1.41702e-17)
(0.788201 0.615418 1.41702e-17)
(0.788201 0.615418 1.41702e-17)
(0.788201 0.615418 1.41702e-17)
(0.788201 0.615418 1.41702e-17)
(0.788201 0.615418 1.41702e-17)
(0.788201 0.615418 1.41702e-17)
(0.788201 0.615418 1.41702e-17)
(0.788201 0.615418 1.41702e-17)
(0.788201 0.615418 1.41702e-17)
(0.788201 0.615418 1.41702e-17)
(0.788201 0.615418 1.41702e-17)
(0.788201 0.615418 1.41702e-17)
(0.788201 0.615418 1.41702e-17)
(0.788201 0.615418 1.41702e-17)
(0.788201 0.615418 1.41702e-17)
(0.788201 0.615418 1.41702e-17)
(0.788201 0.615418 1.41702e-17)
(0.788201 0.615418 1.41702e-17)
(0.788201 0.615418 1.41702e-17)
(0.788201 0.615418 1.41702e-17)
(0.788201 0.615418 1.41702e-17)
(0.788201 0.615418 1.41702e-17)
(0.788201 0.615418 1.41702e-17)
(0.788201 0.615418 1.41702e-17)
(0.788201 0.615418 1.41702e-17)
(0.788201 0.615418 1.41702e-17)
(0.788201 0.615418 1.41702e-17)
(0.788201 0.615418 1.41702e-17)
(0.788201 0.615418 1.41702e-17)
(0.788201 0.615418 1.41702e-17)
(0.788201 0.615418 1.41702e-17)
(0.788201 0.615418 1.41702e-17)
(0.788201 0.615418 1.41702e-17)
(0.788201 0.615418 1.41702e-17)
(0.788201 0.615418 1.41702e-17)
(0.788201 0.615418 1.41702e-17)
(0.784081 0.620658 0)
(0.784081 0.620658 0)
(0.784081 0.620658 0)
(0.784081 0.620658 0)
(0.784081 0.620658 0)
(0.784081 0.620658 0)
(0.784081 0.620658 0)
(0.784081 0.620658 0)
(0.784081 0.620658 0)
(0.784081 0.620658 0)
(0.784081 0.620658 0)
(0.784081 0.620658 0)
(0.784081 0.620658 0)
(0.784081 0.620658 0)
(0.784081 0.620658 0)
(0.784081 0.620658 0)
(0.784081 0.620658 0)
(0.784081 0.620658 0)
(0.784081 0.620658 0)
(0.784081 0.620658 0)
(0.784081 0.620658 0)
(0.784081 0.620658 0)
(0.784081 0.620658 0)
(0.784081 0.620658 0)
(0.784081 0.620658 0)
(0.784081 0.620658 0)
(0.784081 0.620658 0)
(0.784081 0.620658 0)
(0.784081 0.620658 0)
(0.784081 0.620658 0)
(0.784081 0.620658 0)
(0.784081 0.620658 0)
(0.784081 0.620658 0)
(0.784081 0.620658 0)
(0.784081 0.620658 0)
(0.784081 0.620658 0)
(0.784081 0.620658 0)
(0.784081 0.620658 0)
(0.784081 0.620658 0)
(0.784081 0.620658 0)
(0.784081 0.620658 0)
(0.784081 0.620658 0)
(0.784081 0.620658 0)
(0.784081 0.620658 0)
(0.784081 0.620658 0)
(0.784081 0.620658 0)
(0.784081 0.620658 0)
(0.784081 0.620658 0)
(0.784081 0.620658 0)
(0.784081 0.620658 0)
(0.784081 0.620658 0)
(0.784081 0.620658 0)
(0.784081 0.620658 0)
(0.784081 0.620658 0)
(0.784081 0.620658 0)
(0.784081 0.620658 0)
(0.784081 0.620658 0)
(0.784081 0.620658 0)
(0.784081 0.620658 0)
(0.784081 0.620658 0)
(0.77846 0.627695 0)
(0.77846 0.627695 0)
(0.77846 0.627695 0)
(0.77846 0.627695 0)
(0.77846 0.627695 0)
(0.77846 0.627695 0)
(0.77846 0.627695 0)
(0.77846 0.627695 0)
(0.77846 0.627695 0)
(0.77846 0.627695 0)
(0.77846 0.627695 0)
(0.77846 0.627695 0)
(0.77846 0.627695 0)
(0.77846 0.627695 0)
(0.77846 0.627695 0)
(0.77846 0.627695 0)
(0.77846 0.627695 0)
(0.77846 0.627695 0)
(0.77846 0.627695 0)
(0.77846 0.627695 0)
(0.77846 0.627695 0)
(0.77846 0.627695 0)
(0.77846 0.627695 0)
(0.77846 0.627695 0)
(0.77846 0.627695 0)
(0.77846 0.627695 0)
(0.77846 0.627695 0)
(0.77846 0.627695 0)
(0.77846 0.627695 0)
(0.77846 0.627695 0)
(0.77846 0.627695 0)
(0.77846 0.627695 0)
(0.77846 0.627695 0)
(0.77846 0.627695 0)
(0.77846 0.627695 0)
(0.77846 0.627695 0)
(0.77846 0.627695 0)
(0.77846 0.627695 0)
(0.77846 0.627695 0)
(0.77846 0.627695 0)
(0.77846 0.627695 0)
(0.77846 0.627695 0)
(0.77846 0.627695 0)
(0.77846 0.627695 0)
(0.77846 0.627695 0)
(0.77846 0.627695 0)
(0.77846 0.627695 0)
(0.77846 0.627695 0)
(0.77846 0.627695 0)
(0.77846 0.627695 0)
(0.77846 0.627695 0)
(0.77846 0.627695 0)
(0.77846 0.627695 0)
(0.77846 0.627695 0)
(0.77846 0.627695 0)
(0.77846 0.627695 0)
(0.77846 0.627695 0)
(0.77846 0.627695 0)
(0.77846 0.627695 0)
(0.77846 0.627695 0)
(0.771527 0.636197 0)
(0.771527 0.636197 0)
(0.771527 0.636197 0)
(0.771527 0.636197 0)
(0.771527 0.636197 0)
(0.771527 0.636197 0)
(0.771527 0.636197 0)
(0.771527 0.636197 0)
(0.771527 0.636197 0)
(0.771527 0.636197 0)
(0.771527 0.636197 0)
(0.771527 0.636197 0)
(0.771527 0.636197 0)
(0.771527 0.636197 0)
(0.771527 0.636197 0)
(0.771527 0.636197 0)
(0.771527 0.636197 0)
(0.771527 0.636197 0)
(0.771527 0.636197 0)
(0.771527 0.636197 0)
(0.771527 0.636197 0)
(0.771527 0.636197 0)
(0.771527 0.636197 0)
(0.771527 0.636197 0)
(0.771527 0.636197 0)
(0.771527 0.636197 0)
(0.771527 0.636197 0)
(0.771527 0.636197 0)
(0.771527 0.636197 0)
(0.771527 0.636197 0)
(0.771527 0.636197 0)
(0.771527 0.636197 0)
(0.771527 0.636197 0)
(0.771527 0.636197 0)
(0.771527 0.636197 0)
(0.771527 0.636197 0)
(0.771527 0.636197 0)
(0.771527 0.636197 0)
(0.771527 0.636197 0)
(0.771527 0.636197 0)
(0.771527 0.636197 0)
(0.771527 0.636197 0)
(0.771527 0.636197 0)
(0.771527 0.636197 0)
(0.771527 0.636197 0)
(0.771527 0.636197 0)
(0.771527 0.636197 0)
(0.771527 0.636197 0)
(0.771527 0.636197 0)
(0.771527 0.636197 0)
(0.771527 0.636197 0)
(0.771527 0.636197 0)
(0.771527 0.636197 0)
(0.771527 0.636197 0)
(0.771527 0.636197 0)
(0.771527 0.636197 0)
(0.771527 0.636197 0)
(0.771527 0.636197 0)
(0.771527 0.636197 0)
(0.771527 0.636197 0)
(0.763423 0.645899 -1.5238e-17)
(0.763423 0.645899 -1.5238e-17)
(0.763423 0.645899 -1.5238e-17)
(0.763423 0.645899 -1.5238e-17)
(0.763423 0.645899 -1.5238e-17)
(0.763423 0.645899 -1.5238e-17)
(0.763423 0.645899 -1.5238e-17)
(0.763423 0.645899 -1.5238e-17)
(0.763423 0.645899 -1.5238e-17)
(0.763423 0.645899 -1.5238e-17)
(0.763423 0.645899 -1.5238e-17)
(0.763423 0.645899 -1.5238e-17)
(0.763423 0.645899 -1.5238e-17)
(0.763423 0.645899 -1.5238e-17)
(0.763423 0.645899 -1.5238e-17)
(0.763423 0.645899 -1.5238e-17)
(0.763423 0.645899 -1.5238e-17)
(0.763423 0.645899 -1.5238e-17)
(0.763423 0.645899 -1.5238e-17)
(0.763423 0.645899 -1.5238e-17)
(0.763423 0.645899 -1.5238e-17)
(0.763423 0.645899 -1.5238e-17)
(0.763423 0.645899 -1.5238e-17)
(0.763423 0.645899 -1.5238e-17)
(0.763423 0.645899 -1.5238e-17)
(0.763423 0.645899 -1.5238e-17)
(0.763423 0.645899 -1.5238e-17)
(0.763423 0.645899 -1.5238e-17)
(0.763423 0.645899 -1.5238e-17)
(0.763423 0.645899 -1.5238e-17)
(0.763423 0.645899 -1.5238e-17)
(0.763423 0.645899 -1.5238e-17)
(0.763423 0.645899 -1.5238e-17)
(0.763423 0.645899 -1.5238e-17)
(0.763423 0.645899 -1.5238e-17)
(0.763423 0.645899 -1.5238e-17)
(0.763423 0.645899 -1.5238e-17)
(0.763423 0.645899 -1.5238e-17)
(0.763423 0.645899 -1.5238e-17)
(0.763423 0.645899 -1.5238e-17)
(0.763423 0.645899 -1.5238e-17)
(0.763423 0.645899 -1.5238e-17)
(0.763423 0.645899 -1.5238e-17)
(0.763423 0.645899 -1.5238e-17)
(0.763423 0.645899 -1.5238e-17)
(0.763423 0.645899 -1.5238e-17)
(0.763423 0.645899 -1.5238e-17)
(0.763423 0.645899 -1.5238e-17)
(0.763423 0.645899 -1.5238e-17)
(0.763423 0.645899 -1.5238e-17)
(0.763423 0.645899 -1.5238e-17)
(0.763423 0.645899 -1.5238e-17)
(0.763423 0.645899 -1.5238e-17)
(0.763423 0.645899 -1.5238e-17)
(0.763423 0.645899 -1.5238e-17)
(0.763423 0.645899 -1.5238e-17)
(0.763423 0.645899 -1.5238e-17)
(0.763423 0.645899 -1.5238e-17)
(0.763423 0.645899 -1.5238e-17)
(0.763423 0.645899 -1.5238e-17)
(0.758684 0.651458 -1.53565e-17)
(0.758684 0.651458 -1.53565e-17)
(0.758684 0.651458 -1.53565e-17)
(0.758684 0.651458 -1.53565e-17)
(0.758684 0.651458 -1.53565e-17)
(0.758684 0.651458 -1.53565e-17)
(0.758684 0.651458 -1.53565e-17)
(0.758684 0.651458 -1.53565e-17)
(0.758684 0.651458 -1.53565e-17)
(0.758684 0.651458 -1.53565e-17)
(0.758684 0.651458 -1.53565e-17)
(0.758684 0.651458 -1.53565e-17)
(0.758684 0.651458 -1.53565e-17)
(0.758684 0.651458 -1.53565e-17)
(0.758684 0.651458 -1.53565e-17)
(0.758684 0.651458 -1.53565e-17)
(0.758684 0.651458 -1.53565e-17)
(0.758684 0.651458 -1.53565e-17)
(0.758684 0.651458 -1.53565e-17)
(0.758684 0.651458 -1.53565e-17)
(0.758684 0.651458 -1.53565e-17)
(0.758684 0.651458 -1.53565e-17)
(0.758684 0.651458 -1.53565e-17)
(0.758684 0.651458 -1.53565e-17)
(0.758684 0.651458 -1.53565e-17)
(0.758684 0.651458 -1.53565e-17)
(0.758684 0.651458 -1.53565e-17)
(0.758684 0.651458 -1.53565e-17)
(0.758684 0.651458 -1.53565e-17)
(0.758684 0.651458 -1.53565e-17)
(0.758684 0.651458 -1.53565e-17)
(0.758684 0.651458 -1.53565e-17)
(0.758684 0.651458 -1.53565e-17)
(0.758684 0.651458 -1.53565e-17)
(0.758684 0.651458 -1.53565e-17)
(0.758684 0.651458 -1.53565e-17)
(0.758684 0.651458 -1.53565e-17)
(0.758684 0.651458 -1.53565e-17)
(0.758684 0.651458 -1.53565e-17)
(0.758684 0.651458 -1.53565e-17)
(0.758684 0.651458 -1.53565e-17)
(0.758684 0.651458 -1.53565e-17)
(0.758684 0.651458 -1.53565e-17)
(0.758684 0.651458 -1.53565e-17)
(0.758684 0.651458 -1.53565e-17)
(0.758684 0.651458 -1.53565e-17)
(0.758684 0.651458 -1.53565e-17)
(0.758684 0.651458 -1.53565e-17)
(0.758684 0.651458 -1.53565e-17)
(0.758684 0.651458 -1.53565e-17)
(0.758684 0.651458 -1.53565e-17)
(0.758684 0.651458 -1.53565e-17)
(0.758684 0.651458 -1.53565e-17)
(0.758684 0.651458 -1.53565e-17)
(0.758684 0.651458 -1.53565e-17)
(0.758684 0.651458 -1.53565e-17)
(0.758684 0.651458 -1.53565e-17)
(0.758684 0.651458 -1.53565e-17)
(0.758684 0.651458 -1.53565e-17)
(0.758684 0.651458 -1.53565e-17)
(0.764358 0.644792 0)
(0.764358 0.644792 0)
(0.764358 0.644792 0)
(0.764358 0.644792 0)
(0.764358 0.644792 0)
(0.764358 0.644792 0)
(0.764358 0.644792 0)
(0.764358 0.644792 0)
(0.764358 0.644792 0)
(0.764358 0.644792 0)
(0.764358 0.644792 0)
(0.764358 0.644792 0)
(0.764358 0.644792 0)
(0.764358 0.644792 0)
(0.764358 0.644792 0)
(0.764358 0.644792 0)
(0.764358 0.644792 0)
(0.764358 0.644792 0)
(0.764358 0.644792 0)
(0.764358 0.644792 0)
(0.764358 0.644792 0)
(0.764358 0.644792 0)
(0.764358 0.644792 0)
(0.764358 0.644792 0)
(0.764358 0.644792 0)
(0.764358 0.644792 0)
(0.764358 0.644792 0)
(0.764358 0.644792 0)
(0.764358 0.644792 0)
(0.764358 0.644792 0)
(0.764358 0.644792 0)
(0.764358 0.644792 0)
(0.764358 0.644792 0)
(0.764358 0.644792 0)
(0.764358 0.644792 0)
(0.764358 0.644792 0)
(0.764358 0.644792 0)
(0.764358 0.644792 0)
(0.764358 0.644792 0)
(0.764358 0.644792 0)
(0.764358 0.644792 0)
(0.764358 0.644792 0)
(0.764358 0.644792 0)
(0.764358 0.644792 0)
(0.764358 0.644792 0)
(0.764358 0.644792 0)
(0.764358 0.644792 0)
(0.764358 0.644792 0)
(0.764358 0.644792 0)
(0.764358 0.644792 0)
(0.764358 0.644792 0)
(0.764358 0.644792 0)
(0.764358 0.644792 0)
(0.764358 0.644792 0)
(0.764358 0.644792 0)
(0.764358 0.644792 0)
(0.764358 0.644792 0)
(0.764358 0.644792 0)
(0.764358 0.644792 0)
(0.764358 0.644792 0)
(0.781599 0.623781 0)
(0.781599 0.623781 0)
(0.781599 0.623781 0)
(0.781599 0.623781 0)
(0.781599 0.623781 0)
(0.781599 0.623781 0)
(0.781599 0.623781 0)
(0.781599 0.623781 0)
(0.781599 0.623781 0)
(0.781599 0.623781 0)
(0.781599 0.623781 0)
(0.781599 0.623781 0)
(0.781599 0.623781 0)
(0.781599 0.623781 0)
(0.781599 0.623781 0)
(0.781599 0.623781 0)
(0.781599 0.623781 0)
(0.781599 0.623781 0)
(0.781599 0.623781 0)
(0.781599 0.623781 0)
(0.781599 0.623781 0)
(0.781599 0.623781 0)
(0.781599 0.623781 0)
(0.781599 0.623781 0)
(0.781599 0.623781 0)
(0.781599 0.623781 0)
(0.781599 0.623781 0)
(0.781599 0.623781 0)
(0.781599 0.623781 0)
(0.781599 0.623781 0)
(0.781599 0.623781 0)
(0.781599 0.623781 0)
(0.781599 0.623781 0)
(0.781599 0.623781 0)
(0.781599 0.623781 0)
(0.781599 0.623781 0)
(0.781599 0.623781 0)
(0.781599 0.623781 0)
(0.781599 0.623781 0)
(0.781599 0.623781 0)
(0.781599 0.623781 0)
(0.781599 0.623781 0)
(0.781599 0.623781 0)
(0.781599 0.623781 0)
(0.781599 0.623781 0)
(0.781599 0.623781 0)
(0.781599 0.623781 0)
(0.781599 0.623781 0)
(0.781599 0.623781 0)
(0.781599 0.623781 0)
(0.781599 0.623781 0)
(0.781599 0.623781 0)
(0.781599 0.623781 0)
(0.781599 0.623781 0)
(0.781599 0.623781 0)
(0.781599 0.623781 0)
(0.781599 0.623781 0)
(0.781599 0.623781 0)
(0.781599 0.623781 0)
(0.781599 0.623781 0)
(0.811874 0.583833 0)
(0.811874 0.583833 0)
(0.811874 0.583833 0)
(0.811874 0.583833 0)
(0.811874 0.583833 0)
(0.811874 0.583833 0)
(0.811874 0.583833 0)
(0.811874 0.583833 0)
(0.811874 0.583833 0)
(0.811874 0.583833 0)
(0.811874 0.583833 0)
(0.811874 0.583833 0)
(0.811874 0.583833 0)
(0.811874 0.583833 0)
(0.811874 0.583833 0)
(0.811874 0.583833 0)
(0.811874 0.583833 0)
(0.811874 0.583833 0)
(0.811874 0.583833 0)
(0.811874 0.583833 0)
(0.811874 0.583833 0)
(0.811874 0.583833 0)
(0.811874 0.583833 0)
(0.811874 0.583833 0)
(0.811874 0.583833 0)
(0.811874 0.583833 0)
(0.811874 0.583833 0)
(0.811874 0.583833 0)
(0.811874 0.583833 0)
(0.811874 0.583833 0)
(0.811874 0.583833 0)
(0.811874 0.583833 0)
(0.811874 0.583833 0)
(0.811874 0.583833 0)
(0.811874 0.583833 0)
(0.811874 0.583833 0)
(0.811874 0.583833 0)
(0.811874 0.583833 0)
(0.811874 0.583833 0)
(0.811874 0.583833 0)
(0.811874 0.583833 0)
(0.811874 0.583833 0)
(0.811874 0.583833 0)
(0.811874 0.583833 0)
(0.811874 0.583833 0)
(0.811874 0.583833 0)
(0.811874 0.583833 0)
(0.811874 0.583833 0)
(0.811874 0.583833 0)
(0.811874 0.583833 0)
(0.811874 0.583833 0)
(0.811874 0.583833 0)
(0.811874 0.583833 0)
(0.811874 0.583833 0)
(0.811874 0.583833 0)
(0.811874 0.583833 0)
(0.811874 0.583833 0)
(0.811874 0.583833 0)
(0.811874 0.583833 0)
(0.811874 0.583833 0)
(0.858107 0.513471 0)
(0.858107 0.513471 0)
(0.858107 0.513471 0)
(0.858107 0.513471 0)
(0.858107 0.513471 0)
(0.858107 0.513471 0)
(0.858107 0.513471 0)
(0.858107 0.513471 0)
(0.858107 0.513471 0)
(0.858107 0.513471 0)
(0.858107 0.513471 0)
(0.858107 0.513471 0)
(0.858107 0.513471 0)
(0.858107 0.513471 0)
(0.858107 0.513471 0)
(0.858107 0.513471 0)
(0.858107 0.513471 0)
(0.858107 0.513471 0)
(0.858107 0.513471 0)
(0.858107 0.513471 0)
(0.858107 0.513471 0)
(0.858107 0.513471 0)
(0.858107 0.513471 0)
(0.858107 0.513471 0)
(0.858107 0.513471 0)
(0.858107 0.513471 0)
(0.858107 0.513471 0)
(0.858107 0.513471 0)
(0.858107 0.513471 0)
(0.858107 0.513471 0)
(0.858107 0.513471 0)
(0.858107 0.513471 0)
(0.858107 0.513471 0)
(0.858107 0.513471 0)
(0.858107 0.513471 0)
(0.858107 0.513471 0)
(0.858107 0.513471 0)
(0.858107 0.513471 0)
(0.858107 0.513471 0)
(0.858107 0.513471 0)
(0.858107 0.513471 0)
(0.858107 0.513471 0)
(0.858107 0.513471 0)
(0.858107 0.513471 0)
(0.858107 0.513471 0)
(0.858107 0.513471 0)
(0.858107 0.513471 0)
(0.858107 0.513471 0)
(0.858107 0.513471 0)
(0.858107 0.513471 0)
(0.858107 0.513471 0)
(0.858107 0.513471 0)
(0.858107 0.513471 0)
(0.858107 0.513471 0)
(0.858107 0.513471 0)
(0.858107 0.513471 0)
(0.858107 0.513471 0)
(0.858107 0.513471 0)
(0.858107 0.513471 0)
(0.858107 0.513471 0)
(0.918758 0.394821 0)
(0.918758 0.394821 0)
(0.918758 0.394821 0)
(0.918758 0.394821 0)
(0.918758 0.394821 0)
(0.918758 0.394821 0)
(0.918758 0.394821 0)
(0.918758 0.394821 0)
(0.918758 0.394821 0)
(0.918758 0.394821 0)
(0.918758 0.394821 0)
(0.918758 0.394821 0)
(0.918758 0.394821 0)
(0.918758 0.394821 0)
(0.918758 0.394821 0)
(0.918758 0.394821 0)
(0.918758 0.394821 0)
(0.918758 0.394821 0)
(0.918758 0.394821 0)
(0.918758 0.394821 0)
(0.918758 0.394821 0)
(0.918758 0.394821 0)
(0.918758 0.394821 0)
(0.918758 0.394821 0)
(0.918758 0.394821 0)
(0.918758 0.394821 0)
(0.918758 0.394821 0)
(0.918758 0.394821 0)
(0.918758 0.394821 0)
(0.918758 0.394821 0)
(0.918758 0.394821 0)
(0.918758 0.394821 0)
(0.918758 0.394821 0)
(0.918758 0.394821 0)
(0.918758 0.394821 0)
(0.918758 0.394821 0)
(0.918758 0.394821 0)
(0.918758 0.394821 0)
(0.918758 0.394821 0)
(0.918758 0.394821 0)
(0.918758 0.394821 0)
(0.918758 0.394821 0)
(0.918758 0.394821 0)
(0.918758 0.394821 0)
(0.918758 0.394821 0)
(0.918758 0.394821 0)
(0.918758 0.394821 0)
(0.918758 0.394821 0)
(0.918758 0.394821 0)
(0.918758 0.394821 0)
(0.918758 0.394821 0)
(0.918758 0.394821 0)
(0.918758 0.394821 0)
(0.918758 0.394821 0)
(0.918758 0.394821 0)
(0.918758 0.394821 0)
(0.918758 0.394821 0)
(0.918758 0.394821 0)
(0.918758 0.394821 0)
(0.918758 0.394821 0)
(0.971178 0.238355 0)
(0.971178 0.238355 0)
(0.971178 0.238355 0)
(0.971178 0.238355 0)
(0.971178 0.238355 0)
(0.971178 0.238355 0)
(0.971178 0.238355 0)
(0.971178 0.238355 0)
(0.971178 0.238355 0)
(0.971178 0.238355 0)
(0.971178 0.238355 0)
(0.971178 0.238355 0)
(0.971178 0.238355 0)
(0.971178 0.238355 0)
(0.971178 0.238355 0)
(0.971178 0.238355 0)
(0.971178 0.238355 0)
(0.971178 0.238355 0)
(0.971178 0.238355 0)
(0.971178 0.238355 0)
(0.971178 0.238355 0)
(0.971178 0.238355 0)
(0.971178 0.238355 0)
(0.971178 0.238355 0)
(0.971178 0.238355 0)
(0.971178 0.238355 0)
(0.971178 0.238355 0)
(0.971178 0.238355 0)
(0.971178 0.238355 0)
(0.971178 0.238355 0)
(0.971178 0.238355 0)
(0.971178 0.238355 0)
(0.971178 0.238355 0)
(0.971178 0.238355 0)
(0.971178 0.238355 0)
(0.971178 0.238355 0)
(0.971178 0.238355 0)
(0.971178 0.238355 0)
(0.971178 0.238355 0)
(0.971178 0.238355 0)
(0.971178 0.238355 0)
(0.971178 0.238355 0)
(0.971178 0.238355 0)
(0.971178 0.238355 0)
(0.971178 0.238355 0)
(0.971178 0.238355 0)
(0.971178 0.238355 0)
(0.971178 0.238355 0)
(0.971178 0.238355 0)
(0.971178 0.238355 0)
(0.971178 0.238355 0)
(0.971178 0.238355 0)
(0.971178 0.238355 0)
(0.971178 0.238355 0)
(0.971178 0.238355 0)
(0.971178 0.238355 0)
(0.971178 0.238355 0)
(0.971178 0.238355 0)
(0.971178 0.238355 0)
(0.971178 0.238355 0)
(0.994355 0.106105 -5.12537e-19)
(0.994355 0.106105 -5.12537e-19)
(0.994355 0.106105 -5.12537e-19)
(0.994355 0.106105 -5.12537e-19)
(0.994355 0.106105 -5.12537e-19)
(0.994355 0.106105 -5.12537e-19)
(0.994355 0.106105 -5.12537e-19)
(0.994355 0.106105 -5.12537e-19)
(0.994355 0.106105 -5.12537e-19)
(0.994355 0.106105 -5.12537e-19)
(0.994355 0.106105 -5.12537e-19)
(0.994355 0.106105 -5.12537e-19)
(0.994355 0.106105 -5.12537e-19)
(0.994355 0.106105 -5.12537e-19)
(0.994355 0.106105 -5.12537e-19)
(0.994355 0.106105 -5.12537e-19)
(0.994355 0.106105 -5.12537e-19)
(0.994355 0.106105 -5.12537e-19)
(0.994355 0.106105 -5.12537e-19)
(0.994355 0.106105 -5.12537e-19)
(0.994355 0.106105 -5.12537e-19)
(0.994355 0.106105 -5.12537e-19)
(0.994355 0.106105 -5.12537e-19)
(0.994355 0.106105 -5.12537e-19)
(0.994355 0.106105 -5.12537e-19)
(0.994355 0.106105 -5.12537e-19)
(0.994355 0.106105 -5.12537e-19)
(0.994355 0.106105 -5.12537e-19)
(0.994355 0.106105 -5.12537e-19)
(0.994355 0.106105 -5.12537e-19)
(0.994355 0.106105 -5.12537e-19)
(0.994355 0.106105 -5.12537e-19)
(0.994355 0.106105 -5.12537e-19)
(0.994355 0.106105 -5.12537e-19)
(0.994355 0.106105 -5.12537e-19)
(0.994355 0.106105 -5.12537e-19)
(0.994355 0.106105 -5.12537e-19)
(0.994355 0.106105 -5.12537e-19)
(0.994355 0.106105 -5.12537e-19)
(0.994355 0.106105 -5.12537e-19)
(0.994355 0.106105 -5.12537e-19)
(0.994355 0.106105 -5.12537e-19)
(0.994355 0.106105 -5.12537e-19)
(0.994355 0.106105 -5.12537e-19)
(0.994355 0.106105 -5.12537e-19)
(0.994355 0.106105 -5.12537e-19)
(0.994355 0.106105 -5.12537e-19)
(0.994355 0.106105 -5.12537e-19)
(0.994355 0.106105 -5.12537e-19)
(0.994355 0.106105 -5.12537e-19)
(0.994355 0.106105 -5.12537e-19)
(0.994355 0.106105 -5.12537e-19)
(0.994355 0.106105 -5.12537e-19)
(0.994355 0.106105 -5.12537e-19)
(0.994355 0.106105 -5.12537e-19)
(0.994355 0.106105 -5.12537e-19)
(0.994355 0.106105 -5.12537e-19)
(0.994355 0.106105 -5.12537e-19)
(0.994355 0.106105 -5.12537e-19)
(0.994355 0.106105 -5.12537e-19)
(0.999837 0.0180403 -1.08672e-20)
(0.999837 0.0180403 -1.08672e-20)
(0.999837 0.0180403 -1.08672e-20)
(0.999837 0.0180403 -1.08672e-20)
(0.999837 0.0180403 -1.08672e-20)
(0.999837 0.0180403 -1.08672e-20)
(0.999837 0.0180403 -1.08672e-20)
(0.999837 0.0180403 -1.08672e-20)
(0.999837 0.0180403 -1.08672e-20)
(0.999837 0.0180403 -1.08672e-20)
(0.999837 0.0180403 -1.08672e-20)
(0.999837 0.0180403 -1.08672e-20)
(0.999837 0.0180403 -1.08672e-20)
(0.999837 0.0180403 -1.08672e-20)
(0.999837 0.0180403 -1.08672e-20)
(0.999837 0.0180403 -1.08672e-20)
(0.999837 0.0180403 -1.08672e-20)
(0.999837 0.0180403 -1.08672e-20)
(0.999837 0.0180403 -1.08672e-20)
(0.999837 0.0180403 -1.08672e-20)
(0.999837 0.0180403 -1.08672e-20)
(0.999837 0.0180403 -1.08672e-20)
(0.999837 0.0180403 -1.08672e-20)
(0.999837 0.0180403 -1.08672e-20)
(0.999837 0.0180403 -1.08672e-20)
(0.999837 0.0180403 -1.08672e-20)
(0.999837 0.0180403 -1.08672e-20)
(0.999837 0.0180403 -1.08672e-20)
(0.999837 0.0180403 -1.08672e-20)
(0.999837 0.0180403 -1.08672e-20)
(0.999837 0.0180403 -1.08672e-20)
(0.999837 0.0180403 -1.08672e-20)
(0.999837 0.0180403 -1.08672e-20)
(0.999837 0.0180403 -1.08672e-20)
(0.999837 0.0180403 -1.08672e-20)
(0.999837 0.0180403 -1.08672e-20)
(0.999837 0.0180403 -1.08672e-20)
(0.999837 0.0180403 -1.08672e-20)
(0.999837 0.0180403 -1.08672e-20)
(0.999837 0.0180403 -1.08672e-20)
(0.999837 0.0180403 -1.08672e-20)
(0.999837 0.0180403 -1.08672e-20)
(0.999837 0.0180403 -1.08672e-20)
(0.999837 0.0180403 -1.08672e-20)
(0.999837 0.0180403 -1.08672e-20)
(0.999837 0.0180403 -1.08672e-20)
(0.999837 0.0180403 -1.08672e-20)
(0.999837 0.0180403 -1.08672e-20)
(0.999837 0.0180403 -1.08672e-20)
(0.999837 0.0180403 -1.08672e-20)
(0.999837 0.0180403 -1.08672e-20)
(0.999837 0.0180403 -1.08672e-20)
(0.999837 0.0180403 -1.08672e-20)
(0.999837 0.0180403 -1.08672e-20)
(0.999837 0.0180403 -1.08672e-20)
(0.999837 0.0180403 -1.08672e-20)
(0.999837 0.0180403 -1.08672e-20)
(0.999837 0.0180403 -1.08672e-20)
(0.999837 0.0180403 -1.08672e-20)
(0.999837 0.0180403 -1.08672e-20)
(1 0 0)
(1 0 0)
(1 0 0)
(1 0 0)
(1 0 0)
(1 0 0)
(1 0 0)
(1 0 0)
(1 0 0)
(1 0 0)
(1 0 0)
(1 0 0)
(1 0 0)
(1 0 0)
(1 0 0)
(1 0 0)
(1 0 0)
(1 0 0)
(1 0 0)
(1 0 0)
(1 0 0)
(1 0 0)
(1 0 0)
(1 0 0)
(1 0 0)
(1 0 0)
(1 0 0)
(1 0 0)
(1 0 0)
(1 0 0)
(1 0 0)
(1 0 0)
(1 0 0)
(1 0 0)
(1 0 0)
(1 0 0)
(1 0 0)
(1 0 0)
(1 0 0)
(1 0 0)
(1 0 0)
(1 0 0)
(1 0 0)
(1 0 0)
(1 0 0)
(1 0 0)
(1 0 0)
(1 0 0)
(1 0 0)
(1 0 0)
(1 0 0)
(1 0 0)
(1 0 0)
(1 0 0)
(1 0 0)
(1 0 0)
(1 0 0)
(1 0 0)
(1 0 0)
(1 0 0)
)
;
    }
    front
    {
        type            cyclic;
    }
    back
    {
        type            cyclic;
    }
}


// ************************************************************************* //
