/*--------------------------------*- C++ -*----------------------------------*\
  =========                 |
  \\      /  F ield         | OpenFOAM: The Open Source CFD Toolbox
   \\    /   O peration     | Website:  https://openfoam.org
    \\  /    A nd           | Version:  13
     \\/     M anipulation  |
\*---------------------------------------------------------------------------*/
FoamFile
{
    format      ascii;
    class       volScalarField;
    location    "0.5";
    object      tw_n_mean;
}
// * * * * * * * * * * * * * * * * * * * * * * * * * * * * * * * * * * * * * //

dimensions      [];

internalField   uniform 0;

boundaryField
{
    inlet
    {
        type            cyclic;
    }
    outlet
    {
        type            cyclic;
    }
    top
    {
        type            calculated;
        value           nonuniform List<scalar> 
7200
(
0.000266442
0.000286066
0.000298181
0.000302253
0.000304634
0.000303214
0.000303853
0.000306315
0.000307346
0.000309398
0.000311612
0.000314467
0.000317123
0.000323952
0.000332669
0.000337293
0.000334774
0.000323405
0.000321575
0.000320077
0.000318672
0.000312806
0.000308238
0.000313567
0.000313982
0.000317112
0.000343502
0.000366754
0.000369785
0.000356358
0.000328499
0.000315233
0.000298083
0.00031844
0.00031532
0.000363992
0.000419087
0.000452842
0.00037941
0.000342585
0.000329849
0.000321839
0.000318133
0.000317112
0.000318419
0.000321169
0.000324419
0.000326734
0.000327947
0.000327301
0.000318695
0.000314163
0.000310517
0.000315161
0.000336187
0.00028822
0.000282245
0.000284941
0.000279773
0.000267177
0.00025859
0.000261847
0.000268337
0.000272622
0.000275969
0.000277737
0.000279614
0.000281958
0.000284476
0.000288567
0.00029098
0.000293725
0.000295378
0.000302204
0.000310415
0.00031561
0.000313035
0.000297742
0.000294495
0.000293313
0.000290745
0.000282909
0.000275029
0.000276847
0.000280443
0.000279544
0.00029862
0.000328722
0.000333882
0.000316351
0.000328342
0.000273669
0.00032471
0.000313365
0.000365987
0.000422153
0.000498601
0.000442102
0.000361926
0.000328608
0.00031869
0.000312066
0.000308795
0.000308214
0.00031042
0.00031348
0.000317287
0.000319948
0.000321502
0.000321545
0.000315609
0.000310864
0.000317677
0.000328489
0.00028912
0.000286402
0.000284595
0.000287566
0.000288591
0.00027225
0.000262346
0.000267387
0.000269829
0.000272339
0.000274395
0.000274216
0.000274732
0.000277359
0.000280322
0.000284801
0.000288609
0.000292324
0.000294982
0.000301514
0.00030916
0.000314734
0.000314021
0.000301676
0.000298981
0.000297894
0.000297015
0.000292378
0.000282986
0.000277546
0.000304502
0.000291679
0.000309585
0.000310258
0.000324674
0.000315236
0.000349347
0.000290254
0.000306652
0.000362884
0.00041884
0.000489815
0.000456531
0.000388358
0.000340482
0.000315173
0.000306452
0.000301399
0.00029917
0.000299709
0.00030234
0.000305449
0.00030925
0.000312334
0.000315025
0.00031762
0.000323231
0.000338656
0.000332653
0.000283984
0.000281058
0.000285679
0.000285136
0.000285739
0.00029008
0.00028828
0.000268284
0.000271673
0.000272266
0.00026893
0.00027821
0.000270339
0.000268804
0.000257207
0.000254049
0.000317755
0.000283188
0.000274686
0.00027342
0.000274483
0.000283043
0.000290226
0.000291973
0.000344997
0.000347052
0.000351403
0.000303483
0.000313074
0.000324424
0.00030568
0.000292458
0.000312735
0.000309758
0.000327309
0.000379227
0.000366381
0.000327181
0.000344034
0.000357795
0.000410033
0.000495055
0.000448874
0.000405805
0.000361681
0.000324914
0.000305606
0.000298693
0.000295124
0.000295032
0.000296843
0.00029867
0.000301241
0.000304819
0.000308333
0.000313151
0.000323061
0.00031074
0.000287983
0.000280948
0.000272213
0.000278298
0.000281975
0.000283669
0.000286015
0.000291791
0.000308161
0.000299327
0.000286914
0.000271527
0.000267164
0.000270519
0.000273681
0.000275191
0.00027893
0.000281382
0.0002864
0.00029878
0.000323391
0.000430281
0.000387742
0.000385502
0.000387288
0.000387769
0.000391037
0.000412047
0.000441914
0.000488903
0.000442704
0.000405187
0.000388686
0.000383122
0.000367709
0.00034709
0.000355936
0.000378787
0.000363784
0.00035001
0.000414074
0.000474827
0.000498718
0.000462491
0.000415129
0.000378784
0.000342337
0.000314796
0.000301249
0.000295871
0.000294121
0.000296195
0.000299591
0.000301479
0.000304048
0.00030775
0.000312386
0.000320409
0.000339938
0.000289779
0.00028646
0.000297644
0.000288305
0.000292592
0.000311337
0.00033594
0.000295905
0.000329852
0.000289111
0.000298886
0.000296129
0.000297087
0.000301576
0.000309996
0.000314352
0.000315135
0.000319541
0.000321431
0.000325317
0.000334562
0.000352018
0.000372272
0.000396422
0.000439958
0.000522493
0.00049298
0.000505323
0.000546045
0.000573423
0.000573258
0.000570802
0.000573551
0.00060087
0.000625265
0.00051074
0.000496184
0.000568625
0.000487559
0.000500966
0.000472028
0.000483917
0.000522118
0.000476845
0.000427061
0.000387288
0.000357768
0.000330358
0.000313649
0.00032294
0.000325922
0.000320929
0.000317592
0.000318973
0.000319215
0.000320867
0.000323937
0.000328099
0.000334459
0.000349583
0.000308706
0.000355228
0.000301679
0.000296897
0.000294849
0.000294527
0.000293999
0.000297459
0.000301788
0.000315838
0.00032205
0.00032325
0.000326994
0.000333438
0.00034138
0.0003458
0.00034728
0.00035005
0.000352229
0.00035801
0.00040468
0.000423135
0.000480809
0.000466543
0.000468329
0.000476439
0.000484853
0.000497936
0.000512849
0.000522041
0.000530638
0.000541066
0.000546204
0.000551936
0.000547333
0.000528608
0.000545303
0.000527782
0.000533742
0.000526063
0.000518288
0.000564601
0.000481813
0.000442106
0.000396221
0.000364134
0.000344828
0.000332134
0.000288641
0.00028847
0.000306933
0.000343375
0.000328038
0.000304126
0.000306811
0.00030858
0.000311646
0.000315288
0.000317461
0.000315351
0.000305017
0.000309344
0.000314222
0.000311206
0.000309436
0.000309214
0.000309165
0.000313298
0.000319183
0.00033921
0.000336005
0.000336734
0.000340933
0.000357147
0.000417104
0.000419119
0.000418017
0.000427832
0.000445963
0.000533153
0.000422237
0.000439646
0.000458514
0.000475467
0.00049183
0.000508242
0.000523104
0.000537605
0.000550395
0.000558643
0.000567034
0.000574973
0.00057901
0.000582461
0.00057432
0.000553554
0.000530153
0.000514589
0.000513007
0.000497849
0.000481691
0.000496091
0.00044683
0.000407509
0.000370679
0.000348782
0.000348014
0.000295243
0.000286956
0.000301403
0.000331077
0.000302716
0.000307628
0.000313113
0.000315889
0.000317258
0.000319327
0.000321674
0.000321633
0.000316359
0.000304501
0.000313988
0.000318493
0.000317019
0.000316586
0.000318561
0.000319272
0.000323254
0.00032755
0.000351041
0.000388498
0.000392788
0.000396699
0.000405077
0.000417906
0.000428822
0.000455423
0.000420456
0.000403644
0.000389145
0.000388505
0.000401789
0.000420097
0.000439025
0.000456095
0.00047267
0.000487781
0.000506208
0.000519027
0.000523433
0.000530986
0.000535634
0.000536808
0.00053585
0.000524846
0.000503117
0.000482792
0.000469849
0.00046777
0.00045521
0.00044308
0.000445774
0.000404449
0.000378723
0.000352577
0.000343768
0.000303326
0.000288928
0.000329173
0.000313278
0.000285778
0.00029365
0.000299778
0.000304598
0.000307211
0.000308756
0.000310922
0.000312746
0.000312058
0.000307282
0.000299849
0.000311154
0.000315071
0.000315455
0.000318168
0.000321181
0.000321163
0.000323184
0.000325311
0.00034727
0.000380467
0.000376029
0.00037868
0.000394043
0.000412676
0.000439573
0.000390713
0.000381575
0.000372272
0.000360271
0.000359925
0.000371092
0.000386872
0.000403108
0.000418196
0.000432895
0.000446609
0.000464
0.000475285
0.000478643
0.000485596
0.00048966
0.000491494
0.000490685
0.000481233
0.000462716
0.000445379
0.000434489
0.000431252
0.0004202
0.000410674
0.000396134
0.00037819
0.000358253
0.000340819
0.0003424
0.000284733
0.000317983
0.000289787
0.000292379
0.000268054
0.000276491
0.000281691
0.00028532
0.000287327
0.000288932
0.000291533
0.000293559
0.000293684
0.000290748
0.000288959
0.000300837
0.000303991
0.00030543
0.000308884
0.000312912
0.000312684
0.000313412
0.000358439
0.000333463
0.000380646
0.000363549
0.000366174
0.000371903
0.000392454
0.000458668
0.000360395
0.000354044
0.000345966
0.000335187
0.000334997
0.0003444
0.000358703
0.000373441
0.000386983
0.000400295
0.000412886
0.000428365
0.000438555
0.000442045
0.000448189
0.000451454
0.000452963
0.000451581
0.00044289
0.000426533
0.000411395
0.000402256
0.000397718
0.000384042
0.000376654
0.000375904
0.000354975
0.000341807
0.000335176
0.000289761
0.000260983
0.000280728
0.000268413
0.000275437
0.000284749
0.000255841
0.000261517
0.000265225
0.000267364
0.000269034
0.000271512
0.000273515
0.000274053
0.000272297
0.000274337
0.000285889
0.000289223
0.000291033
0.000294584
0.000298973
0.000298915
0.000298779
0.000339109
0.000320713
0.000354468
0.000367032
0.000363828
0.000367363
0.000400509
0.000341109
0.000335725
0.000329926
0.000322509
0.000312649
0.000312461
0.000320335
0.000333151
0.000346506
0.000358697
0.000370706
0.000382241
0.000395961
0.000405085
0.000408625
0.000414113
0.000416849
0.000418213
0.000416526
0.000408759
0.000394516
0.000381494
0.000374243
0.000369037
0.000351785
0.000342683
0.000361005
0.000338927
0.000330429
0.000321874
0.000252035
0.000303473
0.000258483
0.000252503
0.000261156
0.000269312
0.000277091
0.00024413
0.000248006
0.000250351
0.000252421
0.000255157
0.000257133
0.000257761
0.000256705
0.000259175
0.000272401
0.000276274
0.000278239
0.000281418
0.000286453
0.000286471
0.00028558
0.000321513
0.000314138
0.000327685
0.000334788
0.000387543
0.000382891
0.000325339
0.000318318
0.000313899
0.000308266
0.000301283
0.000292233
0.000291989
0.000298645
0.000310025
0.000322081
0.000333034
0.000343862
0.000354384
0.00036655
0.000374748
0.000378359
0.000383359
0.000385841
0.000387234
0.000385567
0.000378799
0.000366584
0.000355446
0.000349903
0.00034478
0.000331086
0.000320632
0.000296602
0.000330764
0.000322532
0.000301008
0.000250418
0.000269354
0.000244754
0.000240604
0.000248262
0.000255095
0.000262119
0.000266527
0.000269269
0.000270725
0.000271686
0.000273226
0.000244803
0.000243641
0.000242751
0.000245042
0.000259496
0.000265496
0.000268119
0.000268991
0.000270333
0.000272138
0.00026879
0.000302479
0.000391949
0.000307117
0.000310424
0.000312594
0.000301814
0.000303324
0.00029815
0.000294411
0.000288664
0.000282025
0.000273679
0.00027342
0.000279113
0.000289174
0.000300058
0.000309892
0.000319675
0.000329284
0.000340121
0.000347598
0.000351311
0.000355977
0.000358337
0.000359785
0.000358268
0.000352427
0.000341968
0.000332423
0.000327819
0.000322849
0.000310752
0.000302905
0.000280971
0.000322758
0.0002976
0.00028183
0.000281057
0.000252479
0.0002392
0.000231585
0.0002381
0.000243761
0.000249599
0.000253282
0.000255529
0.000256791
0.000257701
0.000259037
0.000260174
0.000261107
0.000231726
0.00023357
0.000246882
0.000252285
0.000249825
0.000256049
0.00028944
0.000289026
0.000288875
0.000280757
0.000325946
0.000286073
0.000288722
0.000289484
0.000282546
0.000284134
0.000279802
0.000275081
0.000270641
0.000264272
0.000256637
0.000256473
0.000261459
0.000270359
0.000280187
0.00028902
0.000297906
0.000306699
0.000316437
0.000323333
0.000327153
0.00033154
0.000333848
0.00033527
0.00033393
0.000328783
0.000319686
0.000311373
0.000307166
0.000302075
0.000291311
0.000284474
0.000316718
0.000281325
0.00026591
0.000253465
0.000242846
0.000240703
0.000235334
0.000220238
0.000224605
0.000229137
0.000234005
0.000236865
0.000237963
0.000235834
0.000211183
0.000214636
0.000216635
0.000217425
0.000217191
0.000219612
0.000231331
0.00023692
0.000240278
0.000247662
0.000275743
0.000273712
0.000274328
0.000270081
0.000307206
0.000260656
0.000266714
0.00026979
0.000265126
0.000266613
0.000263113
0.000257469
0.000253527
0.000247654
0.000240767
0.000240844
0.000245243
0.000253207
0.000262085
0.00027009
0.000278183
0.000286289
0.000295091
0.000301513
0.000305338
0.000309473
0.000311677
0.000313055
0.000311773
0.000307134
0.000298971
0.000291481
0.000287344
0.000281973
0.000272099
0.000267533
0.000286897
0.000268743
0.000258492
0.000241351
0.000233698
0.000240122
0.000236202
0.000219387
0.000218838
0.000223415
0.000228284
0.00023132
0.00023314
0.000234277
0.000235102
0.000236193
0.000236902
0.000237233
0.000213439
0.000214858
0.000224256
0.000229978
0.000230683
0.000236502
0.000264558
0.00026283
0.00027023
0.000265023
0.000258729
0.000240812
0.00024888
0.000251602
0.000246724
0.000248398
0.000244934
0.000240753
0.000237285
0.000231939
0.000225922
0.000226297
0.00023009
0.000237311
0.000245402
0.000252718
0.000260152
0.00026765
0.000275663
0.000281647
0.000285382
0.000289193
0.000291231
0.000292451
0.000291118
0.000286798
0.000279273
0.000272274
0.000267994
0.000262352
0.000253356
0.000247976
0.000287414
0.000261048
0.000244069
0.000227349
0.000221818
0.000227755
0.000223014
0.00020899
0.000207667
0.000212135
0.000216972
0.000219852
0.000221605
0.000222702
0.000223431
0.000224423
0.000225088
0.000225413
0.000205845
0.000207352
0.000215817
0.000221615
0.00024428
0.000229192
0.000256305
0.000255973
0.000272237
0.000259085
0.000235192
0.000223695
0.000231156
0.000233756
0.000229854
0.00023141
0.000228289
0.000224647
0.000221798
0.000217053
0.000211903
0.000212402
0.000215751
0.000222383
0.000229815
0.000236548
0.000243435
0.000250384
0.000257659
0.000263225
0.000266761
0.000270189
0.000271981
0.000272918
0.000271469
0.000267313
0.000260209
0.000253499
0.000248938
0.00024332
0.000236556
0.000229225
0.000267148
0.000243569
0.000230314
0.00021646
0.000212242
0.000216331
0.000213421
0.000199864
0.000198051
0.00020213
0.000207071
0.000209937
0.000211764
0.000212952
0.000213736
0.000214762
0.000215517
0.000216043
0.000199665
0.000202084
0.000209985
0.000215541
0.000235705
0.000222227
0.000247773
0.000248105
0.000212492
0.000209
0.000216468
0.000210409
0.000201137
0.000215601
0.000213562
0.000215153
0.000212446
0.000209346
0.000207013
0.000202798
0.000198423
0.000198865
0.000201939
0.000208083
0.000214946
0.000221175
0.000227569
0.000233984
0.000240565
0.000245688
0.000248947
0.000251936
0.000253395
0.000253995
0.000252372
0.000248287
0.000241481
0.000234939
0.000230231
0.00022645
0.000270401
0.000204433
0.000191656
0.00022943
0.000218158
0.000205448
0.000201824
0.000205909
0.000203013
0.000189399
0.000187063
0.00019061
0.000195611
0.000198578
0.000200576
0.00020203
0.000203148
0.000204481
0.000205599
0.000206543
0.00019458
0.000195715
0.000203394
0.000208279
0.000226663
0.000230018
0.000237089
0.000236448
0.000194545
0.000193067
0.00019953
0.000197168
0.000201135
0.000199896
0.000199438
0.000200986
0.000198682
0.00019607
0.000194152
0.000190382
0.000186584
0.000187011
0.000189886
0.000195536
0.000201831
0.000207558
0.000213412
0.000219285
0.000225192
0.000229792
0.000232707
0.000235197
0.000236262
0.000236538
0.000234699
0.000230738
0.000224242
0.000218002
0.0002137
0.00026899
0.000244072
0.00024587
0.000185229
0.000218191
0.00020578
0.000193201
0.000189687
0.000193478
0.000190673
0.000177374
0.00017442
0.000177242
0.000182096
0.000185202
0.000187472
0.000189353
0.000191043
0.000192915
0.000194619
0.000196189
0.000187228
0.000187733
0.000194715
0.000198683
0.000216262
0.000220072
0.000224833
0.000222964
0.000223512
0.000187753
0.000191622
0.000186608
0.000184598
0.000180964
0.000181446
0.00018289
0.000180767
0.000178473
0.000176559
0.000172909
0.000169496
0.000170038
0.000172909
0.000178364
0.000184359
0.000189796
0.000195333
0.00020085
0.000206164
0.00021025
0.000212774
0.000214687
0.000215373
0.000215157
0.000213021
0.000209145
0.000202886
0.000196904
0.000193723
0.000242125
0.000239393
0.00022225
0.000215166
0.000204684
0.000191783
0.000179715
0.000176191
0.000179293
0.000176841
0.00016494
0.000161915
0.000164148
0.000168651
0.000171854
0.000174414
0.000176701
0.000178963
0.000181445
0.00018404
0.000180839
0.000179761
0.000180244
0.000185971
0.000188814
0.000205178
0.000208634
0.000212286
0.000209816
0.000207981
0.000214105
0.000219435
0.000199939
0.000167192
0.000174374
0.000174146
0.000174826
0.000172481
0.000170136
0.000168351
0.000164984
0.000161859
0.000162279
0.000164601
0.000169296
0.000174504
0.000179282
0.00018412
0.000188994
0.000193805
0.00019734
0.000199328
0.000200769
0.000200853
0.000200305
0.000198118
0.000194089
0.000188584
0.000183487
0.000195153
0.000227606
0.000216859
0.000202571
0.000197061
0.000188695
0.000177007
0.000166072
0.000162455
0.000165069
0.000163256
0.000153554
0.000151277
0.000153399
0.000157598
0.000160945
0.000163762
0.000166314
0.000169022
0.000172777
0.000173896
0.000174074
0.000173944
0.000174466
0.000178836
0.000180441
0.000194669
0.000195891
0.000200602
0.000197898
0.000196139
0.000201489
0.000206069
0.000186304
0.000156634
0.000161154
0.000159674
0.000159494
0.000156887
0.000154397
0.000152402
0.000149253
0.000146623
0.000147105
0.000149327
0.000153647
0.000158505
0.000163108
0.000167722
0.000172204
0.000176499
0.000179627
0.000181245
0.000182256
0.000181954
0.000181174
0.00017898
0.000175073
0.000170256
0.000166897
0.000215798
0.000208064
0.000196336
0.000184779
0.000179875
0.000173115
0.000162903
0.000153251
0.00015029
0.000152086
0.000150873
0.000143647
0.000142173
0.000144885
0.000149012
0.000152486
0.000155173
0.000166843
0.000167415
0.000168763
0.000169754
0.000170516
0.000170728
0.000171114
0.000174077
0.000174355
0.000173855
0.000175135
0.000190508
0.000187488
0.000185667
0.000190387
0.000193481
0.000178792
0.00015354
0.000144128
0.000145798
0.000145426
0.000142757
0.000140369
0.000138437
0.000135513
0.000133225
0.000133596
0.000135498
0.000139209
0.000143511
0.000147751
0.000152082
0.000156242
0.000160122
0.000162959
0.000164404
0.000165234
0.000164911
0.000164257
0.000162251
0.000158768
0.000154765
0.000152756
0.000174202
0.000194122
0.00018029
0.000168048
0.000163405
0.000159154
0.000151596
0.00014241
0.000139883
0.000141742
0.000141942
0.000136013
0.000135792
0.00013923
0.000143173
0.000157218
0.00015946
0.000162244
0.000165288
0.000167873
0.000169022
0.000169805
0.000170139
0.000170284
0.000171862
0.000170981
0.000170233
0.000170515
0.000179064
0.000175825
0.000173725
0.000178165
0.000179746
0.000168044
0.000174061
0.000135175
0.000135829
0.000134327
0.000130198
0.000127306
0.000125673
0.000123351
0.000121629
0.000121982
0.000123521
0.000126509
0.000130137
0.000133938
0.000137964
0.000141838
0.000145409
0.000148059
0.000149443
0.000150227
0.000150037
0.000149546
0.000147747
0.000144594
0.000141009
0.000139042
0.000139322
0.000136577
0.000122651
0.00015727
0.000152148
0.000149597
0.000112692
0.000113384
0.000127882
0.000127945
0.000111246
0.000107913
0.000151178
0.000151438
0.000150829
0.000157537
0.000161036
0.000164564
0.000167909
0.000173592
0.000178231
0.000177387
0.000177829
0.000177738
0.000175702
0.000173072
0.000169617
0.000168494
0.000167531
0.0001637
0.00016021
0.000168416
0.000166864
0.00015805
0.000161393
0.000162218
0.000169126
0.000125397
0.000120145
0.000117806
0.000114843
0.000112372
0.00011138
0.000112043
0.000113496
0.000115925
0.000118874
0.000122126
0.000125694
0.000129219
0.000132475
0.000134924
0.000136226
0.000136967
0.000136861
0.000136401
0.000134745
0.00013192
0.000128683
0.000126652
0.000125533
0.000121661
0.000117191
0.00012823
0.000148083
0.0001066
0.000104187
0.00010235
0.000102585
0.000106634
0.000111154
0.000150753
0.000151754
0.00015783
0.00016469
0.000175443
0.000183835
0.000187099
0.000192144
0.000199233
0.000205113
0.000205584
0.000205168
0.000201955
0.000198617
0.00019201
0.000184294
0.000176732
0.000170404
0.000162867
0.000158512
0.000157072
0.000160588
0.000151728
0.000156232
0.000154519
0.00015278
0.000150146
0.00012718
0.000109902
0.00010849
0.000105173
0.000103522
0.000104144
0.000105698
0.000107928
0.000110448
0.000113285
0.000116302
0.000119154
0.000121863
0.000123954
0.000125048
0.000125674
0.000125582
0.000125137
0.000123809
0.000121729
0.000119471
0.0001184
0.000119051
0.000115543
0.000111916
0.000109927
0.000106949
0.00010385
0.00010442
0.000106686
0.000110876
0.000157587
0.000154944
0.000163366
0.00017583
0.000189598
0.000197714
0.000210477
0.000220352
0.000227947
0.00023712
0.00024307
0.000249211
0.000252517
0.000253908
0.000253225
0.000250186
0.000242746
0.000230372
0.000214565
0.000199606
0.000183099
0.00016869
0.000163376
0.000157361
0.000154837
0.000150855
0.000149344
0.000146757
0.000142221
0.000136888
0.000135211
0.000102939
9.9884e-05
9.91569e-05
9.91526e-05
0.000100476
0.000102651
0.000105092
0.000107692
0.000110354
0.000112463
0.000114312
0.000115796
0.00011664
0.00011729
0.000117447
0.000117449
0.000117162
0.000116765
0.000116498
0.000117044
0.00011876
0.000114224
0.000110644
0.000115599
0.00010437
0.000112919
0.000118563
0.000158075
0.000164242
0.000177226
0.000191731
0.000210658
0.000224019
0.000238058
0.000245431
0.000255095
0.000264373
0.000273858
0.000284618
0.000294518
0.00030493
0.000311622
0.000316411
0.000321123
0.000327576
0.000364707
0.00030229
0.000272145
0.000245682
0.000219459
0.000196679
0.000206292
0.000156211
0.000174937
0.000150354
0.00015892
0.000144683
0.000133445
0.000129467
0.000127039
0.00012985
9.69149e-05
9.68551e-05
9.74894e-05
9.86599e-05
0.000100834
0.000103359
0.000105861
0.00010834
0.000109916
0.000110819
0.000111681
0.000112338
0.000113206
0.000113769
0.000114562
0.000115883
0.000116605
0.000116219
0.00011735
0.000126733
0.000111824
0.000122555
0.000117402
0.000145013
0.000187723
0.000193704
0.000208496
0.000225821
0.000241212
0.000251745
0.000265073
0.000279269
0.000294262
0.000305969
0.000319145
0.000331246
0.000342123
0.000353666
0.000363921
0.000373807
0.000381498
0.000388375
0.00039509
0.000403855
0.00048366
0.000400854
0.000363093
0.00033285
0.000306636
0.000278101
0.000249334
0.000192972
0.000272859
0.000238864
0.000204713
0.000159741
0.000139104
0.000127307
0.000133906
0.000104398
9.39604e-05
9.34271e-05
9.53246e-05
9.58212e-05
9.81568e-05
0.000100918
0.00010384
0.000106574
0.000108117
0.000109606
0.000111132
0.000113433
0.000116609
0.00011923
0.000123089
0.000131653
0.000156868
0.000165592
0.000185989
0.000203324
0.000180508
0.000205528
0.000200354
0.000239841
0.000254678
0.000266391
0.000278099
0.000293212
0.000309699
0.000325144
0.000339614
0.000352382
0.000364769
0.000375005
0.000385189
0.000396084
0.000405512
0.000416654
0.000426068
0.000434286
0.000440428
0.000447013
0.000452881
0.000458399
0.000472124
0.000573845
0.000473456
0.000427681
0.000396332
0.000365861
0.000336622
0.000289381
0.000354843
0.000322345
0.000295642
0.000259344
0.000222019
0.000187082
0.000161739
0.000149805
0.000144712
0.000143117
0.000142872
0.000145746
0.000148072
0.000151184
0.000154046
0.00015704
0.000158431
0.000162816
0.000168177
0.000175545
0.000189073
0.000203985
0.000218069
0.000225425
0.000236051
0.000245981
0.000256884
0.00027337
0.000254527
0.000280025
0.00028074
0.000315536
0.000330842
0.000347019
0.000358954
0.000371152
0.000384423
0.000397652
0.000409342
0.000420011
0.000429762
0.00043819
0.000445096
0.000453215
0.000459191
0.000466351
0.000471972
0.000476663
0.000480038
0.000484554
0.000487346
0.000487419
0.000488584
0.000493691
0.000514401
0.00053039
0.000483038
0.000443229
0.000413366
0.000370229
0.000418101
0.000385322
0.000364061
0.000336374
0.000305705
0.000282579
0.000262686
0.000249162
0.00024084
0.00023544
0.000233113
0.000235208
0.000237516
0.000240682
0.000242455
0.000244117
0.000247144
0.000257364
0.000275363
0.00030088
0.000295613
0.0002978
0.000300355
0.00030628
0.000315667
0.000325795
0.000336931
0.000354381
0.00033617
0.000363223
0.000369007
0.000396867
0.000408047
0.000421601
0.000432301
0.000443304
0.000454822
0.000465895
0.000473891
0.000479285
0.000483143
0.00048716
0.000489847
0.000493359
0.000494533
0.000496888
0.000498218
0.000498993
0.000498734
0.000500363
0.00050024
0.000498094
0.000495078
0.000492467
0.000491031
0.000499081
0.000511015
0.000532088
0.000484682
0.000434112
0.00047624
0.000423959
0.000407392
0.000385368
0.000363412
0.000349662
0.000337453
0.000328731
0.000324877
0.00032418
0.000326512
0.000331739
0.000336978
0.000341384
0.000344971
0.000349128
0.00035649
0.000371826
0.000396544
0.000425275
0.000404278
0.000396623
0.000395242
0.000397225
0.000403304
0.000411541
0.000422684
0.000434962
0.000417381
0.000437726
0.000449929
0.000471573
0.000478691
0.000489628
0.000497217
0.000504813
0.000511454
0.000518571
0.000523197
0.000524096
0.000521582
0.000519973
0.000519181
0.000522843
0.000582469
0.000584411
0.000581329
0.000578109
0.000573889
0.000573101
0.000570939
0.000567351
0.000561513
0.000555197
0.000544508
0.000534598
0.000525325
0.000513688
0.000500198
0.000485414
0.000471398
0.000480858
0.000480844
0.000387712
0.000404036
0.000394596
0.0003857
0.000381274
0.000384454
0.000391652
0.000400502
0.000410141
0.000418824
0.000425679
0.000431814
0.000438458
0.000449035
0.000463661
0.000478536
0.000494014
0.000508349
0.000532237
0.000569224
0.000504879
0.000496871
0.000497862
0.000507916
0.000512904
0.000488797
0.000504521
0.000525734
0.000538557
0.000531065
0.00053849
0.000543796
0.000549072
0.000552561
0.000558739
0.000565056
0.000607852
0.000631204
0.00062029
0.000606032
0.00059584
0.000584416
0.000575692
0.000566302
0.000559374
0.00055377
0.000551633
0.000547693
0.00054365
0.000537123
0.000529672
0.000517506
0.000507116
0.000497599
0.000490153
0.000484103
0.000461201
0.000441573
0.000435943
0.000427666
0.000425921
0.000422327
0.000426227
0.000429636
0.00042999
0.00042648
0.000450972
0.000514357
0.000470894
0.000473339
0.000478227
0.000483278
0.000488437
0.000497265
0.000508079
0.000518413
0.000528919
0.0005372
0.000546017
0.000559528
0.000572669
0.000590555
0.000608932
0.000620186
0.000659422
0.000558372
0.000570356
0.000638678
0.000652966
0.000566733
0.000570189
0.000580242
0.000656419
0.000672283
0.000682733
0.000615343
0.000581687
0.000570874
0.000606423
0.000581723
0.000559399
0.000542782
0.000539431
0.000533819
0.00052762
0.0005238
0.00052375
0.000520686
0.000515888
0.000509072
0.000501242
0.000488797
0.000477218
0.000466859
0.000458047
0.000454754
0.000436146
0.000416886
0.000412567
0.000403068
0.000398219
0.000393174
0.000395096
0.000397008
0.000400339
0.000406979
0.000419936
0.000438968
0.000459844
0.000484427
0.000516954
0.000479884
0.000478534
0.000486422
0.000498853
0.000498342
0.000514062
0.000521458
0.000532537
0.000545351
0.000550409
0.000554442
0.000558102
0.000559485
0.000603196
0.000584242
0.000608446
0.00057964
0.000601323
0.000664083
0.000658792
0.000665965
0.000628204
0.000601717
0.000584644
0.000568562
0.000550677
0.000540931
0.000571607
0.000544394
0.000526557
0.000512314
0.000509661
0.000510633
0.000502486
0.00049717
0.000497264
0.000494511
0.000489496
0.000482249
0.000474189
0.000461874
0.000449699
0.000439179
0.000431841
0.000429569
0.000412788
0.000392989
0.000389539
0.000379642
0.000375754
0.00037147
0.000372434
0.000373508
0.000376656
0.000383484
0.000395459
0.000411907
0.000429788
0.000449647
0.000469521
0.000488678
0.000505955
0.000522776
0.000477862
0.000474605
0.000483749
0.000491946
0.000503239
0.000516353
0.000523943
0.000530355
0.000536983
0.000544054
0.000553145
0.000543355
0.000576089
0.000549779
0.000566068
0.000618051
0.000636609
0.0006364
0.000581128
0.000568432
0.000584252
0.000598591
0.000578903
0.000527701
0.000501713
0.000527637
0.000509394
0.000487273
0.000481841
0.000489412
0.000486116
0.000474896
0.000473624
0.000470648
0.000465027
0.000457097
0.000448758
0.000436895
0.000424806
0.000414246
0.000407423
0.000404881
0.000389776
0.000370431
0.000367718
0.000358051
0.000353972
0.000349951
0.00035067
0.000351464
0.000354625
0.000362084
0.000374001
0.000389258
0.000405989
0.000423477
0.000441841
0.000460409
0.000478801
0.000497326
0.000470162
0.00044839
0.000454021
0.00046187
0.000474075
0.000486163
0.000494082
0.000501364
0.00050933
0.000515624
0.000522928
0.000516053
0.000573413
0.000561975
0.000546586
0.000558671
0.000604598
0.000601707
0.000599744
0.000539447
0.000517953
0.000500978
0.000485901
0.000465126
0.000444496
0.000430399
0.000421993
0.000416976
0.000465779
0.000462084
0.000466241
0.000461409
0.000454678
0.000449586
0.000443309
0.000435248
0.000426511
0.000414775
0.000403175
0.000392685
0.000385754
0.000382251
0.000368358
0.000351037
0.00034875
0.000339137
0.000334791
0.000331148
0.000331647
0.000332295
0.00033535
0.000342861
0.000354525
0.000368877
0.000383677
0.000398547
0.000414112
0.000429646
0.000445164
0.000464427
0.000480604
0.000425512
0.000428223
0.000436239
0.000445937
0.000457961
0.000466848
0.000475564
0.000483873
0.000488295
0.000494068
0.000489833
0.000574658
0.000561088
0.000553823
0.000512641
0.000561665
0.000529695
0.000512583
0.000492697
0.000477786
0.00046153
0.000445116
0.000427566
0.000411744
0.000398877
0.000389092
0.00037912
0.000375161
0.000386946
0.000439486
0.000441538
0.000440328
0.000433586
0.000426455
0.000418561
0.000408327
0.000395334
0.00038393
0.000373897
0.000367074
0.000362702
0.000349888
0.000334997
0.000332774
0.000323435
0.000319145
0.0003158
0.000316004
0.000316405
0.000319227
0.000326625
0.000337885
0.000351175
0.000364622
0.000377894
0.000391419
0.000404759
0.000418211
0.00043432
0.000453906
0.000423023
0.000406123
0.00041223
0.000422301
0.000434057
0.000444173
0.000453436
0.000459642
0.00046145
0.000466609
0.000463149
0.000549359
0.000532941
0.000547919
0.000486334
0.000489376
0.000476319
0.000468048
0.000456103
0.000445313
0.000431659
0.000416358
0.000400506
0.000386948
0.000375426
0.000366248
0.000357034
0.000351581
0.00035188
0.000356818
0.000418472
0.00041926
0.000418917
0.000411839
0.000402139
0.000391299
0.000379669
0.000367897
0.000357353
0.000350973
0.000346267
0.00033454
0.000321866
0.000319597
0.000310746
0.000306679
0.000303584
0.00030346
0.000303609
0.00030625
0.000313528
0.000324334
0.00033667
0.000349019
0.000361048
0.000372973
0.000384379
0.000395623
0.000408646
0.000424397
0.000444216
0.000403261
0.000396856
0.000406604
0.000414619
0.000425894
0.000432494
0.000434554
0.000435249
0.000441649
0.000438311
0.000464126
0.000512466
0.000521129
0.000467259
0.000455897
0.00044538
0.000438011
0.000427882
0.000419022
0.000407387
0.000393555
0.000379082
0.000366845
0.000356312
0.000347718
0.000339067
0.000333545
0.000332149
0.000331373
0.000335105
0.000357255
0.000405488
0.000397307
0.000384845
0.000374799
0.000364165
0.000352641
0.000343204
0.000337149
0.000332353
0.000321829
0.000310692
0.00030847
0.000300289
0.000296555
0.000293685
0.000293246
0.000293206
0.00029577
0.000302937
0.000313291
0.000324805
0.000336233
0.000347243
0.000357885
0.000367748
0.000377218
0.000387866
0.000400501
0.000415876
0.000434107
0.000443436
0.000426293
0.000407698
0.000407393
0.00041022
0.000411829
0.000411855
0.000420082
0.000417185
0.000432675
0.000487408
0.000486876
0.000471283
0.000431293
0.000420537
0.000413966
0.000405203
0.000397667
0.000387498
0.000374837
0.000361347
0.000349938
0.000340095
0.000331939
0.000323772
0.000318395
0.000316373
0.00031472
0.000313286
0.000312256
0.000316617
0.000330987
0.000372537
0.000357994
0.000347602
0.000338936
0.000330093
0.0003245
0.000320023
0.000310825
0.000300479
0.000298383
0.000291121
0.000287856
0.000285178
0.000284477
0.000284336
0.0002869
0.000293972
0.000303941
0.00031479
0.000325455
0.000335618
0.000345235
0.000353924
0.000362089
0.000371082
0.000381619
0.000393675
0.000406987
0.00042108
0.000436259
0.000445822
0.000389145
0.000390353
0.000393418
0.000393229
0.000401242
0.000399009
0.000419451
0.000445591
0.000449488
0.000455425
0.000406212
0.000396471
0.000390888
0.000383362
0.00037683
0.000367672
0.00035586
0.00034312
0.000332333
0.000323021
0.000315185
0.000307423
0.000302097
0.000299725
0.000297725
0.000295864
0.000295452
0.000295803
0.000298419
0.000315021
0.000349498
0.000333736
0.000324274
0.000316583
0.000312507
0.000308409
0.000300644
0.000291196
0.000289224
0.000282328
0.00027966
0.000277182
0.000276262
0.000275919
0.000278235
0.000285304
0.000295268
0.000305765
0.000315846
0.000325306
0.000334086
0.00034188
0.000349112
0.000356956
0.000365973
0.000375869
0.000386461
0.000397324
0.000410008
0.000426615
0.000399948
0.000373694
0.000377654
0.000378906
0.000383897
0.000380505
0.000396207
0.000425031
0.00042505
0.000410845
0.000387645
0.000379881
0.000374999
0.000367999
0.00036174
0.000353316
0.00034248
0.000330371
0.000319964
0.000311092
0.000303565
0.000296097
0.000291145
0.000288546
0.000286857
0.000285487
0.000279204
0.000278249
0.000279727
0.000282398
0.000341364
0.000325389
0.000312656
0.00030443
0.000301268
0.000297959
0.000291478
0.000278311
0.000276823
0.000273988
0.000271141
0.000268641
0.000267079
0.000265923
0.00026823
0.000275578
0.000285972
0.000296769
0.000306577
0.000315473
0.000323566
0.000330666
0.000337211
0.000344233
0.000352109
0.000360657
0.000369692
0.000378792
0.000389148
0.00040098
0.000416364
0.000367663
0.000365475
0.000365206
0.000364166
0.000362356
0.0003646
0.000406987
0.000411929
0.000387568
0.000367473
0.000361439
0.000357071
0.000350469
0.000344449
0.000336345
0.000326128
0.00031463
0.000304477
0.000295795
0.000288385
0.000281127
0.000276199
0.000273455
0.000271728
0.000271341
0.000269804
0.00026866
0.000263192
0.000263988
0.000271534
0.000312955
0.00029886
0.000288161
0.000285814
0.00028333
0.000277908
0.000269564
0.000269798
0.000259868
0.000262051
0.000258655
0.000256767
0.000256421
0.000259603
0.000267029
0.000277092
0.00028809
0.000297873
0.000306308
0.000313808
0.000320324
0.000326361
0.000332854
0.000340105
0.000347709
0.00035512
0.000362891
0.000371459
0.000379887
0.000388778
0.000402675
0.000413015
0.000354108
0.000347035
0.000344486
0.000354723
0.000398245
0.000399025
0.000363063
0.000348989
0.000343928
0.000339576
0.000333073
0.000326974
0.000319078
0.000309379
0.000298068
0.000288038
0.000279436
0.000272134
0.000265023
0.000260122
0.000257312
0.000255626
0.000254519
0.000253378
0.00025746
0.00025963
0.000254694
0.000255136
0.000295216
0.000292997
0.000280504
0.000277328
0.000274338
0.000270557
0.00025494
0.000255909
0.000249123
0.000243459
0.000241795
0.000241191
0.000241936
0.000245855
0.000253512
0.000263152
0.000273788
0.00028439
0.000293011
0.000300253
0.000306584
0.0003125
0.000318615
0.000325442
0.000332299
0.000338661
0.000345398
0.000352878
0.000359694
0.000365875
0.00037352
0.000384887
0.000395227
0.00032724
0.000325182
0.000336474
0.00034488
0.000389614
0.000339096
0.000331561
0.000326909
0.000322363
0.000315697
0.000309298
0.000301633
0.000292185
0.000281141
0.000271244
0.00026269
0.000255463
0.000248514
0.000243615
0.000240712
0.000239024
0.000237815
0.000236288
0.000236753
0.000235968
0.000234958
0.000233142
0.000231373
0.000274987
0.000266485
0.00026077
0.000257768
0.000254761
0.0002369
0.00023876
0.000233382
0.000231741
0.000231353
0.000231536
0.000233223
0.000237617
0.000245155
0.000254402
0.000264577
0.000274803
0.000282921
0.000289715
0.000295762
0.000301434
0.000306978
0.000313188
0.000319448
0.000325054
0.000330594
0.000337129
0.000342857
0.00034708
0.000350938
0.000356931
0.000357331
0.000368628
0.000314398
0.000316305
0.000312608
0.000376377
0.000338521
0.00031745
0.000311712
0.000305032
0.000298134
0.000291209
0.000283577
0.000274348
0.000263612
0.000253817
0.000245333
0.000238158
0.000231403
0.000226497
0.000223516
0.000221854
0.000220565
0.000219065
0.000218991
0.000217785
0.000216551
0.000214246
0.000210769
0.000209125
0.000249112
0.000242178
0.000238446
0.000236664
0.000217124
0.00021931
0.000215872
0.000214818
0.000214996
0.000215751
0.000218113
0.000223002
0.000230703
0.000239848
0.000249699
0.000260033
0.000268494
0.000275308
0.000281439
0.000287181
0.000292715
0.000298736
0.000304728
0.000310077
0.000315163
0.000320938
0.000325767
0.00032901
0.000331663
0.00033494
0.000335485
0.000338296
0.000353322
0.000299029
0.000302296
0.000351503
0.000354625
0.000355538
0.000298597
0.000289893
0.000281368
0.000273215
0.000265449
0.000256164
0.000245662
0.000236051
0.000227649
0.00022053
0.000213931
0.000209022
0.000205936
0.000204219
0.000202826
0.000201391
0.00020109
0.000199777
0.000198407
0.000195999
0.000192307
0.000188218
0.000185361
0.000224187
0.000218304
0.00021729
0.000196966
0.000199275
0.00019682
0.000196436
0.000197058
0.000198194
0.000201082
0.000206314
0.000213974
0.000222956
0.000232426
0.000242528
0.000251577
0.000258655
0.00026505
0.000270945
0.000276574
0.000282576
0.000288426
0.000293643
0.000298487
0.000303758
0.000307922
0.000310596
0.000312609
0.000315237
0.000316712
0.000318566
0.000325385
0.000343843
0.000337074
0.000327862
0.000327234
0.000323715
0.000327307
0.000304678
0.000262296
0.000261683
0.000248211
0.00023823
0.000227754
0.000218311
0.000209945
0.000202871
0.000196349
0.000191414
0.000188161
0.000186326
0.000184764
0.000183381
0.000182896
0.000181533
0.000180102
0.000177691
0.000174156
0.000169795
0.000165145
0.00016528
0.000167918
0.000194341
0.000176656
0.000178154
0.000177258
0.000177297
0.000178187
0.000179628
0.000182869
0.000188301
0.000195753
0.00020438
0.000213376
0.000222877
0.000232482
0.000240069
0.000246934
0.000253084
0.00025895
0.000265102
0.000270964
0.000276165
0.000280955
0.000285971
0.00028974
0.000292149
0.000293962
0.000296323
0.000298423
0.000300045
0.000303768
0.000311012
0.000307329
0.000304865
0.000303409
0.000299316
0.000299123
0.000300133
0.000299051
0.000240869
0.000238996
0.000222772
0.000210348
0.000200963
0.000192516
0.000185467
0.000178975
0.000173955
0.000170518
0.000168517
0.000166716
0.000165294
0.000164649
0.000163213
0.000161769
0.000159341
0.00015604
0.000151833
0.000147415
0.000146153
0.000143852
0.000148256
0.000159022
0.000156842
0.000157248
0.00015741
0.000158489
0.000160279
0.000163843
0.000169404
0.000176598
0.000184774
0.000193244
0.000201981
0.000211471
0.000219746
0.000226982
0.000233469
0.000239579
0.000245977
0.000252007
0.00025732
0.000262198
0.000267155
0.000270797
0.000273216
0.000275107
0.000277396
0.000280092
0.00028165
0.000283355
0.000287678
0.00028384
0.000282857
0.000281097
0.000276682
0.00027533
0.000274009
0.000270181
0.000268603
0.000225897
0.000202442
0.000194372
0.000184319
0.000175671
0.00016854
0.000162055
0.000157008
0.000153486
0.000151294
0.000149305
0.000147825
0.000146915
0.000145398
0.00014392
0.000141477
0.000138339
0.000134281
0.00013049
0.000129451
0.000126937
0.000128836
0.000122234
0.000137504
0.000137584
0.000138234
0.000139288
0.000141209
0.000144863
0.000150334
0.000157099
0.000164742
0.000172713
0.000180908
0.000189658
0.000198398
0.000205843
0.000212462
0.000218783
0.000225333
0.000231514
0.000237013
0.000242081
0.000247117
0.000250827
0.000253475
0.000255566
0.000257961
0.000261227
0.000262896
0.000263256
0.000266235
0.000262019
0.000261356
0.000259468
0.000254711
0.000252668
0.000250427
0.000245653
0.000241916
0.000239513
0.000186786
0.000176298
0.000168779
0.000159742
0.00015249
0.000146074
0.000141143
0.000137693
0.000135459
0.000133438
0.000131918
0.000130728
0.00012903
0.000127435
0.000125041
0.000122119
0.000118332
0.00011516
0.000114599
0.000112658
0.000112742
0.000105013
0.000123542
0.000121528
0.000122153
0.000123095
0.000124896
0.000128147
0.00013299
0.00013883
0.000145416
0.000152575
0.000160159
0.000168191
0.000176788
0.000184553
0.000191116
0.000197392
0.000203904
0.000210018
0.000215577
0.00022077
0.000225911
0.000229783
0.000232741
0.000235092
0.000237714
0.000241654
0.00024344
0.000242769
0.000245191
0.000240629
0.00024
0.000238041
0.000232944
0.000230452
0.000227714
0.000222504
0.000218007
0.000214723
0.000208753
0.000158942
0.000151195
0.000144387
0.000137892
0.000131759
0.000127163
0.000123956
0.000121864
0.000119965
0.000118507
0.000117183
0.000115353
0.000113681
0.000111477
0.000109004
0.000105854
0.000103368
0.000103001
0.000101666
0.000101622
9.55218e-05
0.000118425
0.000109847
0.000109653
0.000110664
0.000112232
0.000115001
0.000119011
0.000123782
0.000128922
0.000134706
0.00014111
0.000148163
0.000155963
0.000163932
0.000170433
0.000176582
0.000182925
0.000188813
0.000194191
0.000199343
0.000204384
0.000208303
0.000211456
0.000214004
0.00021684
0.000221412
0.000223364
0.0002219
0.000224125
0.000219433
0.000218769
0.000216774
0.000211449
0.000208693
0.000205763
0.000200487
0.000195763
0.000192162
0.000186667
0.000150024
0.00013402
0.000129773
0.000125015
0.000119612
0.000115556
0.000112715
0.000110859
0.000109205
0.000107983
0.000106814
0.000105185
0.00010358
0.000101674
9.9622e-05
9.70595e-05
9.51415e-05
9.49576e-05
9.40637e-05
9.40201e-05
8.9455e-05
9.49625e-05
0.000102017
0.000101249
0.000101722
0.000102271
0.000104755
0.000108099
0.000112062
0.000115922
0.000120424
0.000125516
0.000131205
0.000137791
0.000145142
0.000151387
0.00015721
0.00016325
0.000168887
0.000174046
0.000179084
0.000183913
0.000187677
0.000190868
0.000193435
0.000196351
0.000201317
0.000203369
0.000201299
0.000203475
0.000199034
0.000198339
0.00019639
0.000191092
0.000188245
0.000185372
0.000180327
0.000175665
0.000172079
0.000166571
0.000167295
0.000121321
0.000117575
0.000114214
0.000110058
0.000106681
0.000104236
0.000102613
0.000101224
0.000100215
9.93194e-05
9.80245e-05
9.66073e-05
9.49169e-05
9.31421e-05
9.09228e-05
8.9364e-05
8.92957e-05
8.86879e-05
8.86845e-05
8.51111e-05
8.77527e-05
9.62832e-05
9.5061e-05
9.54775e-05
9.61811e-05
9.81415e-05
0.000100069
0.000102689
0.000105796
0.00010949
0.000113794
0.000118305
0.00012365
0.000129823
0.000135381
0.000140619
0.000146018
0.000151163
0.000155998
0.000160841
0.000165436
0.000169048
0.000172185
0.000174801
0.000177708
0.000182787
0.000184841
0.000182403
0.000184555
0.000180581
0.000179937
0.000178153
0.000173152
0.000170429
0.0001677
0.000163028
0.00015869
0.000155254
0.000150043
0.00014904
0.000115995
0.000106466
0.000105974
0.000103233
0.000100539
9.84095e-05
9.69338e-05
9.56893e-05
9.4791e-05
9.41111e-05
9.30458e-05
9.17561e-05
9.02434e-05
8.8644e-05
8.66534e-05
8.54377e-05
8.54303e-05
8.48192e-05
8.47632e-05
8.19101e-05
8.34297e-05
9.22495e-05
9.05097e-05
9.05549e-05
9.13175e-05
9.3218e-05
9.51578e-05
9.72685e-05
9.80639e-05
0.000101634
0.000105423
0.000109239
0.000113833
0.000118889
0.000123389
0.000128013
0.000132851
0.000137351
0.000141715
0.000146127
0.000150289
0.000153617
0.000156641
0.000159285
0.00016214
0.000167248
0.000169272
0.000166763
0.000168883
0.000165449
0.000164881
0.000163385
0.000158922
0.000156494
0.000154076
0.000149951
0.000146119
0.000143064
0.00013838
0.000136315
0.00011536
0.000100743
9.82288e-05
9.90728e-05
9.69539e-05
9.49456e-05
9.34542e-05
9.22563e-05
9.1387e-05
9.06393e-05
8.96139e-05
8.8518e-05
8.7161e-05
8.56228e-05
8.37417e-05
8.27648e-05
8.28025e-05
8.22351e-05
8.18947e-05
8.05397e-05
8.06546e-05
9.17281e-05
8.83003e-05
8.76518e-05
8.83486e-05
9.0219e-05
9.204e-05
9.38356e-05
9.529e-05
9.59663e-05
0.000100043
0.000103826
0.000108011
0.000112138
0.000115877
0.000120029
0.000124471
0.000128368
0.000132365
0.000136297
0.000139898
0.000142947
0.000145798
0.000148355
0.000151084
0.000156065
0.000158152
0.000155836
0.000157868
0.000155065
0.000154598
0.00015337
0.000149515
0.000147464
0.000145369
0.0001419
0.00013867
0.000136072
0.000132049
0.00012972
0.000131724
9.89494e-05
9.5629e-05
9.77668e-05
9.57869e-05
9.3729e-05
9.1815e-05
9.05637e-05
8.94779e-05
8.86023e-05
8.75749e-05
8.65494e-05
8.52752e-05
8.36845e-05
8.18196e-05
8.10688e-05
8.10322e-05
8.02697e-05
8.01377e-05
7.94122e-05
7.84981e-05
7.8156e-05
8.83094e-05
8.75637e-05
8.83334e-05
9.05877e-05
9.08326e-05
9.34165e-05
0.0001019
0.000107078
0.000100013
0.000104359
0.000106239
0.000109775
0.000112869
0.000117657
0.000121972
0.000125502
0.000129124
0.000132707
0.000136108
0.000138866
0.000139715
0.000144037
0.00014676
0.000151423
0.000153323
0.000151527
0.00015343
0.00015132
0.000150755
0.000149914
0.000146484
0.000144696
0.000142855
0.000140028
0.000137248
0.000135119
0.000131778
0.000130097
0.000145342
0.000148098
0.000101959
0.00012713
0.000125357
0.000123754
0.00011975
9.23413e-05
9.05943e-05
8.94941e-05
8.80298e-05
8.66848e-05
8.50034e-05
8.312e-05
8.12968e-05
8.07823e-05
8.03101e-05
7.88742e-05
7.91037e-05
7.85524e-05
7.75855e-05
7.54688e-05
7.48281e-05
7.39826e-05
7.45149e-05
7.46487e-05
7.61056e-05
7.87402e-05
7.97632e-05
8.32191e-05
8.6041e-05
8.81108e-05
9.18905e-05
9.65349e-05
0.000103907
0.000130511
0.000145458
0.000130227
0.000137673
0.000142778
0.000150137
0.000136966
0.00013882
0.000142052
0.000144933
0.000149061
0.000151093
0.000149718
0.000151541
0.000151897
0.000151111
0.00014859
0.000145319
0.000157703
0.000156386
0.00015481
0.00015344
0.000152132
0.000150012
0.000148253
0.000123535
0.000142219
0.000121103
0.000143838
0.000126018
0.000124502
9.27188e-05
0.000121123
8.9737e-05
8.92133e-05
8.78103e-05
8.6485e-05
0.000114728
0.000112074
8.47462e-05
8.29122e-05
8.14523e-05
7.94105e-05
7.90299e-05
7.84859e-05
7.57028e-05
7.48572e-05
7.33608e-05
7.29151e-05
7.3716e-05
7.6528e-05
8.85201e-05
9.52064e-05
0.000101566
0.000106901
0.000112117
0.000116833
0.000122059
0.00012711
0.000132387
0.000160513
0.000156086
0.000153756
0.000157285
0.000159749
0.000163323
0.000165457
0.000165674
0.000168126
0.000169213
0.000172735
0.000172955
0.000172908
0.000172198
0.000176023
0.00017026
0.000170793
0.000169112
0.000169288
0.000167792
0.000167811
0.000168247
0.000168688
0.00016917
0.000168989
0.000167003
0.000166297
0.000163319
0.000160935
0.000155916
0.0001361
0.000128317
0.000123123
0.000118686
0.000115142
8.74426e-05
8.48549e-05
8.42678e-05
8.37399e-05
8.33179e-05
8.27888e-05
8.12908e-05
7.93765e-05
7.87261e-05
9.79798e-05
9.87199e-05
0.000101796
0.000103721
0.000105766
0.000108939
0.000117532
0.000125813
0.000134566
0.000145283
0.000159758
0.000190139
0.000195134
0.00020365
0.000210944
0.000215343
0.000219268
0.000224076
0.000225464
0.000226918
0.000226875
0.000228383
0.00023029
0.000230074
0.000233568
0.000234876
0.000236637
0.00023606
0.000238654
0.000236996
0.000242518
0.000235228
0.000236812
0.000235989
0.000236586
0.000235545
0.000236685
0.000238362
0.00023989
0.000241687
0.000242741
0.000242209
0.000241931
0.000238436
0.000236746
0.000231637
0.000207774
0.000188769
0.000173976
0.000162039
0.000154599
0.000148224
0.000141102
0.000135221
0.000129319
0.000122853
0.000117042
0.000111144
0.000104496
9.82234e-05
0.000141319
0.000145458
0.000154815
0.000162112
0.000169998
0.000178011
0.000190087
0.000202992
0.00021872
0.000239323
0.000278109
0.000276814
0.000279721
0.000283668
0.000288832
0.000293525
0.000296993
0.000299103
0.00029912
0.00029916
0.000300275
0.00030139
0.000303215
0.000303639
0.000306638
0.000308537
0.000308902
0.000307923
0.000311238
0.000311797
0.000316905
0.000310426
0.000311539
0.000309959
0.000309653
0.000308675
0.000309022
0.000309554
0.000310131
0.000310651
0.000311818
0.000312834
0.000316266
0.000324244
0.000364278
0.000303443
0.000283003
0.000266608
0.000255636
0.000248898
0.000243198
0.000231937
0.000219102
0.000208005
0.0001965
0.000182612
0.000167293
0.000154994
0.00014527
0.000140764
0.000234051
0.000237551
0.000245106
0.000249787
0.000254696
0.000259211
0.000266531
0.000275197
0.00028649
0.000299123
0.000315987
0.00034315
0.000370059
0.000359226
0.000357759
0.000358911
0.000358996
0.000359976
0.000360355
0.000358682
0.000360776
0.000362377
0.000364339
0.000365772
0.00036862
0.000370184
0.000370256
0.000368126
0.00036995
0.000371188
0.000375579
0.000369987
0.000370375
0.000367526
0.000365572
0.000363625
0.000362286
0.000360758
0.000359135
0.000357407
0.000357394
0.00035909
0.00036654
0.000389017
0.000379216
0.000354209
0.000335897
0.00032157
0.000314141
0.000310302
0.000305036
0.00029342
0.000282311
0.000273831
0.000266805
0.000259374
0.000249953
0.00024224
0.000234758
0.000232127
0.000297045
0.000297506
0.000300407
0.0003016
0.000303165
0.000304952
0.000309049
0.000315053
0.000323994
0.000334143
0.000346117
0.00036056
0.000376861
0.000401399
0.000413355
0.000399149
0.000396183
0.000398729
0.000400344
0.00039893
0.000399886
0.000399994
0.000401133
0.000402674
0.000404795
0.000404667
0.000404213
0.000400915
0.000399543
0.000399147
0.00040286
0.000397337
0.000396377
0.000392302
0.000388413
0.000384771
0.000381621
0.000378355
0.00037547
0.000373405
0.000374362
0.000380345
0.000403562
0.000393765
0.000370389
0.000354121
0.000336702
0.000327117
0.000323715
0.000321996
0.000317826
0.000310907
0.000305687
0.000303546
0.000304315
0.000304724
0.00030244
0.000299912
0.000296081
0.000295397
0.000320685
0.000320111
0.000321008
0.000320282
0.000319954
0.000320405
0.000322907
0.000327464
0.000335151
0.000344675
0.000355549
0.00036775
0.000380448
0.000396816
0.000445039
0.000414248
0.00040596
0.000402016
0.000408511
0.000415252
0.000416691
0.000412304
0.000411158
0.000411737
0.00041302
0.000412039
0.000411813
0.000408456
0.000404241
0.000401004
0.000403984
0.00039827
0.000394855
0.000388957
0.000382765
0.000376577
0.000371717
0.000389423
0.000390805
0.000391341
0.000392395
0.000400653
0.000345692
0.000330295
0.000322977
0.000315434
0.000305895
0.000284892
0.000285734
0.000283464
0.000276653
0.000292892
0.000296533
0.000283827
0.000295277
0.000305697
0.000313624
0.00031652
0.000316371
0.000318325
0.000311574
0.000313486
0.000315385
0.000314868
0.000314583
0.000314321
0.000315387
0.000318059
0.000323661
0.000332189
0.000342878
0.000357538
0.000410683
0.00041294
0.000409506
0.000410955
0.000413548
0.000414645
0.000418659
0.000428436
0.000441284
0.000440391
0.00044146
0.000443912
0.000446238
0.000446393
0.000447446
0.000445756
0.000437717
0.000430685
0.000431442
0.000427585
0.000419256
0.000409445
0.000399335
0.000389195
0.000381155
0.000375174
0.000370691
0.000366437
0.000362418
0.000367671
0.000322238
0.000306283
0.000288443
0.000282503
0.000272665
0.000273154
0.000271029
0.000268104
0.000264471
0.000260344
0.0002747
0.000277532
0.000283015
0.000290401
0.00029454
0.000297043
0.00029748
0.000305249
0.000292918
0.000296138
0.000297604
0.00029653
0.000295828
0.00029567
0.00029716
0.000300421
0.000306182
0.000314091
0.000321661
0.000327799
0.000334397
0.000343706
0.000386953
0.00040196
0.000404057
0.000403973
0.000403554
0.000404105
0.00040951
0.00041042
0.000414525
0.000417259
0.00041841
0.000417848
0.000418413
0.000417689
0.00041036
0.000404745
0.00040617
0.00040208
0.000393413
0.000383886
0.000374789
0.000366309
0.000359417
0.000353962
0.000349692
0.000346196
0.000345197
0.000327533
0.000295446
0.000282064
0.000275724
0.000270167
0.000259847
0.000257796
0.000254069
0.000249675
0.000246032
0.00024205
0.000239151
0.00025778
0.000263371
0.000270574
0.000275147
0.00027773
0.000278305
0.000286062
0.000274686
0.000276557
0.00027768
0.000276882
0.00027622
0.000275772
0.000277011
0.00027987
0.000284571
0.000290476
0.000296231
0.000301454
0.000306119
0.000310194
0.000315747
0.000324593
0.000348604
0.000388718
0.000391991
0.000387108
0.000384935
0.000382049
0.000387725
0.000392175
0.000393236
0.000392607
0.00039305
0.000392555
0.000385663
0.000382808
0.000384618
0.000380443
0.00037091
0.000361966
0.000353307
0.000345446
0.000338986
0.000333595
0.000329239
0.000326908
0.000330393
0.000280509
0.000268224
0.000270705
0.000267636
0.000256386
0.000245713
0.000243195
0.000239219
0.000234248
0.000230169
0.000226864
0.000226693
0.000225609
0.00024521
0.000252361
0.000256787
0.000259436
0.000260192
0.000268071
0.000257319
0.000258627
0.000259768
0.000259227
0.000258773
0.000258637
0.000260116
0.000262638
0.000266836
0.000271978
0.000277095
0.000281951
0.000286203
0.000289515
0.000293368
0.000298778
0.000307657
0.000344753
0.000372795
0.000366542
0.000368181
0.000366037
0.000362789
0.000365099
0.000366828
0.000368435
0.000368755
0.000367602
0.000365214
0.000364653
0.000364713
0.000360607
0.000350958
0.000342397
0.000333881
0.000327291
0.000322349
0.000318115
0.000314851
0.000316591
0.000283377
0.000261721
0.000265055
0.00026474
0.000259104
0.000245606
0.000233522
0.000231079
0.000230255
0.000222946
0.000216624
0.000213374
0.000214393
0.000217156
0.000228041
0.000235542
0.000241212
0.000233041
0.000245163
0.000253111
0.000237458
0.0002413
0.000243228
0.000242512
0.000242445
0.000243201
0.000246997
0.000248045
0.000251468
0.000256165
0.000260983
0.000265617
0.000269766
0.000273144
0.000276263
0.000280259
0.000286065
0.000295883
0.000349655
0.000353078
0.000351887
0.000352926
0.00035131
0.000349792
0.000350564
0.000350012
0.000348579
0.000345365
0.00034489
0.000348106
0.000348568
0.000343793
0.000334543
0.000326056
0.000317836
0.000312251
0.000307163
0.000308103
0.000309835
0.000308138
0.000304103
0.000314821
0.000277125
0.000262137
0.000252824
0.000238597
0.000227455
0.000231181
0.00022485
0.000205654
0.00020256
0.000205153
0.000209381
0.000214265
0.000220791
0.000227172
0.000230976
0.000232151
0.000231244
0.000237034
0.000225265
0.000227791
0.000231956
0.000230638
0.00023147
0.000232119
0.000234498
0.000236158
0.000238204
0.000242889
0.000247517
0.000251923
0.000256008
0.000259089
0.000262267
0.000265905
0.0002708
0.000277277
0.000298409
0.000342017
0.000340704
0.000335923
0.000334027
0.000335024
0.000336712
0.000336609
0.000334831
0.000332279
0.000328139
0.00033236
0.000335844
0.000331001
0.000317389
0.000309258
0.0003014
0.000297094
0.000297923
0.000301653
0.000305713
0.000299885
0.000278814
0.000291684
0.000268801
0.000256421
0.000247486
0.000234714
0.000228946
0.000226101
0.000200669
0.00018955
0.000200018
0.00020078
0.000202461
0.000205466
0.000210801
0.000216675
0.000220083
0.000220446
0.000213297
0.000219971
0.000215081
0.00021854
0.000220372
0.000221359
0.000221691
0.000222147
0.000223678
0.000225511
0.000227657
0.000232136
0.000236935
0.000241001
0.000244903
0.000247359
0.000249713
0.000253486
0.000257391
0.000261494
0.000268926
0.000323312
0.000329067
0.000323977
0.000321022
0.000320122
0.000320352
0.000322114
0.00032291
0.000321944
0.000318445
0.0003181
0.000322962
0.000322877
0.000304011
0.000289789
0.000285441
0.000291185
0.000293308
0.000291314
0.000285324
0.000285102
0.000283425
0.000269741
0.000256599
0.000247028
0.000239864
0.000228856
0.000222753
0.000212888
0.000191689
0.000193733
0.000195147
0.000193855
0.000195085
0.000197368
0.000201986
0.00020731
0.000210092
0.000207847
0.000205334
0.000211761
0.000207013
0.000210596
0.000213653
0.000212444
0.00021401
0.000214119
0.000215259
0.000216356
0.000218961
0.000223576
0.000227939
0.000232071
0.000235717
0.000237657
0.000240106
0.000243509
0.000246789
0.000250051
0.000255895
0.000309779
0.000312609
0.00031068
0.000307948
0.000307416
0.000307143
0.000309827
0.000308612
0.000300587
0.000291814
0.000302316
0.000305815
0.000317831
0.000305782
0.000316702
0.000284413
0.000297164
0.00029189
0.000282833
0.000267544
0.000284855
0.000266947
0.000251791
0.000243174
0.00023556
0.00023117
0.000223886
0.000218164
0.000208764
0.000193425
0.000189684
0.000187412
0.000186941
0.000187651
0.000189505
0.000194054
0.000199074
0.000201738
0.000193638
0.000196696
0.000203522
0.000204048
0.000213642
0.000212286
0.000209926
0.000207323
0.0002065
0.000209906
0.000212206
0.000214092
0.000218126
0.000222084
0.000225773
0.0002291
0.000230604
0.000232871
0.000235843
0.000238648
0.000241186
0.000248528
0.000303105
0.000297911
0.000295555
0.00029323
0.000291897
0.000290735
0.000288067
0.000270157
0.000278122
0.000292954
0.00030328
0.000310397
0.000264351
0.00026607
0.000245047
0.000253926
0.000243583
0.000235768
0.000230925
0.000227988
0.000235861
0.000239492
0.000234954
0.000231049
0.000227655
0.000226502
0.000219619
0.000214369
0.000207487
0.000190862
0.000185616
0.00018313
0.000181534
0.000181298
0.000182519
0.000187426
0.000191756
0.000192401
0.000183883
0.000192096
0.000199016
0.000196873
0.000196733
0.000196531
0.000195348
0.000193321
0.000196194
0.000201222
0.000204301
0.000204469
0.000207865
0.000211765
0.000216002
0.000218721
0.000220391
0.000222973
0.0002259
0.000228473
0.000230595
0.000235194
0.000241446
0.000292302
0.000283281
0.000278304
0.00027578
0.000278266
0.00027341
0.000275692
0.000294333
0.000295113
0.000293312
0.000296109
0.000307852
0.000319714
0.000260232
0.000244996
0.000268533
0.000250776
0.000243104
0.000236077
0.000230922
0.000228758
0.000225576
0.000222053
0.000220462
0.00021967
0.000211913
0.000203821
0.000193437
0.000183471
0.000178701
0.000172616
0.000170127
0.000170307
0.000173162
0.00017804
0.000181994
0.000181584
0.000174611
0.000179187
0.000188822
0.000235483
0.00023714
0.00023858
0.000239766
0.000241864
0.00021131
0.000209713
0.000216429
0.000255405
0.000224298
0.000221515
0.000223211
0.000225884
0.000231502
0.000273201
0.000274727
0.000273956
0.000273572
0.000233959
0.000228338
0.00023505
0.000275331
0.000268184
0.000264421
0.000263876
0.000254858
0.000279749
0.000285471
0.000283872
0.000283929
0.000285039
0.000288893
0.000258913
0.000258112
0.000255424
0.000229728
0.000220828
0.000216355
0.000212632
0.000208739
0.000207617
0.000204519
0.000198164
0.000203682
0.000204837
0.000199937
0.000192486
0.000187829
0.000183266
0.000176581
0.000169546
0.000167424
0.000168279
0.000170921
0.000174756
0.000174685
0.000175808
0.000178739
0.000185467
0.000198071
0.000207097
0.000232314
0.000232572
0.000233661
0.000235983
0.000209232
0.000199452
0.000204194
0.000206875
0.000213374
0.000212364
0.000213395
0.000215441
0.000219723
0.000235823
0.000264664
0.000261298
0.000257716
0.000255128
0.000257818
0.000252206
0.00024268
0.00023886
0.000237641
0.000241289
0.000285374
0.000235026
0.000240195
0.000280817
0.000278027
0.000278585
0.000281966
0.000251671
0.000254596
0.000256198
0.000224965
0.000213526
0.00020925
0.000205973
0.000202243
0.000193553
0.000193202
0.000191566
0.000192228
0.00019172
0.000186299
0.000179265
0.000176115
0.00017029
0.000163653
0.000159561
0.000158193
0.000159757
0.00016223
0.000165963
0.000166836
0.000166394
0.000172252
0.000174255
0.000184705
0.000186179
0.000225424
0.000225512
0.00022608
0.000227151
0.000228158
0.000231549
0.000235351
0.000239248
0.000242321
0.000246344
0.000249209
0.000250655
0.000251748
0.000251882
0.000250824
0.000249538
0.00024745
0.000246053
0.000244429
0.000245029
0.00024711
0.000245595
0.000240959
0.000247014
0.000220792
0.000223764
0.000222442
0.000220977
0.000228619
0.000228537
0.000221178
0.000223497
0.000242283
0.000229088
0.000210286
0.000202127
0.000197593
0.000193618
0.000189356
0.000186868
0.000182752
0.000177718
0.000172394
0.000171581
0.000163382
0.000162025
0.000162609
0.000157532
0.000153521
0.000150667
0.000149284
0.000150867
0.000153003
0.000157026
0.000158967
0.000159326
0.00016695
0.000169161
0.000177573
0.00018185
0.000217153
0.000217092
0.000217476
0.000217976
0.000218765
0.000221289
0.000224214
0.000227582
0.000229224
0.000235399
0.000237063
0.000238396
0.000238821
0.000238959
0.000238757
0.000238428
0.000237395
0.000237089
0.000236561
0.000236028
0.000235444
0.000232924
0.000226982
0.000226963
0.000256268
0.00021025
0.000209753
0.000207244
0.000208488
0.000208756
0.000207593
0.000207603
0.00020899
0.000205566
0.000196733
0.000190056
0.000185884
0.00018186
0.000177648
0.000174466
0.000170261
0.000165281
0.000160078
0.000155048
0.000148219
0.000143091
0.000149663
0.000146511
0.000144544
0.000142611
0.000141071
0.000142704
0.000144666
0.000148891
0.000151335
0.000152405
0.000161056
0.000162362
0.000170408
0.000205091
0.000206996
0.000207094
0.000207633
0.000208157
0.000208824
0.000210887
0.000212989
0.000215332
0.000216912
0.000218859
0.000224171
0.000226821
0.000227203
0.000227125
0.000226955
0.00022673
0.000226218
0.000226598
0.000226579
0.000225906
0.000224955
0.000222671
0.000215884
0.000215404
0.000238596
0.000196454
0.000196761
0.000194562
0.000195576
0.000195442
0.000194199
0.000193489
0.000193908
0.000191475
0.00018343
0.000177706
0.000173739
0.000169864
0.000165888
0.000162353
0.000158235
0.000153492
0.000148291
0.000142908
0.000136388
0.000130504
0.000128194
0.000135241
0.000136437
0.000135189
0.000133583
0.000135107
0.000137073
0.000141038
0.000143736
0.000147393
0.000154422
0.000156124
0.000163138
0.000194807
0.000195575
0.000196028
0.000196933
0.000197441
0.000198142
0.000199811
0.000201494
0.000203458
0.000204857
0.000206743
0.000209903
0.000212946
0.00021539
0.000215238
0.000215247
0.000214788
0.000214542
0.000215557
0.000215988
0.000215739
0.000214902
0.000213334
0.000207909
0.000208311
0.000225924
0.000183006
0.000183452
0.000181373
0.000182275
0.00018211
0.000180681
0.000179484
0.000178706
0.000175855
0.000169805
0.000164748
0.000160859
0.0001573
0.000153723
0.000150273
0.000146408
0.000142065
0.000137258
0.000132068
0.000125558
0.000121679
0.000116092
0.000114435
0.000128729
0.0001284
0.000127157
0.000128027
0.000129418
0.000133755
0.000136316
0.000140626
0.000155709
0.000148502
0.000159325
0.000181185
0.000182102
0.000182885
0.000184261
0.000185868
0.000186631
0.000188389
0.000190006
0.000191741
0.000192999
0.000194571
0.000196582
0.000198077
0.000202663
0.000202204
0.000203447
0.00020312
0.000202693
0.000203838
0.000204956
0.000204855
0.0002044
0.000204249
0.000203502
0.000203615
0.000212494
0.000169458
0.000169362
0.000167272
0.0001676
0.000168175
0.000166573
0.000165067
0.000163075
0.000160069
0.00015537
0.000151102
0.000147575
0.000144454
0.000141405
0.000138415
0.000135004
0.000131159
0.000126969
0.000122383
0.000115908
0.000113027
0.000106151
0.000104861
0.000104572
0.000122201
0.000121459
0.000121054
0.000116393
0.0001273
0.000122563
0.000137085
0.000171209
0.000143005
0.000180306
0.00016767
0.000168617
0.000169558
0.000171107
0.000172642
0.000173649
0.000175613
0.000177475
0.000179066
0.000180256
0.000181736
0.000183241
0.000184044
0.000188772
0.00019024
0.000190685
0.000189395
0.000191682
0.000193069
0.00019461
0.000195068
0.000195572
0.000196498
0.00019762
0.000198059
0.000159152
0.000156799
0.000156153
0.000153892
0.000153581
0.000153223
0.000151497
0.000150282
0.000147239
0.000144171
0.000140896
0.000137486
0.000133931
0.000131356
0.000129016
0.000126648
0.000123976
0.000120888
0.000117569
0.000114154
0.000108549
0.000105716
0.000100561
9.71819e-05
9.7429e-05
0.000116263
0.000115953
0.000103036
0.000111433
0.000122594
0.000111826
0.000157869
0.000158019
0.000162998
0.000165979
0.000154766
0.000155758
0.000156757
0.000158345
0.000159829
0.000160978
0.000162942
0.000164987
0.000166779
0.000167923
0.000169315
0.000170547
0.000171012
0.000174141
0.000178515
0.000179108
0.000177548
0.000178132
0.000182956
0.000185599
0.000186315
0.000193422
0.000147099
0.000146076
0.000148586
0.000145609
0.000145615
0.000144324
0.000141727
0.000140714
0.000139626
0.000137675
0.000136055
0.000133044
0.000130093
0.000127222
0.000124331
0.000121396
0.000119331
0.000117669
0.000116025
0.000114139
0.000111865
0.00010941
0.000107105
0.000102856
0.00010001
0.000113215
9.11148e-05
9.20537e-05
0.000110546
0.000109659
9.9685e-05
0.000135151
0.00013514
0.000142195
0.000145154
0.000145915
0.000149816
0.000152792
0.000143355
0.000144323
0.0001453
0.000146809
0.000148164
0.000149356
0.00015126
0.000153243
0.000155235
0.000156658
0.000157894
0.00015899
0.000159501
0.00016174
0.000165866
0.000168653
0.000167218
0.000167071
0.000173153
0.000146364
0.000139716
0.000136719
0.000136595
0.000137046
0.000136721
0.000136639
0.000136452
0.000134484
0.000131459
0.000129841
0.00012834
0.000126334
0.00012458
0.00012178
0.000118966
0.000116297
0.00011368
0.000111049
0.000109182
0.000107861
0.000106774
0.00010569
0.000104258
0.00010262
0.000101308
9.86847e-05
9.52789e-05
0.000110436
0.000107778
8.73934e-05
0.000104606
0.000103214
0.000118355
0.000123376
0.000120638
0.00013093
0.000134482
0.000135525
0.000138861
0.000141422
0.000134026
0.000134901
0.000135787
0.000137156
0.00013835
0.000139506
0.000141297
0.000143152
0.000145047
0.00014679
0.000148168
0.000149086
0.000149817
0.000151695
0.000154406
0.000159348
0.000158694
0.000158172
0.000162483
0.000134406
0.00013005
0.000130364
0.000131261
0.000131896
0.000130983
0.000130646
0.00012984
0.000127119
0.000123764
0.000121772
0.000120065
0.000118038
0.000116192
0.000113095
0.000125739
0.000107219
0.000105411
0.000103087
0.000101281
0.000100049
9.91932e-05
9.86884e-05
9.80981e-05
9.72243e-05
9.67163e-05
9.54477e-05
0.000110168
0.000107625
0.00010567
0.00010341
9.83396e-05
0.000107572
0.000112066
0.000117014
0.000112711
0.000123245
0.000126302
0.000127309
0.000130136
0.000132305
0.000126902
0.00012768
0.000128464
0.000129685
0.000130732
0.000131813
0.00013345
0.000135147
0.000136904
0.000138631
0.000140356
0.000141211
0.000142117
0.000144036
0.000146086
0.000151303
0.000152248
0.000151693
0.000155132
0.000128578
0.000126704
0.000128192
0.000129003
0.000129761
0.000128613
0.000128179
0.000126397
0.00012287
0.000119271
0.000116943
0.000133489
0.000132262
0.000130947
0.000128777
0.000126272
0.000123502
0.000120548
0.000117278
0.00011328
9.33771e-05
9.31656e-05
9.31666e-05
9.32557e-05
9.3176e-05
9.33013e-05
9.29495e-05
0.000108601
0.000105756
0.00010404
0.000101359
9.47104e-05
0.000103879
0.000107226
0.000107322
0.000106911
0.000117956
0.00012039
0.000121245
0.000123619
0.000125442
0.000121784
0.000122471
0.000123162
0.000124248
0.000125195
0.000126214
0.000127701
0.000129277
0.000130924
0.000132602
0.000134422
0.000135513
0.000136508
0.000138651
0.000140703
0.000144852
0.000148108
0.000147822
0.000151323
0.000122334
0.000125201
0.000127894
0.00013016
0.00013586
0.000138434
0.000144353
0.000146654
0.000147614
0.000143853
0.000139125
0.000136084
0.000132531
0.000129479
0.000126737
0.00012408
0.000121498
0.000118918
0.000116352
0.000114065
0.000112063
0.000110216
0.000107718
8.84948e-05
8.934e-05
0.000103861
0.00010749
0.000107613
0.000105001
0.000103148
0.000100899
9.31073e-05
0.00010169
0.000103983
0.000103747
0.000102861
0.000101392
0.000116465
0.000117061
0.000119034
0.000120573
0.000118348
0.00011896
0.000119575
0.000120561
0.000121449
0.000122448
0.000123843
0.00012535
0.000126959
0.000128651
0.000130501
0.000131722
0.000132785
0.00013523
0.000137715
0.000141251
0.000145675
0.000145324
0.000149828
0.000121868
0.000138773
0.000140379
0.000139968
0.000146336
0.000148719
0.000155789
0.000165614
0.000170467
0.000149394
0.000142387
0.00013846
0.000133263
0.000128999
0.000125725
0.000122989
0.000120533
0.000118045
0.000115653
0.00011353
0.000111714
0.000110134
0.000108547
0.000106932
0.000106769
0.000106802
0.000107921
0.000107495
0.000105122
0.000103323
0.000101423
9.3052e-05
0.000100867
0.000102251
0.000101563
0.000100329
9.94033e-05
9.88542e-05
0.000114479
0.000116081
0.000117368
0.00011671
0.00011725
0.000117813
0.000118747
0.000119607
0.000120616
0.000121983
0.000123471
0.000125077
0.00012676
0.000128548
0.000118527
0.000122974
0.000127339
0.000131742
0.000135862
0.000148002
0.000152467
0.000155169
0.000163412
0.000167385
0.000164002
0.000160634
0.000168502
0.000179908
0.000161778
0.000158371
0.000152761
0.0001425
0.000136218
0.000146313
0.000134205
0.000127724
0.000126657
0.000123422
0.000120849
0.000118474
0.000116213
0.00011416
0.000112413
0.000110888
0.000109445
0.000107734
0.000107333
0.000108128
0.000108586
0.000108306
0.000106097
0.000104449
0.000103399
9.50843e-05
0.000101861
0.000102302
0.000101013
9.94903e-05
9.84215e-05
9.82664e-05
0.000113683
0.000114947
0.000115958
0.000117453
0.000117763
0.000118256
0.00011918
0.000120021
0.000121079
0.000122503
0.000124992
0.000111198
0.000116444
0.000121084
0.00012594
0.000130534
0.000136507
0.000143005
0.000146675
0.000152696
0.000158445
0.00016813
0.000177242
0.000182585
0.000185901
0.000191121
0.000216885
0.000187159
0.000178495
0.000174526
0.000168537
0.000157414
0.000149879
0.000139324
0.000146161
0.000134422
0.000129724
0.000125697
0.00012475
0.00012063
0.000118268
0.000116209
0.000114529
0.000113065
0.000111654
0.000110072
0.000109226
0.00010988
0.00011022
0.000110252
0.000107943
0.000103459
0.000104061
9.80428e-05
0.000105257
0.000104562
0.000103669
0.000100707
9.92903e-05
9.92723e-05
9.58918e-05
9.5311e-05
0.000117015
9.82613e-05
9.82128e-05
9.87167e-05
0.000100423
0.000101779
0.000104161
0.000107145
0.000110855
0.000115673
0.000121275
0.000126915
0.000132826
0.000139174
0.000147204
0.000155877
0.000161732
0.000168368
0.000170016
0.000178777
0.000186995
0.000192791
0.000195859
0.000194826
0.000200917
0.000202024
0.000194877
0.000186956
0.000180893
0.000170362
0.000163011
0.000154364
0.000161283
0.000142221
0.000136628
0.000131737
0.000127913
0.000123519
0.000121725
0.000119316
0.000117801
0.000116389
0.000115024
0.000113729
0.000112461
0.000112342
0.000112404
0.000112346
0.000110029
0.000108729
0.000107273
0.000102594
0.000109809
0.000108995
0.000107659
0.000105988
0.000104556
0.000102215
9.96775e-05
9.84082e-05
9.78114e-05
0.000101398
0.000101835
0.000102737
0.000104452
0.000106229
0.000108581
0.000111889
0.000116001
0.000123509
0.000129395
0.000135408
0.000142002
0.00014982
0.000159047
0.000167097
0.000174816
0.000181102
0.000181625
0.00018704
0.000194518
0.000200718
0.000205718
0.000205648
0.000211508
0.000212922
0.000215905
0.00020233
0.000194407
0.000182848
0.000175497
0.000168287
0.000179305
0.000153107
0.000145547
0.000139719
0.000135013
0.000130132
0.000128358
0.000124823
0.000123567
0.000122593
0.000121958
0.000118887
0.000117618
0.000118103
0.000119448
0.000120133
0.000119495
0.000115438
0.00011374
0.000110601
0.000117149
0.000114576
0.000112033
0.000109956
0.000108819
0.000108494
0.00010707
0.00010405
0.000104091
0.000109497
0.000109473
0.000110609
0.000112628
0.000114747
0.000117383
0.000120542
0.000124523
0.000130513
0.000138151
0.000144672
0.000155851
0.000163905
0.00017222
0.000179346
0.000186519
0.000193156
0.000195104
0.000198922
0.000207145
0.000215326
0.000221745
0.000223081
0.000231061
0.000231654
0.000243366
0.000229968
0.00022078
0.00020363
0.000190883
0.000186355
0.000198013
0.000168023
0.000158175
0.000151857
0.000146464
0.000141783
0.0001389
0.000135881
0.000135237
0.00013554
0.00013492
0.000133153
0.000133464
0.00013434
0.000136232
0.000137424
0.000138312
0.000136434
0.000133254
0.000128461
0.000131271
0.000139366
0.000133549
0.000129913
0.00012714
0.000123942
0.000120045
0.000114012
0.000110832
0.000125461
0.000121887
0.000121464
0.000122726
0.000124373
0.000126936
0.000130088
0.000134269
0.000141824
0.000151948
0.000155393
0.000164029
0.000174558
0.000183132
0.000190835
0.000197152
0.000205549
0.000210057
0.000212503
0.000218579
0.000227457
0.000235225
0.000237152
0.000244611
0.00024883
0.000261672
0.000257643
0.000272642
0.000257581
0.000256602
0.000240117
0.00021447
0.00018855
0.000177215
0.00017078
0.000165316
0.000160958
0.000158423
0.00015624
0.000156575
0.000156866
0.000156575
0.000156153
0.00015644
0.00015709
0.00015889
0.000159971
0.000162733
0.000163502
0.000162208
0.000159075
0.000155373
0.00015673
0.000195193
0.000169869
0.000162895
0.000156032
0.000146855
0.000136593
0.000130142
0.000152338
0.000145066
0.000141546
0.000140773
0.000140883
0.000142424
0.000144813
0.000146784
0.000152302
0.000160157
0.000166195
0.000175138
0.000183945
0.000190028
0.00019731
0.000203823
0.000213358
0.000222628
0.0002255
0.000229675
0.000238521
0.000245738
0.000248675
0.000254714
0.000260636
0.000269963
0.000278987
0.000301864
0.000272922
0.000264
0.000251889
0.000235124
0.000214262
0.000203352
0.000196424
0.000190284
0.000186095
0.000183438
0.00018131
0.000181065
0.000180594
0.000180511
0.00018009
0.000179434
0.000179123
0.000179437
0.000180692
0.000183957
0.000186974
0.000187742
0.000188108
0.000189286
0.000191649
0.000196176
0.000220417
0.000208747
0.000205119
0.000189577
0.000169939
0.000160262
0.000183519
0.000172935
0.000166088
0.000162516
0.000160043
0.000160122
0.000162463
0.000162476
0.000165752
0.000169503
0.000176646
0.000184037
0.000189332
0.00019316
0.000200191
0.000207035
0.000215825
0.000226475
0.000231185
0.00023555
0.000243408
0.00025013
0.000254615
0.000258621
0.00025956
0.000266172
0.000273916
0.000335744
0.000291497
0.000294336
0.00028272
0.000257224
0.000236896
0.000226291
0.000218046
0.00021136
0.000206804
0.000203653
0.000202242
0.000201665
0.000200162
0.000199189
0.000197617
0.000195276
0.000194287
0.000193503
0.000194608
0.000198429
0.000202752
0.000205713
0.000210055
0.000230514
0.00021866
0.0002206
0.00022179
0.000221031
0.000223963
0.000225324
0.00020636
0.000194236
0.0002045
0.000194873
0.00018798
0.000183046
0.000178407
0.000176567
0.000179316
0.000177269
0.000177572
0.000177592
0.000182629
0.000186614
0.000190312
0.000193919
0.000200359
0.000207372
0.000215678
0.000227682
0.000233661
0.000238976
0.000246524
0.000253073
0.000258644
0.000261544
0.000259368
0.000268194
0.000278469
0.000344403
0.000309286
0.000303975
0.000287405
0.000271746
0.000251162
0.000238282
0.000228878
0.000222792
0.000218672
0.000215576
0.000214025
0.000212064
0.00020923
0.000206919
0.000204345
0.000200893
0.000198288
0.00021889
0.000218609
0.000220343
0.000221162
0.00022028
0.0002241
0.000211948
0.000212247
0.000217129
0.000219889
0.000220276
0.000220884
0.000222862
0.000217084
0.00021113
0.000212426
0.00020558
0.000200932
0.000196644
0.000191644
0.00018732
0.00018662
0.000189336
0.000185294
0.00018525
0.000186565
0.000187401
0.000189516
0.000194304
0.000199893
0.000206893
0.00021483
0.000227659
0.00023437
0.000240703
0.000248623
0.000254864
0.000261459
0.000266929
0.000263168
0.000275149
0.000335337
0.000310257
0.000299093
0.000278943
0.000290306
0.000278479
0.00025765
0.000242122
0.000229922
0.000222459
0.000217564
0.000214139
0.000211973
0.000208645
0.000204399
0.000234746
0.000229937
0.00022407
0.000220303
0.000215189
0.000213311
0.000214497
0.000214346
0.000215174
0.000245098
0.000236937
0.00023997
0.000244293
0.000217019
0.000219268
0.000220668
0.000222816
0.000220096
0.000216688
0.000217326
0.000213235
0.000211449
0.000208523
0.000202125
0.000200058
0.000197604
0.000196208
0.000193118
0.000188856
0.000187484
0.000186178
0.000187703
0.000192911
0.000198254
0.000204878
0.0002127
0.00022544
0.000232822
0.00023969
0.000248271
0.000255084
0.000264324
0.000280731
0.000324752
0.000329906
0.000293029
0.000291907
0.000282113
0.000274993
0.000279701
0.000264957
0.000248584
0.000236029
0.000225703
0.000219514
0.000215332
0.000212225
0.00020997
0.000238187
0.000238138
0.000233466
0.000228913
0.000223579
0.000220024
0.000215017
0.000213016
0.000213419
0.000212264
0.000252559
0.000235529
0.000232258
0.000236332
0.000244202
0.000249832
0.000253598
0.000214602
0.000221245
0.000221144
0.000219871
0.000217783
0.000214773
0.000212505
0.000211964
0.000212159
0.000207978
0.000205446
0.000197292
0.000192487
0.000188651
0.000186277
0.000185349
0.00018749
0.000192557
0.00019794
0.000204565
0.000212287
0.000224388
0.000232293
0.000239506
0.000247869
0.000254093
0.000266693
0.0002911
0.000313307
0.000305909
0.000288091
0.000286978
0.000277977
0.000272513
0.000257523
0.000260241
0.000249042
0.000235841
0.000225916
0.000220134
0.000214727
0.000211516
0.000208965
0.000242654
0.00023762
0.000233385
0.000229195
0.000224388
0.000221199
0.000216747
0.000214746
0.000214609
0.000211679
0.000243165
0.000231649
0.000229564
0.000234816
0.000241727
0.000246259
0.000249685
0.000253658
0.000258219
0.000259863
0.00021887
0.000212934
0.000214746
0.000213344
0.000210781
0.000209599
0.000207332
0.000202742
0.000196166
0.000191697
0.000189298
0.000187214
0.000186088
0.000188265
0.000193015
0.000198235
0.000204913
0.000212463
0.00022358
0.000231573
0.000238644
0.000245109
0.000250587
0.000267428
0.000295632
0.000302087
0.000292939
0.000283357
0.00028249
0.000273739
0.000266325
0.00025645
0.000259622
0.000250164
0.000236244
0.000226893
0.000221575
0.000214454
0.000211043
0.000207902
0.000243188
0.000238356
0.00023447
0.00023068
0.000226476
0.000223578
0.000219429
0.000217255
0.000214087
0.000212997
0.000237652
0.000230425
0.000229253
0.000234633
0.00024074
0.000244659
0.000249218
0.000252076
0.000254939
0.000256509
0.000258776
0.000252663
0.000252737
0.000214741
0.000210059
0.000206463
0.000202258
0.000199511
0.000194592
0.000190898
0.000189336
0.000188368
0.000187996
0.000189976
0.000194052
0.000198813
0.000205168
0.000212298
0.000222439
0.000230571
0.000237165
0.000241489
0.000246564
0.000273826
0.000342087
0.000289094
0.000286171
0.000280334
0.000279669
0.00027146
0.000264395
0.000255837
0.000258797
0.000251147
0.000237382
0.000228762
0.000223886
0.000214893
0.000211388
0.000207539
0.000244791
0.000240072
0.000236642
0.000233294
0.000229539
0.000226899
0.000222765
0.000220672
0.000215646
0.000215575
0.000236439
0.000230548
0.000229513
0.00023251
0.000238426
0.000241919
0.000245662
0.00024779
0.000251913
0.00025267
0.000253653
0.00025283
0.000252957
0.000212218
0.000209034
0.000204973
0.000199912
0.000197457
0.000193486
0.000190018
0.000188935
0.000188586
0.0001889
0.000191034
0.000194868
0.000199289
0.000205271
0.00021227
0.000221655
0.000229466
0.000234568
0.000240557
0.000247614
0.000280105
0.000305772
0.000281952
0.000282724
0.000278741
0.00027833
0.000270858
0.000264473
0.000257207
0.000259205
0.000252569
0.000239341
0.000231518
0.000226432
0.000215757
0.000213024
0.000245443
0.00024791
0.000244379
0.000241601
0.000238531
0.000235132
0.000232099
0.000228278
0.000226301
0.0002208
0.000221087
0.000240013
0.000233481
0.000230749
0.000237034
0.000242766
0.000245843
0.000249236
0.000251545
0.000254356
0.000253365
0.000255229
0.000250325
0.000252704
0.000211689
0.000208916
0.000205073
0.000199459
0.000196369
0.000193191
0.000190037
0.000189326
0.000189113
0.000189534
0.000191769
0.00019557
0.000199831
0.000205737
0.000212946
0.000221351
0.000227793
0.000233172
0.000240032
0.000256495
0.000362687
0.000289064
0.000278336
0.000282306
0.00027855
0.000278304
0.000271673
0.00026589
0.000259715
0.000260537
0.000254309
0.000241856
0.000234023
0.000226482
0.000220581
0.000215363
0.000251656
0.00025231
0.000242331
0.000240845
0.000238119
0.000234811
0.000232036
0.00022856
0.000226368
0.000221917
0.000223386
0.000247087
0.000239806
0.000233474
0.000238545
0.000242826
0.000245182
0.000247748
0.000249544
0.000251772
0.00025083
0.000252093
0.0002511
0.000253245
0.00021245
0.000208294
0.000204339
0.000198513
0.00019545
0.000192586
0.000189624
0.000189726
0.000190053
0.000190985
0.000193093
0.000196763
0.000201016
0.000206763
0.000213603
0.000221137
0.000227224
0.000232553
0.000240753
0.000274363
0.000300783
0.000282785
0.000277317
0.000282861
0.000279437
0.000279321
0.000273472
0.00026814
0.000262794
0.000262225
0.000256052
0.000244768
0.000235191
0.000228802
0.000223696
0.000218554
0.000259916
0.000258477
0.000256419
0.000253037
0.000249761
0.000246117
0.00024282
0.000239247
0.000232442
0.000232773
0.000281475
0.000248936
0.000248624
0.00024795
0.00024165
0.000245209
0.000246836
0.000248605
0.000249944
0.00025157
0.000250574
0.000251358
0.000253697
0.000254376
0.000212712
0.000207691
0.000204061
0.000199089
0.00019659
0.0001939
0.000190674
0.000190139
0.000190129
0.000191574
0.000194787
0.000198982
0.000203268
0.000208233
0.000214649
0.000221915
0.000227241
0.000233365
0.000251221
0.000344096
0.00029013
0.000281263
0.000276678
0.00028287
0.00028085
0.000281117
0.000276324
0.000271202
0.000266481
0.000266731
0.000256621
0.000244307
0.000236641
0.000230942
0.000226449
0.000221576
0.000221221
0.000220028
0.000259371
0.000255359
0.000252435
0.000248718
0.000245097
0.000241835
0.000235695
0.000236948
0.000260019
0.000245987
0.00024438
0.000247227
0.000244966
0.000248288
0.00024942
0.00025067
0.000251633
0.000252808
0.000251814
0.000252209
0.000256628
0.0002558
0.000212486
0.000208579
0.000205271
0.000200511
0.000197951
0.000194428
0.000191786
0.000191766
0.000192032
0.000192833
0.000195209
0.000199458
0.000204254
0.00020919
0.00021515
0.000221354
0.000227191
0.00023611
0.000281585
0.000299628
0.00028619
0.000281041
0.000277158
0.000283192
0.000282214
0.000283033
0.000278842
0.000274073
0.000270714
0.000271338
0.00024986
0.000251525
0.000245332
0.000237507
0.000234272
0.000229329
0.000266302
0.000232898
0.000261921
0.000259258
0.000256019
0.000251615
0.000247854
0.000244558
0.000241209
0.000254538
0.000253426
0.000247056
0.000245742
0.000249553
0.000248737
0.000251468
0.000252361
0.000253219
0.00025389
0.000254743
0.000253781
0.000253803
0.000259609
0.000257537
0.000213273
0.00020978
0.000206733
0.000201975
0.000198485
0.00019463
0.000192557
0.000192827
0.000193454
0.000194731
0.000197357
0.000201008
0.000204918
0.000209298
0.00021458
0.000220437
0.00023114
0.000245357
0.000312698
0.000290788
0.000284938
0.000281724
0.000279428
0.000283905
0.000282639
0.000284477
0.000280506
0.000276207
0.000273683
0.000272634
0.000254867
0.000256368
0.000246756
0.000240455
0.000238525
0.000236164
0.000237489
0.000240016
0.000265138
0.000262718
0.000258135
0.00025408
0.000251294
0.000249867
0.000249293
0.000273637
0.00025383
0.000249646
0.000248835
0.000252903
0.000252732
0.00025512
0.000255548
0.00025602
0.000256443
0.00025704
0.000256112
0.000255728
0.000262549
0.000259878
0.000214788
0.000211512
0.000207832
0.000201851
0.00019733
0.000194187
0.000192032
0.000192697
0.000194489
0.000195854
0.00019865
0.000202958
0.000207146
0.000211209
0.000215343
0.000216115
0.000228647
0.000261287
0.000309428
0.000289869
0.000284677
0.000282392
0.000280828
0.000279851
0.000283026
0.000284858
0.000282596
0.000279463
0.000277116
0.000275924
0.000261381
0.000262883
0.000251113
0.00024564
0.000244075
0.000243236
0.000244384
0.000246104
0.000266757
0.000264088
0.000259441
0.000256649
0.000256075
0.000255934
0.000262003
0.000263429
0.00025556
0.000252863
0.000252628
0.000256733
0.000256882
0.000258953
0.000258846
0.000258933
0.000259122
0.000259489
0.000258561
0.000257728
0.000265264
0.000262882
0.000217497
0.000213141
0.000207482
0.000201871
0.000198883
0.000196237
0.000194348
0.000194284
0.000194446
0.000195662
0.00019985
0.000204655
0.000208721
0.000212613
0.000213843
0.000218623
0.000228169
0.000253497
0.000332774
0.000293724
0.000283832
0.00028188
0.000280049
0.000275848
0.000283706
0.000285056
0.000284603
0.000283981
0.000282347
0.000282387
0.000271877
0.000265962
0.000254035
0.000249905
0.000249048
0.00024893
0.000250236
0.000252018
0.000265647
0.000264807
0.000261441
0.000261374
0.000262423
0.000265288
0.000290052
0.000262848
0.000258092
0.000256717
0.000256908
0.000260843
0.000261078
0.000262779
0.000262107
0.000261764
0.000261668
0.000261793
0.000260843
0.000259403
0.000265716
0.000264408
0.000220308
0.000212808
0.000208306
0.000203817
0.00020102
0.000198585
0.000196811
0.000196661
0.000197141
0.000197481
0.000195429
0.000202855
0.0002075
0.000212306
0.000213323
0.000219021
0.000264086
0.000271246
0.000251008
0.000334764
0.00033269
0.000284044
0.000280074
0.000273067
0.000280964
0.000281742
0.000284793
0.00028902
0.000290729
0.000297705
0.000288692
0.000304042
0.000293607
0.000251843
0.000252921
0.00025361
0.000255115
0.000257624
0.000271865
0.000265766
0.000265992
0.000269317
0.000271114
0.00027397
0.000270109
0.000262298
0.000259721
0.000259163
0.000259269
0.000263188
0.000262922
0.000264339
0.000263621
0.000262648
0.000262288
0.000262183
0.000261432
0.000259519
0.000277859
0.000278051
0.000229179
0.000219635
0.000213135
0.000206213
0.000201423
0.000200237
0.000198333
0.00019671
0.000196059
0.000196004
0.000196396
0.000202751
0.000210019
0.000220334
0.000227696
0.000234704
0.000244999
0.000299819
0.000329892
0.000327625
0.000327118
0.000359393
0.000294945
0.000298344
0.000303045
0.000310665
0.000314527
0.000324594
0.000324381
0.000329384
0.000343663
0.000294945
0.000288779
0.000253813
0.000255389
0.000257122
0.000259162
0.000267736
0.000266351
0.000280395
0.000287345
0.00028994
0.00029126
0.000316179
0.000282823
0.000277513
0.000276326
0.00027793
0.000281425
0.000286253
0.00028368
0.000282652
0.000279678
0.000277457
0.00027524
0.000273627
0.000272181
0.000270083
0.000301602
0.000308848
0.00030486
0.000294705
0.000245458
0.00023427
0.000224484
0.000224155
0.00022217
0.000217381
0.000215786
0.000215924
0.000218357
0.000227366
0.000241265
0.000253307
0.000263685
0.000340006
0.000352883
0.000339734
0.000335929
0.000323623
0.000315723
0.000338867
0.000348395
0.000367394
0.000400886
0.000357058
0.000362941
0.000364062
0.00034794
0.000385366
0.000325795
0.00028864
0.000282967
0.000253828
0.000255621
0.000260514
0.000289026
0.000319555
0.000319826
0.000317703
0.000329477
0.000331038
0.000346309
0.000335445
0.00031946
0.000314359
0.000311161
0.000312228
0.000314085
0.00031594
0.000308988
0.000304652
0.000299106
0.000295792
0.000292462
0.000290273
0.000287599
0.000291063
0.000336383
0.000304766
0.000306921
0.000311197
0.000317614
0.000317718
0.000308027
0.000325037
0.000274539
0.000267901
0.000262187
0.000264012
0.000263649
0.000276339
0.000310535
0.000349042
0.000376792
0.000345665
0.000341355
0.000329038
0.00032576
0.000315618
0.000307849
0.000326666
0.000330241
0.000344213
0.000387775
0.0004411
0.000447868
0.000436813
0.000405406
0.000361
0.00031364
0.000282453
0.000279291
0.000252742
0.000262324
0.000316164
0.000281855
0.000294883
0.000364563
0.00038799
0.00038681
0.000370042
0.00035627
0.000352155
0.000350101
0.000347841
0.000344082
0.000342321
0.000337737
0.000334943
0.000323812
0.000317133
0.000310018
0.00030578
0.000302396
0.000302503
0.000304642
0.000308902
0.000288235
0.000295542
0.000298167
0.000304392
0.000309954
0.000307856
0.000307069
0.000312143
0.000315299
0.000320784
0.000324922
0.000328931
0.00033116
0.000341437
0.000354684
0.000363243
0.000360362
0.000338885
0.000334344
0.000323257
0.000319835
0.000310435
0.000303411
0.00031873
0.000321099
0.000331654
0.000368093
0.000409681
0.000421766
0.000411053
0.000384153
0.000346658
0.000304546
0.000280156
0.000278475
0.000270303
0.000280369
0.000287663
0.000307463
0.000370778
0.000371795
0.000368602
0.000364673
0.000360444
0.000356735
0.000355844
0.000357161
0.000357667
0.000357238
0.000354654
0.00034185
0.000334058
0.000317933
0.000311354
0.000306449
0.000305208
0.000310847
0.000327258
0.000309961
0.000288448
0.000273248
0.000284164
0.000287845
0.000293748
0.000298581
0.000296943
0.000297279
0.000304279
0.000309323
0.000315976
0.000318889
0.000322155
0.00032359
0.000332898
0.000343987
0.000350228
0.000346615
0.000327859
0.000323915
0.0003142
0.000310835
0.000302224
0.000295645
0.000307927
0.000310013
0.000320194
0.00035346
0.000387506
0.000397185
0.000387511
0.000364145
0.000329376
0.000298098
0.000284666
0.000275069
0.000300105
0.00029554
0.000335982
0.000395873
0.000377477
0.000356759
0.00034678
0.000341297
0.000338242
0.0003373
0.000338603
0.000341357
0.00034325
0.000344216
0.000342689
0.000333406
0.000327213
0.000313504
0.000307781
0.000305492
0.000309338
0.000320234
0.00029071
0.000281331
0.00028043
0.000273229
0.000287343
0.000292381
0.000297087
0.000301101
0.000299041
0.000298915
0.000304423
0.000308629
0.000312801
0.000316717
0.000319912
0.00032256
0.000330211
0.000339887
0.000345171
0.000342375
0.000327897
0.000324936
0.000316383
0.000313102
0.000306039
0.000300306
0.000310857
0.000312066
0.000322909
0.000353351
0.000381139
0.000387621
0.00037704
0.00035501
0.000322659
0.000294996
0.000301092
0.000311298
0.000310496
0.000349925
0.000367091
0.000408183
0.000355979
0.000342029
0.000333233
0.000329105
0.00032742
0.000327566
0.000329512
0.000332502
0.000334616
0.000335712
0.00033423
0.000325873
0.000320367
0.000310082
0.000308367
0.000315997
0.000332245
0.000289391
0.000281937
0.000275746
0.000328673
)
;
    }
    hills
    {
        type            calculated;
        value           nonuniform List<scalar> 
7200
(
0.000598156
0.000607627
0.000614765
0.000620424
0.000624646
0.000627396
0.000628775
0.000628915
0.000706482
0.000637243
0.000633961
0.000675691
0.000660888
0.000648328
0.000635382
0.000622065
0.000608721
0.000596298
0.000585542
0.000576597
0.000569702
0.000563692
0.000559269
0.000556724
0.000565636
0.000572855
0.000568547
0.000589357
0.000600417
0.00062
0.000507078
0.00047281
0.00043277
0.000357097
0.000331498
0.000389201
0.000608546
0.000532822
0.000582004
0.000420815
0.000398347
0.000414593
0.000437874
0.000458905
0.000505812
0.000511345
0.000524758
0.000550445
0.000524038
0.000521063
0.000524111
0.000535287
0.000531457
0.000527159
0.000528439
0.000541216
0.000559068
0.000573992
0.000581157
0.000587737
0.000463527
0.00047403
0.000480402
0.000483349
0.000537795
0.000553433
0.000565253
0.000575379
0.00057825
0.000509952
0.000518223
0.000553274
0.000545467
0.000542433
0.000541434
0.000540369
0.000539062
0.000538058
0.000536862
0.000540117
0.000550077
0.000558396
0.000566599
0.000577058
0.000608551
0.000577842
0.000599771
0.000635549
0.000675145
0.000731939
0.000571849
0.000499826
0.000449222
0.000352725
0.000370086
0.000411111
0.00051606
0.000576541
0.000592539
0.000387418
0.000355578
0.000385787
0.000361288
0.000355676
0.000364878
0.000393915
0.000390531
0.00039523
0.000411452
0.00038943
0.000385623
0.000386334
0.000382758
0.000399286
0.000413745
0.000393347
0.000440668
0.000472892
0.000491399
0.000458567
0.000383432
0.000396952
0.000407242
0.00041388
0.000421257
0.000429636
0.000439771
0.000451762
0.000466504
0.00042195
0.000439608
0.000460144
0.000457751
0.000466286
0.000478027
0.000485631
0.000491734
0.000496205
0.000500068
0.000507006
0.000518911
0.000530938
0.000543277
0.00055755
0.000576421
0.000571711
0.000605171
0.000652772
0.000698366
0.000601585
0.000556062
0.00049151
0.000425849
0.000277064
0.000408496
0.000463175
0.000485625
0.000581055
0.000601205
0.000337199
0.000322923
0.000322822
0.000307536
0.000299797
0.000297371
0.000296498
0.000297994
0.000299971
0.000280785
0.000272851
0.000267169
0.000259539
0.000205885
0.000197635
0.000223669
0.00027827
0.000299298
0.000324922
0.000345836
0.000367671
5.89294e-05
5.7431e-05
6.02621e-05
6.59175e-05
7.0583e-05
6.86626e-05
5.87514e-05
4.45703e-05
2.6804e-05
2.21157e-05
5.21284e-06
4.1118e-06
1.3788e-05
2.82396e-05
7.08395e-05
0.000151842
0.000225313
0.00029004
0.000315827
0.000337408
0.000362831
0.000385842
0.000407942
0.000430884
0.000457998
0.000472046
0.00050663
0.000539629
0.000552914
0.000454384
0.000406418
0.000322144
0.000237442
0.00022257
0.000376677
0.000419075
0.00045612
0.000518743
0.000415268
0.000187053
5.37709e-05
1.10847e-05
5.40614e-05
9.91644e-05
0.000105265
0.000108497
0.000112445
0.000115966
0.000120272
0.000129809
0.000142616
0.000152346
0.000174605
0.000169687
0.000157214
0.000145683
0.00012303
9.76907e-05
7.98383e-05
6.73541e-05
0.00041835
0.000426978
0.000435014
0.000442955
0.000451215
0.000459507
0.000466992
0.000473295
0.000475176
0.000470986
0.000466026
0.000457367
0.000445406
0.00041871
0.000380519
0.000374862
0.00026576
0.000291763
0.000259332
0.000229239
0.000183388
0.000139804
0.000105659
8.64697e-05
5.70292e-05
1.05339e-05
1.45334e-05
3.54873e-05
5.69313e-05
6.53653e-05
3.74792e-05
2.63061e-05
8.01548e-05
0.000159041
0.000287955
0.000291087
0.000312011
0.000304356
8.42761e-05
8.69273e-05
0.000164636
0.000152192
0.000207791
0.000207826
0.000210632
0.000235042
0.000240108
0.000243158
0.000243329
0.000255064
0.000262181
0.000253327
0.000270227
0.000278127
0.000298294
0.000318339
0.00034666
0.000375029
0.000392281
0.00040646
0.000412895
0.000422464
0.000434227
0.00044638
0.000458787
0.000470172
0.00047727
0.000476055
0.000465207
0.000447666
0.00041385
0.000377385
0.000376688
0.000318123
0.000300326
0.000349126
0.000273169
0.000312931
0.000321354
0.000335332
0.000346223
0.000352225
0.000364611
0.000377723
0.000384162
0.000380064
0.00037207
0.0003613
0.00034882
0.000343346
0.000333509
0.000316656
0.000286341
0.000245425
0.000189868
0.000187586
0.000141681
0.000133762
0.000227011
0.000193449
0.000204117
0.000197589
0.000194562
0.000195128
0.000198742
0.000206117
0.000215365
0.000223631
0.000233124
0.0002478
0.000264221
0.0002842
0.000300504
0.000312615
0.000322933
0.000343202
0.000365689
0.000383755
0.00039663
0.000405062
0.000340078
0.000348238
0.000359315
0.000371511
0.000383989
0.000393947
0.000399152
0.00039493
0.000392397
0.000375125
0.000348415
0.00030071
0.000261954
0.000244371
0.000296647
0.000308829
0.000239273
0.00028127
0.000285335
0.000295457
0.000300448
0.000304557
0.000313424
0.000327937
0.000339421
0.000343966
0.000350027
0.000351942
0.000350836
0.000350103
0.000349145
0.000336184
0.000326194
0.0003241
0.000302197
0.000251167
0.00021181
0.000176298
0.000198595
0.000167479
0.000182612
0.000172453
0.000167237
0.000173778
0.000176889
0.000184223
0.000192659
0.000196899
0.000201201
0.000216802
0.000239375
0.000260642
0.000276155
0.00028599
0.000291779
0.000303902
0.000311742
0.000320879
0.000329586
0.000334726
0.000289895
0.000293607
0.000300023
0.000308942
0.000318165
0.000322935
0.000346978
0.00034001
0.000322507
0.000302755
0.000266733
0.000232462
0.000215946
0.000229119
0.000265054
0.000292692
0.000224643
0.000232117
0.000305879
0.00030668
0.000303884
0.00022947
0.000336162
0.000229235
0.00024254
0.000251124
0.000259253
0.000264373
0.00027517
0.000287063
0.000294799
0.000295161
0.000283062
0.000279841
0.000265832
0.000247862
0.000226511
0.000187848
0.000155435
0.000157268
0.000157189
0.000153496
0.000153414
0.000164921
0.000169752
0.000176228
0.000182091
0.00018494
0.000189596
0.000209246
0.000232896
0.000253606
0.000266869
0.000274764
0.000278079
0.00028512
0.00028499
0.000285471
0.000286174
0.000284997
0.000256035
0.000254825
0.000253435
0.000256418
0.000261133
0.000298605
0.000291435
0.000277779
0.00025832
0.000235097
0.000215189
0.000200858
0.000181695
0.000219528
0.000251998
0.000207324
0.000222582
0.000228535
0.000294955
0.000287112
0.000279158
0.000273741
0.000285301
0.000214218
0.000211587
0.00021801
0.000222492
0.00023274
0.00024677
0.000260367
0.000270813
0.000274898
0.000265445
0.000264147
0.000250335
0.00023277
0.000200817
0.000152291
0.000132822
0.00014195
0.000140998
0.000139001
0.000146798
0.000152834
0.00015816
0.000164837
0.000169694
0.000171775
0.00017693
0.000194355
0.000221449
0.000237858
0.000245685
0.000249431
0.000249957
0.000252841
0.000255845
0.000258533
0.000256287
0.000254938
0.000218476
0.000214577
0.000213239
0.000213887
0.000212707
0.000222222
0.000214903
0.000207002
0.000195963
0.000186574
0.00017212
0.000153108
0.000157865
0.000216564
0.000236284
0.000203277
0.000215883
0.000222675
0.000279954
0.000274916
0.000266338
0.000193215
0.000273751
0.000238217
0.000207581
0.000207416
0.000215334
0.000229995
0.000247094
0.000262999
0.000274357
0.000277043
0.000248241
0.000256963
0.000241938
0.000218521
0.00016922
0.000130981
0.000117974
0.000123433
0.000124507
0.000126308
0.000137684
0.000141354
0.000146622
0.000153695
0.000160271
0.000164341
0.000170949
0.000183316
0.00021345
0.000227358
0.00022982
0.000225916
0.000216164
0.000225088
0.000213941
0.000214801
0.000215622
0.000217667
0.000177093
0.000174659
0.000172988
0.000172172
0.00016862
0.000169689
0.000165323
0.000163136
0.000161652
0.000150554
0.000133844
0.000130116
0.000186304
0.000197666
0.000177941
0.000195101
0.000206838
0.000212929
0.00021039
0.000259198
0.000252961
0.000187494
0.000196955
0.000197178
0.000203667
0.000204182
0.000217613
0.000235124
0.000253732
0.000268984
0.000277394
0.000275405
0.000259367
0.000243058
0.000228457
0.000196704
0.000139183
0.000114117
0.000101828
0.000105922
0.000111928
0.000125214
0.000130623
0.000135249
0.000140814
0.000148121
0.00015621
0.000163085
0.000170328
0.000178282
0.000196295
0.000221346
0.000219126
0.000209132
0.000198696
0.000197239
0.000186972
0.000183864
0.000180971
0.000178631
0.000155709
0.00015397
0.000152431
0.000152952
0.000149025
0.000144331
0.000139381
0.000140623
0.000138281
0.000144366
0.00011639
0.000142021
0.000163673
0.000158311
0.000175482
0.000189528
0.000199911
0.000204212
0.000202131
0.000195865
0.000189094
0.000186643
0.000189482
0.000191624
0.000200543
0.000204042
0.000221798
0.000240939
0.000258485
0.000269771
0.000272522
0.000264333
0.000241703
0.000203074
0.000208328
0.000163661
0.000119046
0.000104683
9.29643e-05
9.95062e-05
0.000115876
0.000125578
0.000132271
0.000138879
0.000145544
0.000152506
0.000159621
0.00016675
0.000174479
0.000183539
0.000182028
0.000222071
0.000214831
0.000203208
0.000190804
0.000183524
0.000171891
0.000166456
0.000161926
0.000157755
0.000145281
0.000143836
0.000143627
0.000139019
0.000133186
0.000127551
0.000123491
0.00012433
0.000136984
0.0001111
0.000115372
0.000142457
0.00017936
0.000158277
0.000174176
0.000186541
0.000195158
0.000197927
0.000196164
0.000191591
0.000186521
0.000184579
0.00018766
0.000190803
0.00019768
0.00020511
0.00022437
0.000242817
0.000257213
0.000263419
0.000260062
0.000245446
0.000215924
0.000180163
0.00017596
0.000133617
0.00010837
9.99671e-05
9.37461e-05
0.000101392
0.000120793
0.000130417
0.000137684
0.000144332
0.000151184
0.000158322
0.000166082
0.00017451
0.000183998
0.000189349
0.000187966
0.000201791
0.000218518
0.000205226
0.000190465
0.000179691
0.000165664
0.00015838
0.000152884
0.000148012
0.000141285
0.0001417
0.000137941
0.000132685
0.000125796
0.000119258
0.000111485
0.000122788
0.000114333
0.000104808
0.000130335
0.000157594
0.00014074
0.000159547
0.000172837
0.000183289
0.000189656
0.000191859
0.000190802
0.000187669
0.000184231
0.000182687
0.000186428
0.000189513
0.000194706
0.000205375
0.000223037
0.000238852
0.000249283
0.000250464
0.000242211
0.00022118
0.000188487
0.000157708
0.000134171
0.00011008
0.000102584
9.71245e-05
9.43324e-05
0.00011356
0.000125517
0.000133756
0.000140437
0.000147523
0.000155533
0.000164339
0.000173974
0.000184472
0.000192814
0.000188865
0.000195531
0.000197583
0.000224394
0.000210024
0.000193422
0.000180252
0.000164717
0.000156438
0.00014999
0.000144352
0.000141918
0.000139719
0.000135617
0.000129528
0.00012126
0.000111004
0.000106859
0.000109717
9.84369e-05
0.00011932
0.000140845
0.000127632
0.000146789
0.000160855
0.00017133
0.000179149
0.000183798
0.000185999
0.000185745
0.000183613
0.000181168
0.000179972
0.000182474
0.00018529
0.000190822
0.000200052
0.000215811
0.000228545
0.000234862
0.000231648
0.000218664
0.000193639
0.00016304
0.000139578
0.000120854
0.000101933
9.08609e-05
8.74945e-05
0.000104947
0.000115826
0.000125864
0.000133177
0.000140757
0.000149622
0.000159682
0.000170209
0.000181531
0.000188608
0.0001837
0.000191788
0.000200369
0.000198765
0.000204614
0.000214627
0.000197386
0.000187382
0.000166432
0.000157068
0.000150243
0.000143363
0.000138204
0.00013796
0.000133844
0.000126459
0.000115479
9.80458e-05
7.08929e-05
8.79234e-05
0.000107296
0.000126436
0.000115597
0.000135103
0.00014929
0.000160635
0.000170691
0.000176588
0.000180209
0.000182041
0.000182186
0.000180746
0.000178667
0.000177038
0.000176226
0.000180253
0.000185171
0.000197913
0.000202497
0.000211367
0.000214826
0.000207683
0.00019066
0.000164728
0.000140097
0.000123471
0.00010762
9.23519e-05
8.3405e-05
8.09655e-05
9.69514e-05
0.000112617
0.000122149
0.000130048
0.000139367
0.000150158
0.000161436
0.000174433
0.000179208
0.000176143
0.000184569
0.000194697
0.000203499
0.000199521
0.000192021
0.000216609
0.00019952
0.000186769
0.00017169
0.000157262
0.000149276
0.000141519
0.000136617
0.000135776
0.000131688
0.000123666
0.000106682
6.75299e-05
8.10793e-05
0.000121426
0.000116494
0.000103843
0.000122257
0.000136621
0.000149231
0.000161375
0.00016497
0.000169904
0.000172485
0.000173274
0.000172948
0.000171497
0.000169127
0.000166334
0.000164136
0.000168719
0.000179308
0.000182289
0.000190496
0.000197695
0.00018934
0.000178348
0.00015875
0.00013561
0.000118569
0.000106736
9.21806e-05
7.99856e-05
7.30185e-05
7.14755e-05
7.59335e-05
0.000104331
0.000114868
0.000123882
0.000134253
0.000136528
0.000145043
0.000157016
0.000165039
0.000173951
0.000183664
0.000193413
0.000199708
0.000198676
0.000189064
0.000209278
0.000193866
0.000186178
0.000173765
0.000167198
0.000147181
0.000139337
0.000133988
0.000133926
0.000131367
0.000121518
9.60222e-05
4.60075e-05
0.000145048
0.000120355
9.40161e-05
0.00010883
0.000123256
0.000137564
0.000143902
0.000151927
0.000158841
0.000163066
0.000165083
0.000165471
0.000164606
0.000162679
0.000159652
0.000155772
0.000153216
0.000155779
0.000161881
0.000169911
0.000173943
0.000168416
0.00016118
0.000147106
0.00012777
0.000110602
9.99669e-05
9.0101e-05
7.69711e-05
6.75953e-05
6.29864e-05
6.22911e-05
6.57879e-05
9.42817e-05
0.000107801
0.000118686
0.000120658
0.000126713
0.000137979
0.000147691
0.000162046
0.000170976
0.000181245
0.00019067
0.000195073
0.000241998
0.000180577
0.000198171
0.000183714
0.000173838
0.000161722
0.00015338
0.000131498
0.000139172
0.000128078
0.00012781
0.000128356
0.00012893
9.66692e-05
3.89757e-05
2.6865e-06
8.2522e-05
8.49321e-05
0.000105849
0.000119266
0.000129295
0.00013834
0.000145511
0.000151022
0.000155037
0.000157156
0.000157749
0.000157174
0.000155616
0.000152837
0.000148652
0.00014527
0.000145819
0.000147881
0.000145931
0.000144332
0.000139807
0.000130465
0.000115739
9.98917e-05
8.86774e-05
8.12933e-05
7.06297e-05
6.03057e-05
5.42355e-05
5.18515e-05
4.95491e-05
5.20556e-05
7.3658e-05
9.35327e-05
8.53159e-05
9.67623e-05
0.000108838
0.000121569
0.000133097
0.000145292
0.00015816
0.000166735
0.000174517
0.00017508
0.000174999
0.00019656
0.000177413
0.000164845
0.000158999
0.000153723
0.000147261
0.000139833
0.000131315
0.000125144
0.000126315
0.000130128
0.000104757
7.90688e-05
4.94083e-05
1.73053e-06
5.70742e-05
8.36654e-05
0.000102363
0.000114183
0.000123269
0.000130834
0.000137466
0.000142896
0.000147038
0.00014965
0.000150932
0.000151192
0.00015059
0.000148826
0.000145266
0.000140593
0.000138233
0.000136845
0.000129669
0.000123018
0.000116421
0.000105375
9.18312e-05
8.00147e-05
7.26165e-05
6.53864e-05
5.47758e-05
4.77146e-05
4.60182e-05
4.30611e-05
3.94676e-05
4.40477e-05
5.47113e-05
7.96318e-05
7.24607e-05
8.80708e-05
0.000100986
0.00011199
0.000123189
0.000134389
0.000145313
0.000156436
0.000163156
0.000161207
0.000157936
0.000177133
0.000160584
0.000151674
0.000147123
0.000142193
0.000139789
0.000133998
0.000127354
0.000117789
0.000119838
7.58682e-05
6.16404e-05
7.76059e-05
7.4079e-05
5.25586e-05
6.76092e-05
8.57154e-05
9.83019e-05
0.000107841
0.000115632
0.000122518
0.000128583
0.000133787
0.000138025
0.000141205
0.000143313
0.000144703
0.000145454
0.000145361
0.000143751
0.000139275
0.000134087
0.00012973
0.000119686
0.000107348
9.53827e-05
8.37197e-05
7.18909e-05
6.28543e-05
5.73002e-05
4.97424e-05
4.13611e-05
3.86427e-05
3.93632e-05
3.66905e-05
3.44003e-05
3.97108e-05
5.51509e-05
7.73945e-05
9.07666e-05
7.79343e-05
9.05015e-05
0.000100633
0.000111009
0.000121864
0.000132806
0.000144354
0.000149429
0.000145767
0.000140334
0.000144508
0.000143444
0.000139306
0.000135576
0.000131711
0.000127204
0.000123936
0.000119324
0.000117172
8.82196e-05
5.23371e-05
5.90595e-05
6.19967e-05
5.89097e-05
6.37972e-05
7.46813e-05
8.47615e-05
9.34818e-05
0.000101603
0.000108009
0.000113796
0.000118956
0.000123516
0.000127609
0.000131082
0.000133882
0.000136415
0.00013862
0.000140281
0.000141074
0.000139755
0.000133845
0.000125946
0.000116851
9.89842e-05
8.05829e-05
6.74194e-05
5.66699e-05
4.85556e-05
4.21413e-05
3.60881e-05
3.07446e-05
3.1345e-05
3.03191e-05
3.12044e-05
3.47705e-05
4.14506e-05
4.9562e-05
5.32065e-05
5.97869e-05
6.83173e-05
8.08774e-05
9.07194e-05
0.000100411
0.000110183
0.000120234
0.000130311
0.000136641
0.000131959
0.000125471
0.000141539
0.000130259
0.000125059
0.00012398
0.000121091
0.000118432
0.000115382
0.000112368
9.53272e-05
5.69592e-05
5.60055e-05
5.30987e-05
5.12645e-05
6.30135e-05
6.82121e-05
7.58429e-05
8.29398e-05
8.94549e-05
9.57134e-05
0.000100816
0.000105316
0.000109283
0.000112797
0.000116246
0.000119622
0.000122803
0.00012611
0.00012955
0.000132776
0.000135634
0.000137292
0.000135789
0.00012773
0.000114363
9.96225e-05
7.73921e-05
5.70606e-05
4.52781e-05
3.56826e-05
2.46448e-05
1.61383e-05
1.14841e-05
1.27183e-05
1.07016e-05
1.31828e-05
2.14521e-05
3.60893e-05
5.04013e-05
5.75968e-05
5.57531e-05
5.93906e-05
7.14192e-05
8.14424e-05
9.0915e-05
0.000100386
0.000109629
0.000118912
0.000125667
0.000120582
0.000113674
0.000128069
0.000116758
0.000112258
0.000112057
0.000112073
0.00011163
0.000109273
0.000107594
7.64008e-05
5.28431e-05
5.50252e-05
4.49769e-05
5.48024e-05
6.49807e-05
6.89073e-05
7.49285e-05
8.0493e-05
8.56431e-05
9.05216e-05
9.43797e-05
9.76096e-05
0.000100333
0.000102668
0.000105127
0.000107848
0.000110862
0.000114322
0.000118414
0.000122785
0.000127202
0.000131035
0.000132677
0.000129732
0.00011914
0.000100659
8.10405e-05
5.3303e-05
3.65426e-05
2.4076e-05
1.15531e-05
2.96761e-06
3.07632e-06
4.30245e-06
7.09213e-06
3.94099e-06
4.82631e-06
1.78731e-05
4.20197e-05
5.73286e-05
4.90215e-05
5.16896e-05
6.20694e-05
7.26474e-05
8.23928e-05
9.18015e-05
0.000101268
0.000109165
0.000116998
0.000112045
0.000104159
0.00010161
0.000105578
0.000101187
0.000101191
0.000105255
0.0001054
0.000103892
0.000103514
5.31928e-05
5.33952e-05
4.084e-05
4.94983e-05
5.7392e-05
6.58214e-05
6.88896e-05
7.37503e-05
7.82339e-05
8.23097e-05
8.58722e-05
8.87489e-05
9.09393e-05
9.25115e-05
9.38485e-05
9.53358e-05
9.72469e-05
9.96902e-05
0.00010285
0.000106879
0.000111702
0.000116938
0.000121891
0.000125226
0.000124848
0.00011846
0.000105379
8.51089e-05
5.10428e-05
2.76092e-05
1.61785e-05
4.10707e-06
4.55335e-06
1.14194e-05
1.46316e-05
1.70544e-05
1.3211e-05
3.47882e-06
1.101e-05
2.52843e-05
4.70349e-05
4.17176e-05
4.46621e-05
5.4934e-05
6.54044e-05
7.5522e-05
8.44873e-05
9.39068e-05
0.000101648
0.000109673
0.000105265
9.58324e-05
9.09628e-05
9.58652e-05
9.21947e-05
9.22569e-05
9.72635e-05
9.93983e-05
0.000103992
8.42962e-05
5.67611e-05
4.43342e-05
4.28568e-05
5.11282e-05
5.71302e-05
6.44692e-05
6.67786e-05
7.10576e-05
7.49345e-05
7.83558e-05
8.12391e-05
8.34479e-05
8.48781e-05
8.56667e-05
8.62738e-05
8.70378e-05
8.82872e-05
9.01713e-05
9.2804e-05
9.63307e-05
0.000100835
0.000105907
0.000110772
0.00011424
0.000114657
0.000110924
0.000103396
9.13113e-05
6.43609e-05
2.71498e-05
9.94802e-06
4.33849e-07
7.52205e-06
1.2936e-05
1.40812e-05
1.65008e-05
1.2874e-05
4.09933e-06
6.8769e-06
1.75791e-05
3.3126e-05
3.51551e-05
3.67045e-05
4.49159e-05
5.49563e-05
6.67938e-05
7.81284e-05
8.91662e-05
9.47166e-05
9.85865e-05
9.74216e-05
9.06496e-05
8.50167e-05
8.78957e-05
8.49165e-05
8.34914e-05
8.71946e-05
9.12472e-05
8.95677e-05
7.34523e-05
5.26309e-05
3.53239e-05
4.40962e-05
5.03982e-05
5.52741e-05
6.22007e-05
6.37602e-05
6.76509e-05
7.11375e-05
7.40939e-05
7.64535e-05
7.81183e-05
7.89825e-05
7.93083e-05
7.93929e-05
7.95911e-05
8.02059e-05
8.14827e-05
8.34967e-05
8.63051e-05
8.99181e-05
9.39331e-05
9.76003e-05
9.96011e-05
9.89727e-05
9.62809e-05
9.32009e-05
8.86716e-05
7.82369e-05
5.10977e-05
2.53263e-05
1.65925e-05
8.28034e-06
2.89183e-06
1.05717e-05
1.01547e-05
9.21992e-06
1.74432e-06
7.78834e-06
1.34768e-05
2.14919e-05
2.64937e-05
2.89533e-05
3.52661e-05
4.61522e-05
5.85175e-05
7.05038e-05
8.1227e-05
9.01452e-05
9.1872e-05
9.42595e-05
8.9222e-05
8.45143e-05
7.02114e-05
7.98498e-05
7.71603e-05
8.06184e-05
8.47488e-05
7.54882e-05
5.37289e-05
4.7625e-05
3.67795e-05
4.35811e-05
4.86854e-05
5.31412e-05
5.97793e-05
6.11905e-05
6.48379e-05
6.8019e-05
7.05924e-05
7.24672e-05
7.3548e-05
7.37827e-05
7.35132e-05
7.29234e-05
7.23189e-05
7.20223e-05
7.2298e-05
7.32363e-05
7.4875e-05
7.69859e-05
7.90247e-05
8.0186e-05
7.95496e-05
7.77688e-05
7.67719e-05
7.66683e-05
7.55378e-05
7.13901e-05
5.83447e-05
5.4434e-05
5.7366e-05
5.09975e-05
5.05041e-05
4.32149e-05
3.41155e-05
4.88251e-06
1.08715e-06
1.15796e-06
9.27666e-06
1.31274e-05
2.00643e-05
2.53214e-05
3.14993e-05
3.75658e-05
5.09001e-05
6.52446e-05
7.74157e-05
8.6379e-05
9.05031e-05
9.17831e-05
9.24114e-05
8.8228e-05
6.64354e-05
7.83556e-05
7.65085e-05
8.02007e-05
8.9774e-05
6.99939e-05
4.30112e-05
3.54631e-05
3.83007e-05
4.39455e-05
4.87222e-05
5.32261e-05
5.97274e-05
6.10937e-05
6.45363e-05
6.73901e-05
6.94924e-05
7.07388e-05
7.10744e-05
7.04816e-05
6.92936e-05
6.77363e-05
6.60318e-05
6.45295e-05
6.35018e-05
6.30833e-05
6.30857e-05
6.31051e-05
6.24524e-05
6.0345e-05
5.72025e-05
5.53e-05
5.53606e-05
5.63438e-05
5.64897e-05
5.32055e-05
5.46252e-05
5.06076e-05
5.32923e-05
4.79865e-05
4.23942e-05
3.83311e-05
3.72615e-05
9.38216e-06
1.96753e-08
1.00765e-05
7.12356e-06
3.34205e-06
1.00309e-05
1.57276e-05
2.2814e-05
3.49007e-05
4.66405e-05
6.84579e-05
8.57045e-05
9.60754e-05
0.000104774
0.00010413
0.000102577
9.34321e-05
6.50351e-05
6.50445e-05
7.69299e-05
8.37291e-05
8.39831e-05
6.63879e-05
5.17892e-05
3.43351e-05
3.94203e-05
4.46553e-05
4.95554e-05
5.42498e-05
6.0499e-05
6.17274e-05
6.48097e-05
6.70842e-05
6.84358e-05
6.87897e-05
6.81489e-05
6.66004e-05
6.44423e-05
6.18774e-05
5.91718e-05
5.65932e-05
5.43697e-05
5.25528e-05
5.09605e-05
4.90913e-05
4.61539e-05
4.16314e-05
3.72661e-05
3.52356e-05
3.45532e-05
3.44646e-05
3.61563e-05
3.87961e-05
3.04755e-05
3.10118e-05
4.07971e-05
3.74291e-05
2.86094e-05
2.30681e-05
1.9709e-05
2.88224e-06
2.52628e-06
1.1619e-05
2.13632e-05
2.25597e-05
1.26357e-05
5.61717e-06
5.29771e-06
2.18788e-05
4.36702e-05
6.87654e-05
9.53405e-05
0.000108217
0.000114039
0.000113537
0.000109392
9.49419e-05
6.21071e-05
6.28334e-05
7.4257e-05
8.26042e-05
7.97714e-05
6.21199e-05
4.96657e-05
3.50246e-05
3.99467e-05
4.52554e-05
5.0396e-05
5.514e-05
6.08935e-05
6.16727e-05
6.40322e-05
6.53703e-05
6.55999e-05
6.47267e-05
6.28411e-05
6.0167e-05
5.68822e-05
5.32298e-05
4.9413e-05
4.56282e-05
4.20307e-05
3.86503e-05
3.50701e-05
3.08743e-05
2.57673e-05
2.02107e-05
1.59004e-05
1.28158e-05
1.02918e-05
8.60746e-06
8.57529e-06
8.1095e-06
9.95874e-06
1.29066e-05
1.95332e-05
1.79143e-05
1.26902e-05
7.272e-06
3.60091e-06
6.46047e-06
9.17457e-06
1.46086e-05
2.26483e-05
2.99934e-05
3.2845e-05
2.64756e-05
9.39271e-06
4.95122e-06
2.91538e-05
6.65255e-05
9.74678e-05
0.00011225
0.000117779
0.000116075
0.00010928
9.34723e-05
5.95996e-05
5.88169e-05
6.92398e-05
7.66166e-05
7.10223e-05
5.72204e-05
4.67012e-05
3.5926e-05
4.08757e-05
4.64828e-05
5.17789e-05
5.63622e-05
6.14932e-05
6.15656e-05
6.29258e-05
6.30739e-05
6.19814e-05
5.97036e-05
5.65272e-05
5.25985e-05
4.81394e-05
4.33479e-05
3.83928e-05
3.35039e-05
2.86679e-05
2.3865e-05
1.89748e-05
1.3774e-05
8.3253e-06
3.25576e-06
1.12603e-06
5.33218e-06
9.10783e-06
1.10721e-05
9.32596e-06
8.62444e-06
5.65638e-06
4.2361e-06
1.40433e-06
1.0349e-06
3.62223e-06
8.08244e-06
1.08035e-05
1.66688e-05
1.88595e-05
2.21409e-05
2.75602e-05
3.41839e-05
3.91175e-05
4.34122e-05
4.11103e-05
2.4986e-05
9.05808e-06
5.48018e-05
9.26878e-05
0.000113135
0.000119233
0.000117011
0.000106186
8.96373e-05
5.59722e-05
5.47495e-05
6.39546e-05
6.83786e-05
6.50706e-05
5.2933e-05
4.54839e-05
3.71267e-05
4.25254e-05
4.8485e-05
5.37118e-05
5.77947e-05
6.20084e-05
6.13634e-05
6.13162e-05
6.01934e-05
5.76485e-05
5.39788e-05
4.95958e-05
4.44009e-05
3.8723e-05
3.27372e-05
2.67269e-05
2.06335e-05
1.4779e-05
9.10048e-06
3.42915e-06
2.21182e-06
7.3651e-06
1.18032e-05
1.65331e-05
2.1504e-05
2.60232e-05
2.79948e-05
2.63249e-05
2.34896e-05
2.48035e-05
2.49878e-05
2.30091e-05
2.07358e-05
2.14281e-05
2.44707e-05
2.51385e-05
2.78955e-05
2.99922e-05
3.26563e-05
3.64719e-05
4.10817e-05
4.49601e-05
4.64248e-05
4.50888e-05
3.66469e-05
1.54592e-05
3.00388e-05
8.44362e-05
0.000109816
0.000118427
0.000120324
0.000102635
8.3208e-05
5.63576e-05
5.81222e-05
5.78736e-05
6.00249e-05
6.1618e-05
4.94501e-05
4.45472e-05
3.86173e-05
4.5005e-05
5.13481e-05
5.63996e-05
5.98474e-05
6.34146e-05
6.13173e-05
6.01733e-05
5.74485e-05
5.33674e-05
4.82282e-05
4.2231e-05
3.56168e-05
2.86026e-05
2.13767e-05
1.40584e-05
7.03675e-06
3.58397e-07
6.05434e-06
1.22147e-05
1.77768e-05
2.20694e-05
2.60342e-05
3.1223e-05
3.66393e-05
4.15333e-05
4.42534e-05
4.45615e-05
4.95457e-05
4.76099e-05
4.92814e-05
4.27102e-05
4.04354e-05
4.05216e-05
4.18745e-05
4.00168e-05
4.02857e-05
4.1858e-05
4.43319e-05
4.6816e-05
4.88589e-05
5.02539e-05
4.97745e-05
4.58023e-05
3.73417e-05
1.89977e-05
1.64239e-05
7.10203e-05
0.000105078
0.000117115
0.000119626
0.000100222
7.88743e-05
5.84905e-05
6.03146e-05
5.57251e-05
5.60193e-05
5.90082e-05
4.64231e-05
4.36361e-05
4.00336e-05
4.79246e-05
5.4702e-05
5.94807e-05
6.22035e-05
6.48393e-05
6.13379e-05
5.86747e-05
5.43687e-05
4.8771e-05
4.20815e-05
3.45375e-05
2.63873e-05
1.79501e-05
9.33614e-06
1.0496e-06
6.81221e-06
1.42396e-05
2.12449e-05
2.76257e-05
3.27202e-05
3.6088e-05
4.00229e-05
4.56702e-05
5.132e-05
5.63002e-05
6.07628e-05
7.17133e-05
8.24996e-05
7.87611e-05
7.049e-05
6.24224e-05
6.04946e-05
6.00437e-05
5.9718e-05
5.54555e-05
5.37497e-05
5.4181e-05
5.54325e-05
5.66512e-05
5.67435e-05
5.52704e-05
5.20541e-05
4.59021e-05
3.45677e-05
1.39214e-05
1.85404e-05
6.28089e-05
0.000100691
0.000116056
0.0001162
9.67776e-05
7.66742e-05
6.18813e-05
6.57562e-05
5.94593e-05
5.40116e-05
5.59345e-05
4.35664e-05
4.30391e-05
4.14805e-05
5.13972e-05
5.86088e-05
6.30638e-05
6.50009e-05
6.65907e-05
6.15473e-05
5.72837e-05
5.13964e-05
4.41584e-05
3.58345e-05
2.67004e-05
1.70725e-05
7.23412e-06
2.41804e-06
1.15606e-05
2.01911e-05
2.82935e-05
3.57771e-05
4.21929e-05
4.66584e-05
4.95233e-05
5.39087e-05
5.99753e-05
6.59642e-05
7.1532e-05
8.06252e-05
0.000105935
0.000110653
9.92086e-05
8.96523e-05
8.35416e-05
8.09641e-05
7.93482e-05
7.73432e-05
7.09477e-05
6.76445e-05
6.64935e-05
6.58893e-05
6.50631e-05
6.30935e-05
5.9693e-05
5.41944e-05
4.5283e-05
3.11847e-05
6.9456e-06
2.52697e-05
6.66723e-05
0.000100926
0.00010907
0.00010974
9.40911e-05
7.6179e-05
6.48889e-05
7.10704e-05
6.17404e-05
5.44938e-05
5.29388e-05
4.06163e-05
4.2545e-05
4.41022e-05
5.60005e-05
6.34187e-05
6.7363e-05
6.83681e-05
6.87664e-05
6.20988e-05
5.62252e-05
4.86589e-05
3.97108e-05
2.97244e-05
1.90642e-05
8.12659e-06
2.92604e-06
1.34698e-05
2.34189e-05
3.27272e-05
4.13933e-05
4.92206e-05
5.55138e-05
5.94881e-05
6.25392e-05
6.76664e-05
7.41828e-05
8.09298e-05
8.84408e-05
0.000108654
0.000130547
0.000129161
0.000118278
0.000109857
0.00010541
0.000101334
9.8009e-05
9.42417e-05
8.59908e-05
8.12884e-05
7.83997e-05
7.58059e-05
7.27974e-05
6.86987e-05
6.31827e-05
5.54433e-05
4.39062e-05
2.73345e-05
9.74707e-07
3.57513e-05
7.27588e-05
9.49302e-05
0.000106589
0.000105549
9.28235e-05
7.79706e-05
6.84245e-05
7.13894e-05
6.38774e-05
5.45769e-05
4.87122e-05
3.59659e-05
4.35092e-05
4.92397e-05
6.23825e-05
6.95928e-05
7.26974e-05
7.25115e-05
7.12761e-05
6.2979e-05
5.53773e-05
4.60129e-05
3.5283e-05
2.36282e-05
1.15892e-05
6.05386e-07
1.24629e-05
2.37338e-05
3.43014e-05
4.41387e-05
5.33463e-05
6.1325e-05
6.74512e-05
7.13279e-05
7.5247e-05
8.12916e-05
8.84048e-05
9.62535e-05
0.000106421
0.000134959
0.00014923
0.000147536
0.000138009
0.000130518
0.000127111
0.000121501
0.000115974
0.000110254
0.000100283
9.43305e-05
8.97172e-05
8.52328e-05
8.02251e-05
7.40553e-05
6.6427e-05
5.62631e-05
4.20349e-05
1.79863e-05
1.28663e-05
5.16635e-05
8.58246e-05
0.000100781
0.000108245
0.000104356
9.37117e-05
8.22319e-05
7.24669e-05
7.54774e-05
6.41931e-05
5.34723e-05
4.12958e-05
2.76297e-05
4.52479e-05
5.74105e-05
7.09929e-05
7.74398e-05
7.9308e-05
7.76068e-05
7.45024e-05
6.42586e-05
5.44429e-05
4.3202e-05
3.07193e-05
1.75606e-05
4.32244e-06
8.90259e-06
2.13542e-05
3.30067e-05
4.38542e-05
5.39214e-05
6.31226e-05
7.10738e-05
7.71971e-05
8.18557e-05
8.73518e-05
9.44613e-05
0.000102507
0.000111235
0.000126131
0.000151194
0.000169872
0.000167443
0.000158479
0.000151721
0.000148056
0.00014131
0.000133368
0.000125508
0.000113875
0.000106723
0.00010038
9.4162e-05
8.72933e-05
7.91268e-05
6.92178e-05
5.65825e-05
3.98485e-05
7.6299e-06
3.04822e-05
7.15701e-05
9.78131e-05
0.000108215
0.000111685
0.000105863
9.72394e-05
8.88008e-05
7.66217e-05
6.68237e-05
6.40302e-05
5.13051e-05
3.75058e-05
2.3311e-05
3.97357e-05
6.8546e-05
8.1321e-05
8.61761e-05
8.62625e-05
8.26214e-05
7.73451e-05
6.50759e-05
5.31033e-05
3.97654e-05
2.56161e-05
1.12797e-05
3.10875e-06
1.69233e-05
2.97345e-05
4.15369e-05
5.24943e-05
6.27278e-05
7.22002e-05
8.0392e-05
8.72459e-05
9.40446e-05
0.000101675
0.000109094
0.000116638
0.000125654
0.000153806
0.000169034
0.000191261
0.000188507
0.000180547
0.000173544
0.000167754
0.000160586
0.000150362
0.000140266
0.000127043
0.000118614
0.000110592
0.000102557
9.36795e-05
8.3318e-05
7.136e-05
5.62452e-05
2.76707e-05
1.01051e-05
5.26115e-05
9.07879e-05
0.000108205
0.000115019
0.000115653
0.000109044
0.000103236
0.000100108
7.84768e-05
8.12379e-05
6.49595e-05
5.58754e-05
4.19783e-05
2.75324e-05
4.62673e-05
8.16467e-05
9.23174e-05
9.49622e-05
9.28305e-05
8.66932e-05
7.87681e-05
6.43945e-05
5.02994e-05
3.5166e-05
1.97387e-05
4.59068e-06
1.05488e-05
2.45194e-05
3.73572e-05
4.91484e-05
6.01723e-05
7.06203e-05
8.04731e-05
8.98806e-05
0.000105497
0.000130646
0.000135254
0.000144545
0.000136537
0.000147762
0.000172448
0.000192036
0.000213094
0.000211189
0.000203422
0.000195155
0.000187104
0.000179125
0.000166986
0.000154739
0.000139894
0.000129843
0.000119878
0.000109872
9.87239e-05
8.64004e-05
7.21973e-05
5.09105e-05
1.23902e-05
3.3051e-05
8.36176e-05
0.000127023
0.000125664
0.000121209
0.000118695
0.000112768
0.000109684
0.000118406
0.000103774
9.02192e-05
7.59692e-05
5.45697e-05
4.82847e-05
4.25327e-05
5.69577e-05
9.46572e-05
0.000101922
0.000101741
9.71151e-05
8.86007e-05
7.80019e-05
6.17478e-05
4.56302e-05
2.90383e-05
1.28747e-05
3.10023e-06
1.81609e-05
3.18387e-05
4.43121e-05
5.58518e-05
6.69291e-05
7.77751e-05
8.94137e-05
0.000125106
0.000128286
0.000135356
0.000145246
0.000155383
0.000163724
0.000174873
0.000188734
0.000213833
0.000234556
0.00023455
0.000226884
0.000217064
0.000206842
0.000197373
0.000184098
0.000170078
0.000153612
0.000141583
0.000129334
0.000116606
0.000103135
8.87812e-05
7.21966e-05
3.63736e-05
1.24069e-05
6.31607e-05
0.000111215
0.000140774
0.000137503
0.000128091
0.000122346
0.000115962
0.000110283
9.71184e-05
8.2788e-05
9.31323e-05
7.48168e-05
6.27883e-05
4.97275e-05
6.72785e-05
7.24022e-05
0.000105036
0.00010756
0.000104397
9.69855e-05
8.59878e-05
7.23018e-05
5.8002e-05
3.90288e-05
2.15425e-05
5.10277e-06
1.10193e-05
2.54596e-05
3.8484e-05
5.04054e-05
6.17291e-05
7.32279e-05
8.70307e-05
0.00011838
0.000125431
0.000134491
0.000144688
0.000156183
0.000165053
0.000174677
0.000187783
0.00020752
0.000234022
0.000254079
0.000252152
0.000246362
0.000235828
0.000224178
0.000212179
0.000199208
0.000183452
0.000166887
0.000151151
0.000135777
0.000120343
0.000105052
8.74793e-05
5.54321e-05
1.22508e-05
4.14305e-05
0.000100225
0.000132369
0.000145546
0.000153353
0.000135345
0.000124869
0.000120539
0.000111727
9.76727e-05
8.55023e-05
9.25617e-05
7.95833e-05
6.97352e-05
4.67369e-05
7.59865e-05
9.13267e-05
0.000107436
0.000109627
0.000102027
9.19133e-05
7.87293e-05
6.36976e-05
4.70461e-05
3.20262e-05
1.25104e-05
3.87121e-06
1.89039e-05
3.2143e-05
4.42601e-05
5.5684e-05
6.73274e-05
8.41107e-05
0.000111174
0.000120068
0.000130634
0.000141422
0.0001555
0.000165818
0.000175508
0.00018756
0.000203457
0.000226107
0.000252299
0.00027172
0.000274252
0.000267458
0.000255753
0.000242703
0.000228871
0.000214756
0.000198136
0.000179186
0.00016062
0.000142252
0.000124137
0.000105731
8.25237e-05
4.23578e-05
1.84248e-05
8.7955e-05
0.000116098
0.000141924
0.000154145
0.000160997
0.000142243
0.000128313
0.000121373
0.000110419
0.000100802
0.000112793
0.000100243
8.97286e-05
7.33051e-05
7.98354e-05
8.0238e-05
9.87658e-05
0.000105579
0.000104275
9.41448e-05
8.21598e-05
6.79568e-05
5.24438e-05
3.57914e-05
2.10842e-05
2.34322e-06
1.27608e-05
2.59724e-05
3.77179e-05
4.88723e-05
6.04163e-05
7.88946e-05
0.000103604
0.000112968
0.000124414
0.000136137
0.000149826
0.000162641
0.000174654
0.000186335
0.00020073
0.00021895
0.000241673
0.000266749
0.000286381
0.000291962
0.000285309
0.000273323
0.000258723
0.000243244
0.000226311
0.000207781
0.000188331
0.000167748
0.000146351
0.000125428
0.0001027
6.23392e-05
7.25522e-06
5.87735e-05
0.000129777
0.000136058
0.000149095
0.000162006
0.000168018
0.000181363
0.000147973
0.000125458
0.000112113
0.000109853
0.000116555
0.000106222
9.29965e-05
6.57402e-05
8.40822e-05
8.86055e-05
0.000102047
9.74139e-05
9.25111e-05
8.0811e-05
6.81843e-05
5.40943e-05
3.88145e-05
2.27485e-05
8.86164e-06
8.70188e-06
2.18724e-05
3.30847e-05
4.35167e-05
5.41521e-05
6.80521e-05
9.79509e-05
0.000106439
0.000117683
0.000130001
0.000143055
0.000158442
0.000170706
0.000183252
0.000198617
0.000215156
0.000232263
0.000265722
0.00025419
0.000255568
0.000248799
0.000241304
0.000234863
0.000271127
0.000252481
0.000233539
0.000213315
0.000191253
0.000168198
0.000151777
0.000125492
8.60224e-05
3.55237e-05
2.61842e-05
9.93175e-05
0.000138193
0.000134078
0.000150514
0.000168787
0.000174369
0.000176517
0.000180923
0.000162538
0.000147674
0.000136662
0.000119913
0.000113827
9.12418e-05
8.61608e-05
9.14719e-05
8.93764e-05
9.82095e-05
8.13645e-05
7.54648e-05
6.2737e-05
5.0491e-05
3.71286e-05
2.28678e-05
7.88009e-06
5.98922e-06
1.87923e-05
2.94805e-05
3.90477e-05
4.9626e-05
7.89274e-05
8.67849e-05
0.000101983
0.000117645
0.000133801
0.000150275
0.000166497
0.00016401
0.000197208
0.000190573
0.000207419
0.000221106
0.000236834
0.000265226
0.000235177
0.000242427
0.000243306
0.000237284
0.000227086
0.000215233
0.000208595
0.000204788
0.000221496
0.000197387
0.000174336
0.000149563
0.000111339
7.30558e-05
5.93821e-07
7.99943e-05
0.00012006
0.000144335
0.000142963
0.000160713
0.000175114
0.000178911
0.000181569
0.000179822
0.000164951
0.000166046
0.000135273
0.000124336
0.000119295
8.32777e-05
8.30936e-05
7.67894e-05
8.7308e-05
8.53866e-05
6.31979e-05
5.64919e-05
4.39275e-05
3.26024e-05
2.02089e-05
7.3544e-06
5.25451e-06
1.68479e-05
2.74271e-05
3.63604e-05
4.55536e-05
5.91212e-05
8.08141e-05
9.13991e-05
0.000106877
0.00012362
0.00014049
0.000157556
0.000176417
0.000192668
0.000203319
0.000202238
0.000219631
0.000232785
0.000248635
0.000267718
0.000229407
0.000235786
0.000235804
0.000232378
0.000223236
0.000212645
0.000201781
0.000191371
0.000179751
0.000163847
0.000144479
0.000127852
9.57695e-05
3.42289e-05
3.47918e-05
0.000105797
0.000132627
0.000149218
0.000151005
0.000169311
0.000182516
0.000182187
0.000182989
0.000180168
0.000174327
0.000159803
0.000137194
0.000129238
0.000115666
8.34726e-05
7.03688e-05
7.1309e-05
7.53027e-05
6.97448e-05
4.53214e-05
3.68646e-05
2.43416e-05
1.38679e-05
3.05986e-06
7.64829e-06
1.75798e-05
2.71406e-05
3.58996e-05
5.60492e-05
6.28542e-05
7.27268e-05
8.26977e-05
9.55353e-05
0.000111082
0.000127793
0.000145041
0.000162636
0.000183343
0.00019849
0.000210912
0.000216376
0.000223318
0.000237104
0.000248997
0.000243423
0.000232921
0.000234215
0.000232443
0.000225561
0.000215927
0.00020513
0.00019344
0.000181399
0.000169448
0.000154778
0.000135293
0.00011552
6.62596e-05
1.11668e-06
8.61641e-05
0.00012804
0.000138762
0.000154358
0.000157463
0.000176178
0.000204631
0.0001814
0.000184703
0.000181488
0.000185013
0.000156256
0.000138705
0.000133348
0.000107136
7.88376e-05
5.95041e-05
5.89626e-05
5.71696e-05
5.37305e-05
2.32198e-05
1.69776e-05
4.99372e-06
4.20294e-06
1.30426e-05
2.11816e-05
2.88104e-05
3.65441e-05
5.32069e-05
5.96039e-05
6.71973e-05
7.55516e-05
8.48893e-05
9.85298e-05
0.000114472
0.000131755
0.000149567
0.000168148
0.000187704
0.000202525
0.000212377
0.000221868
0.000233281
0.00024142
0.000254587
0.000222856
0.000225165
0.000225689
0.000222416
0.000214725
0.00020552
0.000194867
0.000183121
0.000170748
0.00015815
0.000143335
0.000124421
9.86564e-05
2.76252e-05
3.18445e-05
0.000105334
0.000152564
0.000143019
0.000157556
0.000161554
0.000181472
0.00018763
0.000181149
0.000184291
0.000188778
0.000188186
0.000150537
0.000138701
0.000133801
9.21944e-05
5.82223e-05
5.08684e-05
4.65643e-05
4.1674e-05
3.33249e-05
5.64355e-06
2.12149e-06
1.37206e-05
2.15848e-05
2.84286e-05
3.45922e-05
4.40974e-05
5.47248e-05
5.98833e-05
6.5752e-05
7.20395e-05
7.92129e-05
8.90687e-05
0.000102497
0.000118045
0.000135593
0.000154041
0.000175462
0.000191414
0.000205474
0.000212314
0.000224395
0.000235547
0.000243647
0.000252125
0.000216252
0.000217991
0.000216545
0.000211459
0.000203779
0.000194593
0.000183382
0.000170854
0.000158392
0.00014533
0.000129473
0.000109077
5.23382e-05
3.54881e-06
6.95016e-05
0.000121762
0.000154967
0.000146396
0.000159922
0.00016755
0.000181941
0.000188213
0.000181203
0.000183484
0.000190753
0.00017052
0.000149445
0.000139147
0.000126537
7.58538e-05
4.50459e-05
3.85331e-05
3.61017e-05
2.38767e-05
1.65703e-05
1.12648e-05
1.8702e-05
2.93151e-05
3.59189e-05
4.16637e-05
5.61944e-05
5.96733e-05
6.29849e-05
6.70075e-05
7.17012e-05
7.69474e-05
8.35308e-05
9.47795e-05
0.000106522
0.000121754
0.000139384
0.000158604
0.000179484
0.000194503
0.000206488
0.000213725
0.000225702
0.000235918
0.000241746
0.000247088
0.0002077
0.000208178
0.00020436
0.000197643
0.000189807
0.000180528
0.000169757
0.000157812
0.000144199
0.000130526
0.000112487
7.90511e-05
1.93213e-05
2.84495e-05
9.94505e-05
0.000131452
0.000155045
0.000148203
0.000161635
0.000170255
0.000184179
0.000188781
0.000181906
0.00018587
0.000196508
0.000163586
0.000145612
0.000138673
0.000113317
6.88917e-05
3.5666e-05
2.75972e-05
1.9653e-05
1.0176e-05
1.61832e-08
2.81205e-05
3.76276e-05
5.14193e-05
5.81845e-05
6.26755e-05
6.55792e-05
6.75894e-05
7.0034e-05
7.30534e-05
7.66776e-05
8.10569e-05
8.79039e-05
9.80621e-05
0.000109522
0.000124644
0.000142808
0.000164521
0.000181888
0.000196417
0.000204855
0.00021457
0.000225705
0.000234366
0.00023718
0.000240554
0.000198379
0.000197454
0.000190995
0.000183221
0.000174761
0.000164967
0.000153924
0.000141948
0.00012914
0.000112587
9.16075e-05
3.94717e-05
7.36512e-06
4.68109e-05
0.000103682
0.000137021
0.00015419
0.000156202
0.000162892
0.000172804
0.000184417
0.000188048
0.000184709
0.000193558
0.000192105
0.000155339
0.000140985
0.000136401
9.56986e-05
5.24849e-05
2.88261e-05
1.71798e-05
6.198e-06
5.11835e-06
1.55706e-05
4.1267e-05
4.97657e-05
6.05465e-05
6.78208e-05
7.18105e-05
7.33759e-05
7.46764e-05
7.62218e-05
7.82496e-05
8.08736e-05
8.44011e-05
9.11615e-05
0.000100083
0.0001117
0.000126891
0.000146091
0.000168246
0.000183585
0.000196846
0.000203161
0.000213994
0.000224586
0.000230912
0.000230847
0.000232613
0.000187962
0.000185931
0.000177645
0.000169019
0.000159759
0.000149172
0.000137101
0.000123977
0.000110055
9.32781e-05
5.3457e-05
1.09332e-05
2.7492e-05
8.62337e-05
0.000112568
0.000137282
0.000153784
0.000156506
0.000164052
0.000175506
0.000185136
0.000185579
0.000184469
0.000195147
0.000171828
0.000150221
0.000137773
0.000128464
8.69029e-05
4.48622e-05
2.39084e-05
8.86346e-06
4.64255e-06
1.75753e-05
2.91123e-05
5.30537e-05
6.12602e-05
7.21904e-05
7.9421e-05
7.94064e-05
8.03813e-05
8.07002e-05
8.12823e-05
8.26787e-05
8.44018e-05
8.71181e-05
9.3056e-05
0.000101439
0.000113016
0.000128452
0.000148304
0.000169628
0.000184362
0.000195205
0.000202236
0.000212397
0.000221772
0.000225664
0.000223229
0.000223468
0.000174909
0.000174192
0.000165594
0.000157617
0.000147361
0.000134239
0.000120816
0.000107323
9.12213e-05
6.74215e-05
2.29829e-05
1.17469e-05
4.09563e-05
9.64307e-05
0.000115531
0.000149034
0.00015359
0.000156791
0.000165337
0.000178461
0.000186179
0.000179529
0.000183859
0.000197689
0.000163635
0.000144657
0.000135997
0.000117523
7.00244e-05
4.1428e-05
2.01638e-05
2.61861e-06
1.3016e-05
2.75159e-05
4.08061e-05
6.30568e-05
7.1553e-05
8.16784e-05
8.74238e-05
9.16345e-05
8.71789e-05
8.62817e-05
8.58114e-05
8.59154e-05
8.73927e-05
8.92749e-05
9.39814e-05
0.000102155
0.00011359
0.000129419
0.000151317
0.000169546
0.000183846
0.000191323
0.000200423
0.00020999
0.00021726
0.000218654
0.000214444
0.000213505
0.000166268
0.000165563
0.000154102
0.000141869
0.000129262
0.000115807
0.000101493
8.91705e-05
7.3359e-05
3.24906e-05
1.86184e-06
2.64781e-05
5.37142e-05
9.60103e-05
0.000118608
0.000147236
0.000153886
0.000157041
0.000166785
0.000179971
0.000186702
0.000177688
0.000188311
0.000192644
0.000155575
0.000141278
0.000133709
0.000107149
6.91129e-05
4.04424e-05
1.75371e-05
2.3854e-06
1.98551e-05
3.56045e-05
5.04852e-05
6.96008e-05
8.1999e-05
8.95601e-05
9.47999e-05
9.79796e-05
0.000100577
0.000102517
9.00967e-05
8.89174e-05
8.89838e-05
9.07263e-05
9.4478e-05
0.000102537
0.000113747
0.000128977
0.000152042
0.00016819
0.000181671
0.000187284
0.000197277
0.000206678
0.00021142
0.00021005
0.000204608
0.000202726
0.000156635
0.000151142
0.00013806
0.000124571
0.000110645
9.62837e-05
8.08378e-05
6.31479e-05
4.03363e-05
1.18003e-05
1.50135e-05
3.69711e-05
8.54739e-05
9.59344e-05
0.000132966
0.000145772
0.00015363
0.000157433
0.00016864
0.000181006
0.000184307
0.000181576
0.000192194
0.000171901
0.000152479
0.000128541
0.000127107
9.71979e-05
6.68383e-05
4.17692e-05
1.62369e-05
6.17908e-06
2.59363e-05
4.37985e-05
5.64377e-05
7.77277e-05
8.83629e-05
9.60445e-05
0.00010094
0.00010349
0.0001051
0.000106634
0.000102853
9.26159e-05
9.0566e-05
9.13285e-05
9.46906e-05
0.000102682
0.000113659
0.000127999
0.000150627
0.000165823
0.000177509
0.000183496
0.000193017
0.000201833
0.000204168
0.00020031
0.00019394
0.000190962
0.00014527
0.00013659
0.000121723
0.000107297
9.30135e-05
7.79191e-05
6.14841e-05
4.35222e-05
2.01035e-05
3.8626e-06
2.62302e-05
4.72469e-05
8.7745e-05
9.97652e-05
0.000131384
0.000144684
0.00015327
0.000155708
0.000171097
0.000181731
0.000181336
0.000181434
0.000196955
0.000166148
0.000133557
0.000119916
0.000119303
9.49438e-05
6.68767e-05
4.41655e-05
1.73848e-05
6.56139e-06
2.73566e-05
4.58845e-05
6.31378e-05
8.23975e-05
9.33209e-05
0.000101176
0.000105855
0.000107953
0.000108797
0.000109807
0.00010602
9.8235e-05
9.19946e-05
9.18498e-05
9.51995e-05
0.000102622
0.000113366
0.000127475
0.000148622
0.00016286
0.00017124
0.000179092
0.00018813
0.000195399
0.000195353
0.000189688
0.000182987
0.000179474
0.000132912
0.000122085
0.000107196
9.28481e-05
7.81484e-05
6.26221e-05
4.5982e-05
2.66922e-05
4.79675e-06
1.68148e-05
3.4244e-05
7.55838e-05
8.65763e-05
0.000123996
0.000129975
0.000144124
0.000153225
0.000160159
0.000174558
0.000182448
0.000174633
0.000184305
0.000192123
0.000142493
0.00012802
0.000112842
0.000112671
8.89666e-05
6.6659e-05
4.76498e-05
1.9548e-05
6.76447e-06
2.98681e-05
5.05256e-05
6.68871e-05
8.59713e-05
9.68549e-05
0.000104959
0.000109518
0.000111267
0.000111525
0.000112044
0.000108165
0.000100046
9.36196e-05
9.2381e-05
9.52531e-05
0.000102821
0.000113202
0.000127691
0.000146566
0.000159744
0.000164842
0.000174411
0.000182698
0.000188113
0.00018545
0.000178754
0.000172556
0.000169446
0.000124389
0.00010874
9.46835e-05
7.9815e-05
6.52414e-05
4.97382e-05
3.28087e-05
1.28425e-05
7.15428e-06
2.47736e-05
4.24712e-05
7.88073e-05
0.000115338
0.000121867
0.000128872
0.000144332
0.000153771
0.000163744
0.000181656
0.00018396
0.000178928
0.00019525
0.000178671
0.000135531
0.000122079
0.000133849
0.000107795
8.53272e-05
6.98939e-05
5.29118e-05
2.45592e-05
3.43278e-06
2.85931e-05
5.11838e-05
6.96304e-05
8.80132e-05
9.86692e-05
0.00010712
0.000111751
0.000113222
0.00011305
0.000113137
0.000109103
0.000100861
9.42958e-05
9.26408e-05
9.52579e-05
0.000102785
0.000112967
0.000127759
0.000144512
0.000156544
0.000160401
0.000170227
0.000177356
0.000180823
0.000175555
0.000168316
0.000162136
0.000156774
0.000158358
9.91774e-05
8.50368e-05
7.17868e-05
5.59144e-05
3.87209e-05
2.0681e-05
2.26241e-06
1.60578e-05
3.08144e-05
6.60586e-05
9.79582e-05
0.000115358
0.000119964
0.00012831
0.00014549
0.000155008
0.000167325
0.000188657
0.000183006
0.000181908
0.00020025
0.000147659
0.000131835
0.000114725
0.000125653
0.000108016
9.36845e-05
7.49079e-05
5.84286e-05
3.20089e-05
2.95765e-06
2.41771e-05
4.88976e-05
6.9821e-05
8.73601e-05
9.81767e-05
0.000107079
0.000112126
0.000113418
0.000112937
0.000112632
0.000108174
0.000100138
9.32224e-05
9.22095e-05
9.48348e-05
0.00010157
0.00011231
0.0001268
0.000142171
0.000153027
0.000156569
0.000166254
0.000172511
0.000174184
0.000166561
0.000159098
0.000152095
0.000145033
0.000137532
9.18419e-05
7.75058e-05
6.22561e-05
4.6221e-05
2.85057e-05
1.10953e-05
5.99566e-06
2.0924e-05
5.27458e-05
7.83994e-05
0.00010171
0.000113325
0.000118262
0.000128459
0.000147611
0.00015568
0.000171605
0.000195462
0.000182041
0.000184398
0.000197398
0.000138404
0.000128374
0.000135427
0.000114112
0.000107678
9.97055e-05
8.12444e-05
6.62176e-05
4.13543e-05
1.25201e-05
1.61063e-05
4.28899e-05
6.68614e-05
8.27897e-05
9.48231e-05
0.00010448
0.000110256
0.000111536
0.00011085
0.000110157
0.000105006
9.77464e-05
9.18119e-05
9.10397e-05
9.37701e-05
9.96199e-05
0.00011066
0.000125155
0.000139032
0.000148781
0.000152408
0.000161794
0.000167632
0.000167611
0.000158159
0.000150611
0.000142356
0.000133894
0.000121898
8.50434e-05
6.91221e-05
5.40313e-05
3.62625e-05
1.95704e-05
3.98234e-06
1.19268e-05
2.55297e-05
6.07715e-05
8.16454e-05
0.000101869
0.000111169
0.000117301
0.000129616
0.000150628
0.000160288
0.000176534
0.000198809
0.000195154
0.000198582
0.000190395
0.000133816
0.000124315
0.000128748
0.000110953
0.000109994
0.00010631
9.45449e-05
7.5447e-05
5.27006e-05
2.44198e-05
4.73393e-06
3.29643e-05
5.85766e-05
7.3928e-05
8.93073e-05
9.93689e-05
0.000106147
0.000107808
0.000107016
0.000105846
0.000100231
9.44849e-05
9.12759e-05
8.99552e-05
9.23791e-05
9.79114e-05
0.000107701
0.000122653
0.000135077
0.000143321
0.000147516
0.000156226
0.000162119
0.000160259
0.000149449
0.000141765
0.000132553
0.000122571
0.000108264
7.44514e-05
6.08195e-05
4.38525e-05
2.75722e-05
1.25767e-05
1.9897e-06
1.54543e-05
4.13435e-05
6.46026e-05
8.3811e-05
0.000100751
0.000110013
0.000117474
0.000131978
0.000154611
0.000164809
0.000181402
0.000200009
0.000184545
0.000205957
0.000146169
0.000130844
0.000118389
0.000120654
0.000113832
0.000113633
0.000113244
0.000105535
8.55256e-05
6.60359e-05
3.88282e-05
9.32874e-06
1.96743e-05
4.68773e-05
6.16916e-05
8.11222e-05
9.19697e-05
0.000100042
0.000102633
0.000101778
9.98709e-05
9.50815e-05
9.15817e-05
9.01102e-05
9.04397e-05
9.16028e-05
9.61042e-05
0.000104629
0.000119312
0.000130394
0.000136782
0.000142188
0.000149991
0.000155824
0.00015154
0.000140297
0.000132118
0.000122501
0.000110996
9.70502e-05
6.66701e-05
5.06566e-05
3.54365e-05
2.07875e-05
6.76353e-06
6.8914e-06
1.89297e-05
4.43001e-05
6.74814e-05
8.67392e-05
0.000102249
0.000110024
0.000118882
0.000135473
0.000156398
0.000169159
0.000187513
0.000200337
0.000184558
0.000204865
0.000139298
0.000128786
0.000132946
0.000113398
0.000117815
0.000118474
0.000117103
0.000115107
0.000102034
7.9895e-05
5.57159e-05
2.6489e-05
3.26915e-06
3.25063e-05
4.48091e-05
6.84241e-05
8.30775e-05
9.16307e-05
9.53754e-05
9.43848e-05
9.24609e-05
9.05506e-05
8.90107e-05
8.7667e-05
8.83576e-05
9.13541e-05
9.42985e-05
0.00010148
0.000115134
0.000125162
0.000130183
0.000136754
0.000143648
0.000148413
0.000142355
0.000131433
0.000123054
0.000113103
0.000100132
8.6213e-05
7.79761e-05
4.25736e-05
2.88022e-05
1.54807e-05
1.80832e-06
1.01383e-05
2.20618e-05
4.71961e-05
7.03959e-05
9.02709e-05
0.000103504
0.000110835
0.000121245
0.000139885
0.000165079
0.000173788
0.000194646
0.000195582
0.000167684
0.000155701
0.000135342
0.000126628
0.000126999
0.00011528
0.000121981
0.000123766
0.00012293
0.000124323
0.000114318
9.75063e-05
7.4705e-05
4.67011e-05
1.69258e-05
1.35364e-05
2.27529e-05
4.83934e-05
6.94561e-05
7.89066e-05
8.49154e-05
8.66023e-05
8.69843e-05
8.68653e-05
8.57235e-05
8.46707e-05
8.6048e-05
8.92782e-05
9.25211e-05
9.86221e-05
0.00011241
0.000119367
0.00012387
0.000130835
0.000137506
0.000140552
0.000133254
0.000122759
0.000115138
0.000104462
9.15275e-05
7.69665e-05
6.74309e-05
3.64856e-05
2.40052e-05
1.03684e-05
2.12298e-06
1.30365e-05
3.49769e-05
5.54748e-05
7.35208e-05
9.38356e-05
0.000104172
0.000112265
0.000124099
0.000145021
0.00015258
0.000178658
0.000200987
0.000190718
0.000166501
0.000146646
0.000132778
0.000122867
0.000121337
0.00011986
0.000126824
0.000129292
0.00013151
0.000129962
0.000125299
0.000112467
9.28699e-05
6.88336e-05
3.99115e-05
9.27074e-06
2.45598e-06
2.45055e-05
4.77363e-05
6.27513e-05
6.912e-05
7.43369e-05
7.70183e-05
7.90773e-05
7.97579e-05
8.05037e-05
8.26286e-05
8.66052e-05
9.18007e-05
9.56069e-05
0.000107337
0.000112638
0.000117648
0.000124397
0.000130778
0.000132622
0.00013569
0.000114702
0.000108242
9.76558e-05
8.38689e-05
6.93197e-05
5.92713e-05
3.24311e-05
1.89433e-05
5.83093e-06
5.12128e-06
1.60755e-05
3.72046e-05
5.97244e-05
7.82562e-05
9.63647e-05
0.000105757
0.000114505
0.00012705
0.000150609
0.000153049
0.000182655
0.000205438
0.000185469
0.000213041
0.000142212
0.000131118
0.000116197
0.000119162
0.000124841
0.000131939
0.000135175
0.000138392
0.000138797
0.000133141
0.000123521
0.000110186
8.95962e-05
6.46363e-05
3.51051e-05
3.03159e-05
2.45746e-06
2.18259e-05
4.19953e-05
5.40484e-05
6.12941e-05
6.69241e-05
6.97475e-05
7.12468e-05
7.34422e-05
7.7312e-05
8.23349e-05
8.74185e-05
9.21505e-05
0.000103348
0.000110194
0.000111525
0.000116993
0.000124021
0.000134267
0.000127688
0.000107605
0.000102757
9.12571e-05
7.73124e-05
6.30605e-05
5.20808e-05
2.77338e-05
1.46607e-05
2.27842e-06
7.39268e-06
1.86891e-05
4.03676e-05
6.51179e-05
8.58888e-05
0.000100468
0.000108485
0.000117162
0.00012975
0.000156387
0.000153804
0.000187135
0.000208562
0.000173217
0.000163122
0.000139655
0.000130231
0.000130344
0.000124061
0.00013048
0.000137167
0.000141374
0.000145086
0.000145323
0.000141155
0.000133268
0.000121492
0.000106114
8.70645e-05
6.13335e-05
5.59059e-05
3.10537e-05
5.13769e-06
1.88502e-05
3.63603e-05
4.77871e-05
5.47904e-05
5.83294e-05
6.13626e-05
6.32499e-05
6.71484e-05
7.50154e-05
8.23226e-05
8.77562e-05
9.87528e-05
0.000104365
0.000114481
0.000120151
0.000116818
0.000126943
0.000120061
9.90858e-05
0.000110633
0.000104088
9.03089e-05
5.74838e-05
4.62606e-05
2.33646e-05
1.09566e-05
6.72406e-08
1.01001e-05
2.15222e-05
4.63543e-05
5.69259e-05
9.48364e-05
0.000104986
0.000111692
0.000119678
0.000131854
0.000149811
0.00015425
0.000191943
0.000193586
0.000170864
0.000154033
0.000137894
0.000128306
0.000127451
0.000127661
0.000136355
0.000142595
0.000147507
0.000150596
0.000150068
0.000145712
0.000138536
0.000129791
0.000117879
0.000102237
8.22421e-05
7.50759e-05
5.55341e-05
3.26483e-05
9.36313e-06
1.31032e-05
3.205e-05
4.03792e-05
4.42317e-05
5.29438e-05
5.31101e-05
5.63127e-05
6.2716e-05
7.38882e-05
8.09309e-05
9.22618e-05
9.79182e-05
0.000107957
0.00011305
0.000120248
0.000119067
0.00011196
0.000105573
0.000100278
9.23259e-05
7.94487e-05
5.17869e-05
3.08842e-05
1.90079e-05
7.71603e-06
3.51975e-06
1.65314e-05
3.11096e-05
5.69362e-05
6.67634e-05
0.000104257
0.000109552
0.000114577
0.000121496
0.000133182
0.000153668
0.000154207
0.000196366
0.000193638
0.000193236
0.000149523
0.000136587
0.000125258
0.00012921
0.000134765
0.000141858
0.000147986
0.000152906
0.00015471
0.000153023
0.0001482
0.000141409
0.000133383
0.000122928
0.000110087
9.50008e-05
8.71633e-05
7.31481e-05
5.72863e-05
3.80958e-05
1.59797e-05
6.20502e-06
2.41793e-05
2.99439e-05
4.18484e-05
4.59978e-05
4.87395e-05
5.50575e-05
6.1181e-05
7.14344e-05
8.4021e-05
9.00208e-05
9.96749e-05
0.000105656
0.000112534
0.000109912
0.000103062
9.44617e-05
8.92014e-05
7.94052e-05
6.79115e-05
4.67963e-05
2.4559e-05
1.37786e-05
7.29472e-07
1.42415e-05
3.00028e-05
4.54405e-05
6.91556e-05
7.90265e-05
0.000112965
0.000114155
0.000117027
0.00012257
0.000133788
0.000158186
0.000154339
0.000173315
0.000198837
0.000203118
0.000147109
0.000135271
0.000138393
0.000135348
0.000140219
0.000146082
0.00015257
0.00015699
0.000157324
0.000154576
0.000149916
0.000144288
0.000137349
0.000128266
0.000117259
0.000103964
9.02119e-05
7.66775e-05
6.65972e-05
5.76267e-05
4.25935e-05
2.29173e-05
1.11109e-06
1.42073e-05
2.63737e-05
3.17269e-05
3.99683e-05
4.55222e-05
5.1939e-05
5.68273e-05
6.93071e-05
7.77699e-05
8.83937e-05
9.58661e-05
0.000102977
9.94745e-05
9.15067e-05
8.09113e-05
7.52074e-05
6.60504e-05
3.50455e-05
2.64542e-05
1.49854e-05
1.23603e-06
1.86538e-05
3.52064e-05
4.96215e-05
7.60226e-05
8.27844e-05
0.000117511
0.000118723
0.00011755
0.000118632
0.000122863
0.00013359
0.000163655
0.000153813
0.000176266
0.000207196
0.000195518
0.000145593
0.000134039
0.000137436
0.000143693
0.000143801
0.000148845
0.000156018
0.000159881
0.000158896
0.00015585
0.000152332
0.000148056
0.000141777
0.00013238
0.000120726
0.000107024
0.000106956
8.9656e-05
7.65572e-05
6.7696e-05
6.13831e-05
5.01406e-05
2.80529e-05
7.11293e-06
8.8846e-06
2.13823e-05
2.47744e-05
2.82164e-05
3.46284e-05
4.23558e-05
4.66604e-05
5.35176e-05
6.25858e-05
8.03408e-05
8.68687e-05
8.36822e-05
7.83585e-05
5.34732e-05
3.99643e-05
3.26689e-05
2.23039e-05
5.39688e-06
1.31531e-05
3.08757e-05
4.61513e-05
5.8275e-05
8.47344e-05
0.000110648
0.0001215
0.000125229
0.000121969
0.000119428
0.000119152
0.00012228
0.000132581
0.000165123
0.000152535
0.000177525
0.000223356
0.000157171
0.000144425
0.000133545
0.000142148
0.000152528
0.000143765
0.000151943
0.00015921
0.000162594
0.000160652
0.000157661
0.000154774
0.0001503
0.000144001
0.000141094
0.000143234
0.000128475
0.000116362
0.000100702
8.54338e-05
8.93055e-05
7.73175e-05
5.95145e-05
5.37679e-05
3.81226e-05
1.16588e-05
7.01301e-06
1.0425e-05
1.4331e-05
1.93223e-05
2.55934e-05
2.82122e-05
3.66505e-05
4.28415e-05
5.67746e-05
6.68814e-05
7.01116e-05
4.53929e-05
2.82307e-05
1.88616e-05
3.65718e-07
1.69969e-05
3.32309e-05
4.70216e-05
5.81129e-05
6.66639e-05
9.14956e-05
0.000113428
0.00012293
0.000129083
0.00012853
0.000123124
0.000119787
0.000118468
0.000120835
0.000131401
0.000176873
0.000150669
0.000177462
0.000208769
0.000156193
0.000143316
0.000134675
0.00014984
0.000160699
0.000154092
0.000159783
0.000161293
0.000166995
0.000163566
0.000160439
0.000157179
0.000152509
0.00015135
0.000168107
0.000162249
0.000152148
0.000122916
0.000112778
0.000102227
9.15867e-05
8.16413e-05
7.19407e-05
6.71838e-05
6.32522e-05
4.50683e-05
1.35758e-05
6.59172e-06
1.0185e-05
1.40119e-05
1.7027e-05
2.1494e-05
2.57221e-05
3.91117e-05
4.49635e-05
3.69506e-05
2.39069e-05
7.17068e-06
1.40445e-05
2.9056e-05
4.23577e-05
5.32362e-05
6.20176e-05
6.91695e-05
7.54642e-05
9.81915e-05
0.000117209
0.000124403
0.000130443
0.000133075
0.000130219
0.000123968
0.00011959
0.000117316
0.000119331
0.000132737
0.00018274
0.000150118
0.000177939
0.000204414
0.000154858
0.000143604
0.000137499
0.000160941
0.000159864
0.000163042
0.000168759
0.00016947
0.000172822
0.000168798
0.000182686
0.00018215
0.000176933
0.00017555
0.000172045
0.000169331
0.000139918
0.000128656
0.000119991
0.000112828
0.000106666
9.98972e-05
8.92569e-05
8.1786e-05
7.67068e-05
7.13266e-05
5.89925e-05
3.56768e-05
1.83346e-05
1.46921e-05
1.41252e-06
1.78927e-06
5.66001e-06
1.02438e-05
2.02143e-05
3.29357e-05
4.22906e-05
5.04632e-05
6.10725e-05
6.25411e-05
6.66937e-05
7.17602e-05
7.67541e-05
8.17222e-05
0.000103646
0.000121023
0.000126877
0.000132028
0.000135418
0.000134565
0.000129623
0.000122605
0.000118329
0.000115791
0.000118287
0.00010551
0.000121557
0.000149157
0.000181048
0.000194749
0.000153733
0.000146687
0.000142645
0.000145147
0.000173751
0.000170461
0.000187185
0.000175939
0.000181277
0.000187446
0.000190882
0.000190452
0.000185754
0.000178548
0.000174051
0.000171175
0.000147252
0.000134485
0.000125304
0.000118948
0.000113579
0.000107899
9.8866e-05
9.10832e-05
8.67793e-05
7.9985e-05
7.14151e-05
6.35981e-05
5.82171e-05
6.15829e-05
7.22948e-05
8.02102e-05
7.73061e-05
7.47652e-05
7.60353e-05
7.68986e-05
5.95083e-05
7.02929e-05
7.96931e-05
8.47968e-05
8.89814e-05
0.000103005
0.000118871
0.000122363
0.000127515
0.000132227
0.000136265
0.000139504
0.000140784
0.00013904
0.000110752
0.000108393
0.000109876
0.000107399
0.000123452
0.000111353
0.000123486
0.000151735
0.000190052
0.000196847
0.000153019
0.000149835
0.000149304
0.000157545
0.00017098
0.000164337
0.000172777
0.000183343
0.00018686
0.000188597
0.000194167
0.000195788
0.00016671
0.000160732
0.000152506
0.000163842
0.00015617
0.000139713
0.000130151
0.000123344
0.000117286
0.000111811
0.000103953
9.6227e-05
9.08578e-05
8.31384e-05
7.42332e-05
6.74394e-05
6.13075e-05
8.51786e-05
8.84452e-05
8.91065e-05
8.79397e-05
9.32545e-05
9.69963e-05
0.000100114
0.000102534
0.000103545
0.00011103
0.000120453
0.000126005
0.000130035
0.000133373
0.000135965
0.00013774
0.000139185
0.000140373
0.000140929
0.000139544
0.000136017
0.000130544
0.000123661
0.000118511
0.000117
0.000121564
9.92844e-05
0.000110789
0.000146285
0.000189962
0.000161298
0.000152998
0.000152356
0.000152407
0.000170874
0.000222387
0.000175253
0.000179064
0.000207067
0.000204046
0.000213244
0.000205015
0.000204013
0.00019889
0.000164356
0.000156205
0.000147809
0.000158419
0.000158633
0.000140008
0.000131922
0.000125066
0.000118951
0.00011042
0.000101496
9.58015e-05
8.6851e-05
7.83253e-05
7.53385e-05
9.56364e-05
0.000103379
0.000107629
0.000103857
0.000105194
0.000107427
0.000110195
0.000112765
0.000115911
0.000113531
0.000121442
0.000133972
0.000138246
0.00014228
0.000143834
0.000144654
0.000145029
0.000144916
0.000144652
0.000143634
0.000140464
0.00011246
0.000108775
0.00010735
0.000118728
0.000117306
9.68095e-05
9.39348e-05
0.000105762
0.000146782
0.000192297
0.000161795
0.000155156
0.000154169
0.000157994
0.000180305
0.000229831
0.000226832
0.000223568
0.000230246
0.00023037
0.000228476
0.000226764
0.000212573
0.000208775
0.000198914
0.000164689
0.000155741
0.000161205
0.000166426
0.000150222
0.000140303
0.000133308
0.000127989
0.000122276
0.000112079
0.000101038
8.71389e-05
7.8073e-05
7.83995e-05
0.000102901
0.000113519
0.000110449
0.000110094
0.000109826
0.000111169
0.000113319
0.000117891
0.00012156
0.0001106
0.000111062
0.000144945
0.000148445
0.000151302
0.000151025
0.000150679
0.000149795
0.000148596
0.00014712
0.000144676
0.000140863
0.00013719
0.000130122
0.00012407
0.000120626
0.000121614
9.40244e-05
9.36536e-05
0.000114734
0.000143462
0.00019377
0.000161446
0.00015828
0.00015559
0.0001622
0.000185827
0.000234134
0.000234689
0.000234245
0.000236903
0.000239561
0.000242506
0.000240901
0.000237891
0.00022041
0.000211585
0.000200311
0.000181867
0.00017041
0.000167222
0.000157478
0.000149185
0.000141872
0.000136383
0.000131647
0.000126583
0.00011504
9.41766e-05
8.48663e-05
8.45685e-05
0.000108823
0.00012781
0.000122743
0.000120453
0.000118481
0.000122402
0.000127242
0.00013206
0.000140486
0.000147929
0.000149794
0.000154048
0.000154886
0.000155969
0.000156048
0.000155302
0.000153894
0.000152131
0.000149967
0.000146956
0.000143034
0.000138237
0.000132972
0.000127503
0.000123571
0.000126681
9.52674e-05
9.40727e-05
0.000114048
0.000139819
0.000190355
0.000162254
0.000160015
0.000157124
0.000166385
0.000187665
0.000239969
0.000240624
0.000238008
0.000240614
0.000248171
0.000249604
0.000251245
0.000250618
0.000245798
0.000230254
0.000220235
0.000207072
0.000188712
0.000170574
0.000165277
0.000158635
0.000150616
0.00014281
0.000137328
0.00013195
0.000123514
0.000100503
9.11775e-05
9.51901e-05
0.000135602
0.000146315
0.000138552
0.00013709
0.000137949
0.000141169
0.000145061
0.000149105
0.000156996
0.000160743
0.000163942
0.00016343
0.000163051
0.000162319
0.000160972
0.000159298
0.000157397
0.000155367
0.000152708
0.00014958
0.000145997
0.000142292
0.000136736
0.000130506
0.000125772
0.000127124
9.64676e-05
9.44635e-05
0.000111167
0.000117388
0.000180224
0.000163553
0.000158513
0.000159025
0.000170457
0.000188106
0.000242127
0.000250072
0.000249524
0.000250413
0.000253179
0.000258826
0.000259264
0.000259804
0.000258614
0.000254129
0.00024249
0.000188737
0.000177705
0.00018108
0.000173903
0.000168252
0.000162065
0.000153494
0.000145282
0.000139402
0.000132595
0.00010851
0.0001013
0.00010382
0.000153834
0.000161213
0.000156483
0.000153242
0.00015354
0.000156645
0.000158585
0.000162359
0.000168066
0.000168298
0.000169016
0.000169367
0.000168914
0.000130261
0.000161766
0.000161211
0.000159645
0.000157891
0.000155464
0.000153309
0.000150033
0.000145137
0.000138659
0.000131494
0.00012584
0.000125023
9.75515e-05
9.3485e-05
0.00010617
0.000116969
0.000168648
0.000162538
0.000156057
0.00016202
0.000175494
0.000190417
0.000216175
0.000256124
0.00026064
0.000261994
0.000264398
0.000271384
0.000269387
0.000269666
0.000269634
0.000265219
0.000215285
0.000201504
0.000189909
0.000188617
0.000182031
0.000176983
0.000172235
0.000167274
0.000161239
0.000155231
0.000147983
0.000122413
0.000104301
0.000121006
0.000165395
0.000179311
0.000170728
0.000167493
0.000165407
0.000164992
0.000133305
0.000132933
0.000133507
0.000131623
0.000131988
0.000128018
0.000124123
0.000122653
0.000122502
0.000162051
0.000162491
0.00016193
0.000159612
0.00015602
0.000151189
0.00014415
0.000136209
0.000128917
0.000123821
0.000122593
9.64827e-05
8.97454e-05
9.61811e-05
0.00011259
0.000150853
0.000156644
0.00015438
0.000166951
0.000182578
0.000197669
0.000214449
0.000227115
0.000256504
0.000268513
0.000272593
0.000276391
0.000281364
0.000240735
0.00023336
0.000224579
0.000214917
0.000205056
0.000197127
0.000193343
0.000185972
0.00017943
0.000172014
0.000163876
0.000158761
0.000157336
0.000146305
0.000119303
0.000117212
0.000142588
0.000172815
0.00019397
0.000186246
0.000134076
0.000135557
0.000128863
0.000136133
0.000130646
0.000130798
0.00012738
0.000125729
0.000127191
0.000126765
0.00012689
0.000128345
0.000168525
0.00016714
0.000164007
0.000159575
0.000153707
0.000145748
0.000138034
0.000131367
0.000125742
0.000122066
0.000106195
9.30994e-05
8.33831e-05
8.56183e-05
0.000101355
0.000142198
0.000151296
0.000154253
0.000193992
0.000207268
0.000232307
0.000243391
0.000228773
0.000233962
0.00023549
0.000235182
0.000236185
0.0002365
0.000234705
0.000232306
0.000226718
0.000218987
0.00020994
0.0002011
0.000197854
0.000191504
0.000185574
0.000178574
0.000168145
0.00015933
0.000149214
0.000140441
0.000122211
0.000128052
0.000160816
0.000181012
0.000201241
0.000148769
0.000141175
0.000140575
0.000139243
0.000142334
0.000140672
0.000140732
0.000140734
0.00014048
0.000139492
0.000138287
0.000137327
0.000132946
0.000136019
0.000140548
0.000162077
0.000158103
0.000150522
0.000142907
0.0001361
0.000130138
0.00012575
0.000119589
0.00010073
9.1534e-05
7.85643e-05
7.32662e-05
8.88706e-05
0.000127971
0.000149135
0.000157636
0.000220618
0.000234257
0.000246313
0.000254769
0.00026211
0.000257601
0.000235163
0.000232514
0.00023423
0.000235148
0.000234352
0.000231849
0.000227339
0.000220781
0.000213255
0.000205183
0.000199924
0.000193373
0.000187466
0.000181107
0.000173463
0.000166437
0.000158178
0.000147385
0.000128265
0.000139615
0.000163899
0.000191652
0.000202393
0.000166897
0.000159576
0.000159181
0.000158697
0.000154027
0.000151073
0.000152989
0.000149803
0.000147312
0.000143525
0.000139596
0.000135944
0.000132208
0.00012955
0.000126759
0.000124883
0.000123195
0.000122507
0.000122655
0.000137903
0.000131094
0.000117446
0.000105051
9.62564e-05
8.76945e-05
7.632e-05
6.38413e-05
7.27165e-05
0.000113363
0.000148997
0.000196525
0.000225105
0.000234853
0.000244793
0.000253198
0.000261593
0.000259802
0.000235736
0.00023253
0.000232878
0.000232868
0.00023214
0.000230147
0.000226529
0.000221296
0.000214631
0.000206941
0.00020027
0.000193927
0.000187908
0.000181567
0.000174599
0.00016732
0.000160259
0.000155294
0.000138533
0.00015825
0.00017064
0.000215306
0.000206302
0.00017647
0.000168145
0.000166875
0.000167662
0.000161249
0.000166658
0.000162468
0.000156412
0.00015279
0.000149802
0.00014677
0.00014594
0.000149707
0.000166943
0.000163347
0.000155833
0.000148102
0.000141124
0.000135293
0.000129978
0.000127525
0.000110671
9.77317e-05
9.44706e-05
8.27642e-05
7.15966e-05
7.01447e-05
6.6889e-05
0.00010037
0.000188537
0.000197319
0.000221626
0.000231163
0.000230237
0.000221404
0.000223726
0.000225239
0.00022695
0.000229045
0.000230604
0.000230996
0.000230227
0.000228153
0.000224673
0.00021982
0.000213629
0.000206917
0.000197703
0.000190975
0.000184291
0.000177791
0.000171901
0.000166878
0.000164209
0.000162769
0.000148007
0.000166466
0.000178906
0.000208647
0.00022748
0.000188584
0.000176936
0.0001725
0.000169671
0.00016506
0.000170797
0.000169416
0.000168419
0.000173699
0.000191325
0.000182212
0.000173967
0.000166771
0.000160083
0.000153645
0.000147444
0.000141102
0.000134915
0.000129244
0.000124271
0.000122947
0.000104636
8.95132e-05
9.13128e-05
8.06408e-05
6.96533e-05
6.26604e-05
6.59877e-05
0.000135538
0.00018546
0.000198992
0.000213787
0.000224445
0.000198723
0.000203541
0.000209456
0.000215277
0.000220507
0.000224667
0.000227517
0.000228925
0.000228679
0.000226592
0.000222889
0.000217774
0.000211377
0.000204585
0.000193774
0.00018616
0.000179388
0.000173942
0.000169876
0.000167496
0.000166357
0.000164358
0.000153617
0.000169253
0.000179972
0.000198875
0.000199695
0.000186665
0.000178174
0.000173193
0.000169397
0.000163476
0.000171744
0.00017216
0.00018191
0.000191187
0.000182894
0.000175083
0.00016761
0.000160606
0.000153947
0.000147507
0.000141096
0.00013459
0.00012834
0.000122495
0.000118078
0.000116996
9.45449e-05
9.10375e-05
8.51298e-05
7.51376e-05
6.48799e-05
5.84042e-05
6.00295e-05
0.000125779
0.000181439
0.000189687
0.000206726
0.000197614
0.000192302
0.000197138
0.000203441
0.000209619
0.000215164
0.000219728
0.000223197
0.000225386
0.00022596
0.000224535
0.000221088
0.000215602
0.000208827
0.000201449
0.000188783
0.000180722
0.00017463
0.000170609
0.000168057
0.000166079
0.000164041
0.000161511
0.000151217
0.000168345
0.000177955
0.000185504
0.000191586
0.000184942
0.000176647
0.000169529
0.000161978
0.00016877
0.000161605
0.00016356
0.000173967
0.000182749
0.000174466
0.00016692
0.000159544
0.000152447
0.000145597
0.000138925
0.000132336
0.000125995
0.000119459
0.00011355
0.00010973
9.72086e-05
8.56028e-05
8.08718e-05
7.5417e-05
6.63496e-05
5.63055e-05
4.89133e-05
4.99055e-05
0.000107332
0.000175027
0.000178878
0.000193946
0.000191578
0.000183556
0.000188806
0.00019522
0.000201397
0.000206986
0.000211874
0.000215839
0.000218657
0.000219984
0.000219493
0.000216766
0.000211812
0.000205028
0.000197274
0.000180858
0.000173623
0.000168961
0.000165893
0.000163105
0.000159938
0.000156291
0.00015332
0.000142155
0.000159781
0.000170424
0.000176151
0.000179087
0.00017696
0.000169526
0.000159846
0.000162952
0.000157361
0.000154121
0.000150912
0.000145803
0.00015601
0.000165048
0.000156234
0.000148328
0.000140895
0.00013379
0.000126756
0.000120008
0.000113663
0.000108138
0.000105274
8.56172e-05
7.66407e-05
7.14512e-05
6.67126e-05
6.21256e-05
5.48118e-05
4.60666e-05
4.00423e-05
4.08767e-05
8.33673e-05
0.000163733
0.00016432
0.000175445
0.000174549
0.00017195
0.000177917
0.000184437
0.000190648
0.000196392
0.00020153
0.000205868
0.000209124
0.000210953
0.000210841
0.000208697
0.000204163
0.000197513
0.000189512
0.000170633
0.000165193
0.0001617
0.000158329
0.000154302
0.000149712
0.00014503
0.000140777
0.000127505
0.000140379
0.000152742
0.000160287
0.00016617
0.000163636
0.000155869
0.000153563
0.000147172
0.000142259
0.000137052
0.000132138
0.000127343
0.000122503
0.000117219
0.000111602
0.000105929
0.000100343
9.48645e-05
8.95057e-05
8.42558e-05
7.90896e-05
7.3981e-05
6.88849e-05
6.37643e-05
5.86986e-05
5.38614e-05
4.96447e-05
4.64736e-05
4.19615e-05
3.54455e-05
3.20158e-05
3.38845e-05
5.86039e-05
0.000150892
0.000151354
0.000161095
0.00016373
0.000162126
0.00016799
0.000174323
0.000180402
0.000186069
0.000191193
0.000195538
0.000198844
0.000200599
0.000200469
0.000198171
0.000193533
0.000186694
0.00017849
0.000159165
0.000155323
0.000151628
0.00014743
0.000143238
0.000138616
0.000133729
0.000128279
0.000115923
0.000118969
0.000124936
0.000136349
0.0001426
0.000142569
0.000135357
0.000134257
0.000128027
0.000122879
0.000116517
0.000111132
0.000105832
0.00010053
9.50999e-05
8.96132e-05
8.4143e-05
7.87496e-05
7.34369e-05
6.82031e-05
6.30435e-05
5.79583e-05
5.29329e-05
4.7996e-05
4.31793e-05
3.86092e-05
3.45316e-05
3.14115e-05
2.98504e-05
2.80907e-05
2.51027e-05
2.45431e-05
2.5736e-05
4.63103e-05
0.000138941
0.000138447
0.000148679
0.000161603
0.000153384
0.000158317
0.000164001
0.000169599
0.000174912
0.000179688
0.000183696
0.000186657
0.000188054
0.000187441
0.000184572
0.000179468
0.0001723
0.00016488
0.000147112
0.000143204
0.000139162
0.000135744
0.000131949
0.000126684
0.000120294
0.000115159
0.000100828
9.70594e-05
0.000103713
0.000111828
0.000115304
0.000116759
0.000113595
0.000112375
0.000106481
0.000101547
9.41784e-05
8.82736e-05
8.24706e-05
7.67438e-05
7.10559e-05
6.54628e-05
6.00007e-05
5.46893e-05
4.95399e-05
4.45465e-05
3.9699e-05
3.49772e-05
3.03701e-05
2.59043e-05
2.16691e-05
1.78577e-05
1.47954e-05
1.30046e-05
1.30576e-05
1.36868e-05
1.41487e-05
1.63522e-05
2.01086e-05
3.29912e-05
0.000117896
0.00012722
0.000135238
0.000152156
0.000144049
0.00014759
0.000152356
0.000157376
0.000162215
0.00016651
0.000170021
0.000172423
0.000173339
0.000172132
0.000168701
0.000163181
0.000156595
0.000151197
0.000133248
0.00012916
0.000126014
0.000122392
0.000117539
0.000111006
0.000103392
9.25407e-05
8.24926e-05
8.1567e-05
8.07762e-05
8.36183e-05
8.93902e-05
9.15041e-05
8.81674e-05
8.81995e-05
8.31432e-05
7.90008e-05
7.07651e-05
6.4224e-05
5.78813e-05
5.16976e-05
4.56274e-05
3.97437e-05
3.41193e-05
2.87746e-05
2.37101e-05
1.89184e-05
1.43822e-05
1.00739e-05
5.98205e-06
2.1505e-06
1.42834e-06
4.4799e-06
6.57706e-06
7.13405e-06
5.37493e-06
2.13436e-06
2.41803e-06
7.95873e-06
1.43717e-05
2.31359e-05
9.39275e-05
0.000113542
0.000120439
0.000132406
0.000133924
0.00013547
0.000139337
0.000143776
0.000148077
0.00015184
0.000154742
0.000156503
0.000156772
0.000155077
0.00015128
0.000146054
0.000141115
0.000137177
0.000116979
0.000113604
0.000110153
0.000105706
9.96109e-05
9.1091e-05
8.27639e-05
8.15112e-05
7.5803e-05
7.22845e-05
6.68723e-05
6.45757e-05
7.15404e-05
6.63596e-05
6.43371e-05
6.19323e-05
5.69264e-05
5.24058e-05
4.54396e-05
3.89497e-05
3.24405e-05
2.5937e-05
1.95909e-05
1.35206e-05
7.79602e-06
2.20608e-06
3.17647e-06
8.3045e-06
1.31672e-05
1.77467e-05
2.20576e-05
2.60478e-05
2.93422e-05
3.16071e-05
3.25025e-05
3.15663e-05
2.81379e-05
2.24835e-05
1.3409e-05
3.11064e-06
6.7808e-06
1.74002e-05
6.18488e-05
9.60902e-05
0.000104683
0.00011461
0.000123555
0.000122275
0.00012491
0.000128586
0.000132278
0.000135441
0.000137649
0.000138706
0.000138347
0.000136231
0.000132532
0.000128431
0.000124651
0.000121016
9.80115e-05
9.46474e-05
9.05349e-05
8.53747e-05
7.78935e-05
6.76828e-05
6.14332e-05
6.58729e-05
5.60611e-05
5.48053e-05
5.28211e-05
4.76955e-05
4.87137e-05
4.34806e-05
4.09396e-05
3.39043e-05
2.81369e-05
2.3692e-05
1.54061e-05
8.73811e-06
1.58872e-06
5.68698e-06
1.28797e-05
1.9784e-05
2.62857e-05
3.21865e-05
3.74369e-05
4.20866e-05
4.6165e-05
4.96874e-05
5.26627e-05
5.50446e-05
5.66822e-05
5.72553e-05
5.63395e-05
5.33694e-05
4.78001e-05
3.8501e-05
2.50613e-05
1.09362e-05
2.31913e-06
1.14766e-05
3.5771e-05
7.21206e-05
8.6153e-05
9.52047e-05
0.000105793
0.000108448
0.000109127
0.000111554
0.000114112
0.000116567
0.000118
0.000118312
0.000117355
0.000115045
0.000112019
0.000108872
0.000105359
0.000101643
7.48284e-05
7.09266e-05
6.67046e-05
6.09217e-05
5.01538e-05
4.36911e-05
3.71552e-05
3.86879e-05
3.65536e-05
3.71867e-05
3.15626e-05
2.84493e-05
2.2605e-05
1.96425e-05
1.03352e-05
2.96962e-06
5.63278e-06
1.22287e-05
2.31262e-05
3.08478e-05
3.81185e-05
4.50844e-05
5.148e-05
5.72506e-05
6.24021e-05
6.69196e-05
7.08336e-05
7.41776e-05
7.69763e-05
7.92672e-05
8.10616e-05
8.22956e-05
8.27851e-05
8.21365e-05
7.97908e-05
7.48995e-05
6.6586e-05
5.2631e-05
3.66793e-05
2.12399e-05
5.14794e-07
2.81382e-06
2.74369e-05
4.50884e-05
6.42782e-05
7.35098e-05
8.1296e-05
8.81454e-05
9.23391e-05
9.18634e-05
9.30625e-05
9.41406e-05
9.4736e-05
9.43474e-05
9.29417e-05
9.06855e-05
8.81052e-05
8.52748e-05
8.16512e-05
7.81713e-05
4.64119e-05
4.29422e-05
3.89036e-05
3.1925e-05
2.63885e-05
1.97313e-05
1.5573e-05
1.5061e-05
8.28043e-06
5.24092e-06
1.53155e-06
1.23099e-06
9.95148e-06
1.76541e-05
2.54677e-05
3.44258e-05
4.41393e-05
5.14155e-05
6.04152e-05
6.73164e-05
7.40017e-05
8.01791e-05
8.57296e-05
9.06031e-05
9.48146e-05
9.83631e-05
0.000101329
0.000103773
0.000105727
0.00010725
0.000108341
0.00010888
0.000108597
0.000106917
0.000102965
9.56093e-05
8.27271e-05
6.58295e-05
4.81526e-05
2.67137e-05
2.65419e-06
1.07701e-05
4.37358e-06
1.94412e-05
4.10981e-05
4.65005e-05
5.33151e-05
5.8745e-05
6.31854e-05
6.73089e-05
6.83648e-05
6.68154e-05
6.59653e-05
6.47143e-05
6.29742e-05
6.07379e-05
5.83254e-05
5.55909e-05
5.24967e-05
4.96722e-05
1.28882e-05
9.40665e-06
5.37177e-06
1.54444e-06
1.92408e-06
4.84996e-06
9.69752e-06
1.78568e-05
2.14491e-05
1.98523e-05
2.3183e-05
3.2577e-05
4.35828e-05
5.05238e-05
5.8881e-05
6.97497e-05
8.09939e-05
8.88398e-05
9.75797e-05
0.000104323
0.0001104
0.000115759
0.00012038
0.000124278
0.000127482
0.000130029
0.000132038
0.000133606
0.000134769
0.000135579
0.000135965
0.000135707
0.000134361
0.000131034
0.000124312
0.000112729
9.65715e-05
7.87128e-05
6.74189e-05
2.32206e-05
7.13724e-06
2.65822e-05
3.15332e-05
8.55852e-06
9.06991e-06
1.56674e-05
2.17002e-05
2.62979e-05
2.99049e-05
3.25599e-05
3.31131e-05
3.3905e-05
3.32679e-05
3.11049e-05
2.89948e-05
2.66985e-05
2.42629e-05
2.17223e-05
1.9025e-05
1.62687e-05
3.64556e-05
3.75811e-05
3.5623e-05
3.21807e-05
2.86443e-05
3.06992e-05
3.68702e-05
4.51332e-05
4.27375e-05
4.88117e-05
4.993e-05
6.70222e-05
8.09843e-05
8.63821e-05
9.80763e-05
0.000109972
0.000122163
0.000130603
0.000136468
0.000144354
0.000148958
0.000152792
0.000156004
0.000158559
0.000160472
0.000161827
0.000162721
0.000163294
0.000163529
0.00016337
0.000162628
0.00016096
0.000157583
0.000151037
0.000140273
0.000125563
0.000109421
9.15474e-05
5.86501e-05
2.18759e-05
2.62416e-05
5.89334e-05
5.66517e-05
5.10484e-05
4.06716e-05
3.54451e-05
3.0157e-05
2.61422e-05
2.34564e-05
2.2003e-05
2.16585e-05
2.23081e-05
2.36449e-05
2.55437e-05
2.78325e-05
3.00162e-05
3.13189e-05
3.1605e-05
3.16828e-05
3.52262e-05
7.15487e-05
7.07452e-05
6.46329e-05
5.85552e-05
6.01355e-05
6.52453e-05
6.93591e-05
6.80759e-05
7.43713e-05
8.91252e-05
8.58823e-05
0.000108285
0.000129002
0.000139364
0.000141563
0.000153498
0.0001646
0.000172819
0.000178602
0.000181974
0.000187386
0.000189386
0.000190833
0.000191823
0.00019229
0.000192303
0.000191929
0.000191258
0.000190254
0.000188853
0.000186674
0.000183114
0.0001771
0.000167895
0.000155451
0.000141019
0.000122793
0.000100978
6.69091e-05
3.41959e-05
6.67624e-05
8.72103e-05
7.56984e-05
7.23802e-05
7.3298e-05
7.24235e-05
6.6799e-05
6.43405e-05
6.29848e-05
6.28512e-05
6.38008e-05
6.55739e-05
6.79625e-05
7.07724e-05
7.35655e-05
7.5403e-05
7.5358e-05
7.39035e-05
7.19524e-05
7.19313e-05
0.000112232
0.000106339
9.81486e-05
8.93185e-05
8.49429e-05
9.71996e-05
9.94463e-05
9.31048e-05
0.0001221
0.000134193
0.000130537
0.000161495
0.000182687
0.000196525
0.000205151
0.000198018
0.000206541
0.000213337
0.000217457
0.000219292
0.000222145
0.000222528
0.000222413
0.000221651
0.000220432
0.000218904
0.000217112
0.000215047
0.000212637
0.000209712
0.000205766
0.00020048
0.000192968
0.000182873
0.000170459
0.0001547
0.00012721
0.000104977
6.61002e-05
5.48901e-05
0.000101474
0.000104182
9.6225e-05
9.76464e-05
0.000104207
0.000103516
0.000105891
0.000101271
0.000101725
0.000103278
0.000105836
0.00010911
0.000112805
0.00011668
0.000119894
0.000121006
0.000119516
0.000116705
0.000113941
0.000113512
0.000155508
0.000149169
0.000138421
0.000125071
0.00012364
0.000122146
0.000126097
0.000133126
0.000178345
0.000186378
0.000191857
0.000220455
0.000233112
0.00024224
0.000254678
0.000260759
0.000249174
0.000252342
0.000254502
0.000253864
0.000254599
0.00025353
0.000251418
0.000248426
0.000245357
0.000242211
0.000238954
0.000235533
0.000231772
0.000227775
0.000222918
0.000216789
0.000208573
0.000197892
0.000183272
0.000159424
0.000150696
0.000116888
7.58482e-05
0.000101548
0.000124868
0.000122947
0.000118938
0.000112283
0.000132907
0.000136896
0.000138237
0.000142482
0.000145952
0.000146465
0.000151022
0.000155925
0.000160766
0.00016511
0.000168399
0.000168625
0.000165953
0.000161886
0.000158158
0.00015695
0.000202015
0.000199267
0.000193609
0.000183311
0.000172422
0.000168325
0.000174317
0.000197115
0.000244662
0.000253438
0.000261577
0.000275426
0.000282989
0.000291579
0.000300607
0.000314188
0.000313192
0.000294717
0.000291858
0.000289248
0.000286371
0.000282421
0.00027829
0.000274038
0.000269332
0.000264733
0.000260258
0.000255646
0.000251044
0.000246333
0.000240662
0.00023378
0.000224786
0.000210789
0.000189866
0.000182241
0.000162039
0.000122945
0.000102151
0.000139878
0.000142062
0.00014492
0.000143279
0.000151223
0.000161899
0.00016666
0.000172186
0.000180968
0.000188623
0.000190548
0.000197262
0.000204272
0.000210376
0.000215366
0.000217311
0.000218192
0.000214704
0.00021014
0.00020526
0.000203151
0.000257218
0.000257975
0.000263243
0.000259454
0.000250074
0.000242664
0.00024462
0.000287548
0.000320644
0.000333974
0.000322632
0.000330214
0.000341013
0.000350488
0.00035879
0.000368223
0.000380819
0.000369363
0.000336379
0.00032795
0.00032207
0.000315234
0.000308662
0.000304075
0.000297642
0.000291596
0.00028613
0.000280353
0.000274337
0.000268543
0.000262409
0.000254938
0.000241483
0.000222796
0.000222456
0.00021088
0.000176571
0.00013214
0.000147767
0.000172558
0.000168593
0.000172952
0.000175377
0.000190815
0.000198547
0.000204158
0.000209978
0.000218098
0.00022992
0.000246715
0.000249869
0.000257147
0.000266361
0.000272942
0.000276956
0.000278951
0.000275201
0.000269062
0.000261948
0.000258501
0.000338267
0.000336517
0.000335978
0.000336777
0.000338183
0.000339096
0.000339587
0.000371204
0.000410191
0.000410525
0.00038701
0.00039976
0.000411926
0.000423552
0.00043797
0.000452106
0.000460495
0.000463161
0.000483619
0.000380249
0.000366075
0.000356335
0.000346634
0.000339265
0.000335157
0.00032913
0.000322723
0.000315942
0.00030893
0.000301895
0.000294474
0.000283203
0.0002639
0.000262582
0.000253106
0.000230348
0.00020795
0.000164928
0.000191307
0.000221256
0.000213983
0.000209504
0.000210455
0.000219422
0.000242095
0.000250634
0.000258251
0.000266779
0.000277582
0.000292624
0.000316752
0.000321436
0.000332887
0.000344278
0.000352277
0.000359538
0.000359502
0.000355277
0.000347708
0.000340696
0.000458307
0.000446756
0.000441358
0.000439966
0.000441271
0.000443563
0.000444349
0.000460303
0.000466718
0.000474462
0.000485733
0.000503927
0.00052263
0.000541066
0.000552142
0.000556326
0.000556037
0.000552297
0.000545845
0.000541995
0.000444858
0.000418454
0.000406206
0.000395852
0.000388697
0.000382192
0.000378527
0.000371086
0.000364396
0.000358742
0.000353192
0.000333328
0.000320169
0.00030874
0.000290374
0.00027189
0.000252604
0.000223917
0.000256756
0.000261609
0.000257602
0.000263817
0.000259318
0.00026361
0.00026576
0.000307363
0.000322473
0.000333215
0.000345323
0.000359608
0.000379699
0.000417555
0.000420675
0.000442453
0.000454108
0.000465278
0.000473437
0.000476627
0.00047544
0.000469572
0.000652015
0.000653944
0.000654367
0.000652432
0.000650417
0.000649458
0.000648719
0.000650733
0.000652189
0.000655929
0.000672041
0.000685764
0.00068381
0.000667871
0.000666986
0.000663594
0.000651932
0.000668753
0.000659049
0.000646204
0.000634527
0.000596557
0.000513036
0.00049571
0.000481642
0.00046665
0.000459392
0.000452774
0.000447682
0.000440696
0.000434751
0.000421606
0.000409455
0.000379089
0.000348362
0.000315945
0.000290564
0.000345344
0.000448575
0.000362278
0.000327521
0.000332352
0.000330007
0.00033397
0.0003402
0.000347114
0.000408625
0.000423404
0.000438296
0.000454231
0.000472531
0.000506108
0.000585866
0.000574364
0.000586862
0.000599922
0.000613594
0.000626305
0.000637357
0.000646615
0.000850031
0.000863186
0.000875213
0.000885172
0.000893149
0.000898942
0.000902658
0.00090423
0.000896087
0.000896323
0.000896843
0.000896507
0.000892326
0.000891324
0.000884776
0.000872047
0.000854046
0.000831531
0.000804794
0.000775262
0.000744632
0.000715763
0.000731399
0.000674801
0.000613435
0.000582971
0.000569573
0.00055687
0.000547231
0.000538357
0.000532789
0.000528236
0.000523085
0.000501116
0.000439784
0.000386593
0.000380308
0.00048284
0.000525003
0.000473168
0.000417029
0.000410258
0.000418638
0.000432992
0.000446288
0.000457471
0.000512703
0.000537193
0.000557746
0.000578398
0.000599654
0.000634819
0.000698432
0.000745987
0.000754029
0.000766351
0.000783654
0.000801136
0.000818546
0.000835287
0.00107793
0.00109562
0.00111209
0.00112663
0.00113924
0.0011497
0.00115804
0.00116524
0.00116231
0.00116645
0.00116214
0.00115314
0.00117692
0.00117328
0.00115014
0.00112387
0.0010962
0.00106719
0.00103237
0.000993519
0.00095286
0.000911414
0.000872117
0.000837465
0.000808226
0.000740815
0.000702824
0.000676453
0.000658502
0.00065632
0.000649299
0.000642868
0.00063656
0.00062432
0.000590924
0.000520458
0.000523191
0.000630481
0.000543749
0.000573661
0.000497068
0.000507871
0.000546579
0.000571144
0.000589327
0.000605516
0.000632209
0.000677527
0.000709875
0.000740989
0.000774456
0.000818486
0.00087402
0.000967196
0.000965391
0.000975853
0.000996072
0.00101644
0.00103805
0.00105888
0.00132524
0.00134588
0.0013651
0.00138211
0.00139686
0.00140904
0.00141869
0.00142725
0.00142511
0.00143041
0.00142346
0.00148102
0.00147358
0.0014477
0.0014162
0.00137959
0.00133852
0.00129405
0.00124756
0.00120072
0.00115506
0.00111195
0.00107279
0.00103823
0.0010093
0.000984551
0.000965596
0.000801686
0.000765244
0.000748476
0.000793432
0.00079121
0.000774416
0.000752824
0.00074025
0.00056776
0.000609475
0.000635964
0.000698246
0.000692379
0.000623987
0.000659678
0.00070567
0.000735318
0.000759232
0.000781354
0.000793096
0.00084835
0.000895041
0.00093515
0.000983838
0.0010422
0.00110414
0.00121492
0.00119853
0.0012066
0.00123028
0.00125485
0.00127921
0.00130307
0.00156477
0.00158544
0.00160461
0.00162142
0.00163589
0.0016475
0.00165625
0.00166426
0.00165657
0.0016671
0.00166798
0.00173412
0.0017104
0.00167921
0.0016412
0.00159672
0.00154682
0.00149345
0.00143905
0.00138602
0.00133609
0.00129015
0.0012486
0.00121156
0.00117953
0.00115232
0.00113447
0.00113402
0.000940848
0.000910105
0.000900179
0.000923964
0.000917683
0.000792805
0.000739699
0.000659079
0.000676841
0.000722025
0.000844382
0.000826549
0.000777981
0.000819466
0.000870072
0.000906717
0.000937854
0.000966162
0.00097943
0.00102989
0.00107341
0.00111952
0.00117911
0.00124855
0.00132415
0.00148201
0.00144074
0.00144518
0.00147084
0.00149568
0.0015191
0.00154265
0.00168858
0.00170499
0.00172006
0.00173297
0.00174408
0.00175288
0.00175923
0.00176579
0.00175332
0.00176879
0.00188149
0.0018551
0.00182853
0.00179491
0.00175312
0.00170357
0.00164782
0.00158857
0.00152904
0.00147208
0.00141938
0.00137145
0.00132819
0.00128966
0.00125654
0.00122893
0.00120969
0.00120161
0.00120762
0.00101433
0.000991134
0.00097933
0.000936718
0.000924395
0.000840521
0.000699851
0.000715623
0.000830155
0.000923646
0.000910752
0.000876328
0.000920856
0.000973315
0.00101687
0.0010548
0.00103908
0.00109138
0.00114032
0.0011871
0.0012395
0.00130314
0.00137854
0.00146376
0.00162849
0.0015818
0.00158714
0.00161174
0.00163218
0.00165146
0.00167068
0.00160829
0.00162256
0.00163645
0.00164856
0.00165885
0.00166691
0.00167232
0.00167775
0.00166291
0.00167861
0.00180974
0.00177838
0.00175016
0.00171555
0.00167282
0.00162245
0.00156616
0.00150678
0.00144748
0.00139087
0.00133859
0.00129144
0.00124985
0.00121426
0.00118535
0.00116236
0.00114617
0.00113778
0.00114589
0.000994758
0.000961118
0.00094371
0.000935823
0.000896447
0.000813668
0.000648317
0.00069513
0.000857366
0.000924884
0.000890908
0.0008763
0.000919166
0.000964038
0.00100408
0.000989407
0.00103693
0.00107941
0.00112453
0.00117059
0.00122205
0.00128275
0.0013594
0.00145297
0.0015534
0.00152982
0.00153872
0.00155681
0.00156929
0.00158096
0.00159409
0.0014043
0.00141733
0.00142979
0.00144052
0.00144938
0.00145611
0.00146006
0.00146431
0.00144895
0.00146169
0.00159074
0.00155633
0.00152727
0.00149317
0.00145189
0.00140395
0.00135109
0.00129607
0.00124191
0.00119108
0.00114527
0.00110492
0.00107004
0.00104057
0.00101711
0.000999068
0.000987967
0.000983493
0.00098897
0.00100418
0.000842542
0.000821112
0.000805644
0.000758737
0.000678859
0.000654022
0.000609464
0.000830653
0.000877688
0.000791685
0.000782373
0.000824297
0.000859717
0.000861297
0.000899209
0.000932921
0.000968513
0.00100651
0.00104663
0.0010915
0.00114453
0.00121684
0.00133397
0.00135073
0.00133564
0.00134552
0.00135806
0.00136745
0.0013782
0.00139096
0.00111339
0.00112479
0.00113526
0.00114416
0.00115126
0.00115657
0.00115952
0.001163
0.00115054
0.00115907
0.00126514
0.00122912
0.00120171
0.00117148
0.00113605
0.00109589
0.00105264
0.00100872
0.000966857
0.000928926
0.000896114
0.000867926
0.000843977
0.000823864
0.000807927
0.000795201
0.000787419
0.00078595
0.00079165
0.00081173
0.000682985
0.000657296
0.000636075
0.00055954
0.000543046
0.000510589
0.000583744
0.000758838
0.000779899
0.000647979
0.000634049
0.000644193
0.000680628
0.000706447
0.000732286
0.000758039
0.000785657
0.000815462
0.000848107
0.000884576
0.000927085
0.000992596
0.00107719
0.00104694
0.00104187
0.00105421
0.0010679
0.00107857
0.00108934
0.00110131
0.000818236
0.000828699
0.000837399
0.00084456
0.000849851
0.000853603
0.000855457
0.000857988
0.000847688
0.000854966
0.000934675
0.000901434
0.000879416
0.000857188
0.000832269
0.00080502
0.000776675
0.000748976
0.000723728
0.000701705
0.00068344
0.000667723
0.000654396
0.000643274
0.000634947
0.000627188
0.000625771
0.00062922
0.000637726
0.00064812
0.00055165
0.000524137
0.000496001
0.0004192
0.000403446
0.000415803
0.000512289
0.000541557
0.000636829
0.000509275
0.000474022
0.000506149
0.000525093
0.00054191
0.00056025
0.000579328
0.000600519
0.000624443
0.000652998
0.000687465
0.000726968
0.000805234
0.00075328
0.000737834
0.000738634
0.000753548
0.00076982
0.000783019
0.000794572
0.00080648
)
;
    }
    front
    {
        type            cyclic;
    }
    back
    {
        type            cyclic;
    }
}


// ************************************************************************* //
