/*--------------------------------*- C++ -*----------------------------------*\
  =========                 |
  \\      /  F ield         | OpenFOAM: The Open Source CFD Toolbox
   \\    /   O peration     | Website:  https://openfoam.org
    \\  /    A nd           | Version:  13
     \\/     M anipulation  |
\*---------------------------------------------------------------------------*/
FoamFile
{
    format      ascii;
    class       volScalarField;
    location    "0.5";
    object      classifier_w_freestream_sigma;
}
// * * * * * * * * * * * * * * * * * * * * * * * * * * * * * * * * * * * * * //

dimensions      [];

internalField   uniform 0;

boundaryField
{
    inlet
    {
        type            cyclic;
    }
    outlet
    {
        type            cyclic;
    }
    top
    {
        type            calculated;
        value           nonuniform List<scalar> 
7200
(
0.187818
0.140363
0.141287
0.141429
0.141439
0.141261
0.141175
0.141119
0.1411
0.140945
0.140999
0.14107
0.141287
0.141603
0.142016
0.142385
0.142626
0.142807
0.143089
0.143224
0.143717
0.144274
0.146037
0.148963
0.151154
0.155703
0.163965
0.168042
0.167463
0.158135
0.146394
0.153955
0.154219
0.160333
0.143117
0.157941
0.168412
0.167595
0.161684
0.153653
0.151364
0.150191
0.149554
0.148979
0.148623
0.149216
0.150121
0.150718
0.150757
0.150417
0.14966
0.14865
0.146261
0.14452
0.138905
0.137941
0.140405
0.141582
0.13981
0.185428
0.172028
0.140629
0.141027
0.141171
0.141276
0.141297
0.141285
0.141263
0.141132
0.140989
0.140905
0.14089
0.140945
0.141148
0.141429
0.141684
0.141813
0.141722
0.141769
0.141889
0.142113
0.142399
0.143348
0.142995
0.141395
0.140791
0.147933
0.158585
0.157836
0.144889
0.141305
0.140144
0.146636
0.141611
0.154006
0.165257
0.161384
0.156472
0.154149
0.149155
0.147344
0.146429
0.14595
0.145433
0.144826
0.145106
0.145776
0.146287
0.146392
0.146214
0.145827
0.145348
0.142789
0.139883
0.13519
0.139843
0.140927
0.140639
0.140136
0.183271
0.1401
0.140584
0.140897
0.141121
0.141313
0.141485
0.141477
0.141282
0.140984
0.140678
0.14047
0.140396
0.140462
0.140644
0.140862
0.141085
0.141248
0.141192
0.141214
0.141299
0.141469
0.141843
0.142681
0.138911
0.140444
0.140968
0.142001
0.139994
0.145159
0.14393
0.137104
0.140351
0.140283
0.147516
0.158834
0.166052
0.157556
0.155307
0.147932
0.144169
0.143078
0.142371
0.141831
0.141106
0.140267
0.140472
0.140992
0.141413
0.14161
0.141701
0.140929
0.138472
0.130279
0.136147
0.139395
0.140731
0.14039
0.139563
0.139871
0.139474
0.139853
0.140341
0.14094
0.141796
0.16212
0.166143
0.162771
0.23069
0.215807
0.172928
0.138606
0.136422
0.136479
0.136514
0.136989
0.137273
0.137186
0.140529
0.140556
0.140582
0.136747
0.139237
0.136578
0.218114
0.201377
0.141657
0.140669
0.141193
0.137812
0.138816
0.144199
0.163947
0.139533
0.148966
0.165001
0.160263
0.153741
0.14768
0.142611
0.140353
0.139606
0.138978
0.138117
0.13695
0.136752
0.137146
0.137633
0.138104
0.138484
0.138435
0.135617
0.136441
0.137386
0.13694
0.139282
0.139535
0.139126
0.138631
0.139242
0.138929
0.157324
0.157771
0.211699
0.193934
0.192984
0.183481
0.192776
0.191431
0.187221
0.183892
0.181404
0.187388
0.149999
0.141584
0.139879
0.140072
0.142351
0.142803
0.140982
0.141762
0.141259
0.186139
0.183903
0.186331
0.186649
0.192352
0.196359
0.202789
0.194762
0.198846
0.183732
0.170945
0.170451
0.163056
0.157621
0.151287
0.146177
0.142153
0.139198
0.137652
0.136805
0.135892
0.13469
0.134828
0.135212
0.135652
0.136106
0.136582
0.136876
0.135773
0.134813
0.136825
0.136588
0.135805
0.135273
0.13023
0.14004
0.142571
0.1431
0.184687
0.193749
0.190959
0.133799
0.136219
0.140267
0.142446
0.141129
0.140148
0.140018
0.154673
0.188723
0.182945
0.181723
0.182246
0.184799
0.142613
0.143643
0.143709
0.142124
0.142226
0.142014
0.142547
0.142557
0.141563
0.14144
0.171478
0.166325
0.138309
0.142027
0.141095
0.188754
0.158998
0.15492
0.154767
0.150018
0.145293
0.141922
0.139108
0.136468
0.132669
0.132667
0.133657
0.134592
0.135256
0.135598
0.135935
0.136267
0.136656
0.137048
0.136617
0.132552
0.135834
0.216845
0.218048
0.210287
0.198295
0.189806
0.185337
0.184791
0.152305
0.132866
0.135399
0.14029
0.14254
0.143897
0.145445
0.144588
0.141667
0.139727
0.179651
0.16539
0.210687
0.140914
0.147598
0.153991
0.156559
0.155509
0.155716
0.156384
0.154673
0.152131
0.14956
0.146333
0.14416
0.142889
0.141838
0.146808
0.149334
0.150947
0.152758
0.151673
0.141468
0.151612
0.148932
0.145621
0.142196
0.139308
0.135551
0.13409
0.133215
0.132525
0.134733
0.135624
0.202871
0.209555
0.212436
0.212864
0.212173
0.210637
0.2104
0.211219
0.195032
0.186052
0.184561
0.184205
0.186985
0.181095
0.133618
0.140349
0.140194
0.132737
0.136677
0.138482
0.143297
0.171941
0.174137
0.17202
0.172286
0.16259
0.129365
0.138027
0.139863
0.141413
0.142686
0.143746
0.144666
0.145622
0.146194
0.146391
0.146774
0.147499
0.148127
0.149177
0.150261
0.151
0.15109
0.150572
0.15064
0.151979
0.153268
0.152433
0.145995
0.148016
0.145896
0.142944
0.139824
0.135126
0.134155
0.133003
0.13226
0.135438
0.202098
0.209763
0.20916
0.207712
0.206888
0.205931
0.204785
0.203648
0.200325
0.189983
0.18498
0.187781
0.170677
0.137484
0.131233
0.130601
0.131628
0.131288
0.145089
0.163929
0.166125
0.170423
0.171748
0.175568
0.174474
0.158642
0.136795
0.139676
0.141443
0.142189
0.142932
0.143725
0.144682
0.145781
0.14675
0.147805
0.148452
0.148651
0.149235
0.150307
0.151401
0.152452
0.153411
0.153997
0.153549
0.151325
0.149995
0.149907
0.149395
0.147355
0.146807
0.146929
0.143756
0.140392
0.136996
0.134019
0.132791
0.13439
0.136123
0.213346
0.210158
0.203906
0.198764
0.196418
0.195972
0.195398
0.19413
0.191653
0.187347
0.183203
0.156153
0.135056
0.132305
0.132057
0.132576
0.132565
0.133028
0.130719
0.144445
0.160856
0.162994
0.166064
0.171479
0.167368
0.155429
0.137838
0.140108
0.141429
0.142635
0.143248
0.143799
0.144548
0.145582
0.146862
0.147893
0.148824
0.149545
0.150237
0.150986
0.151912
0.153021
0.154093
0.154872
0.155361
0.154827
0.151899
0.1495
0.147999
0.146523
0.144436
0.14658
0.144731
0.141882
0.138905
0.135237
0.132788
0.134564
0.136285
0.136794
0.208709
0.198532
0.192844
0.190696
0.190358
0.190755
0.190832
0.190212
0.188803
0.18685
0.184575
0.160463
0.135261
0.132529
0.131869
0.132517
0.132189
0.1318
0.156344
0.139132
0.152093
0.157508
0.160747
0.164342
0.158853
0.131113
0.13888
0.140494
0.141793
0.142697
0.143239
0.143929
0.145054
0.146139
0.147131
0.148061
0.148955
0.149746
0.150599
0.151413
0.15221
0.153142
0.153991
0.154799
0.155406
0.154813
0.15136
0.148052
0.145938
0.143549
0.141914
0.143446
0.142755
0.140204
0.136826
0.130972
0.132064
0.136177
0.13583
0.136606
0.138745
0.19502
0.191671
0.190586
0.190671
0.191421
0.191948
0.191331
0.189974
0.187644
0.184961
0.18989
0.155663
0.142444
0.135664
0.133692
0.134717
0.134406
0.153014
0.143533
0.134901
0.148598
0.151632
0.15181
0.144401
0.138126
0.140153
0.14114
0.142028
0.142474
0.142852
0.143578
0.144882
0.14602
0.146976
0.14793
0.148866
0.149749
0.15065
0.151429
0.152118
0.152909
0.153597
0.154323
0.154795
0.154045
0.150587
0.146535
0.145061
0.142623
0.141028
0.14014
0.14051
0.13788
0.135386
0.134209
0.132633
0.135108
0.134941
0.135484
0.136302
0.142829
0.195678
0.194411
0.19496
0.196596
0.197289
0.195416
0.192943
0.189684
0.186189
0.186365
0.1885
0.189614
0.191805
0.164219
0.176355
0.162125
0.149512
0.193516
0.14386
0.135406
0.14001
0.139452
0.13716
0.139957
0.140648
0.141261
0.141688
0.141725
0.141919
0.142583
0.143822
0.144968
0.145975
0.147021
0.148028
0.149048
0.149967
0.150658
0.151247
0.151881
0.152418
0.15298
0.153092
0.152034
0.149223
0.144867
0.143276
0.142451
0.140327
0.134906
0.137383
0.135487
0.12866
0.133834
0.134693
0.133765
0.133422
0.133826
0.134297
0.135205
0.135866
0.136314
0.136312
0.136101
0.136097
0.205316
0.202904
0.196903
0.191619
0.186302
0.18488
0.186108
0.1871
0.189385
0.187638
0.18776
0.143884
0.135092
0.143854
0.137966
0.136927
0.135625
0.138953
0.139626
0.140277
0.140552
0.140598
0.14041
0.140471
0.140954
0.141893
0.142913
0.143877
0.14494
0.145999
0.147154
0.148084
0.148683
0.149192
0.149637
0.150003
0.150287
0.149929
0.148446
0.146062
0.142822
0.140605
0.139004
0.138281
0.133869
0.13538
0.135054
0.133709
0.132606
0.133843
0.132625
0.132074
0.132471
0.132722
0.133171
0.133427
0.133589
0.133667
0.133696
0.133721
0.13359
0.133312
0.211253
0.203941
0.195245
0.189309
0.189891
0.187065
0.138739
0.137957
0.137564
0.138593
0.138666
0.139388
0.136162
0.137367
0.13746
0.138033
0.138388
0.138689
0.139074
0.139003
0.138828
0.13886
0.139171
0.139721
0.140433
0.141149
0.142001
0.142922
0.144014
0.144847
0.145337
0.14576
0.146049
0.146257
0.146308
0.145665
0.144066
0.142014
0.139809
0.137865
0.135913
0.134036
0.134503
0.134717
0.133581
0.132043
0.13185
0.132035
0.131204
0.130957
0.131221
0.130998
0.131058
0.131015
0.13091
0.130985
0.145875
0.164533
0.182341
0.190753
0.195602
0.20009
0.207037
0.20414
0.211084
0.210115
0.135176
0.134383
0.134567
0.134974
0.135751
0.1375
0.134609
0.136769
0.136725
0.136979
0.137346
0.137261
0.137518
0.137566
0.137509
0.137581
0.137769
0.138021
0.138402
0.138811
0.139322
0.139935
0.140702
0.141292
0.141628
0.141941
0.142115
0.14222
0.142154
0.141557
0.140312
0.138772
0.137095
0.135565
0.133914
0.131659
0.133208
0.13296
0.131626
0.130193
0.130024
0.131029
0.130844
0.129825
0.130373
0.130654
0.130957
0.131088
0.131158
0.131201
0.131223
0.131221
0.131071
0.130761
0.129245
0.134136
0.161078
0.174375
0.148328
0.165465
0.13343
0.13326
0.132905
0.132852
0.131894
0.131786
0.135828
0.136511
0.135461
0.135666
0.135917
0.136198
0.136427
0.136564
0.136612
0.136721
0.136819
0.136918
0.137098
0.137296
0.137557
0.137894
0.138333
0.138682
0.138879
0.139065
0.139163
0.139202
0.139111
0.138697
0.137889
0.136841
0.135509
0.134197
0.132846
0.131378
0.13068
0.130109
0.129087
0.127796
0.12775
0.1291
0.129075
0.127902
0.128791
0.129514
0.129941
0.130131
0.130214
0.130234
0.130219
0.130223
0.130204
0.130096
0.129637
0.12753
0.126928
0.126831
0.130961
0.127124
0.131574
0.131171
0.129871
0.129895
0.132889
0.131274
0.135665
0.13599
0.135121
0.135114
0.135221
0.135401
0.135661
0.135844
0.135943
0.136062
0.136114
0.136164
0.136265
0.136371
0.136519
0.136711
0.136955
0.137164
0.13728
0.137389
0.137446
0.137443
0.137367
0.137101
0.13657
0.135803
0.134688
0.13334
0.131756
0.13213
0.129559
0.127909
0.12679
0.125623
0.125548
0.12716
0.127253
0.125792
0.126551
0.127362
0.127799
0.128029
0.128104
0.128099
0.128103
0.128188
0.128415
0.128687
0.132399
0.129497
0.128749
0.128327
0.129715
0.129482
0.128886
0.128174
0.13057
0.130809
0.13089
0.131432
0.13339
0.135013
0.134723
0.134739
0.134759
0.134848
0.135083
0.135267
0.135385
0.135488
0.135524
0.135565
0.135644
0.135725
0.135837
0.135976
0.136137
0.136283
0.136374
0.13645
0.136489
0.13647
0.136414
0.136239
0.135864
0.135246
0.134229
0.132385
0.128795
0.134511
0.134225
0.125776
0.124883
0.124144
0.123974
0.12495
0.12515
0.124248
0.124504
0.124936
0.125205
0.125378
0.125457
0.125504
0.125598
0.125779
0.126171
0.126702
0.131261
0.130366
0.13003
0.129594
0.1271
0.127924
0.126457
0.126025
0.132351
0.132649
0.132766
0.132223
0.134874
0.134547
0.134354
0.134415
0.134473
0.134524
0.134691
0.134845
0.134956
0.135046
0.135076
0.135106
0.135164
0.135231
0.135325
0.135444
0.135578
0.135705
0.135802
0.135877
0.135916
0.135896
0.135856
0.135747
0.135462
0.134943
0.133998
0.128652
0.126267
0.129326
0.134876
0.125007
0.124166
0.123853
0.123605
0.123725
0.124015
0.123994
0.123903
0.123915
0.123896
0.123944
0.123995
0.124062
0.124184
0.124369
0.124806
0.125559
0.130059
0.130356
0.130383
0.130176
0.125014
0.125493
0.124788
0.124661
0.12861
0.132128
0.132393
0.133354
0.134195
0.134248
0.134215
0.134272
0.134375
0.134485
0.134573
0.134685
0.134787
0.134861
0.134878
0.134884
0.134909
0.134936
0.135
0.135101
0.135206
0.135315
0.135423
0.135499
0.135559
0.135536
0.135502
0.135464
0.135263
0.134868
0.134255
0.127309
0.129441
0.126574
0.126391
0.126899
0.125018
0.124695
0.124358
0.124112
0.124492
0.124957
0.124621
0.124341
0.124135
0.124085
0.124087
0.124114
0.124185
0.12432
0.125095
0.129055
0.129691
0.130079
0.130287
0.130359
0.123947
0.124135
0.123904
0.123962
0.124743
0.124993
0.124725
0.129459
0.135264
0.134514
0.134293
0.134272
0.134297
0.134417
0.134606
0.134681
0.134736
0.134775
0.134784
0.134778
0.134785
0.134795
0.134829
0.1349
0.134991
0.135095
0.135215
0.135302
0.135367
0.135361
0.135358
0.135366
0.135269
0.135081
0.13348
0.12656
0.130233
0.125371
0.125568
0.127861
0.126565
0.126119
0.125756
0.125673
0.126342
0.12703
0.126259
0.125618
0.125322
0.125249
0.12524
0.125255
0.125458
0.12679
0.128373
0.128533
0.129306
0.129798
0.130118
0.13046
0.123635
0.124028
0.123703
0.123858
0.124234
0.124129
0.123981
0.13068
0.134918
0.134418
0.134577
0.134582
0.134591
0.134572
0.134624
0.134787
0.134921
0.134965
0.134959
0.134929
0.134905
0.134896
0.134902
0.134932
0.134988
0.135065
0.135162
0.135243
0.135297
0.135329
0.135366
0.135405
0.135456
0.135723
0.129477
0.126053
0.128017
0.125887
0.126089
0.128869
0.128643
0.128187
0.128475
0.128824
0.130369
0.131574
0.130824
0.129403
0.128921
0.129155
0.129852
0.128994
0.128561
0.128486
0.12807
0.12783
0.128789
0.129577
0.130026
0.130614
0.131618
0.131476
0.123775
0.123992
0.124303
0.124219
0.123966
0.129193
0.13526
0.135626
0.135462
0.135362
0.135292
0.135111
0.134879
0.134737
0.134711
0.134849
0.135014
0.135109
0.135123
0.135115
0.135117
0.135144
0.135192
0.135273
0.135386
0.135495
0.135599
0.135702
0.135786
0.135866
0.136029
0.136603
0.135996
0.130717
0.129447
0.127126
0.127249
0.130615
0.132593
0.132362
0.132927
0.133328
0.134761
0.139178
0.138301
0.134217
0.134227
0.130474
0.12831
0.127614
0.12778
0.127581
0.127731
0.12743
0.128273
0.129478
0.13015
0.130891
0.131311
0.131356
0.126508
0.126436
0.126552
0.125735
0.125189
0.130376
0.127037
0.136893
0.136216
0.136319
0.136313
0.1359
0.135283
0.134704
0.134326
0.13424
0.13437
0.134694
0.135045
0.13526
0.135374
0.135461
0.135543
0.13565
0.135801
0.135957
0.136121
0.136277
0.136364
0.136412
0.136528
0.13693
0.13772
0.137888
0.138539
0.129824
0.129727
0.140616
0.139416
0.140447
0.140938
0.140971
0.139174
0.137538
0.135786
0.1309
0.130708
0.129584
0.129505
0.129107
0.129057
0.127311
0.127355
0.127257
0.12813
0.129487
0.130105
0.130883
0.131336
0.131586
0.13224
0.132809
0.133794
0.128393
0.128654
0.132243
0.130088
0.130039
0.128149
0.137899
0.137098
0.136785
0.135877
0.134749
0.133883
0.133425
0.133339
0.133566
0.134044
0.134667
0.135205
0.135568
0.135798
0.135977
0.136165
0.136346
0.13652
0.136652
0.136677
0.136637
0.136604
0.136732
0.136796
0.135919
0.135958
0.141448
0.138848
0.137033
0.136891
0.136883
0.137218
0.137484
0.135432
0.137082
0.131679
0.130911
0.130226
0.129199
0.128338
0.1278
0.127377
0.125781
0.126195
0.126292
0.127264
0.129147
0.129409
0.129976
0.130405
0.131084
0.132112
0.132951
0.133121
0.133344
0.129141
0.132622
0.131055
0.131682
0.130682
0.129586
0.139993
0.138683
0.136557
0.135408
0.133993
0.133146
0.132642
0.132506
0.132717
0.133347
0.134123
0.13484
0.13538
0.135729
0.135977
0.136175
0.136319
0.136374
0.136297
0.136141
0.135984
0.13606
0.136421
0.135529
0.135239
0.136358
0.136731
0.135826
0.136146
0.136506
0.137028
0.136453
0.132119
0.130933
0.129452
0.12813
0.126991
0.125261
0.12343
0.123748
0.124788
0.125077
0.125835
0.124787
0.12428
0.126071
0.127283
0.12801
0.128108
0.128387
0.129145
0.13097
0.132269
0.13263
0.130398
0.132072
0.133638
0.133488
0.132777
0.131668
0.130889
0.130798
0.138784
0.135566
0.134625
0.133429
0.132715
0.132207
0.131992
0.132257
0.132909
0.133476
0.134079
0.134543
0.134799
0.135005
0.135136
0.135176
0.135176
0.135209
0.135258
0.135405
0.136141
0.135672
0.135503
0.135639
0.135402
0.135908
0.136073
0.137266
0.130927
0.129551
0.12823
0.12625
0.123335
0.126023
0.132346
0.170371
0.190752
0.188884
0.182185
0.179178
0.177541
0.179428
0.1842
0.192275
0.169467
0.124908
0.132501
0.129883
0.129562
0.131568
0.133528
0.127857
0.13258
0.130723
0.131867
0.131164
0.133757
0.132839
0.131677
0.130823
0.131627
0.137933
0.13517
0.133658
0.13255
0.131835
0.131413
0.13147
0.131962
0.132394
0.132688
0.133108
0.133301
0.133499
0.133687
0.133998
0.134548
0.134849
0.134957
0.135125
0.136152
0.136316
0.135532
0.136058
0.138625
0.135166
0.127757
0.126476
0.123567
0.125811
0.148358
0.190349
0.180548
0.17504
0.17336
0.171986
0.172022
0.17372
0.176523
0.178277
0.17901
0.177663
0.174945
0.170426
0.173188
0.126555
0.135915
0.13349
0.131817
0.129808
0.127276
0.126392
0.131953
0.127168
0.126833
0.131138
0.1297
0.131275
0.134528
0.132187
0.139994
0.13886
0.136968
0.134668
0.133266
0.13216
0.131522
0.131371
0.131505
0.131834
0.131845
0.132282
0.132562
0.132923
0.133312
0.133913
0.134269
0.139012
0.138174
0.134968
0.126865
0.127454
0.126368
0.126646
0.124528
0.126011
0.163133
0.192138
0.179383
0.173587
0.171614
0.17382
0.178565
0.181257
0.149573
0.137822
0.13232
0.131244
0.131521
0.132648
0.133675
0.134535
0.136491
0.149102
0.170572
0.164532
0.137794
0.139173
0.137664
0.136772
0.135613
0.133881
0.129091
0.1357
0.132413
0.129134
0.126881
0.128144
0.13131
0.132132
0.133257
0.134392
0.134985
0.135172
0.13491
0.134595
0.134346
0.134207
0.134095
0.133989
0.13375
0.133641
0.133454
0.132968
0.132078
0.124022
0.125188
0.124983
0.124516
0.124033
0.137508
0.124246
0.176202
0.175366
0.181203
0.174914
0.172556
0.174651
0.180522
0.138333
0.128653
0.128427
0.129617
0.131112
0.132521
0.133824
0.135442
0.136721
0.138098
0.13915
0.140014
0.140616
0.141788
0.143909
0.156785
0.174985
0.170031
0.152009
0.139306
0.139683
0.139218
0.138638
0.135929
0.137804
0.13643
0.134923
0.132721
0.130177
0.128734
0.128113
0.12816
0.128522
0.128982
0.129395
0.12958
0.129739
0.129841
0.130049
0.130415
0.131014
0.131615
0.130665
0.124707
0.127006
0.126575
0.12644
0.14841
0.188414
0.194692
0.185457
0.174362
0.179138
0.173035
0.173068
0.1768
0.178647
0.134987
0.130841
0.131955
0.134443
0.137073
0.138924
0.140007
0.140546
0.141275
0.143352
0.148819
0.160832
0.174082
0.181079
0.178476
0.166725
0.163267
0.171893
0.187571
0.185364
0.182877
0.181777
0.166843
0.148656
0.13753
0.138881
0.137136
0.136922
0.136115
0.135287
0.134271
0.132953
0.131974
0.131103
0.130445
0.130167
0.130154
0.130351
0.130739
0.131112
0.131363
0.131615
0.132031
0.132817
0.133988
0.13337
0.128173
0.131787
0.154522
0.178107
0.183086
0.177015
0.172448
0.171454
0.1755
0.174876
0.179334
0.175777
0.147081
0.137493
0.139877
0.142307
0.144797
0.146726
0.148185
0.148596
0.150726
0.169438
0.183937
0.186673
0.19809
0.141884
0.141821
0.141953
0.142296
0.142718
0.143041
0.143087
0.142818
0.142465
0.141841
0.140914
0.140252
0.13978
0.139583
0.138101
0.135343
0.136755
0.13574
0.134774
0.13496
0.133761
0.133652
0.133249
0.133063
0.133374
0.133877
0.134371
0.134848
0.135255
0.135589
0.135909
0.136179
0.136477
0.136774
0.136852
0.136807
0.136736
0.136149
0.129455
0.142713
0.155567
0.164168
0.165586
0.170836
0.17348
0.174586
0.168929
0.175847
0.149485
0.150965
0.152735
0.155059
0.161064
0.183043
0.179341
0.140912
0.140924
0.1401
0.139307
0.138899
0.13886
0.138999
0.139373
0.139836
0.140293
0.140675
0.140708
0.140487
0.140207
0.139711
0.138962
0.138395
0.137985
0.137755
0.13781
0.136839
0.134885
0.134736
0.134148
0.133549
0.133021
0.132877
0.132578
0.131688
0.129521
0.129258
0.121285
0.133423
0.134773
0.135673
0.136393
0.136898
0.137241
0.137665
0.138125
0.138616
0.13911
0.13974
0.140199
0.140093
0.139522
0.138981
0.139398
0.138996
0.156206
0.159735
0.138428
0.135834
0.184967
0.184112
0.182549
0.141732
0.140869
0.137601
0.134746
0.134741
0.133911
0.134833
0.137288
0.137919
0.137869
0.137582
0.137641
0.137967
0.138201
0.138372
0.138359
0.138236
0.137973
0.137534
0.136862
0.136321
0.135882
0.135647
0.135495
0.134633
0.132896
0.132842
0.132249
0.131881
0.131598
0.131662
0.131679
0.131824
0.132163
0.132711
0.133429
0.134067
0.134586
0.134489
0.128866
0.131549
0.133321
0.13528
0.137022
0.13819
0.138933
0.139453
0.13993
0.140121
0.140305
0.140604
0.141123
0.137502
0.135505
0.134774
0.137236
0.136619
0.139613
0.140094
0.138068
0.134529
0.134968
0.134789
0.134241
0.133474
0.132234
0.135811
0.136845
0.136795
0.136469
0.136032
0.135742
0.136062
0.136266
0.136385
0.136352
0.136242
0.135987
0.135581
0.13496
0.134407
0.133922
0.13362
0.133439
0.132684
0.131258
0.131256
0.130661
0.130369
0.130151
0.130227
0.130279
0.130425
0.130801
0.131434
0.132229
0.132995
0.133692
0.134342
0.134844
0.135102
0.135053
0.130975
0.132164
0.133632
0.134886
0.135786
0.136592
0.137021
0.137185
0.137252
0.137665
0.137453
0.135652
0.134934
0.135354
0.135821
0.132818
0.137452
0.135523
0.13388
0.133497
0.13208
0.129569
0.132562
0.130115
0.129844
0.13326
0.134919
0.134966
0.134654
0.133972
0.134144
0.1346
0.134712
0.134685
0.134579
0.134316
0.133925
0.133337
0.132755
0.132233
0.131914
0.131749
0.131075
0.129845
0.129872
0.129284
0.129041
0.128875
0.128974
0.129057
0.129233
0.129628
0.130257
0.131008
0.13174
0.132433
0.133089
0.133648
0.133976
0.133447
0.127663
0.130337
0.132101
0.133468
0.134648
0.135608
0.136046
0.136053
0.135812
0.136344
0.136393
0.134395
0.132124
0.131935
0.133993
0.133147
0.136676
0.136189
0.133477
0.131935
0.132033
0.131584
0.130763
0.130131
0.129943
0.129456
0.12876
0.127982
0.132685
0.132833
0.13215
0.132832
0.133298
0.133325
0.133216
0.132935
0.132543
0.131967
0.131363
0.130805
0.130478
0.130305
0.129688
0.128652
0.128685
0.128107
0.127897
0.127774
0.127893
0.127998
0.128202
0.128642
0.129288
0.130012
0.130701
0.131348
0.131955
0.132477
0.132939
0.133213
0.130577
0.129125
0.130349
0.131373
0.133035
0.134502
0.134873
0.134463
0.134017
0.134934
0.13535
0.133067
0.135923
0.136406
0.130192
0.132353
0.129752
0.131004
0.13129
0.131271
0.131525
0.13155
0.131036
0.130685
0.130649
0.130369
0.130034
0.129674
0.128691
0.126728
0.131457
0.13126
0.131667
0.132048
0.132062
0.131843
0.131438
0.130805
0.130176
0.129612
0.129288
0.129093
0.128518
0.127694
0.12771
0.12716
0.126986
0.126903
0.127028
0.127149
0.127383
0.127861
0.128522
0.129219
0.129866
0.130456
0.130994
0.131449
0.131865
0.132348
0.132341
0.127054
0.128815
0.129958
0.131034
0.132689
0.13293
0.132156
0.132245
0.133737
0.134513
0.132221
0.13364
0.135654
0.134765
0.131037
0.130676
0.130809
0.130973
0.131287
0.131753
0.131915
0.131656
0.131435
0.131391
0.131235
0.131093
0.130822
0.130131
0.129025
0.127381
0.130424
0.13066
0.130588
0.130926
0.130904
0.13049
0.129885
0.129207
0.12861
0.128309
0.128107
0.127577
0.126949
0.126935
0.126443
0.126316
0.12627
0.126398
0.126527
0.126779
0.127283
0.127945
0.128608
0.129211
0.129743
0.130215
0.130605
0.130958
0.131383
0.131903
0.131751
0.127841
0.128291
0.128696
0.129548
0.130231
0.13029
0.131241
0.132846
0.133924
0.131835
0.130032
0.134522
0.134548
0.129748
0.129775
0.130529
0.131094
0.131547
0.132084
0.132345
0.132239
0.132119
0.132096
0.132019
0.131994
0.131852
0.131398
0.130663
0.129791
0.127795
0.12596
0.122309
0.12959
0.130066
0.129674
0.129073
0.128327
0.127782
0.127513
0.127317
0.126841
0.126365
0.126324
0.12592
0.125848
0.125836
0.125957
0.126095
0.126363
0.126877
0.127525
0.128148
0.128702
0.129181
0.129594
0.129929
0.130231
0.130587
0.131054
0.131592
0.131541
0.128547
0.125786
0.128898
0.128657
0.129026
0.129962
0.131961
0.133266
0.131422
0.12929
0.134147
0.134711
0.127984
0.129067
0.130497
0.131194
0.131757
0.132319
0.132634
0.132675
0.132673
0.13273
0.132722
0.132759
0.132687
0.132381
0.13189
0.131489
0.13064
0.128979
0.127792
0.126234
0.129005
0.128828
0.128171
0.127619
0.127079
0.126835
0.126665
0.126256
0.125882
0.125823
0.125529
0.125519
0.125537
0.125651
0.125801
0.126097
0.126614
0.127219
0.127791
0.128293
0.128724
0.129087
0.129379
0.129644
0.129953
0.130349
0.130814
0.131312
0.131686
0.131631
0.127765
0.128107
0.128452
0.128923
0.130827
0.132519
0.13091
0.128045
0.133652
0.134056
0.127457
0.128909
0.130763
0.131725
0.132349
0.132816
0.133162
0.133348
0.133428
0.133486
0.133495
0.133534
0.133516
0.133304
0.13307
0.132901
0.133291
0.132577
0.13063
0.128729
0.126739
0.128364
0.127482
0.126828
0.126357
0.126231
0.126083
0.125764
0.12547
0.125385
0.12519
0.125271
0.125329
0.12545
0.125709
0.126229
0.126712
0.127089
0.127504
0.127935
0.128322
0.128649
0.128909
0.129145
0.129421
0.129768
0.130157
0.130574
0.131019
0.131511
0.131605
0.127403
0.127886
0.128126
0.129007
0.131698
0.131326
0.127835
0.133028
0.133291
0.126753
0.128931
0.130826
0.131871
0.132617
0.133011
0.133364
0.133683
0.13379
0.133802
0.1338
0.13381
0.133765
0.133577
0.133311
0.13305
0.133104
0.133101
0.132807
0.131901
0.129296
0.126865
0.127159
0.126225
0.125744
0.12566
0.125576
0.125343
0.125029
0.125325
0.125044
0.125081
0.125238
0.125651
0.126553
0.127254
0.12757
0.127452
0.127351
0.127606
0.127939
0.128236
0.128478
0.128698
0.128952
0.129262
0.129596
0.129944
0.130316
0.130765
0.131225
0.131201
0.127981
0.127477
0.127886
0.130799
0.132622
0.129089
0.132046
0.132349
0.126331
0.129068
0.131069
0.132016
0.132653
0.13318
0.133479
0.133746
0.133934
0.133979
0.134002
0.134037
0.134034
0.133894
0.133633
0.133142
0.131832
0.131359
0.132253
0.132188
0.130593
0.128872
0.126691
0.125698
0.124977
0.124971
0.124989
0.124823
0.124833
0.125093
0.125129
0.125239
0.12602
0.12674
0.127266
0.127665
0.127895
0.127842
0.127327
0.127269
0.12754
0.127813
0.128042
0.128252
0.128491
0.128772
0.12908
0.129375
0.129689
0.130055
0.130393
0.130719
0.130846
0.129845
0.127149
0.130525
0.131178
0.130186
0.131407
0.131577
0.126738
0.129098
0.130848
0.131854
0.132432
0.132972
0.133344
0.133671
0.13388
0.134012
0.134106
0.134209
0.134271
0.134194
0.134027
0.133739
0.133316
0.132697
0.130955
0.130195
0.13096
0.13043
0.127663
0.125617
0.124709
0.124591
0.12476
0.124636
0.124497
0.125009
0.126687
0.126941
0.127162
0.12746
0.127815
0.128049
0.12806
0.127944
0.127596
0.126909
0.126976
0.12723
0.127457
0.127687
0.127928
0.128196
0.128475
0.128736
0.129005
0.129318
0.129581
0.129792
0.130126
0.13044
0.129975
0.130852
0.130288
0.129642
0.126141
0.131001
0.127299
0.128826
0.130299
0.131297
0.13202
0.132597
0.133106
0.133525
0.133871
0.13408
0.134254
0.134436
0.134567
0.134557
0.134481
0.134353
0.134187
0.133918
0.133504
0.133208
0.132979
0.132715
0.132344
0.127405
0.12479
0.124186
0.12473
0.124541
0.124572
0.124965
0.126751
0.12758
0.127837
0.128119
0.128359
0.128397
0.128168
0.127809
0.127353
0.126511
0.126489
0.126708
0.126927
0.127145
0.127354
0.127596
0.12785
0.128078
0.128295
0.128571
0.128784
0.128906
0.129044
0.129343
0.129445
0.130014
0.130627
0.131482
0.128737
0.130101
0.125317
0.127435
0.128839
0.130576
0.131382
0.132144
0.132831
0.133428
0.133917
0.134215
0.134477
0.134725
0.134906
0.134954
0.134937
0.13489
0.134816
0.134697
0.134515
0.134369
0.134232
0.134163
0.134192
0.134149
0.127415
0.124984
0.124873
0.125242
0.125165
0.125538
0.126897
0.12792
0.128531
0.128881
0.129043
0.128891
0.128388
0.127693
0.127066
0.126041
0.125773
0.125949
0.126163
0.126385
0.126595
0.126839
0.127085
0.127305
0.127512
0.127756
0.127926
0.128008
0.128099
0.128275
0.12846
0.128609
0.129263
0.129937
0.127443
0.129325
0.129226
0.128614
0.127589
0.129064
0.130486
0.13173
0.132549
0.1334
0.134053
0.13446
0.134806
0.135083
0.135271
0.135351
0.13536
0.135342
0.135301
0.135252
0.135156
0.135082
0.135031
0.135056
0.13524
0.135627
0.136212
0.127952
0.126764
0.126103
0.126109
0.126719
0.127651
0.12868
0.129361
0.129709
0.129815
0.129572
0.128916
0.12793
0.127003
0.125873
0.125127
0.125167
0.125323
0.125497
0.125681
0.125908
0.126137
0.126355
0.126556
0.126774
0.126912
0.126972
0.127034
0.127171
0.127343
0.127463
0.127676
0.12843
0.128153
0.128109
0.1281
0.127966
0.128201
0.124365
0.130796
0.130006
0.132379
0.133516
0.134363
0.134874
0.135253
0.135495
0.135635
0.135693
0.135692
0.135673
0.135646
0.135638
0.135599
0.135578
0.135584
0.135623
0.13581
0.136161
0.136843
0.137915
0.137699
0.134429
0.126987
0.12756
0.128606
0.129462
0.130076
0.130374
0.130441
0.130184
0.129554
0.128505
0.127346
0.126194
0.124886
0.124619
0.12461
0.124655
0.124761
0.124927
0.125114
0.125304
0.125493
0.125694
0.125809
0.125859
0.1259
0.125989
0.12612
0.126207
0.126358
0.126954
0.127022
0.126706
0.126626
0.126444
0.126647
0.127176
0.127281
0.131567
0.131455
0.133754
0.134977
0.135507
0.1358
0.135904
0.135919
0.135889
0.135843
0.135806
0.135792
0.13582
0.135834
0.135868
0.135911
0.135945
0.136058
0.13626
0.13663
0.137785
0.138753
0.138961
0.129548
0.128624
0.129443
0.130111
0.130574
0.130781
0.130787
0.130507
0.129985
0.129117
0.127971
0.12684
0.125349
0.124603
0.124342
0.124167
0.124089
0.124104
0.124179
0.12429
0.124425
0.124589
0.124681
0.124727
0.124744
0.124782
0.124885
0.124934
0.125003
0.125422
0.125495
0.12534
0.12523
0.125049
0.125145
0.125507
0.126007
0.127151
0.132161
0.135302
0.135951
0.136322
0.136372
0.136218
0.136052
0.135912
0.135817
0.135767
0.135782
0.135846
0.135919
0.136008
0.136072
0.136085
0.136084
0.136015
0.135932
0.136803
0.138225
0.138751
0.140344
0.129657
0.130172
0.130535
0.130763
0.130866
0.13083
0.130483
0.129995
0.129396
0.128485
0.127445
0.126296
0.125069
0.124656
0.124322
0.124036
0.123828
0.123706
0.123661
0.123663
0.123711
0.12374
0.123755
0.123713
0.123699
0.123747
0.123776
0.123738
0.124081
0.124244
0.124144
0.124025
0.123898
0.123962
0.124269
0.124749
0.125707
0.127782
0.136821
0.136857
0.137254
0.136862
0.136409
0.136098
0.135905
0.135797
0.135734
0.13574
0.135781
0.135815
0.135819
0.135752
0.135528
0.135202
0.134643
0.134112
0.134549
0.13623
0.137611
0.137964
0.130416
0.130597
0.130746
0.130647
0.130597
0.130552
0.130231
0.129635
0.129201
0.128605
0.127725
0.126898
0.125655
0.125137
0.124886
0.124586
0.124265
0.123994
0.123797
0.123631
0.123498
0.1234
0.123301
0.123146
0.123047
0.123008
0.122936
0.122818
0.123077
0.123417
0.123341
0.123234
0.123259
0.123363
0.12372
0.124312
0.125235
0.126883
0.130988
0.137833
0.137119
0.136963
0.136563
0.13618
0.135948
0.135795
0.135658
0.135511
0.135378
0.135146
0.134748
0.134292
0.133708
0.133217
0.132691
0.132374
0.132563
0.133999
0.13581
0.13644
0.131469
0.131093
0.130743
0.130702
0.130485
0.130294
0.129938
0.129076
0.128604
0.128347
0.127741
0.126995
0.126077
0.125297
0.125241
0.125138
0.124948
0.124743
0.124547
0.124339
0.12413
0.123905
0.123663
0.123382
0.123166
0.123003
0.122829
0.122618
0.122737
0.12329
0.123221
0.12314
0.123368
0.123544
0.123965
0.124634
0.12549
0.126747
0.129366
0.140209
0.137352
0.136679
0.136571
0.136092
0.135721
0.135416
0.135136
0.134771
0.134437
0.133976
0.133316
0.132669
0.132118
0.131846
0.131694
0.131734
0.131941
0.133143
0.134967
0.135936
0.134556
0.132093
0.132092
0.132169
0.131979
0.131333
0.13051
0.128993
0.128033
0.127888
0.127667
0.127065
0.126288
0.125274
0.125228
0.125309
0.12533
0.125311
0.125269
0.125178
0.125019
0.124801
0.124542
0.124235
0.123972
0.123738
0.123527
0.123259
0.123192
0.123826
0.123753
0.123672
0.123996
0.12419
0.124584
0.125187
0.125924
0.12693
0.128867
0.135473
0.137811
0.13617
0.135952
0.135414
0.134902
0.134462
0.134091
0.133654
0.133261
0.132819
0.132255
0.131683
0.131299
0.131281
0.131428
0.131695
0.131971
0.132996
0.134783
0.135779
0.134913
0.133023
0.133566
0.133766
0.133538
0.132766
0.131582
0.129493
0.128344
0.127977
0.127708
0.127349
0.126647
0.125576
0.125399
0.125478
0.125552
0.12564
0.125728
0.12576
0.125685
0.125524
0.12532
0.125062
0.124838
0.124691
0.124536
0.124177
0.123975
0.124511
0.124422
0.124296
0.124571
0.124717
0.125046
0.125557
0.126221
0.127144
0.128864
0.132212
0.138622
0.134703
0.134564
0.134268
0.13385
0.133434
0.133094
0.132707
0.132399
0.131932
0.131525
0.131188
0.130944
0.131124
0.131483
0.131869
0.132193
0.133093
0.134796
0.13578
0.13526
0.133748
0.13421
0.134428
0.134475
0.133933
0.132685
0.13064
0.129698
0.128982
0.128458
0.127969
0.127064
0.126187
0.126269
0.126339
0.126193
0.12626
0.126387
0.126352
0.126226
0.12603
0.125878
0.125693
0.125472
0.125441
0.125388
0.124877
0.124557
0.12496
0.124849
0.124666
0.124873
0.124979
0.125273
0.125756
0.12643
0.127359
0.128995
0.131881
0.139242
0.133425
0.132811
0.132882
0.132721
0.132398
0.132157
0.131874
0.131703
0.131362
0.131023
0.130762
0.130628
0.130977
0.131511
0.132002
0.132388
0.133315
0.134869
0.135899
0.135511
0.130531
0.13504
0.134885
0.135157
0.134793
0.133766
0.132191
0.131089
0.130614
0.129885
0.12891
0.12774
0.127323
0.127418
0.127834
0.127607
0.127585
0.127591
0.127271
0.126894
0.12645
0.126434
0.126434
0.126061
0.1261
0.126138
0.125389
0.124901
0.125182
0.125039
0.124837
0.125035
0.125143
0.125459
0.125957
0.126605
0.127515
0.128981
0.131209
0.134689
0.133248
0.132132
0.131243
0.131514
0.131423
0.131349
0.131143
0.131092
0.13079
0.130582
0.130426
0.130312
0.130796
0.131466
0.132043
0.132524
0.133519
0.134996
0.136019
0.136166
0.136391
0.135243
0.135533
0.135712
0.135314
0.135005
0.133694
0.13095
0.13153
0.134095
0.132116
0.131517
0.130236
0.129344
0.129746
0.130168
0.129956
0.129598
0.12839
0.127734
0.12712
0.127198
0.127169
0.126747
0.12668
0.126621
0.125749
0.125173
0.125271
0.125058
0.124947
0.125248
0.125411
0.125649
0.12635
0.127028
0.128036
0.129123
0.130905
0.126116
0.13375
0.130041
0.13768
0.13788
0.138099
0.138476
0.129099
0.129591
0.129308
0.129427
0.129511
0.129506
0.130282
0.131114
0.131956
0.132566
0.133637
0.1351
0.136059
0.136445
0.137208
0.138323
0.138477
0.138056
0.138161
0.137077
0.136333
0.13607
0.135281
0.134582
0.134202
0.134095
0.134233
0.136581
0.133317
0.129513
0.130583
0.129858
0.128719
0.127018
0.129664
0.128384
0.127885
0.127233
0.12683
0.12671
0.126122
0.12556
0.125713
0.125262
0.125195
0.125414
0.127382
0.127166
0.126784
0.126452
0.126202
0.126062
0.125884
0.131042
0.125531
0.133215
0.134621
0.136889
0.137231
0.129428
0.13771
0.129106
0.128545
0.128656
0.128667
0.138277
0.138563
0.12817
0.130968
0.132132
0.133589
0.134925
0.135646
0.136526
0.136886
0.137696
0.138512
0.138369
0.135634
0.137218
0.1369
0.136592
0.136085
0.135624
0.135231
0.13491
0.134752
0.134628
0.132835
0.12766
0.128209
0.127749
0.12723
0.126907
0.126686
0.126392
0.126442
0.126825
0.127006
0.126651
0.127352
0.127907
0.128263
0.12824
0.128493
0.128609
0.128775
0.128553
0.128342
0.128113
0.1279
0.127714
0.127342
0.127049
0.126767
0.126156
0.125603
0.124984
0.135294
0.135273
0.137067
0.138049
0.138551
0.128619
0.129283
0.129513
0.129999
0.130714
0.131702
0.132827
0.134104
0.135
0.13809
0.137563
0.137011
0.136699
0.136361
0.135829
0.135074
0.134743
0.134563
0.134299
0.1339
0.126604
0.127139
0.12757
0.127664
0.127772
0.127941
0.127843
0.127839
0.127827
0.12781
0.127648
0.127426
0.127256
0.126883
0.126715
0.126499
0.126452
0.126527
0.126799
0.126265
0.126793
0.12667
0.126735
0.126744
0.12685
0.126763
0.126669
0.126618
0.126619
0.126712
0.126901
0.126982
0.126699
0.12543
0.129967
0.132793
0.133433
0.134315
0.134717
0.134905
0.135026
0.135057
0.135012
0.134833
0.134682
0.135632
0.137043
0.138184
0.137821
0.133716
0.133176
0.132848
0.132841
0.132974
0.133097
0.132746
0.132212
0.131895
0.131246
0.125369
0.127755
0.127983
0.127648
0.127404
0.127423
0.127879
0.131301
0.145625
0.168081
0.182749
0.187884
0.191173
0.19325
0.193552
0.192895
0.192116
0.192127
0.19086
0.191206
0.188962
0.192202
0.191653
0.192247
0.192844
0.193743
0.194128
0.194188
0.193557
0.191443
0.186153
0.172593
0.143348
0.128003
0.121657
0.13442
0.133981
0.133426
0.133489
0.133744
0.133634
0.133022
0.132534
0.132436
0.132602
0.133005
0.133408
0.133237
0.133378
0.133895
0.127047
0.126883
0.126782
0.126783
0.126839
0.126973
0.127262
0.127907
0.128991
0.130458
0.132426
0.131924
0.129573
0.1302
0.13153
0.135499
0.144896
0.155085
0.16688
0.179382
0.182457
0.182495
0.180949
0.178679
0.175858
0.174412
0.173556
0.173486
0.172866
0.172839
0.172468
0.173554
0.173607
0.174314
0.175341
0.177432
0.180182
0.183282
0.185451
0.185321
0.180845
0.168284
0.143228
0.127891
0.133576
0.135473
0.1351
0.134394
0.134277
0.134514
0.134379
0.133469
0.132803
0.132411
0.132021
0.131384
0.130522
0.129608
0.128659
0.127728
0.129743
0.130226
0.130965
0.131259
0.131336
0.131277
0.131314
0.131377
0.131768
0.132375
0.133125
0.134162
0.134897
0.133373
0.13167
0.132132
0.13529
0.138327
0.146372
0.159275
0.167787
0.172667
0.175126
0.175724
0.175348
0.175085
0.174751
0.175237
0.175709
0.176112
0.175407
0.175763
0.175923
0.176296
0.177037
0.178688
0.181481
0.184243
0.184558
0.180577
0.169075
0.14512
0.128902
0.133552
0.135043
0.135128
0.134362
0.133919
0.133932
0.134014
0.133738
0.133263
0.133004
0.132839
0.132659
0.13231
0.131796
0.131226
0.1304
0.129661
0.13199
0.132766
0.133437
0.133511
0.133319
0.133004
0.132789
0.132574
0.132615
0.132914
0.133344
0.133895
0.134216
0.133596
0.132101
0.132154
0.13336
0.139155
0.139601
0.139798
0.14774
0.164069
0.173321
0.178386
0.181035
0.183919
0.184239
0.18733
0.185881
0.185398
0.184625
0.18956
0.189684
0.192185
0.195533
0.199486
0.204705
0.133894
0.135545
0.134407
0.133486
0.133008
0.129104
0.132984
0.134561
0.135291
0.135668
0.133425
0.133067
0.133088
0.133652
0.13644
0.136896
0.132734
0.132279
0.131986
0.131774
0.131564
0.131267
0.131268
0.135175
0.135812
0.136151
0.135871
0.134958
0.134358
0.133879
0.133248
0.132463
0.131669
0.131182
0.130549
0.128499
0.134419
0.134754
0.135073
0.135386
0.135597
0.136037
0.136162
0.136432
0.137062
0.137682
0.138248
0.138751
0.1392
0.13925
0.139332
0.140089
0.140418
0.140191
0.139507
0.139344
0.138684
0.138001
0.137165
0.136266
0.135206
0.134045
0.133053
0.131927
0.131378
0.12922
0.133769
0.13305
0.133103
0.133329
0.133018
0.132917
0.132848
0.132786
0.132814
0.137075
0.135546
0.135035
0.134452
0.134033
0.133948
0.134017
0.134462
0.132417
0.132198
0.132704
0.132908
0.13276
0.132468
0.132186
0.131866
0.131551
0.131271
0.131054
0.130883
0.13062
0.129785
0.125297
0.133133
0.1341
0.134398
0.134732
0.134918
0.135412
0.135873
0.136245
0.136706
0.137183
0.137652
0.137766
0.137847
0.138429
0.138661
0.138473
0.137855
0.137724
0.137128
0.1365
0.135734
0.134824
0.133771
0.132589
0.131622
0.130694
0.123216
0.133235
0.134171
0.133342
0.133413
0.13353
0.133241
0.132929
0.132681
0.132593
0.132703
0.133298
0.135565
0.135288
0.1348
0.134644
0.134395
0.133669
0.132924
0.132123
0.132614
0.132974
0.132982
0.132823
0.132667
0.13242
0.132141
0.131874
0.131599
0.131347
0.131105
0.130761
0.130383
0.130044
0.129626
0.126778
0.132327
0.133418
0.133885
0.134335
0.134708
0.134985
0.135233
0.135554
0.135939
0.136082
0.136177
0.136521
0.136834
0.136635
0.136117
0.136153
0.13566
0.135119
0.134392
0.133476
0.132447
0.131386
0.130614
0.130441
0.128691
0.132261
0.134813
0.13393
0.133808
0.133745
0.133339
0.132879
0.132519
0.132394
0.132477
0.132475
0.13347
0.135392
0.134802
0.13471
0.134393
0.133422
0.132694
0.132371
0.13284
0.133037
0.132966
0.132754
0.132547
0.132275
0.132136
0.131988
0.131835
0.13165
0.131412
0.131027
0.130632
0.130342
0.130229
0.12945
0.125363
0.132271
0.132954
0.133199
0.133408
0.133777
0.134121
0.134445
0.134676
0.134807
0.134923
0.135027
0.135123
0.135142
0.134608
0.134809
0.1344
0.133931
0.133148
0.132089
0.131052
0.130261
0.130192
0.125502
0.130876
0.134555
0.133725
0.133996
0.134115
0.133908
0.133358
0.13284
0.132329
0.132234
0.13238
0.132181
0.131918
0.130341
0.12996
0.129482
0.132647
0.132719
0.131933
0.132475
0.132844
0.133102
0.133121
0.13305
0.132689
0.132033
0.132082
0.132053
0.131996
0.131861
0.13165
0.131234
0.130754
0.13064
0.130913
0.130296
0.128562
0.124934
0.132047
0.132322
0.132431
0.132492
0.132808
0.133066
0.133326
0.133613
0.133755
0.133817
0.133653
0.133744
0.133401
0.133654
0.133339
0.132922
0.132048
0.130931
0.130139
0.130203
0.129394
0.129422
0.121301
0.130383
0.13231
0.133439
0.13417
0.134046
0.133218
0.132758
0.132683
0.132553
0.131791
0.130934
0.130541
0.130122
0.129684
0.129674
0.130049
0.132465
0.132355
0.1324
0.132539
0.132744
0.133041
0.132791
0.132459
0.132075
0.132131
0.132249
0.132178
0.132076
0.131912
0.131457
0.131052
0.130971
0.131124
0.130462
0.129344
0.126398
0.130674
0.131548
0.131531
0.131585
0.131816
0.132023
0.132122
0.132392
0.132681
0.132717
0.132629
0.132592
0.132371
0.133055
0.13292
0.132638
0.131668
0.130247
0.130504
0.129295
0.129957
0.122624
0.121547
0.130082
0.131551
0.132612
0.133625
0.133274
0.132886
0.133178
0.133851
0.131609
0.13121
0.130862
0.130603
0.130339
0.130116
0.130373
0.131061
0.132787
0.132697
0.132786
0.132672
0.132735
0.13309
0.132992
0.132706
0.132445
0.132301
0.132405
0.132352
0.132071
0.131985
0.131559
0.131564
0.131923
0.131678
0.131093
0.130129
0.128413
0.126899
0.130685
0.130767
0.130697
0.130889
0.131143
0.131299
0.131435
0.131587
0.131699
0.131749
0.131949
0.131882
0.132909
0.133486
0.133207
0.131062
0.131022
0.131155
0.131016
0.131424
0.12224
0.130123
0.13104
0.131797
0.132402
0.133244
0.133011
0.133203
0.133676
0.132289
0.131718
0.131295
0.13098
0.130847
0.130768
0.130722
0.131167
0.131802
0.132935
0.132824
0.132968
0.132809
0.132608
0.132688
0.132961
0.132771
0.132446
0.132594
0.132601
0.132477
0.1323
0.132021
0.131652
0.132114
0.132239
0.132029
0.131553
0.130738
0.129318
0.12515
0.130001
0.1299
0.129787
0.129904
0.130335
0.130488
0.130884
0.13184
0.131924
0.130886
0.131171
0.131532
0.123759
0.132213
0.132968
0.132292
0.132753
0.132272
0.124796
0.122539
0.130324
0.131498
0.132077
0.132499
0.132453
0.132713
0.132573
0.132992
0.133155
0.132524
0.131915
0.131574
0.131357
0.131336
0.131386
0.13148
0.131716
0.132962
0.133194
0.133006
0.132917
0.132148
0.132313
0.132422
0.132647
0.132642
0.132638
0.132363
0.132414
0.132289
0.132107
0.13181
0.131474
0.13207
0.13213
0.131906
0.13149
0.130956
0.128539
0.128814
0.129111
0.128923
0.128881
0.129412
0.130246
0.130728
0.127335
0.131973
0.131287
0.131437
0.131952
0.132154
0.134581
0.134783
0.134102
0.133455
0.133305
0.133561
0.133904
0.134401
0.133464
0.133654
0.133446
0.132911
0.132217
0.13239
0.13222
0.132476
0.133148
0.132901
0.132306
0.131928
0.131792
0.131957
0.132184
0.132208
0.132437
0.134163
0.133305
0.133148
0.133128
0.133072
0.133047
0.133074
0.133433
0.132971
0.132899
0.13247
0.132935
0.132867
0.132668
0.132214
0.132472
0.132872
0.132886
0.132719
0.13246
0.13259
0.135828
0.133313
0.128719
0.128044
0.128621
0.130011
0.130208
0.131018
0.1318
0.131205
0.131563
0.132006
0.132762
0.133268
0.123239
0.135881
0.135656
0.132209
0.13214
0.132851
0.133501
0.133693
0.133378
0.133193
0.132921
0.131976
0.130909
0.131546
0.132076
0.132753
0.132752
0.132954
0.132744
0.132407
0.132319
0.132346
0.132461
0.132648
0.132275
0.132336
0.134182
0.133438
0.13185
0.131703
0.131707
0.131392
0.130577
0.131608
0.131925
0.131378
0.127975
0.130703
0.130746
0.130416
0.130012
0.129293
0.127076
0.128339
0.1285
0.128477
0.128657
0.131384
0.132689
0.127895
0.128377
0.129978
0.130542
0.131854
0.131519
0.132119
0.132521
0.132974
0.133515
0.135459
0.126172
0.124058
0.12404
0.134593
0.135211
0.135359
0.135406
0.135401
0.135207
0.135259
0.136316
0.136042
0.134876
0.134511
0.134739
0.133916
0.13289
0.133197
0.133286
0.133318
0.133182
0.132957
0.132968
0.13211
0.133846
0.133695
0.133645
0.133046
0.135615
0.131203
0.131215
0.131036
0.130674
0.131882
0.132288
0.131972
0.131768
0.131148
0.131013
0.130769
0.130409
0.129729
0.127526
0.127897
0.127833
0.12751
0.127429
0.12741
0.125684
0.12608
0.12657
0.126872
0.128408
0.131908
0.13481
0.132087
0.134699
0.135369
0.135706
0.133309
0.126391
0.124328
0.13376
0.135342
0.13567
0.135707
0.13568
0.135653
0.135851
0.136071
0.136425
0.136578
0.135945
0.135706
0.135688
0.134464
0.133508
0.133658
0.133596
0.133555
0.133145
0.132847
0.133182
0.131827
0.132801
0.133904
0.133299
0.133639
0.133397
0.131304
0.13147
0.131694
0.131966
0.131562
0.131243
0.129167
0.12987
0.12903
0.127737
0.127474
0.127526
0.127495
0.12748
0.127341
0.127102
0.126774
0.126552
0.126579
0.126602
0.126721
0.127301
0.129206
0.129844
0.135015
0.135199
0.134825
0.134791
0.133663
0.134163
0.135774
0.135981
0.134352
0.135196
0.136043
0.136288
0.136296
0.136256
0.136192
0.135997
0.135814
0.135567
0.135414
0.138469
0.139479
0.138641
0.135914
0.134277
0.134077
0.134098
0.133736
0.132742
0.132476
0.131323
0.131715
0.132969
0.134057
0.133166
0.133787
0.133639
0.131451
0.131753
0.132207
0.132565
0.132372
0.132136
0.131698
0.131027
0.130209
0.127534
0.127218
0.127052
0.126948
0.126787
0.126573
0.126357
0.126088
0.125883
0.125736
0.125717
0.125931
0.126828
0.129551
0.131078
0.132768
0.135532
0.135848
0.136274
0.136479
0.136746
0.136753
0.136776
0.135214
0.135411
0.136702
0.136815
0.136765
0.136692
0.136589
0.136377
0.136157
0.13588
0.135515
0.135169
0.134984
0.134838
0.137648
0.135133
0.134461
0.1345
0.133623
0.132425
0.132324
0.130663
0.13148
0.135042
0.134275
0.133614
0.133924
0.132019
0.131725
0.132111
0.132453
0.132627
0.132546
0.132355
0.132113
0.131812
0.131182
0.129825
0.127832
0.126499
0.126308
0.126053
0.125787
0.12556
0.12539
0.125351
0.125297
0.125235
0.125383
0.126323
0.12974
0.131215
0.134768
0.136302
0.136737
0.137141
0.137271
0.137427
0.137435
0.137388
0.137054
0.136977
0.137195
0.137208
0.1371
0.136974
0.136813
0.136584
0.136314
0.135979
0.135593
0.135278
0.135179
0.134991
0.134266
0.138168
0.135006
0.134856
0.133518
0.132563
0.130857
0.130481
0.13131
0.134985
0.134819
0.133211
0.13417
0.131925
0.132102
0.132325
0.132474
0.132571
0.132546
0.132284
0.132015
0.131833
0.131611
0.130866
0.129098
0.126437
0.125726
0.125401
0.125051
0.1248
0.124773
0.125026
0.125192
0.125313
0.12556
0.126737
0.129972
0.131168
0.135254
0.137192
0.137547
0.13786
0.137838
0.137904
0.137898
0.137807
0.137541
0.137428
0.137486
0.137425
0.137272
0.137096
0.13689
0.136632
0.136321
0.135953
0.135565
0.135293
0.135253
0.134466
0.134051
0.132907
0.136138
0.135203
0.133645
0.133076
0.130585
0.130595
0.132252
0.135483
0.136297
0.132928
0.135218
0.132579
0.132671
0.132671
0.132626
0.13258
0.132575
0.132321
0.131933
0.131663
0.131512
0.131194
0.13008
0.127786
0.125364
0.124879
0.124497
0.124525
0.124343
0.124883
0.125497
0.125915
0.126589
0.128379
0.130376
0.13314
0.136666
0.137952
0.138247
0.138411
0.138345
0.138294
0.138196
0.138028
0.137719
0.137509
0.137471
0.137369
0.13719
0.136997
0.136783
0.136524
0.13622
0.135876
0.135533
0.135295
0.135126
0.133596
0.1327
0.132682
0.132812
0.135436
0.134124
0.133627
0.13773
0.131126
0.137188
0.1365
0.133038
0.138677
0.132635
0.133376
0.133239
0.133096
0.132938
0.132826
0.132819
0.132692
0.132307
0.131836
0.131606
0.131364
0.13083
0.129198
0.12608
0.124735
0.124204
0.123962
0.124993
0.125337
0.126587
0.127589
0.129221
0.133428
0.136027
0.135474
0.139507
0.138441
0.138676
0.138737
0.138618
0.138481
0.138247
0.13791
0.137515
0.13724
0.137123
0.136997
0.136839
0.136677
0.136526
0.136328
0.136084
0.135794
0.1355
0.135251
0.13476
0.132413
0.130359
0.131933
0.133563
0.135627
0.134831
0.136586
0.13833
0.132488
0.138917
0.133827
0.133838
0.133907
0.133485
0.13397
0.13375
0.133585
0.133416
0.133294
0.133241
0.13317
0.132984
0.13246
0.131969
0.131651
0.131257
0.130505
0.128035
0.124855
0.124285
0.123887
0.124347
0.125665
0.128399
0.130482
0.12955
0.137828
0.138381
0.139882
0.13927
0.138655
0.138857
0.138817
0.138584
0.13835
0.138066
0.137664
0.137249
0.136976
0.136829
0.136663
0.136467
0.136267
0.136147
0.136042
0.135902
0.135675
0.135394
0.135101
0.134363
0.131128
0.138758
0.130069
0.133353
0.136044
0.135566
0.136934
0.133459
0.130655
0.135083
0.134711
0.134543
0.134346
0.134177
0.134297
0.134114
0.133984
0.133856
0.133768
0.133708
0.133621
0.13355
0.133309
0.132652
0.132055
0.13164
0.131148
0.129876
0.126355
0.124532
0.124115
0.124135
0.127056
0.137171
0.137524
0.136698
0.136496
0.137047
0.138351
0.138736
0.138639
0.138798
0.138677
0.138414
0.138188
0.137938
0.137546
0.137153
0.136883
0.136742
0.136573
0.136336
0.136023
0.135749
0.135561
0.135517
0.135381
0.135092
0.134755
0.13404
0.129544
0.137739
0.138317
0.133145
0.136202
0.132708
0.132141
0.133379
0.132286
0.134927
0.135035
0.134829
0.134535
0.13446
0.134457
0.134326
0.134238
0.134154
0.134106
0.134064
0.133992
0.13392
0.133842
0.133488
0.132538
0.131954
0.131491
0.130808
0.128342
0.124869
0.124458
0.124252
0.126156
0.137027
0.135933
0.135545
0.135765
0.136382
0.137396
0.138094
0.138332
0.138461
0.138383
0.138191
0.137956
0.137722
0.137264
0.136691
0.139009
0.136064
0.136128
0.135999
0.135686
0.135306
0.134898
0.134738
0.134751
0.134527
0.134169
0.133535
0.139224
0.138102
0.136307
0.137346
0.135388
0.133289
0.132457
0.133164
0.132927
0.135136
0.135037
0.134908
0.134672
0.134582
0.13456
0.134457
0.134391
0.134336
0.134315
0.134297
0.13425
0.13419
0.13412
0.133994
0.133252
0.132166
0.131662
0.131113
0.129805
0.125498
0.124746
0.1244
0.125564
0.136626
0.135146
0.135174
0.135559
0.136088
0.136646
0.136974
0.137137
0.137256
0.137239
0.137225
0.138557
0.138339
0.138125
0.138112
0.13825
0.138514
0.138874
0.139354
0.13972
0.134024
0.13386
0.133709
0.133703
0.133693
0.133329
0.132415
0.138808
0.138297
0.135827
0.136684
0.13488
0.133144
0.132567
0.133578
0.133054
0.135384
0.135225
0.134969
0.134804
0.134672
0.134639
0.134541
0.134482
0.134445
0.134437
0.134437
0.134415
0.134378
0.134319
0.134234
0.133824
0.13231
0.131689
0.131141
0.130342
0.126836
0.124903
0.124475
0.125665
0.13611
0.135053
0.135342
0.135944
0.138352
0.138306
0.13719
0.137096
0.136857
0.137165
0.137527
0.137655
0.137781
0.137839
0.137908
0.138049
0.138238
0.13847
0.138754
0.138995
0.139123
0.139054
0.139235
0.132028
0.131922
0.138302
0.13791
0.138507
0.138312
0.135586
0.136269
0.135004
0.133075
0.132596
0.133045
0.133017
0.134424
0.1356
0.135048
0.13492
0.134747
0.134681
0.134573
0.134514
0.134489
0.134485
0.134498
0.1345
0.134491
0.134457
0.134386
0.134029
0.132218
0.131392
0.130733
0.130222
0.127376
0.124927
0.124607
0.126402
0.135526
0.138623
0.137784
0.137123
0.13678
0.136646
0.136022
0.134479
0.132009
0.136243
0.137098
0.137389
0.137607
0.137644
0.137692
0.137807
0.137937
0.138112
0.138328
0.138531
0.138677
0.13869
0.138588
0.138686
0.138498
0.138017
0.1373
0.137976
0.138202
0.13559
0.135822
0.135383
0.132945
0.132587
0.132861
0.133023
0.133604
0.134421
0.135115
0.135005
0.134785
0.134644
0.134505
0.134443
0.134427
0.134425
0.134454
0.134479
0.134512
0.134529
0.134467
0.132738
0.13534
0.134276
0.134007
0.133538
0.132668
0.124653
0.124292
0.128015
0.125084
0.13345
0.135818
0.135928
0.136096
0.134891
0.127917
0.127547
0.129035
0.133874
0.140411
0.136744
0.13751
0.137589
0.137401
0.137439
0.137526
0.137649
0.137794
0.13796
0.1381
0.138176
0.138147
0.138036
0.138029
0.137484
0.137061
0.137309
0.137772
0.135477
0.135133
0.135959
0.132607
0.132564
0.132857
0.133171
0.133618
0.13404
0.135179
0.135094
0.134743
0.134781
0.134385
0.134288
0.134303
0.134273
0.134343
0.13444
0.134484
0.135501
0.134781
0.134286
0.133834
0.133558
0.132205
0.13084
0.13056
0.130462
0.130186
0.129128
0.126096
0.125002
0.124261
0.124897
0.126225
0.123837
0.124791
0.125906
0.126803
0.12834
0.131285
0.140145
0.13735
0.137367
0.137153
0.137064
0.136936
0.137026
0.137113
0.137225
0.137327
0.137419
0.137451
0.137325
0.137075
0.137093
0.136757
0.136608
0.137465
0.136766
0.134741
0.135676
0.132076
0.132627
0.133026
0.133511
0.134041
0.134425
0.135616
0.135879
0.134917
0.135881
0.136104
0.136233
0.136224
0.136338
0.136224
0.136018
0.135636
0.135151
0.134657
0.134141
0.133757
0.132842
0.131185
0.130267
0.129956
0.129496
0.129269
0.128207
0.126379
0.125679
0.127044
0.126979
0.135938
0.135805
0.127117
0.138601
0.13316
0.12811
0.128004
0.131838
0.13768
0.137592
0.137138
0.136805
0.136584
0.136475
0.136448
0.136503
0.136546
0.136597
0.136638
0.136524
0.136302
0.136588
0.136432
0.136145
0.137112
0.135751
0.134084
0.135078
0.132051
0.132959
0.133453
0.134045
0.134613
0.134924
0.135449
0.135667
0.135887
0.135957
0.136038
0.136096
0.136113
0.136142
0.136072
0.135903
0.135627
0.135083
0.134579
0.134106
0.133538
0.132275
0.13106
0.130219
0.129182
0.128098
0.127446
0.126623
0.141013
0.180153
0.19556
0.196415
0.195296
0.195412
0.179185
0.190691
0.184472
0.161577
0.136602
0.128152
0.138069
0.138323
0.137534
0.136965
0.136517
0.136232
0.13609
0.135983
0.135934
0.135864
0.135745
0.135686
0.13557
0.135951
0.135824
0.135568
0.136602
0.135571
0.133353
0.134609
0.131532
0.133366
0.133988
0.134655
0.135178
0.135479
0.135724
0.135823
0.135835
0.135915
0.135969
0.136022
0.136048
0.136056
0.136006
0.135903
0.135689
0.135252
0.134687
0.134282
0.132878
0.131422
0.129971
0.128493
0.127048
0.12682
0.13562
0.179546
0.198769
0.190249
0.182073
0.179734
0.177414
0.182917
0.192391
0.184755
0.187302
0.187676
0.184904
0.150978
0.138879
0.139028
0.138051
0.13742
0.136917
0.13657
0.136324
0.136096
0.135952
0.135696
0.135225
0.134793
0.135095
0.135182
0.134858
0.134683
0.135507
0.134148
0.132571
0.133021
0.133583
0.130522
0.13334
0.134178
0.134932
0.135435
0.135748
0.135835
0.13587
0.135771
0.135918
0.135997
0.13603
0.13603
0.135944
0.135789
0.135502
0.134886
0.134125
0.133498
0.131961
0.130162
0.128673
0.1273
0.127769
0.152353
0.187086
0.199421
0.191389
0.180537
0.175576
0.1743
0.173456
0.178423
0.185428
0.180321
0.188479
0.189531
0.140204
0.13981
0.140565
0.139705
0.138803
0.138174
0.137589
0.13719
0.136874
0.136593
0.136247
0.135307
0.135364
0.135699
0.135499
0.13498
0.134652
0.135144
0.134295
0.132391
0.130906
0.130766
0.132013
0.133229
0.121853
0.12993
0.132201
0.133176
0.134182
0.135218
0.135599
0.133899
0.134535
0.134862
0.134933
0.13492
0.134795
0.134617
0.13447
0.133952
0.133089
0.131418
0.129009
0.129155
0.136652
0.17154
0.193793
0.200686
0.196295
0.184052
0.177441
0.174805
0.175602
0.175453
0.175628
0.174265
0.173278
0.17564
0.138208
0.136674
0.137416
0.140087
0.14052
0.140036
0.139692
0.138954
0.138033
0.137322
0.136406
0.135664
0.135978
0.136179
0.135965
0.135564
0.135079
0.135268
0.135521
0.134811
0.133476
0.131944
0.130604
0.130106
0.131167
0.131798
0.132287
0.125399
0.127899
0.127831
0.129723
0.132449
0.133352
0.130388
0.131368
0.132161
0.132561
0.132755
0.132533
0.132124
0.13213
0.130765
0.130256
0.129182
0.130721
0.140842
0.162492
0.193007
0.200814
0.20011
0.187889
0.1784
0.175483
0.176527
0.178706
0.1778
0.177397
0.17487
0.175543
0.17232
0.140615
0.137359
0.137903
0.13984
0.138508
0.138234
0.138247
0.136756
0.136151
0.136395
0.136588
0.136535
0.1363
0.136007
0.135729
0.135795
0.136314
0.136398
0.135776
0.134726
0.133344
0.132092
0.13095
0.131152
0.129039
0.128359
0.128323
0.128445
0.128559
0.128917
0.128657
0.129252
0.129736
0.12847
0.128151
0.12826
0.128475
0.128741
0.129241
0.136211
0.136227
0.129101
0.15409
0.150059
0.1613
0.176645
0.190714
0.201728
0.201692
0.195402
0.181599
0.176471
0.176699
0.179571
0.181716
0.179687
0.178688
0.176615
0.177638
0.173419
0.140827
0.138656
0.138136
0.138006
0.137441
0.137012
0.136976
0.137093
0.137106
0.13707
0.137024
0.137
0.137074
0.137255
0.137648
0.13809
0.138351
0.138474
0.139527
0.139126
0.138606
0.137551
0.135927
0.12991
0.135279
0.181202
0.192743
0.194107
0.193911
0.186758
0.163361
0.142526
0.131965
0.201726
0.20067
0.200543
0.198041
0.193899
0.201209
0.195021
0.189666
0.194072
0.193552
0.193296
0.193621
0.19866
0.202358
0.202258
0.197732
0.189165
0.179109
0.177379
0.179359
0.181967
0.183103
0.180278
0.177961
0.183029
0.179793
0.140199
0.140178
0.139888
0.139033
0.139474
0.138793
0.137865
0.137438
0.137189
0.137089
0.137047
0.137072
0.137225
0.137523
0.137619
0.140827
0.141323
0.140969
0.140465
0.139567
0.138717
0.137727
0.135771
0.132468
0.134693
0.13496
0.136115
0.137491
0.200879
0.198887
0.19898
0.201356
0.203146
0.203331
0.186448
0.187465
0.184022
0.184859
0.185201
0.193871
0.185184
0.194597
0.203357
0.202988
0.203169
0.203106
0.203174
0.201752
0.19815
0.191621
0.185048
0.179352
0.17929
0.181639
0.183468
0.184096
0.18301
0.189369
0.159075
0.138874
0.139614
0.141712
0.139894
0.138851
0.138014
0.136993
0.137087
0.137137
0.137141
0.13708
0.137017
0.137002
0.13703
0.140536
0.142403
0.142805
0.142548
0.141859
0.14114
0.139955
0.138854
0.137547
0.134937
0.133731
0.135407
0.135516
0.136855
0.138454
0.139502
0.140284
0.184194
0.184296
0.183908
0.184414
0.181119
0.180067
0.179022
0.179174
0.179175
0.180619
0.184063
0.184221
0.193984
0.195845
0.197769
0.198875
0.197736
0.194325
0.190307
0.185649
0.182018
0.179984
0.181258
0.183908
0.185336
0.185257
0.188273
0.188637
0.138899
0.138122
0.14039
0.142092
0.139821
0.139096
0.137019
0.137265
0.137215
0.137244
0.137266
0.137221
0.13721
0.137407
0.137808
0.142463
0.144278
0.144226
0.14375
0.142877
0.141991
0.140653
0.139376
0.137835
0.135262
0.13522
0.135871
0.136367
0.138011
0.139716
0.140842
0.141901
0.143531
0.145449
0.148028
0.184673
0.156699
0.184398
0.193919
0.190545
0.18556
0.182117
0.180515
0.180459
0.183104
0.185033
0.186476
0.187104
0.186904
0.185062
0.183074
0.181124
0.180225
0.180734
0.18277
0.185404
0.187311
0.186179
0.191432
0.187437
0.139082
0.139185
0.141781
0.142382
0.13926
0.137809
0.137171
0.137233
0.137264
0.137357
0.1374
0.137461
0.137735
0.138496
0.139073
0.145389
0.146247
0.145931
0.14529
0.144266
0.143247
0.141762
0.140195
0.137883
0.135559
0.136358
0.136644
0.137495
0.13964
0.141703
0.143077
0.145151
0.146845
0.148463
0.150131
0.152501
0.149314
0.152037
0.19577
0.193825
0.192806
0.185643
0.182306
0.181468
0.179712
0.179869
0.180274
0.180375
0.180276
0.179843
0.179621
0.179759
0.181217
0.183451
0.185709
0.188359
0.182335
0.188955
0.19429
0.138627
0.138004
0.141534
0.143087
0.14261
0.139126
0.137715
0.137305
0.13736
0.137395
0.137507
0.137634
0.138167
0.13924
0.140434
0.140523
0.148168
0.148409
0.147952
0.147213
0.146137
0.144943
0.143322
0.141278
0.138324
0.135685
0.137178
0.137797
0.139123
0.138944
0.140874
0.142226
0.143883
0.145078
0.147311
0.148171
0.149848
0.155758
0.154339
0.133338
0.131018
0.131446
0.163491
0.190755
0.188939
0.184011
0.182561
0.18126
0.180666
0.180453
0.18117
0.182154
0.183452
0.185903
0.188508
0.179693
0.149634
0.172668
0.191406
0.194016
0.139613
0.139456
0.144101
0.143958
0.142805
0.139366
0.13804
0.137453
0.137585
0.137659
0.137823
0.138467
0.140069
0.141136
0.141982
0.146881
0.151454
0.152031
0.151676
0.150955
0.149554
0.148141
0.145875
0.142927
0.139495
0.136064
0.138529
0.139628
0.141404
0.1443
0.146397
0.148213
0.150723
0.152763
0.155233
0.155456
0.157583
0.158511
0.157832
0.130951
0.129381
0.12873
0.127399
0.128518
0.131679
0.158394
0.189062
0.18951
0.188594
0.188124
0.189322
0.187729
0.165579
0.148193
0.138044
0.13686
0.13755
0.183395
0.198022
0.13474
0.142135
0.143043
0.146003
0.144295
0.143041
0.140044
0.138978
0.137799
0.138206
0.138512
0.139187
0.14118
0.142594
0.142999
0.142862
0.150636
0.154219
0.148321
0.149149
0.148193
0.147744
0.146595
0.144437
0.142056
0.139745
0.13619
0.137909
0.138484
0.139508
0.146264
0.148302
0.150196
0.152749
0.154647
0.15681
0.157189
0.158794
0.163042
0.160682
0.134388
0.128534
0.127657
0.126608
0.126988
0.12655
0.126565
0.126892
0.128873
0.13046
0.13166
0.131434
0.13139
0.132038
0.133415
0.135721
0.137077
0.135665
0.193697
0.200509
0.140009
0.147768
0.146689
0.147348
0.144323
0.143384
0.141032
0.140756
0.138982
0.140559
0.14132
0.142227
0.143339
0.143699
0.143577
0.143317
0.15709
0.15845
0.158803
0.158874
0.157581
0.156238
0.153622
0.14833
0.144047
0.141595
0.133901
0.141419
0.142282
0.144976
0.148728
0.151396
0.153697
0.156337
0.158219
0.160194
0.160695
0.162226
0.167665
0.164197
0.132477
0.13047
0.130935
0.131047
0.132353
0.132056
0.130964
0.129527
0.128601
0.127998
0.128887
0.13148
0.133804
0.135826
0.137628
0.13848
0.137203
0.13658
0.198647
0.143054
0.14603
0.148905
0.149084
0.146542
0.143997
0.143736
0.142053
0.142316
0.141686
0.143159
0.143317
0.143675
0.143862
0.143767
0.143395
0.142847
0.142295
0.142069
0.161543
0.159311
0.158751
0.157562
0.153839
0.148569
0.144565
0.140228
0.140733
0.143574
0.145599
0.148245
0.152203
0.155539
0.158283
0.160652
0.162333
0.164095
0.164836
0.166567
0.172046
0.169448
0.131362
0.135465
0.13719
0.138308
0.14093
0.142174
0.140451
0.138389
0.136666
0.134893
0.133601
0.133186
0.134144
0.13668
0.13913
0.138658
0.138789
0.141939
0.201597
0.141506
0.150607
0.146629
0.148797
0.146503
0.143285
0.144947
0.142711
0.14304
0.143195
0.14347
0.138774
0.144285
0.144071
0.143505
0.142741
0.142768
0.159042
0.140633
0.162949
0.161251
0.161354
0.159072
0.153288
0.148953
0.144779
0.137295
0.143964
0.147577
0.15038
0.153436
0.157301
0.161153
0.163181
0.165063
0.166409
0.167945
0.169008
0.171098
0.176378
0.176397
0.135183
0.142602
0.145793
0.147197
0.15044
0.152804
0.150723
0.149425
0.148054
0.14584
0.14408
0.142569
0.14131
0.140937
0.140507
0.141969
0.147399
0.199185
0.141101
0.149651
0.149
0.144109
0.148603
0.145449
0.142589
0.145111
0.143151
0.143487
0.143689
0.143845
0.144087
0.143792
0.143416
0.142834
0.142105
0.141315
0.140533
0.139952
0.162639
0.163254
0.163104
0.158413
0.153371
0.149939
0.143638
0.142095
0.148443
0.152644
0.156338
0.160331
0.16381
0.166863
0.167732
0.169166
0.170179
0.171543
0.172909
0.175422
0.180703
0.182796
0.141602
0.150658
0.154401
0.158348
0.162558
0.163723
0.162452
0.161204
0.158546
0.157201
0.15637
0.155093
0.153384
0.151658
0.149042
0.142094
0.150116
0.205276
0.142073
0.151937
0.14454
0.142945
0.146293
0.143376
0.142469
0.144416
0.143518
0.143708
0.143696
0.143772
0.143772
0.142847
0.142586
0.142734
0.142485
0.141622
0.140661
0.140264
0.161005
0.165122
0.162253
0.156774
0.154094
0.149846
0.140453
0.147975
0.153874
0.158424
0.163198
0.167894
0.170375
0.172293
0.171811
0.172758
0.173418
0.174655
0.176226
0.179257
0.184936
0.187007
0.14852
0.158306
0.164992
0.168167
0.170197
0.171111
0.170045
0.16915
0.168092
0.166946
0.166094
0.166874
0.166048
0.163842
0.156734
0.150313
0.154999
0.21006
0.198715
0.151441
0.142287
0.140295
0.143432
0.142642
0.142352
0.144101
0.143871
0.14405
0.143593
0.143388
0.142732
0.14138
0.143598
0.145127
0.145018
0.143931
0.141976
0.140827
0.15913
0.165323
0.1589
0.156544
0.153456
0.146819
0.143058
0.154323
0.159582
0.164552
0.169828
0.174251
0.175663
0.176393
0.175074
0.17559
0.175882
0.177006
0.178716
0.182411
0.189097
0.190397
0.150735
0.167112
0.171916
0.173537
0.174802
0.175315
0.174575
0.173957
0.173131
0.172193
0.167592
0.172226
0.172631
0.171266
0.165139
0.143875
0.180862
0.17964
0.157682
0.142498
0.14677
0.139068
0.140198
0.140132
0.133379
0.144394
0.144031
0.14515
0.144684
0.1443
0.140616
0.181012
0.179395
0.145078
0.146754
0.145024
0.142297
0.140789
0.167389
0.159327
0.156799
0.152694
0.148146
0.142332
0.153055
0.159908
0.164303
0.169176
0.174157
0.178024
0.17856
0.178777
0.177574
0.176901
0.177146
0.178347
0.180148
0.185043
0.192021
0.194191
0.155275
0.173529
0.175591
0.175413
0.174852
0.175322
0.173831
0.172685
0.171049
0.17023
0.169157
0.172021
0.174749
0.174544
0.171455
0.161171
0.154445
0.180437
0.141366
0.148892
0.152887
0.149612
0.138739
0.139217
0.140758
0.144261
0.144382
0.147713
0.143296
0.14025
0.182711
0.182439
0.177572
0.14253
0.143129
0.142721
0.140242
0.139318
0.14213
0.156314
0.153624
0.150135
0.144815
0.144006
0.157161
0.165956
0.173534
0.179336
0.181244
0.181399
0.181993
0.181331
0.17871
0.177888
0.177992
0.179099
0.180849
0.183071
0.200167
0.204461
0.207109
0.199946
0.172937
0.171901
0.174212
0.175232
0.173544
0.174035
0.173573
0.173424
0.171685
0.174157
0.175675
0.176182
0.174893
0.187338
0.14622
0.155039
0.158918
0.159744
0.157982
0.155011
0.154293
0.156419
0.16072
0.143403
0.142593
0.141554
0.132408
0.181291
0.184482
0.177086
0.171042
0.140332
0.140175
0.139725
0.140344
0.141138
0.140536
0.136483
0.149438
0.145348
0.148089
0.153988
0.162763
0.169394
0.179066
0.181471
0.181385
0.18116
0.179607
0.178174
0.177022
0.17773
0.179283
0.182077
0.185
0.192484
0.154062
0.140822
0.141668
0.141756
0.141974
0.142324
0.141618
0.141763
0.193232
0.191264
0.192412
0.193213
0.198208
0.196589
0.198196
0.149075
0.147553
0.154673
0.158098
0.159765
0.160116
0.158474
0.156282
0.156669
0.155769
0.159393
0.161014
0.163012
0.166749
0.172434
0.179095
0.182188
0.177486
0.166512
0.161268
0.140406
0.140627
0.148864
0.146793
0.155444
0.158315
0.150149
0.149842
0.154639
0.159972
0.164329
0.168239
0.171492
0.173504
0.175348
0.176239
0.17614
0.174627
0.174161
0.175221
0.177621
0.18031
0.182005
0.176577
0.170909
0.140235
0.140737
0.141297
0.141781
0.142055
0.142066
0.141996
0.142058
0.142073
0.142103
0.142142
0.142222
0.142246
0.142502
0.143308
0.145261
0.148847
0.152038
0.154092
0.153766
0.154156
0.15288
0.152552
0.154506
0.154436
0.157609
0.161084
0.164658
0.169447
0.174616
0.178125
0.176644
0.167186
0.15723
0.152071
0.1404
0.200023
0.143568
0.145697
0.16673
0.163265
0.160556
0.160128
0.160719
0.162149
0.164352
0.166769
0.168652
0.169835
0.170165
0.169715
0.168343
0.164836
0.164186
0.164785
0.166309
0.160897
0.146812
0.133125
0.138089
0.139415
0.140275
0.140854
0.141262
0.141427
0.141334
0.141295
0.141256
0.14125
0.140917
0.141055
0.141169
0.141495
0.141874
0.142534
0.143483
0.144747
0.145886
0.147197
0.146864
0.147624
0.147411
0.148249
0.150716
0.151619
0.155764
0.161895
0.165717
0.16906
0.172522
0.173177
0.167639
0.158405
0.152606
0.14016
0.194472
0.141599
0.152882
0.172701
0.163311
0.161574
0.1593
0.158278
0.157824
0.158263
0.159549
0.161179
0.162201
0.162463
0.162024
0.159799
0.157857
0.154571
0.15439
0.154816
0.152556
0.143563
0.137207
0.1382
0.137299
0.139512
0.140542
0.14122
0.141502
0.141575
0.141489
0.141462
0.141427
0.141421
0.141289
0.14133
0.141418
0.14163
0.141962
0.142443
0.143006
0.143564
0.143992
0.144622
0.144608
0.145327
0.145885
0.147564
0.150571
0.152613
0.157317
0.16438
0.167359
0.168396
0.168446
0.16376
0.156646
0.153618
0.14992
0.18994
0.143707
0.155701
0.152696
0.164447
0.159532
0.156121
0.154336
0.153362
0.152579
0.152611
0.153624
0.154934
0.155741
0.155866
0.155577
0.153819
0.152244
0.149687
0.149265
0.146288
0.140113
0.136503
0.140074
0.139287
0.123096
)
;
    }
    hills
    {
        type            calculated;
        value           nonuniform List<scalar> 
7200
(
0.13498
0.143923
0.157011
0.167085
0.174872
0.179959
0.181365
0.164858
0.132767
0.198335
0.196106
0.132787
0.132695
0.132463
0.132189
0.131877
0.131579
0.131338
0.131153
0.131051
0.130828
0.130562
0.130097
0.12946
0.128798
0.129585
0.131715
0.132571
0.134687
0.135075
0.134892
0.134902
0.13617
0.134822
0.133865
0.132075
0.138244
0.184101
0.129879
0.132639
0.131639
0.132918
0.134696
0.133904
0.130984
0.130909
0.130004
0.121646
0.123391
0.123812
0.124822
0.125483
0.127044
0.127992
0.128247
0.128805
0.128775
0.128533
0.12843
0.130291
0.134103
0.133627
0.133402
0.133915
0.135313
0.134588
0.133225
0.13214
0.131829
0.127713
0.127887
0.130808
0.130626
0.130657
0.130802
0.130816
0.130756
0.130749
0.130781
0.13101
0.131431
0.131884
0.132341
0.132835
0.132793
0.133543
0.134791
0.135717
0.135517
0.133187
0.135081
0.136681
0.136571
0.133486
0.131571
0.131949
0.202418
0.212388
0.130945
0.132891
0.1324
0.124989
0.125939
0.126767
0.126505
0.131615
0.132606
0.132432
0.129262
0.124612
0.124997
0.124336
0.130112
0.124862
0.12433
0.132966
0.131965
0.132649
0.13335
0.133515
0.130922
0.13066
0.130488
0.130469
0.13043
0.13045
0.130482
0.13
0.128036
0.130824
0.13086
0.124633
0.124519
0.125101
0.126052
0.126879
0.127586
0.127991
0.128536
0.129341
0.130035
0.130613
0.131122
0.131513
0.131998
0.131942
0.13265
0.13264
0.132955
0.130467
0.133069
0.13416
0.136441
0.138119
0.131355
0.132169
0.185552
0.202745
0.134812
0.132201
0.134757
0.12758
0.127841
0.128609
0.128598
0.128246
0.127186
0.133586
0.134895
0.135089
0.134272
0.134226
0.130934
0.134181
0.139571
0.133223
0.134303
0.134235
0.133782
0.131413
0.136689
0.136153
0.136168
0.136612
0.137121
0.136583
0.135386
0.134722
0.136596
0.134651
0.132141
0.130796
0.12582
0.126245
0.136985
0.136904
0.133638
0.129709
0.128207
0.127284
0.126487
0.126036
0.125766
0.12548
0.124918
0.124152
0.124046
0.124931
0.127209
0.136138
0.136733
0.133952
0.131721
0.134366
0.133404
0.138835
0.135902
0.125984
0.127465
0.131244
0.131341
0.131319
0.132691
0.140433
0.140427
0.14014
0.139754
0.13947
0.13914
0.138853
0.138306
0.137213
0.129933
0.137807
0.137647
0.137678
0.138717
0.1395
0.139296
0.138253
0.13535
0.136078
0.13606
0.135929
0.136104
0.136875
0.138092
0.139743
0.141669
0.142963
0.143698
0.143725
0.143205
0.142042
0.140925
0.140652
0.139982
0.139408
0.138733
0.137865
0.135426
0.130489
0.128692
0.127047
0.133219
0.133875
0.127892
0.129699
0.136699
0.131376
0.123379
0.123926
0.129438
0.134195
0.140131
0.140818
0.139631
0.134757
0.127687
0.129118
0.130798
0.133792
0.14178
0.141351
0.141031
0.141326
0.140233
0.13715
0.136875
0.14134
0.141505
0.141829
0.133283
0.12816
0.125763
0.12801
0.134452
0.13403
0.133039
0.133538
0.123774
0.123742
0.123673
0.12363
0.123604
0.123526
0.123471
0.123657
0.124351
0.124986
0.129826
0.135329
0.140369
0.137918
0.13845
0.143174
0.140033
0.142097
0.140876
0.140516
0.139882
0.139672
0.138976
0.138161
0.138105
0.138534
0.140288
0.142014
0.14233
0.141497
0.141328
0.1415
0.14088
0.137467
0.134077
0.13704
0.135585
0.129562
0.133077
0.135248
0.12199
0.136397
0.136649
0.137228
0.137978
0.137927
0.137008
0.136304
0.136304
0.135441
0.133868
0.132012
0.13023
0.128875
0.127871
0.126857
0.125629
0.124787
0.124147
0.123838
0.126315
0.125898
0.125488
0.125241
0.125031
0.124911
0.125235
0.126275
0.130268
0.12888
0.134138
0.136978
0.137849
0.143927
0.138862
0.143633
0.136997
0.141603
0.139345
0.13937
0.139639
0.141335
0.139793
0.137108
0.136482
0.136159
0.136087
0.136036
0.136005
0.135986
0.136024
0.136454
0.136226
0.136486
0.135834
0.134882
0.13512
0.137093
0.13662
0.135545
0.121583
0.122131
0.12408
0.13546
0.135866
0.137188
0.13863
0.140245
0.142464
0.140702
0.136046
0.133815
0.132421
0.131966
0.13194
0.131469
0.130448
0.129195
0.127552
0.126603
0.129869
0.128212
0.127414
0.127079
0.12705
0.128794
0.128566
0.129128
0.131853
0.133288
0.135627
0.13719
0.141109
0.136986
0.145687
0.139719
0.134829
0.133068
0.139463
0.139137
0.1389
0.138778
0.141348
0.139554
0.13664
0.134868
0.134892
0.134991
0.134711
0.134362
0.134061
0.13413
0.13845
0.137078
0.136193
0.136243
0.137663
0.136929
0.134509
0.131315
0.12505
0.125251
0.125802
0.135512
0.135439
0.135765
0.136789
0.138253
0.141143
0.138851
0.136483
0.134356
0.133337
0.133407
0.134361
0.135243
0.134513
0.133724
0.132097
0.130471
0.132675
0.131379
0.130847
0.130725
0.131137
0.1288
0.128181
0.129691
0.133873
0.134517
0.133949
0.135926
0.14302
0.139269
0.139914
0.133984
0.133895
0.131716
0.138743
0.138356
0.138243
0.137856
0.141856
0.138416
0.134917
0.133992
0.132913
0.133564
0.134049
0.134068
0.134062
0.134023
0.139599
0.137483
0.136546
0.136725
0.137857
0.133905
0.134955
0.129582
0.127694
0.127839
0.136386
0.135876
0.135722
0.135592
0.135632
0.135932
0.136867
0.137445
0.137367
0.136525
0.135857
0.135897
0.137324
0.14073
0.137568
0.135855
0.134483
0.133341
0.134902
0.135271
0.13595
0.136714
0.136913
0.132807
0.132038
0.132464
0.131852
0.131799
0.135415
0.143004
0.139763
0.139991
0.140145
0.132609
0.132455
0.13171
0.13894
0.138309
0.137833
0.130824
0.141157
0.139622
0.135704
0.133164
0.132809
0.133525
0.134071
0.134164
0.134135
0.134075
0.133893
0.137899
0.136931
0.137575
0.136251
0.134229
0.134213
0.131088
0.129798
0.128794
0.136624
0.136263
0.136007
0.135804
0.135635
0.135542
0.135388
0.135381
0.136624
0.13793
0.137869
0.139602
0.143156
0.132205
0.143027
0.14226
0.140717
0.136541
0.141838
0.142303
0.142953
0.143001
0.143095
0.127728
0.127418
0.129164
0.130649
0.134694
0.143258
0.142224
0.141382
0.138129
0.131471
0.131856
0.132244
0.132039
0.13077
0.138428
0.138221
0.132546
0.136429
0.135695
0.135093
0.132718
0.13332
0.134166
0.13441
0.134298
0.134237
0.134185
0.133804
0.139144
0.137835
0.137593
0.133499
0.134357
0.13283
0.131887
0.130476
0.137394
0.136628
0.136227
0.135914
0.135582
0.135186
0.134853
0.134633
0.134476
0.131537
0.137912
0.139171
0.142771
0.142947
0.130621
0.143014
0.142936
0.142566
0.14204
0.142823
0.142906
0.142724
0.141416
0.141158
0.140734
0.141216
0.143019
0.139251
0.14188
0.142775
0.138627
0.138473
0.131693
0.131565
0.132122
0.132537
0.132278
0.13154
0.13073
0.130834
0.132458
0.134627
0.134049
0.134164
0.132832
0.134129
0.134704
0.134613
0.134395
0.134338
0.134298
0.133563
0.129533
0.138519
0.135657
0.134473
0.133136
0.134371
0.131665
0.13803
0.136593
0.135972
0.135507
0.135145
0.134801
0.134551
0.134451
0.13431
0.134102
0.132862
0.137326
0.14093
0.142904
0.142819
0.128667
0.14288
0.142977
0.14298
0.142892
0.142825
0.142806
0.141809
0.14147
0.14132
0.141166
0.140882
0.140779
0.142402
0.142103
0.138827
0.140205
0.13572
0.131428
0.132432
0.133053
0.133233
0.132849
0.132104
0.131359
0.131167
0.131988
0.133546
0.133658
0.133367
0.133437
0.134694
0.13492
0.134648
0.134463
0.134432
0.134336
0.132568
0.128485
0.138772
0.134241
0.134666
0.13303
0.133012
0.130349
0.136588
0.135733
0.135104
0.134616
0.134336
0.134333
0.134602
0.134836
0.134533
0.133924
0.131955
0.13193
0.141757
0.142652
0.142863
0.12718
0.142871
0.142879
0.14289
0.142848
0.142518
0.141998
0.141754
0.141471
0.141268
0.140817
0.138068
0.138703
0.140998
0.138863
0.141262
0.132975
0.131087
0.132777
0.133512
0.133896
0.133883
0.13353
0.132856
0.132068
0.131661
0.132033
0.13345
0.133345
0.133018
0.13421
0.134915
0.13485
0.134604
0.134518
0.134521
0.13416
0.131056
0.128798
0.132402
0.133548
0.13428
0.133787
0.131302
0.13679
0.135676
0.134927
0.134364
0.134182
0.134403
0.134929
0.135413
0.135592
0.132477
0.132618
0.130657
0.131462
0.141349
0.142106
0.142551
0.142359
0.142785
0.142648
0.142768
0.142766
0.141444
0.141568
0.141602
0.141424
0.141103
0.139943
0.137813
0.140412
0.139287
0.143543
0.132245
0.131575
0.133528
0.134316
0.134623
0.134647
0.134466
0.134167
0.133638
0.132911
0.132363
0.13239
0.133239
0.13297
0.133489
0.134365
0.134739
0.134689
0.134601
0.134593
0.134573
0.133505
0.129942
0.130184
0.13383
0.132628
0.131421
0.132182
0.136536
0.135891
0.135029
0.134356
0.13423
0.134535
0.134989
0.135238
0.135353
0.134141
0.133019
0.132255
0.129635
0.130468
0.134938
0.14144
0.141903
0.13223
0.142767
0.142354
0.142431
0.142723
0.142648
0.141296
0.14149
0.141917
0.141272
0.137522
0.137046
0.140213
0.140008
0.131835
0.132262
0.134397
0.135073
0.13537
0.135491
0.135402
0.135161
0.134809
0.134334
0.133702
0.133084
0.132759
0.132599
0.133146
0.133911
0.134831
0.134684
0.134724
0.134693
0.134697
0.134464
0.13224
0.12982
0.131971
0.133678
0.131933
0.131041
0.131966
0.136372
0.13548
0.134514
0.134089
0.134334
0.134742
0.134913
0.134836
0.134586
0.133982
0.132177
0.130775
0.128876
0.129972
0.134071
0.140659
0.141048
0.142749
0.131925
0.142573
0.142453
0.142687
0.14165
0.141492
0.142359
0.142769
0.139404
0.131092
0.140938
0.142077
0.131368
0.132623
0.13478
0.13544
0.13574
0.135856
0.135865
0.135796
0.135567
0.13513
0.134579
0.13393
0.133201
0.132404
0.131681
0.13299
0.134462
0.134516
0.134898
0.134882
0.134868
0.134815
0.133925
0.131236
0.131068
0.133701
0.132923
0.131163
0.130759
0.131175
0.133446
0.135305
0.134168
0.133732
0.133846
0.135135
0.135335
0.135107
0.134775
0.133573
0.131624
0.130163
0.128887
0.13015
0.135133
0.141058
0.14064
0.141853
0.142803
0.141422
0.142775
0.142778
0.141601
0.141958
0.143516
0.140424
0.13637
0.132418
0.138018
0.142011
0.13291
0.13478
0.13553
0.135845
0.136015
0.136044
0.136037
0.136005
0.135859
0.135491
0.134883
0.134073
0.133035
0.131723
0.131084
0.132211
0.133547
0.13479
0.135108
0.135291
0.13529
0.134947
0.133267
0.131689
0.133004
0.134191
0.132087
0.130425
0.13047
0.129534
0.131844
0.135448
0.133868
0.133141
0.134355
0.135642
0.135851
0.135854
0.134715
0.133445
0.131385
0.129694
0.128499
0.13835
0.13174
0.142425
0.141361
0.141257
0.142003
0.14256
0.132899
0.141763
0.141097
0.143293
0.139032
0.141077
0.142832
0.127818
0.12424
0.137388
0.132487
0.135346
0.135882
0.136146
0.136238
0.136227
0.136182
0.136151
0.136069
0.135803
0.135273
0.134492
0.13341
0.131877
0.131003
0.131734
0.132872
0.134601
0.135819
0.136077
0.135933
0.134998
0.133278
0.133231
0.134626
0.133548
0.131872
0.130235
0.128168
0.127952
0.132611
0.136811
0.134237
0.135579
0.135865
0.13748
0.137824
0.137376
0.136417
0.134313
0.132408
0.130429
0.129214
0.131476
0.142069
0.142124
0.141904
0.141968
0.14198
0.142521
0.14173
0.141651
0.142923
0.139283
0.143827
0.141575
0.130048
0.127241
0.137998
0.130088
0.134935
0.135703
0.136123
0.136357
0.136468
0.136474
0.136419
0.136358
0.136272
0.136074
0.135667
0.13504
0.134144
0.132741
0.131179
0.131279
0.131973
0.134079
0.136042
0.136663
0.136367
0.135158
0.134319
0.135033
0.135144
0.132558
0.132129
0.128349
0.126537
0.128848
0.132622
0.135606
0.133597
0.138458
0.138092
0.139509
0.139317
0.138616
0.137698
0.136469
0.133009
0.130741
0.129414
0.13071
0.141911
0.142409
0.142487
0.142478
0.142301
0.141468
0.141435
0.141338
0.142555
0.142376
0.142475
0.139912
0.128087
0.137469
0.132641
0.134917
0.135494
0.135969
0.136326
0.136533
0.136655
0.1367
0.136679
0.136612
0.136494
0.136293
0.13596
0.13548
0.13484
0.133926
0.132202
0.131063
0.131089
0.132401
0.13559
0.13908
0.138927
0.138037
0.13744
0.136712
0.134713
0.131887
0.130437
0.12616
0.127418
0.128951
0.129209
0.13901
0.133796
0.134017
0.138854
0.140396
0.140286
0.139732
0.138808
0.137413
0.134251
0.131723
0.130265
0.131345
0.134643
0.142605
0.141484
0.141272
0.142027
0.141527
0.141417
0.142856
0.143307
0.142197
0.139144
0.126678
0.134624
0.13515
0.134999
0.135351
0.135801
0.1362
0.136474
0.136615
0.136713
0.136783
0.136819
0.136807
0.136705
0.136491
0.136188
0.135793
0.13532
0.134769
0.133962
0.13199
0.130731
0.130663
0.133307
0.138169
0.138401
0.138761
0.139324
0.138211
0.132452
0.131957
0.128034
0.127574
0.127181
0.126922
0.127531
0.128503
0.132769
0.136088
0.138905
0.140284
0.140553
0.140292
0.139768
0.138785
0.136546
0.13296
0.131456
0.13271
0.140667
0.141819
0.140901
0.141151
0.141576
0.141237
0.14207
0.142903
0.141313
0.140443
0.123227
0.130504
0.134628
0.135063
0.135271
0.13574
0.13611
0.136337
0.136463
0.136537
0.136613
0.136705
0.136804
0.136881
0.136861
0.136684
0.136389
0.136035
0.135646
0.135254
0.134827
0.134124
0.131959
0.129847
0.130648
0.136574
0.139948
0.140059
0.139689
0.137567
0.136015
0.135576
0.135193
0.128755
0.127353
0.129903
0.12763
0.130401
0.129436
0.134357
0.137976
0.13952
0.14038
0.140495
0.140207
0.139833
0.137949
0.134226
0.132615
0.133297
0.139772
0.141216
0.140588
0.141443
0.141393
0.141056
0.143228
0.139853
0.142421
0.130196
0.127022
0.134437
0.134924
0.135143
0.135751
0.136057
0.136216
0.13628
0.1363
0.136333
0.1364
0.136512
0.136666
0.136835
0.136934
0.136853
0.136587
0.136246
0.135894
0.135569
0.135266
0.134854
0.133991
0.131707
0.129666
0.133664
0.139376
0.138873
0.137314
0.135411
0.135353
0.133522
0.131472
0.13239
0.134464
0.1325
0.131947
0.128916
0.129363
0.134781
0.136295
0.137997
0.139449
0.140217
0.140341
0.140243
0.13963
0.135437
0.133369
0.133041
0.131025
0.140389
0.140204
0.141286
0.141349
0.14225
0.140783
0.141098
0.140183
0.12688
0.135441
0.134982
0.135377
0.135548
0.136065
0.136128
0.136121
0.136093
0.136079
0.1361
0.136166
0.136288
0.136467
0.136689
0.136888
0.136947
0.136777
0.136456
0.136119
0.135821
0.135549
0.135207
0.134476
0.132593
0.130702
0.132949
0.132077
0.135803
0.135497
0.135456
0.134139
0.132754
0.130867
0.131642
0.132989
0.131574
0.1313
0.134375
0.131619
0.135916
0.136558
0.137735
0.138917
0.140173
0.140603
0.140275
0.140354
0.136675
0.13358
0.132608
0.132265
0.139101
0.139647
0.141198
0.142365
0.142938
0.140757
0.142891
0.129949
0.128696
0.135036
0.135361
0.135786
0.135772
0.136083
0.136045
0.13599
0.135948
0.135935
0.135957
0.13602
0.136136
0.136308
0.136526
0.136758
0.136918
0.136881
0.13663
0.136311
0.136016
0.135738
0.135361
0.134472
0.132506
0.131381
0.132507
0.129394
0.135741
0.13466
0.13406
0.133099
0.132593
0.133638
0.13413
0.134086
0.134003
0.132806
0.133899
0.135684
0.135992
0.136689
0.138188
0.138675
0.140209
0.141638
0.141037
0.14015
0.139357
0.133802
0.132309
0.132064
0.138923
0.139534
0.139608
0.138969
0.140342
0.141525
0.141495
0.126993
0.133639
0.13534
0.135642
0.135868
0.135829
0.136028
0.135996
0.135959
0.135935
0.135936
0.135963
0.13602
0.136113
0.136245
0.136418
0.136619
0.136798
0.136848
0.136686
0.136395
0.136099
0.135808
0.135254
0.13371
0.132022
0.132222
0.131198
0.1284
0.125794
0.134238
0.133286
0.127344
0.133886
0.123779
0.131937
0.12557
0.124394
0.12695
0.134621
0.133613
0.134059
0.134303
0.135681
0.137989
0.138377
0.139768
0.141118
0.141064
0.139699
0.135395
0.13227
0.131525
0.126603
0.139141
0.138236
0.136374
0.136453
0.143005
0.141835
0.12641
0.134943
0.135406
0.135595
0.135721
0.135729
0.135889
0.135896
0.135903
0.135915
0.135945
0.135991
0.136055
0.136139
0.136237
0.136359
0.136504
0.136631
0.136653
0.136502
0.136232
0.135959
0.135515
0.134002
0.132357
0.131976
0.130393
0.128756
0.127164
0.12606
0.137473
0.139725
0.133538
0.127117
0.128066
0.131801
0.136276
0.137485
0.129084
0.124653
0.1303
0.12947
0.128608
0.128764
0.135236
0.13786
0.138402
0.139322
0.140214
0.138948
0.13798
0.132786
0.131575
0.130821
0.138939
0.138214
0.136865
0.138024
0.141891
0.134849
0.135539
0.135288
0.135505
0.135603
0.135654
0.13565
0.135767
0.135787
0.135812
0.135844
0.13589
0.135951
0.136019
0.136106
0.136206
0.136313
0.136436
0.136564
0.136639
0.136564
0.136321
0.136054
0.135281
0.133023
0.131454
0.129402
0.127969
0.126463
0.12392
0.135993
0.137458
0.139257
0.135779
0.12882
0.126683
0.126187
0.127034
0.128283
0.134735
0.135688
0.131221
0.129985
0.128549
0.129137
0.127833
0.135865
0.138204
0.139493
0.139761
0.139992
0.13968
0.134947
0.131912
0.13118
0.12688
0.13825
0.136824
0.141393
0.141089
0.123346
0.133772
0.135398
0.13558
0.135606
0.135633
0.135594
0.135701
0.135718
0.135736
0.135762
0.135802
0.135858
0.135926
0.13602
0.136135
0.13626
0.136386
0.136523
0.136646
0.13666
0.136471
0.136187
0.134984
0.132315
0.129948
0.128184
0.12693
0.125297
0.123669
0.137735
0.142462
0.138258
0.138071
0.130081
0.126234
0.125248
0.126241
0.126333
0.126831
0.128927
0.13329
0.128055
0.1309
0.131503
0.132176
0.134723
0.138139
0.140584
0.140389
0.140098
0.139838
0.135783
0.132288
0.130968
0.125267
0.138034
0.137145
0.142209
0.140373
0.123426
0.134657
0.135522
0.135573
0.135577
0.135608
0.135524
0.135631
0.135636
0.135644
0.13566
0.135693
0.135744
0.13582
0.13592
0.136056
0.136192
0.136317
0.136454
0.136582
0.136578
0.136316
0.135972
0.13366
0.13195
0.129499
0.127399
0.123955
0.12931
0.130443
0.130216
0.14143
0.13822
0.141615
0.13158
0.127089
0.125343
0.12535
0.125694
0.12599
0.126203
0.126828
0.129596
0.132441
0.133126
0.133153
0.137261
0.136599
0.14043
0.140996
0.139612
0.139594
0.135875
0.132165
0.129059
0.124525
0.13825
0.137501
0.141446
0.139948
0.135403
0.135035
0.135563
0.135447
0.135465
0.13551
0.135406
0.135533
0.13553
0.135534
0.135554
0.13559
0.135658
0.13575
0.135878
0.136022
0.136148
0.136274
0.136417
0.136528
0.136469
0.13618
0.135804
0.133022
0.131853
0.129658
0.127241
0.12454
0.121794
0.132769
0.132082
0.14101
0.139087
0.137875
0.130957
0.127832
0.125261
0.124671
0.125039
0.125406
0.125828
0.125938
0.12619
0.127012
0.133002
0.137286
0.127798
0.13398
0.139281
0.14111
0.139489
0.139016
0.135358
0.131758
0.125315
0.124446
0.138396
0.137364
0.141657
0.13985
0.134918
0.135285
0.135464
0.135236
0.135274
0.135324
0.135194
0.13538
0.135357
0.135373
0.135407
0.135474
0.135585
0.13572
0.135871
0.136002
0.136115
0.136248
0.136397
0.136475
0.136359
0.136098
0.135454
0.13268
0.131713
0.129936
0.127907
0.123483
0.127272
0.132093
0.137583
0.135993
0.136242
0.132364
0.12978
0.127204
0.124952
0.124564
0.124307
0.124875
0.12536
0.125782
0.125882
0.12612
0.126732
0.132192
0.137224
0.13313
0.135232
0.139793
0.139404
0.136848
0.134219
0.13097
0.126401
0.139594
0.138982
0.136518
0.142412
0.139889
0.135542
0.135574
0.135248
0.134983
0.135023
0.135043
0.134882
0.135117
0.135121
0.135152
0.135224
0.135333
0.135473
0.13565
0.135816
0.135938
0.136058
0.136204
0.13634
0.136376
0.136221
0.136049
0.134758
0.132556
0.13168
0.130222
0.128413
0.123177
0.127385
0.138336
0.138705
0.133156
0.13422
0.128491
0.127409
0.125664
0.124542
0.124145
0.124285
0.124106
0.124487
0.125197
0.125518
0.125679
0.126119
0.129012
0.137248
0.133549
0.132433
0.139371
0.137792
0.134511
0.133528
0.130355
0.128023
0.135915
0.13855
0.139284
0.142737
0.139976
0.135791
0.135731
0.134965
0.134732
0.134744
0.134698
0.134381
0.134755
0.134766
0.134839
0.134964
0.135126
0.135321
0.135536
0.135715
0.135843
0.135974
0.136111
0.136209
0.136194
0.136046
0.13599
0.133979
0.132533
0.131825
0.130556
0.129113
0.125379
0.135773
0.136806
0.134731
0.133883
0.129582
0.125918
0.125126
0.124582
0.124186
0.123894
0.123969
0.124146
0.124079
0.123869
0.124619
0.125207
0.125693
0.127938
0.135962
0.131939
0.133762
0.135887
0.134527
0.13317
0.132703
0.13002
0.129014
0.13483
0.13549
0.138298
0.142849
0.140083
0.132946
0.135614
0.134641
0.13449
0.134474
0.134357
0.133766
0.13436
0.134382
0.134493
0.134674
0.134896
0.135155
0.135411
0.135593
0.135722
0.135851
0.135963
0.136018
0.135971
0.135896
0.135853
0.13337
0.132562
0.132149
0.131208
0.130359
0.1294
0.133774
0.136311
0.135757
0.130442
0.126292
0.124393
0.124063
0.123921
0.123919
0.123827
0.123826
0.123937
0.124132
0.124239
0.124262
0.1244
0.125473
0.128885
0.132552
0.132806
0.132854
0.133843
0.133344
0.132548
0.132163
0.130002
0.129501
0.134863
0.135123
0.138894
0.142965
0.140108
0.129557
0.135263
0.134338
0.134329
0.13432
0.134178
0.13336
0.134072
0.134063
0.134185
0.13441
0.134699
0.135034
0.135303
0.135455
0.135573
0.135686
0.135777
0.135806
0.135771
0.135831
0.135598
0.133054
0.132581
0.132547
0.132162
0.131667
0.131251
0.133704
0.134409
0.130238
0.127224
0.124662
0.123808
0.123557
0.123553
0.123714
0.1238
0.123834
0.123883
0.124076
0.124369
0.1247
0.125243
0.126932
0.132834
0.133548
0.132189
0.134199
0.133941
0.132813
0.132756
0.13165
0.130127
0.129516
0.138547
0.135108
0.139098
0.143122
0.139787
0.124934
0.134885
0.134284
0.134408
0.134425
0.134292
0.133545
0.134008
0.133928
0.134006
0.134246
0.134601
0.134978
0.135175
0.135296
0.135412
0.135513
0.13558
0.135626
0.13567
0.135904
0.135296
0.132994
0.132565
0.132727
0.132752
0.132096
0.135335
0.130753
0.129756
0.127288
0.125766
0.123839
0.123726
0.123413
0.123374
0.123554
0.123732
0.123858
0.123969
0.124177
0.124546
0.125172
0.126465
0.130219
0.131469
0.133398
0.133379
0.13237
0.133599
0.132713
0.132606
0.131246
0.129608
0.128494
0.138799
0.138632
0.139056
0.142824
0.137696
0.122831
0.134755
0.134723
0.134906
0.134842
0.134624
0.134009
0.134126
0.133978
0.13403
0.134274
0.134663
0.134939
0.135064
0.135189
0.135304
0.135404
0.135488
0.135585
0.135806
0.136164
0.13508
0.133151
0.132583
0.132631
0.132453
0.131697
0.133647
0.127314
0.126654
0.126025
0.125449
0.123746
0.123705
0.123405
0.1233
0.123438
0.123627
0.123861
0.12408
0.124374
0.124918
0.126022
0.128704
0.134407
0.133331
0.136206
0.126479
0.132116
0.132769
0.132541
0.132496
0.130583
0.128375
0.127929
0.127665
0.139328
0.140042
0.140127
0.133771
0.136624
0.13478
0.135259
0.135549
0.13551
0.135241
0.134564
0.134272
0.134098
0.1342
0.134487
0.134822
0.134919
0.13503
0.135157
0.135281
0.135409
0.135556
0.135791
0.136257
0.136685
0.135579
0.133597
0.13266
0.132481
0.132026
0.132074
0.12944
0.125924
0.12607
0.126047
0.125909
0.124738
0.123563
0.123366
0.123279
0.123373
0.123525
0.123827
0.124182
0.124678
0.125589
0.127505
0.132582
0.133276
0.138213
0.137829
0.130298
0.134021
0.131926
0.132507
0.132348
0.129574
0.132198
0.129517
0.135893
0.140595
0.142971
0.140455
0.138382
0.135257
0.1353
0.13605
0.136301
0.136159
0.135719
0.134908
0.134514
0.134198
0.134421
0.134782
0.134951
0.134978
0.135108
0.135251
0.13542
0.135612
0.135875
0.136353
0.137289
0.138154
0.139529
0.140684
0.139943
0.132456
0.131719
0.132811
0.126022
0.126056
0.126697
0.126818
0.126621
0.125386
0.123269
0.12319
0.123211
0.123387
0.123521
0.12386
0.12434
0.125127
0.126648
0.130251
0.118645
0.131676
0.133137
0.133115
0.135689
0.13246
0.132039
0.132785
0.131667
0.131688
0.136676
0.139389
0.137105
0.139427
0.142724
0.140437
0.130959
0.135034
0.136118
0.1368
0.136933
0.136661
0.136041
0.135226
0.13466
0.13429
0.134692
0.135027
0.134981
0.135065
0.135275
0.13551
0.135768
0.136069
0.136564
0.137667
0.137642
0.140356
0.140544
0.13839
0.134434
0.133283
0.133127
0.12975
0.125667
0.126851
0.127712
0.127725
0.127267
0.126009
0.123158
0.122883
0.123036
0.123386
0.123601
0.123962
0.124551
0.125715
0.128222
0.133836
0.13452
0.129903
0.136712
0.128824
0.132942
0.131476
0.131804
0.132947
0.132151
0.130972
0.131613
0.132001
0.142146
0.142853
0.140429
0.137783
0.123067
0.135115
0.137096
0.137557
0.137528
0.137054
0.136216
0.135322
0.13456
0.13446
0.135033
0.135084
0.134991
0.135246
0.135615
0.135974
0.136362
0.13687
0.138012
0.138783
0.140136
0.140014
0.138516
0.133418
0.130752
0.130132
0.129673
0.127106
0.126474
0.127767
0.128671
0.128418
0.127696
0.126502
0.124289
0.122607
0.122857
0.123311
0.123768
0.124236
0.125083
0.126972
0.132156
0.133346
0.134104
0.126415
0.136545
0.135906
0.131014
0.134135
0.132767
0.133428
0.132053
0.132635
0.13185
0.136609
0.141968
0.140232
0.1398
0.137774
0.122798
0.135802
0.137744
0.137987
0.137794
0.137108
0.13618
0.135205
0.134641
0.134721
0.135315
0.134886
0.135085
0.135646
0.136157
0.136559
0.137104
0.138015
0.139409
0.14018
0.139912
0.139124
0.133155
0.130425
0.128355
0.12756
0.126988
0.125643
0.127311
0.128375
0.128962
0.12876
0.1281
0.126991
0.12514
0.123079
0.122605
0.123199
0.12381
0.124427
0.125684
0.128601
0.119934
0.13419
0.124742
0.139024
0.134554
0.131334
0.129269
0.13315
0.133417
0.133918
0.132617
0.131615
0.132728
0.14299
0.140013
0.138375
0.140458
0.13161
0.135183
0.136805
0.138163
0.138137
0.137677
0.136827
0.135863
0.135019
0.134735
0.135176
0.135178
0.134811
0.135503
0.13616
0.136485
0.136936
0.137915
0.139245
0.140382
0.140013
0.139301
0.135506
0.131604
0.127982
0.126746
0.126047
0.125611
0.12706
0.127855
0.127998
0.128391
0.128405
0.128192
0.127693
0.126572
0.125238
0.124265
0.123517
0.123738
0.124873
0.127657
0.126927
0.133256
0.133951
0.135713
0.1412
0.136385
0.13
0.128566
0.132341
0.1387
0.138115
0.133709
0.132127
0.139005
0.140208
0.138014
0.138621
0.140944
0.131404
0.135907
0.1375
0.138261
0.137892
0.137281
0.136355
0.135425
0.134915
0.135063
0.13555
0.134844
0.135064
0.135701
0.135831
0.135993
0.136904
0.138823
0.140114
0.140044
0.139375
0.137846
0.132082
0.129291
0.126848
0.125883
0.12513
0.126095
0.136352
0.136397
0.135489
0.135234
0.135143
0.134978
0.127214
0.127658
0.126706
0.125888
0.125461
0.126026
0.130302
0.131548
0.134675
0.131245
0.12544
0.138926
0.13746
0.130593
0.132127
0.12874
0.132676
0.141358
0.14201
0.14039
0.143314
0.140222
0.140366
0.136757
0.138955
0.13412
0.124575
0.136591
0.137933
0.137674
0.137219
0.136417
0.135533
0.134991
0.134928
0.135393
0.135475
0.134708
0.135049
0.134966
0.135258
0.137782
0.139455
0.133904
0.132685
0.131923
0.131261
0.130201
0.131139
0.126865
0.127057
0.126096
0.125662
0.126571
0.128586
0.136791
0.135905
0.135357
0.13516
0.135186
0.135379
0.134536
0.130572
0.126007
0.12738
0.128207
0.12941
0.130273
0.133324
0.127611
0.138543
0.136025
0.13431
0.1323
0.133502
0.129051
0.133433
0.139309
0.142777
0.139944
0.145071
0.140576
0.138009
0.135828
0.143592
0.128199
0.135458
0.137333
0.137665
0.137005
0.136407
0.135626
0.134953
0.134903
0.135266
0.135676
0.134718
0.134509
0.134089
0.134104
0.135633
0.140474
0.138552
0.133869
0.132706
0.131794
0.13089
0.127178
0.126888
0.127313
0.126575
0.12502
0.125933
0.127064
0.128856
0.136713
0.135783
0.132587
0.132039
0.131723
0.131367
0.131415
0.132836
0.13248
0.133216
0.13565
0.131576
0.135515
0.132978
0.127153
0.13873
0.135663
0.131646
0.133769
0.133249
0.129919
0.133819
0.139782
0.143397
0.142204
0.141765
0.140658
0.136585
0.13563
0.135225
0.126409
0.135905
0.137213
0.137276
0.13646
0.135575
0.134886
0.134662
0.135106
0.135707
0.135144
0.134622
0.134736
0.139502
0.141927
0.140708
0.139249
0.133682
0.133268
0.132477
0.131545
0.130236
0.126043
0.125787
0.125709
0.130855
0.12698
0.126355
0.126983
0.136706
0.131056
0.13132
0.131687
0.131704
0.13153
0.131111
0.130572
0.130456
0.13275
0.133491
0.135912
0.136991
0.133841
0.128697
0.139266
0.135217
0.135531
0.129276
0.134035
0.132897
0.125379
0.137851
0.139154
0.143999
0.143996
0.139671
0.138635
0.136011
0.142533
0.12895
0.126317
0.135518
0.136341
0.13689
0.13564
0.135209
0.1349
0.135047
0.135574
0.135736
0.134846
0.13514
0.140484
0.141892
0.142033
0.141834
0.140834
0.133171
0.133094
0.132363
0.131318
0.129867
0.126006
0.125088
0.127856
0.130425
0.131201
0.126601
0.129266
0.136901
0.131002
0.131454
0.13182
0.132063
0.131578
0.130959
0.130362
0.130083
0.131504
0.134415
0.136976
0.136103
0.135332
0.127376
0.139876
0.13617
0.135071
0.128513
0.134072
0.132467
0.129073
0.139062
0.139425
0.140641
0.144616
0.139462
0.136906
0.135547
0.144392
0.127337
0.126289
0.1351
0.135851
0.136023
0.135404
0.134974
0.13498
0.135321
0.135529
0.135244
0.138131
0.139524
0.140726
0.141255
0.141584
0.141575
0.139548
0.13261
0.132821
0.132193
0.130866
0.126098
0.125735
0.125371
0.129722
0.130632
0.131129
0.130707
0.128717
0.132643
0.131646
0.131921
0.132032
0.132011
0.131743
0.131599
0.130578
0.130316
0.130948
0.135829
0.138016
0.132987
0.126114
0.140195
0.13578
0.134433
0.134995
0.128011
0.128296
0.12898
0.127791
0.139344
0.140833
0.141846
0.141529
0.139153
0.136185
0.135012
0.135862
0.126052
0.124608
0.126579
0.134169
0.135728
0.13457
0.134514
0.135171
0.135209
0.135312
0.134504
0.134661
0.138635
0.139886
0.140571
0.141021
0.140909
0.130932
0.13208
0.132512
0.131969
0.13092
0.12581
0.125117
0.126864
0.130166
0.130865
0.131063
0.130268
0.128614
0.132829
0.131977
0.132147
0.132194
0.132086
0.131836
0.131458
0.131256
0.132247
0.131858
0.137368
0.137181
0.13738
0.12636
0.139511
0.133765
0.133316
0.13502
0.12769
0.12778
0.127435
0.129415
0.138907
0.142804
0.144241
0.139421
0.138517
0.135882
0.142148
0.131786
0.125748
0.124824
0.12499
0.125073
0.134473
0.125673
0.12645
0.127663
0.12798
0.129689
0.132572
0.136685
0.138478
0.139326
0.140086
0.140624
0.14021
0.130132
0.131479
0.132196
0.131638
0.126451
0.125739
0.125054
0.129168
0.130448
0.131168
0.130915
0.130106
0.128696
0.133488
0.132283
0.132317
0.132144
0.131965
0.131868
0.131752
0.131924
0.132807
0.135141
0.135531
0.136054
0.124959
0.127274
0.139903
0.134201
0.132482
0.130197
0.127509
0.127278
0.12666
0.131154
0.137891
0.142716
0.144753
0.139231
0.137209
0.135644
0.144305
0.128505
0.125685
0.127487
0.134978
0.128434
0.124644
0.124236
0.124506
0.130924
0.129875
0.13128
0.135525
0.13751
0.138155
0.138767
0.139597
0.140276
0.127364
0.129214
0.130845
0.131855
0.131908
0.125622
0.12537
0.125745
0.130262
0.130901
0.131358
0.130832
0.130094
0.128924
0.135022
0.132556
0.131128
0.130786
0.13056
0.130355
0.130656
0.132448
0.135065
0.137819
0.136872
0.133934
0.129493
0.140253
0.137191
0.136356
0.131696
0.128795
0.127398
0.126937
0.126066
0.133009
0.138351
0.141779
0.141187
0.139455
0.136458
0.135211
0.135852
0.12776
0.12547
0.13141
0.14963
0.141219
0.124469
0.123089
0.125641
0.127456
0.128967
0.133924
0.136569
0.137786
0.138011
0.138204
0.139115
0.139952
0.126432
0.128343
0.130182
0.131444
0.13045
0.125641
0.124987
0.127459
0.130585
0.13133
0.131478
0.130878
0.130184
0.129255
0.136221
0.13196
0.131168
0.130709
0.130671
0.130975
0.131137
0.13248
0.136427
0.141009
0.138313
0.131215
0.129529
0.139567
0.135458
0.134386
0.130535
0.128317
0.127285
0.126415
0.126029
0.137999
0.14087
0.144093
0.139701
0.139382
0.136231
0.142124
0.137015
0.127007
0.125153
0.133509
0.155728
0.149898
0.124823
0.124525
0.125872
0.127702
0.129157
0.130305
0.136154
0.13748
0.137575
0.138075
0.138655
0.139653
0.125463
0.12754
0.129514
0.131146
0.126673
0.125564
0.125054
0.129696
0.130985
0.131663
0.131593
0.131017
0.130344
0.129651
0.135249
0.130804
0.131063
0.130786
0.131145
0.131917
0.133064
0.132602
0.135329
0.138526
0.135478
0.13199
0.131562
0.140038
0.135468
0.133474
0.128777
0.128098
0.127126
0.126627
0.126675
0.138609
0.14299
0.144517
0.139924
0.137625
0.136172
0.142584
0.135132
0.126846
0.12381
0.133038
0.156089
0.153102
0.125967
0.125135
0.126419
0.127936
0.129253
0.13037
0.131025
0.131989
0.136918
0.137711
0.138758
0.139527
0.139944
0.126877
0.128899
0.131394
0.125523
0.125326
0.125569
0.130725
0.131547
0.131873
0.1317
0.131191
0.130551
0.130119
0.135809
0.131308
0.130098
0.130326
0.13118
0.132225
0.133239
0.13436
0.138317
0.139513
0.136851
0.132114
0.139652
0.138858
0.137787
0.132817
0.12822
0.128264
0.126973
0.126596
0.129863
0.137406
0.141472
0.141332
0.141157
0.135425
0.136208
0.144558
0.134726
0.128425
0.124968
0.13017
0.155618
0.158278
0.127803
0.125963
0.126786
0.128021
0.129313
0.13052
0.131086
0.131731
0.1326
0.137484
0.138681
0.139692
0.140099
0.126355
0.128373
0.131126
0.125524
0.125075
0.126816
0.131153
0.132062
0.132083
0.131839
0.131355
0.130824
0.130595
0.135176
0.130848
0.131295
0.132217
0.133207
0.134002
0.134761
0.136488
0.140508
0.137546
0.134003
0.132865
0.139775
0.137528
0.136733
0.132306
0.128071
0.134176
0.127023
0.126329
0.132109
0.139302
0.143389
0.140424
0.135228
0.134704
0.142528
0.135473
0.135585
0.129672
0.127065
0.129251
0.144283
0.144261
0.129711
0.126383
0.126981
0.128121
0.129376
0.130662
0.131246
0.13176
0.132615
0.130669
0.138677
0.139869
0.140168
0.125905
0.127911
0.130728
0.125584
0.125071
0.129366
0.131653
0.132364
0.132323
0.132013
0.13149
0.131127
0.130716
0.135079
0.132312
0.133181
0.134496
0.135847
0.137591
0.139108
0.140227
0.139072
0.137446
0.133581
0.140037
0.140079
0.140843
0.135841
0.131907
0.128041
0.133514
0.127194
0.125996
0.138109
0.142883
0.145029
0.136482
0.13474
0.133284
0.142417
0.135383
0.138887
0.131465
0.128128
0.128342
0.138271
0.142311
0.13012
0.126681
0.127197
0.128259
0.129462
0.130802
0.131443
0.131876
0.132697
0.130946
0.138668
0.140015
0.140391
0.125727
0.127599
0.129295
0.125632
0.12533
0.131333
0.132237
0.132574
0.132509
0.132135
0.131533
0.131316
0.130827
0.136238
0.134042
0.134582
0.136037
0.13856
0.139849
0.140241
0.142494
0.138369
0.1349
0.1322
0.139939
0.142447
0.140017
0.135051
0.131594
0.12812
0.13316
0.131546
0.127758
0.135377
0.141469
0.142088
0.135931
0.134326
0.133659
0.142716
0.135876
0.139178
0.134257
0.129866
0.128521
0.132569
0.13631
0.129731
0.127002
0.127488
0.128457
0.129592
0.130978
0.131699
0.132098
0.132856
0.131122
0.138776
0.140192
0.140603
0.125393
0.127283
0.127578
0.125671
0.125742
0.131729
0.132661
0.132771
0.13264
0.132193
0.131558
0.131367
0.131108
0.132898
0.13464
0.136578
0.13798
0.139268
0.140623
0.143643
0.139313
0.137733
0.133435
0.140322
0.141882
0.1426
0.139363
0.134309
0.131386
0.128566
0.132779
0.129497
0.13004
0.137848
0.142246
0.13707
0.135503
0.133136
0.134489
0.145088
0.137777
0.139408
0.139735
0.133022
0.129931
0.130102
0.131609
0.128974
0.127447
0.127934
0.128776
0.129843
0.131259
0.132079
0.132494
0.133122
0.131065
0.139196
0.140526
0.140895
0.140192
0.126876
0.127843
0.125722
0.126294
0.13194
0.132887
0.132955
0.13276
0.13224
0.131585
0.131313
0.131417
0.133634
0.136465
0.13789
0.139073
0.140538
0.143441
0.139905
0.138157
0.133997
0.141148
0.142222
0.142291
0.142133
0.138693
0.133609
0.131322
0.134053
0.132
0.127007
0.131891
0.14153
0.144451
0.136867
0.13502
0.131354
0.143479
0.144596
0.137977
0.139334
0.139664
0.138792
0.132994
0.130755
0.130078
0.128751
0.128174
0.128613
0.129299
0.130281
0.131721
0.132644
0.133106
0.133428
0.130743
0.139703
0.141031
0.141325
0.14082
0.12614
0.127674
0.125793
0.127099
0.132273
0.133045
0.133133
0.132943
0.132301
0.131602
0.131499
0.131863
0.134056
0.139139
0.139321
0.141053
0.142838
0.140464
0.138644
0.137609
0.132841
0.142783
0.141893
0.14232
0.141707
0.137862
0.13296
0.131393
0.13341
0.131106
0.125737
0.133589
0.140343
0.142372
0.136638
0.134621
0.131378
0.143074
0.142913
0.137838
0.137037
0.140367
0.139558
0.138961
0.133631
0.131364
0.129544
0.129411
0.129489
0.130123
0.130985
0.132431
0.133443
0.133898
0.133591
0.130547
0.138922
0.141372
0.141767
0.141345
0.124775
0.127157
0.125831
0.128395
0.132713
0.133244
0.13331
0.133206
0.132357
0.131574
0.131747
0.132593
0.134874
0.140652
0.141363
0.142204
0.140451
0.138874
0.13775
0.134197
0.140897
0.142445
0.141915
0.142496
0.141124
0.136853
0.132461
0.131556
0.13289
0.130476
0.12631
0.135975
0.141938
0.137385
0.136233
0.133964
0.131256
0.145108
0.144184
0.138256
0.137493
0.140306
0.140235
0.139664
0.139332
0.13426
0.131484
0.131924
0.130976
0.131599
0.132208
0.133598
0.134646
0.134826
0.13343
0.130735
0.138779
0.139361
0.141769
0.141784
0.140379
0.126473
0.125654
0.129935
0.133004
0.133445
0.133509
0.133561
0.132351
0.131723
0.13223
0.133755
0.136092
0.140091
0.141368
0.140235
0.139072
0.138179
0.137568
0.133417
0.140416
0.142199
0.142067
0.142927
0.140334
0.135733
0.132205
0.134617
0.132459
0.129628
0.126715
0.135692
0.144355
0.137122
0.135723
0.131361
0.13199
0.145521
0.14459
0.141025
0.13736
0.137863
0.140604
0.140254
0.139809
0.139502
0.134668
0.136346
0.133548
0.133524
0.134223
0.135335
0.13575
0.134758
0.132469
0.13035
0.140196
0.140597
0.14079
0.142082
0.141134
0.125042
0.124771
0.129464
0.132834
0.133615
0.13384
0.134
0.132307
0.132102
0.133167
0.135142
0.138117
0.139796
0.139757
0.138919
0.138033
0.137479
0.134813
0.132268
0.140427
0.142007
0.142211
0.142323
0.139444
0.134724
0.132215
0.13269
0.131799
0.128079
0.129278
0.139575
0.137669
0.136567
0.135164
0.131608
0.143664
0.145616
0.144757
0.140903
0.137703
0.137632
0.138385
0.139605
0.140369
0.139971
0.1396
0.139425
0.139552
0.137102
0.136738
0.135977
0.135219
0.133938
0.1323
0.130492
0.142268
0.141706
0.14096
0.142115
0.141673
0.135338
0.122681
0.126817
0.13174
0.133611
0.134321
0.134654
0.132756
0.132773
0.134311
0.136612
0.139305
0.139863
0.138524
0.137795
0.137264
0.135475
0.13314
0.141057
0.142632
0.141883
0.142354
0.141503
0.138405
0.133916
0.132387
0.135829
0.131297
0.126611
0.131218
0.140521
0.137567
0.136087
0.13464
0.131733
0.145522
0.145584
0.14468
0.14083
0.138542
0.138195
0.138036
0.138706
0.13899
0.140617
0.140071
0.140291
0.139957
0.139541
0.139432
0.138696
0.137511
0.135567
0.133213
0.130274
0.143041
0.142614
0.141434
0.14067
0.141987
0.136214
0.120622
0.123924
0.129389
0.133098
0.134893
0.135796
0.13322
0.133676
0.1353
0.138517
0.139871
0.139979
0.137471
0.137034
0.136116
0.132777
0.12997
0.140635
0.14216
0.141952
0.142521
0.140436
0.137301
0.133366
0.132693
0.133712
0.130508
0.124859
0.135718
0.144999
0.137019
0.135663
0.132847
0.13227
0.145787
0.145397
0.144258
0.1418
0.13807
0.137897
0.138208
0.138267
0.138686
0.138818
0.139858
0.137803
0.139831
0.139519
0.138709
0.137808
0.136922
0.135759
0.133954
0.132385
0.141395
0.142018
0.141903
0.141062
0.141957
0.136808
0.134907
0.122064
0.126489
0.131905
0.134051
0.135791
0.133994
0.135659
0.136491
0.139402
0.140185
0.140017
0.136763
0.136792
0.130946
0.131912
0.125765
0.140623
0.142258
0.142366
0.142434
0.13933
0.136365
0.133059
0.133197
0.13347
0.129605
0.123919
0.139496
0.137484
0.136537
0.135293
0.13221
0.134274
0.145854
0.145005
0.14341
0.141299
0.139698
0.138644
0.137349
0.137732
0.138337
0.138312
0.138095
0.138075
0.136982
0.136992
0.13796
0.136324
0.135912
0.135641
0.134595
0.134264
0.137587
0.139055
0.141213
0.140702
0.141424
0.137039
0.135581
0.13295
0.132824
0.130888
0.135009
0.137252
0.135429
0.139541
0.1406
0.142507
0.140492
0.140196
0.136567
0.13538
0.133356
0.135181
0.132919
0.140579
0.140653
0.142565
0.140713
0.138366
0.135668
0.132931
0.13317
0.133266
0.12861
0.136635
0.140377
0.137616
0.136101
0.134999
0.132937
0.145767
0.145671
0.144319
0.142255
0.140434
0.139303
0.138674
0.138377
0.138324
0.138243
0.137852
0.137671
0.13893
0.140538
0.142835
0.140444
0.135116
0.135897
0.136776
0.137425
0.141072
0.13741
0.13537
0.137598
0.140148
0.140061
0.136388
0.135595
0.133676
0.133511
0.134692
0.136835
0.139274
0.141215
0.141428
0.142245
0.142589
0.14048
0.134726
0.136936
0.137169
0.137154
0.137105
0.137258
0.140424
0.139842
0.142484
0.139125
0.137613
0.135219
0.132941
0.131673
0.13573
0.127314
0.136595
0.138664
0.137165
0.135677
0.134713
0.133893
0.146102
0.145188
0.143353
0.141189
0.139634
0.138729
0.138236
0.137946
0.137869
0.137862
0.137907
0.138142
0.137862
0.139177
0.141971
0.144757
0.145079
0.142936
0.140269
0.140924
0.143505
0.139158
0.136742
0.136503
0.138216
0.138183
0.135154
0.134374
0.133636
0.135741
0.137081
0.139396
0.141394
0.142863
0.142819
0.142894
0.142469
0.140001
0.138103
0.138432
0.138308
0.137582
0.137925
0.138198
0.139589
0.138374
0.141609
0.138157
0.137083
0.134971
0.133068
0.131125
0.135831
0.135693
0.136564
0.134682
0.136746
0.13534
0.132342
0.135103
0.145815
0.144587
0.142456
0.14045
0.13912
0.138301
0.137725
0.137337
0.13714
0.137037
0.137032
0.137177
0.137627
0.13915
0.14033
0.141395
0.14212
0.142787
0.141675
0.141595
0.140259
0.139564
0.140261
0.138696
0.138112
0.139636
0.136003
0.134931
0.133611
0.136421
0.140101
0.141774
0.142946
0.143223
0.143072
0.14236
0.139524
0.140591
0.139355
0.138606
0.138011
0.137491
0.137019
0.139803
0.13827
0.142279
0.140168
0.137583
0.13674
0.134834
0.13335
0.131162
0.135789
0.135025
0.135894
0.133778
0.136345
0.135281
0.134455
0.136404
0.145152
0.144199
0.141955
0.140017
0.138775
0.137925
0.137326
0.136952
0.136809
0.1367
0.136931
0.13718
0.138593
0.139775
0.140738
0.141371
0.142366
0.143044
0.142098
0.140873
0.140298
0.137591
0.140122
0.140619
0.138258
0.13678
0.141601
0.137549
0.138714
0.137286
0.142196
0.144433
0.143175
0.137895
0.141015
0.141547
0.13973
0.13858
0.138007
0.136489
0.135008
0.133979
0.139753
0.142268
0.142197
0.14169
0.138905
0.137207
0.136504
0.134755
0.133875
0.13158
0.135768
0.134999
0.132873
0.137188
0.135937
0.135551
0.136392
0.136875
0.142646
0.14163
0.141648
0.139939
0.138699
0.137832
0.137227
0.136924
0.136741
0.136601
0.137
0.137608
0.133496
0.134081
0.134233
0.132735
0.135184
0.131632
0.13103
0.131085
0.126243
0.138912
0.125153
0.128837
0.132079
0.139018
0.13979
0.138689
0.137901
0.139778
0.143973
0.143525
0.138728
0.137278
0.138275
0.137185
0.136049
0.134128
0.13317
0.133024
0.132275
0.139273
0.141901
0.14225
0.141938
0.141167
0.13805
0.137056
0.136463
0.134827
0.134905
0.136698
0.135808
0.135141
0.141063
0.137001
0.135644
0.135832
0.137104
0.143437
0.139226
0.140332
0.139124
0.140295
0.138926
0.138264
0.137577
0.137233
0.13659
0.137032
0.134592
0.134518
0.133045
0.133252
0.133626
0.133589
0.13308
0.131865
0.130996
0.131511
0.13155
0.12024
0.122519
0.130583
0.127706
0.131554
0.135631
0.132952
0.138482
0.133572
0.136752
0.136293
0.13265
0.136667
0.135419
0.133293
0.132638
0.1325
0.132502
0.130967
0.13905
0.141548
0.142151
0.142426
0.141601
0.140526
0.137664
0.136983
0.136436
0.13501
0.136794
0.137771
0.135631
0.137318
0.134507
0.13668
0.135705
0.136157
0.137015
0.139964
0.138674
0.138384
0.137978
0.138325
0.139553
0.138104
0.138775
0.138664
0.137921
0.136663
0.134146
0.133133
0.133158
0.133239
0.133324
0.133092
0.13252
0.131275
0.130065
0.13077
0.131544
0.133192
0.122052
0.121293
0.122049
0.132983
0.131292
0.120177
0.1194
0.132132
0.134463
0.13423
0.133898
0.131282
0.130893
0.132148
0.132383
0.132443
0.130957
0.138866
0.141627
0.142287
0.142629
0.141988
0.140796
0.139124
0.136913
0.136729
0.136168
0.135472
0.138897
0.135259
0.135284
0.138629
0.133527
0.136323
0.136104
0.136886
0.137351
0.13964
0.138654
0.14479
0.138465
0.13932
0.137636
0.137271
0.138227
0.139179
0.138331
0.136801
0.134401
0.133036
0.133087
0.133377
0.133373
0.133056
0.13257
0.131418
0.129216
0.128511
0.12933
0.131008
0.126379
0.122818
0.129887
0.136949
0.136727
0.13844
0.140295
0.140658
0.13996
0.137479
0.132523
0.130037
0.129854
0.128802
0.130433
0.140236
0.140696
0.141623
0.142371
0.142836
0.142778
0.141762
0.14088
0.13646
0.134415
0.133334
0.133714
0.137177
0.139147
0.135069
0.132113
0.138502
0.134234
0.135502
0.136157
0.136863
0.137467
0.139842
0.140419
0.140627
0.138724
0.138878
0.139887
0.137083
0.137748
0.137943
0.137138
0.136875
0.13714
0.138292
0.133221
0.13357
0.133645
0.133307
0.132832
0.131987
0.130008
0.129172
0.129716
0.130864
0.125437
0.123064
0.1348
0.135661
0.138167
0.140371
0.13939
0.139594
0.139905
0.140017
0.140371
0.137564
0.140649
0.141289
0.141888
0.142404
0.142813
0.143021
0.143072
0.1429
0.142249
0.141161
0.140187
0.138276
0.136696
0.136904
0.13734
0.13824
0.140204
0.134468
0.132854
0.139154
0.13629
0.135781
0.137078
0.137795
0.138751
0.142596
0.140627
0.140716
0.143403
0.142449
0.137931
0.137165
0.136576
0.138063
0.137529
0.137159
0.13716
0.138123
0.135898
0.133567
0.133884
0.133595
0.133125
0.132566
0.130828
0.129892
0.130258
0.131159
0.126088
0.128677
0.13423
0.139048
0.140732
0.140209
0.13973
0.140055
0.140289
0.140405
0.139217
0.138214
0.141582
0.142291
0.142934
0.143182
0.143281
0.143292
0.14308
0.142581
0.141654
0.140948
0.136207
0.134485
0.134384
0.136823
0.138616
0.13846
0.140986
0.13568
0.135406
0.139379
0.136252
0.136209
0.137491
0.138431
0.139265
0.13974
0.140991
0.142023
0.141144
0.141933
0.14322
0.14033
0.137603
0.136442
0.138095
0.137831
0.137294
0.137525
0.135782
0.134026
0.134403
0.134312
0.13385
0.133323
0.132547
0.13097
0.131542
0.131569
0.126298
0.140658
0.140678
0.140526
0.140425
0.140313
0.140073
0.140264
0.140686
0.137743
0.131037
0.128947
0.142227
0.142905
0.143366
0.143416
0.143366
0.143165
0.142777
0.142166
0.141288
0.140295
0.139061
0.137383
0.136721
0.13689
0.138285
0.137423
0.141062
0.131588
0.136789
0.138399
0.136143
0.137037
0.137854
0.138793
0.13961
0.138678
0.139444
0.139987
0.140475
0.141815
0.140766
0.142133
0.142088
0.138908
0.136994
0.138533
0.13887
0.137127
0.133911
0.13404
0.134592
0.134851
0.134648
0.134296
0.133885
0.133085
0.131736
0.132096
0.129283
0.141461
0.141328
0.139915
0.139706
0.139849
0.139985
0.140165
0.140332
0.140806
0.141364
0.14191
0.142529
0.142924
0.14331
0.14339
0.143193
0.142724
0.141953
0.140964
0.139624
0.138201
0.137175
0.136802
0.137081
0.136788
0.136703
0.136278
0.139331
0.132685
0.138465
0.136499
0.136271
0.13751
0.137925
0.139123
0.139842
0.13782
0.140319
0.14042
0.14062
0.14066
0.141863
0.140375
0.140716
0.142669
0.140377
0.13838
0.139159
0.138141
0.13484
0.134001
0.134162
0.134867
0.134876
0.134554
0.134221
0.133794
0.132068
0.13153
0.133467
0.139369
0.141065
0.140012
0.13964
0.139653
0.139874
0.140434
0.14104
0.141796
0.142468
0.142842
0.142966
0.143192
0.143371
0.143308
0.14294
0.142203
0.141155
0.139964
0.138378
0.1368
0.135441
0.135733
0.136593
0.136642
0.136345
0.136024
0.138584
0.13467
0.138929
0.13619
0.136722
0.137447
0.137955
0.139607
0.140433
0.136798
0.139606
0.139513
0.139947
0.140446
0.141043
0.141603
0.140241
0.140009
0.143196
0.141546
0.136187
0.135855
0.13687
0.136251
0.135246
0.134901
0.135321
0.134985
0.134522
0.134144
0.132525
0.133617
0.131334
0.137755
0.140514
0.140195
0.139578
0.139696
0.140212
0.140763
0.141551
0.14204
0.142522
0.142668
0.142926
0.144159
0.13969
0.142884
0.142984
0.142257
0.141109
0.139714
0.137531
0.135628
0.134424
0.134878
0.135998
0.13626
0.135899
0.135962
0.138724
0.136444
0.139701
0.135006
0.136941
0.136527
0.138232
0.140181
0.14081
0.139677
0.139781
0.139011
0.139204
0.140011
0.139619
0.140531
0.140314
0.139118
0.142066
0.139187
0.138969
0.138046
0.138739
0.137997
0.137089
0.136948
0.13701
0.136775
0.1369
0.137084
0.136521
0.134548
0.130661
0.136711
0.140833
0.140363
0.140125
0.139936
0.140114
0.127738
0.129315
0.132631
0.132698
0.13294
0.133762
0.135063
0.13468
0.132801
0.142733
0.14227
0.140639
0.138905
0.136396
0.133896
0.133469
0.134662
0.135663
0.135566
0.13522
0.136028
0.139591
0.138939
0.140863
0.13442
0.135482
0.135538
0.139008
0.140417
0.140649
0.140268
0.139694
0.136453
0.138603
0.135922
0.135607
0.138469
0.140228
0.140889
0.140964
0.140612
0.140017
0.139388
0.138936
0.138403
0.138053
0.137576
0.136252
0.135325
0.136276
0.134922
0.129775
0.128143
0.133537
0.135365
0.140371
0.14073
0.136621
0.12789
0.136534
0.13318
0.134553
0.134476
0.135254
0.135185
0.138244
0.13758
0.136773
0.137583
0.142583
0.140759
0.1383
0.134846
0.13237
0.132768
0.133955
0.134796
0.134748
0.134299
0.135523
0.136775
0.141091
0.139875
0.140241
0.135862
0.13279
0.135472
0.139457
0.139284
0.138364
0.140424
0.139367
0.139571
0.140178
0.140798
0.141178
0.141383
0.141526
0.1416
0.141468
0.141021
0.140335
0.139584
0.138954
0.138379
0.137941
0.137344
0.13531
0.133024
0.132247
0.132009
0.131677
0.131007
0.132776
0.134114
0.13824
0.136504
0.135292
0.134533
0.13527
0.136433
0.136569
0.13678
0.136584
0.135403
0.133965
0.131948
0.130554
0.139127
0.138191
0.137495
0.139382
0.134203
0.133422
0.133808
0.134107
0.133874
0.133221
0.138529
0.134575
0.137061
0.140741
0.139597
0.137387
0.135074
0.132019
0.136844
0.140431
0.140766
0.137183
0.135765
0.136833
0.138732
0.140049
0.140979
0.141245
0.141351
0.141415
0.141437
0.141353
0.141116
0.140471
0.139668
0.139378
0.138688
0.137975
0.13684
0.134749
0.132701
0.131825
0.131709
0.132725
0.132072
0.13626
0.132122
0.134058
0.13745
0.137737
0.136746
0.136728
0.129181
0.125947
0.127597
0.126875
0.126625
0.126858
0.127535
0.128172
0.128868
0.129562
0.129412
0.129475
0.129779
0.130285
0.138972
0.131155
0.131779
0.137595
0.134666
0.134455
0.137064
0.139175
0.139028
0.136318
0.133647
0.132594
0.13941
0.14039
0.138671
0.135634
0.135126
0.13534
0.137763
0.139535
0.140705
0.140888
0.140933
0.140966
0.140998
0.141
0.140911
0.140639
0.140113
0.139792
0.139161
0.138164
0.13649
0.134344
0.132914
0.132465
0.132785
0.132891
0.134447
0.136292
0.141692
0.140109
0.137703
0.137921
0.138533
0.136812
0.13876
0.13649
0.136476
0.136828
0.138493
0.139541
0.139534
0.139576
0.139321
0.135639
0.13295
0.132233
0.132485
0.132724
0.132728
0.132257
0.131365
0.135874
0.134253
0.137015
0.13714
0.134528
0.136309
0.13428
0.13345
0.137401
0.139861
0.138604
0.138669
0.140236
0.138039
0.138387
0.139182
0.139893
0.140261
0.140345
0.140327
0.140363
0.140446
0.140528
0.140546
0.140452
0.140214
0.139412
0.138566
0.136951
0.134843
0.133363
0.132684
0.132728
0.131897
0.132486
0.134694
0.136354
0.138223
0.132199
0.138047
0.138036
0.138503
0.138893
0.139039
0.139252
0.139303
0.139279
0.136818
0.133039
0.131227
0.131051
0.131273
0.131579
0.131865
0.132106
0.132269
0.132274
0.132057
0.131567
0.130862
0.135137
0.133942
0.13697
0.135247
0.130892
0.135974
0.123775
0.142993
0.140593
0.141704
0.137697
0.133607
0.138948
0.139049
0.139018
0.139072
0.139185
0.139309
0.139441
0.139531
0.139596
0.139718
0.139866
0.139965
0.139972
0.13982
0.138457
0.137081
0.135002
0.133423
0.132636
0.132623
0.132271
0.131838
0.133311
0.134546
0.136239
0.135424
0.136965
0.137472
0.137678
0.138101
0.138523
0.132078
0.139132
0.139265
0.137523
0.131506
0.131106
0.131095
0.131256
0.131452
0.131617
0.131739
0.131823
0.131822
0.13168
0.131362
0.130968
0.137753
0.134731
0.136702
0.136532
0.134845
0.129803
0.131862
0.129764
0.142583
0.141459
0.141269
0.137363
0.138267
0.1385
0.138353
0.138138
0.138053
0.138055
0.138157
0.138351
0.138568
0.138751
0.138898
0.139028
0.139131
0.139127
0.138977
0.13695
0.134964
0.133258
0.132507
0.132506
0.132531
0.132355
0.132198
0.133848
0.134309
0.136038
0.135275
0.134807
0.135746
0.136853
0.137394
0.137225
0.130737
0.138817
0.138994
0.139402
0.131279
0.131196
0.131235
0.131309
0.131357
0.131367
0.131345
0.131275
0.131141
0.130854
0.1305
0.130201
0.135428
0.136555
0.136401
0.136324
0.134588
0.127761
0.130856
0.12208
0.139631
0.141563
0.139931
0.138126
0.137547
0.137734
0.137401
0.137141
0.136968
0.136947
0.137067
0.137291
0.13757
0.137845
0.138063
0.138218
0.13826
0.138177
0.137896
0.135343
0.133306
0.132374
0.132337
0.132604
0.13277
0.133016
0.132731
0.133699
0.134227
0.136163
0.135457
0.134237
0.134263
0.135044
0.13543
0.133725
0.132121
0.131895
0.131623
0.13817
0.139037
0.13099
0.13096
0.130986
0.131005
0.130969
0.130844
0.130648
0.130333
0.129899
0.128264
0.134723
0.136429
0.136278
0.136361
0.13626
0.134762
0.128159
0.131337
0.123929
0.137044
0.139698
0.139504
0.139366
0.137013
0.136769
0.136421
0.136191
0.13607
0.136098
0.136242
0.136476
0.136771
0.137082
0.137373
0.137582
0.137653
0.137556
0.137037
0.133486
0.132259
0.132129
0.132345
0.132372
0.132257
0.132184
0.131536
0.132822
0.135958
0.137523
0.13627
0.134222
0.133499
0.133955
0.136194
0.13488
0.133504
0.132651
0.132153
0.132109
0.132395
0.132827
0.133328
0.133836
0.13422
0.134485
0.134725
0.13496
0.135176
0.135361
0.135539
0.135727
0.1359
0.136092
0.136315
0.136457
0.135426
0.130491
0.12936
0.130325
0.137669
0.139589
0.139673
0.139844
0.136555
0.136005
0.135785
0.13563
0.135575
0.13564
0.135796
0.136027
0.136307
0.136612
0.136898
0.137107
0.137194
0.136999
0.135737
0.132145
0.13197
0.132039
0.131673
0.131033
0.130285
0.129501
0.128879
0.132798
0.136092
0.136602
0.13758
0.136427
0.134221
0.133966
0.136864
0.136004
0.13517
0.134099
0.133444
0.133039
0.132845
0.13274
0.132647
0.132593
0.132586
0.132658
0.132834
0.133132
0.133512
0.133962
0.134418
0.134865
0.135275
0.135665
0.13607
0.136477
0.136123
0.132215
0.127791
0.13453
0.137715
0.139089
0.140946
0.140067
0.137047
0.135422
0.135343
0.135236
0.135233
0.135326
0.135493
0.13572
0.135984
0.136259
0.136509
0.136692
0.136718
0.135838
0.133613
0.131784
0.131856
0.131188
0.130108
0.129028
0.127307
0.124596
0.123897
0.128764
0.135881
0.137014
0.138917
0.138865
0.136214
0.135404
0.137034
0.136715
0.13637
0.135453
0.134498
0.133579
0.132919
0.132475
0.132192
0.132042
0.132
0.132046
0.132194
0.132444
0.132798
0.133226
0.133683
0.134156
0.134646
0.13516
0.135704
0.136254
0.136119
0.132918
0.128843
0.134823
0.140315
0.139166
0.140564
0.140164
0.136178
0.134877
0.134817
0.134805
0.134859
0.134982
0.135159
0.135383
0.135633
0.135874
0.136102
0.136267
0.135794
0.133749
0.132054
0.131715
0.131184
0.129853
0.128718
0.126555
0.12239
0.120668
0.125138
0.133272
0.131848
0.13569
0.138865
0.13925
0.135375
0.13475
0.136834
0.137019
0.136822
0.136232
0.135227
0.134021
0.133086
0.132466
0.132079
0.13183
0.1317
0.131669
0.131734
0.131902
0.132186
0.132546
0.132969
0.133419
0.133929
0.134526
0.135213
0.135955
0.136116
0.133561
0.127582
0.134957
0.132969
0.140188
0.139882
0.140012
0.137503
0.134775
0.134227
0.134303
0.134427
0.134584
0.134774
0.134991
0.135227
0.135471
0.135714
0.135612
0.134038
0.132034
0.131469
0.131382
0.130214
0.128965
0.126355
0.121124
0.119737
0.121595
0.124461
0.12498
0.127157
0.13137
0.136733
0.135493
0.135928
0.13457
0.136339
0.137253
0.13761
0.13693
0.135838
0.13461
0.133649
0.132841
0.132245
0.131841
0.131574
0.131429
0.13139
0.13147
0.131742
0.131549
0.131176
0.131461
0.132027
0.132742
0.133494
0.134104
0.133903
0.131045
0.127848
0.13508
0.134602
0.138609
0.137706
0.138695
0.137953
0.135879
0.133751
0.133714
0.133908
0.134119
0.134333
0.134555
0.134802
0.135095
0.135264
0.134373
0.132303
0.131136
0.131285
0.130821
0.129638
0.127282
0.121329
0.121967
0.125677
0.126748
0.126807
0.12859
0.127668
0.127589
0.131161
0.135926
0.1341
0.134321
0.135979
0.137717
0.13749
0.136343
0.135515
0.134384
0.133199
0.132224
0.131593
0.130793
0.129942
0.12983
0.129919
0.130148
0.130507
0.130969
0.131518
0.132121
0.132778
0.133421
0.133932
0.134049
0.132909
0.12954
0.129132
0.132978
0.131475
0.139789
0.134552
0.13533
0.137773
0.135414
0.134251
0.133198
0.133296
0.133541
0.133826
0.134087
0.134383
0.134705
0.134518
0.132873
0.131116
0.130602
0.131135
0.130363
0.128861
0.123312
0.122279
0.130622
0.123694
0.124369
0.132557
0.131717
0.130739
0.127462
0.136474
0.136209
0.134658
0.134087
0.136034
0.136587
0.136526
0.136052
0.135183
0.133953
0.131948
0.131166
0.130722
0.130474
0.130427
0.13053
0.130763
0.131122
0.131576
0.132083
0.132607
0.13311
0.133573
0.133925
0.133993
0.133343
0.131215
0.128776
0.135085
0.14166
0.131522
0.135503
0.13395
0.133912
0.135756
0.135828
0.135007
0.134137
0.132696
0.132817
0.13311
0.133446
0.133833
0.134135
0.133492
0.131636
0.130265
0.130171
0.130872
0.130123
0.126783
0.121321
0.128401
0.123899
0.128246
0.121518
0.125853
0.128681
0.134968
0.138311
0.137168
0.134645
0.135355
0.133809
0.134115
0.135452
0.136136
0.136001
0.134232
0.133246
0.132577
0.132054
0.131697
0.131503
0.131509
0.131663
0.131932
0.132295
0.132694
0.133083
0.133438
0.133723
0.133898
0.133828
0.133292
0.131846
0.129298
0.132596
0.137973
0.138297
0.12346
0.123233
0.134934
0.127982
0.135284
0.134428
0.134705
0.13532
0.134624
0.133327
0.132544
0.132873
0.133358
0.133625
0.132617
0.130732
0.129611
0.129792
0.130419
0.129268
0.124535
0.123689
0.126183
0.125658
0.128743
0.1314
0.134456
0.132031
0.135329
0.132922
0.130499
0.136986
0.134311
0.133146
0.133698
0.135249
0.13596
0.134508
0.13394
0.133491
0.133071
0.132739
0.132517
0.132421
0.132476
0.132637
0.13286
0.133124
0.133371
0.133576
0.133707
0.133716
0.133526
0.132998
0.131909
0.129973
0.128556
0.137744
0.13905
0.137026
0.133242
0.127512
0.130274
0.125999
0.125642
0.125131
0.124993
0.125319
0.126056
0.135343
0.134806
0.132668
0.13255
0.132899
0.131989
0.12999
0.128802
0.128842
0.12936
0.139599
0.141129
0.139505
0.141339
0.131153
0.124667
0.129226
0.135073
0.134277
0.136013
0.132426
0.129762
0.128436
0.133953
0.1322
0.133777
0.135127
0.134028
0.134044
0.13382
0.133572
0.133334
0.133157
0.133044
0.133017
0.133085
0.133285
0.133712
0.134434
0.135076
0.13538
0.1354
0.135131
0.134467
0.133473
0.131867
0.130183
0.13331
0.143188
0.133297
0.130242
0.134605
0.128531
0.134872
0.122635
0.122204
0.122155
0.122157
0.122479
0.122738
0.122983
0.124454
0.125459
0.126765
0.128288
0.129959
0.131347
0.130729
0.124964
0.138529
0.127473
0.133114
0.134658
0.134519
0.135563
0.134483
0.135418
0.131847
0.135471
0.137461
0.131622
0.129572
0.129278
0.128273
0.132988
0.134038
0.133461
0.133697
0.133833
0.133771
0.133527
0.1334
0.133391
0.134586
0.135659
0.136011
0.13616
0.136251
0.136277
0.136211
0.136025
0.135695
0.135178
0.134402
0.133282
0.131864
0.131595
0.129071
0.132201
0.126091
0.128636
0.129051
0.128903
0.136593
0.124258
0.125043
0.122441
0.12215
0.122385
0.12319
0.124288
0.125309
0.126323
0.12753
0.128696
0.129925
0.130668
0.128698
0.122382
0.123022
0.125879
0.129782
0.132654
0.132983
0.133438
0.138036
0.13608
0.129901
0.137951
0.138121
0.131251
0.12902
0.128048
0.127441
0.138824
0.134762
0.133272
0.133539
0.133662
0.133631
0.133501
0.134647
0.135906
0.136113
0.136182
0.136216
0.136213
0.136154
0.136016
0.135785
0.135441
0.13501
0.134517
0.133846
0.132744
0.131905
0.135016
0.127096
0.126543
0.134057
0.130403
0.129677
0.128908
0.13627
0.132865
0.133253
0.125855
0.124118
0.123526
0.123863
0.12465
0.12567
0.126854
0.128076
0.129378
0.129935
0.130118
0.126512
0.121051
0.121798
0.124199
0.128103
0.131348
0.132525
0.132286
0.131389
0.129395
0.129757
0.135591
0.136524
0.129667
0.126721
0.125678
0.125488
0.125123
0.138034
0.133822
0.133475
0.133547
0.133512
0.13383
0.135867
0.136093
0.136121
0.136108
0.136062
0.135975
0.135835
0.13564
0.13543
0.135263
0.135021
0.134331
0.133314
0.132463
0.134296
0.126376
0.12299
0.129363
0.131323
0.131862
0.129639
0.128877
0.129264
0.13517
0.133149
0.134141
0.13284
0.126131
0.125934
0.125789
0.126228
0.127201
0.128509
0.129761
0.130631
0.129604
0.125362
0.120432
0.120586
0.121883
0.125613
0.1284
0.131352
0.133216
0.1314
0.12965
0.129295
0.133619
0.135058
0.126095
0.124526
0.124716
0.124448
0.124897
0.12562
0.137615
0.133737
0.133508
0.133423
0.134738
0.135954
0.13601
0.136004
0.135944
0.135852
0.13574
0.135641
0.135615
0.135639
0.135427
0.134775
0.133867
0.133065
0.134127
0.132302
0.121548
0.125976
0.129817
0.132826
0.13512
0.129381
0.133511
0.135023
0.136999
0.137105
0.135981
0.134224
0.13317
0.127085
0.126347
0.12609
0.12681
0.128068
0.12953
0.130709
0.13056
0.125646
0.120302
0.119452
0.120997
0.123686
0.126369
0.128056
0.129353
0.130191
0.12904
0.126695
0.133625
0.133758
0.123913
0.124282
0.12407
0.124424
0.126284
0.128855
0.128959
0.137126
0.133714
0.133433
0.134305
0.135884
0.135882
0.135908
0.13583
0.135761
0.135768
0.135872
0.135967
0.135869
0.135389
0.134602
0.133722
0.134002
0.13206
0.130477
0.120156
0.133767
0.128517
0.132709
0.134092
0.130591
0.133949
0.135873
0.137494
0.137951
0.137743
0.137055
0.135886
0.133413
0.128414
0.127787
0.127271
0.127754
0.128347
0.129847
0.130569
0.128804
0.123374
0.120746
0.118126
0.11916
0.120959
0.123014
0.124606
0.124639
0.123473
0.121793
0.133088
0.133893
0.12411
0.124109
0.124608
0.12729
0.130609
0.130295
0.129548
0.128661
0.130884
0.133803
0.134045
0.135831
0.135872
0.135801
0.135934
0.136096
0.136317
0.136479
0.136488
0.136242
0.13565
0.134716
0.134254
0.133075
0.131836
0.130638
0.121197
0.13058
0.136106
0.132043
0.131223
0.13122
0.129869
0.134619
0.137216
0.138095
0.138298
0.138123
0.137627
0.136685
0.133987
0.128831
0.127519
0.126339
0.125658
0.125909
0.126018
0.125837
0.123254
0.119516
0.121506
0.117959
0.116949
0.117177
0.117912
0.119021
0.12004
0.120463
0.123346
0.123844
0.124701
0.127442
0.131116
0.131185
0.130494
0.129697
0.128935
0.128288
0.127783
0.126593
0.134531
0.136099
0.136102
0.136284
0.136676
0.136923
0.13705
0.137101
0.137111
0.136923
0.136291
0.135343
0.134838
0.133545
0.132759
0.132536
0.12533
0.132984
0.135151
0.134028
0.134697
0.132013
0.130106
0.129437
0.129548
0.137988
0.138473
0.13848
0.138313
0.137886
0.136828
0.133698
0.126748
0.124921
0.124415
0.124502
0.124565
0.124619
0.124623
0.12419
0.124315
0.124378
0.124477
0.124628
0.124809
0.125121
0.126323
0.130086
0.131305
0.131365
0.131328
0.130952
0.130999
0.128194
0.12712
0.12664
0.131126
0.128379
0.127686
0.12714
0.126174
0.132731
0.137544
0.137783
0.137813
0.137465
0.137313
0.137286
0.137255
0.136944
0.136507
0.136263
0.136071
0.134435
0.133372
0.133134
0.127416
0.13521
0.137665
0.133825
0.135247
0.132192
0.12999
0.130049
0.130522
0.130888
0.138871
0.138726
0.138563
0.13833
0.137823
0.135932
0.12687
0.123112
0.123429
0.123774
0.123948
0.124072
0.12419
0.124261
0.123903
0.124041
0.124226
0.124479
0.124844
0.125411
0.126253
0.127416
0.128849
0.129312
0.129649
0.129868
0.125201
0.124594
0.124385
0.124339
0.124319
0.124234
0.124069
0.123913
0.124017
0.12447
0.125277
0.133135
0.136991
0.137077
0.136655
0.136468
0.136313
0.136316
0.136805
0.137592
0.13746
0.135115
0.133979
0.134153
0.132685
0.133404
0.134256
0.135489
0.134972
0.132402
0.131068
0.132219
0.133157
0.133394
0.140269
0.139199
0.138526
0.137924
0.137308
0.134825
0.132528
0.121472
0.1227
0.123181
0.123396
0.123527
0.123662
0.123784
0.124135
0.124297
0.124452
0.124595
0.124729
0.124878
0.125084
0.125464
0.12654
0.126719
0.127304
0.127653
0.127323
0.124785
0.125005
0.124939
0.124384
0.123342
0.122878
0.122742
0.122712
0.122883
0.123431
0.124523
0.126638
0.134109
0.137437
0.138568
0.138686
0.137497
0.137306
0.138099
0.138534
0.136772
0.135869
0.134976
0.136116
0.133663
0.132659
0.136256
0.136448
0.13538
0.134868
0.135202
0.135282
0.135356
0.141935
0.139434
0.137907
0.136543
0.13492
0.132554
0.131392
0.120128
0.122227
0.122898
0.123295
0.123582
0.123775
0.123962
0.126458
0.126647
0.126807
0.126945
0.12706
0.127169
0.127283
0.127416
0.128092
0.128309
0.129317
0.126043
0.12588
0.125996
0.125999
0.125878
0.125655
0.125345
0.124985
0.124639
0.12435
0.12417
0.124165
0.124363
0.124855
0.12568
0.127183
0.134968
0.13488
0.134729
0.137951
0.137713
0.138563
0.137591
0.137648
0.13323
0.135481
0.13563
0.135113
0.137188
0.137334
0.135471
0.135275
0.134922
0.134815
0.134899
0.139526
0.137426
0.135886
0.134751
0.132969
0.130659
0.128386
0.120098
0.123204
0.124191
0.124953
0.125509
0.125898
0.126221
0.127115
0.126956
0.126846
0.126842
0.127007
0.127413
0.128073
0.128644
0.131291
0.128868
0.131332
0.129093
0.129182
0.129093
0.128862
0.128521
0.128101
0.127605
0.127053
0.126511
0.126036
0.125682
0.125503
0.125509
0.125715
0.126183
0.126895
0.12729
0.131885
0.133216
0.133706
0.136986
0.136278
0.136263
0.139551
0.138575
0.136964
0.137381
0.134914
0.135131
0.135145
0.134588
0.134839
0.13481
0.134973
0.135555
0.133587
0.132439
0.131838
0.131234
0.130041
0.1283
0.126198
0.118885
0.125158
0.126531
0.127133
0.127369
0.127392
0.127278
0.163255
0.176799
0.184758
0.189524
0.192467
0.194506
0.196023
0.196949
0.198548
0.198863
0.132582
0.132669
0.13267
0.132419
0.131974
0.131405
0.130772
0.130094
0.129402
0.128747
0.12816
0.127679
0.127371
0.127259
0.127341
0.12765
0.128086
0.128661
0.12859
0.129845
0.131863
0.133143
0.134624
0.135688
0.140193
0.139327
0.139557
0.140201
0.134882
0.133923
0.134477
0.134541
0.135424
0.135721
0.136263
0.131503
0.129642
0.128957
0.128648
0.128381
0.127976
0.127065
0.12595
0.120782
0.127409
0.128103
0.128049
0.128173
0.13121
0.144712
0.184017
0.188083
0.190705
0.192385
0.193303
0.193728
0.193999
0.194689
0.194146
0.198593
0.135917
0.135822
0.135747
0.135372
0.13475
0.133978
0.133158
0.132337
0.131571
0.130911
0.130365
0.129952
0.129671
0.129487
0.129361
0.129389
0.12959
0.129981
0.129828
0.127862
0.130678
0.132462
0.133595
0.135098
0.139941
0.139149
0.141086
0.140892
0.131182
0.134111
0.134974
0.135578
0.13644
0.137027
0.130708
0.128407
0.127788
0.127522
0.127639
0.127948
0.128021
0.127176
0.126497
0.126542
0.128692
0.128841
0.13146
0.14784
0.166809
0.177686
0.189308
0.191745
0.192887
0.192996
0.192548
0.192232
0.192381
0.193347
0.193639
0.197127
0.137586
0.137385
0.137214
0.136743
0.136004
0.135092
0.134122
0.13316
0.132267
0.131478
0.130748
0.130107
0.129567
0.129164
0.128891
0.128805
0.12881
0.128936
0.129056
0.118651
0.129491
0.132115
0.134274
0.135699
0.140033
0.132467
0.141691
0.133742
0.128412
0.13459
0.135368
0.13577
0.137645
0.12917
0.127938
0.127599
0.127491
0.127653
0.128143
0.128683
0.128766
0.127735
0.127025
0.128622
0.129097
0.130715
0.14448
0.16583
0.178302
0.18519
0.195941
0.19694
0.1969
0.19609
0.194944
0.194105
0.193778
0.194684
0.194199
0.196246
0.137048
0.136852
0.136582
0.136055
0.135308
0.134417
0.133465
0.132501
0.13154
0.130608
0.129621
0.12868
0.127816
0.127133
0.126698
0.126531
0.126561
0.126812
0.127359
0.128115
0.128889
0.131982
0.134347
0.1343
0.136275
0.13197
0.132865
0.134005
0.126633
0.134689
0.135487
0.131265
0.129009
0.128748
0.128605
0.128509
0.128439
0.128451
0.128707
0.129172
0.129425
0.12821
0.127597
0.128834
0.128925
0.132196
0.153233
0.177692
0.188781
0.193554
0.200716
0.202703
0.203543
0.203756
0.203588
0.20331
0.202948
0.203762
0.201377
0.200607
0.134453
0.134756
0.134537
0.134124
0.133571
0.132929
0.13225
0.131573
0.130891
0.130255
0.129523
0.12883
0.128118
0.127506
0.127123
0.127125
0.127562
0.128281
0.129088
0.130364
0.131258
0.132937
0.135335
0.134856
0.136601
0.13245
0.133757
0.128586
0.129919
0.134515
0.13359
0.13092
0.131357
0.131711
0.131804
0.131725
0.131604
0.131544
0.131676
0.131322
0.129323
0.122529
0.127947
0.128087
0.127807
0.128088
0.131502
0.152956
0.182176
0.195901
)
;
    }
    front
    {
        type            cyclic;
    }
    back
    {
        type            cyclic;
    }
}


// ************************************************************************* //
