/*--------------------------------*- C++ -*----------------------------------*\
  =========                 |
  \\      /  F ield         | OpenFOAM: The Open Source CFD Toolbox
   \\    /   O peration     | Website:  https://openfoam.org
    \\  /    A nd           | Version:  13
     \\/     M anipulation  |
\*---------------------------------------------------------------------------*/
FoamFile
{
    format      ascii;
    class       volScalarField;
    location    "0.5";
    object      classifier_w_crossflow_sigma;
}
// * * * * * * * * * * * * * * * * * * * * * * * * * * * * * * * * * * * * * //

dimensions      [];

internalField   uniform 0;

boundaryField
{
    inlet
    {
        type            cyclic;
    }
    outlet
    {
        type            cyclic;
    }
    top
    {
        type            calculated;
        value           nonuniform List<scalar> 
7200
(
0.19324
0.177518
0.177636
0.176332
0.175107
0.174216
0.174281
0.174581
0.175015
0.175843
0.177063
0.178093
0.179425
0.180332
0.180852
0.181321
0.181896
0.182851
0.183253
0.183982
0.18484
0.186118
0.187407
0.188223
0.189813
0.190643
0.18768
0.185019
0.186355
0.187915
0.182777
0.193325
0.196455
0.203471
0.210559
0.206702
0.204037
0.160593
0.160651
0.162644
0.164897
0.166611
0.168968
0.172564
0.17842
0.181727
0.182486
0.183168
0.184419
0.186231
0.188571
0.190769
0.192516
0.192444
0.191022
0.188635
0.185974
0.185067
0.182883
0.192972
0.181659
0.178035
0.177163
0.175707
0.174442
0.173594
0.173906
0.174428
0.175166
0.176219
0.177601
0.178859
0.180262
0.181261
0.18193
0.182545
0.183149
0.184132
0.184676
0.185193
0.186018
0.186962
0.187744
0.188729
0.192194
0.196976
0.198216
0.193909
0.192515
0.187978
0.191647
0.18956
0.197825
0.210469
0.206275
0.204096
0.162978
0.168916
0.16207
0.163931
0.16629
0.168141
0.170581
0.174289
0.181033
0.18464
0.185345
0.185952
0.187143
0.188862
0.190813
0.192503
0.19298
0.191717
0.189623
0.187817
0.185586
0.184938
0.18402
0.191435
0.177237
0.177226
0.175593
0.173955
0.172545
0.171591
0.172028
0.173082
0.174446
0.176002
0.17777
0.179298
0.180606
0.181496
0.181993
0.182508
0.18306
0.18395
0.18464
0.185376
0.186403
0.187673
0.188653
0.18944
0.193442
0.194933
0.193703
0.18503
0.192753
0.192496
0.193232
0.192197
0.20779
0.205949
0.203675
0.156555
0.164734
0.160795
0.16363
0.167113
0.169096
0.171068
0.173937
0.178595
0.185958
0.188548
0.188949
0.18949
0.190615
0.19204
0.193232
0.192756
0.185661
0.192445
0.189845
0.187527
0.18617
0.184984
0.184761
0.18053
0.177786
0.176245
0.173336
0.16856
0.176401
0.186404
0.188449
0.191556
0.191721
0.190096
0.174893
0.182458
0.19635
0.2042
0.20192
0.200382
0.203465
0.184303
0.185074
0.186076
0.196842
0.168258
0.171051
0.216241
0.20688
0.193003
0.192657
0.191607
0.191295
0.190831
0.187924
0.167642
0.202353
0.201146
0.15667
0.159699
0.160766
0.163288
0.167893
0.170983
0.172889
0.175366
0.180134
0.187862
0.191586
0.191995
0.19209
0.192611
0.193517
0.194011
0.18438
0.198614
0.195348
0.190974
0.188992
0.18747
0.186229
0.184632
0.18508
0.180985
0.184592
0.186543
0.195856
0.194625
0.194903
0.196168
0.196352
0.197334
0.198189
0.199309
0.202095
0.208312
0.193121
0.169049
0.168154
0.166322
0.164319
0.163789
0.166506
0.168991
0.177677
0.207399
0.212982
0.207371
0.206251
0.208522
0.209843
0.210435
0.21027
0.209616
0.2046
0.15354
0.151703
0.158999
0.162658
0.162268
0.164314
0.168137
0.172101
0.175097
0.178385
0.183321
0.192138
0.194051
0.193852
0.193626
0.193759
0.194222
0.194522
0.193663
0.200166
0.196465
0.191575
0.188883
0.18675
0.186326
0.190812
0.196604
0.183731
0.2025
0.205244
0.207307
0.213249
0.213399
0.211014
0.210453
0.211215
0.21142
0.212175
0.212033
0.211386
0.213441
0.214769
0.21446
0.214769
0.176861
0.16707
0.167484
0.174678
0.176174
0.175154
0.172102
0.171403
0.1747
0.170703
0.198559
0.199646
0.173705
0.16693
0.168111
0.202162
0.165792
0.167311
0.167149
0.165236
0.165737
0.168722
0.172867
0.177952
0.191124
0.194473
0.19426
0.193921
0.193473
0.193304
0.193355
0.193748
0.194216
0.194363
0.193062
0.195061
0.192058
0.216644
0.215337
0.214161
0.212957
0.211136
0.209365
0.210626
0.209483
0.212792
0.211945
0.210533
0.209653
0.20903
0.209418
0.210675
0.211009
0.210585
0.205199
0.189722
0.213026
0.169355
0.164628
0.162823
0.161947
0.161619
0.161232
0.16057
0.160266
0.159859
0.159249
0.159366
0.159446
0.159979
0.16243
0.177177
0.178323
0.178654
0.177967
0.176673
0.180671
0.17064
0.171289
0.167992
0.169689
0.174265
0.183094
0.191829
0.203598
0.191845
0.192466
0.192186
0.210473
0.211685
0.211811
0.212093
0.212269
0.21177
0.210754
0.214229
0.217696
0.217443
0.216913
0.215479
0.213908
0.212945
0.215662
0.214835
0.215538
0.212866
0.210831
0.208504
0.202358
0.186378
0.185801
0.185573
0.184145
0.181673
0.192243
0.181526
0.179538
0.177679
0.176134
0.174736
0.173368
0.172111
0.171189
0.170712
0.170447
0.170025
0.169691
0.169561
0.169303
0.170207
0.172715
0.173599
0.172334
0.174351
0.176141
0.177061
0.175622
0.173996
0.174322
0.172758
0.17643
0.188579
0.188814
0.203005
0.200439
0.192809
0.211433
0.212392
0.21258
0.212612
0.212593
0.212543
0.212246
0.211552
0.210578
0.212369
0.213278
0.213576
0.215181
0.217589
0.217822
0.217482
0.216749
0.216579
0.215379
0.189088
0.188403
0.187258
0.185638
0.183847
0.181958
0.179027
0.183254
0.180752
0.180999
0.180861
0.1797
0.178052
0.176444
0.174943
0.173473
0.172093
0.170806
0.170376
0.170319
0.169756
0.169428
0.169507
0.169714
0.171102
0.173938
0.175155
0.17263
0.173522
0.175231
0.175529
0.176035
0.175814
0.178344
0.181875
0.187593
0.187786
0.194501
0.191853
0.192101
0.210809
0.21169
0.211611
0.211594
0.211613
0.211644
0.211613
0.211334
0.210686
0.209753
0.209736
0.210563
0.213473
0.215314
0.21613
0.215663
0.215621
0.215657
0.214975
0.215322
0.187872
0.188182
0.187526
0.185165
0.182397
0.179507
0.182656
0.181028
0.181184
0.181936
0.181933
0.181049
0.179547
0.177964
0.176446
0.174951
0.173606
0.172125
0.171337
0.171289
0.170905
0.170665
0.170701
0.170994
0.172448
0.175491
0.178071
0.176436
0.175393
0.175349
0.174755
0.177798
0.178838
0.181881
0.185758
0.190431
0.194744
0.192188
0.192704
0.189295
0.207107
0.20914
0.209229
0.20929
0.209244
0.20935
0.209655
0.209816
0.20953
0.208909
0.208608
0.208825
0.211386
0.212927
0.213961
0.213916
0.214381
0.21506
0.190549
0.216281
0.186938
0.188721
0.188176
0.186875
0.184134
0.189007
0.182898
0.182316
0.182571
0.183411
0.183468
0.182819
0.181424
0.179885
0.178498
0.177042
0.175653
0.174037
0.173058
0.172925
0.172646
0.172605
0.172838
0.173192
0.17466
0.177754
0.180588
0.179555
0.177622
0.175904
0.175409
0.181627
0.182207
0.184988
0.188465
0.197962
0.190676
0.193767
0.193921
0.190548
0.185042
0.202262
0.204571
0.205625
0.206034
0.2062
0.20673
0.20782
0.208373
0.208572
0.20904
0.207171
0.208829
0.210546
0.212149
0.212787
0.213334
0.214309
0.190956
0.216057
0.189045
0.188052
0.188158
0.187195
0.183668
0.185902
0.18433
0.184148
0.184497
0.185298
0.185387
0.184996
0.183839
0.18245
0.18117
0.179783
0.178378
0.176682
0.175601
0.175402
0.175163
0.175244
0.17557
0.175997
0.1775
0.180522
0.183441
0.183816
0.183581
0.183621
0.182348
0.185631
0.186246
0.188736
0.192167
0.186266
0.19225
0.195837
0.194602
0.191927
0.189188
0.185653
0.196204
0.19895
0.199307
0.198988
0.200304
0.204597
0.207087
0.208399
0.209461
0.208326
0.207609
0.207657
0.207715
0.209251
0.209073
0.209995
0.191338
0.213796
0.188904
0.192512
0.186503
0.18669
0.190408
0.187507
0.186979
0.186664
0.186945
0.187561
0.187651
0.187479
0.186662
0.185527
0.184452
0.183238
0.18196
0.180342
0.17925
0.178956
0.178678
0.178772
0.179081
0.17952
0.181069
0.183978
0.186836
0.188169
0.188732
0.190754
0.190678
0.188361
0.189904
0.192192
0.184128
0.186028
0.193939
0.196665
0.195148
0.193277
0.191475
0.190068
0.189519
0.189403
0.189634
0.190132
0.190549
0.17002
0.203838
0.207966
0.209729
0.209797
0.209691
0.209633
0.209481
0.209413
0.209762
0.208656
0.191405
0.175964
0.192263
0.196499
0.196466
0.195751
0.192915
0.190841
0.190225
0.189578
0.189617
0.18996
0.190007
0.190001
0.189529
0.188719
0.187934
0.187002
0.185992
0.184675
0.18373
0.183377
0.183024
0.183042
0.18325
0.18369
0.185276
0.188213
0.191123
0.192942
0.194113
0.195631
0.196716
0.192271
0.19198
0.192602
0.193109
0.192724
0.196287
0.196889
0.196117
0.194788
0.193595
0.192715
0.192369
0.192339
0.192464
0.19273
0.192992
0.193166
0.193223
0.204476
0.209196
0.210064
0.210376
0.211049
0.211869
0.193816
0.193311
0.193048
0.19356
0.191932
0.198
0.200539
0.199586
0.19902
0.196672
0.194506
0.193483
0.192552
0.192209
0.192224
0.192206
0.192292
0.1921
0.191611
0.191117
0.190496
0.189818
0.188914
0.188253
0.187968
0.187665
0.187627
0.18772
0.188064
0.189411
0.192093
0.195227
0.19753
0.199149
0.200817
0.200646
0.192101
0.193907
0.194674
0.194605
0.196082
0.197907
0.197435
0.197609
0.196638
0.19583
0.195049
0.194631
0.194535
0.19433
0.185294
0.195586
0.203845
0.206796
0.208095
0.209354
0.210791
0.21116
0.208622
0.211222
0.195129
0.194766
0.195297
0.19566
0.192699
0.202792
0.204109
0.201911
0.201504
0.199826
0.197977
0.196708
0.195318
0.194562
0.194237
0.194117
0.194233
0.194252
0.194021
0.193738
0.193358
0.192943
0.1924
0.191992
0.191835
0.191664
0.191672
0.191736
0.192
0.192901
0.1947
0.197334
0.200072
0.201544
0.202189
0.197808
0.193143
0.19504
0.194848
0.195724
0.197143
0.198003
0.198206
0.19849
0.197984
0.197531
0.196985
0.196704
0.196619
0.196634
0.196708
0.196766
0.196928
0.197241
0.196038
0.202698
0.205755
0.207971
0.202313
0.207736
0.195789
0.195862
0.195355
0.19519
0.204405
0.181874
0.204988
0.203492
0.204247
0.203021
0.201239
0.199588
0.197797
0.196649
0.195985
0.195719
0.195825
0.195996
0.195936
0.195779
0.195521
0.195246
0.194909
0.194621
0.194492
0.194402
0.194439
0.194539
0.194758
0.195332
0.196422
0.198023
0.200235
0.201573
0.201554
0.197547
0.191862
0.193971
0.195348
0.196538
0.197303
0.197904
0.198581
0.198184
0.198335
0.198215
0.197799
0.197612
0.19751
0.19746
0.197487
0.197552
0.19782
0.198339
0.194801
0.201161
0.202451
0.203762
0.196913
0.203686
0.195641
0.195599
0.19438
0.195095
0.20565
0.183222
0.206148
0.205194
0.205381
0.204767
0.203543
0.201966
0.199937
0.19847
0.19749
0.19704
0.197132
0.197387
0.197421
0.197309
0.197071
0.196821
0.196552
0.196254
0.19605
0.195923
0.19592
0.196025
0.196174
0.196512
0.197192
0.198191
0.199477
0.200367
0.199332
0.196515
0.191855
0.195192
0.196041
0.196642
0.196936
0.197486
0.197758
0.197427
0.197506
0.197373
0.1971
0.196991
0.196894
0.196821
0.196835
0.196896
0.197174
0.197782
0.188913
0.197979
0.199963
0.201524
0.195882
0.198218
0.195584
0.195999
0.20296
0.199174
0.201345
0.183352
0.179588
0.207612
0.206772
0.205728
0.204882
0.203659
0.201707
0.200079
0.198856
0.198229
0.198264
0.198526
0.198572
0.198436
0.19816
0.197868
0.197562
0.197182
0.196845
0.196626
0.196557
0.196629
0.196701
0.196865
0.197256
0.197882
0.198384
0.19794
0.193336
0.193063
0.1887
0.196086
0.196487
0.196956
0.197244
0.197059
0.197121
0.197366
0.197259
0.197043
0.196907
0.196835
0.1968
0.19678
0.196757
0.196718
0.196727
0.197021
0.189547
0.194237
0.195625
0.196985
0.19582
0.196119
0.196672
0.19727
0.201884
0.202989
0.206188
0.182428
0.211347
0.208797
0.207951
0.206698
0.205579
0.204604
0.203084
0.201569
0.20026
0.199468
0.199367
0.199532
0.199507
0.199286
0.198918
0.198526
0.198109
0.19761
0.197116
0.196788
0.196646
0.19667
0.196669
0.196683
0.19684
0.197114
0.196347
0.191243
0.195144
0.189618
0.187657
0.195747
0.196728
0.197386
0.197878
0.197692
0.197531
0.197769
0.197801
0.197742
0.197727
0.1977
0.197686
0.197658
0.197565
0.197423
0.197187
0.197222
0.192511
0.193237
0.193001
0.193336
0.197222
0.196778
0.19788
0.198184
0.191219
0.198693
0.197485
0.18103
0.210938
0.21074
0.209193
0.208156
0.206868
0.205403
0.204181
0.202833
0.201448
0.200509
0.200317
0.200407
0.200333
0.200097
0.199638
0.199099
0.198576
0.197959
0.197304
0.19687
0.196627
0.196587
0.19651
0.196372
0.196381
0.19658
0.195178
0.192414
0.188225
0.193102
0.193411
0.192738
0.196234
0.197648
0.19839
0.198248
0.197846
0.19801
0.198445
0.19864
0.198642
0.198561
0.198464
0.198363
0.198193
0.197968
0.197458
0.194317
0.194923
0.194395
0.193226
0.192672
0.198498
0.198105
0.198934
0.198944
0.198252
0.197788
0.198464
0.191709
0.177002
0.208334
0.209236
0.208886
0.208574
0.207201
0.204929
0.203829
0.202775
0.201856
0.201429
0.201253
0.200954
0.200524
0.199876
0.199109
0.198332
0.19747
0.196594
0.195974
0.195588
0.195394
0.195186
0.194953
0.19482
0.194669
0.191427
0.193005
0.187052
0.195281
0.19531
0.192228
0.195506
0.197534
0.198284
0.197957
0.196936
0.196505
0.197816
0.198675
0.198813
0.198666
0.198461
0.198266
0.197888
0.197142
0.198595
0.19775
0.196802
0.196075
0.194786
0.194022
0.199174
0.196875
0.199791
0.199914
0.199478
0.199053
0.199149
0.190619
0.204389
0.211938
0.209156
0.208746
0.208906
0.209098
0.207868
0.205424
0.203265
0.202086
0.201627
0.201439
0.20114
0.200704
0.200117
0.199376
0.198505
0.197494
0.196431
0.195598
0.195036
0.194629
0.194295
0.19399
0.193757
0.193241
0.188221
0.194235
0.191513
0.195955
0.196198
0.19214
0.19353
0.195305
0.194729
0.194044
0.191982
0.190247
0.191649
0.193782
0.194532
0.194505
0.194626
0.201167
0.200671
0.200189
0.199853
0.199256
0.19792
0.197371
0.196353
0.19583
0.190698
0.190774
0.200531
0.200987
0.201229
0.200348
0.200037
0.192276
0.204428
0.201469
0.202758
0.203905
0.204884
0.206568
0.208243
0.208429
0.207032
0.204407
0.202286
0.201278
0.200854
0.200493
0.200017
0.199354
0.198495
0.19739
0.196134
0.195064
0.19426
0.193602
0.193083
0.192638
0.192293
0.191661
0.190231
0.186751
0.190511
0.196112
0.196524
0.190275
0.185901
0.186788
0.186095
0.186097
0.181057
0.166402
0.168942
0.18687
0.188379
0.201576
0.202021
0.20171
0.200587
0.200445
0.200196
0.199923
0.19846
0.19803
0.197399
0.197033
0.194899
0.193201
0.183799
0.186231
0.188227
0.192966
0.195852
0.188418
0.19344
0.193454
0.195533
0.195375
0.195817
0.197981
0.201688
0.2047
0.206383
0.206999
0.206147
0.203846
0.201311
0.200072
0.199547
0.199025
0.198309
0.197253
0.195898
0.194632
0.193589
0.192658
0.191898
0.191239
0.190699
0.19019
0.18804
0.186873
0.183707
0.192259
0.192772
0.165909
0.169248
0.166773
0.168574
0.168174
0.169419
0.174387
0.167411
0.193728
0.196456
0.195373
0.197663
0.198546
0.198134
0.200031
0.198989
0.19915
0.197806
0.197612
0.197455
0.197
0.194395
0.191463
0.186339
0.182916
0.180163
0.182139
0.182529
0.181101
0.1808
0.179951
0.200537
0.190789
0.190844
0.190191
0.191343
0.194195
0.198559
0.202855
0.205288
0.206104
0.204901
0.201978
0.199631
0.198534
0.197875
0.196974
0.195634
0.194236
0.192975
0.191779
0.190726
0.189774
0.18892
0.188186
0.186846
0.18585
0.185908
0.17195
0.173262
0.176408
0.174325
0.172892
0.170865
0.172332
0.182806
0.167941
0.194626
0.196536
0.197091
0.196774
0.196369
0.196973
0.196589
0.198276
0.196567
0.196977
0.196532
0.196541
0.196462
0.195902
0.194365
0.190297
0.184419
0.180938
0.181247
0.18146
0.181047
0.181724
0.175785
0.172567
0.177463
0.184165
0.190061
0.182452
0.18839
0.187321
0.18976
0.194566
0.199749
0.203493
0.205287
0.205026
0.202685
0.199421
0.197537
0.196466
0.195114
0.193591
0.192144
0.190735
0.189446
0.188305
0.187313
0.18641
0.184759
0.183977
0.183851
0.180595
0.176757
0.177054
0.174739
0.174474
0.174889
0.16813
0.194395
0.195451
0.195593
0.19545
0.196116
0.196374
0.198609
0.197832
0.196395
0.198084
0.200727
0.20233
0.202534
0.200117
0.200171
0.199009
0.197035
0.194181
0.190438
0.18214
0.179629
0.180217
0.178593
0.180606
0.166591
0.166762
0.168074
0.171688
0.176992
0.191881
0.178805
0.187756
0.186532
0.189172
0.19334
0.198497
0.202701
0.204577
0.204695
0.20259
0.198573
0.195973
0.19424
0.192587
0.191104
0.189736
0.188564
0.187596
0.186726
0.185848
0.183919
0.183247
0.182225
0.182169
0.176043
0.178177
0.180515
0.168554
0.195638
0.195821
0.195179
0.194772
0.198896
0.197516
0.202153
0.20939
0.213687
0.216664
0.219384
0.221771
0.223754
0.223317
0.219787
0.216798
0.212229
0.197718
0.179762
0.185173
0.186431
0.183362
0.177154
0.18292
0.180259
0.19343
0.186892
0.180945
0.166936
0.168638
0.172187
0.178581
0.194786
0.177019
0.186676
0.188527
0.192287
0.197465
0.20221
0.204571
0.205221
0.204746
0.200565
0.195907
0.193621
0.191964
0.190705
0.189559
0.188409
0.187345
0.186395
0.185874
0.185085
0.180899
0.187344
0.181398
0.167597
0.172699
0.195691
0.195984
0.19865
0.197726
0.20584
0.2142
0.218308
0.221648
0.222564
0.221201
0.219759
0.218602
0.217618
0.217162
0.217164
0.217624
0.218252
0.219105
0.218049
0.197709
0.173301
0.176679
0.180177
0.18476
0.191627
0.196781
0.190667
0.192473
0.198045
0.195029
0.193941
0.188638
0.173015
0.18355
0.178368
0.174109
0.179697
0.188117
0.189604
0.194558
0.199509
0.202467
0.204417
0.205098
0.203
0.197162
0.195028
0.194311
0.194161
0.194646
0.199065
0.16674
0.169325
0.171447
0.197703
0.201188
0.198173
0.198078
0.196578
0.202778
0.211382
0.218239
0.221675
0.221036
0.217781
0.216143
0.215261
0.214828
0.216617
0.21756
0.218074
0.218244
0.218349
0.218514
0.218617
0.218772
0.218939
0.218189
0.216828
0.215791
0.16861
0.167547
0.168529
0.169577
0.171302
0.174709
0.186517
0.170966
0.177972
0.186326
0.193909
0.195697
0.189788
0.184231
0.180604
0.177753
0.175703
0.174499
0.175012
0.175954
0.176746
0.177175
0.17763
0.178146
0.179142
0.179726
0.179946
0.179527
0.178303
0.190549
0.195047
0.196684
0.198129
0.201785
0.210775
0.205168
0.213777
0.213534
0.217376
0.217661
0.217729
0.216997
0.215801
0.217439
0.217897
0.217775
0.217718
0.21784
0.218227
0.218492
0.21858
0.218636
0.218554
0.218448
0.218239
0.218131
0.218076
0.217939
0.216642
0.215292
0.215121
0.212366
0.169938
0.166794
0.166941
0.167127
0.170906
0.168239
0.170071
0.17267
0.177467
0.183728
0.18745
0.189217
0.18943
0.188811
0.187878
0.187029
0.186658
0.186421
0.186324
0.186042
0.185463
0.184364
0.182182
0.176735
0.192377
0.198246
0.202165
0.205992
0.210503
0.215372
0.217372
0.21861
0.21917
0.218452
0.21907
0.219502
0.218371
0.217089
0.219226
0.219061
0.218415
0.217866
0.21772
0.217852
0.218098
0.21839
0.218654
0.218488
0.217731
0.216455
0.215209
0.214485
0.214187
0.214686
0.214737
0.214118
0.213262
0.213987
0.214793
0.215263
0.214641
0.211995
0.173137
0.168499
0.170393
0.171403
0.172296
0.173203
0.174852
0.177661
0.17996
0.182036
0.183644
0.184446
0.18468
0.184457
0.183779
0.183068
0.182529
0.182013
0.181226
0.179619
0.17649
0.173846
0.202094
0.21006
0.214689
0.218268
0.219762
0.220482
0.220586
0.220183
0.218824
0.219269
0.217841
0.218463
0.219251
0.219636
0.219268
0.218788
0.218374
0.218133
0.218099
0.217952
0.21713
0.214855
0.21385
0.213692
0.210722
0.182272
0.18306
0.183593
0.183973
0.184165
0.18423
0.18439
0.184695
0.184983
0.185353
0.185926
0.186235
0.18647
0.186541
0.185984
0.186638
0.188041
0.188755
0.189014
0.167923
0.177123
0.177678
0.178441
0.178783
0.178244
0.177292
0.176271
0.175261
0.174404
0.17369
0.173021
0.172491
0.171918
0.171342
0.171165
0.171339
0.171747
0.172995
0.191449
0.212213
0.215036
0.215761
0.215115
0.215055
0.217068
0.215988
0.213652
0.212934
0.217727
0.217409
0.216873
0.216041
0.214477
0.211179
0.210625
0.17562
0.181483
0.18289
0.184094
0.184788
0.185241
0.185517
0.185689
0.185824
0.185905
0.185909
0.186089
0.186342
0.186606
0.186945
0.187433
0.187731
0.187959
0.188123
0.18808
0.188624
0.18941
0.189447
0.189578
0.190097
0.1905
0.190393
0.190396
0.190425
0.208319
0.204072
0.184698
0.174409
0.17329
0.172362
0.171539
0.170912
0.170515
0.170091
0.169652
0.169207
0.168722
0.168042
0.16778
0.168468
0.169931
0.171206
0.171006
0.169975
0.210708
0.209462
0.172172
0.19222
0.211142
0.21074
0.20976
0.178169
0.179839
0.18037
0.178179
0.178553
0.176779
0.183124
0.186391
0.186486
0.18679
0.187129
0.187277
0.187317
0.18736
0.187364
0.187491
0.18767
0.187887
0.18817
0.188586
0.188878
0.189111
0.189267
0.18928
0.189839
0.190821
0.190847
0.191078
0.191338
0.191488
0.191244
0.191127
0.190872
0.190501
0.190061
0.189439
0.188908
0.18867
0.18914
0.181557
0.186984
0.187403
0.186111
0.171405
0.170411
0.169463
0.168664
0.167623
0.167175
0.166907
0.166567
0.165834
0.174087
0.181322
0.180752
0.179011
0.179576
0.181599
0.181517
0.182487
0.177717
0.177492
0.17802
0.177739
0.177418
0.175752
0.187217
0.187574
0.187775
0.188096
0.188512
0.18872
0.188594
0.188547
0.188523
0.188612
0.188749
0.188943
0.189212
0.189625
0.189965
0.190256
0.190457
0.190537
0.191111
0.192137
0.192157
0.192501
0.192811
0.192961
0.192696
0.192519
0.192248
0.191782
0.19111
0.19034
0.18975
0.189391
0.188964
0.188726
0.188772
0.188968
0.179092
0.187789
0.187288
0.186499
0.185394
0.183986
0.183113
0.182543
0.182095
0.181157
0.181113
0.184435
0.177472
0.182502
0.18169
0.178322
0.184383
0.182233
0.176405
0.17661
0.175454
0.185921
0.183707
0.174105
0.174512
0.187463
0.189312
0.189429
0.189693
0.189929
0.189864
0.189666
0.18959
0.189637
0.189741
0.189935
0.190215
0.190637
0.191028
0.191371
0.191602
0.191727
0.1923
0.193291
0.193318
0.193761
0.194043
0.194157
0.193922
0.193733
0.193477
0.193033
0.192281
0.191422
0.190809
0.190336
0.189955
0.189827
0.190075
0.190431
0.179647
0.187865
0.189348
0.189001
0.188177
0.187096
0.186348
0.185931
0.185752
0.185012
0.184989
0.186957
0.175479
0.175498
0.178197
0.175684
0.186125
0.186253
0.183146
0.175679
0.179683
0.181604
0.181214
0.184675
0.189626
0.190901
0.190241
0.187054
0.190764
0.190807
0.190388
0.190657
0.190558
0.190563
0.190651
0.190853
0.191144
0.191577
0.192013
0.192416
0.192672
0.192834
0.19338
0.194281
0.194325
0.19479
0.195019
0.195112
0.194906
0.19475
0.194532
0.194058
0.193254
0.192386
0.191658
0.191047
0.190614
0.190457
0.190555
0.191059
0.18833
0.186944
0.190845
0.190718
0.190516
0.189976
0.189367
0.189115
0.188986
0.188466
0.188417
0.189171
0.187492
0.187527
0.176883
0.180377
0.181402
0.174577
0.176981
0.183422
0.188948
0.191841
0.193256
0.195068
0.196625
0.197503
0.198062
0.198536
0.197603
0.190154
0.191321
0.191077
0.191183
0.191286
0.191389
0.191589
0.191918
0.19242
0.192916
0.193371
0.193642
0.193831
0.194334
0.195079
0.19515
0.195582
0.195761
0.195822
0.195633
0.195498
0.195273
0.194768
0.193959
0.193104
0.192365
0.191751
0.191332
0.191218
0.191336
0.19158
0.192096
0.184218
0.191596
0.192133
0.192068
0.192085
0.191898
0.1916
0.191338
0.191422
0.191287
0.1921
0.186974
0.188626
0.18847
0.181232
0.178791
0.185178
0.189207
0.19256
0.194379
0.195526
0.196611
0.197727
0.198656
0.199385
0.199931
0.200393
0.200427
0.199592
0.196415
0.191657
0.191672
0.191609
0.191863
0.192133
0.192545
0.193075
0.193689
0.194224
0.194492
0.194692
0.195129
0.195714
0.195826
0.196188
0.196303
0.196321
0.196134
0.195999
0.195735
0.195181
0.194382
0.19359
0.192924
0.192391
0.192041
0.191955
0.192048
0.192166
0.192234
0.192654
0.184904
0.190321
0.190258
0.192743
0.192994
0.192415
0.193647
0.193974
0.193575
0.19482
0.180224
0.189645
0.1894
0.179975
0.186303
0.192525
0.19464
0.195825
0.196475
0.197225
0.198118
0.198978
0.199592
0.200028
0.200292
0.200603
0.200954
0.201114
0.200912
0.198245
0.187511
0.182061
0.192006
0.192565
0.193054
0.193632
0.1944
0.194963
0.195226
0.195419
0.195778
0.196251
0.196414
0.19668
0.196716
0.196684
0.196487
0.196321
0.195987
0.195365
0.194573
0.193862
0.193312
0.192907
0.192664
0.192618
0.192675
0.192705
0.192621
0.192569
0.192915
0.188663
0.18153
0.183709
0.189815
0.192015
0.19508
0.196106
0.195567
0.196624
0.189449
0.19013
0.189626
0.174485
0.190951
0.195847
0.196757
0.197434
0.197849
0.19822
0.198583
0.198869
0.199073
0.199275
0.199446
0.199745
0.20016
0.200635
0.201124
0.201278
0.200291
0.19812
0.192024
0.192637
0.193589
0.194328
0.19492
0.195569
0.19586
0.196045
0.196332
0.196784
0.196989
0.197129
0.197087
0.196988
0.196768
0.196529
0.196002
0.195261
0.19457
0.194008
0.193597
0.193324
0.19319
0.193192
0.193223
0.193185
0.19304
0.192871
0.192754
0.192706
0.192669
0.188294
0.190456
0.194469
0.195507
0.197761
0.197302
0.197895
0.187889
0.190164
0.189846
0.175169
0.194826
0.197731
0.198228
0.198436
0.198279
0.198009
0.197908
0.198088
0.198411
0.198744
0.199098
0.199492
0.199879
0.200348
0.200851
0.201474
0.20176
0.201881
0.199937
0.191902
0.193363
0.194677
0.195547
0.196177
0.196428
0.196625
0.196873
0.197395
0.197649
0.197647
0.197488
0.197303
0.196945
0.195976
0.194001
0.193283
0.193774
0.193997
0.193875
0.193723
0.19366
0.193691
0.193708
0.193626
0.193434
0.193224
0.19305
0.192836
0.19261
0.192646
0.178458
0.194905
0.195028
0.197937
0.198789
0.199143
0.193047
0.190621
0.190529
0.185996
0.196577
0.198646
0.198769
0.198428
0.197957
0.197557
0.197501
0.197729
0.198021
0.19831
0.198622
0.198976
0.199377
0.199868
0.200436
0.201383
0.2021
0.202354
0.202824
0.201116
0.192149
0.194448
0.195907
0.196624
0.196947
0.197205
0.19744
0.198338
0.198939
0.198726
0.19804
0.197355
0.195018
0.190453
0.187787
0.187729
0.190329
0.193316
0.194144
0.194177
0.194146
0.194156
0.19414
0.194027
0.193804
0.1936
0.193442
0.193225
0.192951
0.192739
0.19277
0.18732
0.192202
0.196525
0.200092
0.200095
0.198614
0.191471
0.191288
0.190473
0.197796
0.199151
0.198561
0.19792
0.19751
0.197269
0.197284
0.197521
0.197741
0.197982
0.19827
0.19861
0.199046
0.19952
0.19975
0.199838
0.20084
0.202223
0.202986
0.202653
0.196449
0.1939
0.195992
0.19719
0.197567
0.197887
0.198197
0.198595
0.199316
0.199814
0.1983
0.19272
0.188832
0.186587
0.185451
0.185504
0.187304
0.191956
0.19446
0.194728
0.194679
0.194614
0.194558
0.194445
0.194254
0.194038
0.193824
0.193614
0.193353
0.193128
0.192978
0.192824
0.191773
0.193485
0.201009
0.200918
0.200063
0.191955
0.191851
0.193888
0.198207
0.198946
0.198105
0.197468
0.197211
0.196973
0.196964
0.196996
0.197124
0.197309
0.197569
0.197885
0.198312
0.198802
0.199093
0.199412
0.199577
0.199877
0.199309
0.20182
0.200896
0.179407
0.195556
0.197214
0.197896
0.198171
0.198715
0.199264
0.197134
0.188623
0.187912
0.186745
0.185452
0.184345
0.183834
0.184208
0.185488
0.188549
0.194157
0.195626
0.195584
0.195497
0.195394
0.195165
0.194945
0.194687
0.194409
0.194182
0.193934
0.193725
0.193587
0.193325
0.192883
0.192573
0.202065
0.201634
0.20048
0.193131
0.191932
0.195812
0.197879
0.198321
0.197507
0.196886
0.196658
0.196477
0.196377
0.196295
0.196311
0.196455
0.19672
0.197024
0.197412
0.197931
0.198343
0.198886
0.199087
0.199583
0.200403
0.201564
0.203102
0.203366
0.190565
0.196463
0.198136
0.198059
0.199204
0.200046
0.198182
0.187653
0.184588
0.184279
0.183458
0.182868
0.182877
0.183726
0.185437
0.188541
0.194526
0.196153
0.19608
0.195956
0.19576
0.195524
0.195291
0.195043
0.194806
0.194622
0.194404
0.194236
0.194149
0.194024
0.193726
0.19356
0.193042
0.20231
0.202052
0.198836
0.191922
0.190872
0.19564
0.196928
0.196682
0.195941
0.195683
0.195606
0.195544
0.195397
0.195286
0.195393
0.195691
0.195999
0.196335
0.196855
0.197314
0.197915
0.198288
0.199075
0.199863
0.200653
0.201841
0.203237
0.202835
0.190979
0.196526
0.197832
0.198548
0.200808
0.20012
0.19004
0.184827
0.182736
0.1816
0.181173
0.181573
0.182938
0.18526
0.188401
0.194742
0.197465
0.197351
0.1971
0.1968
0.196498
0.19618
0.195873
0.195608
0.195376
0.195129
0.194947
0.194845
0.194721
0.194502
0.194171
0.19408
0.193255
0.201864
0.195759
0.192567
0.19213
0.191499
0.194935
0.195362
0.194711
0.194346
0.194196
0.194341
0.194222
0.194047
0.194187
0.194503
0.194781
0.195044
0.195524
0.195981
0.196558
0.196979
0.197856
0.198788
0.19976
0.200875
0.201857
0.202695
0.198282
0.191556
0.195466
0.19829
0.202119
0.201473
0.19062
0.183999
0.181032
0.179682
0.179276
0.179806
0.181363
0.184146
0.18769
0.193639
0.198421
0.198475
0.198143
0.197797
0.197461
0.197094
0.196753
0.196455
0.196189
0.195921
0.195724
0.195604
0.19548
0.195271
0.194935
0.194816
0.194782
0.19267
0.192205
0.193474
0.193345
0.193196
0.192188
0.187321
0.193932
0.192842
0.192409
0.192665
0.19276
0.192636
0.192877
0.193191
0.193396
0.193547
0.193919
0.194322
0.194858
0.195274
0.196111
0.19707
0.198209
0.199655
0.200828
0.201729
0.201663
0.190679
0.190037
0.191779
0.203935
0.201068
0.189894
0.182717
0.179508
0.178097
0.177752
0.178404
0.179858
0.182539
0.186314
0.191381
0.198498
0.199279
0.198947
0.198651
0.198333
0.197967
0.19761
0.197296
0.197009
0.196727
0.196521
0.196386
0.196264
0.196085
0.195818
0.195698
0.195742
0.194837
0.193988
0.194673
0.194706
0.194716
0.194199
0.192846
0.191348
0.192336
0.191838
0.190019
0.191097
0.19104
0.191449
0.191784
0.191866
0.191856
0.192043
0.192355
0.192828
0.193181
0.193938
0.194833
0.195936
0.197478
0.199217
0.200463
0.202579
0.196644
0.190202
0.193863
0.199266
0.197333
0.189095
0.181419
0.178183
0.176673
0.176542
0.177709
0.179291
0.181532
0.185055
0.189401
0.196985
0.199765
0.199376
0.19911
0.198892
0.198621
0.198325
0.198046
0.19778
0.19751
0.197312
0.197175
0.197075
0.196951
0.196746
0.196649
0.196679
0.196265
0.195619
0.195908
0.196027
0.19612
0.19588
0.195058
0.193919
0.191646
0.192402
0.189935
0.188654
0.189252
0.189802
0.190227
0.190177
0.18997
0.189931
0.190106
0.190511
0.190795
0.191458
0.192224
0.19315
0.194475
0.196347
0.198136
0.201866
0.199513
0.191248
0.196581
0.188767
0.199764
0.187244
0.181918
0.178553
0.176655
0.176122
0.177651
0.179903
0.181868
0.184784
0.188782
0.194353
0.20059
0.200057
0.199407
0.19908
0.198852
0.198664
0.198495
0.198334
0.198157
0.19802
0.197917
0.197881
0.197825
0.19767
0.197597
0.197719
0.197403
0.196971
0.197106
0.19726
0.197401
0.197319
0.196825
0.196029
0.194477
0.190836
0.187378
0.18894
0.187044
0.187903
0.188437
0.18831
0.187954
0.187761
0.187815
0.188162
0.188404
0.188982
0.189633
0.19037
0.191378
0.192929
0.194802
0.19913
0.201678
0.191421
0.189618
0.18822
0.207076
0.190294
0.186147
0.18319
0.181076
0.179376
0.179518
0.1821
0.184117
0.186142
0.18961
0.193571
0.20123
0.20219
0.200638
0.199716
0.199137
0.198795
0.198589
0.198486
0.198425
0.198401
0.198417
0.198514
0.198559
0.198485
0.198501
0.19878
0.198481
0.198097
0.198193
0.198359
0.198479
0.198439
0.19806
0.197424
0.196277
0.19371
0.185392
0.187853
0.188041
0.186663
0.186561
0.186501
0.186182
0.186025
0.186067
0.186411
0.186651
0.187146
0.18773
0.188356
0.189227
0.190574
0.19251
0.196749
0.202362
0.19266
0.187401
0.187935
0.209314
0.197873
0.194086
0.191831
0.189259
0.187024
0.185701
0.187674
0.189888
0.190534
0.192336
0.195417
0.201091
0.205765
0.203434
0.201622
0.200396
0.199596
0.199073
0.19874
0.198538
0.198523
0.198624
0.198831
0.198972
0.198955
0.199107
0.199629
0.199396
0.198946
0.199066
0.199263
0.199371
0.199365
0.199052
0.198604
0.197855
0.196175
0.191818
0.182035
0.187356
0.186636
0.185299
0.185375
0.185308
0.185346
0.185481
0.185866
0.186162
0.186638
0.187223
0.187872
0.188739
0.18997
0.191768
0.195672
0.20169
0.194306
0.186639
0.187775
0.193504
0.203345
0.198714
0.195272
0.193154
0.191681
0.191164
0.194161
0.198378
0.198236
0.197761
0.199427
0.203316
0.209964
0.207613
0.204781
0.202763
0.201423
0.200497
0.199805
0.199357
0.199208
0.199216
0.199392
0.199487
0.199321
0.199499
0.200321
0.200218
0.199858
0.200047
0.20036
0.200626
0.200754
0.200597
0.200407
0.199941
0.198646
0.195403
0.174685
0.184536
0.187049
0.185439
0.185482
0.185641
0.185825
0.186026
0.186436
0.186778
0.187233
0.187822
0.188453
0.18919
0.190118
0.191439
0.194811
0.200391
0.19514
0.186343
0.187667
0.18929
0.205275
0.199769
0.196273
0.194193
0.193087
0.193626
0.198161
0.202653
0.203822
0.203594
0.203753
0.207237
0.214156
0.211968
0.208483
0.205789
0.203919
0.202582
0.201548
0.200906
0.200663
0.200595
0.200692
0.200685
0.200198
0.200276
0.201451
0.201471
0.201314
0.201539
0.201961
0.202331
0.202543
0.202491
0.202373
0.201887
0.200703
0.197787
0.190607
0.177192
0.187099
0.186835
0.186594
0.186729
0.186919
0.187097
0.187494
0.187746
0.188648
0.189137
0.189234
0.189755
0.190274
0.191117
0.194381
0.199316
0.195124
0.1862
0.187427
0.189239
0.205903
0.199802
0.19649
0.194909
0.194623
0.195828
0.19989
0.202818
0.204989
0.206649
0.206802
0.211441
0.216733
0.21369
0.210341
0.207781
0.20574
0.204168
0.203144
0.202534
0.202346
0.20216
0.202122
0.202115
0.201374
0.201276
0.202716
0.202914
0.202792
0.202999
0.203434
0.203701
0.203879
0.203771
0.203508
0.202808
0.201538
0.1989
0.193035
0.171409
0.188712
0.188577
0.189456
0.189362
0.189401
0.189361
0.189579
0.189621
0.190234
0.190523
0.190509
0.1907
0.190681
0.191088
0.19444
0.198699
0.194173
0.186082
0.187543
0.188893
0.215593
0.199301
0.196573
0.195574
0.195419
0.196827
0.200987
0.204943
0.206727
0.207941
0.210522
0.2172
0.215341
0.212103
0.208958
0.207182
0.205319
0.204213
0.203699
0.203479
0.203546
0.203023
0.202612
0.202868
0.202061
0.201724
0.203388
0.203853
0.20364
0.203806
0.204206
0.204265
0.204354
0.20413
0.203672
0.202825
0.201531
0.199324
0.195319
0.186843
0.189691
0.190354
0.195868
0.194094
0.193396
0.192441
0.192342
0.191849
0.192375
0.192309
0.191905
0.191853
0.191265
0.19143
0.194888
0.198343
0.193326
0.185953
0.187448
0.187734
0.178409
0.200565
0.19728
0.19763
0.199515
0.200502
0.204717
0.208419
0.20358
0.195489
0.20816
0.207871
0.208411
0.207624
0.205245
0.203472
0.202488
0.202362
0.20329
0.203365
0.203424
0.202655
0.202292
0.202559
0.202039
0.201898
0.203349
0.203904
0.203674
0.203842
0.204069
0.203876
0.203796
0.203556
0.20254
0.201531
0.200045
0.198592
0.196562
0.201537
0.18711
0.208259
0.165638
0.164189
0.163181
0.159782
0.205042
0.200236
0.200771
0.198572
0.19658
0.195425
0.193431
0.193403
0.196267
0.198447
0.192582
0.186509
0.186049
0.186543
0.181619
0.175392
0.173096
0.173691
0.176078
0.182249
0.186309
0.185196
0.189103
0.190118
0.190295
0.191347
0.19249
0.184113
0.179197
0.181201
0.190054
0.190769
0.191753
0.19712
0.199847
0.200994
0.201324
0.201816
0.201831
0.201872
0.202556
0.203219
0.202383
0.202968
0.203354
0.203214
0.201633
0.202216
0.202809
0.20328
0.203419
0.203434
0.20293
0.195799
0.20025
0.192875
0.184395
0.169758
0.167812
0.204719
0.164555
0.203536
0.208282
0.204456
0.201659
0.161543
0.160976
0.211296
0.200673
0.199611
0.192059
0.18735
0.187786
0.183889
0.183246
0.178318
0.174391
0.175274
0.18711
0.165912
0.167958
0.169549
0.17122
0.172693
0.174097
0.175224
0.175968
0.176949
0.179519
0.185126
0.190696
0.192414
0.193062
0.194226
0.194476
0.195706
0.196523
0.197378
0.197223
0.197434
0.197077
0.197628
0.197375
0.198415
0.198355
0.198611
0.198566
0.198706
0.198603
0.198416
0.198203
0.197858
0.197446
0.197336
0.1968
0.196533
0.195827
0.193707
0.17593
0.173248
0.167468
0.162795
0.159777
0.203124
0.197022
0.197572
0.198794
0.20102
0.200706
0.194631
0.188788
0.187115
0.164836
0.166153
0.166908
0.167408
0.167988
0.168897
0.170266
0.1719
0.17347
0.1743
0.17386
0.188046
0.191451
0.192691
0.193078
0.1935
0.194284
0.194441
0.194758
0.195429
0.196326
0.197054
0.197271
0.197553
0.198567
0.199375
0.199893
0.199444
0.200149
0.200464
0.20196
0.200817
0.201625
0.201676
0.201869
0.201607
0.201789
0.201886
0.201803
0.201442
0.200455
0.198882
0.196698
0.193519
0.191103
0.176488
0.180563
0.179861
0.177927
0.176501
0.175776
0.175603
0.175469
0.175496
0.175947
0.176105
0.172719
0.16859
0.165848
0.164302
0.179477
0.180817
0.182312
0.18315
0.183512
0.183091
0.182662
0.181885
0.180393
0.175118
0.194571
0.201366
0.204405
0.206079
0.206936
0.207332
0.207769
0.208707
0.210629
0.213181
0.214985
0.215699
0.216262
0.216699
0.217255
0.217511
0.217633
0.217558
0.217892
0.218005
0.218367
0.217878
0.218084
0.217996
0.217943
0.217784
0.217703
0.217566
0.217285
0.216725
0.215609
0.213168
0.208091
0.200008
0.194227
0.177021
0.179744
0.180559
0.180182
0.179708
0.179845
0.180616
0.180764
0.180576
0.180386
0.18011
0.179406
0.179217
0.178945
0.178397
0.19414
0.195238
0.195239
0.194967
0.194322
0.193402
0.191666
0.189026
0.18564
0.181916
0.176934
0.17245
0.204442
0.209984
0.210976
0.211786
0.213208
0.214537
0.216041
0.217751
0.218465
0.218701
0.218969
0.219197
0.219324
0.219325
0.219313
0.21934
0.219313
0.219367
0.219253
0.219455
0.219535
0.219622
0.219679
0.21967
0.21954
0.219276
0.218857
0.218219
0.217071
0.214797
0.210333
0.201649
0.175889
0.175021
0.176816
0.178428
0.178781
0.178487
0.178793
0.180193
0.180864
0.181096
0.18146
0.182387
0.183872
0.185749
0.188021
0.191128
0.184749
0.183812
0.182705
0.182421
0.182286
0.182189
0.181733
0.18109
0.179931
0.178565
0.17703
0.174982
0.172741
0.173012
0.206115
0.210316
0.211814
0.212344
0.213749
0.215657
0.21668
0.217158
0.21742
0.217517
0.217515
0.217591
0.217581
0.217774
0.21775
0.217718
0.217588
0.217998
0.218132
0.218401
0.218632
0.218797
0.218769
0.218559
0.218105
0.217182
0.215272
0.21121
0.202751
0.175811
0.17462
0.175661
0.177884
0.178896
0.178968
0.178903
0.179362
0.17995
0.180172
0.180358
0.18063
0.181041
0.181729
0.182473
0.183887
0.185246
0.179711
0.178917
0.178575
0.178882
0.179205
0.179408
0.179274
0.178952
0.17819
0.177151
0.175908
0.174339
0.17272
0.171963
0.171512
0.2086
0.210802
0.21221
0.212118
0.211884
0.21321
0.215419
0.216336
0.216577
0.216557
0.216602
0.21653
0.216597
0.216551
0.216329
0.216663
0.21635
0.216339
0.216303
0.215954
0.215688
0.214621
0.187905
0.189207
0.189539
0.189959
0.19009
0.197773
0.199042
0.199325
0.199942
0.19994
0.175166
0.177922
0.17792
0.174544
0.200151
0.199901
0.177858
0.180393
0.181304
0.181673
0.181528
0.181603
0.181185
0.196736
0.196271
0.196364
0.198165
0.203077
0.20462
0.204323
0.203522
0.201699
0.198238
0.193401
0.188571
0.186197
0.18866
0.18745
0.186984
0.18679
0.18676
0.186516
0.186993
0.18715
0.186781
0.186514
0.186418
0.186355
0.186435
0.186571
0.1868
0.187086
0.187506
0.187461
0.187715
0.188177
0.188717
0.189216
0.189609
0.190015
0.190291
0.190558
0.190896
0.191552
0.191534
0.198522
0.200259
0.177146
0.177526
0.176159
0.178933
0.179696
0.179718
0.179089
0.178127
0.198762
0.203429
0.202681
0.202555
0.202027
0.200993
0.199481
0.197738
0.200035
0.205024
0.203583
0.202492
0.201701
0.200986
0.200266
0.199275
0.197762
0.195475
0.193681
0.19295
0.191502
0.190471
0.183371
0.190857
0.189919
0.189367
0.18844
0.188358
0.187907
0.187698
0.187659
0.187577
0.187546
0.187695
0.187863
0.188047
0.188581
0.189051
0.188974
0.189116
0.189788
0.190374
0.190851
0.191184
0.191387
0.191484
0.191672
0.192063
0.192591
0.18812
0.20119
0.201138
0.178606
0.178695
0.177326
0.178885
0.179779
0.179979
0.179605
0.178858
0.176555
0.206037
0.204535
0.204388
0.203553
0.201906
0.199491
0.197602
0.207166
0.205054
0.203805
0.203179
0.202737
0.20246
0.202051
0.201509
0.200919
0.200283
0.199878
0.199977
0.199768
0.198347
0.195417
0.192633
0.195276
0.191629
0.190987
0.189877
0.188832
0.188749
0.188761
0.188778
0.188773
0.188934
0.189094
0.189241
0.189972
0.190298
0.190161
0.190237
0.191142
0.191656
0.192018
0.192202
0.192279
0.192378
0.192605
0.192803
0.191844
0.196002
0.19871
0.202758
0.177837
0.178065
0.17751
0.179017
0.180187
0.180686
0.180528
0.180173
0.179964
0.176731
0.206887
0.205466
0.20428
0.203046
0.200419
0.201437
0.205095
0.204605
0.204066
0.203669
0.203215
0.20285
0.202286
0.202128
0.202047
0.202027
0.20208
0.202469
0.203169
0.20264
0.199791
0.195337
0.19238
0.192039
0.192308
0.190979
0.190378
0.190166
0.189998
0.18998
0.190045
0.190171
0.190324
0.190533
0.190997
0.191088
0.191132
0.191193
0.192108
0.192497
0.192777
0.192824
0.192836
0.192979
0.193064
0.191813
0.191539
0.195723
0.173146
0.175154
0.176719
0.177598
0.177662
0.179395
0.181073
0.181825
0.181281
0.180935
0.181403
0.181816
0.185171
0.185718
0.186641
0.178837
0.205618
0.206586
0.204365
0.204267
0.204104
0.203855
0.203718
0.203387
0.202455
0.202145
0.202585
0.203048
0.203305
0.203777
0.204825
0.204911
0.201499
0.195842
0.192891
0.193035
0.186362
0.192345
0.191561
0.19144
0.19121
0.190996
0.191006
0.191116
0.191366
0.191688
0.191979
0.191708
0.1917
0.191818
0.192633
0.19298
0.193239
0.193245
0.193331
0.192997
0.191035
0.190008
0.19037
0.186209
0.173799
0.17435
0.175589
0.177047
0.178016
0.179837
0.181415
0.180951
0.180948
0.182601
0.184431
0.185351
0.186123
0.186938
0.186581
0.186107
0.206617
0.204976
0.204986
0.202329
0.205662
0.204749
0.205115
0.205664
0.203448
0.203411
0.203278
0.203847
0.204266
0.205
0.206495
0.206488
0.201425
0.196981
0.194652
0.192247
0.194682
0.193513
0.192515
0.19222
0.192038
0.191874
0.191801
0.191867
0.192026
0.192207
0.192595
0.192271
0.192054
0.1921
0.193227
0.193638
0.193994
0.193726
0.19336
0.190924
0.188028
0.186115
0.1968
0.192329
0.173868
0.173599
0.174671
0.176313
0.17749
0.179082
0.180554
0.179114
0.183387
0.184134
0.184946
0.185694
0.186257
0.18672
0.186185
0.18574
0.204099
0.203736
0.201228
0.200483
0.200757
0.202078
0.202593
0.202042
0.202552
0.204381
0.203646
0.204421
0.204638
0.205809
0.208001
0.205736
0.200233
0.198561
0.197444
0.196381
0.195995
0.190084
0.192949
0.192753
0.192733
0.192648
0.192596
0.192519
0.192501
0.192514
0.192805
0.192659
0.192338
0.191788
0.193766
0.195784
0.195426
0.193457
0.191138
0.190575
0.190913
0.18783
0.193143
0.174488
0.172821
0.173049
0.174185
0.175927
0.177338
0.180075
0.180084
0.182762
0.183552
0.184197
0.185086
0.185739
0.18634
0.187077
0.18679
0.187178
0.203316
0.201678
0.200831
0.200269
0.199844
0.200545
0.2019
0.201808
0.205153
0.204392
0.203936
0.204791
0.20546
0.206847
0.209421
0.203572
0.200792
0.199857
0.199433
0.199404
0.199061
0.189496
0.19323
0.193214
0.193452
0.193492
0.193227
0.193072
0.193148
0.193682
0.19424
0.193161
0.192891
0.1899
0.197851
0.189362
0.193512
0.189671
0.184917
0.188961
0.188676
0.188867
0.173137
0.171208
0.171656
0.172623
0.173835
0.175505
0.177059
0.179652
0.18123
0.182493
0.183228
0.183871
0.184676
0.185539
0.186638
0.187566
0.187761
0.187753
0.201829
0.201048
0.199731
0.197648
0.198907
0.199736
0.200788
0.200788
0.202118
0.205256
0.203732
0.204689
0.205521
0.207198
0.209551
0.202966
0.200848
0.200101
0.200024
0.200904
0.2007
0.193218
0.193807
0.194153
0.194378
0.194059
0.193632
0.193765
0.208512
0.195391
0.193557
0.192133
0.190727
0.189203
0.19545
0.177159
0.1959
0.190855
0.187901
0.188378
0.194051
0.175083
0.172053
0.171638
0.171646
0.172294
0.173387
0.175181
0.176786
0.178721
0.180229
0.18152
0.182511
0.183284
0.18428
0.185658
0.186594
0.187612
0.188391
0.204115
0.200687
0.200356
0.200122
0.200158
0.200347
0.200722
0.202171
0.201587
0.202471
0.207567
0.203995
0.205055
0.206795
0.210675
0.207563
0.204345
0.203614
0.203672
0.204509
0.206762
0.205582
0.206846
0.192952
0.195107
0.194671
0.193951
0.194001
0.194645
0.194979
0.192184
0.191104
0.191975
0.191465
0.182002
0.182553
0.173237
0.175092
0.172609
0.17264
0.172899
0.173195
0.173268
0.172546
0.171794
0.171404
0.171494
0.172471
0.174536
0.176863
0.17927
0.179349
0.180169
0.181641
0.182587
0.184161
0.186399
0.187477
0.187935
0.190365
0.19332
0.203184
0.199956
0.179445
0.180349
0.180322
0.181603
0.184158
0.196677
0.199098
0.197214
0.18938
0.195657
0.199361
0.200516
0.200592
0.198976
0.194235
0.196942
0.195926
0.195341
0.194601
0.183194
0.205971
0.194792
0.194702
0.194464
0.194819
0.196303
0.192996
0.191773
0.191363
0.191653
0.190801
0.181595
0.194456
0.195387
0.1954
0.187521
0.189724
0.191221
0.192922
0.19412
0.197177
0.196692
0.177238
0.17275
0.172963
0.174651
0.176282
0.178425
0.178885
0.179468
0.180571
0.18103
0.183025
0.185726
0.187377
0.190182
0.20156
0.199876
0.200487
0.199237
0.204357
0.182709
0.182508
0.182885
0.183354
0.19827
0.200722
0.201058
0.200612
0.199087
0.201637
0.202991
0.203397
0.202373
0.200885
0.196834
0.196026
0.195774
0.195381
0.195384
0.19285
0.201745
0.203394
0.203503
0.2027
0.182824
0.19228
0.185632
0.182363
0.182125
0.181349
0.18402
0.193647
0.195155
0.173523
0.193076
0.191778
0.192887
0.194522
0.195672
0.179078
0.178283
0.176442
0.173052
0.172808
0.174321
0.175916
0.178337
0.179778
0.179993
0.180205
0.181036
0.183319
0.185868
0.187791
0.192266
0.192434
0.200259
0.192683
0.199807
0.199373
0.182326
0.181045
0.179783
0.178377
0.179902
0.181015
0.187736
0.185623
0.189984
0.198079
0.199675
0.198934
0.198436
0.197678
0.196878
0.196331
0.196097
0.195966
0.19562
0.195536
0.195383
0.195087
0.195439
0.194647
0.191722
0.191896
0.187177
0.184596
0.182378
0.18196
0.185063
0.185516
0.172479
0.172422
0.191609
0.190534
0.191176
0.192148
0.192908
0.195228
0.196591
0.19783
0.199064
0.171243
0.169405
0.171835
0.176679
0.17946
0.179294
0.179097
0.180605
0.183331
0.186204
0.191549
0.192872
0.192306
0.199419
0.192525
0.199915
0.200227
0.181291
0.179554
0.177794
0.176303
0.176796
0.177312
0.178367
0.180026
0.182093
0.198128
0.198421
0.198982
0.198498
0.19787
0.197243
0.196714
0.196348
0.196191
0.196177
0.196058
0.195832
0.195412
0.196323
0.196686
0.183725
0.189374
0.186611
0.185313
0.184752
0.18417
0.18567
0.186554
0.176654
0.176288
0.189357
0.188923
0.18966
0.1904
0.191023
0.192711
0.193749
0.194586
0.196168
0.198566
0.199943
0.20534
0.1735
0.177809
0.178079
0.177882
0.180027
0.182919
0.185716
0.192253
0.192805
0.201639
0.198643
0.191091
0.199655
0.180113
0.179636
0.178189
0.176931
0.175994
0.176215
0.176964
0.177989
0.178669
0.179337
0.182079
0.191163
0.199415
0.198575
0.198212
0.197707
0.197218
0.196713
0.196269
0.196145
0.196134
0.19599
0.195535
0.196281
0.196491
0.181633
0.1866
0.185736
0.184792
0.184709
0.184444
0.184827
0.185486
0.187771
0.188585
0.187392
0.187253
0.187978
0.188684
0.189334
0.190557
0.191482
0.192285
0.193447
0.195132
0.196775
0.201671
0.210858
0.170702
0.17621
0.176658
0.179314
0.182141
0.188536
0.191723
0.192181
0.198884
0.197651
0.189453
0.199019
0.179384
0.178094
0.177355
0.176707
0.17587
0.175887
0.17718
0.179054
0.179786
0.179658
0.179828
0.183261
0.195297
0.198679
0.19861
0.198135
0.197751
0.197113
0.196245
0.195805
0.195602
0.195456
0.194846
0.195122
0.194283
0.181015
0.184468
0.184008
0.183225
0.183556
0.183432
0.183453
0.183899
0.185287
0.185803
0.18523
0.185192
0.18582
0.186589
0.18735
0.188477
0.189429
0.190279
0.191314
0.192686
0.194189
0.203419
0.205829
0.215851
0.173614
0.175263
0.178385
0.180793
0.188939
0.190976
0.189162
0.197755
0.202967
0.187407
0.200517
0.176171
0.175665
0.175484
0.175343
0.175075
0.175055
0.176218
0.178764
0.180224
0.180349
0.18014
0.180846
0.186437
0.197912
0.198593
0.198457
0.197716
0.197448
0.196242
0.195116
0.19451
0.193943
0.192766
0.191204
0.181936
0.178321
0.182217
0.181558
0.180864
0.180998
0.181106
0.181125
0.181437
0.182308
0.182745
0.182452
0.182527
0.183223
0.184116
0.185073
0.186356
0.187443
0.188366
0.189396
0.190529
0.191735
0.202116
0.204599
0.209945
0.206351
0.173367
0.176652
0.178798
0.194238
0.189226
0.20014
0.198062
0.175865
0.196758
0.177203
0.172688
0.172636
0.17274
0.172931
0.17306
0.173081
0.173671
0.175872
0.178847
0.179849
0.180094
0.180277
0.181884
0.192746
0.198536
0.198597
0.198352
0.196388
0.195584
0.193414
0.191904
0.190102
0.18291
0.178228
0.178535
0.176917
0.179842
0.178827
0.177876
0.177688
0.177544
0.177549
0.178136
0.178718
0.179131
0.179169
0.17938
0.179872
0.18094
0.182178
0.18373
0.185151
0.186384
0.187692
0.189036
0.190255
0.201377
0.209903
0.205778
0.19787
0.17099
0.173454
0.199
0.194842
0.18226
0.197554
0.174485
0.17168
0.171406
0.17275
0.169328
0.169448
0.169611
0.169893
0.17016
0.17033
0.170677
0.171661
0.174771
0.177794
0.178952
0.179455
0.179922
0.184176
0.198595
0.198757
0.198657
0.197746
0.195446
0.190644
0.186936
0.185757
0.17921
0.178324
0.175417
0.176347
0.177541
0.175912
0.174531
0.174028
0.173671
0.173515
0.174107
0.174751
0.175191
0.175151
0.175348
0.175946
0.177273
0.17888
0.18085
0.182761
0.184488
0.186286
0.188047
0.18937
0.202254
0.166712
0.209276
0.195683
0.168914
0.169906
0.199153
0.175485
0.180588
0.168638
0.168861
0.168085
0.168047
0.169035
0.166783
0.16691
0.167044
0.167273
0.167502
0.167701
0.168046
0.168453
0.169738
0.173665
0.177068
0.178138
0.178702
0.18012
0.191479
0.199228
0.199088
0.198591
0.193749
0.19044
0.185713
0.183852
0.182994
0.181172
0.177157
0.176159
0.175705
0.17335
0.171528
0.1707
0.170218
0.169924
0.170571
0.171406
0.17189
0.171555
0.171456
0.171879
0.173296
0.175262
0.177748
0.180224
0.182584
0.185079
0.187582
0.189409
0.207877
0.169224
0.167998
0.19407
0.168543
0.183077
0.183181
0.169521
0.182335
0.166346
0.165894
0.165791
0.166029
0.166526
0.165226
0.165289
0.165366
0.165526
0.165677
0.165838
0.166132
0.16645
0.166884
0.168712
0.17433
0.17692
0.177743
0.178667
0.183499
0.199976
0.199645
0.199242
0.19607
0.193711
0.191017
0.187588
0.18555
0.183321
0.179334
0.177131
0.17513
0.172031
0.169872
0.168745
0.168438
0.168181
0.169294
0.170526
0.163837
0.170103
0.169387
0.169018
0.169944
0.171848
0.174671
0.177659
0.180688
0.184002
0.187581
0.190737
0.161698
0.167851
0.172982
0.168675
0.170984
0.181756
0.185678
0.170753
0.182281
0.165404
0.164848
0.164573
0.164856
0.165083
0.164313
0.164327
0.164367
0.164482
0.164584
0.164713
0.164941
0.165209
0.165517
0.166147
0.169986
0.175943
0.177149
0.178029
0.180076
0.197922
0.200154
0.199767
0.197565
0.19521
0.193772
0.190131
0.187868
0.185885
0.182659
0.181381
0.17852
0.175347
0.173411
0.171694
0.167461
0.168305
0.169102
0.169202
0.168879
0.168169
0.166983
0.164892
0.161206
0.170022
0.172568
0.175587
0.179109
0.183223
0.188272
0.194556
0.162772
0.166841
0.174138
0.170191
0.172301
0.184409
0.18643
0.183942
0.182149
0.165733
0.164225
0.163883
0.164089
0.164231
0.163696
0.163697
0.163727
0.163825
0.163911
0.164033
0.164231
0.164479
0.164773
0.165196
0.167136
0.175065
0.176787
0.177687
0.179073
0.190233
0.200438
0.199997
0.197686
0.19549
0.195208
0.192573
0.192172
0.173127
0.172144
0.171506
0.170921
0.17007
0.169738
0.1698
0.169671
0.169607
0.169595
0.169454
0.169128
0.168697
0.16809
0.167183
0.166138
0.165008
0.163928
0.161724
0.178509
0.183508
0.158227
0.164897
0.16345
0.16623
0.174709
0.171546
0.171842
0.185418
0.186622
0.184359
0.181908
0.176838
0.164294
0.163358
0.163518
0.163629
0.163247
0.16325
0.163284
0.16339
0.16348
0.163618
0.163827
0.164104
0.164448
0.164961
0.166707
0.175099
0.176482
0.177362
0.178605
0.187064
0.200537
0.199797
0.196533
0.19728
0.17075
0.172807
0.175982
0.176181
0.173774
0.172074
0.170993
0.170511
0.169679
0.169592
0.169477
0.169661
0.169837
0.169767
0.169519
0.169259
0.168882
0.168325
0.167657
0.166907
0.166167
0.165257
0.164491
0.164736
0.165698
0.168024
0.165075
0.166103
0.174545
0.1732
0.171159
0.185875
0.18637
0.184072
0.18138
0.178403
0.175561
0.162955
0.16313
0.163179
0.163058
0.163031
0.163073
0.163218
0.163325
0.163516
0.163796
0.164211
0.164829
0.166125
0.172573
0.175828
0.179563
0.179601
0.181304
0.187657
0.198216
0.199122
0.19498
0.19187
0.17607
0.173541
0.176374
0.175422
0.172445
0.1926
0.191282
0.190083
0.190906
0.186237
0.169352
0.169699
0.169937
0.170329
0.170242
0.170109
0.169939
0.169699
0.16936
0.168955
0.16847
0.167825
0.167156
0.167449
0.169115
0.16986
0.167667
0.167327
0.174869
0.17551
0.170378
0.186594
0.185568
0.18323
0.180371
0.177956
0.176294
0.162913
0.163198
0.162986
0.164157
0.163523
0.163504
0.16381
0.163903
0.164335
0.165088
0.169743
0.174176
0.176416
0.178074
0.178963
0.178252
0.184236
0.1914
0.194193
0.19542
0.195848
0.195278
0.19416
0.194103
0.195068
0.194636
0.19833
0.193572
0.192202
0.189835
0.188837
0.18885
0.189075
0.185624
0.169352
0.170363
0.170851
0.171014
0.171276
0.171238
0.171236
0.171219
0.171179
0.17105
0.170788
0.170399
0.170963
0.171594
0.172111
0.171333
0.168143
0.171775
0.176822
0.171152
0.187827
0.184036
0.181677
0.178923
0.176538
0.175166
0.171445
0.170604
0.164192
0.170889
0.170676
0.170707
0.171125
0.171319
0.171896
0.172664
0.17384
0.175416
0.177058
0.178283
0.177763
0.180585
0.189074
0.193844
0.196234
0.198156
0.198572
0.199623
0.199933
0.200556
0.198634
0.198368
0.198586
0.194536
0.19262
0.191144
0.188176
0.186367
0.187091
0.1885
0.168825
0.170097
0.17094
0.171531
0.171993
0.172343
0.172593
0.172786
0.172972
0.173165
0.173263
0.173318
0.173601
0.173933
0.174185
0.174136
0.169227
0.174093
0.17869
0.17228
0.187057
0.181909
0.179933
0.177323
0.175288
0.174057
0.172161
0.171316
0.170774
0.171527
0.17159
0.171769
0.17213
0.172459
0.172952
0.173724
0.174806
0.176819
0.178131
0.178251
0.178959
0.18596
0.193324
0.197829
0.201216
0.203324
0.2036
0.20435
0.205705
0.213718
0.213767
0.211653
0.213785
0.207225
0.201703
0.202414
0.198215
0.190786
0.186464
0.187083
0.17047
0.169767
0.170968
0.171899
0.172653
0.173098
0.173503
0.17388
0.174251
0.174754
0.175308
0.175429
0.175841
0.176465
0.17704
0.177234
0.172018
0.174773
0.179843
0.174741
0.188633
0.179872
0.1784
0.175946
0.174407
0.173732
0.173032
0.17225
0.172237
0.173635
0.173579
0.173748
0.174102
0.174469
0.174991
0.175685
0.176681
0.178202
0.179346
0.179645
0.185927
0.19355
0.19867
0.202096
0.204716
0.206519
0.207325
0.210717
0.212602
0.21572
0.220485
0.218508
0.21817
0.218499
0.210662
0.20956
0.207202
0.202142
0.196415
0.191744
0.172059
0.170734
0.172017
0.173158
0.174012
0.174317
0.174581
0.174702
0.174906
0.175436
0.176128
0.176887
0.17786
0.178733
0.179545
0.178614
0.173813
0.177812
0.18152
0.181487
0.173754
0.186571
0.178027
0.178788
0.177916
0.176951
0.175938
0.174722
0.173989
0.176796
0.17609
0.175971
0.1762
0.176538
0.177155
0.177943
0.178974
0.18031
0.181428
0.183483
0.189945
0.196381
0.200391
0.203597
0.205981
0.209933
0.212741
0.213778
0.214236
0.214522
0.220121
0.221814
0.2209
0.218525
0.215102
0.212434
0.211291
0.209699
0.172974
0.173603
0.171478
0.172164
0.173176
0.174272
0.175431
0.176029
0.176447
0.176461
0.17636
0.176948
0.177564
0.177859
0.178466
0.179303
0.177734
0.172687
0.175095
0.180577
0.184383
0.185714
0.18316
0.180223
0.183902
0.19193
0.184801
0.182791
0.1813
0.178769
0.177553
0.181811
0.180411
0.179747
0.179706
0.179861
0.180136
0.180254
0.180156
0.1803
0.183411
0.189216
0.192757
0.19659
0.200394
0.206359
0.210738
0.214054
0.21484
0.214935
0.214672
0.213982
0.215449
0.221504
0.222207
0.217786
0.218212
0.214901
0.170534
0.174775
0.174823
0.173196
0.172774
0.17322
0.173422
0.174438
0.175967
0.17688
0.177598
0.177902
0.178628
0.179737
0.180155
0.180459
0.18025
0.174617
0.17148
0.173643
0.177537
0.181787
0.184841
0.18632
0.182798
0.179471
0.176032
0.19979
0.204035
0.202451
0.19848
0.186546
0.183079
0.196622
0.190495
0.186349
0.184365
0.183441
0.183859
0.184554
0.183766
0.185393
0.187587
0.192765
0.196141
0.199316
0.203315
0.20841
0.211425
0.21396
0.214988
0.214895
0.214398
0.213333
0.213278
0.21866
0.222163
0.221459
0.215522
0.218965
0.171188
0.172759
0.173007
0.172867
0.174503
0.174939
0.174762
0.176058
0.178004
0.179528
0.180732
0.181368
0.18222
0.182833
0.182201
0.178097
0.172253
0.170256
0.171846
0.174621
0.178308
0.181534
0.184101
0.183344
0.205482
0.208351
0.208562
0.208283
0.207763
0.207958
0.20743
0.205043
0.20113
0.205309
0.202826
0.200193
0.197519
0.195095
0.193579
0.194595
0.193526
0.194465
0.195825
0.19699
0.198952
0.202374
0.205561
0.208387
0.210936
0.213269
0.214544
0.214122
0.213532
0.21246
0.211992
0.216403
0.221596
0.221344
0.214771
0.217986
0.171025
0.168929
0.172157
0.176702
0.177549
0.178638
0.179263
0.181304
0.183242
0.184605
0.185173
0.184791
0.183271
0.180173
0.175491
0.171457
0.169703
0.169665
0.195608
0.196584
0.199303
0.201879
0.204157
0.200993
0.202686
0.209549
0.211458
0.211885
0.211857
0.211877
0.21078
0.208433
0.206595
0.212597
0.211622
0.210474
0.208973
0.206925
0.204614
0.20356
0.205457
0.204164
0.203484
0.202886
0.202731
0.204316
0.206533
0.208029
0.210253
0.212263
0.213677
0.213104
0.212496
0.211695
0.211351
0.215914
0.222021
0.219721
0.215535
0.17226
0.16609
0.169133
0.180736
0.183788
0.185319
0.188562
0.192375
0.195817
0.197084
0.197119
0.195889
0.193056
0.188417
0.185361
0.191012
0.191199
0.192086
0.193357
0.195405
0.197918
0.200929
0.203252
0.197057
0.191987
0.190592
0.185497
0.171756
0.204368
0.207612
0.210034
0.212284
0.212638
0.212629
0.212278
0.212305
0.2117
0.211671
0.210471
0.210663
0.207833
0.208214
0.209466
0.206716
0.205568
0.204706
0.205076
0.206341
0.207518
0.209289
0.210793
0.212415
0.212029
0.211477
0.211016
0.211059
0.216846
0.222403
0.204963
0.173253
0.166748
0.16702
0.175715
0.180959
0.189513
0.205499
0.208152
0.20653
0.205412
0.204242
0.202844
0.200789
0.19731
0.188252
0.189859
0.190364
0.191179
0.192376
0.194017
0.196578
0.19949
0.202385
0.201746
0.192564
0.192229
0.19
0.186532
0.183466
0.181743
0.180596
0.175319
0.205972
0.209272
0.211062
0.20794
0.208618
0.209782
0.210648
0.21189
0.210718
0.211675
0.209873
0.21017
0.208346
0.206729
0.206022
0.206178
0.206872
0.207795
0.209156
0.209889
0.21128
0.211056
0.210506
0.210148
0.210639
0.217922
0.214167
0.173933
0.169556
0.166054
0.166726
0.17618
0.180075
0.208085
0.209316
0.208465
0.206698
0.205565
0.203911
0.200398
0.195659
0.188944
0.190705
0.18988
0.190513
0.191495
0.192996
0.194963
0.19759
0.200504
0.201856
0.2006
0.192147
0.191494
0.188862
0.18579
0.184079
0.183973
0.184186
0.184203
0.183965
0.182939
0.202928
0.184973
0.206001
0.198763
0.201386
0.204618
0.208806
0.209264
0.208354
0.209477
0.20955
0.208876
0.207871
0.207636
0.207796
0.20831
0.209361
0.209679
0.210453
0.210335
0.20976
0.20891
0.210276
0.218992
0.210824
0.170823
0.168001
0.165114
0.166823
0.178834
0.191724
0.207741
0.207834
0.207241
0.206472
0.205137
0.201644
0.194241
0.185087
0.179901
0.190272
0.189984
0.190781
0.192035
0.193808
0.195641
0.197998
0.200101
0.201684
0.198179
0.192045
0.190582
0.187639
0.185146
0.184644
0.185128
0.185345
0.186119
0.186823
0.187338
0.187149
0.190904
0.190851
0.201837
0.20295
0.202738
0.205129
0.2063
0.20588
0.206794
0.207338
0.207844
0.208139
0.208256
0.208117
0.208248
0.208836
0.208695
0.20904
0.20907
0.20834
0.207782
0.211062
0.219099
0.177866
0.170379
0.165817
0.164262
0.166397
0.179311
0.193866
0.207008
0.206502
0.206041
0.205497
0.202445
0.192798
0.180707
0.172825
0.173079
0.190063
0.190259
0.191287
0.192697
0.194115
0.195205
0.197423
0.199772
0.200361
0.194287
0.191465
0.189866
0.187519
0.186762
0.186488
0.186928
0.187603
0.188697
0.189056
0.189876
0.190178
0.191337
0.191522
0.207999
0.211617
0.211438
0.209893
0.209549
0.2091
0.207435
0.205266
0.205099
0.205693
0.206393
0.206672
0.206872
0.207241
0.207107
0.207383
0.207934
0.20927
0.207539
0.212412
0.217394
0.170492
0.168644
0.163879
0.163474
0.165385
0.177201
0.190551
0.205245
0.203476
0.202603
0.201219
0.191069
0.176394
0.170207
0.16675
0.19137
0.189912
0.190369
0.191157
0.191696
0.192326
0.194096
0.196993
0.198087
0.197689
0.188452
0.190309
0.189109
0.188226
0.187048
0.186109
0.186607
0.18754
0.188593
0.189252
0.190222
0.190508
0.192211
0.192251
0.210124
0.211847
0.211361
0.212016
0.212391
0.211622
0.210014
0.208407
0.206473
0.203318
0.203444
0.203996
0.204598
0.206516
0.208181
0.209608
0.2097
0.20926
0.20688
0.214671
0.192769
0.168524
0.16578
0.162547
0.162634
0.163845
0.172156
0.180985
0.19965
0.194491
0.190865
0.184222
0.169554
0.163731
0.163262
0.164551
0.191707
0.190063
0.193446
0.193545
0.19324
0.193939
0.196194
0.197474
0.197231
0.197079
0.191877
0.190534
0.190188
0.189262
0.185982
0.186317
0.187415
0.188595
0.189741
0.1905
0.191313
0.191672
0.192304
0.192664
0.20781
0.209347
0.208961
0.20966
0.210273
0.210106
0.210578
0.211129
0.212036
0.211839
0.208081
0.206656
0.207236
0.207956
0.208593
0.208867
0.208477
0.208543
0.208212
0.215513
0.170166
0.165068
0.163405
0.16141
0.161682
0.162091
0.166115
0.167969
0.184928
0.173004
0.16878
0.164655
0.161168
0.161211
0.162666
0.164229
0.189791
0.189157
0.189162
0.187761
0.189337
0.191942
0.193366
0.193336
0.193544
0.19289
0.189321
0.187535
0.187161
0.185742
0.184455
0.186152
0.187788
0.189165
0.190299
0.191035
0.191719
0.192011
0.191706
0.192476
0.205385
0.206642
0.206341
0.206854
0.207351
0.207238
0.207857
0.208642
0.209851
0.211103
0.21209
0.210173
0.207131
0.206381
0.20657
0.207011
0.207452
0.209866
0.211914
0.197218
0.166983
0.162905
0.161155
0.160539
0.160786
0.160555
0.161475
0.160457
0.165616
0.159764
0.158788
0.158807
0.159443
0.160695
0.162524
0.164704
0.166241
0.16657
0.18724
0.188782
0.190398
0.191642
0.191606
0.191459
0.192155
0.19095
0.187655
0.186084
0.185296
0.184475
0.184374
0.186151
0.187951
0.189399
0.190471
0.191107
0.191609
0.191708
0.190613
0.191687
0.202847
0.203927
0.203771
0.203781
0.203123
0.203485
0.203274
0.20506
0.20623
0.20769
0.209318
0.210556
0.21048
0.208456
0.206695
0.207324
0.209653
0.212894
0.206822
0.169471
0.163809
0.161263
0.159498
0.159307
0.16009
0.158786
0.159214
0.158358
0.159423
0.15835
0.174982
0.158225
0.160105
0.163082
0.166044
0.166767
0.192933
0.173041
0.188084
0.189499
0.190009
0.189562
0.189193
0.189868
0.190755
0.189736
0.185652
0.184135
0.183282
0.183107
0.183983
0.185864
0.187982
0.189402
0.190361
0.190838
0.191111
0.190951
0.189149
0.190321
0.200461
0.201022
0.20023
0.20295
0.204755
0.203129
0.204449
0.202748
0.201099
0.203443
0.205164
0.206952
0.208302
0.208878
0.208041
0.20925
0.212164
0.209377
0.171036
0.164987
0.161581
0.159908
0.158274
0.158282
0.15989
0.157723
0.157982
0.157612
0.157973
0.158149
0.15943
0.15938
0.162499
0.165626
0.168356
0.171096
0.17356
0.175335
0.189667
0.189583
0.188006
0.186978
0.187457
0.188603
0.191232
0.186685
0.183574
0.182048
0.181373
0.181693
0.183254
0.18548
0.187839
0.189187
0.189993
0.190268
0.190287
0.189857
0.187488
0.188528
0.198423
0.198569
0.202211
0.195456
0.19315
0.193518
0.192841
0.193546
0.201562
0.200309
0.198891
0.202532
0.204269
0.205642
0.206397
0.206566
0.209149
0.20226
0.168959
0.162104
0.160069
0.159188
0.157246
0.158254
0.160554
0.156894
0.157419
0.157783
0.158147
0.15834
0.159727
0.162182
0.165626
0.16709
0.168475
0.170878
0.173523
0.174762
0.191141
0.188023
0.185499
0.185478
0.186394
0.188358
0.194822
0.183852
0.181338
0.180019
0.179738
0.180414
0.182452
0.184948
0.1875
0.188755
0.189395
0.189444
0.189224
0.18855
0.185804
0.186554
0.195081
0.200416
0.192579
0.192928
0.192254
0.190963
0.190967
0.191712
0.191746
0.191583
0.199699
0.199289
0.197394
0.201281
0.202966
0.203234
0.204997
0.198287
0.203193
0.161154
0.161463
0.173235
0.157769
0.160598
0.162683
0.156218
0.157123
0.15818
0.158846
0.159568
0.16207
0.167687
0.165889
0.165172
0.166158
0.168209
0.171465
0.17388
0.188409
0.18518
0.184297
0.185001
0.187123
0.195971
0.186217
0.181045
0.178979
0.178308
0.178584
0.179394
0.181703
0.18442
0.187038
0.188206
0.188702
0.188549
0.188129
0.187301
0.184516
0.185794
0.198253
0.191884
0.192142
0.190714
0.188423
0.186568
0.186479
0.187296
0.188206
0.189347
0.190797
0.190847
0.191254
0.198708
0.196778
0.199388
0.188106
0.189125
0.200454
0.179502
0.178474
0.186771
0.175416
0.178657
0.181729
0.155639
0.157297
0.159438
0.161272
0.162322
0.169309
0.181998
0.184177
0.166103
0.165606
0.167846
0.17146
0.174281
0.186492
0.184226
0.185254
0.192301
0.19694
0.184692
0.181513
0.178042
0.176958
0.177484
0.178261
0.178789
0.181271
0.184144
0.18677
0.18808
0.188477
0.188167
0.187599
0.18638
0.183362
0.182752
0.195181
0.192277
0.189305
0.186128
0.183703
0.182064
0.181367
0.182019
0.182836
0.183593
0.18626
0.189285
0.189031
0.197282
0.195226
0.199614
0.200671
0.184744
0.180634
0.179241
0.177827
0.17521
0.194908
0.186515
0.166301
0.15589
0.158417
0.160944
0.162825
0.170739
0.178325
0.18602
0.187273
0.170471
0.170156
0.170866
0.175277
0.176062
0.169916
0.185082
0.190905
0.194866
0.191763
0.184725
0.175713
0.17021
0.171017
0.171961
0.173319
0.174563
0.178501
0.182214
0.185565
0.186996
0.187566
0.187346
0.186715
0.187769
0.178681
0.173203
0.172665
0.17063
0.193411
0.190255
0.186871
0.1857
0.184909
0.18431
0.185062
0.186613
0.190257
0.19082
0.199203
0.195851
0.198029
0.178216
0.179034
0.179209
0.178982
0.179784
0.180093
0.177524
0.176705
0.17514
0.173446
0.158353
0.161521
0.165072
0.164105
0.175009
0.182716
0.188945
0.190161
0.175338
0.175161
0.174442
0.168121
0.171443
0.171127
0.169525
0.191643
0.186635
0.18031
0.178013
0.174144
0.171535
0.167941
0.169232
0.172829
0.175349
0.179205
0.18269
0.185442
0.186713
0.187193
0.186896
0.186167
0.183932
0.183142
0.178524
0.177617
0.176393
0.175313
0.174329
0.17247
0.169118
0.200805
0.198512
0.195616
0.195861
0.194504
0.197021
0.202286
0.162369
0.177341
0.179081
0.179388
0.180792
0.18125
0.182381
0.183135
0.181201
0.181056
0.179625
0.175859
0.172386
0.171971
0.172083
0.175052
0.180598
0.187867
0.192609
0.193819
0.172611
0.169115
0.197395
0.208331
0.197731
0.17234
0.177725
0.178171
0.176086
0.173825
0.172346
0.171579
0.17154
0.172135
0.172865
0.175099
0.177979
0.18201
0.185207
0.187477
0.188394
0.188383
0.186955
0.184151
0.181445
0.180688
0.179403
0.178723
0.177904
0.177096
0.176474
0.175816
0.174927
0.174371
0.174656
0.175466
0.176337
0.177443
0.178062
0.178197
0.178227
0.178736
0.180663
0.181332
0.182763
0.183391
0.184546
0.185442
0.18434
0.18476
0.183829
0.18049
0.176876
0.17534
0.17642
0.179956
0.185396
0.192084
0.195882
0.197087
0.16782
0.206617
0.20906
0.200198
0.164342
0.168022
0.170839
0.172156
0.172828
0.172986
0.172753
0.172625
0.173125
0.174205
0.175935
0.179194
0.182605
0.186698
0.189045
0.190302
0.190296
0.188567
0.185837
0.18728
0.183194
0.180066
0.17986
0.179332
0.178621
0.17788
0.177245
0.176734
0.176321
0.176092
0.176485
0.177595
0.178652
0.179906
0.180701
0.180918
0.181004
0.181502
0.183112
0.183686
0.184937
0.185615
0.186732
0.187716
0.187373
0.188277
0.187681
0.184513
0.181537
0.180639
0.181955
0.185208
0.190417
0.194751
0.197591
0.168206
0.206426
0.209636
0.205815
0.153566
0.164405
0.164756
0.167108
0.169669
0.17268
0.175055
0.176021
0.176338
0.177069
0.178417
0.180436
0.183633
0.186598
0.189694
0.191191
0.191677
0.190673
0.188502
0.186043
0.183299
0.182091
0.178254
0.17893
0.178452
0.177484
0.176517
0.175738
0.175532
0.175442
0.175487
0.176066
0.177003
0.177875
0.179098
0.179925
0.180332
0.180625
0.181185
0.182491
0.183006
0.184079
0.184874
0.186002
0.187121
0.187302
0.188501
0.188293
0.185057
0.182597
0.182958
0.184961
0.187583
0.191166
0.195884
0.197798
0.206076
0.210481
0.20654
0.195859
0.164371
0.161997
0.164437
0.166256
0.168734
0.172466
0.176854
0.179037
0.179609
0.180325
0.181629
0.183504
0.186329
0.188935
0.191372
0.192209
0.191531
0.189896
0.187394
0.184283
0.181989
0.188668
)
;
    }
    hills
    {
        type            calculated;
        value           nonuniform List<scalar> 
7200
(
0.198071
0.198993
0.199803
0.199982
0.199376
0.197489
0.193388
0.181077
0.18287
0.209503
0.199945
0.189319
0.190213
0.191116
0.191951
0.19265
0.19316
0.193442
0.193454
0.193258
0.192916
0.192634
0.192503
0.192829
0.193939
0.193031
0.188075
0.183793
0.17128
0.173395
0.194585
0.198057
0.204023
0.181358
0.173452
0.200653
0.168909
0.197279
0.196123
0.191398
0.184584
0.180375
0.175366
0.171929
0.173809
0.174369
0.175039
0.194347
0.19479
0.196393
0.195535
0.193058
0.196322
0.200551
0.201685
0.200093
0.200231
0.200199
0.19909
0.197479
0.180402
0.181789
0.182323
0.180596
0.164011
0.168359
0.174947
0.182206
0.186329
0.200299
0.198808
0.192281
0.192978
0.193628
0.194428
0.195369
0.196108
0.196591
0.196817
0.196865
0.196577
0.196236
0.195846
0.195241
0.193471
0.194154
0.192434
0.189989
0.18579
0.189708
0.199334
0.198172
0.203345
0.177727
0.206435
0.192563
0.169763
0.209685
0.191227
0.191688
0.182537
0.194588
0.195715
0.19401
0.193513
0.170834
0.17136
0.171159
0.173244
0.19276
0.193512
0.191781
0.175256
0.200645
0.197613
0.176134
0.171448
0.172093
0.170008
0.182554
0.179417
0.17994
0.179956
0.180022
0.179918
0.179925
0.179806
0.180141
0.18418
0.189621
0.190574
0.197306
0.197262
0.196476
0.195405
0.19482
0.19499
0.195554
0.19625
0.197034
0.197404
0.197309
0.1969
0.196106
0.195281
0.19513
0.193976
0.191892
0.190922
0.19315
0.197719
0.204557
0.196375
0.150932
0.224207
0.198447
0.170634
0.216856
0.169925
0.193414
0.17901
0.197348
0.198638
0.198567
0.198898
0.198594
0.196566
0.174809
0.176133
0.17627
0.177717
0.177878
0.212579
0.191926
0.186931
0.170522
0.167046
0.167715
0.168967
0.177592
0.149575
0.149327
0.149433
0.149733
0.15002
0.149705
0.149231
0.148178
0.143282
0.1378
0.135155
0.134561
0.15573
0.145338
0.141035
0.168741
0.213773
0.213573
0.207922
0.206655
0.206608
0.206556
0.206561
0.206452
0.206012
0.205135
0.202479
0.1987
0.194924
0.201955
0.203149
0.211009
0.198135
0.140576
0.157336
0.186427
0.194281
0.198803
0.211376
0.179587
0.135559
0.132916
0.134638
0.148871
0.150378
0.15132
0.152383
0.153529
0.155303
0.160008
0.164106
0.164297
0.184769
0.163358
0.160912
0.158617
0.155533
0.151811
0.151231
0.150545
0.172638
0.172544
0.172598
0.172647
0.172555
0.171961
0.170148
0.166851
0.163987
0.163043
0.162594
0.162334
0.161612
0.159585
0.153699
0.15448
0.15171
0.166256
0.167058
0.166387
0.167098
0.168551
0.162763
0.180466
0.137301
0.135892
0.12992
0.131231
0.138039
0.191
0.168316
0.12468
0.133213
0.140728
0.174489
0.186701
0.188874
0.205731
0.174926
0.13285
0.134931
0.139529
0.148156
0.147664
0.147388
0.147804
0.154019
0.183226
0.190517
0.165257
0.162616
0.158985
0.188357
0.200105
0.216198
0.187673
0.167723
0.169959
0.17181
0.17246
0.200582
0.200729
0.200783
0.200681
0.200591
0.20021
0.199542
0.198895
0.198003
0.197597
0.19833
0.176208
0.167146
0.177026
0.174764
0.165661
0.15715
0.158907
0.16259
0.165589
0.16947
0.172424
0.175872
0.179288
0.178573
0.173615
0.163676
0.155431
0.150674
0.150081
0.150526
0.150857
0.150073
0.14895
0.144868
0.156933
0.162305
0.135492
0.149532
0.16909
0.185194
0.187086
0.185652
0.183846
0.181231
0.179853
0.180242
0.18021
0.177713
0.179586
0.184608
0.18848
0.191936
0.194617
0.196735
0.198495
0.199399
0.199742
0.200054
0.200373
0.199072
0.199956
0.200746
0.201153
0.201019
0.200207
0.198508
0.197179
0.198836
0.202861
0.200876
0.19351
0.181717
0.150286
0.15349
0.160406
0.156461
0.15719
0.163213
0.165083
0.166661
0.166678
0.172187
0.181312
0.18605
0.190099
0.193486
0.196359
0.198836
0.199919
0.199215
0.192818
0.172696
0.167297
0.162082
0.157859
0.153076
0.153497
0.165711
0.16983
0.177141
0.171308
0.166545
0.180008
0.180645
0.18004
0.176453
0.168287
0.159192
0.164274
0.182074
0.185981
0.188482
0.189523
0.189951
0.191335
0.192771
0.194712
0.197059
0.198495
0.194878
0.197218
0.19899
0.200046
0.200005
0.197446
0.201311
0.201961
0.202995
0.202782
0.201277
0.189958
0.148067
0.152132
0.154167
0.163103
0.16168
0.169813
0.161614
0.162706
0.162925
0.159527
0.164293
0.165068
0.179449
0.190515
0.196677
0.202043
0.207969
0.212768
0.216022
0.216511
0.17137
0.173409
0.173439
0.173297
0.167485
0.16463
0.165042
0.162465
0.164806
0.163222
0.162807
0.176482
0.178254
0.180074
0.179065
0.172984
0.161931
0.176186
0.183153
0.186345
0.187731
0.187713
0.186642
0.185903
0.186648
0.188237
0.1906
0.19302
0.190305
0.191844
0.19341
0.194197
0.193932
0.202622
0.203505
0.203822
0.205345
0.204439
0.196106
0.178188
0.146062
0.149204
0.158588
0.168835
0.169042
0.177101
0.162363
0.162635
0.162239
0.164059
0.163983
0.166077
0.185599
0.193145
0.200537
0.206996
0.213354
0.217519
0.218136
0.218638
0.168501
0.171332
0.172178
0.171378
0.16622
0.165903
0.168913
0.156597
0.158542
0.159045
0.172502
0.174127
0.174911
0.17599
0.176675
0.175431
0.172222
0.179461
0.182267
0.183753
0.184274
0.183697
0.180462
0.168578
0.177484
0.183385
0.186626
0.188454
0.183632
0.18395
0.18382
0.18287
0.182498
0.204601
0.205157
0.206144
0.205331
0.199051
0.190429
0.146067
0.142998
0.166889
0.156955
0.177905
0.180449
0.18363
0.161994
0.162669
0.162143
0.185924
0.163733
0.166805
0.184059
0.195015
0.200064
0.20816
0.214302
0.216917
0.217352
0.218106
0.208354
0.169292
0.17128
0.167798
0.165751
0.167395
0.16789
0.149335
0.152638
0.156928
0.171885
0.172818
0.173728
0.174605
0.175537
0.17616
0.177273
0.180601
0.182428
0.181857
0.18114
0.170718
0.158837
0.192747
0.158593
0.159321
0.161719
0.17516
0.158661
0.158589
0.158197
0.158164
0.158207
0.200767
0.201263
0.202416
0.19718
0.189624
0.148373
0.145483
0.145381
0.158768
0.186166
0.186484
0.187269
0.188456
0.190055
0.160918
0.162027
0.18355
0.171148
0.179617
0.188363
0.197621
0.201573
0.208246
0.213311
0.215613
0.216091
0.217062
0.21871
0.1658
0.168735
0.16679
0.166902
0.169303
0.152589
0.144535
0.149541
0.170393
0.171948
0.173226
0.174376
0.175685
0.178029
0.180237
0.180639
0.181081
0.184348
0.181109
0.175969
0.159904
0.158103
0.191082
0.15767
0.157781
0.158059
0.15838
0.157629
0.15766
0.158247
0.162603
0.164108
0.166213
0.162995
0.159583
0.175001
0.147583
0.147061
0.145004
0.158385
0.189438
0.190228
0.191455
0.191579
0.191807
0.191554
0.191374
0.190322
0.186902
0.182843
0.18857
0.192865
0.199232
0.202923
0.208221
0.212289
0.214398
0.215086
0.216265
0.218277
0.218818
0.165648
0.167656
0.166113
0.170094
0.142218
0.144488
0.16891
0.172303
0.174726
0.17754
0.180021
0.182663
0.185222
0.185932
0.184849
0.183589
0.1914
0.177681
0.167281
0.159268
0.158138
0.191588
0.157925
0.15793
0.158004
0.157661
0.157924
0.15807
0.160489
0.16121
0.162371
0.163135
0.167372
0.167867
0.148588
0.147502
0.145537
0.15976
0.182209
0.191886
0.193143
0.193603
0.193856
0.193829
0.193393
0.192789
0.192194
0.191223
0.190182
0.192019
0.195731
0.201321
0.204933
0.208531
0.212043
0.213636
0.214511
0.215858
0.21748
0.217776
0.161922
0.164995
0.166722
0.17033
0.143329
0.148704
0.172582
0.176111
0.18104
0.185393
0.188632
0.190593
0.191567
0.190637
0.187166
0.181713
0.195748
0.190694
0.164424
0.160129
0.158394
0.19033
0.157938
0.157803
0.157993
0.157979
0.158934
0.161432
0.159723
0.161602
0.162388
0.16474
0.196994
0.191324
0.14709
0.145617
0.162892
0.186833
0.192513
0.193109
0.19397
0.194279
0.19448
0.194436
0.19429
0.194122
0.194013
0.193984
0.193258
0.194181
0.197927
0.204132
0.207482
0.210292
0.212387
0.213237
0.214106
0.215432
0.215843
0.21199
0.199875
0.191853
0.16724
0.170935
0.1437
0.172341
0.176365
0.182742
0.188905
0.192765
0.194897
0.195653
0.195495
0.192682
0.188029
0.199181
0.200463
0.196422
0.16583
0.161364
0.159055
0.160493
0.158202
0.15808
0.157901
0.158016
0.162164
0.159757
0.160929
0.162103
0.163344
0.171657
0.213782
0.146358
0.145476
0.156738
0.187639
0.191759
0.192514
0.193694
0.194242
0.194477
0.194422
0.194314
0.194409
0.194779
0.195369
0.196099
0.195827
0.195703
0.200762
0.208338
0.21189
0.21273
0.212725
0.213117
0.213997
0.214659
0.212915
0.205422
0.195437
0.188611
0.185304
0.186383
0.173011
0.175298
0.181853
0.189542
0.19461
0.197446
0.198923
0.199225
0.197576
0.174155
0.198096
0.20158
0.204461
0.201405
0.178701
0.162353
0.159587
0.195184
0.158757
0.1586
0.158391
0.158087
0.158815
0.162719
0.162165
0.16129
0.166104
0.207011
0.140194
0.147783
0.169992
0.187802
0.190696
0.191448
0.193128
0.194017
0.194472
0.194562
0.194371
0.194238
0.194449
0.19515
0.19629
0.197573
0.197936
0.196911
0.20353
0.206463
0.214652
0.213594
0.212654
0.213055
0.213552
0.212597
0.208025
0.199691
0.192905
0.186293
0.182888
0.18393
0.172824
0.178226
0.18731
0.194632
0.19902
0.200799
0.199456
0.193876
0.187524
0.191629
0.199516
0.206028
0.208989
0.205464
0.191566
0.16336
0.160003
0.160684
0.196755
0.158708
0.158526
0.158328
0.159948
0.162148
0.160523
0.158522
0.179415
0.141091
0.143372
0.148142
0.187665
0.189911
0.190565
0.192356
0.193638
0.194633
0.194475
0.194417
0.194097
0.193852
0.193908
0.194459
0.19555
0.19687
0.197766
0.199238
0.203115
0.213878
0.212813
0.211207
0.211814
0.211744
0.210258
0.205779
0.199486
0.193771
0.188328
0.182596
0.180463
0.181875
0.166979
0.17982
0.19105
0.198229
0.200436
0.18788
0.190546
0.192113
0.190164
0.191759
0.199532
0.208267
0.20904
0.207584
0.187829
0.161779
0.159899
0.159715
0.160258
0.163481
0.158946
0.159459
0.161902
0.161938
0.157187
0.167998
0.21146
0.134109
0.164951
0.159102
0.189645
0.189327
0.191387
0.193228
0.19404
0.194492
0.19462
0.194362
0.193954
0.193625
0.193649
0.194258
0.195657
0.19763
0.199463
0.202585
0.21107
0.210827
0.209471
0.207976
0.207341
0.205695
0.200766
0.194992
0.191654
0.188821
0.18256
0.179561
0.17898
0.181182
0.1684
0.17839
0.194013
0.204433
0.193495
0.191691
0.189694
0.186638
0.191091
0.191842
0.199794
0.21073
0.212082
0.163029
0.203512
0.160906
0.159782
0.159085
0.158967
0.159197
0.181749
0.16057
0.16427
0.158743
0.175444
0.165993
0.153791
0.150563
0.124658
0.212223
0.190248
0.190765
0.192659
0.193792
0.194457
0.194743
0.194678
0.194299
0.193774
0.193348
0.193283
0.193766
0.195043
0.197159
0.199594
0.203875
0.211268
0.205679
0.200884
0.199174
0.197905
0.194467
0.189249
0.187408
0.187643
0.183236
0.170372
0.178194
0.178916
0.176255
0.155621
0.169224
0.189495
0.185692
0.189269
0.182405
0.17731
0.177023
0.180295
0.189341
0.194015
0.206505
0.204639
0.201595
0.162301
0.15978
0.1591
0.158995
0.158991
0.159602
0.16081
0.161319
0.159963
0.174464
0.149612
0.148239
0.178443
0.204855
0.158801
0.195391
0.191868
0.192737
0.193831
0.19452
0.194818
0.194965
0.194806
0.19432
0.193676
0.193131
0.192982
0.193384
0.1945
0.196539
0.199237
0.203511
0.211027
0.201267
0.194105
0.191447
0.18898
0.185336
0.183613
0.186234
0.186191
0.178863
0.163972
0.179569
0.174848
0.166496
0.152834
0.153317
0.181131
0.163667
0.174097
0.1716
0.169936
0.170499
0.172612
0.177857
0.192567
0.205346
0.203175
0.202726
0.16139
0.159373
0.159215
0.159254
0.159274
0.164113
0.162579
0.163964
0.160266
0.146474
0.14464
0.146022
0.210769
0.175065
0.195778
0.194235
0.193625
0.194224
0.194811
0.195148
0.195198
0.195143
0.194958
0.194433
0.193685
0.192999
0.192727
0.193046
0.193999
0.195741
0.19839
0.201834
0.208893
0.204002
0.190505
0.175651
0.171087
0.167477
0.170109
0.181937
0.185337
0.173746
0.174743
0.173047
0.158181
0.151677
0.170442
0.161048
0.19181
0.192465
0.168188
0.167772
0.166467
0.167033
0.169124
0.174198
0.190745
0.201767
0.199699
0.198389
0.167339
0.159486
0.161614
0.15991
0.162016
0.160906
0.163118
0.159981
0.153739
0.147913
0.141531
0.215074
0.186539
0.193649
0.194128
0.194208
0.194689
0.195136
0.195425
0.19552
0.19541
0.195239
0.195002
0.194513
0.193735
0.19291
0.19244
0.192601
0.193388
0.194723
0.196775
0.199768
0.20374
0.209977
0.193317
0.169568
0.166339
0.163876
0.165287
0.171551
0.190166
0.167376
0.181186
0.161878
0.15448
0.154542
0.159861
0.167928
0.160155
0.164206
0.16453
0.16793
0.167953
0.167792
0.167705
0.170041
0.181428
0.197257
0.196251
0.193381
0.170295
0.16108
0.161516
0.164109
0.161141
0.162799
0.161467
0.159977
0.149461
0.142618
0.191256
0.193714
0.19554
0.193001
0.194334
0.194927
0.195411
0.195702
0.195763
0.195662
0.195429
0.195187
0.194937
0.194445
0.193707
0.192794
0.192102
0.192003
0.192544
0.19352
0.194875
0.196963
0.20021
0.203957
0.206693
0.180564
0.166247
0.167979
0.168779
0.162262
0.153072
0.146889
0.142905
0.181859
0.185042
0.143661
0.159091
0.15536
0.178339
0.166472
0.162319
0.168293
0.17053
0.170716
0.16986
0.168676
0.175659
0.192585
0.19401
0.191469
0.183801
0.161422
0.165597
0.16794
0.161272
0.164176
0.157382
0.179693
0.146682
0.182059
0.210651
0.1971
0.194912
0.194551
0.19536
0.195819
0.196055
0.1961
0.195954
0.195708
0.195383
0.195078
0.194808
0.194341
0.193604
0.192664
0.191751
0.191312
0.191504
0.192118
0.192941
0.194134
0.19614
0.199513
0.201125
0.19834
0.170711
0.171034
0.164871
0.156295
0.146133
0.14352
0.155916
0.147306
0.149741
0.161185
0.159007
0.180763
0.183206
0.161208
0.160987
0.166975
0.171903
0.173826
0.173629
0.171158
0.170199
0.190306
0.193854
0.190898
0.192392
0.164822
0.170445
0.168735
0.162209
0.160785
0.165885
0.148464
0.142397
0.212445
0.195305
0.195741
0.19601
0.196278
0.196494
0.196674
0.196668
0.196515
0.19624
0.19591
0.195543
0.195243
0.194915
0.194444
0.193749
0.192766
0.191638
0.190798
0.190543
0.190757
0.191191
0.191836
0.193025
0.19519
0.19803
0.192475
0.177539
0.161087
0.158245
0.14824
0.143762
0.148568
0.15912
0.153806
0.154576
0.166239
0.155714
0.143457
0.171811
0.154003
0.157889
0.162103
0.16757
0.172054
0.174566
0.174649
0.171065
0.190101
0.195475
0.190302
0.189528
0.17043
0.175406
0.171542
0.158821
0.157332
0.166107
0.149763
0.176187
0.198829
0.197628
0.197045
0.197561
0.197916
0.197595
0.197524
0.197351
0.197096
0.196768
0.196405
0.196066
0.195771
0.195393
0.194897
0.194206
0.193228
0.191982
0.190777
0.189999
0.189709
0.189722
0.189966
0.19065
0.192003
0.194315
0.193167
0.180392
0.148682
0.155565
0.144845
0.155853
0.163638
0.158624
0.158582
0.160446
0.158538
0.159846
0.143108
0.151606
0.149317
0.1491
0.152908
0.157169
0.162383
0.166831
0.172633
0.174982
0.173917
0.194135
0.189458
0.188236
0.183627
0.183495
0.190242
0.184973
0.170197
0.149134
0.146152
0.21156
0.201639
0.198491
0.198739
0.198971
0.19917
0.198578
0.19838
0.198122
0.19785
0.197543
0.197211
0.196917
0.196585
0.1962
0.195702
0.195024
0.194068
0.192797
0.19137
0.190144
0.189307
0.188745
0.188465
0.188552
0.189498
0.192631
0.192914
0.188959
0.169823
0.143181
0.142531
0.12772
0.139243
0.154746
0.154165
0.172858
0.185176
0.197835
0.148181
0.143677
0.143138
0.143568
0.14618
0.151194
0.159266
0.166487
0.168906
0.169826
0.172303
0.189459
0.1909
0.188502
0.190077
0.207504
0.210372
0.208868
0.203378
0.149819
0.144542
0.208969
0.201009
0.199642
0.199832
0.199894
0.200015
0.199377
0.199197
0.198974
0.198748
0.198503
0.198241
0.197987
0.19764
0.197241
0.196725
0.19601
0.195025
0.193713
0.192167
0.190686
0.18941
0.188356
0.187531
0.187582
0.191795
0.193098
0.190572
0.188011
0.180059
0.194829
0.179498
0.198067
0.208563
0.19114
0.179326
0.193866
0.165661
0.130655
0.195068
0.149472
0.146592
0.153071
0.159925
0.145588
0.151312
0.16153
0.169652
0.169906
0.173507
0.176563
0.194435
0.188708
0.184097
0.21951
0.215749
0.211222
0.171056
0.146407
0.14325
0.196586
0.200362
0.199985
0.200204
0.200218
0.200325
0.199698
0.199532
0.19934
0.199151
0.198947
0.198718
0.198489
0.19817
0.197755
0.197237
0.19651
0.195526
0.194193
0.192459
0.190429
0.188293
0.186184
0.184202
0.188027
0.191839
0.190358
0.187087
0.178529
0.204841
0.199337
0.179344
0.192546
0.216187
0.206764
0.199468
0.199712
0.201065
0.20003
0.183814
0.154291
0.160669
0.159473
0.148722
0.163338
0.147026
0.157639
0.170036
0.174397
0.176329
0.174708
0.190015
0.190455
0.182757
0.181763
0.208832
0.201631
0.147975
0.145161
0.180517
0.203048
0.199825
0.200082
0.200218
0.200168
0.20031
0.199707
0.199556
0.199417
0.199283
0.19913
0.198944
0.198733
0.198432
0.198035
0.197485
0.196751
0.195774
0.194442
0.192572
0.190043
0.186958
0.183654
0.183291
0.189754
0.190376
0.186977
0.178148
0.168271
0.139409
0.148491
0.175872
0.178458
0.195967
0.205904
0.215039
0.205255
0.199616
0.200607
0.204971
0.217761
0.152692
0.169968
0.160046
0.14839
0.145306
0.155124
0.169057
0.174795
0.178666
0.174714
0.190667
0.191867
0.182042
0.185563
0.214696
0.182741
0.148717
0.144339
0.20987
0.201439
0.199711
0.200184
0.200206
0.200094
0.200342
0.199784
0.199685
0.199595
0.199517
0.19941
0.199256
0.199035
0.198755
0.198335
0.197768
0.197035
0.196066
0.194735
0.192893
0.190411
0.187855
0.186045
0.189124
0.1926
0.189083
0.176132
0.141558
0.132345
0.131066
0.144559
0.172279
0.161948
0.191707
0.200858
0.207668
0.212014
0.203542
0.19862
0.199245
0.204602
0.208076
0.197403
0.161438
0.17064
0.145033
0.167122
0.166212
0.172143
0.178351
0.173963
0.190738
0.193182
0.186145
0.184774
0.214504
0.179245
0.148081
0.144088
0.171261
0.200529
0.200151
0.200541
0.200409
0.200276
0.200534
0.199972
0.199908
0.199854
0.199788
0.199698
0.199516
0.199279
0.198941
0.198466
0.197848
0.197038
0.196015
0.194618
0.192628
0.190061
0.187842
0.18683
0.191513
0.192663
0.187734
0.167737
0.176764
0.135626
0.133695
0.16003
0.164373
0.172944
0.191499
0.198504
0.206397
0.215853
0.208711
0.202522
0.197618
0.197612
0.201041
0.203976
0.194037
0.164481
0.182209
0.180493
0.16352
0.172065
0.176543
0.17433
0.190834
0.193105
0.176225
0.185656
0.210163
0.201725
0.150074
0.144466
0.170552
0.200494
0.201003
0.201156
0.200923
0.200764
0.201047
0.200355
0.200381
0.200311
0.200238
0.200083
0.19979
0.199447
0.198999
0.198449
0.197732
0.196881
0.195733
0.194144
0.191946
0.189317
0.187571
0.187605
0.192959
0.192445
0.186852
0.173398
0.198971
0.133214
0.143172
0.176606
0.191345
0.191327
0.193538
0.199665
0.206642
0.211766
0.21502
0.206974
0.200291
0.196418
0.196553
0.19885
0.201643
0.189253
0.164394
0.171134
0.163242
0.177066
0.172869
0.187166
0.196069
0.190201
0.175464
0.181097
0.213619
0.215747
0.150791
0.145061
0.168576
0.201188
0.202162
0.201977
0.201638
0.201454
0.201599
0.200968
0.200921
0.200885
0.200774
0.200563
0.200254
0.199798
0.199225
0.19856
0.197803
0.19682
0.195498
0.193703
0.191322
0.18882
0.18774
0.189232
0.193747
0.192281
0.186671
0.18084
0.187021
0.14751
0.158533
0.207466
0.194065
0.198327
0.199111
0.203769
0.207395
0.210257
0.211678
0.214142
0.207957
0.200149
0.198023
0.199153
0.202592
0.202144
0.166909
0.164216
0.167078
0.175972
0.178868
0.194267
0.194196
0.186259
0.179524
0.17723
0.179279
0.191814
0.151338
0.145537
0.168027
0.202361
0.203541
0.202956
0.202485
0.20227
0.202374
0.20176
0.201758
0.201717
0.20156
0.201288
0.20089
0.200345
0.19968
0.198962
0.198056
0.196898
0.195395
0.193427
0.190997
0.188953
0.188651
0.191397
0.194176
0.192321
0.187437
0.186673
0.177328
0.176781
0.192972
0.212324
0.200993
0.203932
0.205276
0.20663
0.208124
0.209503
0.210384
0.211414
0.212607
0.213705
0.206681
0.203631
0.206586
0.211525
0.168649
0.171559
0.168498
0.19075
0.194305
0.196832
0.192196
0.18702
0.179174
0.179461
0.178562
0.171422
0.151661
0.145719
0.177652
0.204044
0.205017
0.203964
0.203311
0.203059
0.20314
0.202637
0.202679
0.202629
0.202451
0.202143
0.201647
0.200979
0.200218
0.199341
0.198249
0.196921
0.195275
0.193231
0.190966
0.189721
0.190303
0.193292
0.194428
0.192694
0.189433
0.195846
0.196921
0.191555
0.194807
0.209022
0.209691
0.208326
0.208178
0.208382
0.208672
0.20903
0.209669
0.21036
0.210975
0.211819
0.213385
0.215894
0.216461
0.220691
0.171006
0.173771
0.171892
0.166134
0.194668
0.19505
0.192681
0.188712
0.183686
0.180116
0.180521
0.166737
0.151879
0.145804
0.193487
0.206234
0.206298
0.204832
0.204054
0.203777
0.203942
0.20354
0.203625
0.203568
0.203362
0.202985
0.20229
0.201404
0.200503
0.19944
0.198194
0.196732
0.19501
0.19302
0.191172
0.190854
0.192217
0.194603
0.194647
0.193349
0.19215
0.200437
0.219055
0.191237
0.201079
0.209575
0.214956
0.210448
0.20958
0.209238
0.209043
0.208832
0.209198
0.209746
0.210256
0.210841
0.211911
0.214025
0.216623
0.216177
0.16975
0.170941
0.167511
0.195341
0.194359
0.194504
0.193161
0.190613
0.188145
0.172914
0.180634
0.165335
0.152038
0.146284
0.205083
0.207349
0.206391
0.205116
0.20449
0.204338
0.204845
0.204497
0.204607
0.204543
0.204237
0.203644
0.202588
0.20149
0.200368
0.199128
0.197747
0.196231
0.194558
0.192755
0.191505
0.191985
0.193869
0.19547
0.194987
0.194147
0.194926
0.19316
0.210193
0.196255
0.203816
0.205833
0.216004
0.210777
0.209706
0.20937
0.209255
0.208885
0.208992
0.209306
0.209686
0.21007
0.210586
0.211104
0.210254
0.176357
0.173897
0.174066
0.170766
0.193681
0.194979
0.194258
0.193273
0.192154
0.19143
0.19255
0.166466
0.16552
0.146179
0.153378
0.207503
0.206626
0.204573
0.203589
0.20376
0.204335
0.205373
0.20538
0.20562
0.205457
0.204939
0.20384
0.202306
0.201006
0.199664
0.198245
0.196762
0.195229
0.193631
0.192163
0.191543
0.192393
0.194571
0.195861
0.195526
0.195254
0.198619
0.198409
0.209035
0.200829
0.200106
0.200304
0.212098
0.210067
0.209046
0.208996
0.209288
0.209082
0.209037
0.209102
0.209227
0.209239
0.208816
0.206569
0.206469
0.173824
0.163441
0.197645
0.171906
0.194907
0.195615
0.193656
0.192781
0.193029
0.191231
0.179534
0.165284
0.177821
0.146258
0.154598
0.206693
0.205958
0.203471
0.202426
0.202378
0.202886
0.204491
0.206004
0.206461
0.206088
0.205217
0.203344
0.201527
0.200001
0.198481
0.196984
0.195538
0.194114
0.192671
0.191309
0.190301
0.190082
0.192608
0.19535
0.195967
0.196755
0.191982
0.208564
0.204136
0.196803
0.195057
0.194691
0.2007
0.208743
0.207987
0.208276
0.209097
0.209296
0.209288
0.209148
0.208898
0.208202
0.206144
0.201524
0.171633
0.163386
0.161118
0.178953
0.194035
0.196777
0.195704
0.192319
0.190417
0.166622
0.168969
0.209362
0.173669
0.14987
0.145648
0.171606
0.208734
0.203338
0.200592
0.199727
0.200193
0.201733
0.204744
0.205652
0.207206
0.206277
0.204777
0.202077
0.200166
0.198405
0.196842
0.19545
0.194172
0.192872
0.191202
0.187874
0.177953
0.17085
0.167092
0.1709
0.186134
0.199673
0.198642
0.218188
0.197995
0.191644
0.190123
0.189811
0.193682
0.207139
0.206792
0.207376
0.208633
0.209371
0.209612
0.209397
0.208651
0.206757
0.20189
0.181135
0.170904
0.16117
0.156987
0.195725
0.196314
0.197495
0.194565
0.189805
0.172303
0.195694
0.158108
0.175213
0.159861
0.149316
0.145207
0.192981
0.206958
0.200595
0.198229
0.197727
0.198668
0.20094
0.203793
0.206106
0.207833
0.206043
0.203558
0.200571
0.19841
0.196538
0.195099
0.193913
0.19275
0.190975
0.18588
0.176422
0.167212
0.16545
0.17224
0.189458
0.194443
0.196329
0.20682
0.210546
0.191519
0.186038
0.18532
0.18581
0.188434
0.203241
0.205416
0.206236
0.207824
0.209117
0.209855
0.209745
0.208302
0.20456
0.19805
0.167738
0.156615
0.144031
0.178201
0.201596
0.201608
0.199835
0.193583
0.187052
0.176374
0.166066
0.158701
0.148779
0.151169
0.147731
0.144933
0.202595
0.204724
0.197055
0.195066
0.195012
0.196746
0.200241
0.203908
0.207594
0.207927
0.205211
0.201436
0.198688
0.196364
0.194705
0.193625
0.192504
0.190596
0.183412
0.173859
0.167243
0.165702
0.169344
0.189888
0.198447
0.202008
0.205479
0.212944
0.19846
0.185238
0.180659
0.181645
0.183499
0.185777
0.193397
0.204453
0.205465
0.207132
0.208973
0.210305
0.210114
0.207464
0.201747
0.171659
0.160174
0.181999
0.167886
0.180961
0.209102
0.19362
0.195257
0.190265
0.180742
0.169234
0.165092
0.152864
0.155797
0.157866
0.146366
0.145461
0.198721
0.201613
0.194429
0.193407
0.194193
0.19659
0.200275
0.204821
0.207996
0.208391
0.203367
0.19957
0.196777
0.194639
0.193503
0.192652
0.190357
0.180608
0.171588
0.167094
0.165844
0.166787
0.18905
0.196557
0.203327
0.207502
0.211712
0.214231
0.189545
0.180529
0.178112
0.179461
0.181766
0.184185
0.188377
0.198724
0.204614
0.206567
0.209094
0.210938
0.210352
0.205656
0.196716
0.169466
0.178204
0.156154
0.178645
0.194553
0.217165
0.195569
0.191759
0.187537
0.181108
0.176108
0.163818
0.15654
0.168176
0.159786
0.145154
0.21262
0.203955
0.198282
0.192952
0.193069
0.194743
0.197731
0.201719
0.206119
0.208839
0.206951
0.20162
0.198148
0.195433
0.193754
0.192758
0.190387
0.179437
0.172006
0.167101
0.166006
0.166304
0.176944
0.192818
0.202635
0.206977
0.211291
0.215071
0.196378
0.189645
0.183828
0.181802
0.181366
0.180667
0.182343
0.184962
0.187922
0.192593
0.202229
0.20976
0.212188
0.211752
0.197035
0.16666
0.142745
0.141342
0.161062
0.168858
0.199597
0.217565
0.196578
0.171337
0.173876
0.17777
0.17641
0.151849
0.163201
0.166833
0.153429
0.143479
0.181853
0.201219
0.195773
0.192763
0.194043
0.196264
0.199746
0.203977
0.207321
0.207852
0.204851
0.20043
0.197656
0.195165
0.193365
0.191617
0.184303
0.172809
0.168839
0.166929
0.166856
0.169393
0.191403
0.198254
0.205324
0.209631
0.214412
0.204159
0.19085
0.198637
0.20155
0.200997
0.200473
0.201323
0.185946
0.18228
0.185338
0.187143
0.19055
0.195258
0.19714
0.202587
0.175143
0.171794
0.168168
0.158198
0.165971
0.191879
0.193361
0.211803
0.194156
0.165716
0.164302
0.186177
0.152196
0.160673
0.163101
0.165411
0.148913
0.213147
0.197768
0.199193
0.194345
0.195792
0.197374
0.200231
0.203553
0.2063
0.20858
0.206866
0.203032
0.200279
0.197753
0.194209
0.189008
0.170308
0.172043
0.204387
0.204446
0.205678
0.206998
0.207798
0.196533
0.206001
0.206658
0.211659
0.207244
0.196318
0.18458
0.199319
0.199382
0.200128
0.201045
0.202374
0.203637
0.179782
0.181553
0.184448
0.189653
0.195519
0.200098
0.198815
0.16512
0.161628
0.148066
0.175742
0.172965
0.19443
0.193573
0.208356
0.190912
0.171778
0.164019
0.174244
0.161887
0.152886
0.161921
0.166591
0.146093
0.197493
0.202754
0.196995
0.195884
0.19788
0.200008
0.202642
0.205476
0.2066
0.206639
0.20314
0.201829
0.199687
0.196127
0.191401
0.179116
0.165501
0.176372
0.205611
0.205342
0.206356
0.207372
0.208422
0.207431
0.198888
0.209003
0.213943
0.197915
0.189454
0.183117
0.19897
0.201902
0.189898
0.192451
0.192669
0.191879
0.188795
0.181947
0.17884
0.174249
0.174489
0.189651
0.166817
0.173585
0.155996
0.15717
0.182239
0.181682
0.194624
0.192112
0.20661
0.188189
0.167748
0.164089
0.168522
0.157264
0.152575
0.162201
0.165218
0.195339
0.19989
0.20113
0.197001
0.196791
0.199414
0.202166
0.204432
0.205791
0.205193
0.203098
0.202218
0.200562
0.195448
0.169488
0.163563
0.167611
0.172894
0.205598
0.205204
0.205848
0.206756
0.207448
0.208894
0.208246
0.205508
0.19149
0.196865
0.191519
0.186907
0.203063
0.18818
0.190796
0.192598
0.193871
0.194183
0.193863
0.192912
0.190331
0.181356
0.175594
0.16958
0.167767
0.162856
0.16529
0.15109
0.176124
0.187065
0.192954
0.193984
0.190906
0.205966
0.170119
0.169781
0.164818
0.164918
0.149784
0.154779
0.162324
0.145694
0.204276
0.20195
0.20208
0.199513
0.198075
0.201472
0.202376
0.202788
0.202945
0.202124
0.201274
0.200656
0.197191
0.167393
0.162377
0.162123
0.16332
0.166594
0.206285
0.20613
0.206652
0.207312
0.207576
0.208667
0.208435
0.203039
0.195832
0.186091
0.18796
0.181698
0.205336
0.188367
0.191412
0.193181
0.19388
0.194926
0.195142
0.194417
0.192767
0.185866
0.174217
0.167363
0.16645
0.1694
0.153693
0.155537
0.168102
0.190744
0.195813
0.192328
0.19046
0.202868
0.165979
0.169159
0.16863
0.160079
0.14813
0.157349
0.163832
0.148303
0.199098
0.204742
0.202605
0.201181
0.200661
0.20081
0.202082
0.202075
0.201849
0.20075
0.198767
0.181243
0.168016
0.163889
0.162882
0.162586
0.163237
0.170165
0.206902
0.206975
0.20737
0.207665
0.208974
0.208657
0.20689
0.203366
0.19278
0.18507
0.183159
0.181191
0.177592
0.187302
0.190693
0.192833
0.193886
0.194371
0.193823
0.194695
0.193339
0.18929
0.170344
0.164293
0.163667
0.171864
0.149817
0.172294
0.170618
0.191842
0.197591
0.199615
0.208835
0.201715
0.164934
0.166608
0.16853
0.152472
0.146825
0.160475
0.167959
0.19409
0.201339
0.20773
0.199406
0.202504
0.200096
0.201881
0.201876
0.201014
0.199048
0.19467
0.181413
0.181402
0.167473
0.164544
0.163941
0.163727
0.164908
0.207602
0.207586
0.20774
0.207967
0.208091
0.209135
0.209045
0.204394
0.201375
0.189502
0.184343
0.182569
0.181062
0.177444
0.187989
0.191523
0.193492
0.194516
0.194864
0.19454
0.193122
0.189543
0.186562
0.167155
0.161053
0.15796
0.157611
0.15718
0.18036
0.172783
0.191566
0.198852
0.2013
0.209125
0.196273
0.166671
0.165842
0.161907
0.148611
0.150095
0.162057
0.145343
0.205849
0.202292
0.207788
0.209262
0.206317
0.201343
0.1996
0.195144
0.19619
0.195629
0.193105
0.1866
0.171582
0.166311
0.165163
0.164776
0.164544
0.167165
0.20806
0.208228
0.208382
0.208336
0.208889
0.209127
0.208472
0.204604
0.197821
0.186685
0.183806
0.182196
0.181102
0.176313
0.188721
0.192545
0.194614
0.195635
0.19566
0.194905
0.192654
0.187182
0.175632
0.177108
0.170499
0.181932
0.165767
0.155961
0.181387
0.175088
0.190061
0.199732
0.203959
0.207039
0.192338
0.169625
0.169206
0.158197
0.147831
0.156504
0.163313
0.147944
0.199403
0.202399
0.207713
0.210038
0.20822
0.201669
0.201514
0.20192
0.196396
0.195165
0.190144
0.1746
0.167889
0.166118
0.166034
0.165713
0.165296
0.203578
0.208312
0.208708
0.208878
0.208992
0.209731
0.20948
0.206749
0.204368
0.193383
0.185571
0.183398
0.181983
0.181362
0.173826
0.189019
0.19684
0.200244
0.201684
0.201712
0.199369
0.192254
0.179851
0.16612
0.15736
0.176131
0.155362
0.154107
0.166116
0.179305
0.177465
0.194709
0.200324
0.206827
0.205915
0.185098
0.170225
0.168803
0.151474
0.147251
0.162141
0.167651
0.181084
0.199107
0.20191
0.207263
0.210271
0.208625
0.202242
0.2034
0.198433
0.198381
0.198143
0.180794
0.171248
0.166445
0.165968
0.167219
0.16682
0.166076
0.205622
0.20839
0.209031
0.209149
0.208282
0.209778
0.209833
0.205013
0.202002
0.189818
0.185325
0.183174
0.181936
0.18202
0.175144
0.190265
0.202325
0.210947
0.213528
0.209031
0.203712
0.1923
0.17398
0.15924
0.15285
0.163993
0.155538
0.157931
0.174264
0.170896
0.181292
0.196724
0.200982
0.213457
0.204599
0.166835
0.166673
0.160838
0.148984
0.154215
0.16381
0.145611
0.191227
0.199206
0.200296
0.205843
0.209215
0.207962
0.204615
0.198687
0.197347
0.197899
0.199027
0.202175
0.172673
0.167078
0.166921
0.167425
0.168128
0.166875
0.204692
0.208302
0.209187
0.209297
0.208752
0.209956
0.209392
0.205929
0.198382
0.187841
0.185062
0.183089
0.182159
0.183305
0.188426
0.20975
0.21226
0.211617
0.210611
0.209671
0.207085
0.20037
0.176466
0.151041
0.150137
0.148804
0.164303
0.154865
0.176292
0.172459
0.189277
0.197965
0.20225
0.210055
0.201658
0.166117
0.167939
0.157624
0.148906
0.165135
0.166613
0.146836
0.204709
0.199191
0.201351
0.203692
0.208049
0.210511
0.206709
0.196913
0.19651
0.197361
0.198895
0.202031
0.206542
0.209906
0.169933
0.168531
0.167749
0.167261
0.167173
0.208173
0.209235
0.20998
0.210185
0.210368
0.208259
0.206094
0.194186
0.187528
0.18494
0.183215
0.182809
0.18508
0.186451
0.207978
0.205766
0.202839
0.200247
0.197245
0.192712
0.184255
0.155514
0.148029
0.145173
0.145666
0.156511
0.155872
0.1645
0.174062
0.193141
0.198066
0.203955
0.207588
0.194472
0.17092
0.170472
0.152541
0.155787
0.145957
0.167954
0.148881
0.20194
0.197474
0.198017
0.208008
0.212045
0.212903
0.198671
0.195186
0.195544
0.196882
0.1986
0.201773
0.20614
0.209412
0.211847
0.17204
0.167948
0.166573
0.166337
0.20806
0.20924
0.210119
0.210289
0.210771
0.206562
0.204
0.191219
0.187706
0.185069
0.183615
0.184048
0.186843
0.181129
0.199628
0.197551
0.193766
0.189247
0.18327
0.173364
0.154478
0.149731
0.144754
0.143113
0.158156
0.157512
0.16456
0.166085
0.175562
0.19446
0.192069
0.205025
0.205914
0.189659
0.168611
0.162478
0.15054
0.148936
0.143845
0.146335
0.176397
0.198466
0.194986
0.193788
0.196434
0.200929
0.200991
0.198654
0.194035
0.194842
0.196394
0.198218
0.201406
0.205778
0.209099
0.211663
0.212647
0.168083
0.165883
0.166099
0.207881
0.209204
0.20931
0.210238
0.210657
0.205922
0.200216
0.190493
0.187816
0.185486
0.184343
0.185784
0.189043
0.177943
0.192282
0.188941
0.183201
0.175322
0.165966
0.155737
0.150696
0.145482
0.146259
0.146987
0.157011
0.154277
0.161449
0.167687
0.176807
0.195134
0.192951
0.209235
0.20458
0.16672
0.167211
0.157161
0.153133
0.14703
0.142332
0.145741
0.188815
0.187934
0.193047
0.19142
0.192997
0.196597
0.198102
0.195776
0.193137
0.194133
0.195881
0.197801
0.201009
0.205456
0.208814
0.211513
0.212912
0.168829
0.165256
0.165066
0.207936
0.209236
0.207039
0.210159
0.210026
0.207236
0.196161
0.190861
0.187974
0.186102
0.185381
0.187415
0.188309
0.173035
0.184431
0.179605
0.178121
0.168495
0.161141
0.153392
0.150089
0.148664
0.146682
0.161111
0.158371
0.164418
0.162035
0.169364
0.177717
0.195351
0.192153
0.193898
0.20087
0.179186
0.171429
0.155481
0.150335
0.14484
0.153996
0.151218
0.187581
0.186932
0.192042
0.189014
0.189225
0.192499
0.194704
0.194065
0.192221
0.193365
0.195311
0.197321
0.200581
0.205133
0.208558
0.211389
0.213017
0.168522
0.164501
0.164114
0.207412
0.209221
0.206814
0.210057
0.209161
0.206617
0.193749
0.191281
0.188254
0.18672
0.186473
0.188798
0.1872
0.175266
0.179026
0.176321
0.175852
0.172548
0.164539
0.153743
0.154577
0.152004
0.152054
0.158049
0.165816
0.162968
0.162423
0.171093
0.178152
0.1945
0.191954
0.201607
0.195702
0.171319
0.165452
0.156566
0.148992
0.142559
0.152818
0.150179
0.18034
0.185709
0.185121
0.187884
0.185558
0.187945
0.190831
0.191928
0.191
0.192528
0.194682
0.196791
0.200119
0.204774
0.208318
0.211285
0.213004
0.166278
0.163454
0.1631
0.165782
0.209118
0.206487
0.209892
0.208118
0.204444
0.193158
0.191517
0.188527
0.187199
0.18736
0.190007
0.185648
0.176409
0.176366
0.17652
0.175418
0.170173
0.15751
0.157329
0.156317
0.150928
0.155347
0.164225
0.167414
0.16104
0.163053
0.172827
0.178111
0.192427
0.195177
0.202885
0.191017
0.167669
0.157585
0.150658
0.147947
0.154889
0.147084
0.151549
0.178519
0.184443
0.184399
0.182729
0.183442
0.183516
0.186501
0.18925
0.189321
0.191613
0.193952
0.196174
0.199621
0.204355
0.208035
0.211077
0.21267
0.165075
0.162372
0.162041
0.163475
0.208508
0.206032
0.20955
0.206768
0.201096
0.193462
0.191633
0.188805
0.187499
0.187882
0.188556
0.183576
0.175046
0.17134
0.174232
0.168254
0.160718
0.160422
0.158204
0.154647
0.156378
0.162944
0.166435
0.167087
0.16054
0.164126
0.174397
0.177827
0.192172
0.199965
0.204967
0.206563
0.171658
0.158666
0.148788
0.146589
0.154128
0.150157
0.151248
0.177486
0.185551
0.183202
0.18234
0.178003
0.180752
0.182417
0.185819
0.187814
0.190818
0.193168
0.195498
0.199114
0.20391
0.207685
0.210581
0.211633
0.169205
0.16255
0.16136
0.162238
0.206004
0.205367
0.20894
0.204944
0.197254
0.193937
0.191706
0.188992
0.187524
0.188447
0.186844
0.180616
0.17196
0.167394
0.16768
0.163051
0.163522
0.163791
0.159978
0.153443
0.155622
0.164675
0.167095
0.165898
0.160895
0.165699
0.175389
0.177593
0.191375
0.203024
0.20501
0.175417
0.166339
0.15306
0.147745
0.144579
0.151637
0.150436
0.152074
0.17634
0.182205
0.181843
0.181516
0.179431
0.17597
0.180914
0.183712
0.187134
0.1902
0.192629
0.195028
0.198845
0.203699
0.207447
0.209652
0.208872
0.170551
0.170803
0.162487
0.161329
0.165375
0.204184
0.207968
0.20288
0.194665
0.194384
0.191711
0.18898
0.187158
0.187587
0.184241
0.176393
0.167823
0.17267
0.164742
0.166267
0.167014
0.161691
0.158084
0.156183
0.157108
0.165214
0.16746
0.16456
0.161501
0.16772
0.175471
0.18844
0.190489
0.20381
0.20491
0.200574
0.157362
0.150094
0.147129
0.152987
0.146892
0.151342
0.152375
0.156043
0.181386
0.183616
0.179989
0.17932
0.178131
0.177121
0.183396
0.186441
0.19023
0.192761
0.195227
0.199198
0.203708
0.206505
0.206984
0.205474
0.167302
0.166181
0.164979
0.160816
0.163157
0.202178
0.20656
0.200607
0.194061
0.19479
0.191686
0.188433
0.186603
0.185435
0.180227
0.171258
0.163636
0.162187
0.169613
0.170108
0.166092
0.163724
0.156074
0.160858
0.157871
0.16591
0.167708
0.162539
0.162177
0.16969
0.174783
0.187656
0.190727
0.201861
0.203572
0.189186
0.156044
0.14848
0.146643
0.15226
0.153279
0.15221
0.152783
0.156224
0.177108
0.182714
0.182117
0.180068
0.178089
0.178693
0.179937
0.182873
0.184695
0.191375
0.19495
0.198869
0.201874
0.203971
0.204283
0.202068
0.161928
0.162763
0.16446
0.160934
0.16177
0.19174
0.204388
0.196501
0.194684
0.19511
0.191299
0.186885
0.184846
0.182694
0.175818
0.166033
0.16192
0.161749
0.173645
0.170504
0.168641
0.161723
0.159584
0.15627
0.164081
0.166374
0.167848
0.16093
0.163243
0.171358
0.173885
0.172195
0.19197
0.200785
0.200601
0.187615
0.151819
0.147324
0.145646
0.150306
0.151706
0.152919
0.153581
0.157987
0.167341
0.172573
0.180848
0.179719
0.178848
0.177807
0.180343
0.181758
0.183844
0.18565
0.187159
0.188939
0.191268
0.194423
0.194612
0.196248
0.159005
0.159911
0.162657
0.16578
0.160795
0.188468
0.19782
0.191898
0.195561
0.195213
0.190097
0.168474
0.182349
0.179349
0.171851
0.161704
0.159978
0.159844
0.17493
0.173871
0.168046
0.164259
0.172556
0.158677
0.165258
0.166893
0.167399
0.161401
0.164747
0.172569
0.173038
0.179585
0.194802
0.201254
0.198926
0.157629
0.149634
0.146634
0.145547
0.14866
0.152359
0.1538
0.155329
0.16197
0.16797
0.169145
0.167979
0.177096
0.178117
0.179289
0.179845
0.183368
0.18193
0.18424
0.186956
0.189744
0.192549
0.194426
0.193453
0.188207
0.16483
0.160114
0.161947
0.162149
0.160331
0.187973
0.19493
0.191019
0.195862
0.194622
0.172464
0.16841
0.179868
0.17325
0.167081
0.160137
0.15868
0.160727
0.179569
0.17361
0.173031
0.168451
0.190758
0.159836
0.164348
0.16721
0.165824
0.162551
0.166251
0.17333
0.172551
0.179837
0.197441
0.19911
0.188826
0.156125
0.147979
0.146281
0.150752
0.150042
0.153176
0.155113
0.158871
0.166335
0.169476
0.169002
0.167754
0.167052
0.166694
0.174594
0.180873
0.169095
0.181715
0.180645
0.181541
0.189012
0.192687
0.193378
0.190862
0.183092
0.195164
0.186233
0.166958
0.164456
0.160691
0.188083
0.195156
0.219649
0.195112
0.191849
0.170603
0.166081
0.175914
0.163821
0.165131
0.166921
0.157913
0.160212
0.178733
0.173264
0.16889
0.167325
0.172569
0.161236
0.15482
0.167428
0.163331
0.163607
0.167572
0.173871
0.185203
0.180129
0.198334
0.16858
0.188001
0.151546
0.146802
0.145887
0.149745
0.153857
0.154331
0.157534
0.164319
0.170022
0.170927
0.170455
0.169889
0.168928
0.168057
0.167801
0.168286
0.171071
0.168029
0.155672
0.153063
0.178383
0.182601
0.187996
0.187008
0.171366
0.209222
0.211897
0.202773
0.171741
0.162635
0.186489
0.195883
0.220095
0.1964
0.174363
0.167514
0.163698
0.161485
0.161634
0.164253
0.16679
0.159112
0.182667
0.174211
0.168843
0.167902
0.171384
0.177322
0.163295
0.158189
0.167903
0.163933
0.164589
0.168668
0.174367
0.187278
0.169895
0.194765
0.168808
0.186233
0.149285
0.146143
0.145752
0.150019
0.154316
0.156205
0.161565
0.169233
0.171722
0.171137
0.170235
0.169676
0.169479
0.169518
0.169785
0.170362
0.167734
0.164362
0.156311
0.151327
0.151467
0.150676
0.166711
0.161663
0.154738
0.175704
0.211197
0.213509
0.210354
0.171847
0.180659
0.194612
0.207356
0.191124
0.170129
0.164518
0.162347
0.161105
0.162579
0.165046
0.167047
0.156226
0.166737
0.162625
0.163407
0.17314
0.177889
0.182384
0.162334
0.164863
0.167533
0.165088
0.165427
0.169569
0.17487
0.187896
0.169989
0.172645
0.1676
0.161637
0.14774
0.145975
0.149573
0.152003
0.155784
0.158174
0.165714
0.171405
0.171299
0.170246
0.169463
0.168852
0.168418
0.168113
0.167952
0.167996
0.1583
0.151482
0.146283
0.145879
0.147464
0.151799
0.143667
0.145779
0.150825
0.15643
0.188845
0.209038
0.21332
0.182295
0.178124
0.185259
0.194082
0.186818
0.167065
0.163131
0.162282
0.163801
0.163884
0.16527
0.159413
0.151315
0.159624
0.165287
0.175412
0.180112
0.183023
0.164049
0.162144
0.167133
0.166638
0.165652
0.166041
0.170542
0.175509
0.184603
0.17056
0.172699
0.166296
0.158528
0.146736
0.14627
0.150719
0.154871
0.157335
0.158318
0.167821
0.171867
0.170682
0.169663
0.168871
0.167954
0.166661
0.164681
0.162098
0.160105
0.152235
0.148473
0.146454
0.145635
0.146045
0.145984
0.144666
0.143123
0.14291
0.165289
0.16539
0.175621
0.180896
0.195083
0.159608
0.165161
0.158257
0.171841
0.161122
0.159648
0.1661
0.149416
0.156499
0.147919
0.153269
0.163131
0.173084
0.17995
0.184095
0.186241
0.162072
0.161064
0.165302
0.16872
0.166931
0.165896
0.1666
0.171915
0.176458
0.182475
0.171109
0.173564
0.167609
0.150069
0.146196
0.147717
0.15344
0.157934
0.156242
0.159575
0.167888
0.171841
0.170343
0.169313
0.168541
0.167306
0.164881
0.161845
0.159459
0.155924
0.152038
0.148282
0.145488
0.155681
0.152976
0.138856
0.137187
0.135804
0.132733
0.158137
0.128562
0.13389
0.13932
0.141
0.141959
0.146034
0.145656
0.154189
0.151615
0.163652
0.165554
0.143327
0.150023
0.159661
0.171835
0.18124
0.185715
0.187726
0.188953
0.164155
0.161786
0.164393
0.166471
0.169003
0.167375
0.166094
0.167067
0.173698
0.177743
0.170486
0.171401
0.17462
0.174911
0.14873
0.14609
0.150953
0.155414
0.166222
0.177258
0.167054
0.168963
0.17062
0.170233
0.168989
0.168495
0.167668
0.166078
0.161528
0.172491
0.174284
0.150865
0.147971
0.145772
0.144417
0.143028
0.13977
0.138149
0.138307
0.136749
0.124285
0.124613
0.134268
0.13823
0.132423
0.137675
0.134689
0.144387
0.178376
0.158983
0.143034
0.14281
0.156245
0.175902
0.183731
0.186824
0.188396
0.189252
0.190167
0.160321
0.163915
0.164486
0.165144
0.167433
0.169069
0.167677
0.166357
0.16766
0.175987
0.183929
0.171595
0.172464
0.17067
0.159402
0.147766
0.146752
0.153512
0.157163
0.179875
0.181976
0.182487
0.180303
0.17002
0.168828
0.149296
0.149024
0.149688
0.154198
0.162458
0.175876
0.155492
0.151325
0.148431
0.146754
0.146299
0.145354
0.141189
0.138941
0.138884
0.139139
0.14026
0.125404
0.125148
0.126769
0.137016
0.134815
0.170581
0.163604
0.140337
0.170303
0.181726
0.185736
0.18818
0.188775
0.188808
0.189471
0.190006
0.190764
0.165187
0.163999
0.164661
0.165115
0.166423
0.169364
0.168775
0.167722
0.166927
0.16922
0.178628
0.181063
0.179551
0.173428
0.165054
0.156312
0.147185
0.148399
0.154421
0.156873
0.183026
0.183965
0.155155
0.183505
0.175582
0.151933
0.153414
0.152821
0.151176
0.151758
0.159085
0.174008
0.156932
0.153472
0.149451
0.147743
0.147108
0.145734
0.14167
0.138947
0.137751
0.137844
0.138923
0.129089
0.125473
0.164998
0.157626
0.157896
0.155563
0.154897
0.154513
0.156093
0.148006
0.18903
0.190087
0.190362
0.191457
0.192449
0.159659
0.162095
0.163527
0.164362
0.164699
0.165033
0.166331
0.169307
0.167612
0.175187
0.181754
0.185203
0.174604
0.162054
0.182966
0.1849
0.16861
0.158144
0.148085
0.152528
0.156425
0.158533
0.186778
0.186328
0.184802
0.184256
0.183285
0.168185
0.153069
0.153356
0.167973
0.167312
0.1647
0.161634
0.157382
0.155062
0.150553
0.148433
0.147531
0.146196
0.142458
0.139671
0.138359
0.138255
0.138926
0.128167
0.126937
0.16508
0.157986
0.156542
0.154712
0.152168
0.152333
0.153399
0.154781
0.155939
0.170121
0.158562
0.159937
0.161427
0.162761
0.16388
0.164678
0.165183
0.165448
0.166001
0.16748
0.170669
0.169748
0.169007
0.167181
0.167816
0.184505
0.177265
0.176824
0.18178
0.164401
0.149652
0.148934
0.154192
0.156985
0.159577
0.165094
0.186935
0.185991
0.156686
0.154299
0.152166
0.155461
0.157555
0.155562
0.167999
0.166791
0.162669
0.160009
0.166668
0.152647
0.149244
0.148071
0.146994
0.143415
0.140399
0.139044
0.138834
0.139316
0.128946
0.169278
0.158255
0.156957
0.155413
0.153598
0.152171
0.152591
0.153977
0.155418
0.163628
0.166664
0.160199
0.161467
0.162599
0.163611
0.164483
0.165035
0.165412
0.165799
0.166653
0.167562
0.168955
0.171774
0.176875
0.166941
0.166253
0.182094
0.171481
0.170369
0.173009
0.162257
0.149529
0.151416
0.156334
0.158937
0.161792
0.172908
0.173195
0.169579
0.166972
0.15865
0.154143
0.152706
0.154861
0.158564
0.155266
0.168612
0.167265
0.162233
0.16851
0.152361
0.148734
0.147178
0.146878
0.146203
0.142627
0.139994
0.139702
0.138875
0.129354
0.151263
0.153924
0.154517
0.154354
0.154232
0.153621
0.153776
0.156725
0.168629
0.191796
0.193276
0.160827
0.162398
0.163412
0.164284
0.164913
0.165314
0.165606
0.165839
0.166338
0.169055
0.172451
0.170575
0.168267
0.166694
0.169016
0.186325
0.171229
0.202321
0.169323
0.160536
0.150107
0.15403
0.158582
0.161099
0.163911
0.177448
0.175173
0.174466
0.174244
0.171938
0.164507
0.156326
0.153305
0.153218
0.157094
0.15552
0.1496
0.156488
0.154983
0.152135
0.148722
0.146315
0.145323
0.145112
0.144998
0.14259
0.140006
0.140063
0.133154
0.16681
0.155542
0.153425
0.153736
0.153825
0.153983
0.155017
0.156146
0.156814
0.157963
0.159212
0.16084
0.162743
0.164068
0.164751
0.165132
0.165503
0.166225
0.167445
0.16976
0.172032
0.172186
0.170458
0.169063
0.168135
0.173071
0.19347
0.175902
0.196803
0.167564
0.158651
0.151839
0.156941
0.160833
0.162974
0.165886
0.178105
0.177069
0.174675
0.17416
0.174819
0.17478
0.169983
0.161562
0.153826
0.152822
0.15452
0.15575
0.163136
0.153866
0.152748
0.150439
0.146789
0.144505
0.143559
0.142904
0.142076
0.13944
0.138709
0.138558
0.168532
0.162325
0.15733
0.15568
0.155667
0.15624
0.156313
0.156756
0.158275
0.159602
0.160395
0.161646
0.163029
0.16428
0.164976
0.165338
0.165858
0.166861
0.168741
0.171532
0.173306
0.172971
0.171692
0.170412
0.169567
0.17228
0.196289
0.179768
0.188322
0.178079
0.155438
0.154791
0.160113
0.16306
0.164501
0.167082
0.175897
0.179284
0.178349
0.176612
0.17615
0.176555
0.177669
0.174804
0.167262
0.155149
0.157047
0.160522
0.155919
0.155077
0.152759
0.151793
0.149888
0.146383
0.143924
0.142686
0.141719
0.138914
0.139163
0.160163
0.168954
0.165715
0.162054
0.159614
0.158632
0.158257
0.158414
0.159015
0.160013
0.160729
0.161019
0.16144
0.158447
0.191003
0.165771
0.166157
0.166403
0.1673
0.169273
0.172567
0.174098
0.17358
0.17249
0.171219
0.170335
0.172257
0.196406
0.179317
0.178573
0.178142
0.152485
0.158692
0.162982
0.165178
0.166071
0.16812
0.172137
0.173104
0.179666
0.180342
0.179701
0.178887
0.179966
0.179908
0.175474
0.162964
0.164463
0.162783
0.15909
0.159988
0.158067
0.155751
0.153195
0.150893
0.148703
0.147113
0.146133
0.14484
0.151931
0.196162
0.170133
0.168051
0.1652
0.163078
0.161997
0.161554
0.194626
0.197497
0.193151
0.193592
0.193335
0.193478
0.193327
0.192455
0.191425
0.16694
0.16653
0.167208
0.169899
0.173602
0.17453
0.173822
0.172563
0.171331
0.171188
0.174374
0.195035
0.174696
0.170294
0.173843
0.16144
0.162936
0.165163
0.166946
0.168102
0.170462
0.172869
0.173885
0.17557
0.172267
0.173903
0.175941
0.16993
0.1695
0.168151
0.166866
0.165358
0.163629
0.161913
0.161009
0.160544
0.161166
0.162866
0.164818
0.164383
0.161164
0.161349
0.168407
0.188355
0.188298
0.172259
0.171471
0.16718
0.181
0.193149
0.179102
0.191294
0.192711
0.193199
0.193118
0.19289
0.171161
0.170315
0.170652
0.194742
0.165408
0.166498
0.170348
0.174181
0.174915
0.174098
0.173088
0.172442
0.172535
0.17467
0.198203
0.189678
0.166823
0.16239
0.165878
0.158032
0.166706
0.16633
0.168062
0.171641
0.172551
0.166603
0.174496
0.174374
0.173797
0.172481
0.171338
0.170389
0.169338
0.168197
0.16685
0.165333
0.16371
0.162134
0.162293
0.161728
0.162143
0.16405
0.167991
0.175396
0.182921
0.190407
0.194167
0.195882
0.197424
0.1753
0.171319
0.194162
0.195499
0.176212
0.175756
0.171956
0.171478
0.170731
0.171103
0.172771
0.173168
0.174592
0.177679
0.194957
0.193813
0.196786
0.172084
0.172982
0.17307
0.173143
0.173689
0.17483
0.176895
0.193575
0.204965
0.187393
0.166213
0.155994
0.16745
0.156751
0.169322
0.16665
0.167912
0.167473
0.175405
0.17755
0.174492
0.171775
0.174066
0.172687
0.171952
0.171254
0.170436
0.169429
0.168197
0.166748
0.165092
0.163501
0.165246
0.164943
0.165594
0.167391
0.170717
0.176166
0.181976
0.190009
0.194864
0.197635
0.187759
0.183076
0.176077
0.203232
0.201639
0.199575
0.198916
0.200059
0.196632
0.202803
0.204223
0.205013
0.206132
0.206956
0.207347
0.206263
0.204121
0.199823
0.198163
0.19352
0.187495
0.203615
0.181893
0.180641
0.204189
0.209363
0.204412
0.189314
0.174283
0.154442
0.165181
0.153129
0.168905
0.184342
0.171023
0.170826
0.177252
0.177787
0.17685
0.174679
0.17459
0.174113
0.173817
0.173355
0.172648
0.171707
0.170536
0.169161
0.167646
0.16625
0.169225
0.169777
0.171478
0.174447
0.178588
0.183129
0.188446
0.195271
0.196135
0.196564
0.192681
0.183715
0.192371
0.203797
0.202133
0.201207
0.199188
0.198417
0.19771
0.197678
0.197768
0.197995
0.199241
0.199657
0.200751
0.202271
0.196558
0.174244
0.174617
0.174848
0.175001
0.175301
0.177038
0.181254
0.209483
0.210005
0.169864
0.167361
0.172682
0.178327
0.16999
0.146451
0.189809
0.169714
0.17414
0.168156
0.167759
0.17612
0.176381
0.176516
0.176654
0.176735
0.176669
0.176277
0.175553
0.174521
0.17325
0.171907
0.17063
0.169597
0.173727
0.175069
0.177635
0.181247
0.1852
0.189946
0.195568
0.199233
0.197619
0.19625
0.192046
0.19752
0.180119
0.204235
0.202642
0.201612
0.201013
0.199893
0.201031
0.201181
0.201534
0.200156
0.172908
0.175431
0.175899
0.175604
0.175073
0.174562
0.174183
0.174113
0.174529
0.175504
0.177585
0.18288
0.210884
0.211934
0.169938
0.171059
0.176947
0.171426
0.204667
0.150591
0.175005
0.164918
0.175841
0.175314
0.177452
0.179153
0.180383
0.180866
0.180964
0.180889
0.180578
0.180018
0.179186
0.178043
0.176692
0.175379
0.174234
0.17355
0.179197
0.181166
0.184227
0.187696
0.191705
0.195756
0.198145
0.199213
0.198482
0.196924
0.190084
0.20467
0.205831
0.203877
0.202877
0.202037
0.201336
0.20175
0.201922
0.203076
0.201839
0.174909
0.17576
0.175883
0.175615
0.175189
0.174767
0.174451
0.174329
0.174604
0.175331
0.176667
0.179182
0.201943
0.211949
0.170517
0.17112
0.17225
0.181299
0.174814
0.185316
0.151215
0.166449
0.165112
0.17602
0.177144
0.179871
0.182642
0.184262
0.184997
0.185282
0.185191
0.184724
0.183993
0.183067
0.18196
0.180787
0.179669
0.178883
0.178551
0.185685
0.18811
0.190977
0.194152
0.19664
0.197467
0.197638
0.197354
0.198412
0.198402
0.189273
0.197269
0.207706
0.207868
0.204828
0.203598
0.204053
0.193578
0.201006
0.201607
0.20625
0.175697
0.17584
0.175707
0.175478
0.175243
0.175062
0.175005
0.175171
0.175618
0.176784
0.178789
0.182704
0.211367
0.171447
0.171515
0.171673
0.173262
0.196577
0.179241
0.187976
0.153684
0.160954
0.168123
0.173534
0.178107
0.183144
0.186456
0.188065
0.188989
0.189306
0.189136
0.188595
0.187797
0.186856
0.185861
0.184806
0.184018
0.183736
0.184167
0.190432
0.192758
0.195264
0.196948
0.197091
0.196377
0.195549
0.19542
0.196388
0.199612
0.188451
0.192845
0.20317
0.20915
0.209379
0.208707
0.179568
0.183398
0.184799
0.185462
0.20329
0.205549
0.176436
0.176705
0.176652
0.176506
0.176529
0.176884
0.177454
0.178556
0.180531
0.187453
0.214121
0.172014
0.171524
0.171341
0.171853
0.173799
0.19608
0.177088
0.196827
0.168902
0.165545
0.168629
0.172237
0.180799
0.187477
0.190395
0.191724
0.192412
0.19255
0.192288
0.191709
0.190895
0.189963
0.188926
0.187945
0.1873
0.187358
0.188454
0.19422
0.1961
0.197163
0.197007
0.196173
0.195144
0.194237
0.194781
0.189993
0.185948
0.184615
0.188778
0.197927
0.206628
0.210016
0.174563
0.177305
0.178837
0.181452
0.182428
0.182167
0.180958
0.17935
0.177757
0.17648
0.175618
0.174966
0.174318
0.173668
0.173065
0.172534
0.172073
0.171663
0.171338
0.171088
0.170987
0.171361
0.172753
0.185163
0.186619
0.178458
0.166993
0.165156
0.169565
0.17109
0.182344
0.190366
0.192868
0.193947
0.194464
0.194507
0.194211
0.193647
0.192902
0.192007
0.191081
0.190311
0.190035
0.190761
0.192361
0.197329
0.197659
0.197124
0.196268
0.195272
0.194335
0.194021
0.199513
0.187603
0.18035
0.180996
0.185989
0.188568
0.198138
0.207042
0.174837
0.176114
0.175002
0.177022
0.177937
0.178892
0.179427
0.179656
0.179782
0.17971
0.179474
0.179005
0.17825
0.177198
0.176019
0.174788
0.173676
0.172705
0.171928
0.171321
0.170912
0.170962
0.172099
0.176864
0.199486
0.159495
0.166246
0.167623
0.165167
0.170709
0.178069
0.19138
0.194132
0.195359
0.195875
0.195911
0.19563
0.195105
0.194431
0.193686
0.193002
0.192692
0.193193
0.194597
0.196038
0.198285
0.197327
0.196509
0.195903
0.195728
0.196214
0.196132
0.210101
0.191419
0.168567
0.172921
0.175761
0.177023
0.187644
0.175964
0.175613
0.175872
0.172905
0.173631
0.174976
0.177102
0.178909
0.180192
0.180972
0.181297
0.181241
0.180863
0.180122
0.179067
0.17776
0.176361
0.175031
0.173812
0.172709
0.171744
0.17099
0.170744
0.171908
0.175738
0.191767
0.161531
0.144102
0.173916
0.165485
0.170873
0.180789
0.191229
0.19489
0.196573
0.197222
0.197332
0.197116
0.196666
0.196079
0.195557
0.195257
0.195615
0.196751
0.197983
0.198683
0.197702
0.196755
0.196433
0.196491
0.196642
0.195935
0.195755
0.183685
0.159144
0.161922
0.158439
0.161521
0.170113
0.187962
0.176744
0.17632
0.175875
0.172928
0.172152
0.173197
0.175511
0.177642
0.179351
0.180559
0.181327
0.181607
0.18148
0.180985
0.180156
0.179008
0.177747
0.17644
0.17521
0.174022
0.172939
0.172143
0.171438
0.172248
0.176038
0.199604
0.163044
0.140771
0.210787
0.166905
0.171691
0.179239
0.188983
0.195098
0.197462
0.198421
0.198718
0.198643
0.198347
0.197946
0.197656
0.197863
0.198731
0.199751
0.200243
0.199325
0.196997
0.196681
0.196784
0.196883
0.195338
0.188688
0.191365
0.199689
0.185438
0.174753
0.160783
0.157509
0.17723
0.174215
0.176496
0.176621
0.174683
0.170264
0.170684
0.171851
0.173552
0.175407
0.17751
0.179208
0.18037
0.181063
0.181339
0.181326
0.181111
0.180741
0.181346
0.182395
0.181945
0.181064
0.18024
0.179786
0.179879
0.181232
0.187395
0.198057
0.163665
0.153521
0.194389
0.173557
0.175186
0.177994
0.182095
0.193991
0.197651
0.199226
0.199885
0.200045
0.199973
0.199823
0.199835
0.200436
0.20129
0.201673
0.200824
0.198615
0.196769
0.196898
0.197061
0.196096
0.186938
0.180871
0.199812
0.190845
0.157914
0.159971
0.174381
0.168355
0.174382
0.179114
0.178338
0.174966
0.170958
0.169867
0.171025
0.171391
0.173211
0.175865
0.178524
0.180878
0.183635
0.185753
0.185922
0.185538
0.184826
0.183892
0.182878
0.181878
0.18101
0.180336
0.179997
0.180137
0.180894
0.183276
0.193145
0.19758
0.166573
0.169173
0.160359
0.189194
0.187165
0.178067
0.183826
0.187896
0.196049
0.198992
0.200354
0.200939
0.201199
0.201375
0.201783
0.202517
0.202992
0.20251
0.200508
0.197668
0.196946
0.197116
0.197246
0.190486
0.16587
0.182467
0.186113
0.156416
0.157123
0.163685
0.169955
0.165218
0.171969
0.179753
0.176799
0.171636
0.171315
0.171209
0.170744
0.172032
0.175918
0.180976
0.182516
0.183381
0.18387
0.183927
0.183665
0.183159
0.182472
0.181727
0.181048
0.180518
0.180193
0.180109
0.180347
0.181017
0.182531
0.188086
0.197987
0.183949
0.149657
0.165982
0.183518
0.186689
0.193736
0.181429
0.182574
0.185275
0.185949
0.196742
0.199951
0.201388
0.202125
0.202683
0.203431
0.204071
0.203917
0.202794
0.199891
0.197167
0.197023
0.197604
0.195891
0.173295
0.180294
0.153469
0.121886
0.160189
0.161356
0.138365
0.148092
0.163765
0.174839
0.173038
0.173449
0.174082
0.173139
0.171628
0.172087
0.178262
0.17993
0.180558
0.181123
0.181568
0.181829
0.181803
0.181576
0.181227
0.180832
0.180503
0.180302
0.180257
0.180391
0.180751
0.181431
0.18266
0.186271
0.195484
0.188757
0.173915
0.140637
0.148629
0.198111
0.189045
0.197598
0.183226
0.185046
0.184634
0.184295
0.185263
0.190624
0.199262
0.201316
0.202447
0.203478
0.20407
0.20379
0.202425
0.199254
0.19723
0.19728
0.198873
0.19133
0.195014
0.187202
0.130537
0.133026
0.136604
0.140572
0.139143
0.135107
0.156469
0.16659
0.171068
0.174022
0.175413
0.173142
0.172716
0.179126
0.18012
0.180197
0.18035
0.180543
0.180704
0.180783
0.180745
0.180646
0.180547
0.180501
0.180558
0.180737
0.181053
0.181519
0.182192
0.183339
0.186117
0.192868
0.19982
0.172172
0.147181
0.13993
0.157838
0.213767
0.212577
0.196594
0.194787
0.194937
0.194776
0.19413
0.193241
0.183664
0.18249
0.197758
0.202975
0.20436
0.205086
0.204821
0.203293
0.200205
0.197668
0.190194
0.195551
0.193549
0.149927
0.131632
0.125036
0.130669
0.138363
0.136111
0.140821
0.136154
0.170707
0.179093
0.169922
0.177271
0.175258
0.17375
0.180921
0.180891
0.180568
0.18052
0.180538
0.180604
0.180681
0.180731
0.180653
0.180143
0.178541
0.175681
0.173295
0.172179
0.171807
0.171964
0.172889
0.174432
0.17826
0.183124
0.183771
0.150123
0.134764
0.149724
0.171659
0.2093
0.171691
0.199719
0.198175
0.198282
0.197974
0.197097
0.196702
0.196792
0.194934
0.194485
0.194289
0.194224
0.193711
0.192033
0.189384
0.184216
0.182518
0.164584
0.157699
0.144341
0.136648
0.136722
0.140026
0.14517
0.133568
0.138044
0.145274
0.148217
0.175972
0.175101
0.178162
0.175988
0.174982
0.182008
0.182142
0.181566
0.1813
0.180992
0.181076
0.18054
0.174349
0.170295
0.169678
0.169713
0.169854
0.170118
0.170486
0.170956
0.171566
0.172522
0.174192
0.17695
0.180468
0.18061
0.198288
0.199135
0.156623
0.189363
0.203824
0.20813
0.167954
0.193018
0.186061
0.19206
0.19393
0.194566
0.194171
0.19378
0.19398
0.194503
0.195047
0.195533
0.195412
0.194318
0.192341
0.187417
0.177375
0.167447
0.155573
0.144511
0.137369
0.134561
0.141105
0.139833
0.131062
0.145357
0.156551
0.168772
0.179698
0.173963
0.17502
0.172591
0.175516
0.183685
0.182822
0.182286
0.181793
0.181615
0.174869
0.17003
0.169871
0.169899
0.169992
0.170178
0.170466
0.170842
0.171306
0.171958
0.172978
0.174617
0.177026
0.179975
0.181422
0.170411
0.18387
0.202356
0.140018
0.186035
0.202239
0.20847
0.168558
0.193261
0.183164
0.185934
0.190552
0.193455
0.194548
0.194915
0.195215
0.195521
0.195992
0.196348
0.196158
0.195057
0.193482
0.189026
0.179552
0.171424
0.160247
0.149141
0.139952
0.137156
0.133232
0.131158
0.140295
0.180966
0.173855
0.18155
0.181902
0.180652
0.18321
0.183138
0.172352
0.184429
0.183586
0.182894
0.182484
0.179577
0.170423
0.170215
0.170268
0.170392
0.17059
0.170857
0.17119
0.171608
0.172175
0.173079
0.174537
0.176715
0.179318
0.180505
0.173
0.209031
0.210326
0.149008
0.186615
0.180898
0.202798
0.209195
0.218136
0.171307
0.18784
0.174097
0.192951
0.187092
0.191248
0.193658
0.195101
0.195837
0.196149
0.196401
0.196367
0.195514
0.194278
0.190577
0.182576
0.177023
0.167175
0.157863
0.160234
0.152608
0.138839
0.136146
0.196587
0.193588
0.192326
0.188397
0.185543
0.185411
0.186414
0.185679
0.183634
0.179514
0.18453
0.183603
0.183123
0.174904
0.170632
0.170706
0.170765
0.170941
0.171179
0.171474
0.171833
0.172227
0.172868
0.174028
0.175929
0.178338
0.179073
0.173801
0.18053
0.204675
0.189666
0.138922
0.189376
0.170366
0.206872
0.174303
0.170111
0.16846
0.167846
0.169168
0.173942
0.199383
0.19002
0.193565
0.196032
0.196826
0.196923
0.19714
0.196744
0.19641
0.19524
0.192245
0.186303
0.184881
0.176218
0.181814
0.184473
0.179521
0.166386
0.149865
0.208002
0.200221
0.204564
0.19036
0.187703
0.188383
0.188032
0.18653
0.184105
0.181194
0.18332
0.184571
0.183958
0.177315
0.171138
0.171287
0.171082
0.171299
0.171567
0.171864
0.172168
0.172556
0.17329
0.174647
0.176731
0.177533
0.173978
0.182685
0.189025
0.194236
0.1505
0.164583
0.184171
0.17328
0.209668
0.17311
0.168974
0.167415
0.166305
0.166642
0.16754
0.169149
0.182583
0.18895
0.193144
0.195749
0.196621
0.197549
0.197017
0.196949
0.196872
0.195635
0.191656
0.202635
0.197791
0.193428
0.191092
0.190425
0.187998
0.173616
0.20273
0.212596
0.2028
0.19015
0.190465
0.189963
0.188464
0.186039
0.183605
0.181555
0.17911
0.189115
0.184943
0.179572
0.171918
0.17151
0.171743
0.171385
0.171618
0.171843
0.17205
0.172336
0.173001
0.174506
0.175895
0.173677
0.177508
0.184727
0.187228
0.193126
0.136645
0.157565
0.185153
0.20231
0.204158
0.215928
0.170583
0.165708
0.165021
0.165383
0.165869
0.166615
0.167977
0.175937
0.189214
0.194165
0.197691
0.200953
0.201286
0.201799
0.202445
0.204149
0.203605
0.209786
0.210419
0.208943
0.206333
0.203497
0.199686
0.189973
0.192936
0.191653
0.191859
0.191892
0.190755
0.188846
0.18704
0.185751
0.184345
0.182777
0.180998
0.17896
0.178322
0.185191
0.17251
0.172144
0.171435
0.171772
0.171779
0.17127
0.171434
0.171572
0.172128
0.173199
0.172678
0.171458
0.175519
0.179962
0.190131
0.193848
0.151274
0.163568
0.174178
0.190804
0.205106
0.218345
0.216584
0.217802
0.163094
0.164627
0.165336
0.165829
0.166412
0.167906
0.181865
0.192287
0.199079
0.202683
0.204017
0.205095
0.206048
0.206953
0.208124
0.207151
0.207738
0.207993
0.20793
0.207495
0.206195
0.201993
0.193672
0.18866
0.188412
0.188193
0.187682
0.186923
0.194937
0.194568
0.193663
0.181753
0.181492
0.180314
0.179409
0.179643
0.185969
0.171797
0.171444
0.171388
0.171001
0.171014
0.171166
0.171207
0.171451
0.171612
0.169958
0.167713
0.170539
0.179008
0.185634
0.175365
0.160212
0.176667
0.177976
0.196544
0.208329
0.218434
0.21797
0.218459
0.218689
0.164301
0.165852
0.166597
0.166973
0.167277
0.169284
0.184691
0.199278
0.201477
0.202786
0.203809
0.20469
0.205535
0.206361
0.203482
0.203566
0.203379
0.202944
0.202201
0.201072
0.199712
0.198621
0.194276
0.189428
0.18586
0.182629
0.19175
0.191323
0.19107
0.191124
0.191563
0.192602
0.194641
0.198064
0.202992
0.210067
0.182981
0.177974
0.171381
0.1719
0.172262
0.172199
0.172318
0.172116
0.170641
0.167383
0.164717
0.168628
0.168804
0.163397
0.161631
0.152736
0.169789
0.170501
0.199808
0.21114
0.218352
0.218601
0.218046
0.217567
0.163742
0.167618
0.169214
0.170154
0.170493
0.172441
0.176632
0.19411
0.198708
0.200811
0.201746
0.202313
0.20284
0.203213
0.193304
0.193314
0.19323
0.193073
0.192835
0.192468
0.191925
0.191202
0.189462
0.187859
0.184699
0.182746
0.18279
0.19048
0.190209
0.191119
0.194369
0.200614
0.203551
0.204555
0.205496
0.206473
0.20735
0.207711
0.203233
0.172422
0.169368
0.168435
0.168507
0.171143
0.171575
0.169061
0.165219
0.165744
0.163986
0.157772
0.156243
0.155614
0.215346
0.203136
0.199044
0.208217
0.216949
0.217336
0.216182
0.214918
0.16373
0.169377
0.171385
0.172665
0.17379
0.174708
0.173222
0.186524
0.190631
0.192391
0.192701
0.192878
0.193095
0.193219
0.196922
0.197335
0.197677
0.197934
0.198069
0.198081
0.197927
0.197529
0.195122
0.19286
0.186974
0.192202
0.195648
0.196691
0.197474
0.198351
0.199287
0.200232
0.201134
0.201936
0.202626
0.203169
0.203513
0.2036
0.202951
0.200502
0.190719
0.209105
0.212946
0.21417
0.170342
0.170426
0.16779
0.167962
0.163952
0.181311
0.153644
0.159382
0.216812
0.20113
0.199036
0.211601
0.213859
0.213843
0.212723
0.210645
0.168449
0.171855
0.173642
0.174355
0.17522
0.17533
0.17289
0.185645
0.189788
0.191702
0.193358
0.194686
0.195568
0.196359
0.20586
0.206284
0.206578
0.206756
0.206795
0.206681
0.20637
0.205845
0.203589
0.201274
0.185259
0.186498
0.18793
0.189588
0.191294
0.193061
0.194775
0.196402
0.197928
0.199302
0.200491
0.201419
0.201973
0.202101
0.201623
0.200204
0.197403
0.190741
0.20267
0.208529
0.210072
0.169768
0.171628
0.188526
0.176062
0.167631
0.153226
0.159198
0.213297
0.203106
0.203455
0.210312
0.208737
0.207727
0.206136
0.202763
0.17569
0.178396
0.179281
0.179396
0.178786
0.176259
0.172459
0.18813
0.195638
0.198943
0.201514
0.203206
0.204364
0.205256
0.211527
0.212696
0.213314
0.213532
0.213418
0.212975
0.21216
0.211055
0.207418
0.204387
0.180731
0.181937
0.183124
0.184573
0.186252
0.18812
0.190069
0.192037
0.193955
0.195728
0.197301
0.198567
0.199362
0.199619
0.199286
0.198208
0.196427
0.19372
0.183704
0.198343
0.203151
0.204271
0.177831
0.188485
0.174684
0.1635
0.154881
0.164784
0.207229
0.201318
0.202046
0.208507
0.201383
0.200645
0.198659
0.177589
0.182358
0.184072
0.184224
0.18334
0.180672
0.176008
0.172026
0.191454
0.202007
0.204667
0.206497
0.207533
0.208367
0.20985
0.21213
0.212298
0.212185
0.211817
0.211218
0.210337
0.209051
0.207457
0.202745
0.199022
0.178658
0.180696
0.18214
0.183571
0.185055
0.18662
0.188249
0.189926
0.191573
0.193077
0.194348
0.195296
0.195916
0.196282
0.196399
0.195966
0.194786
0.193013
0.190353
0.191118
0.198342
0.200883
0.199279
0.189234
0.174222
0.158879
0.156147
0.16855
0.178947
0.198698
0.19987
0.202656
0.196208
0.194215
0.179711
0.185277
0.186687
0.186977
0.185781
0.183195
0.179295
0.174444
0.171427
0.199077
0.204358
0.2059
0.206968
0.208691
0.210497
0.211594
0.210872
0.210686
0.210301
0.209714
0.208907
0.207788
0.206178
0.204316
0.199155
0.196414
0.178443
0.181051
0.182679
0.184175
0.185586
0.186939
0.188258
0.189556
0.190812
0.19199
0.193114
0.194146
0.195054
0.195758
0.196193
0.196154
0.19556
0.194413
0.192737
0.182449
0.198284
0.201552
0.201777
0.184534
0.172202
0.170039
0.154334
0.173167
0.173547
0.198032
0.200421
0.205963
0.194266
0.184123
0.18697
0.187647
0.187677
0.186803
0.184736
0.181829
0.17812
0.173276
0.17174
0.203306
0.205301
0.205865
0.207268
0.209135
0.210271
0.2108
0.210252
0.209971
0.209516
0.208843
0.207873
0.206511
0.204543
0.202255
0.19683
0.198278
0.179789
0.182832
0.184433
0.185904
0.187226
0.188363
0.189339
0.190204
0.191008
0.191809
0.192759
0.193891
0.195181
0.19638
0.197145
0.197265
0.196921
0.196307
0.195473
0.19431
0.200583
0.205376
0.206302
0.180931
0.170865
0.176148
0.173492
0.174264
0.190661
0.198915
0.203755
0.181909
0.185342
0.185888
0.186254
0.186416
0.186442
0.18609
0.184731
0.181978
0.177671
0.171996
0.201809
0.205633
0.206058
0.206188
0.207757
0.209472
0.210196
0.210391
0.208863
0.208765
0.208438
0.207848
0.206861
0.205345
0.203065
0.200163
0.193411
0.20646
0.182422
0.185598
0.186894
0.188122
0.189202
0.190064
0.190713
0.191171
0.191462
0.191676
0.192
0.192551
0.193409
0.194398
0.19517
0.195315
0.194882
0.194021
0.193144
0.188109
0.197851
0.204092
0.205946
0.179371
0.169867
0.186032
0.185224
0.185689
0.193617
0.200661
0.183689
0.18293
0.18207
0.181508
0.181602
0.181991
0.18238
0.182268
0.180707
0.177128
0.17381
0.192224
0.203889
0.205808
0.206006
0.205599
0.205769
0.206817
0.208238
0.208818
)
;
    }
    front
    {
        type            cyclic;
    }
    back
    {
        type            cyclic;
    }
}


// ************************************************************************* //
